inner_fold,seed,anchor_split,strategy,anchor_index,source_index,anchor_date,source_date,source_partition,source_before_anchor,endpoint_gap_rows,regime_agreement,coverage_distance,same_year
inner_2021,42,train,matched,5,0,2019-01-15,2019-01-08,inner_train,True,5.0,True,2.4894806201076367,True
inner_2021,42,train,matched,6,1,2019-01-16,2019-01-09,inner_train,True,5.0,True,1.4799201556559574,True
inner_2021,42,train,matched,7,0,2019-01-17,2019-01-08,inner_train,True,7.0,True,2.5231723595644837,True
inner_2021,42,train,matched,8,1,2019-01-18,2019-01-09,inner_train,True,7.0,True,1.0554068525770983,True
inner_2021,42,train,matched,9,3,2019-01-21,2019-01-11,inner_train,True,6.0,True,0.4726738578016141,True
inner_2021,42,train,matched,10,3,2019-01-22,2019-01-11,inner_train,True,7.0,True,0.5144553918165693,True
inner_2021,42,train,matched,11,6,2019-01-23,2019-01-16,inner_train,True,5.0,True,0.8261396348798575,True
inner_2021,42,train,matched,17,12,2019-01-31,2019-01-24,inner_train,True,5.0,True,0.7202063286739513,True
inner_2021,42,train,matched,18,13,2019-02-01,2019-01-25,inner_train,True,5.0,True,0.13235145148467398,True
inner_2021,42,train,matched,19,12,2019-02-04,2019-01-24,inner_train,True,7.0,True,0.5915889508518579,True
inner_2021,42,train,matched,20,13,2019-02-05,2019-01-25,inner_train,True,7.0,True,0.019048194970694432,True
inner_2021,42,train,matched,21,14,2019-02-06,2019-01-28,inner_train,True,7.0,True,0.07786218233604147,True
inner_2021,42,train,matched,22,16,2019-02-07,2019-01-30,inner_train,True,6.0,True,0.14660347419187492,True
inner_2021,42,train,matched,23,18,2019-02-08,2019-02-01,inner_train,True,5.0,True,0.364973746753428,True
inner_2021,42,train,matched,24,16,2019-02-11,2019-01-30,inner_train,True,8.0,True,0.18232155679395445,True
inner_2021,42,train,matched,25,12,2019-02-12,2019-01-24,inner_train,True,13.0,True,0.34217025773585075,True
inner_2021,42,train,matched,26,12,2019-02-13,2019-01-24,inner_train,True,14.0,True,0.3307415619122285,True
inner_2021,42,train,matched,27,17,2019-02-14,2019-01-31,inner_train,True,10.0,True,0.3429447511268302,True
inner_2021,42,train,matched,28,5,2019-02-15,2019-01-15,inner_train,True,23.0,True,0.2102401464783017,True
inner_2021,42,train,matched,29,8,2019-02-18,2019-01-18,inner_train,True,21.0,True,0.09880058474409337,True
inner_2021,42,train,matched,30,5,2019-02-20,2019-01-15,inner_train,True,25.0,True,0.40296041049315523,True
inner_2021,42,train,matched,31,6,2019-02-21,2019-01-16,inner_train,True,25.0,True,0.22000383130954226,True
inner_2021,42,train,matched,32,20,2019-02-22,2019-02-05,inner_train,True,12.0,True,0.1010961168713691,True
inner_2021,42,train,matched,33,24,2019-02-25,2019-02-11,inner_train,True,9.0,True,0.13613217432457958,True
inner_2021,42,train,matched,34,19,2019-02-26,2019-02-04,inner_train,True,15.0,True,0.13493293454981092,True
inner_2021,42,train,matched,35,14,2019-02-27,2019-01-28,inner_train,True,21.0,True,0.20284319251475091,True
inner_2021,42,train,matched,36,28,2019-02-28,2019-02-15,inner_train,True,8.0,True,0.5205991355929704,True
inner_2021,42,train,matched,37,31,2019-03-01,2019-02-21,inner_train,True,6.0,True,0.3356882303090041,True
inner_2021,42,train,matched,43,38,2019-03-11,2019-03-04,inner_train,True,5.0,True,0.38014730012387465,True
inner_2021,42,train,matched,44,39,2019-03-12,2019-03-05,inner_train,True,5.0,True,0.13758566295256314,True
inner_2021,42,train,matched,45,31,2019-03-13,2019-02-21,inner_train,True,14.0,True,0.20607073700561784,True
inner_2021,42,train,matched,46,7,2019-03-14,2019-01-17,inner_train,True,39.0,True,0.16987561073390278,True
inner_2021,42,train,matched,47,31,2019-03-15,2019-02-21,inner_train,True,16.0,True,0.14660347419187536,True
inner_2021,42,train,matched,48,7,2019-03-18,2019-01-17,inner_train,True,41.0,True,0.15906469462968698,True
inner_2021,42,train,matched,49,30,2019-03-19,2019-02-20,inner_train,True,19.0,True,0.17683978046926052,True
inner_2021,42,train,matched,50,30,2019-03-20,2019-02-20,inner_train,True,20.0,True,0.07598590697792229,True
inner_2021,42,train,matched,51,8,2019-03-21,2019-01-18,inner_train,True,43.0,True,0.15206951362343357,True
inner_2021,42,train,matched,52,12,2019-03-22,2019-01-24,inner_train,True,40.0,True,0.235185046351023,True
inner_2021,42,train,matched,53,10,2019-03-25,2019-01-22,inner_train,True,43.0,True,0.03390155167568132,True
inner_2021,42,train,matched,54,47,2019-03-26,2019-03-15,inner_train,True,7.0,True,0.2596456402284977,True
inner_2021,42,train,matched,55,6,2019-03-27,2019-01-16,inner_train,True,49.0,True,0.09105873094696681,True
inner_2021,42,train,matched,56,37,2019-03-28,2019-03-01,inner_train,True,19.0,True,0.15760491469534532,True
inner_2021,42,train,matched,57,45,2019-03-29,2019-03-13,inner_train,True,12.0,True,0.3530971225908486,True
inner_2021,42,train,matched,58,14,2019-04-01,2019-01-28,inner_train,True,44.0,True,0.029852963149681333,True
inner_2021,42,train,matched,59,35,2019-04-02,2019-02-27,inner_train,True,24.0,True,0.15724187239693066,True
inner_2021,42,train,matched,60,21,2019-04-03,2019-02-06,inner_train,True,39.0,True,0.09396104208402667,True
inner_2021,42,train,matched,61,20,2019-04-04,2019-02-05,inner_train,True,41.0,True,0.10673319946979865,True
inner_2021,42,train,matched,62,8,2019-04-05,2019-01-18,inner_train,True,54.0,True,0.15236336925316252,True
inner_2021,42,train,matched,63,23,2019-04-09,2019-02-08,inner_train,True,40.0,True,0.2972515234679314,True
inner_2021,42,train,matched,64,26,2019-04-10,2019-02-13,inner_train,True,38.0,True,0.5538851132264382,True
inner_2021,42,train,matched,65,23,2019-04-11,2019-02-08,inner_train,True,42.0,True,0.6286086594223739,True
inner_2021,42,train,matched,66,25,2019-04-12,2019-02-12,inner_train,True,41.0,True,0.5151640253645886,True
inner_2021,42,train,matched,67,25,2019-04-17,2019-02-12,inner_train,True,42.0,True,0.39738098970820523,True
inner_2021,42,train,matched,68,26,2019-04-18,2019-02-13,inner_train,True,42.0,True,0.35855331969646853,True
inner_2021,42,train,matched,69,61,2019-04-19,2019-04-04,inner_train,True,8.0,True,0.07410797215372167,True
inner_2021,42,train,matched,70,23,2019-04-22,2019-02-08,inner_train,True,47.0,True,0.28464716875662655,True
inner_2021,42,train,matched,71,64,2019-04-23,2019-04-10,inner_train,True,7.0,True,0.3646431135879098,True
inner_2021,42,train,matched,72,13,2019-04-24,2019-01-25,inner_train,True,59.0,True,0.24219174628490414,True
inner_2021,42,train,matched,73,61,2019-04-25,2019-04-04,inner_train,True,12.0,True,0.09280010516587422,True
inner_2021,42,train,matched,74,20,2019-04-26,2019-02-05,inner_train,True,54.0,True,0.10536051565782634,True
inner_2021,42,train,matched,75,56,2019-04-29,2019-03-28,inner_train,True,19.0,True,0.07801636452830385,True
inner_2021,42,train,matched,76,14,2019-04-30,2019-01-28,inner_train,True,62.0,True,0.1451820098444978,True
inner_2021,42,train,matched,77,14,2019-05-02,2019-01-28,inner_train,True,63.0,True,0.19782574332991976,True
inner_2021,42,train,matched,78,21,2019-05-03,2019-02-06,inner_train,True,57.0,True,0.28900713438148884,True
inner_2021,42,train,matched,79,37,2019-05-07,2019-03-01,inner_train,True,42.0,True,0.2775468505577381,True
inner_2021,42,train,matched,80,37,2019-05-08,2019-03-01,inner_train,True,43.0,True,0.09352605801082392,True
inner_2021,42,train,matched,81,38,2019-05-09,2019-03-04,inner_train,True,43.0,True,0.16537199848018158,True
inner_2021,42,train,matched,82,39,2019-05-10,2019-03-05,inner_train,True,43.0,True,0.5859330962527958,True
inner_2021,42,train,matched,83,42,2019-05-13,2019-03-08,inner_train,True,41.0,True,0.9330316447550451,True
inner_2021,42,train,matched,84,44,2019-05-14,2019-03-12,inner_train,True,40.0,True,1.4680324633786723,True
inner_2021,42,train,matched,85,42,2019-05-15,2019-03-08,inner_train,True,43.0,True,1.5879576124947934,True
inner_2021,42,train,matched,86,38,2019-05-16,2019-03-04,inner_train,True,48.0,True,1.9568392195875042,True
inner_2021,42,train,matched,87,42,2019-05-17,2019-03-08,inner_train,True,45.0,True,1.7522606637860698,True
inner_2021,42,train,matched,88,42,2019-05-21,2019-03-08,inner_train,True,46.0,True,1.4901890562148892,True
inner_2021,42,train,matched,89,84,2019-05-22,2019-05-14,inner_train,True,5.0,True,0.19308052619547578,True
inner_2021,42,train,matched,90,84,2019-05-23,2019-05-14,inner_train,True,6.0,True,0.4214017003709767,True
inner_2021,42,train,matched,91,81,2019-05-24,2019-05-09,inner_train,True,10.0,True,0.12251359488407587,True
inner_2021,42,train,matched,92,42,2019-05-27,2019-03-08,inner_train,True,50.0,True,0.3253501069229392,True
inner_2021,42,train,matched,93,43,2019-05-28,2019-03-11,inner_train,True,50.0,True,0.25869453557852884,True
inner_2021,42,train,matched,94,41,2019-05-29,2019-03-07,inner_train,True,53.0,True,0.38077249551779246,True
inner_2021,42,train,matched,95,43,2019-05-30,2019-03-11,inner_train,True,52.0,True,0.3320178862718328,True
inner_2021,42,train,matched,96,41,2019-05-31,2019-03-07,inner_train,True,55.0,True,0.3442148997839949,True
inner_2021,42,train,matched,97,6,2019-06-04,2019-01-16,inner_train,True,91.0,True,0.12726177961092766,True
inner_2021,42,train,matched,98,37,2019-06-05,2019-03-01,inner_train,True,61.0,True,0.13434805253107873,True
inner_2021,42,train,matched,99,13,2019-06-06,2019-01-25,inner_train,True,86.0,True,0.09531017980432477,True
inner_2021,42,train,matched,100,25,2019-06-07,2019-02-12,inner_train,True,75.0,True,0.022989518224698635,True
inner_2021,42,train,matched,101,32,2019-06-10,2019-02-22,inner_train,True,69.0,True,0.09985951946747873,True
inner_2021,42,train,matched,102,63,2019-06-11,2019-04-09,inner_train,True,39.0,True,0.1208647021937912,True
inner_2021,42,train,matched,103,67,2019-06-12,2019-04-17,inner_train,True,36.0,True,0.2267733193647885,True
inner_2021,42,train,matched,104,68,2019-06-13,2019-04-18,inner_train,True,36.0,True,0.04445176257083361,True
inner_2021,42,train,matched,105,52,2019-06-14,2019-03-22,inner_train,True,53.0,True,0.08536837697210142,True
inner_2021,42,train,matched,106,63,2019-06-17,2019-04-09,inner_train,True,43.0,True,0.2291455699992082,True
inner_2021,42,train,matched,107,74,2019-06-18,2019-04-26,inner_train,True,33.0,True,0.15700374880966494,True
inner_2021,42,train,matched,108,74,2019-06-19,2019-04-26,inner_train,True,34.0,True,0.03774032798284699,True
inner_2021,42,train,matched,109,72,2019-06-20,2019-04-24,inner_train,True,37.0,True,0.09909090264423082,True
inner_2021,42,train,matched,110,61,2019-06-21,2019-04-04,inner_train,True,49.0,True,0.13126638599367046,True
inner_2021,42,train,matched,111,13,2019-06-24,2019-01-25,inner_train,True,98.0,True,0.07094282335603053,True
inner_2021,42,train,matched,112,73,2019-06-25,2019-04-25,inner_train,True,39.0,True,0.11114924383407088,True
inner_2021,42,train,matched,113,106,2019-06-26,2019-06-17,inner_train,True,7.0,True,0.1044350181368836,True
inner_2021,42,train,matched,114,69,2019-06-27,2019-04-19,inner_train,True,45.0,True,0.05541583914156911,True
inner_2021,42,train,matched,115,74,2019-06-28,2019-04-26,inner_train,True,41.0,True,0.09579106464167575,True
inner_2021,42,train,matched,116,25,2019-07-01,2019-02-12,inner_train,True,91.0,True,0.13631820353170188,True
inner_2021,42,train,matched,117,52,2019-07-02,2019-03-22,inner_train,True,65.0,True,0.06243294057321869,True
inner_2021,42,train,matched,118,12,2019-07-03,2019-01-24,inner_train,True,106.0,True,0.13353139262452274,True
inner_2021,42,train,matched,119,66,2019-07-04,2019-04-12,inner_train,True,53.0,True,0.0,True
inner_2021,42,train,matched,120,102,2019-07-05,2019-06-11,inner_train,True,18.0,True,0.1278333715098845,True
inner_2021,42,train,matched,121,63,2019-07-08,2019-04-09,inner_train,True,58.0,True,0.04082199452025481,True
inner_2021,42,train,matched,122,105,2019-07-09,2019-06-14,inner_train,True,17.0,True,0.09763846956391609,True
inner_2021,42,train,matched,123,100,2019-07-10,2019-06-07,inner_train,True,23.0,True,0.06744128079553269,True
inner_2021,42,train,matched,124,118,2019-07-11,2019-07-03,inner_train,True,6.0,True,0.09531017980432477,True
inner_2021,42,train,matched,125,100,2019-07-12,2019-06-07,inner_train,True,25.0,True,0.10380892496640737,True
inner_2021,42,train,matched,126,23,2019-07-15,2019-02-08,inner_train,True,103.0,True,0.09608687887249712,True
inner_2021,42,train,matched,127,7,2019-07-17,2019-01-17,inner_train,True,120.0,True,0.1663577058049408,True
inner_2021,42,train,matched,128,97,2019-07-18,2019-06-04,inner_train,True,31.0,True,0.13237688027769767,True
inner_2021,42,train,matched,129,56,2019-07-19,2019-03-28,inner_train,True,73.0,True,0.15906469462968742,True
inner_2021,42,train,matched,130,6,2019-07-22,2019-01-16,inner_train,True,124.0,True,0.08784960000601849,True
inner_2021,42,train,matched,131,98,2019-07-23,2019-06-05,inner_train,True,33.0,True,0.11332868530700324,True
inner_2021,42,train,matched,132,80,2019-07-24,2019-05-08,inner_train,True,52.0,True,0.11450971031141366,True
inner_2021,42,train,matched,133,36,2019-07-25,2019-02-28,inner_train,True,97.0,True,0.08654528516110327,True
inner_2021,42,train,matched,134,79,2019-07-26,2019-05-07,inner_train,True,55.0,True,0.016260520871780315,True
inner_2021,42,train,matched,135,91,2019-07-30,2019-05-24,inner_train,True,44.0,True,0.0,True
inner_2021,42,train,matched,136,44,2019-07-31,2019-03-12,inner_train,True,92.0,True,0.0816780310142673,True
inner_2021,42,train,matched,137,41,2019-08-01,2019-03-07,inner_train,True,96.0,True,0.3207429347126691,True
inner_2021,42,train,matched,138,93,2019-08-02,2019-05-28,inner_train,True,45.0,True,0.29423947299794007,True
inner_2021,42,train,matched,139,44,2019-08-05,2019-03-12,inner_train,True,95.0,True,0.28279208715758886,True
inner_2021,42,train,matched,140,44,2019-08-06,2019-03-12,inner_train,True,96.0,True,0.2586945355785284,True
inner_2021,42,train,matched,141,136,2019-08-07,2019-07-31,inner_train,True,5.0,True,0.2597082204093746,True
inner_2021,42,train,matched,142,44,2019-08-08,2019-03-12,inner_train,True,98.0,True,0.18970166409157718,True
inner_2021,42,train,matched,143,41,2019-08-09,2019-03-07,inner_train,True,102.0,True,0.07061756721395307,True
inner_2021,42,train,matched,144,136,2019-08-13,2019-07-31,inner_train,True,8.0,True,0.052277863887717047,True
inner_2021,42,train,matched,145,42,2019-08-14,2019-03-08,inner_train,True,103.0,True,0.4270769512236514,True
inner_2021,42,train,matched,146,82,2019-08-15,2019-05-10,inner_train,True,64.0,True,0.3763926851943711,True
inner_2021,42,train,matched,147,84,2019-08-16,2019-05-14,inner_train,True,63.0,True,0.2541821322475055,True
inner_2021,42,train,matched,148,89,2019-08-19,2019-05-22,inner_train,True,59.0,True,0.3016928095213798,True
inner_2021,42,train,matched,149,82,2019-08-20,2019-05-10,inner_train,True,67.0,True,0.2587422808099835,True
inner_2021,42,train,matched,150,82,2019-08-21,2019-05-10,inner_train,True,68.0,True,0.035657164567275856,True
inner_2021,42,train,matched,151,135,2019-08-22,2019-07-30,inner_train,True,16.0,True,0.06535518104412708,True
inner_2021,42,train,matched,152,43,2019-08-23,2019-03-11,inner_train,True,109.0,True,0.1371092139724066,True
inner_2021,42,train,matched,153,138,2019-08-26,2019-08-02,inner_train,True,15.0,True,0.5254012665412722,True
inner_2021,42,train,matched,154,96,2019-08-27,2019-05-31,inner_train,True,58.0,True,0.6838704696884546,True
inner_2021,42,train,matched,155,94,2019-08-28,2019-05-29,inner_train,True,61.0,True,0.7254224004346281,True
inner_2021,42,train,matched,156,96,2019-08-29,2019-05-31,inner_train,True,60.0,True,0.5885602898841293,True
inner_2021,42,train,matched,157,9,2019-08-30,2019-01-21,inner_train,True,148.0,True,0.8752746395016713,True
inner_2021,42,train,matched,158,2,2019-09-02,2019-01-10,inner_train,True,156.0,True,0.22870942839165487,True
inner_2021,42,train,matched,159,127,2019-09-03,2019-07-17,inner_train,True,32.0,True,0.03774032798284699,True
inner_2021,42,train,matched,160,61,2019-09-04,2019-04-04,inner_train,True,99.0,True,0.018692133012152556,True
inner_2021,42,train,matched,161,24,2019-09-05,2019-02-11,inner_train,True,137.0,True,0.06899287148695166,True
inner_2021,42,train,matched,162,21,2019-09-06,2019-02-06,inner_train,True,141.0,True,0.12570974039860694,True
inner_2021,42,train,matched,163,112,2019-09-09,2019-06-25,inner_train,True,51.0,True,0.15489251962389083,True
inner_2021,42,train,matched,164,112,2019-09-10,2019-06-25,inner_train,True,52.0,True,0.07208572677295377,True
inner_2021,42,train,matched,165,107,2019-09-11,2019-06-18,inner_train,True,58.0,True,0.06236224171497584,True
inner_2021,42,train,matched,166,109,2019-09-12,2019-06-20,inner_train,True,57.0,True,0.12260232209233246,True
inner_2021,42,train,matched,167,72,2019-09-13,2019-04-24,inner_train,True,95.0,True,0.019048194970694432,True
inner_2021,42,train,matched,168,158,2019-09-16,2019-09-02,inner_train,True,10.0,True,0.32634789795557095,True
inner_2021,42,train,matched,169,62,2019-09-17,2019-04-05,inner_train,True,107.0,True,0.279960026357871,True
inner_2021,42,train,matched,170,54,2019-09-18,2019-03-26,inner_train,True,116.0,True,0.3995999886557664,True
inner_2021,42,train,matched,171,1,2019-09-19,2019-01-09,inner_train,True,170.0,True,0.6079893722196386,True
inner_2021,42,train,matched,172,156,2019-09-20,2019-08-29,inner_train,True,16.0,True,0.5953248874661003,True
inner_2021,42,train,matched,173,155,2019-09-23,2019-08-28,inner_train,True,18.0,True,0.279960026357871,True
inner_2021,42,train,matched,174,156,2019-09-24,2019-08-29,inner_train,True,18.0,True,0.14933957673084786,True
inner_2021,42,train,matched,175,92,2019-09-25,2019-05-27,inner_train,True,83.0,True,0.4531098253139487,True
inner_2021,42,train,matched,176,91,2019-09-26,2019-05-24,inner_train,True,85.0,True,0.3496651384413041,True
inner_2021,42,train,matched,177,79,2019-09-27,2019-05-07,inner_train,True,98.0,True,0.15847851996076923,True
inner_2021,42,train,matched,178,133,2019-09-30,2019-07-25,inner_train,True,45.0,True,0.14909590916563387,True
inner_2021,42,train,matched,179,42,2019-10-01,2019-03-08,inner_train,True,137.0,True,0.27343004974457896,True
inner_2021,42,train,matched,180,151,2019-10-02,2019-08-22,inner_train,True,29.0,True,0.27329333499968156,True
inner_2021,42,train,matched,181,44,2019-10-03,2019-03-12,inner_train,True,137.0,True,0.12169693497751988,True
inner_2021,42,train,matched,182,94,2019-10-04,2019-05-29,inner_train,True,88.0,True,0.11778303565638337,True
inner_2021,42,train,matched,183,141,2019-10-07,2019-08-07,inner_train,True,42.0,True,0.18151995354461814,True
inner_2021,42,train,matched,184,141,2019-10-08,2019-08-07,inner_train,True,43.0,True,0.13451709994928196,True
inner_2021,42,train,matched,185,138,2019-10-09,2019-08-02,inner_train,True,47.0,True,0.1281751934239974,True
inner_2021,42,train,matched,186,137,2019-10-10,2019-08-01,inner_train,True,49.0,True,0.1704870991469516,True
inner_2021,42,train,matched,187,182,2019-10-11,2019-10-04,inner_train,True,5.0,True,0.058840500022933284,True
inner_2021,42,train,matched,188,31,2019-10-15,2019-02-21,inner_train,True,157.0,True,0.04445176257083405,True
inner_2021,42,train,matched,189,159,2019-10-16,2019-09-03,inner_train,True,30.0,True,0.05942342047080107,True
inner_2021,42,train,matched,190,2,2019-10-17,2019-01-10,inner_train,True,188.0,True,0.13976194237515882,True
inner_2021,42,train,matched,191,62,2019-10-18,2019-04-05,inner_train,True,129.0,True,0.11000089521432876,True
inner_2021,42,train,matched,192,127,2019-10-21,2019-07-17,inner_train,True,65.0,True,0.07696104113612856,True
inner_2021,42,train,matched,193,169,2019-10-22,2019-09-17,inner_train,True,24.0,True,0.09880058474409381,True
inner_2021,42,train,matched,194,9,2019-10-24,2019-01-21,inner_train,True,185.0,True,0.2231435513142097,True
inner_2021,42,train,matched,195,168,2019-10-25,2019-09-16,inner_train,True,27.0,True,0.0747656505726928,True
inner_2021,42,train,matched,196,138,2019-10-28,2019-08-02,inner_train,True,58.0,True,0.4775508348811184,True
inner_2021,42,train,matched,197,137,2019-10-29,2019-08-01,inner_train,True,60.0,True,0.44839015282519856,True
inner_2021,42,train,matched,198,96,2019-10-30,2019-05-31,inner_train,True,102.0,True,0.23508030551902248,True
inner_2021,42,train,matched,199,130,2019-10-31,2019-07-22,inner_train,True,69.0,True,0.03509131981126945,True
inner_2021,42,train,matched,200,57,2019-11-01,2019-03-29,inner_train,True,143.0,True,0.11658757825160926,True
inner_2021,42,train,matched,201,57,2019-11-04,2019-03-29,inner_train,True,144.0,True,0.3680349057286709,True
inner_2021,42,train,matched,202,36,2019-11-05,2019-02-28,inner_train,True,166.0,True,0.26216020365666237,True
inner_2021,42,train,matched,203,36,2019-11-06,2019-02-28,inner_train,True,167.0,True,0.35932395211030954,True
inner_2021,42,train,matched,204,76,2019-11-07,2019-04-30,inner_train,True,128.0,True,0.07878087785311383,True
inner_2021,42,train,matched,205,22,2019-11-08,2019-02-07,inner_train,True,183.0,True,0.0765400771223339,True
inner_2021,42,train,matched,206,77,2019-11-11,2019-05-02,inner_train,True,129.0,True,0.17922215205466774,True
inner_2021,42,train,matched,207,200,2019-11-12,2019-11-01,inner_train,True,7.0,True,0.2336148511815055,True
inner_2021,42,train,matched,208,200,2019-11-13,2019-11-01,inner_train,True,8.0,True,0.6238124871588813,True
inner_2021,42,train,matched,209,200,2019-11-14,2019-11-01,inner_train,True,9.0,True,0.9712137943122849,True
inner_2021,42,train,matched,210,200,2019-11-15,2019-11-01,inner_train,True,10.0,True,1.2142073337410784,True
inner_2021,42,train,matched,211,201,2019-11-18,2019-11-04,inner_train,True,10.0,True,0.9407337387268373,True
inner_2021,42,train,matched,212,200,2019-11-19,2019-11-01,inner_train,True,12.0,True,1.085367061918089,True
inner_2021,42,train,matched,213,208,2019-11-20,2019-11-13,inner_train,True,5.0,True,0.10689779497671292,True
inner_2021,42,train,matched,214,203,2019-11-21,2019-11-06,inner_train,True,11.0,True,0.24149268998240636,True
inner_2021,42,train,matched,215,207,2019-11-22,2019-11-12,inner_train,True,8.0,True,0.08701137698963013,True
inner_2021,42,train,matched,216,79,2019-11-25,2019-05-07,inner_train,True,137.0,True,0.054067221270275745,True
inner_2021,42,train,matched,217,98,2019-11-26,2019-06-05,inner_train,True,119.0,True,0.08686112531779733,True
inner_2021,42,train,matched,218,7,2019-11-27,2019-01-17,inner_train,True,211.0,True,0.054509405668372146,True
inner_2021,42,train,matched,219,8,2019-11-28,2019-01-18,inner_train,True,211.0,True,0.15236336925316252,True
inner_2021,42,train,matched,220,169,2019-11-29,2019-09-17,inner_train,True,51.0,True,0.0747656505726928,True
inner_2021,42,train,matched,221,198,2019-12-02,2019-10-30,inner_train,True,23.0,True,0.2267733193647885,True
inner_2021,42,train,matched,222,185,2019-12-03,2019-10-09,inner_train,True,37.0,True,0.19522496162986247,True
inner_2021,42,train,matched,223,184,2019-12-04,2019-10-08,inner_train,True,39.0,True,0.06519619955654221,True
inner_2021,42,train,matched,224,94,2019-12-06,2019-05-29,inner_train,True,130.0,True,0.08004270767353638,True
inner_2021,42,train,matched,225,185,2019-12-09,2019-10-09,inner_train,True,40.0,True,0.20264502976586884,True
inner_2021,42,train,matched,226,198,2019-12-11,2019-10-30,inner_train,True,28.0,True,0.11155248590574729,True
inner_2021,42,train,matched,227,94,2019-12-12,2019-05-29,inner_train,True,133.0,True,0.18540322333136272,True
inner_2021,42,train,matched,228,94,2019-12-13,2019-05-29,inner_train,True,134.0,True,0.20252426411147395,True
inner_2021,42,train,matched,229,196,2019-12-16,2019-10-28,inner_train,True,33.0,True,0.1898687624293376,True
inner_2021,42,train,matched,230,225,2019-12-17,2019-12-09,inner_train,True,5.0,True,0.11666758657251819,True
inner_2021,42,train,matched,231,152,2019-12-18,2019-08-23,inner_train,True,79.0,True,0.10975086395911937,True
inner_2021,42,train,matched,232,48,2019-12-19,2019-03-18,inner_train,True,184.0,True,0.07257069283483508,True
inner_2021,42,train,matched,233,80,2019-12-20,2019-05-08,inner_train,True,153.0,True,0.04668711397265257,True
inner_2021,42,train,matched,234,56,2019-12-23,2019-03-28,inner_train,True,178.0,True,0.04694739650898194,True
inner_2021,42,train,matched,235,177,2019-12-24,2019-09-27,inner_train,True,58.0,True,0.02898753687325195,True
inner_2021,42,train,matched,236,189,2019-12-25,2019-10-16,inner_train,True,47.0,True,0.057943035300366486,True
inner_2021,42,train,matched,237,75,2019-12-26,2019-04-29,inner_train,True,162.0,True,0.11583181552512123,True
inner_2021,42,train,matched,238,199,2019-12-27,2019-10-31,inner_train,True,39.0,True,0.03390155167568132,True
inner_2021,42,train,matched,239,199,2019-12-30,2019-10-31,inner_train,True,40.0,True,0.05310982531394792,True
inner_2021,42,train,matched,240,217,2020-01-02,2019-11-26,inner_train,True,23.0,True,0.08358671610826551,False
inner_2021,42,train,matched,241,6,2020-01-03,2019-01-16,inner_train,True,235.0,True,0.03846628082779624,False
inner_2021,42,train,matched,242,191,2020-01-06,2019-10-18,inner_train,True,51.0,True,0.08701137698963013,False
inner_2021,42,train,matched,243,220,2020-01-07,2019-11-29,inner_train,True,23.0,True,0.07249550203815369,False
inner_2021,42,train,matched,244,158,2020-01-08,2019-09-02,inner_train,True,86.0,True,0.13150710043529212,False
inner_2021,42,train,matched,245,194,2020-01-09,2019-10-24,inner_train,True,51.0,True,0.15246859364427356,False
inner_2021,42,train,matched,246,10,2020-01-10,2019-01-22,inner_train,True,236.0,True,0.15415067982725805,False
inner_2021,42,train,matched,247,9,2020-01-13,2019-01-21,inner_train,True,238.0,True,0.06980953139350676,False
inner_2021,42,train,matched,248,54,2020-01-14,2019-03-26,inner_train,True,194.0,True,0.14054002277899924,False
inner_2021,42,train,matched,249,240,2020-01-15,2020-01-02,inner_train,True,9.0,True,0.5724334331554815,True
inner_2021,42,train,matched,250,243,2020-01-16,2020-01-07,inner_train,True,7.0,True,0.025317807984289953,True
inner_2021,42,train,matched,251,244,2020-01-17,2020-01-08,inner_train,True,7.0,True,0.23116986218843882,True
inner_2021,42,train,matched,252,246,2020-01-20,2020-01-10,inner_train,True,6.0,True,0.1465416293605375,True
inner_2021,42,train,matched,253,242,2020-01-21,2020-01-06,inner_train,True,11.0,True,0.2041489598384758,True
inner_2021,42,train,matched,254,243,2020-01-22,2020-01-07,inner_train,True,11.0,True,0.2266461818654122,True
inner_2021,42,train,matched,255,244,2020-01-23,2020-01-08,inner_train,True,11.0,True,0.15445265778516237,True
inner_2021,42,train,matched,256,244,2020-01-24,2020-01-08,inner_train,True,12.0,True,0.22778393087071214,True
inner_2021,42,train,matched,257,226,2020-01-27,2019-12-11,inner_train,True,31.0,True,0.22488117121275097,False
inner_2021,42,train,matched,258,95,2020-01-28,2019-05-30,inner_train,True,163.0,True,0.06102470183777431,False
inner_2021,42,train,matched,259,93,2020-01-29,2019-05-28,inner_train,True,166.0,True,0.23662690165149636,False
inner_2021,42,train,matched,260,95,2020-01-30,2019-05-30,inner_train,True,165.0,True,0.04082199452025481,False
inner_2021,42,train,matched,261,228,2020-01-31,2019-12-13,inner_train,True,33.0,True,0.15899799906158307,False
inner_2021,42,train,matched,262,94,2020-02-03,2019-05-29,inner_train,True,168.0,True,0.1445812288111079,False
inner_2021,42,train,matched,263,92,2020-02-04,2019-05-27,inner_train,True,171.0,True,0.07018263962253979,False
inner_2021,42,train,matched,264,91,2020-02-05,2019-05-24,inner_train,True,173.0,True,0.14286272005340672,False
inner_2021,42,train,matched,265,93,2020-02-06,2019-05-28,inner_train,True,172.0,True,0.16498502199296805,False
inner_2021,42,train,matched,266,260,2020-02-07,2020-01-30,inner_train,True,6.0,True,0.4563047848875734,True
inner_2021,42,train,matched,267,259,2020-02-11,2020-01-29,inner_train,True,8.0,True,0.13864649329129275,True
inner_2021,42,train,matched,268,263,2020-02-12,2020-02-04,inner_train,True,5.0,True,0.24265636553779224,True
inner_2021,42,train,matched,269,258,2020-02-13,2020-01-28,inner_train,True,11.0,True,0.11332868530700368,True
inner_2021,42,train,matched,270,265,2020-02-14,2020-02-06,inner_train,True,5.0,True,0.05310982531394792,True
inner_2021,42,train,matched,271,264,2020-02-17,2020-02-05,inner_train,True,7.0,True,0.28680449451042156,True
inner_2021,42,train,matched,272,266,2020-02-18,2020-02-07,inner_train,True,6.0,True,0.6038005884710782,True
inner_2021,42,train,matched,273,260,2020-02-19,2020-01-30,inner_train,True,13.0,True,0.530620182417064,True
inner_2021,42,train,matched,274,262,2020-02-20,2020-02-03,inner_train,True,12.0,True,0.5570037488096649,True
inner_2021,42,train,matched,275,266,2020-02-21,2020-02-07,inner_train,True,9.0,True,0.5301887711278321,True
inner_2021,42,train,matched,276,261,2020-02-24,2020-01-31,inner_train,True,15.0,True,0.6310377181512457,True
inner_2021,42,train,matched,277,258,2020-02-25,2020-01-28,inner_train,True,19.0,True,0.2231435513142097,True
inner_2021,42,train,matched,278,271,2020-02-26,2020-02-17,inner_train,True,7.0,True,0.22721239730817588,True
inner_2021,42,train,matched,279,264,2020-02-27,2020-02-05,inner_train,True,15.0,True,0.25508091107638275,True
inner_2021,42,train,matched,280,274,2020-02-28,2020-02-20,inner_train,True,6.0,True,0.3011050927839216,True
inner_2021,42,train,matched,281,260,2020-03-02,2020-01-30,inner_train,True,21.0,True,0.8062817680147196,True
inner_2021,42,train,matched,282,275,2020-03-03,2020-02-21,inner_train,True,7.0,True,0.5281112600530165,True
inner_2021,42,train,matched,283,274,2020-03-04,2020-02-20,inner_train,True,9.0,True,0.7765287894989963,True
inner_2021,42,train,matched,284,274,2020-03-05,2020-02-20,inner_train,True,10.0,True,1.1279266763368851,True
inner_2021,42,train,matched,285,260,2020-03-06,2020-01-30,inner_train,True,25.0,True,0.720735137078774,True
inner_2021,42,train,matched,286,260,2020-03-09,2020-01-30,inner_train,True,26.0,True,0.5438674309672833,True
inner_2021,42,train,matched,287,277,2020-03-10,2020-02-25,inner_train,True,10.0,True,0.3690974639372895,True
inner_2021,42,train,matched,288,260,2020-03-11,2020-01-30,inner_train,True,28.0,True,0.38834406732805293,True
inner_2021,42,train,matched,289,277,2020-03-12,2020-02-25,inner_train,True,12.0,True,0.14310084364067333,True
inner_2021,42,train,matched,290,278,2020-03-13,2020-02-26,inner_train,True,12.0,True,0.17803324410317867,True
inner_2021,42,train,matched,291,263,2020-03-16,2020-02-04,inner_train,True,28.0,True,0.235762015273421,True
inner_2021,42,train,matched,292,279,2020-03-17,2020-02-27,inner_train,True,13.0,True,0.25943355271941027,True
inner_2021,42,train,matched,293,264,2020-03-18,2020-02-05,inner_train,True,29.0,True,0.29165145673928006,True
inner_2021,42,train,matched,294,278,2020-03-19,2020-02-26,inner_train,True,16.0,True,0.2524957633267375,True
inner_2021,42,train,matched,295,287,2020-03-20,2020-03-10,inner_train,True,8.0,True,0.18825629231376917,True
inner_2021,42,train,matched,296,287,2020-03-23,2020-03-10,inner_train,True,9.0,True,0.13217177310848305,True
inner_2021,42,train,matched,297,285,2020-03-24,2020-03-06,inner_train,True,12.0,True,0.1843438021747228,True
inner_2021,42,train,matched,298,284,2020-03-25,2020-03-05,inner_train,True,14.0,True,0.6144098713454551,True
inner_2021,42,train,matched,299,281,2020-03-26,2020-03-02,inner_train,True,18.0,True,1.6212723700811034,True
inner_2021,42,train,matched,300,285,2020-03-27,2020-03-06,inner_train,True,15.0,True,1.4020314606623296,True
inner_2021,42,train,matched,301,281,2020-03-30,2020-03-02,inner_train,True,20.0,True,1.2729656758128876,True
inner_2021,42,train,matched,302,297,2020-03-31,2020-03-24,inner_train,True,5.0,True,0.5177830356563833,True
inner_2021,42,train,matched,303,280,2020-04-01,2020-02-28,inner_train,True,23.0,True,0.4390560525442,True
inner_2021,42,train,matched,304,286,2020-04-02,2020-03-09,inner_train,True,18.0,True,0.13208358579858004,True
inner_2021,42,train,matched,305,294,2020-04-03,2020-03-19,inner_train,True,11.0,True,0.21411062897050215,True
inner_2021,42,train,matched,306,256,2020-04-07,2020-01-24,inner_train,True,50.0,True,0.3959863641536203,True
inner_2021,42,train,matched,307,256,2020-04-08,2020-01-24,inner_train,True,51.0,True,0.41561747957218254,True
inner_2021,42,train,matched,308,244,2020-04-09,2020-01-08,inner_train,True,64.0,True,0.5479197481722311,True
inner_2021,42,train,matched,309,33,2020-04-10,2019-02-25,inner_train,True,276.0,True,0.09047758496611591,False
inner_2021,42,train,matched,310,20,2020-04-13,2019-02-05,inner_train,True,290.0,True,0.09221324329379188,False
inner_2021,42,train,matched,311,27,2020-04-14,2019-02-14,inner_train,True,284.0,True,0.09531017980432477,False
inner_2021,42,train,matched,312,32,2020-04-15,2019-02-22,inner_train,True,280.0,True,0.08604472635853444,False
inner_2021,42,train,matched,313,307,2020-04-16,2020-04-08,inner_train,True,6.0,True,0.09531017980432477,True
inner_2021,42,train,matched,314,241,2020-04-17,2020-01-03,inner_train,True,73.0,True,0.22477887465494062,True
inner_2021,42,train,matched,315,124,2020-04-20,2019-07-11,inner_train,True,191.0,True,0.08734201015514742,False
inner_2021,42,train,matched,316,125,2020-04-21,2019-07-12,inner_train,True,191.0,True,0.04445176257083405,False
inner_2021,42,train,matched,317,121,2020-04-22,2019-07-08,inner_train,True,196.0,True,0.0,False
inner_2021,42,train,matched,318,65,2020-04-23,2019-04-11,inner_train,True,253.0,True,0.6336148511815054,False
inner_2021,42,train,matched,319,103,2020-04-24,2019-06-12,inner_train,True,216.0,True,0.5260818384710788,False
inner_2021,42,train,matched,320,315,2020-04-27,2020-04-20,inner_train,True,5.0,True,0.6538687080860028,True
inner_2021,42,train,matched,321,310,2020-04-28,2020-04-13,inner_train,True,11.0,True,0.964234733791717,True
inner_2021,42,train,matched,322,311,2020-04-29,2020-04-14,inner_train,True,11.0,True,0.6946025152963546,True
inner_2021,42,train,matched,323,310,2020-04-30,2020-04-13,inner_train,True,13.0,True,0.020619287202735315,True
inner_2021,42,train,matched,324,309,2020-05-05,2020-04-10,inner_train,True,15.0,True,0.0698582977633806,True
inner_2021,42,train,matched,325,241,2020-05-07,2020-01-03,inner_train,True,84.0,True,0.14621655215183837,True
inner_2021,42,train,matched,326,241,2020-05-08,2020-01-03,inner_train,True,85.0,True,0.1251631429540061,True
inner_2021,42,train,matched,327,306,2020-05-11,2020-04-07,inner_train,True,21.0,True,0.05505977718302768,True
inner_2021,42,train,matched,328,240,2020-05-12,2020-01-02,inner_train,True,88.0,True,0.26478030816509657,True
inner_2021,42,train,matched,329,240,2020-05-13,2020-01-02,inner_train,True,89.0,True,0.4266233336155101,True
inner_2021,42,train,matched,330,306,2020-05-14,2020-04-07,inner_train,True,24.0,True,0.5502536552573214,True
inner_2021,42,train,matched,331,308,2020-05-15,2020-04-09,inner_train,True,23.0,True,0.7457980963796982,True
inner_2021,42,train,matched,332,306,2020-05-18,2020-04-07,inner_train,True,26.0,True,0.8304450559799452,True
inner_2021,42,train,matched,333,308,2020-05-19,2020-04-09,inner_train,True,25.0,True,1.0663514264498888,True
inner_2021,42,train,matched,334,323,2020-05-20,2020-04-30,inner_train,True,11.0,True,0.9573707576176194,True
inner_2021,42,train,matched,335,323,2020-05-21,2020-04-30,inner_train,True,12.0,True,0.7934546283663804,True
inner_2021,42,train,matched,336,327,2020-05-22,2020-05-11,inner_train,True,9.0,True,0.49643688631389127,True
inner_2021,42,train,matched,337,306,2020-05-25,2020-04-07,inner_train,True,31.0,True,0.20629074690695104,True
inner_2021,42,train,matched,338,307,2020-05-26,2020-04-08,inner_train,True,31.0,True,0.07244435506732172,True
inner_2021,42,train,matched,339,309,2020-05-27,2020-04-10,inner_train,True,30.0,True,0.1683840489501729,True
inner_2021,42,train,matched,340,323,2020-05-28,2020-04-30,inner_train,True,17.0,True,0.08313964418406927,True
inner_2021,42,train,matched,341,315,2020-05-29,2020-04-20,inner_train,True,26.0,True,0.20067069546215066,True
inner_2021,42,train,matched,342,312,2020-06-01,2020-04-15,inner_train,True,30.0,True,0.1818216817523033,True
inner_2021,42,train,matched,343,311,2020-06-02,2020-04-14,inner_train,True,32.0,True,0.11778303565638337,True
inner_2021,42,train,matched,344,317,2020-06-04,2020-04-22,inner_train,True,27.0,True,0.11492996667397692,True
inner_2021,42,train,matched,345,317,2020-06-05,2020-04-22,inner_train,True,28.0,True,0.0,True
inner_2021,42,train,matched,346,341,2020-06-08,2020-05-29,inner_train,True,5.0,True,0.04652001563489261,True
inner_2021,42,train,matched,347,319,2020-06-09,2020-04-24,inner_train,True,28.0,True,0.4444517625708335,True
inner_2021,42,train,matched,348,311,2020-06-10,2020-04-14,inner_train,True,37.0,True,0.17373781310256353,True
inner_2021,42,train,matched,349,317,2020-06-11,2020-04-22,inner_train,True,32.0,True,0.13930417171026388,True
inner_2021,42,train,matched,350,341,2020-06-12,2020-05-29,inner_train,True,9.0,True,0.09198238971165029,True
inner_2021,42,train,matched,351,241,2020-06-15,2020-01-03,inner_train,True,110.0,True,0.1251631429540061,True
inner_2021,42,train,matched,352,340,2020-06-16,2020-05-28,inner_train,True,12.0,True,0.10832457859117683,True
inner_2021,42,train,matched,353,340,2020-06-17,2020-05-28,inner_train,True,13.0,True,0.10419305338190199,True
inner_2021,42,train,matched,354,324,2020-06-18,2020-05-05,inner_train,True,30.0,True,0.10252569159503322,True
inner_2021,42,train,matched,355,306,2020-06-19,2020-04-07,inner_train,True,49.0,True,0.13159985430536159,True
inner_2021,42,train,matched,356,351,2020-06-22,2020-06-15,inner_train,True,5.0,True,0.0909717782057271,True
inner_2021,42,train,matched,357,338,2020-06-23,2020-05-26,inner_train,True,19.0,True,0.1419251847529912,True
inner_2021,42,train,matched,358,313,2020-06-24,2020-04-16,inner_train,True,45.0,True,0.09531017980432477,True
inner_2021,42,train,matched,359,351,2020-06-25,2020-06-15,inner_train,True,8.0,True,0.07825219689974805,True
inner_2021,42,train,matched,360,326,2020-06-26,2020-05-08,inner_train,True,34.0,True,0.3142035168298394,True
inner_2021,42,train,matched,361,307,2020-06-29,2020-04-08,inner_train,True,54.0,True,0.09303186477121272,True
inner_2021,42,train,matched,362,357,2020-06-30,2020-06-23,inner_train,True,5.0,True,0.1674329443002036,True
inner_2021,42,train,matched,363,246,2020-07-01,2020-01-10,inner_train,True,117.0,True,0.11236914581230284,True
inner_2021,42,train,matched,364,341,2020-07-02,2020-05-29,inner_train,True,23.0,True,0.13961043870090473,True
inner_2021,42,train,matched,365,345,2020-07-03,2020-06-05,inner_train,True,20.0,True,0.11332868530700324,True
inner_2021,42,train,matched,366,247,2020-07-07,2020-01-13,inner_train,True,119.0,True,0.18805223150293937,True
inner_2021,42,train,matched,367,360,2020-07-08,2020-06-26,inner_train,True,7.0,True,0.12861737782209337,True
inner_2021,42,train,matched,368,359,2020-07-09,2020-06-25,inner_train,True,9.0,True,0.1494107432991969,True
inner_2021,42,train,matched,369,246,2020-07-10,2020-01-10,inner_train,True,123.0,True,0.02898753687325195,True
inner_2021,42,train,matched,370,356,2020-07-13,2020-06-22,inner_train,True,14.0,True,0.11666758657251775,True
inner_2021,42,train,matched,371,240,2020-07-14,2020-01-02,inner_train,True,131.0,True,0.2373813339769817,True
inner_2021,42,train,matched,372,327,2020-07-15,2020-05-11,inner_train,True,45.0,True,0.24023798467350943,True
inner_2021,42,train,matched,373,327,2020-07-16,2020-05-11,inner_train,True,46.0,True,0.20575180860234,True
inner_2021,42,train,matched,374,355,2020-07-17,2020-06-19,inner_train,True,19.0,True,0.22090819991239075,True
inner_2021,42,train,matched,375,308,2020-07-20,2020-04-09,inner_train,True,67.0,True,0.2402966305404588,True
inner_2021,42,train,matched,376,241,2020-07-21,2020-01-03,inner_train,True,135.0,True,0.05370417897186108,True
inner_2021,42,train,matched,377,370,2020-07-22,2020-07-13,inner_train,True,7.0,True,0.10227884912041851,True
inner_2021,42,train,matched,378,326,2020-07-23,2020-05-08,inner_train,True,52.0,True,0.1144552455637089,True
inner_2021,42,train,matched,379,314,2020-07-24,2020-04-17,inner_train,True,65.0,True,0.150218311409537,True
inner_2021,42,train,matched,380,248,2020-07-29,2020-01-14,inner_train,True,132.0,True,0.0281708769666964,True
inner_2021,42,train,matched,381,298,2020-07-30,2020-03-25,inner_train,True,83.0,True,0.3949938082408688,True
inner_2021,42,train,matched,382,297,2020-07-31,2020-03-24,inner_train,True,85.0,True,0.25473791673242685,True
inner_2021,42,train,matched,383,287,2020-08-03,2020-03-10,inner_train,True,96.0,True,0.3418284358217383,True
inner_2021,42,train,matched,384,287,2020-08-04,2020-03-10,inner_train,True,97.0,True,0.2924553512044388,True
inner_2021,42,train,matched,385,287,2020-08-05,2020-03-10,inner_train,True,98.0,True,0.1625189294977747,True
inner_2021,42,train,matched,386,290,2020-08-06,2020-03-13,inner_train,True,96.0,True,0.12198540162746196,True
inner_2021,42,train,matched,387,293,2020-08-07,2020-03-18,inner_train,True,94.0,True,0.10763066419236544,True
inner_2021,42,train,matched,388,291,2020-08-10,2020-03-16,inner_train,True,97.0,True,0.07753263303508584,True
inner_2021,42,train,matched,389,307,2020-08-11,2020-04-08,inner_train,True,82.0,True,0.11826392049373435,True
inner_2021,42,train,matched,390,330,2020-08-13,2020-05-14,inner_train,True,60.0,True,0.1808301322072845,True
inner_2021,42,train,matched,391,337,2020-08-14,2020-05-25,inner_train,True,54.0,True,0.19290366612449183,True
inner_2021,42,train,matched,392,330,2020-08-17,2020-05-14,inner_train,True,62.0,True,0.27696032025763984,True
inner_2021,42,train,matched,393,329,2020-08-18,2020-05-13,inner_train,True,64.0,True,0.2792882803233119,True
inner_2021,42,train,matched,394,389,2020-08-19,2020-08-11,inner_train,True,5.0,True,0.2905351414341877,True
inner_2021,42,train,matched,395,291,2020-08-20,2020-03-16,inner_train,True,104.0,True,0.25343214940870284,True
inner_2021,42,train,matched,396,388,2020-08-21,2020-08-10,inner_train,True,8.0,True,0.27247265378825203,True
inner_2021,42,train,matched,397,279,2020-08-24,2020-02-27,inner_train,True,118.0,True,0.0864397850906724,True
inner_2021,42,train,matched,398,293,2020-08-25,2020-03-18,inner_train,True,105.0,True,0.06669137449867213,True
inner_2021,42,train,matched,399,243,2020-08-26,2020-01-07,inner_train,True,156.0,True,0.16705408466316607,True
inner_2021,42,train,matched,400,380,2020-08-27,2020-07-29,inner_train,True,20.0,True,0.2675953138850433,True
inner_2021,42,train,matched,401,252,2020-08-28,2020-01-20,inner_train,True,149.0,True,0.27871340246902054,True
inner_2021,42,train,matched,402,287,2020-08-31,2020-03-10,inner_train,True,115.0,True,0.0281708769666964,True
inner_2021,42,train,matched,403,291,2020-09-01,2020-03-16,inner_train,True,112.0,True,0.03774032798284699,True
inner_2021,42,train,matched,404,291,2020-09-02,2020-03-16,inner_train,True,113.0,True,0.030771658666753687,True
inner_2021,42,train,matched,405,294,2020-09-03,2020-03-19,inner_train,True,111.0,True,0.12014431184206353,True
inner_2021,42,train,matched,406,265,2020-09-08,2020-02-06,inner_train,True,141.0,True,0.16989903679539742,True
inner_2021,42,train,matched,407,386,2020-09-09,2020-08-06,inner_train,True,21.0,True,0.019802627296179764,True
inner_2021,42,train,matched,408,385,2020-09-10,2020-08-05,inner_train,True,23.0,True,0.25782910930209946,True
inner_2021,42,train,matched,409,258,2020-09-11,2020-01-28,inner_train,True,151.0,True,0.04082199452025481,True
inner_2021,42,train,matched,410,260,2020-09-14,2020-01-30,inner_train,True,150.0,True,0.17317979683586016,True
inner_2021,42,train,matched,411,258,2020-09-15,2020-01-28,inner_train,True,153.0,True,0.17039298592868102,True
inner_2021,42,train,matched,412,277,2020-09-16,2020-02-25,inner_train,True,135.0,True,0.20479441264601306,True
inner_2021,42,train,matched,413,261,2020-09-17,2020-01-31,inner_train,True,152.0,True,0.1529693447814271,True
inner_2021,42,train,matched,414,295,2020-09-18,2020-03-20,inner_train,True,119.0,True,0.10536051565782634,True
inner_2021,42,train,matched,415,277,2020-09-21,2020-02-25,inner_train,True,138.0,True,0.06021318383490559,True
inner_2021,42,train,matched,416,407,2020-09-22,2020-09-09,inner_train,True,9.0,True,0.057158413839948796,True
inner_2021,42,train,matched,417,291,2020-09-23,2020-03-16,inner_train,True,126.0,True,0.036367644170875124,True
inner_2021,42,train,matched,418,291,2020-09-24,2020-03-16,inner_train,True,127.0,True,0.08086949564953061,True
inner_2021,42,train,matched,419,278,2020-09-25,2020-02-26,inner_train,True,141.0,True,0.08086949564953061,True
inner_2021,42,train,matched,420,290,2020-09-28,2020-03-13,inner_train,True,130.0,True,0.05942342047080107,True
inner_2021,42,train,matched,421,289,2020-09-29,2020-03-12,inner_train,True,132.0,True,0.13400611373479077,True
inner_2021,42,train,matched,422,293,2020-09-30,2020-03-18,inner_train,True,129.0,True,0.07724158539382486,True
inner_2021,42,train,matched,423,295,2020-10-01,2020-03-20,inner_train,True,128.0,True,0.13451709994928196,True
inner_2021,42,train,matched,424,288,2020-10-02,2020-03-11,inner_train,True,136.0,True,0.09180754925312273,True
inner_2021,42,train,matched,425,281,2020-10-05,2020-03-02,inner_train,True,144.0,True,0.06980953139350676,True
inner_2021,42,train,matched,426,297,2020-10-06,2020-03-24,inner_train,True,129.0,True,0.61163594446273,True
inner_2021,42,train,matched,427,301,2020-10-07,2020-03-30,inner_train,True,126.0,True,0.13126638599367002,True
inner_2021,42,train,matched,428,284,2020-10-08,2020-03-05,inner_train,True,144.0,True,0.2808405406350638,True
inner_2021,42,train,matched,429,299,2020-10-09,2020-03-26,inner_train,True,130.0,True,0.2513144282809061,True
inner_2021,42,train,matched,430,252,2020-10-12,2020-01-20,inner_train,True,178.0,True,0.21449380973472687,True
inner_2021,42,train,matched,431,385,2020-10-14,2020-08-05,inner_train,True,46.0,True,0.05715841383994835,True
inner_2021,42,train,matched,432,414,2020-10-15,2020-09-18,inner_train,True,18.0,True,0.0,True
inner_2021,42,train,matched,433,410,2020-10-16,2020-09-14,inner_train,True,23.0,True,0.10691210634924486,True
inner_2021,42,train,matched,434,410,2020-10-19,2020-09-14,inner_train,True,24.0,True,0.08802198849555332,True
inner_2021,42,train,matched,435,385,2020-10-20,2020-08-05,inner_train,True,50.0,True,0.02898753687325195,True
inner_2021,42,train,matched,436,385,2020-10-21,2020-08-05,inner_train,True,51.0,True,0.075507552508145,True
inner_2021,42,train,matched,437,285,2020-10-22,2020-03-06,inner_train,True,152.0,True,0.17589066646366414,True
inner_2021,42,train,matched,438,424,2020-10-26,2020-10-02,inner_train,True,14.0,True,0.11997842621981913,True
inner_2021,42,train,matched,439,422,2020-10-27,2020-09-30,inner_train,True,17.0,True,0.11728908652310022,True
inner_2021,42,train,matched,440,291,2020-10-28,2020-03-16,inner_train,True,149.0,True,0.14107859825990543,True
inner_2021,42,train,matched,441,388,2020-10-29,2020-08-10,inner_train,True,53.0,True,0.11927936991732135,True
inner_2021,42,train,matched,442,291,2020-10-30,2020-03-16,inner_train,True,151.0,True,0.058840500022933284,True
inner_2021,42,train,matched,443,290,2020-11-02,2020-03-13,inner_train,True,153.0,True,0.0,True
inner_2021,42,train,matched,444,405,2020-11-03,2020-09-03,inner_train,True,39.0,True,0.09217045979965732,True
inner_2021,42,train,matched,445,413,2020-11-04,2020-09-17,inner_train,True,32.0,True,0.06503247027085468,True
inner_2021,42,train,matched,446,242,2020-11-05,2020-01-06,inner_train,True,204.0,True,0.022472855852058604,True
inner_2021,42,train,matched,447,353,2020-11-06,2020-06-17,inner_train,True,94.0,True,0.10178269430994247,True
inner_2021,42,train,matched,448,343,2020-11-09,2020-06-02,inner_train,True,105.0,True,0.02197890671877545,True
inner_2021,42,train,matched,449,324,2020-11-10,2020-05-05,inner_train,True,125.0,True,0.09395056028828508,True
inner_2021,42,train,matched,450,340,2020-11-11,2020-05-28,inner_train,True,110.0,True,0.2895356411011041,True
inner_2021,42,train,matched,451,335,2020-11-12,2020-05-21,inner_train,True,116.0,True,0.05004094607108511,True
inner_2021,42,train,matched,452,339,2020-11-13,2020-05-27,inner_train,True,113.0,True,0.6664789334777845,True
inner_2021,42,train,matched,453,334,2020-11-16,2020-05-20,inner_train,True,119.0,True,0.35791256785908265,True
inner_2021,42,train,matched,454,339,2020-11-17,2020-05-27,inner_train,True,115.0,True,0.9631296759123247,True
inner_2021,42,train,matched,455,352,2020-11-18,2020-06-16,inner_train,True,103.0,True,0.915180237590127,True
inner_2021,42,train,matched,456,451,2020-11-19,2020-11-12,inner_train,True,5.0,True,0.16896576561239973,True
inner_2021,42,train,matched,457,335,2020-11-20,2020-05-21,inner_train,True,122.0,True,0.20955843672390362,True
inner_2021,42,train,matched,458,350,2020-11-23,2020-06-12,inner_train,True,108.0,True,0.16217699070148717,True
inner_2021,42,train,matched,459,364,2020-11-24,2020-07-02,inner_train,True,95.0,True,0.13005312824819804,True
inner_2021,42,train,matched,460,324,2020-11-25,2020-05-05,inner_train,True,136.0,True,0.058840500022933284,True
inner_2021,42,train,matched,461,324,2020-11-26,2020-05-05,inner_train,True,137.0,True,0.11826392049373435,True
inner_2021,42,train,matched,462,352,2020-11-27,2020-06-16,inner_train,True,110.0,True,0.12991776812237665,True
inner_2021,42,train,matched,463,456,2020-11-30,2020-11-19,inner_train,True,7.0,True,0.27146740631221755,True
inner_2021,42,train,matched,464,451,2020-12-01,2020-11-12,inner_train,True,13.0,True,0.22744199207442506,True
inner_2021,42,train,matched,465,450,2020-12-02,2020-11-11,inner_train,True,15.0,True,0.16989903679539786,True
inner_2021,42,train,matched,466,461,2020-12-03,2020-11-26,inner_train,True,5.0,True,0.10309550902697406,True
inner_2021,42,train,matched,467,462,2020-12-04,2020-11-27,inner_train,True,5.0,True,0.1922175597510929,True
inner_2021,42,train,matched,468,462,2020-12-08,2020-11-27,inner_train,True,6.0,True,0.19977903245166928,True
inner_2021,42,train,matched,469,462,2020-12-09,2020-11-27,inner_train,True,7.0,True,0.12957477377842075,True
inner_2021,42,train,matched,470,309,2020-12-14,2020-04-10,inner_train,True,161.0,True,0.08004270767353683,True
inner_2021,42,train,matched,471,354,2020-12-15,2020-06-18,inner_train,True,117.0,True,0.05116678417168208,True
inner_2021,42,train,matched,472,316,2020-12-16,2020-04-21,inner_train,True,156.0,True,0.059357162395573315,True
inner_2021,42,train,matched,473,309,2020-12-17,2020-04-10,inner_train,True,164.0,True,0.08004270767353683,True
inner_2021,42,train,matched,474,464,2020-12-18,2020-12-01,inner_train,True,10.0,True,0.025317807984289953,True
inner_2021,42,train,matched,475,464,2020-12-21,2020-12-01,inner_train,True,11.0,True,0.19758902892474328,True
inner_2021,42,train,matched,476,337,2020-12-22,2020-05-25,inner_train,True,139.0,True,0.21892413577150105,True
inner_2021,42,train,matched,477,336,2020-12-23,2020-05-22,inner_train,True,141.0,True,0.014184634991956102,True
inner_2021,42,train,matched,478,329,2020-12-24,2020-05-13,inner_train,True,149.0,True,0.1757317471148987,True
inner_2021,42,train,matched,479,390,2020-12-25,2020-08-13,inner_train,True,89.0,True,0.07061756721395307,True
inner_2021,42,train,matched,480,327,2020-12-28,2020-05-11,inner_train,True,153.0,True,0.09352605801082392,True
inner_2021,42,train,matched,481,327,2020-12-29,2020-05-11,inner_train,True,154.0,True,0.09993767533637277,True
inner_2021,42,train,matched,482,328,2020-12-30,2020-05-12,inner_train,True,154.0,True,0.02666824708216131,True
inner_2021,42,train,random,5,0,2019-01-15,2019-01-08,inner_train,True,5.0,True,2.4894806201076367,True
inner_2021,42,train,random,6,0,2019-01-16,2019-01-08,inner_train,True,6.0,True,2.5955401920679613,True
inner_2021,42,train,random,7,2,2019-01-17,2019-01-10,inner_train,True,5.0,True,0.5421890734632466,True
inner_2021,42,train,random,8,2,2019-01-18,2019-01-10,inner_train,True,6.0,True,0.3346849260471174,True
inner_2021,42,train,random,9,2,2019-01-21,2019-01-10,inner_train,True,7.0,True,0.45798314239161053,True
inner_2021,42,train,random,10,2,2019-01-22,2019-01-10,inner_train,True,8.0,True,0.49976467640656574,True
inner_2021,42,train,random,11,6,2019-01-23,2019-01-16,inner_train,True,5.0,True,0.8261396348798575,True
inner_2021,42,train,random,17,1,2019-01-31,2019-01-09,inner_train,True,16.0,False,1.6028610754732453,True
inner_2021,42,train,random,18,9,2019-02-01,2019-01-21,inner_train,True,9.0,False,0.7586043972145893,True
inner_2021,42,train,random,19,3,2019-02-04,2019-01-11,inner_train,True,16.0,False,0.4035693729432648,True
inner_2021,42,train,random,20,1,2019-02-05,2019-01-09,inner_train,True,19.0,False,1.460871960685263,True
inner_2021,42,train,random,21,8,2019-02-06,2019-01-18,inner_train,True,13.0,False,0.6902583966540545,True
inner_2021,42,train,random,22,17,2019-02-07,2019-01-31,inner_train,True,5.0,True,0.07991209969320279,True
inner_2021,42,train,random,23,13,2019-02-08,2019-01-25,inner_train,True,10.0,True,0.232622295268754,True
inner_2021,42,train,random,24,15,2019-02-11,2019-01-29,inner_train,True,9.0,True,0.5461927676032823,True
inner_2021,42,train,random,25,15,2019-02-12,2019-01-29,inner_train,True,10.0,True,0.7430190106001189,True
inner_2021,42,train,random,26,17,2019-02-13,2019-01-31,inner_train,True,9.0,True,0.3894647667617228,True
inner_2021,42,train,random,27,11,2019-02-14,2019-01-23,inner_train,True,16.0,False,0.6061358035703153,True
inner_2021,42,train,random,28,3,2019-02-15,2019-01-11,inner_train,True,25.0,True,0.24116205681688774,True
inner_2021,42,train,random,29,20,2019-02-18,2019-02-05,inner_train,True,9.0,False,0.30666452336407124,True
inner_2021,42,train,random,30,11,2019-02-20,2019-01-23,inner_train,True,19.0,True,0.5355182363563622,True
inner_2021,42,train,random,31,13,2019-02-21,2019-01-25,inner_train,True,18.0,False,0.22000383130954226,True
inner_2021,42,train,random,32,10,2019-02-22,2019-01-22,inner_train,True,22.0,False,0.7146533857809088,True
inner_2021,42,train,random,33,5,2019-02-25,2019-01-15,inner_train,True,28.0,False,0.3745431977695781,True
inner_2021,42,train,random,34,27,2019-02-26,2019-02-14,inner_train,True,7.0,True,0.14289183538408645,True
inner_2021,42,train,random,35,24,2019-02-27,2019-02-11,inner_train,True,11.0,True,0.31334981920035876,True
inner_2021,42,train,random,36,20,2019-02-28,2019-02-05,inner_train,True,16.0,False,0.3715635564324824,True
inner_2021,42,train,random,37,13,2019-03-01,2019-01-25,inner_train,True,24.0,False,0.1926169606550543,True
inner_2021,42,train,random,43,32,2019-03-11,2019-02-22,inner_train,True,11.0,False,0.10802363307730989,True
inner_2021,42,train,random,44,21,2019-03-12,2019-02-06,inner_train,True,23.0,False,0.23967285326542065,True
inner_2021,42,train,random,45,18,2019-03-13,2019-02-01,inner_train,True,27.0,False,0.1462845457885984,True
inner_2021,42,train,random,46,18,2019-03-14,2019-02-01,inner_train,True,28.0,False,0.24121214572471006,True
inner_2021,42,train,random,47,9,2019-03-15,2019-01-21,inner_train,True,38.0,True,0.2596456402284977,True
inner_2021,42,train,random,48,4,2019-03-18,2019-01-14,inner_train,True,44.0,True,0.3508609740733122,True
inner_2021,42,train,random,49,24,2019-03-19,2019-02-11,inner_train,True,25.0,False,0.24613306953890834,True
inner_2021,42,train,random,50,40,2019-03-20,2019-03-06,inner_train,True,10.0,False,0.4072783452323452,True
inner_2021,42,train,random,51,2,2019-03-21,2019-01-10,inner_train,True,49.0,True,0.486754439670551,True
inner_2021,42,train,random,52,41,2019-03-22,2019-03-07,inner_train,True,11.0,False,0.16989903679539742,True
inner_2021,42,train,random,53,40,2019-03-25,2019-03-06,inner_train,True,13.0,False,0.9093702890295812,True
inner_2021,42,train,random,54,13,2019-03-26,2019-01-25,inner_train,True,41.0,False,0.6262529457299153,True
inner_2021,42,train,random,55,32,2019-03-27,2019-02-22,inner_train,True,23.0,False,0.09466522654107834,True
inner_2021,42,train,random,56,8,2019-03-28,2019-01-18,inner_train,True,48.0,True,0.6398275430271623,True
inner_2021,42,train,random,57,40,2019-03-29,2019-03-06,inner_train,True,17.0,False,0.2984929885559966,True
inner_2021,42,train,random,58,37,2019-04-01,2019-03-01,inner_train,True,21.0,False,0.2560449875085977,True
inner_2021,42,train,random,59,19,2019-04-02,2019-02-04,inner_train,True,40.0,True,0.30368241379822214,True
inner_2021,42,train,random,60,3,2019-04-03,2019-01-11,inner_train,True,57.0,False,0.581029882439239,True
inner_2021,42,train,random,61,55,2019-04-04,2019-03-27,inner_train,True,6.0,False,0.17874373544607103,True
inner_2021,42,train,random,62,25,2019-04-05,2019-02-12,inner_train,True,37.0,False,0.1771401980519567,True
inner_2021,42,train,random,63,52,2019-04-09,2019-03-22,inner_train,True,11.0,True,0.16779345623104502,True
inner_2021,42,train,random,64,40,2019-04-10,2019-03-06,inner_train,True,24.0,False,0.8610799999018006,True
inner_2021,42,train,random,65,47,2019-04-11,2019-03-15,inner_train,True,18.0,False,0.49462364918971025,True
inner_2021,42,train,random,66,47,2019-04-12,2019-03-15,inner_train,True,19.0,False,0.4036518709839836,True
inner_2021,42,train,random,67,12,2019-04-17,2019-01-24,inner_train,True,55.0,True,0.11155248590574729,True
inner_2021,42,train,random,68,23,2019-04-18,2019-02-08,inner_train,True,45.0,True,0.3924548713721494,True
inner_2021,42,train,random,69,30,2019-04-19,2019-02-20,inner_train,True,39.0,False,0.3091306158592646,True
inner_2021,42,train,random,70,32,2019-04-22,2019-02-22,inner_train,True,38.0,True,0.3101549283038394,True
inner_2021,42,train,random,71,2,2019-04-23,2019-01-10,inner_train,True,69.0,False,0.15879105938376092,True
inner_2021,42,train,random,72,37,2019-04-24,2019-03-01,inner_train,True,35.0,False,0.39671231699856957,True
inner_2021,42,train,random,73,10,2019-04-25,2019-01-22,inner_train,True,63.0,False,0.691696853982299,True
inner_2021,42,train,random,74,52,2019-04-26,2019-03-22,inner_train,True,22.0,True,0.23767165187711958,True
inner_2021,42,train,random,75,48,2019-04-29,2019-03-18,inner_train,True,27.0,True,0.17185025692665912,True
inner_2021,42,train,random,76,66,2019-04-30,2019-04-12,inner_train,True,10.0,True,1.1993425359417733,True
inner_2021,42,train,random,77,54,2019-05-02,2019-03-26,inner_train,True,23.0,False,1.1079800386717094,True
inner_2021,42,train,random,78,27,2019-05-03,2019-02-14,inner_train,True,51.0,True,0.7747560592662266,True
inner_2021,42,train,random,79,72,2019-05-07,2019-04-24,inner_train,True,7.0,False,0.635422995842104,True
inner_2021,42,train,random,80,31,2019-05-08,2019-02-21,inner_train,True,49.0,True,0.429214288319828,True
inner_2021,42,train,random,81,25,2019-05-09,2019-02-12,inner_train,True,56.0,False,0.3707795501202744,True
inner_2021,42,train,random,82,70,2019-05-10,2019-04-22,inner_train,True,12.0,False,1.1402849850686771,True
inner_2021,42,train,random,83,29,2019-05-13,2019-02-18,inner_train,True,54.0,False,1.495133141154041,True
inner_2021,42,train,random,84,6,2019-05-14,2019-01-16,inner_train,True,78.0,False,1.4941047036884472,True
inner_2021,42,train,random,85,38,2019-05-15,2019-03-04,inner_train,True,47.0,True,1.5432899930793802,True
inner_2021,42,train,random,86,65,2019-05-16,2019-04-11,inner_train,True,21.0,False,3.0991265717582754,True
inner_2021,42,train,random,87,15,2019-05-17,2019-01-29,inner_train,True,72.0,False,1.5007255823709937,True
inner_2021,42,train,random,88,38,2019-05-21,2019-03-04,inner_train,True,50.0,True,1.445521436799476,True
inner_2021,42,train,random,89,11,2019-05-22,2019-01-23,inner_train,True,78.0,False,2.2939270302509316,True
inner_2021,42,train,random,90,59,2019-05-23,2019-04-02,inner_train,True,31.0,False,0.7746970475240538,True
inner_2021,42,train,random,91,41,2019-05-24,2019-03-07,inner_train,True,50.0,True,0.3724042458472767,True
inner_2021,42,train,random,92,29,2019-05-27,2019-02-18,inner_train,True,63.0,False,0.34687094384211203,True
inner_2021,42,train,random,93,20,2019-05-28,2019-02-05,inner_train,True,73.0,False,0.08841095734405346,True
inner_2021,42,train,random,94,50,2019-05-29,2019-03-20,inner_train,True,44.0,False,0.35831832968246236,True
inner_2021,42,train,random,95,60,2019-05-30,2019-04-03,inner_train,True,35.0,False,0.4325772237266192,True
inner_2021,42,train,random,96,86,2019-05-31,2019-05-16,inner_train,True,10.0,True,2.5011407725498844,True
inner_2021,42,train,random,97,40,2019-06-04,2019-03-06,inner_train,True,57.0,False,0.334696037219957,True
inner_2021,42,train,random,98,15,2019-06-05,2019-01-29,inner_train,True,83.0,False,0.3555724079946323,True
inner_2021,42,train,random,99,79,2019-06-06,2019-05-07,inner_train,True,20.0,False,0.29792106975287513,True
inner_2021,42,train,random,100,60,2019-06-07,2019-04-03,inner_train,True,40.0,True,0.44986872083668006,True
inner_2021,42,train,random,101,67,2019-06-10,2019-04-17,inner_train,True,34.0,True,0.4324723095194756,True
inner_2021,42,train,random,102,9,2019-06-11,2019-01-21,inner_train,True,93.0,False,0.05715841383994835,True
inner_2021,42,train,random,103,30,2019-06-12,2019-02-20,inner_train,True,73.0,False,0.588628061670311,True
inner_2021,42,train,random,104,76,2019-06-13,2019-04-30,inner_train,True,28.0,True,1.0986122886681091,True
inner_2021,42,train,random,105,84,2019-06-14,2019-05-14,inner_train,True,21.0,False,1.84629734518768,True
inner_2021,42,train,random,106,44,2019-06-17,2019-03-12,inner_train,True,62.0,False,0.41191971788484416,True
inner_2021,42,train,random,107,82,2019-06-18,2019-05-10,inner_train,True,25.0,False,0.9913982043609599,True
inner_2021,42,train,random,108,87,2019-06-19,2019-05-17,inner_train,True,21.0,False,2.1507984804616678,True
inner_2021,42,train,random,109,40,2019-06-20,2019-03-06,inner_train,True,69.0,False,0.46707291749765467,True
inner_2021,42,train,random,110,95,2019-06-21,2019-05-30,inner_train,True,15.0,False,0.07922604776698083,True
inner_2021,42,train,random,111,30,2019-06-24,2019-02-20,inner_train,True,81.0,False,0.2937611185281632,True
inner_2021,42,train,random,112,25,2019-06-25,2019-02-12,inner_train,True,87.0,True,0.22314355131421015,True
inner_2021,42,train,random,113,74,2019-06-26,2019-04-26,inner_train,True,39.0,True,0.15700374880966494,True
inner_2021,42,train,random,114,70,2019-06-27,2019-04-22,inner_train,True,44.0,True,0.36130636865895127,True
inner_2021,42,train,random,115,15,2019-06-28,2019-01-29,inner_train,True,100.0,True,0.6353883464077534,True
inner_2021,42,train,random,116,93,2019-07-01,2019-05-28,inner_train,True,23.0,False,0.2839542023377666,True
inner_2021,42,train,random,117,22,2019-07-02,2019-02-07,inner_train,True,95.0,True,0.5925828371656121,True
inner_2021,42,train,random,118,91,2019-07-03,2019-05-24,inner_train,True,27.0,False,0.6439569363691744,True
inner_2021,42,train,random,119,0,2019-07-04,2019-01-08,inner_train,True,119.0,False,1.8252810155825598,True
inner_2021,42,train,random,120,92,2019-07-05,2019-05-27,inner_train,True,28.0,False,0.7180861289071978,True
inner_2021,42,train,random,121,92,2019-07-08,2019-05-27,inner_train,True,29.0,False,0.5102100497237769,True
inner_2021,42,train,random,122,92,2019-07-09,2019-05-27,inner_train,True,30.0,False,0.47098933657049535,True
inner_2021,42,train,random,123,79,2019-07-10,2019-05-07,inner_train,True,44.0,False,0.6038746381071785,True
inner_2021,42,train,random,124,56,2019-07-11,2019-03-28,inner_train,True,68.0,False,0.5837380763761191,True
inner_2021,42,train,random,125,85,2019-07-12,2019-05-15,inner_train,True,40.0,False,2.071357423279877,True
inner_2021,42,train,random,126,33,2019-07-15,2019-02-25,inner_train,True,93.0,True,0.28097063786379417,True
inner_2021,42,train,random,127,96,2019-07-17,2019-05-31,inner_train,True,31.0,False,0.1388364448542161,True
inner_2021,42,train,random,128,68,2019-07-18,2019-04-18,inner_train,True,60.0,False,0.4819763230002301,True
inner_2021,42,train,random,129,57,2019-07-19,2019-03-29,inner_train,True,72.0,True,0.28291448296830835,True
inner_2021,42,train,random,130,63,2019-07-22,2019-04-09,inner_train,True,67.0,False,0.6177234187427039,True
inner_2021,42,train,random,131,72,2019-07-23,2019-04-24,inner_train,True,59.0,False,0.2972515234679318,True
inner_2021,42,train,random,132,4,2019-07-24,2019-01-14,inner_train,True,128.0,True,0.6099198747496968,True
inner_2021,42,train,random,133,18,2019-07-25,2019-02-01,inner_train,True,115.0,False,0.20142172816737336,True
inner_2021,42,train,random,134,31,2019-07-26,2019-02-21,inner_train,True,103.0,True,0.5969745599949619,True
inner_2021,42,train,random,135,15,2019-07-30,2019-01-29,inner_train,True,120.0,False,0.3077009393422725,True
inner_2021,42,train,random,136,58,2019-07-31,2019-04-01,inner_train,True,78.0,False,0.3693601034660481,True
inner_2021,42,train,random,137,88,2019-08-01,2019-05-21,inner_train,True,49.0,True,2.2395020947020314,True
inner_2021,42,train,random,138,87,2019-08-02,2019-05-17,inner_train,True,51.0,True,2.390348067162988,True
inner_2021,42,train,random,139,63,2019-08-05,2019-04-09,inner_train,True,76.0,False,0.27315397188887136,True
inner_2021,42,train,random,140,116,2019-08-06,2019-07-01,inner_train,True,24.0,False,0.20585205420414887,True
inner_2021,42,train,random,141,77,2019-08-07,2019-05-02,inner_train,True,64.0,False,0.7970411040556611,True
inner_2021,42,train,random,142,10,2019-08-08,2019-01-22,inner_train,True,132.0,False,0.67116827384117,True
inner_2021,42,train,random,143,106,2019-08-09,2019-06-17,inner_train,True,37.0,False,0.3961996546623743,True
inner_2021,42,train,random,144,80,2019-08-13,2019-05-08,inner_train,True,64.0,False,0.25555079426898786,True
inner_2021,42,train,random,145,89,2019-08-14,2019-05-22,inner_train,True,56.0,True,0.8043216660831924,True
inner_2021,42,train,random,146,80,2019-08-15,2019-05-08,inner_train,True,66.0,False,0.8771679731068596,True
inner_2021,42,train,random,147,79,2019-08-16,2019-05-07,inner_train,True,68.0,False,0.8466913218837417,True
inner_2021,42,train,random,148,13,2019-08-19,2019-01-25,inner_train,True,135.0,False,1.1660945858496943,True
inner_2021,42,train,random,149,81,2019-08-20,2019-05-09,inner_train,True,68.0,True,0.8530436267332959,True
inner_2021,42,train,random,150,116,2019-08-21,2019-07-01,inner_train,True,34.0,False,1.095817689737094,True
inner_2021,42,train,random,151,44,2019-08-22,2019-03-12,inner_train,True,107.0,True,0.14677057252963577,True
inner_2021,42,train,random,152,89,2019-08-23,2019-05-22,inner_train,True,63.0,True,1.4932664806720592,True
inner_2021,42,train,random,153,4,2019-08-26,2019-01-14,inner_train,True,149.0,False,0.7255431660890226,True
inner_2021,42,train,random,154,52,2019-08-27,2019-03-22,inner_train,True,102.0,False,0.5850352626655511,True
inner_2021,42,train,random,155,65,2019-08-28,2019-04-11,inner_train,True,90.0,False,0.6466159074993518,True
inner_2021,42,train,random,156,149,2019-08-29,2019-08-20,inner_train,True,7.0,True,1.820533471099624,True
inner_2021,42,train,random,157,32,2019-08-30,2019-02-22,inner_train,True,125.0,False,1.3234081996430191,True
inner_2021,42,train,random,158,42,2019-09-02,2019-03-08,inner_train,True,116.0,False,0.6222362556392995,True
inner_2021,42,train,random,159,63,2019-09-03,2019-04-09,inner_train,True,96.0,False,0.3677247801253176,True
inner_2021,42,train,random,160,154,2019-09-04,2019-08-27,inner_train,True,6.0,False,0.8781227536842398,True
inner_2021,42,train,random,161,133,2019-09-05,2019-07-25,inner_train,True,28.0,False,0.461034959262975,True
inner_2021,42,train,random,162,5,2019-09-06,2019-01-15,inner_train,True,157.0,False,0.24609492513691267,True
inner_2021,42,train,random,163,37,2019-09-09,2019-03-01,inner_train,True,126.0,False,0.3833609838237053,True
inner_2021,42,train,random,164,131,2019-09-10,2019-07-23,inner_train,True,33.0,False,0.12306009275722696,True
inner_2021,42,train,random,165,9,2019-09-11,2019-01-21,inner_train,True,156.0,False,0.48884671704721505,True
inner_2021,42,train,random,166,138,2019-09-12,2019-08-02,inner_train,True,28.0,False,0.5294160480717904,True
inner_2021,42,train,random,167,45,2019-09-13,2019-03-13,inner_train,True,122.0,False,0.3661536878932763,True
inner_2021,42,train,random,168,150,2019-09-16,2019-08-21,inner_train,True,18.0,False,1.4165997106152197,True
inner_2021,42,train,random,169,48,2019-09-17,2019-03-18,inner_train,True,121.0,True,0.6776429940239805,True
inner_2021,42,train,random,170,72,2019-09-18,2019-04-24,inner_train,True,98.0,False,0.7836611881007776,True
inner_2021,42,train,random,171,110,2019-09-19,2019-06-21,inner_train,True,61.0,False,1.9063424034071264,True
inner_2021,42,train,random,172,21,2019-09-20,2019-02-06,inner_train,True,151.0,False,1.712875426408162,True
inner_2021,42,train,random,173,94,2019-09-23,2019-05-29,inner_train,True,79.0,True,0.44546237407675715,True
inner_2021,42,train,random,174,85,2019-09-24,2019-05-15,inner_train,True,89.0,True,2.526812259195042,True
inner_2021,42,train,random,175,134,2019-09-25,2019-07-26,inner_train,True,41.0,False,0.808922328492022,True
inner_2021,42,train,random,176,171,2019-09-26,2019-09-19,inner_train,True,5.0,False,2.617797586453934,True
inner_2021,42,train,random,177,114,2019-09-27,2019-06-27,inner_train,True,63.0,False,0.3982513707844726,True
inner_2021,42,train,random,178,71,2019-09-30,2019-04-23,inner_train,True,107.0,False,0.7695201593445189,True
inner_2021,42,train,random,179,71,2019-10-01,2019-04-23,inner_train,True,108.0,False,0.8574502318512209,True
inner_2021,42,train,random,180,73,2019-10-02,2019-04-25,inner_train,True,107.0,False,0.5892369914797655,True
inner_2021,42,train,random,181,144,2019-10-03,2019-08-13,inner_train,True,37.0,True,0.2556528298795042,True
inner_2021,42,train,random,182,57,2019-10-04,2019-03-29,inner_train,True,125.0,False,0.6081539677265528,True
inner_2021,42,train,random,183,29,2019-10-07,2019-02-18,inner_train,True,154.0,False,0.1217360211429761,True
inner_2021,42,train,random,184,60,2019-10-08,2019-04-03,inner_train,True,124.0,False,0.6216151625543178,True
inner_2021,42,train,random,185,4,2019-10-09,2019-01-14,inner_train,True,181.0,False,0.430903681746849,True
inner_2021,42,train,random,186,19,2019-10-10,2019-02-04,inner_train,True,167.0,False,0.5634180738851615,True
inner_2021,42,train,random,187,16,2019-10-11,2019-01-30,inner_train,True,171.0,False,0.37914779979079105,True
inner_2021,42,train,random,188,141,2019-10-15,2019-08-07,inner_train,True,47.0,False,0.13976194237515882,True
inner_2021,42,train,random,189,133,2019-10-16,2019-07-25,inner_train,True,56.0,True,0.5553456387342162,True
inner_2021,42,train,random,190,129,2019-10-17,2019-07-19,inner_train,True,61.0,True,0.5310445089101812,True
inner_2021,42,train,random,191,86,2019-10-18,2019-05-16,inner_train,True,105.0,False,2.6452492998631802,True
inner_2021,42,train,random,192,134,2019-10-21,2019-07-26,inner_train,True,58.0,True,0.5783404804500689,True
inner_2021,42,train,random,193,30,2019-10-22,2019-02-20,inner_train,True,163.0,True,0.32277339226305113,True
inner_2021,42,train,random,194,171,2019-10-24,2019-09-19,inner_train,True,23.0,True,1.238513030831471,True
inner_2021,42,train,random,195,95,2019-10-25,2019-05-30,inner_train,True,100.0,False,0.42858752552901835,True
inner_2021,42,train,random,196,180,2019-10-28,2019-10-02,inner_train,True,16.0,True,1.3253856080328985,True
inner_2021,42,train,random,197,29,2019-10-29,2019-02-18,inner_train,True,168.0,False,0.635601694913345,True
inner_2021,42,train,random,198,96,2019-10-30,2019-05-31,inner_train,True,102.0,True,0.23508030551902248,True
inner_2021,42,train,random,199,135,2019-10-31,2019-07-30,inner_train,True,64.0,False,0.12746463994228474,True
inner_2021,42,train,random,200,97,2019-11-01,2019-06-04,inner_train,True,103.0,True,0.5830133861494611,True
inner_2021,42,train,random,201,87,2019-11-04,2019-05-17,inner_train,True,114.0,False,1.281450507834705,True
inner_2021,42,train,random,202,32,2019-11-05,2019-02-22,inner_train,True,170.0,False,0.7348198769605139,True
inner_2021,42,train,random,203,75,2019-11-06,2019-04-29,inner_train,True,128.0,True,0.5745414381520981,True
inner_2021,42,train,random,204,47,2019-11-07,2019-03-15,inner_train,True,157.0,False,0.7169097871046759,True
inner_2021,42,train,random,205,60,2019-11-08,2019-04-03,inner_train,True,145.0,True,0.14179791186025703,True
inner_2021,42,train,random,206,138,2019-11-11,2019-08-02,inner_train,True,68.0,False,0.8042244073491376,True
inner_2021,42,train,random,207,127,2019-11-12,2019-07-17,inner_train,True,80.0,True,0.8137751683485597,True
inner_2021,42,train,random,208,123,2019-11-13,2019-07-10,inner_train,True,85.0,False,1.2902074822473932,True
inner_2021,42,train,random,209,74,2019-11-14,2019-04-26,inner_train,True,135.0,False,1.5513741114793391,True
inner_2021,42,train,random,210,197,2019-11-15,2019-10-29,inner_train,True,13.0,False,2.6312733535277224,True
inner_2021,42,train,random,211,18,2019-11-18,2019-02-01,inner_train,True,193.0,False,1.5155812212577584,True
inner_2021,42,train,random,212,71,2019-11-19,2019-04-23,inner_train,True,141.0,False,1.9968845150395858,True
inner_2021,42,train,random,213,24,2019-11-20,2019-02-11,inner_train,True,189.0,False,1.2447307967981036,True
inner_2021,42,train,random,214,71,2019-11-21,2019-04-23,inner_train,True,143.0,False,1.4090978501374671,True
inner_2021,42,train,random,215,202,2019-11-22,2019-11-05,inner_train,True,13.0,True,0.10536051565782678,True
inner_2021,42,train,random,216,77,2019-11-25,2019-05-02,inner_train,True,139.0,False,0.1425630646548699,True
inner_2021,42,train,random,217,193,2019-11-26,2019-10-22,inner_train,True,24.0,True,0.6588851169534231,True
inner_2021,42,train,random,218,105,2019-11-27,2019-06-14,inner_train,True,113.0,False,0.2641515750415868,True
inner_2021,42,train,random,219,150,2019-11-28,2019-08-21,inner_train,True,69.0,False,1.1366396842573487,True
inner_2021,42,train,random,220,98,2019-11-29,2019-06-05,inner_train,True,122.0,True,0.8217321492491427,True
inner_2021,42,train,random,221,57,2019-12-02,2019-03-29,inner_train,True,164.0,False,1.064262808653472,True
inner_2021,42,train,random,222,166,2019-12-03,2019-09-12,inner_train,True,56.0,False,0.45939561463354206,True
inner_2021,42,train,random,223,212,2019-12-04,2019-11-19,inner_train,True,11.0,False,2.0561459790763137,True
inner_2021,42,train,random,224,57,2019-12-06,2019-03-29,inner_train,True,167.0,False,0.6458942957093998,True
inner_2021,42,train,random,225,172,2019-12-09,2019-09-20,inner_train,True,53.0,True,0.8746968996774851,True
inner_2021,42,train,random,226,57,2019-12-11,2019-03-29,inner_train,True,169.0,False,0.7259370033829362,True
inner_2021,42,train,random,227,159,2019-12-12,2019-09-03,inner_train,True,68.0,False,0.03922071315328157,True
inner_2021,42,train,random,228,176,2019-12-13,2019-09-26,inner_train,True,52.0,True,1.1191852977858239,True
inner_2021,42,train,random,229,101,2019-12-16,2019-06-10,inner_train,True,128.0,False,0.4693768664549265,True
inner_2021,42,train,random,230,166,2019-12-17,2019-09-12,inner_train,True,64.0,False,0.27518190968754963,True
inner_2021,42,train,random,231,61,2019-12-18,2019-04-04,inner_train,True,170.0,False,0.06899287148695166,True
inner_2021,42,train,random,232,18,2019-12-19,2019-02-01,inner_train,True,214.0,False,0.15783053678565917,True
inner_2021,42,train,random,233,22,2019-12-20,2019-02-07,inner_train,True,211.0,False,0.029852963149681333,True
inner_2021,42,train,random,234,102,2019-12-23,2019-06-11,inner_train,True,132.0,False,0.7716502420478895,True
inner_2021,42,train,random,235,208,2019-12-24,2019-11-13,inner_train,True,27.0,True,0.7213180575266418,True
inner_2021,42,train,random,236,29,2019-12-25,2019-02-18,inner_train,True,207.0,True,0.2348185828947127,True
inner_2021,42,train,random,237,106,2019-12-26,2019-06-17,inner_train,True,131.0,False,0.5099001262450478,True
inner_2021,42,train,random,238,164,2019-12-27,2019-09-10,inner_train,True,74.0,False,0.1894436328683673,True
inner_2021,42,train,random,239,47,2019-12-30,2019-03-15,inner_train,True,192.0,True,0.43643840000475764,True
inner_2021,42,train,random,240,170,2020-01-02,2019-09-18,inner_train,True,70.0,True,1.0258529343856817,False
inner_2021,42,train,random,241,72,2020-01-03,2019-04-24,inner_train,True,169.0,False,0.24256163717131152,False
inner_2021,42,train,random,242,192,2020-01-06,2019-10-21,inner_train,True,50.0,True,0.20787607918342133,False
inner_2021,42,train,random,243,138,2020-01-07,2019-08-02,inner_train,True,105.0,False,0.2671375432201484,False
inner_2021,42,train,random,244,131,2020-01-08,2019-07-23,inner_train,True,113.0,True,0.48729512635579697,False
inner_2021,42,train,random,245,42,2020-01-09,2019-03-08,inner_train,True,203.0,False,0.9333166814640816,False
inner_2021,42,train,random,246,112,2020-01-10,2019-06-25,inner_train,True,134.0,False,0.6486954179891118,False
inner_2021,42,train,random,247,208,2020-01-13,2019-11-13,inner_train,True,39.0,True,1.7176514970743328,False
inner_2021,42,train,random,248,4,2020-01-14,2019-01-14,inner_train,True,244.0,True,0.30830135965451655,False
inner_2021,42,train,random,249,185,2020-01-15,2019-10-09,inner_train,True,64.0,False,0.20264502976586884,False
inner_2021,42,train,random,250,121,2020-01-16,2019-07-08,inner_train,True,129.0,False,0.15315117949417445,False
inner_2021,42,train,random,251,177,2020-01-17,2019-09-27,inner_train,True,74.0,True,0.992663710658729,False
inner_2021,42,train,random,252,164,2020-01-20,2019-09-10,inner_train,True,88.0,False,0.683447783471232,False
inner_2021,42,train,random,253,107,2020-01-21,2019-06-18,inner_train,True,146.0,False,0.33198233134836075,False
inner_2021,42,train,random,254,77,2020-01-22,2019-05-02,inner_train,True,177.0,False,1.3252584705335213,False
inner_2021,42,train,random,255,157,2020-01-23,2019-08-30,inner_train,True,98.0,True,0.9917470661182164,False
inner_2021,42,train,random,256,35,2020-01-24,2019-02-27,inner_train,True,221.0,False,0.4595323293784399,False
inner_2021,42,train,random,257,147,2020-01-27,2019-08-16,inner_train,True,110.0,True,1.4869336041617949,False
inner_2021,42,train,random,258,24,2020-01-28,2019-02-11,inner_train,True,234.0,False,0.2231435513142097,False
inner_2021,42,train,random,259,165,2020-01-29,2019-09-11,inner_train,True,94.0,False,0.28512125159010715,False
inner_2021,42,train,random,260,160,2020-01-30,2019-09-04,inner_train,True,100.0,False,0.23262229526875355,False
inner_2021,42,train,random,261,21,2020-01-31,2019-02-06,inner_train,True,240.0,False,0.6960443337210984,False
inner_2021,42,train,random,262,195,2020-02-03,2019-10-25,inner_train,True,67.0,False,0.4471889514795646,False
inner_2021,42,train,random,263,107,2020-02-04,2019-06-18,inner_train,True,156.0,False,0.3025706849455312,False
inner_2021,42,train,random,264,204,2020-02-05,2019-11-07,inner_train,True,60.0,False,0.27754312732083,False
inner_2021,42,train,random,265,10,2020-02-06,2019-01-22,inner_train,True,255.0,False,0.8195882789594431,False
inner_2021,42,train,random,266,47,2020-02-07,2019-03-15,inner_train,True,219.0,False,0.5212969236332858,False
inner_2021,42,train,random,267,129,2020-02-11,2019-07-19,inner_train,True,138.0,False,0.13353139262452274,False
inner_2021,42,train,random,268,49,2020-02-12,2019-03-19,inner_train,True,219.0,False,0.5682165687080221,False
inner_2021,42,train,random,269,87,2020-02-13,2019-05-17,inner_train,True,182.0,True,2.156733215981482,False
inner_2021,42,train,random,270,175,2020-02-14,2019-09-25,inner_train,True,95.0,True,0.4363676441708746,False
inner_2021,42,train,random,271,38,2020-02-17,2019-03-04,inner_train,True,233.0,True,0.35290969434017594,False
inner_2021,42,train,random,272,181,2020-02-18,2019-10-03,inner_train,True,91.0,True,0.3999999999999999,False
inner_2021,42,train,random,273,27,2020-02-19,2019-02-14,inner_train,True,246.0,False,0.6122315178632269,False
inner_2021,42,train,random,274,47,2020-02-20,2019-03-15,inner_train,True,227.0,False,0.7458958096839052,False
inner_2021,42,train,random,275,159,2020-02-21,2019-09-03,inner_train,True,116.0,False,0.7835300312419085,False
inner_2021,42,train,random,276,215,2020-02-24,2019-11-22,inner_train,True,61.0,False,1.5747885138858901,False
inner_2021,42,train,random,277,46,2020-02-25,2019-03-14,inner_train,True,231.0,False,0.1601292451995926,False
inner_2021,42,train,random,278,82,2020-02-26,2019-05-10,inner_train,True,196.0,True,0.5776342934381002,False
inner_2021,42,train,random,279,254,2020-02-27,2020-01-22,inner_train,True,25.0,False,1.0258529343856817,True
inner_2021,42,train,random,280,273,2020-02-28,2020-02-19,inner_train,True,7.0,True,0.2680652387057214,True
inner_2021,42,train,random,281,160,2020-03-02,2019-09-04,inner_train,True,121.0,False,0.9572600742429636,False
inner_2021,42,train,random,282,124,2020-03-03,2019-07-11,inner_train,True,158.0,False,0.7029495445825695,False
inner_2021,42,train,random,283,96,2020-03-04,2019-05-31,inner_train,True,187.0,True,1.0769130577980617,False
inner_2021,42,train,random,284,171,2020-03-05,2019-09-19,inner_train,True,113.0,False,0.3963534277569085,False
inner_2021,42,train,random,285,166,2020-03-06,2019-09-12,inner_train,True,119.0,False,0.7566471381014734,False
inner_2021,42,train,random,286,83,2020-03-09,2019-05-13,inner_train,True,203.0,True,1.779336949229497,False
inner_2021,42,train,random,287,6,2020-03-10,2019-01-16,inner_train,True,281.0,False,0.6380874033769182,False
inner_2021,42,train,random,288,43,2020-03-11,2019-03-11,inner_train,True,245.0,True,0.4307829160924541,False
inner_2021,42,train,random,289,273,2020-03-12,2020-02-19,inner_train,True,16.0,True,0.6154215052202994,True
inner_2021,42,train,random,290,119,2020-03-13,2019-07-04,inner_train,True,171.0,False,0.7245773838668965,False
inner_2021,42,train,random,291,138,2020-03-16,2019-08-02,inner_train,True,153.0,True,0.5157009381291653,False
inner_2021,42,train,random,292,134,2020-03-17,2019-07-26,inner_train,True,158.0,False,0.4540827246108754,False
inner_2021,42,train,random,293,226,2020-03-18,2019-12-11,inner_train,True,67.0,True,0.2784062299892591,False
inner_2021,42,train,random,294,18,2020-03-19,2019-02-01,inner_train,True,276.0,False,0.2524957633267375,False
inner_2021,42,train,random,295,24,2020-03-20,2019-02-11,inner_train,True,271.0,False,0.391562202939173,False
inner_2021,42,train,random,296,80,2020-03-23,2019-05-08,inner_train,True,216.0,False,0.9794696334956869,False
inner_2021,42,train,random,297,142,2020-03-24,2019-08-08,inner_train,True,155.0,True,0.9675840262617057,False
inner_2021,42,train,random,298,197,2020-03-25,2019-10-29,inner_train,True,101.0,True,0.4595323293784399,False
inner_2021,42,train,random,299,144,2020-03-26,2019-08-13,inner_train,True,155.0,True,2.6011849785523165,False
inner_2021,42,train,random,300,130,2020-03-27,2019-07-22,inner_train,True,170.0,False,2.5122313645028274,False
inner_2021,42,train,random,301,278,2020-03-30,2020-02-26,inner_train,True,23.0,True,2.4315700730274767,True
inner_2021,42,train,random,302,47,2020-03-31,2019-03-15,inner_train,True,255.0,False,1.2823891801984737,False
inner_2021,42,train,random,303,170,2020-04-01,2019-09-18,inner_train,True,133.0,False,0.660048108249661,False
inner_2021,42,train,random,304,162,2020-04-02,2019-09-06,inner_train,True,142.0,False,0.6178682937882303,False
inner_2021,42,train,random,305,142,2020-04-03,2019-08-08,inner_train,True,163.0,True,0.17062551703076334,False
inner_2021,42,train,random,306,243,2020-04-07,2020-01-07,inner_train,True,63.0,True,0.7710358755535731,True
inner_2021,42,train,random,307,80,2020-04-08,2019-05-08,inner_train,True,227.0,True,0.19237189264745647,False
inner_2021,42,train,random,308,289,2020-04-09,2020-03-12,inner_train,True,19.0,False,0.5277751820797638,True
inner_2021,42,train,random,309,101,2020-04-10,2019-06-10,inner_train,True,208.0,True,0.3067006934357521,False
inner_2021,42,train,random,310,166,2020-04-13,2019-09-12,inner_train,True,144.0,True,0.3769646039974921,False
inner_2021,42,train,random,311,159,2020-04-14,2019-09-03,inner_train,True,152.0,False,0.3715635564324833,False
inner_2021,42,train,random,312,261,2020-04-15,2020-01-31,inner_train,True,51.0,False,0.39619965466237383,True
inner_2021,42,train,random,313,135,2020-04-16,2019-07-30,inner_train,True,178.0,False,0.2586945355785293,False
inner_2021,42,train,random,314,88,2020-04-17,2019-05-21,inner_train,True,226.0,False,1.9898229897618562,False
inner_2021,42,train,random,315,6,2020-04-20,2019-01-16,inner_train,True,309.0,False,0.45576584658296326,False
inner_2021,42,train,random,316,113,2020-04-21,2019-06-26,inner_train,True,203.0,True,0.1639724181257587,False
inner_2021,42,train,random,317,258,2020-04-22,2020-01-28,inner_train,True,59.0,False,0.2892833538187545,True
inner_2021,42,train,random,318,3,2020-04-23,2019-01-11,inner_train,True,315.0,False,1.085599974924563,False
inner_2021,42,train,random,319,282,2020-04-24,2020-03-03,inner_train,True,37.0,False,0.5079806716337592,True
inner_2021,42,train,random,320,171,2020-04-27,2019-09-19,inner_train,True,149.0,False,0.9782749732066298,False
inner_2021,42,train,random,321,44,2020-04-28,2019-03-12,inner_train,True,277.0,False,1.0359887667199965,False
inner_2021,42,train,random,322,96,2020-04-29,2019-05-31,inner_train,True,226.0,False,0.7466713709274848,False
inner_2021,42,train,random,323,176,2020-04-30,2019-09-26,inner_train,True,147.0,False,0.5961891383995779,False
inner_2021,42,train,random,324,101,2020-05-05,2019-06-10,inner_train,True,223.0,True,0.23684239567237153,False
inner_2021,42,train,random,325,34,2020-05-07,2019-02-26,inner_train,True,291.0,False,0.02150620522096336,False
inner_2021,42,train,random,326,214,2020-05-08,2019-11-21,inner_train,True,112.0,True,1.1169614273363062,False
inner_2021,42,train,random,327,217,2020-05-11,2019-11-26,inner_train,True,110.0,True,0.16372013084340908,False
inner_2021,42,train,random,328,38,2020-05-12,2019-03-04,inner_train,True,290.0,False,0.08901137765629707,False
inner_2021,42,train,random,329,91,2020-05-13,2019-05-24,inner_train,True,238.0,False,0.2464004134784763,False
inner_2021,42,train,random,330,79,2020-05-14,2019-05-07,inner_train,True,251.0,True,0.31117308552737954,False
inner_2021,42,train,random,331,215,2020-05-15,2019-11-22,inner_train,True,116.0,True,0.2591274146487512,False
inner_2021,42,train,random,332,239,2020-05-18,2019-12-30,inner_train,True,93.0,True,0.9147646413038633,False
inner_2021,42,train,random,333,239,2020-05-19,2019-12-30,inner_train,True,94.0,True,1.1122047309460106,False
inner_2021,42,train,random,334,309,2020-05-20,2020-04-10,inner_train,True,25.0,True,0.8043728156701695,True
inner_2021,42,train,random,335,254,2020-05-21,2020-01-22,inner_train,True,81.0,False,1.5706849261368676,True
inner_2021,42,train,random,336,106,2020-05-22,2019-06-17,inner_train,True,230.0,False,1.0914948208992463,False
inner_2021,42,train,random,337,35,2020-05-25,2019-02-27,inner_train,True,302.0,False,0.10536051565782634,False
inner_2021,42,train,random,338,205,2020-05-26,2019-11-08,inner_train,True,133.0,False,0.2648162477147782,False
inner_2021,42,train,random,339,306,2020-05-27,2020-04-07,inner_train,True,33.0,False,0.1009302312491247,True
inner_2021,42,train,random,340,327,2020-05-28,2020-05-11,inner_train,True,13.0,False,0.19237189264745647,True
inner_2021,42,train,random,341,77,2020-05-29,2019-05-02,inner_train,True,264.0,True,0.7368222440626067,False
inner_2021,42,train,random,342,79,2020-06-01,2019-05-07,inner_train,True,263.0,False,0.4854017093568572,False
inner_2021,42,train,random,343,12,2020-06-02,2019-01-24,inner_train,True,331.0,True,0.3997344333991797,False
inner_2021,42,train,random,344,48,2020-06-04,2019-03-18,inner_train,True,296.0,False,0.42121346507630353,False
inner_2021,42,train,random,345,189,2020-06-05,2019-10-16,inner_train,True,156.0,False,0.26747936513426174,False
inner_2021,42,train,random,346,187,2020-06-08,2019-10-11,inner_train,True,159.0,False,0.04652001563489261,False
inner_2021,42,train,random,347,127,2020-06-09,2019-07-17,inner_train,True,220.0,False,0.6458504658568804,False
inner_2021,42,train,random,348,106,2020-06-10,2019-06-17,inner_train,True,242.0,True,0.269967564519463,False
inner_2021,42,train,random,349,286,2020-06-11,2020-03-09,inner_train,True,63.0,False,0.2082179010975338,True
inner_2021,42,train,random,350,159,2020-06-12,2019-09-03,inner_train,True,191.0,False,0.3331444465285385,False
inner_2021,42,train,random,351,280,2020-06-15,2020-02-28,inner_train,True,71.0,False,0.7011050927839215,True
inner_2021,42,train,random,352,335,2020-06-16,2020-05-21,inner_train,True,17.0,True,0.6019904055911343,True
inner_2021,42,train,random,353,110,2020-06-17,2019-06-21,inner_train,True,243.0,True,0.25756869747793143,False
inner_2021,42,train,random,354,70,2020-06-18,2019-04-22,inner_train,True,284.0,True,0.4246227821410975,False
inner_2021,42,train,random,355,334,2020-06-19,2020-05-20,inner_train,True,21.0,False,0.7230001437096263,True
inner_2021,42,train,random,356,223,2020-06-22,2019-12-04,inner_train,True,133.0,False,0.30438392206971265,False
inner_2021,42,train,random,357,102,2020-06-23,2019-06-11,inner_train,True,255.0,False,0.3715635564324833,False
inner_2021,42,train,random,358,220,2020-06-24,2019-11-29,inner_train,True,138.0,True,0.706219262127298,False
inner_2021,42,train,random,359,182,2020-06-25,2019-10-04,inner_train,True,177.0,False,0.1836127125575744,False
inner_2021,42,train,random,360,322,2020-06-26,2020-04-29,inner_train,True,38.0,False,0.6464004134784767,True
inner_2021,42,train,random,361,91,2020-06-29,2019-05-24,inner_train,True,270.0,False,0.19671029424605457,False
inner_2021,42,train,random,362,354,2020-06-30,2020-06-18,inner_train,True,8.0,False,0.22590471275553758,True
inner_2021,42,train,random,363,336,2020-07-01,2020-05-22,inner_train,True,27.0,True,1.3319002890540923,True
inner_2021,42,train,random,364,65,2020-07-02,2019-04-11,inner_train,True,299.0,True,0.6045111078433139,False
inner_2021,42,train,random,365,59,2020-07-03,2019-04-02,inner_train,True,306.0,True,0.673729094702844,False
inner_2021,42,train,random,366,193,2020-07-07,2019-10-22,inner_train,True,173.0,True,0.47980762934235655,False
inner_2021,42,train,random,367,16,2020-07-08,2019-01-30,inner_train,True,351.0,False,0.6161861394238168,False
inner_2021,42,train,random,368,108,2020-07-09,2019-06-19,inner_train,True,260.0,False,0.31177962403084125,False
inner_2021,42,train,random,369,158,2020-07-10,2019-09-02,inner_train,True,211.0,True,0.32378707709389687,False
inner_2021,42,train,random,370,354,2020-07-13,2020-06-18,inner_train,True,16.0,False,0.2365152882800987,True
inner_2021,42,train,random,371,364,2020-07-14,2020-07-02,inner_train,True,7.0,False,0.4941011808247957,True
inner_2021,42,train,random,372,55,2020-07-15,2019-03-27,inner_train,True,317.0,True,0.23220581297624587,False
inner_2021,42,train,random,373,329,2020-07-16,2020-05-13,inner_train,True,44.0,True,0.3877655310087631,True
inner_2021,42,train,random,374,33,2020-07-17,2019-02-25,inner_train,True,341.0,False,0.39275845683904986,False
inner_2021,42,train,random,375,277,2020-07-20,2020-02-25,inner_train,True,98.0,False,0.5669958952330454,True
inner_2021,42,train,random,376,314,2020-07-21,2020-04-17,inner_train,True,62.0,True,0.17107469568307954,True
inner_2021,42,train,random,377,332,2020-07-22,2020-05-18,inner_train,True,45.0,True,1.253585675246832,True
inner_2021,42,train,random,378,83,2020-07-23,2019-05-13,inner_train,True,295.0,False,1.4475050921647865,False
inner_2021,42,train,random,379,335,2020-07-24,2020-05-21,inner_train,True,44.0,False,1.0651363594717203,True
inner_2021,42,train,random,380,43,2020-07-29,2019-03-11,inner_train,True,337.0,False,0.581556115151483,False
inner_2021,42,train,random,381,195,2020-07-30,2019-10-25,inner_train,True,186.0,False,0.33647223662121295,False
inner_2021,42,train,random,382,177,2020-07-31,2019-09-27,inner_train,True,205.0,False,1.3138684751491536,False
inner_2021,42,train,random,383,119,2020-08-03,2019-07-04,inner_train,True,264.0,False,0.38888098009262917,False
inner_2021,42,train,random,384,8,2020-08-04,2019-01-18,inner_train,True,376.0,False,0.5060294515024979,False
inner_2021,42,train,random,385,294,2020-08-05,2020-03-19,inner_train,True,91.0,True,0.6804620210326293,True
inner_2021,42,train,random,386,128,2020-08-06,2019-07-18,inner_train,True,258.0,False,0.13237688027769767,False
inner_2021,42,train,random,387,253,2020-08-07,2020-01-21,inner_train,True,134.0,False,0.5677129981680418,True
inner_2021,42,train,random,388,157,2020-08-10,2019-08-30,inner_train,True,231.0,False,1.5977031913123407,False
inner_2021,42,train,random,389,143,2020-08-11,2019-08-09,inner_train,True,246.0,False,0.2566662433528535,False
inner_2021,42,train,random,390,342,2020-08-13,2020-06-01,inner_train,True,48.0,False,0.6157446626769523,True
inner_2021,42,train,random,391,36,2020-08-14,2019-02-28,inner_train,True,355.0,True,0.23561321682065062,False
inner_2021,42,train,random,392,285,2020-08-17,2020-03-06,inner_train,True,107.0,False,1.4497943186614188,True
inner_2021,42,train,random,393,290,2020-08-18,2020-03-13,inner_train,True,103.0,False,0.4143479816857414,True
inner_2021,42,train,random,394,148,2020-08-19,2019-08-19,inner_train,True,246.0,False,0.8188983858655061,False
inner_2021,42,train,random,395,102,2020-08-20,2019-06-11,inner_train,True,293.0,False,0.9365289941151471,False
inner_2021,42,train,random,396,2,2020-08-21,2019-01-10,inner_train,True,394.0,False,1.0411802395822343,False
inner_2021,42,train,random,397,368,2020-08-24,2020-07-09,inner_train,True,29.0,False,0.4215944900380477,True
inner_2021,42,train,random,398,373,2020-08-25,2020-07-16,inner_train,True,25.0,False,0.25886163391628925,True
inner_2021,42,train,random,399,95,2020-08-26,2019-05-30,inner_train,True,304.0,False,0.26747936513426174,False
inner_2021,42,train,random,400,12,2020-08-27,2019-01-24,inner_train,True,388.0,False,0.3509769228240942,False
inner_2021,42,train,random,401,48,2020-08-28,2019-03-18,inner_train,True,353.0,True,0.9602099658089909,False
inner_2021,42,train,random,402,26,2020-08-31,2019-02-13,inner_train,True,376.0,False,0.3433926794657869,False
inner_2021,42,train,random,403,331,2020-09-01,2020-05-15,inner_train,True,72.0,False,0.7852205105455297,True
inner_2021,42,train,random,404,356,2020-09-02,2020-06-22,inner_train,True,48.0,False,0.2938740426997022,True
inner_2021,42,train,random,405,61,2020-09-03,2019-04-04,inner_train,True,344.0,False,0.08768500449910421,False
inner_2021,42,train,random,406,300,2020-09-08,2020-03-27,inner_train,True,106.0,True,2.579071382628677,True
inner_2021,42,train,random,407,72,2020-09-09,2019-04-24,inner_train,True,335.0,False,0.17356876568435986,False
inner_2021,42,train,random,408,148,2020-09-10,2019-08-19,inner_train,True,260.0,True,1.7088718094222877,False
inner_2021,42,train,random,409,242,2020-09-11,2020-01-06,inner_train,True,167.0,False,0.16865536603013975,True
inner_2021,42,train,random,410,292,2020-09-14,2020-03-17,inner_train,True,118.0,True,0.39768296766610955,True
inner_2021,42,train,random,411,355,2020-09-15,2020-06-19,inner_train,True,56.0,False,0.6198749794536198,True
inner_2021,42,train,random,412,18,2020-09-16,2019-02-01,inner_train,True,394.0,False,0.6061358035703157,False
inner_2021,42,train,random,413,80,2020-09-17,2019-05-08,inner_train,True,333.0,False,0.6184562879583564,False
inner_2021,42,train,random,414,115,2020-09-18,2019-06-28,inner_train,True,299.0,False,0.35709152382394826,False
inner_2021,42,train,random,415,127,2020-09-21,2019-07-17,inner_train,True,288.0,False,0.2047944126460135,False
inner_2021,42,train,random,416,411,2020-09-22,2020-09-15,inner_train,True,5.0,True,0.40150470689206763,True
inner_2021,42,train,random,417,321,2020-09-23,2020-04-28,inner_train,True,96.0,False,1.1602864833975741,True
inner_2021,42,train,random,418,132,2020-09-24,2019-07-24,inner_train,True,286.0,False,0.19591399907185547,False
inner_2021,42,train,random,419,403,2020-09-25,2020-09-01,inner_train,True,16.0,True,0.10026068496418095,True
inner_2021,42,train,random,420,207,2020-09-28,2019-11-12,inner_train,True,213.0,False,0.6756248298677425,False
inner_2021,42,train,random,421,208,2020-09-29,2019-11-13,inner_train,True,213.0,False,1.357648763042926,False
inner_2021,42,train,random,422,181,2020-09-30,2019-10-03,inner_train,True,241.0,True,0.16034265007517945,False
inner_2021,42,train,random,423,60,2020-10-01,2019-04-03,inner_train,True,363.0,False,0.48709806260503585,False
inner_2021,42,train,random,424,392,2020-10-02,2020-08-17,inner_train,True,32.0,False,0.8655102843105023,True
inner_2021,42,train,random,425,5,2020-10-05,2019-01-15,inner_train,True,420.0,False,0.932027831416594,False
inner_2021,42,train,random,426,73,2020-10-06,2019-04-25,inner_train,True,353.0,False,1.4971619620904635,False
inner_2021,42,train,random,427,97,2020-10-07,2019-06-04,inner_train,True,330.0,False,2.1889064002456484,False
inner_2021,42,train,random,428,118,2020-10-08,2019-07-03,inner_train,True,310.0,False,1.5086626245216106,False
inner_2021,42,train,random,429,56,2020-10-09,2019-03-28,inner_train,True,373.0,False,2.6115251274784157,False
inner_2021,42,train,random,430,7,2020-10-12,2019-01-17,inner_train,True,423.0,True,0.8581749220778794,False
inner_2021,42,train,random,431,289,2020-10-14,2020-03-12,inner_train,True,142.0,True,0.3313571359544425,True
inner_2021,42,train,random,432,414,2020-10-15,2020-09-18,inner_train,True,18.0,True,0.0,True
inner_2021,42,train,random,433,52,2020-10-16,2019-03-22,inner_train,True,381.0,False,0.10105859271518902,False
inner_2021,42,train,random,434,127,2020-10-19,2019-07-17,inner_train,True,307.0,False,0.2623642644674913,False
inner_2021,42,train,random,435,218,2020-10-20,2019-11-27,inner_train,True,217.0,False,0.6835777295437948,False
inner_2021,42,train,random,436,400,2020-10-21,2020-08-27,inner_train,True,36.0,False,0.2231435513142097,True
inner_2021,42,train,random,437,300,2020-10-22,2020-03-27,inner_train,True,137.0,True,1.5779221271259938,True
inner_2021,42,train,random,438,332,2020-10-26,2020-05-18,inner_train,True,106.0,False,1.542640431510585,True
inner_2021,42,train,random,439,252,2020-10-27,2020-01-20,inner_train,True,187.0,False,0.6477297008691525,True
inner_2021,42,train,random,440,181,2020-10-28,2019-10-03,inner_train,True,259.0,True,0.2363887780642302,False
inner_2021,42,train,random,441,87,2020-10-29,2019-05-17,inner_train,True,354.0,True,1.7152193921057206,False
inner_2021,42,train,random,442,378,2020-10-30,2020-07-23,inner_train,True,64.0,False,0.45092748218492185,True
inner_2021,42,train,random,443,353,2020-11-02,2020-06-17,inner_train,True,90.0,False,0.04167269640056803,True
inner_2021,42,train,random,444,11,2020-11-03,2019-01-23,inner_train,True,433.0,False,0.7339691750802002,False
inner_2021,42,train,random,445,315,2020-11-04,2020-04-20,inner_train,True,130.0,False,0.11155248590574729,True
inner_2021,42,train,random,446,37,2020-11-05,2019-03-01,inner_train,True,409.0,True,0.5024573740954739,False
inner_2021,42,train,random,447,327,2020-11-06,2020-05-11,inner_train,True,120.0,False,0.3983476403393009,True
inner_2021,42,train,random,448,366,2020-11-09,2020-07-07,inner_train,True,82.0,False,0.6505875661411493,True
inner_2021,42,train,random,449,58,2020-11-10,2019-04-01,inner_train,True,391.0,True,0.39086630868701144,False
inner_2021,42,train,random,450,193,2020-11-11,2019-10-22,inner_train,True,257.0,False,0.9197689962504798,False
inner_2021,42,train,random,451,55,2020-11-12,2019-03-27,inner_train,True,396.0,False,0.7446985061707059,False
inner_2021,42,train,random,452,254,2020-11-13,2020-01-22,inner_train,True,198.0,False,1.7650912221458945,True
inner_2021,42,train,random,453,416,2020-11-16,2020-09-22,inner_train,True,37.0,False,1.299282984130261,True
inner_2021,42,train,random,454,36,2020-11-17,2019-02-28,inner_train,True,418.0,False,0.8656952255269195,False
inner_2021,42,train,random,455,179,2020-11-18,2019-10-01,inner_train,True,276.0,False,0.6386589952758754,False
inner_2021,42,train,random,456,439,2020-11-19,2020-10-27,inner_train,True,17.0,False,0.9268742588893155,True
inner_2021,42,train,random,457,136,2020-11-20,2019-07-31,inner_train,True,321.0,False,0.5732009025257292,False
inner_2021,42,train,random,458,60,2020-11-23,2019-04-03,inner_train,True,398.0,True,0.4139757977760734,False
inner_2021,42,train,random,459,222,2020-11-24,2019-12-03,inner_train,True,237.0,False,0.3383258052705358,False
inner_2021,42,train,random,460,231,2020-11-25,2019-12-18,inner_train,True,229.0,False,0.2513144282809061,False
inner_2021,42,train,random,461,302,2020-11-26,2020-03-31,inner_train,True,159.0,False,1.784098970556455,True
inner_2021,42,train,random,462,143,2020-11-27,2019-08-09,inner_train,True,319.0,False,0.3766446695726726,False
inner_2021,42,train,random,463,438,2020-11-30,2020-10-26,inner_train,True,25.0,False,1.1451323043030022,True
inner_2021,42,train,random,464,239,2020-12-01,2019-12-30,inner_train,True,225.0,False,0.4219463342919556,False
inner_2021,42,train,random,465,132,2020-12-02,2019-07-24,inner_train,True,333.0,False,0.11450971031141366,False
inner_2021,42,train,random,466,443,2020-12-03,2020-11-02,inner_train,True,23.0,False,0.22590471275553847,True
inner_2021,42,train,random,467,428,2020-12-04,2020-10-08,inner_train,True,39.0,False,2.3115606690406754,True
inner_2021,42,train,random,468,231,2020-12-08,2019-12-18,inner_train,True,237.0,False,0.21371654029545128,False
inner_2021,42,train,random,469,11,2020-12-09,2019-01-23,inner_train,True,458.0,False,0.9883440495142128,False
inner_2021,42,train,random,470,278,2020-12-14,2020-02-26,inner_train,True,192.0,False,0.08686112531779733,True
inner_2021,42,train,random,471,259,2020-12-15,2020-01-29,inner_train,True,212.0,False,0.3507402084189173,True
inner_2021,42,train,random,472,69,2020-12-16,2019-04-19,inner_train,True,403.0,True,0.22641124705873983,False
inner_2021,42,train,random,473,297,2020-12-17,2020-03-24,inner_train,True,176.0,False,1.1767037762103847,True
inner_2021,42,train,random,474,395,2020-12-18,2020-08-20,inner_train,True,79.0,False,0.1990459997351488,True
inner_2021,42,train,random,475,49,2020-12-21,2019-03-19,inner_train,True,426.0,False,0.8031480757742737,False
inner_2021,42,train,random,476,341,2020-12-22,2020-05-29,inner_train,True,135.0,False,0.8344607136265227,True
inner_2021,42,train,random,477,66,2020-12-23,2019-04-12,inner_train,True,411.0,False,1.4900911548015343,False
inner_2021,42,train,random,478,354,2020-12-24,2020-06-18,inner_train,True,124.0,False,0.6080315387352142,True
inner_2021,42,train,random,479,199,2020-12-25,2019-10-31,inner_train,True,280.0,True,0.33001571584605394,False
inner_2021,42,train,random,480,3,2020-12-28,2019-01-11,inner_train,True,477.0,True,0.524930229947532,False
inner_2021,42,train,random,481,460,2020-12-29,2020-11-25,inner_train,True,21.0,False,0.23346906796089595,True
inner_2021,42,train,random,482,79,2020-12-30,2019-05-07,inner_train,True,403.0,True,0.10178269430994202,False
inner_2021,42,validation,matched,0,339,2021-01-04,2020-05-27,inner_train,True,,True,0.02666824708216131,False
inner_2021,42,validation,matched,1,466,2021-01-05,2020-12-03,inner_train,True,,True,0.047006042375930424,False
inner_2021,42,validation,matched,2,77,2021-01-06,2019-05-02,inner_train,True,,True,0.07249550203815325,False
inner_2021,42,validation,matched,3,470,2021-01-07,2020-12-14,inner_train,True,,True,0.03174869831458027,False
inner_2021,42,validation,matched,4,113,2021-01-08,2019-06-26,inner_train,True,,True,0.06027412235111429,False
inner_2021,42,validation,matched,5,126,2021-01-11,2019-07-15,inner_train,True,,True,0.08367247572411562,False
inner_2021,42,validation,matched,6,117,2021-01-12,2019-07-02,inner_train,True,,True,0.0,False
inner_2021,42,validation,matched,7,317,2021-01-13,2020-04-22,inner_train,True,,True,0.05001042057466165,False
inner_2021,42,validation,matched,8,471,2021-01-14,2020-12-15,inner_train,True,,True,0.019048194970694432,False
inner_2021,42,validation,matched,9,205,2021-01-15,2019-11-08,inner_train,True,,True,0.018018505502678472,False
inner_2021,42,validation,matched,10,469,2021-01-18,2020-12-09,inner_train,True,,True,0.03704127168034921,False
inner_2021,42,validation,matched,11,76,2021-01-19,2019-04-30,inner_train,True,,True,0.10544912493527514,False
inner_2021,42,validation,matched,12,457,2021-01-20,2020-11-20,inner_train,True,,True,0.13216376314408773,False
inner_2021,42,validation,matched,13,77,2021-01-21,2019-05-02,inner_train,True,,True,0.11211729812070548,False
inner_2021,42,validation,matched,14,464,2021-01-22,2020-12-01,inner_train,True,,True,0.10850939887105504,False
inner_2021,42,validation,matched,15,76,2021-01-25,2019-04-30,inner_train,True,,True,0.06791120561621034,False
inner_2021,42,validation,matched,16,76,2021-01-26,2019-04-30,inner_train,True,,True,0.07878087785311383,False
inner_2021,42,validation,matched,17,217,2021-01-27,2019-11-26,inner_train,True,,True,0.0,False
inner_2021,42,validation,matched,18,351,2021-01-28,2020-06-15,inner_train,True,,True,0.03390155167568132,False
inner_2021,42,validation,matched,19,380,2021-01-29,2020-07-29,inner_train,True,,True,0.04255961441879608,False
inner_2021,42,validation,matched,20,369,2021-02-01,2020-07-10,inner_train,True,,True,0.5050763843872685,False
inner_2021,42,validation,matched,21,1,2021-02-02,2019-01-09,inner_train,True,,True,0.43363598507486056,False
inner_2021,42,validation,matched,22,157,2021-02-03,2019-08-30,inner_train,True,,True,0.150236780506122,False
inner_2021,42,validation,matched,23,170,2021-02-04,2019-09-18,inner_train,True,,True,0.8484824931918551,False
inner_2021,42,validation,matched,24,170,2021-02-05,2019-09-18,inner_train,True,,True,0.7053816495511818,False
inner_2021,42,validation,matched,25,170,2021-02-08,2019-09-18,inner_train,True,,True,0.20653581491454887,False
inner_2021,42,validation,matched,26,400,2021-02-09,2020-08-27,inner_train,True,,True,0.2578291093020999,False
inner_2021,42,validation,matched,27,247,2021-02-10,2020-01-13,inner_train,True,,True,0.12136085700426724,False
inner_2021,42,validation,matched,28,351,2021-02-11,2020-06-15,inner_train,True,,True,0.04546237407675724,False
inner_2021,42,validation,matched,29,326,2021-02-15,2020-05-08,inner_train,True,,True,0.055262678675049415,False
inner_2021,42,validation,matched,30,48,2021-02-16,2019-03-18,inner_train,True,,True,0.030771658666753687,False
inner_2021,42,validation,matched,31,325,2021-02-17,2020-05-07,inner_train,True,,True,0.03174869831458027,False
inner_2021,42,validation,matched,32,313,2021-02-18,2020-04-16,inner_train,True,,True,0.020619287202735315,False
inner_2021,42,validation,matched,33,363,2021-02-19,2020-07-01,inner_train,True,,True,0.08455738802806279,False
inner_2021,42,validation,matched,34,307,2021-02-22,2020-04-08,inner_train,True,,True,0.0794597872256686,False
inner_2021,42,validation,matched,35,134,2021-02-23,2019-07-26,inner_train,True,,True,0.03333642026759165,False
inner_2021,42,validation,matched,36,390,2021-02-24,2020-08-13,inner_train,True,,True,0.10177039607781246,False
inner_2021,42,validation,matched,37,36,2021-02-25,2019-02-28,inner_train,True,,True,0.07003547619729078,False
inner_2021,42,validation,matched,38,390,2021-03-01,2020-08-13,inner_train,True,,True,0.07061756721395307,False
inner_2021,42,validation,matched,39,308,2021-03-02,2020-04-09,inner_train,True,,True,0.04758896282379821,False
inner_2021,42,validation,matched,40,458,2021-03-03,2020-11-23,inner_train,True,,True,0.030771658666753687,False
inner_2021,42,validation,matched,41,311,2021-03-04,2020-04-14,inner_train,True,,True,0.08519484606323191,False
inner_2021,42,validation,matched,42,365,2021-03-05,2020-07-03,inner_train,True,,True,0.06899287148695166,False
inner_2021,42,validation,matched,43,122,2021-03-08,2019-07-09,inner_train,True,,True,0.03774032798284699,False
inner_2021,42,validation,matched,44,103,2021-03-09,2019-06-12,inner_train,True,,True,0.09531017980432477,False
inner_2021,42,validation,matched,45,119,2021-03-10,2019-07-04,inner_train,True,,True,0.2894953095759618,False
inner_2021,42,validation,matched,46,347,2021-03-11,2020-06-09,inner_train,True,,True,0.0984400728132524,False
inner_2021,42,validation,matched,47,119,2021-03-12,2019-07-04,inner_train,True,,True,0.1031842362352311,False
inner_2021,42,validation,matched,48,341,2021-03-15,2020-05-29,inner_train,True,,True,0.022989518224698635,False
inner_2021,42,validation,matched,49,470,2021-03-16,2020-12-14,inner_train,True,,True,0.04981985363744812,False
inner_2021,42,validation,matched,50,233,2021-03-17,2019-12-20,inner_train,True,,True,0.06557104575176043,False
inner_2021,42,validation,matched,51,159,2021-03-18,2019-09-03,inner_train,True,,True,0.019418085857101808,False
inner_2021,42,validation,matched,52,130,2021-03-19,2019-07-22,inner_train,True,,True,0.03174869831458027,False
inner_2021,42,validation,matched,53,6,2021-03-22,2019-01-16,inner_train,True,,True,0.03846628082779624,False
inner_2021,42,validation,matched,54,379,2021-03-23,2020-07-24,inner_train,True,,True,0.06183787956190745,False
inner_2021,42,validation,matched,55,379,2021-03-24,2020-07-24,inner_train,True,,True,0.06127082539304096,False
inner_2021,42,validation,matched,56,239,2021-03-25,2019-12-30,inner_train,True,,True,0.03704127168034921,False
inner_2021,42,validation,matched,57,189,2021-03-26,2019-10-16,inner_train,True,,True,0.03922071315328157,False
inner_2021,42,validation,matched,58,62,2021-03-29,2019-04-05,inner_train,True,,True,0.08701137698962969,False
inner_2021,42,validation,matched,59,165,2021-03-30,2019-09-11,inner_train,True,,True,0.04255961441879608,False
inner_2021,42,validation,matched,60,17,2021-03-31,2019-01-31,inner_train,True,,True,0.06252035698133396,False
inner_2021,42,validation,matched,61,470,2021-04-01,2020-12-14,inner_train,True,,True,0.05116678417168208,False
inner_2021,42,validation,matched,62,460,2021-04-02,2020-11-25,inner_train,True,,True,0.04919024419077145,False
inner_2021,42,validation,matched,63,358,2021-04-05,2020-06-24,inner_train,True,,True,0.05942342047080107,False
inner_2021,42,validation,matched,64,351,2021-04-07,2020-06-15,inner_train,True,,True,0.03278982282299081,False
inner_2021,42,validation,matched,65,433,2021-04-08,2020-10-16,inner_train,True,,True,0.04082199452025481,False
inner_2021,42,validation,matched,66,421,2021-04-09,2020-09-29,inner_train,True,,True,0.07410797215372167,False
inner_2021,42,validation,matched,67,93,2021-04-12,2019-05-28,inner_train,True,,True,0.056170271467054445,False
inner_2021,42,validation,matched,68,91,2021-04-16,2019-05-24,inner_train,True,,True,0.0640788566845214,False
inner_2021,42,validation,matched,69,57,2021-04-19,2019-03-29,inner_train,True,,True,0.044171218313137306,False
inner_2021,42,validation,matched,70,375,2021-04-20,2020-07-20,inner_train,True,,True,0.060240080377356175,False
inner_2021,42,validation,matched,71,201,2021-04-21,2019-11-04,inner_train,True,,True,0.04984780572756797,False
inner_2021,42,validation,matched,72,57,2021-04-22,2019-03-29,inner_train,True,,True,0.05914767250269426,False
inner_2021,42,validation,matched,73,132,2021-04-23,2019-07-24,inner_train,True,,True,0.0,False
inner_2021,42,validation,matched,74,327,2021-04-26,2020-05-11,inner_train,True,,True,0.047006042375930424,False
inner_2021,42,validation,matched,75,48,2021-04-27,2019-03-18,inner_train,True,,True,0.021053409197832718,False
inner_2021,42,validation,matched,76,10,2021-04-28,2019-01-22,inner_train,True,,True,0.10899028370840469,False
inner_2021,42,validation,matched,77,248,2021-04-29,2020-01-14,inner_train,True,,True,0.04255961441879608,False
inner_2021,42,validation,matched,78,10,2021-04-30,2019-01-22,inner_train,True,,True,0.07835331424651493,False
inner_2021,42,validation,matched,79,47,2021-05-05,2019-03-15,inner_train,True,,True,0.09812721106430633,False
inner_2021,42,validation,matched,80,249,2021-05-06,2020-01-15,inner_train,True,,True,0.12260232209233246,False
inner_2021,42,validation,matched,81,50,2021-05-07,2019-03-20,inner_train,True,,True,0.08519484606323191,False
inner_2021,42,validation,matched,82,49,2021-05-10,2019-03-19,inner_train,True,,True,0.022989518224698635,False
inner_2021,42,validation,matched,83,307,2021-05-11,2020-04-08,inner_train,True,,True,0.107630664192365,False
inner_2021,42,validation,matched,84,392,2021-05-12,2020-08-17,inner_train,True,,True,0.17042443197512913,False
inner_2021,42,validation,matched,85,332,2021-05-13,2020-05-18,inner_train,True,,True,0.23127367739745885,False
inner_2021,42,validation,matched,86,209,2021-05-14,2019-11-14,inner_train,True,,True,0.1829906769259786,False
inner_2021,42,validation,matched,87,211,2021-05-17,2019-11-18,inner_train,True,,True,0.19808838285867747,False
inner_2021,42,validation,matched,88,209,2021-05-18,2019-11-14,inner_train,True,,True,0.430903681746849,False
inner_2021,42,validation,matched,89,213,2021-05-19,2019-11-20,inner_train,True,,True,0.4512517170361825,False
inner_2021,42,validation,matched,90,211,2021-05-20,2019-11-18,inner_train,True,,True,0.14092456421807764,False
inner_2021,42,validation,matched,91,212,2021-05-21,2019-11-19,inner_train,True,,True,0.23585020258332356,False
inner_2021,42,validation,matched,92,213,2021-05-24,2019-11-20,inner_train,True,,True,0.12806032087496444,False
inner_2021,42,validation,matched,93,207,2021-05-25,2019-11-12,inner_train,True,,True,0.06507104977356981,False
inner_2021,42,validation,matched,94,215,2021-05-27,2019-11-22,inner_train,True,,True,0.07430472572051583,False
inner_2021,42,validation,matched,95,339,2021-05-28,2020-05-27,inner_train,True,,True,0.06234313057413576,False
inner_2021,42,validation,matched,96,467,2021-05-31,2020-12-04,inner_train,True,,True,0.054067221270275745,False
inner_2021,42,validation,matched,97,77,2021-06-01,2019-05-02,inner_train,True,,True,0.10475636425637447,False
inner_2021,42,validation,matched,98,466,2021-06-02,2020-12-03,inner_train,True,,True,0.047006042375930424,False
inner_2021,42,validation,matched,99,352,2021-06-04,2020-06-16,inner_train,True,,True,0.0,False
inner_2021,42,validation,matched,100,99,2021-06-07,2019-06-06,inner_train,True,,True,0.058268908123976004,False
inner_2021,42,validation,matched,101,12,2021-06-08,2019-01-24,inner_train,True,,True,0.0,False
inner_2021,42,validation,matched,102,119,2021-06-09,2019-07-04,inner_train,True,,True,0.30966097917055624,False
inner_2021,42,validation,matched,103,65,2021-06-10,2019-04-11,inner_train,True,,True,0.0984400728132524,False
inner_2021,42,validation,matched,104,12,2021-06-11,2019-01-24,inner_train,True,,True,0.08338160893905089,False
inner_2021,42,validation,matched,105,122,2021-06-14,2019-07-09,inner_train,True,,True,0.05001042057466165,False
inner_2021,42,validation,matched,106,317,2021-06-15,2020-04-22,inner_train,True,,True,0.03922071315328157,False
inner_2021,42,validation,matched,107,317,2021-06-16,2020-04-22,inner_train,True,,True,0.03922071315328157,False
inner_2021,42,validation,matched,108,378,2021-06-17,2020-07-23,inner_train,True,,True,0.059357162395573315,False
inner_2021,42,validation,matched,109,29,2021-06-18,2019-02-18,inner_train,True,,True,0.09880058474409337,False
inner_2021,42,validation,matched,110,248,2021-06-21,2020-01-14,inner_train,True,,True,0.06995858860691051,False
inner_2021,42,validation,matched,111,31,2021-06-22,2019-02-21,inner_train,True,,True,0.058080838035968974,False
inner_2021,42,validation,matched,112,30,2021-06-23,2019-02-20,inner_train,True,,True,0.03509131981127034,False
inner_2021,42,validation,matched,113,49,2021-06-24,2019-03-19,inner_train,True,,True,0.08605085439152793,False
inner_2021,42,validation,matched,114,185,2021-06-25,2019-10-09,inner_train,True,,True,0.06591120494954339,False
inner_2021,42,validation,matched,115,423,2021-06-28,2020-10-01,inner_train,True,,True,0.03390155167568132,False
inner_2021,42,validation,matched,116,399,2021-06-29,2020-08-26,inner_train,True,,True,0.03774032798284699,False
inner_2021,42,validation,matched,117,289,2021-06-30,2020-03-12,inner_train,True,,True,0.05001042057466165,False
inner_2021,42,validation,matched,118,287,2021-07-01,2020-03-10,inner_train,True,,True,0.0281708769666964,False
inner_2021,42,validation,matched,119,421,2021-07-02,2020-09-29,inner_train,True,,True,0.047628048989254435,False
inner_2021,42,validation,matched,120,423,2021-07-05,2020-10-01,inner_train,True,,True,0.05978393240164204,False
inner_2021,42,validation,matched,121,47,2021-07-06,2019-03-15,inner_train,True,,True,0.06106680621453098,False
inner_2021,42,validation,matched,122,140,2021-07-07,2019-08-06,inner_train,True,,True,0.04879016416943216,False
inner_2021,42,validation,matched,123,138,2021-07-08,2019-08-02,inner_train,True,,True,0.06303589125303599,False
inner_2021,42,validation,matched,124,438,2021-07-09,2020-10-26,inner_train,True,,True,0.13888320769646967,False
inner_2021,42,validation,matched,125,437,2021-07-12,2020-10-22,inner_train,True,,True,0.14623445688077608,False
inner_2021,42,validation,matched,126,296,2021-07-13,2020-03-23,inner_train,True,,True,0.10709813555636716,False
inner_2021,42,validation,matched,127,423,2021-07-14,2020-10-01,inner_train,True,,True,0.09200918248296208,False
inner_2021,42,validation,matched,128,362,2021-07-15,2020-06-30,inner_train,True,,True,0.13613217432457958,False
inner_2021,42,validation,matched,129,308,2021-07-16,2020-04-09,inner_train,True,,True,0.13135511320192705,False
inner_2021,42,validation,matched,130,440,2021-07-19,2020-10-28,inner_train,True,,True,0.06371581438610763,False
inner_2021,42,validation,matched,131,440,2021-07-20,2020-10-28,inner_train,True,,True,0.07696104113612856,False
inner_2021,42,validation,matched,132,305,2021-07-21,2020-04-03,inner_train,True,,True,0.022989518224698635,False
inner_2021,42,validation,matched,133,141,2021-07-22,2019-08-07,inner_train,True,,True,0.06669137449867213,False
inner_2021,42,validation,matched,134,153,2021-07-23,2019-08-26,inner_train,True,,True,0.19237189264745602,False
inner_2021,42,validation,matched,135,425,2021-07-27,2020-10-05,inner_train,True,,True,0.04082199452025481,False
inner_2021,42,validation,matched,136,153,2021-07-29,2019-08-26,inner_train,True,,True,0.20173964265105626,False
inner_2021,42,validation,matched,137,172,2021-07-30,2019-09-20,inner_train,True,,True,0.1371092139724066,False
inner_2021,42,validation,matched,138,154,2021-08-02,2019-08-27,inner_train,True,,True,0.0957450569583842,False
inner_2021,42,validation,matched,139,432,2021-08-03,2020-10-15,inner_train,True,,True,0.06787742240308603,False
inner_2021,42,validation,matched,140,297,2021-08-04,2020-03-24,inner_train,True,,True,0.15942773692810208,False
inner_2021,42,validation,matched,141,197,2021-08-05,2019-10-29,inner_train,True,,True,0.030771658666753687,False
inner_2021,42,validation,matched,142,197,2021-08-06,2019-10-29,inner_train,True,,True,0.06453852113757108,False
inner_2021,42,validation,matched,143,285,2021-08-09,2020-03-06,inner_train,True,,True,0.1466034741918758,False
inner_2021,42,validation,matched,144,402,2021-08-10,2020-08-31,inner_train,True,,True,0.14953173397096364,False
inner_2021,42,validation,matched,145,140,2021-08-11,2019-08-06,inner_train,True,,True,0.10008345855698275,False
inner_2021,42,validation,matched,146,305,2021-08-13,2020-04-03,inner_train,True,,True,0.08068891125014233,False
inner_2021,42,validation,matched,147,394,2021-08-16,2020-08-19,inner_train,True,,True,0.08628436859701205,False
inner_2021,42,validation,matched,148,392,2021-08-17,2020-08-17,inner_train,True,,True,0.14924068632970267,False
inner_2021,42,validation,matched,149,329,2021-08-18,2020-05-13,inner_train,True,,True,0.058621817221463424,False
inner_2021,42,validation,matched,150,482,2021-08-19,2020-12-30,inner_train,True,,True,0.13930417171026432,False
inner_2021,42,validation,matched,151,362,2021-08-20,2020-06-30,inner_train,True,,True,0.05430215607694766,False
inner_2021,42,validation,matched,152,348,2021-08-23,2020-06-10,inner_train,True,,True,0.05264373348542195,False
inner_2021,42,validation,matched,153,119,2021-08-24,2019-07-04,inner_train,True,,True,0.10899028370840469,False
inner_2021,42,validation,matched,154,64,2021-08-25,2019-04-10,inner_train,True,,True,0.6161861394238168,False
inner_2021,42,validation,matched,155,66,2021-08-26,2019-04-12,inner_train,True,,True,0.3866220203066848,False
inner_2021,42,validation,matched,156,103,2021-08-27,2019-06-12,inner_train,True,,True,0.34377153910282443,False
inner_2021,42,validation,matched,157,64,2021-08-30,2019-04-10,inner_train,True,,True,0.4026120391257577,False
inner_2021,42,validation,matched,158,121,2021-08-31,2019-07-08,inner_train,True,,True,0.08004270767353638,False
inner_2021,42,validation,matched,159,101,2021-09-01,2019-06-10,inner_train,True,,True,0.04652001563489261,False
inner_2021,42,validation,matched,160,317,2021-09-02,2020-04-22,inner_train,True,,True,0.09186444663870352,False
inner_2021,42,validation,matched,161,459,2021-09-03,2020-11-24,inner_train,True,,True,0.08796877294595706,False
inner_2021,42,validation,matched,162,309,2021-09-06,2020-04-10,inner_train,True,,True,0.048790164169431716,False
inner_2021,42,validation,matched,163,346,2021-09-07,2020-06-08,inner_train,True,,True,0.04879016416943216,False
inner_2021,42,validation,matched,164,121,2021-09-08,2019-07-08,inner_train,True,,True,0.06519619955654221,False
inner_2021,42,validation,matched,165,345,2021-09-09,2020-06-05,inner_train,True,,True,0.03922071315328157,False
inner_2021,42,validation,matched,166,317,2021-09-10,2020-04-22,inner_train,True,,True,0.02597548640326064,False
inner_2021,42,validation,matched,167,66,2021-09-13,2019-04-12,inner_train,True,,True,0.04445176257083361,False
inner_2021,42,validation,matched,168,54,2021-09-14,2019-03-26,inner_train,True,,True,0.05715841383994835,False
inner_2021,42,validation,matched,169,369,2021-09-15,2020-07-10,inner_train,True,,True,0.10507638438726863,False
inner_2021,42,validation,matched,170,247,2021-09-16,2020-01-13,inner_train,True,,True,0.02898753687325195,False
inner_2021,42,validation,matched,171,401,2021-09-17,2020-08-28,inner_train,True,,True,0.06899287148695166,False
inner_2021,42,validation,matched,172,437,2021-09-20,2020-10-22,inner_train,True,,True,0.09531017980432521,False
inner_2021,42,validation,matched,173,10,2021-09-21,2019-01-22,inner_train,True,,True,0.13976194237515882,False
inner_2021,42,validation,matched,174,380,2021-09-22,2020-07-29,inner_train,True,,True,0.08961215868968697,False
inner_2021,42,validation,matched,175,53,2021-09-23,2019-03-25,inner_train,True,,True,0.07835331424651493,False
inner_2021,42,validation,matched,176,47,2021-09-27,2019-03-15,inner_train,True,,True,0.12552618525242076,False
inner_2021,42,validation,matched,177,359,2021-09-28,2020-06-25,inner_train,True,,True,0.047628048989254435,False
inner_2021,42,validation,matched,178,46,2021-09-29,2019-03-14,inner_train,True,,True,0.09097177820572666,False
inner_2021,42,validation,matched,179,368,2021-09-30,2020-07-09,inner_train,True,,True,0.06899287148695166,False
inner_2021,42,validation,matched,180,143,2021-10-01,2019-08-09,inner_train,True,,True,0.07826871394947288,False
inner_2021,42,validation,matched,181,29,2021-10-04,2019-02-18,inner_train,True,,True,0.0246926125903717,False
inner_2021,42,validation,matched,182,53,2021-10-05,2019-03-25,inner_train,True,,True,0.23939178332400024,False
inner_2021,42,validation,matched,183,10,2021-10-06,2019-01-22,inner_train,True,,True,0.31411532951993637,False
inner_2021,42,validation,matched,184,53,2021-10-07,2019-03-25,inner_train,True,,True,0.20017107017071867,False
inner_2021,42,validation,matched,185,347,2021-10-08,2020-06-09,inner_train,True,,True,0.21435079936623103,False
inner_2021,42,validation,matched,186,103,2021-10-11,2019-06-12,inner_train,True,,True,0.36974702550608507,False
inner_2021,42,validation,matched,187,119,2021-10-12,2019-07-04,inner_train,True,,True,0.142891835384086,False
inner_2021,42,validation,matched,188,65,2021-10-14,2019-04-11,inner_train,True,,True,0.30772282333522716,False
inner_2021,42,validation,matched,189,103,2021-10-15,2019-06-12,inner_train,True,,True,0.14410034397375693,False
inner_2021,42,validation,matched,190,66,2021-10-18,2019-04-12,inner_train,True,,True,0.5491409498044595,False
inner_2021,42,validation,matched,191,119,2021-10-19,2019-07-04,inner_train,True,,True,0.2245031708302494,False
inner_2021,42,validation,matched,192,12,2021-10-20,2019-01-24,inner_train,True,,True,0.13043415320994178,False
inner_2021,42,validation,matched,193,365,2021-10-21,2020-07-03,inner_train,True,,True,0.05264373348542195,False
inner_2021,42,validation,matched,194,54,2021-10-25,2019-03-26,inner_train,True,,True,0.11332868530700324,False
inner_2021,42,validation,matched,195,47,2021-10-26,2019-03-15,inner_train,True,,True,0.0984400728132524,False
inner_2021,42,validation,matched,196,362,2021-10-27,2020-06-30,inner_train,True,,True,0.07956182283618585,False
inner_2021,42,validation,matched,197,49,2021-10-28,2019-03-19,inner_train,True,,True,0.12361395596717673,False
inner_2021,42,validation,matched,198,391,2021-10-29,2020-08-14,inner_train,True,,True,0.12144665340945071,False
inner_2021,42,validation,matched,199,308,2021-11-01,2020-04-09,inner_train,True,,True,0.18073299410881694,False
inner_2021,42,validation,matched,200,362,2021-11-02,2020-06-30,inner_train,True,,True,0.05486921024581415,False
inner_2021,42,validation,matched,201,367,2021-11-03,2020-07-08,inner_train,True,,True,0.10536051565782634,False
inner_2021,42,validation,matched,202,367,2021-11-04,2020-07-08,inner_train,True,,True,0.09180754925312273,False
inner_2021,42,validation,matched,203,400,2021-11-05,2020-08-27,inner_train,True,,True,0.18169479400314614,False
inner_2021,42,validation,matched,204,243,2021-11-08,2020-01-07,inner_train,True,,True,0.05264373348542195,False
inner_2021,42,validation,matched,205,62,2021-11-09,2019-04-05,inner_train,True,,True,0.08845004350950925,False
inner_2021,42,validation,matched,206,98,2021-11-10,2019-06-05,inner_train,True,,True,0.0678129303471029,False
inner_2021,42,validation,matched,207,46,2021-11-11,2019-03-14,inner_train,True,,True,0.05325490353554363,False
inner_2021,42,validation,matched,208,330,2021-11-12,2020-05-14,inner_train,True,,True,0.06642882323402954,False
inner_2021,42,validation,matched,209,390,2021-11-15,2020-08-13,inner_train,True,,True,0.14799244151167423,False
inner_2021,42,validation,matched,210,207,2021-11-16,2019-11-12,inner_train,True,,True,0.16430305129127554,False
inner_2021,42,validation,matched,211,339,2021-11-17,2020-05-27,inner_train,True,,True,0.23891990341119884,False
inner_2021,42,validation,matched,212,339,2021-11-18,2020-05-27,inner_train,True,,True,0.23632855705310174,False
inner_2021,42,validation,matched,213,53,2021-11-19,2019-03-25,inner_train,True,,True,0.11847292875032123,False
inner_2021,42,validation,matched,214,10,2021-11-22,2019-01-22,inner_train,True,,True,0.31411532951993637,False
inner_2021,42,validation,matched,215,401,2021-11-23,2020-08-28,inner_train,True,,True,0.213412143863986,False
inner_2021,42,validation,matched,216,103,2021-11-24,2019-06-12,inner_train,True,,True,0.4238142467763608,False
inner_2021,42,validation,matched,217,401,2021-11-25,2020-08-28,inner_train,True,,True,0.08515780834030684,False
inner_2021,42,validation,matched,218,219,2021-11-26,2019-11-28,inner_train,True,,True,0.08845004350950925,False
inner_2021,42,validation,matched,219,96,2021-11-29,2019-05-31,inner_train,True,,True,0.07941302438341502,False
inner_2021,42,validation,matched,220,413,2021-11-30,2020-09-17,inner_train,True,,True,0.022989518224698635,False
inner_2021,42,validation,matched,221,415,2021-12-01,2020-09-21,inner_train,True,,True,0.06221023137798021,False
inner_2021,42,validation,matched,222,433,2021-12-02,2020-10-16,inner_train,True,,True,0.06491954609931527,False
inner_2021,42,validation,matched,223,438,2021-12-03,2020-10-26,inner_train,True,,True,0.06820825002653352,False
inner_2021,42,validation,matched,224,288,2021-12-07,2020-03-11,inner_train,True,,True,0.14953173397096364,False
inner_2021,42,validation,matched,225,438,2021-12-08,2020-10-26,inner_train,True,,True,0.12136085700426724,False
inner_2021,42,validation,matched,226,438,2021-12-09,2020-10-26,inner_train,True,,True,0.22727294465622094,False
inner_2021,42,validation,matched,227,10,2021-12-13,2019-01-22,inner_train,True,,True,0.14310084364067333,False
inner_2021,42,validation,matched,228,400,2021-12-14,2020-08-27,inner_train,True,,True,0.45453940354815403,False
inner_2021,42,validation,matched,229,170,2021-12-15,2019-09-18,inner_train,True,,True,0.19716806491094907,False
inner_2021,42,validation,matched,230,347,2021-12-16,2020-06-09,inner_train,True,,True,0.0752234212375873,False
inner_2021,42,validation,matched,231,348,2021-12-17,2020-06-10,inner_train,True,,True,0.025317807984289953,False
inner_2021,42,validation,matched,232,97,2021-12-20,2019-06-04,inner_train,True,,True,0.020202707317519497,False
inner_2021,42,validation,matched,233,307,2021-12-21,2020-04-08,inner_train,True,,True,0.05942342047080107,False
inner_2021,42,validation,matched,234,480,2021-12-22,2020-12-28,inner_train,True,,True,0.02898753687325195,False
inner_2021,42,validation,matched,235,326,2021-12-23,2020-05-08,inner_train,True,,True,0.05476872954176626,False
inner_2021,42,validation,matched,236,31,2021-12-24,2019-02-21,inner_train,True,,True,0.056891069900379954,False
inner_2021,42,validation,matched,237,367,2021-12-27,2020-07-08,inner_train,True,,True,0.06453852113757108,False
inner_2021,42,validation,matched,238,157,2021-12-28,2019-08-30,inner_train,True,,True,0.5596157879354227,False
inner_2021,42,validation,matched,239,321,2021-12-29,2020-04-28,inner_train,True,,True,0.613104472886409,False
inner_2021,42,validation,random,0,43,2021-01-04,2019-03-11,inner_train,True,,False,0.3275035666384527,False
inner_2021,42,validation,random,1,373,2021-01-05,2020-07-16,inner_train,True,,False,0.22377031410501846,False
inner_2021,42,validation,random,2,316,2021-01-06,2020-04-21,inner_train,True,,True,0.7006943861953281,False
inner_2021,42,validation,random,3,211,2021-01-07,2019-11-18,inner_train,True,,False,1.634191044890136,False
inner_2021,42,validation,random,4,209,2021-01-08,2019-11-14,inner_train,True,,False,1.6902105563335552,False
inner_2021,42,validation,random,5,414,2021-01-11,2020-09-18,inner_train,True,,False,0.13613217432457958,False
inner_2021,42,validation,random,6,41,2021-01-12,2019-03-07,inner_train,True,,False,0.2323319773686161,False
inner_2021,42,validation,random,7,336,2021-01-13,2020-05-22,inner_train,True,,False,1.144688746965946,False
inner_2021,42,validation,random,8,97,2021-01-14,2019-06-04,inner_train,True,,False,0.19180030074849874,False
inner_2021,42,validation,random,9,45,2021-01-15,2019-03-13,inner_train,True,,False,0.20512504581153168,False
inner_2021,42,validation,random,10,254,2021-01-18,2020-01-22,inner_train,True,,False,0.9686945205457334,False
inner_2021,42,validation,random,11,471,2021-01-19,2020-12-15,inner_train,True,,True,0.33148040251854294,False
inner_2021,42,validation,random,12,355,2021-01-20,2020-06-19,inner_train,True,,False,0.25155068130899716,False
inner_2021,42,validation,random,13,367,2021-01-21,2020-07-08,inner_train,True,,False,0.861743285574927,False
inner_2021,42,validation,random,14,346,2021-01-22,2020-06-08,inner_train,True,,True,0.9019019944220559,False
inner_2021,42,validation,random,15,379,2021-01-25,2020-07-24,inner_train,True,,False,0.8044424317375856,False
inner_2021,42,validation,random,16,247,2021-01-26,2020-01-13,inner_train,True,,False,0.9883898849801764,False
inner_2021,42,validation,random,17,61,2021-01-27,2019-04-04,inner_train,True,,False,0.17127172060736973,False
inner_2021,42,validation,random,18,405,2021-01-28,2020-09-03,inner_train,True,,False,0.19753097545748366,False
inner_2021,42,validation,random,19,217,2021-01-29,2019-11-26,inner_train,True,,True,0.6835777295437948,False
inner_2021,42,validation,random,20,241,2021-02-01,2020-01-03,inner_train,True,,True,1.1762446582284385,False
inner_2021,42,validation,random,21,179,2021-02-02,2019-10-01,inner_train,True,,False,1.9505974124111667,False
inner_2021,42,validation,random,22,88,2021-02-03,2019-05-21,inner_train,True,,False,3.199117882637454,False
inner_2021,42,validation,random,23,447,2021-02-04,2020-11-06,inner_train,True,,False,1.6851982442485216,False
inner_2021,42,validation,random,24,377,2021-02-05,2020-07-22,inner_train,True,,True,1.4622446444972348,False
inner_2021,42,validation,random,25,310,2021-02-08,2020-04-13,inner_train,True,,False,0.9960865970730763,False
inner_2021,42,validation,random,26,194,2021-02-09,2019-10-24,inner_train,True,,True,0.35667494393873245,False
inner_2021,42,validation,random,27,397,2021-02-10,2020-08-24,inner_train,True,,False,0.8553300320844675,False
inner_2021,42,validation,random,28,263,2021-02-11,2020-02-04,inner_train,True,,False,0.36823576633980837,False
inner_2021,42,validation,random,29,214,2021-02-15,2019-11-21,inner_train,True,,True,1.106644460365374,False
inner_2021,42,validation,random,30,217,2021-02-16,2019-11-26,inner_train,True,,True,0.11081436634029007,False
inner_2021,42,validation,random,31,109,2021-02-17,2019-06-20,inner_train,True,,False,0.29603497830572767,False
inner_2021,42,validation,random,32,44,2021-02-18,2019-03-12,inner_train,True,,False,0.12516314295400566,False
inner_2021,42,validation,random,33,267,2021-02-19,2020-02-11,inner_train,True,,False,0.6612938560224504,False
inner_2021,42,validation,random,34,428,2021-02-22,2020-10-08,inner_train,True,,False,2.0274564179367784,False
inner_2021,42,validation,random,35,30,2021-02-23,2019-02-20,inner_train,True,,True,0.6342557069413233,False
inner_2021,42,validation,random,36,414,2021-02-24,2020-09-18,inner_train,True,,False,1.0839215732581056,False
inner_2021,42,validation,random,37,399,2021-02-25,2020-08-26,inner_train,True,,True,0.7323109963276462,False
inner_2021,42,validation,random,38,133,2021-03-01,2019-07-25,inner_train,True,,True,0.11918345601129454,False
inner_2021,42,validation,random,39,305,2021-03-02,2020-04-03,inner_train,True,,False,0.2472020167278135,False
inner_2021,42,validation,random,40,79,2021-03-03,2019-05-07,inner_train,True,,False,0.6046513371753508,False
inner_2021,42,validation,random,41,366,2021-03-04,2020-07-07,inner_train,True,,False,0.4934338810541212,False
inner_2021,42,validation,random,42,338,2021-03-05,2020-05-26,inner_train,True,,False,0.2511244767179832,False
inner_2021,42,validation,random,43,171,2021-03-08,2019-09-19,inner_train,True,,False,1.675818744795294,False
inner_2021,42,validation,random,44,32,2021-03-09,2019-02-22,inner_train,True,,True,0.8544153281560676,False
inner_2021,42,validation,random,45,468,2021-03-10,2020-12-08,inner_train,True,,True,1.2921631593689669,False
inner_2021,42,validation,random,46,215,2021-03-11,2019-11-22,inner_train,True,,False,1.4710543300290624,False
inner_2021,42,validation,random,47,431,2021-03-12,2020-10-14,inner_train,True,,False,0.1906898064644711,False
inner_2021,42,validation,random,48,327,2021-03-15,2020-05-11,inner_train,True,,False,0.48729512635579697,False
inner_2021,42,validation,random,49,375,2021-03-16,2020-07-20,inner_train,True,,False,0.20269577598909194,False
inner_2021,42,validation,random,50,367,2021-03-17,2020-07-08,inner_train,True,,True,0.6244849422385124,False
inner_2021,42,validation,random,51,94,2021-03-18,2019-05-29,inner_train,True,,False,0.20520585062754249,False
inner_2021,42,validation,random,52,175,2021-03-19,2019-09-25,inner_train,True,,False,0.5515498981272011,False
inner_2021,42,validation,random,53,225,2021-03-22,2019-12-09,inner_train,True,,False,0.5339671523276852,False
inner_2021,42,validation,random,54,240,2021-03-23,2020-01-02,inner_train,True,,True,0.39982069048848734,False
inner_2021,42,validation,random,55,21,2021-03-24,2019-02-06,inner_train,True,,False,0.6179377350744284,False
inner_2021,42,validation,random,56,263,2021-03-25,2020-02-04,inner_train,True,,False,0.1919337913042396,False
inner_2021,42,validation,random,57,74,2021-03-26,2019-04-26,inner_train,True,,False,0.13638446160692963,False
inner_2021,42,validation,random,58,359,2021-03-29,2020-06-25,inner_train,True,,True,0.3429447511268302,False
inner_2021,42,validation,random,59,329,2021-03-30,2020-05-13,inner_train,True,,False,0.688233165757516,False
inner_2021,42,validation,random,60,445,2021-03-31,2020-11-04,inner_train,True,,False,0.61479386631343,False
inner_2021,42,validation,random,61,359,2021-04-01,2020-06-25,inner_train,True,,False,0.17062551703076334,False
inner_2021,42,validation,random,62,177,2021-04-02,2019-09-27,inner_train,True,,False,0.26236426446749084,False
inner_2021,42,validation,random,63,467,2021-04-05,2020-12-04,inner_train,True,,False,0.2629020434532938,False
inner_2021,42,validation,random,64,198,2021-04-07,2019-10-30,inner_train,True,,False,0.3674858600429478,False
inner_2021,42,validation,random,65,157,2021-04-08,2019-08-30,inner_train,True,,False,0.9877866649021194,False
inner_2021,42,validation,random,66,437,2021-04-09,2020-10-22,inner_train,True,,True,0.4942669958715822,False
inner_2021,42,validation,random,67,178,2021-04-12,2019-09-30,inner_train,True,,False,0.477383736543358,False
inner_2021,42,validation,random,68,36,2021-04-16,2019-02-28,inner_train,True,,False,0.10821358464023279,False
inner_2021,42,validation,random,69,226,2021-04-19,2019-12-11,inner_train,True,,False,0.7137664677626807,False
inner_2021,42,validation,random,70,384,2021-04-20,2020-08-04,inner_train,True,,False,1.2887887907521298,False
inner_2021,42,validation,random,71,91,2021-04-21,2019-05-24,inner_train,True,,False,0.5297628247857413,False
inner_2021,42,validation,random,72,223,2021-04-22,2019-12-04,inner_train,True,,False,0.9133390114093096,False
inner_2021,42,validation,random,73,62,2021-04-23,2019-04-05,inner_train,True,,True,0.6979804427479648,False
inner_2021,42,validation,random,74,331,2021-04-26,2020-05-15,inner_train,True,,True,0.6992780807448047,False
inner_2021,42,validation,random,75,229,2021-04-27,2019-12-16,inner_train,True,,False,0.6337749070599763,False
inner_2021,42,validation,random,76,159,2021-04-28,2019-09-03,inner_train,True,,True,0.6525619004448671,False
inner_2021,42,validation,random,77,109,2021-04-29,2019-06-20,inner_train,True,,False,0.46681568276954843,False
inner_2021,42,validation,random,78,272,2021-04-30,2020-02-18,inner_train,True,,False,1.3318431448816397,False
inner_2021,42,validation,random,79,323,2021-05-05,2020-04-30,inner_train,True,,False,0.39843343674448395,False
inner_2021,42,validation,random,80,454,2021-05-06,2020-11-17,inner_train,True,,False,1.6680416980518564,False
inner_2021,42,validation,random,81,211,2021-05-07,2019-11-18,inner_train,True,,True,1.929345132180618,False
inner_2021,42,validation,random,82,77,2021-05-10,2019-05-02,inner_train,True,,False,0.5725191927713302,False
inner_2021,42,validation,random,83,402,2021-05-11,2020-08-31,inner_train,True,,False,0.6931471805599454,False
inner_2021,42,validation,random,84,304,2021-05-12,2020-04-02,inner_train,True,,False,1.0757013874137105,False
inner_2021,42,validation,random,85,338,2021-05-13,2020-05-26,inner_train,True,,True,1.1069990074352112,False
inner_2021,42,validation,random,86,46,2021-05-14,2019-03-14,inner_train,True,,True,1.5129208335119486,False
inner_2021,42,validation,random,87,150,2021-05-17,2019-08-21,inner_train,True,,False,0.9782606584879967,False
inner_2021,42,validation,random,88,370,2021-05-18,2020-07-13,inner_train,True,,True,2.1000608288825715,False
inner_2021,42,validation,random,89,401,2021-05-19,2020-08-28,inner_train,True,,True,2.6324759530259607,False
inner_2021,42,validation,random,90,210,2021-05-20,2019-11-15,inner_train,True,,True,0.16295083175525704,False
inner_2021,42,validation,random,91,388,2021-05-21,2020-08-10,inner_train,True,,False,1.1511177860460409,False
inner_2021,42,validation,random,92,406,2021-05-24,2020-09-08,inner_train,True,,False,0.903711949667295,False
inner_2021,42,validation,random,93,187,2021-05-25,2019-10-11,inner_train,True,,False,1.0095326586144213,False
inner_2021,42,validation,random,94,433,2021-05-27,2020-10-16,inner_train,True,,False,1.091603658513633,False
inner_2021,42,validation,random,95,139,2021-05-28,2019-08-05,inner_train,True,,False,0.5741438884983325,False
inner_2021,42,validation,random,96,115,2021-05-31,2019-06-28,inner_train,True,,True,0.5406957364856471,False
inner_2021,42,validation,random,97,329,2021-06-01,2020-05-13,inner_train,True,,False,0.150514312183875,False
inner_2021,42,validation,random,98,307,2021-06-02,2020-04-08,inner_train,True,,False,0.174353387144778,False
inner_2021,42,validation,random,99,67,2021-06-04,2019-04-17,inner_train,True,,True,0.7776392837830239,False
inner_2021,42,validation,random,100,402,2021-06-07,2020-08-31,inner_train,True,,False,0.6469577980905705,False
inner_2021,42,validation,random,101,96,2021-06-08,2019-05-31,inner_train,True,,False,0.3340202533739265,False
inner_2021,42,validation,random,102,388,2021-06-09,2020-08-10,inner_train,True,,False,1.2340708354832155,False
inner_2021,42,validation,random,103,3,2021-06-10,2019-01-11,inner_train,True,,False,0.5504251965563101,False
inner_2021,42,validation,random,104,384,2021-06-11,2020-08-04,inner_train,True,,False,0.2498957367856427,False
inner_2021,42,validation,random,105,380,2021-06-14,2020-07-29,inner_train,True,,False,0.2808263273072269,False
inner_2021,42,validation,random,106,376,2021-06-15,2020-07-21,inner_train,True,,False,0.35766065126349167,False
inner_2021,42,validation,random,107,321,2021-06-16,2020-04-28,inner_train,True,,True,0.5600854153470727,False
inner_2021,42,validation,random,108,227,2021-06-17,2019-12-12,inner_train,True,,False,0.24401512579929507,False
inner_2021,42,validation,random,109,340,2021-06-18,2020-05-28,inner_train,True,,False,0.4413518674416883,False
inner_2021,42,validation,random,110,133,2021-06-21,2019-07-25,inner_train,True,,True,0.9162907318741547,False
inner_2021,42,validation,random,111,377,2021-06-22,2020-07-22,inner_train,True,,True,0.08183001824763192,False
inner_2021,42,validation,random,112,268,2021-06-23,2020-02-12,inner_train,True,,False,0.5895273093799034,False
inner_2021,42,validation,random,113,221,2021-06-24,2019-12-02,inner_train,True,,False,0.5252663079207851,False
inner_2021,42,validation,random,114,244,2021-06-25,2020-01-08,inner_train,True,,False,0.32363508986053224,False
inner_2021,42,validation,random,115,274,2021-06-28,2020-02-20,inner_train,True,,True,0.728504066972036,False
inner_2021,42,validation,random,116,17,2021-06-29,2019-01-31,inner_train,True,,False,0.53503170289759,False
inner_2021,42,validation,random,117,67,2021-06-30,2019-04-17,inner_train,True,,False,0.2903957783233775,False
inner_2021,42,validation,random,118,118,2021-07-01,2019-07-03,inner_train,True,,False,0.14618251017808115,False
inner_2021,42,validation,random,119,55,2021-07-02,2019-03-27,inner_train,True,,False,0.3002336330337805,False
inner_2021,42,validation,random,120,212,2021-07-05,2019-11-19,inner_train,True,,False,1.8668313867913882,False
inner_2021,42,validation,random,121,322,2021-07-06,2020-04-29,inner_train,True,,False,0.6341933875007943,False
inner_2021,42,validation,random,122,316,2021-07-07,2020-04-21,inner_train,True,,False,0.2006706954621511,False
inner_2021,42,validation,random,123,227,2021-07-08,2019-12-12,inner_train,True,,True,0.41728684707333175,False
inner_2021,42,validation,random,124,413,2021-07-09,2020-09-17,inner_train,True,,True,0.2876820724517808,False
inner_2021,42,validation,random,125,273,2021-07-12,2020-02-19,inner_train,True,,True,0.8715552199371546,False
inner_2021,42,validation,random,126,38,2021-07-13,2019-03-04,inner_train,True,,True,1.0732944806838196,False
inner_2021,42,validation,random,127,369,2021-07-14,2020-07-10,inner_train,True,,False,0.43569411006948133,False
inner_2021,42,validation,random,128,277,2021-07-15,2020-02-25,inner_train,True,,False,0.281984051337143,False
inner_2021,42,validation,random,129,306,2021-07-16,2020-04-07,inner_train,True,,True,0.1698213940297233,False
inner_2021,42,validation,random,130,273,2021-07-19,2020-02-19,inner_train,True,,True,1.0755514186695656,False
inner_2021,42,validation,random,131,267,2021-07-20,2020-02-11,inner_train,True,,True,0.5522417274827074,False
inner_2021,42,validation,random,132,43,2021-07-21,2019-03-11,inner_train,True,,True,0.08309747766849362,False
inner_2021,42,validation,random,133,270,2021-07-22,2020-02-14,inner_train,True,,True,0.45660406959935207,False
inner_2021,42,validation,random,134,383,2021-07-23,2020-08-03,inner_train,True,,True,0.8807116435182079,False
inner_2021,42,validation,random,135,146,2021-07-27,2019-08-15,inner_train,True,,True,2.0836438389738086,False
inner_2021,42,validation,random,136,291,2021-07-29,2020-03-16,inner_train,True,,True,1.1402552585463925,False
inner_2021,42,validation,random,137,14,2021-07-30,2019-01-28,inner_train,True,,False,1.5939224684724342,False
inner_2021,42,validation,random,138,167,2021-08-02,2019-09-13,inner_train,True,,False,0.8197171308153659,False
inner_2021,42,validation,random,139,210,2021-08-03,2019-11-15,inner_train,True,,False,2.2423923734350932,False
inner_2021,42,validation,random,140,474,2021-08-04,2020-12-18,inner_train,True,,False,1.5463797764669631,False
inner_2021,42,validation,random,141,103,2021-08-05,2019-06-12,inner_train,True,,False,0.05129329438755059,False
inner_2021,42,validation,random,142,133,2021-08-06,2019-07-25,inner_train,True,,False,1.359626114037729,False
inner_2021,42,validation,random,143,197,2021-08-09,2019-10-29,inner_train,True,,True,0.2076393647782444,False
inner_2021,42,validation,random,144,479,2021-08-10,2020-12-25,inner_train,True,,False,1.2124048960445273,False
inner_2021,42,validation,random,145,412,2021-08-11,2020-09-16,inner_train,True,,True,0.47923125834777336,False
inner_2021,42,validation,random,146,16,2021-08-13,2019-01-30,inner_train,True,,False,0.5389965007326865,False
inner_2021,42,validation,random,147,112,2021-08-16,2019-06-25,inner_train,True,,False,0.5651277798429386,False
inner_2021,42,validation,random,148,396,2021-08-17,2020-08-21,inner_train,True,,False,0.14842000511827314,False
inner_2021,42,validation,random,149,28,2021-08-18,2019-02-15,inner_train,True,,True,0.5831462853456171,False
inner_2021,42,validation,random,150,413,2021-08-19,2020-09-17,inner_train,True,,False,0.6133411872915855,False
inner_2021,42,validation,random,151,135,2021-08-20,2019-07-30,inner_train,True,,False,0.2940045381912686,False
inner_2021,42,validation,random,152,443,2021-08-23,2020-11-02,inner_train,True,,False,0.4960137650833478,False
inner_2021,42,validation,random,153,141,2021-08-24,2019-08-07,inner_train,True,,False,0.5639354490799389,False
inner_2021,42,validation,random,154,209,2021-08-25,2019-11-14,inner_train,True,,False,2.8635605004455083,False
inner_2021,42,validation,random,155,319,2021-08-26,2020-04-24,inner_train,True,,True,0.7421702577358511,False
inner_2021,42,validation,random,156,60,2021-08-27,2019-04-03,inner_train,True,,True,1.3948050507877996,False
inner_2021,42,validation,random,157,269,2021-08-30,2020-02-13,inner_train,True,,False,1.0549372251654487,False
inner_2021,42,validation,random,158,243,2021-08-31,2020-01-07,inner_train,True,,False,0.20787607918342088,False
inner_2021,42,validation,random,159,378,2021-09-01,2020-07-23,inner_train,True,,False,0.05862181722146431,False
inner_2021,42,validation,random,160,481,2021-09-02,2020-12-29,inner_train,True,,False,0.8116229768952294,False
inner_2021,42,validation,random,161,320,2021-09-03,2020-04-27,inner_train,True,,True,0.7430272491675485,False
inner_2021,42,validation,random,162,197,2021-09-06,2019-10-29,inner_train,True,,False,1.0571961849513927,False
inner_2021,42,validation,random,163,196,2021-09-07,2019-10-28,inner_train,True,,False,0.528844129268669,False
inner_2021,42,validation,random,164,201,2021-09-08,2019-11-04,inner_train,True,,False,1.1830055314820047,False
inner_2021,42,validation,random,165,393,2021-09-09,2020-08-18,inner_train,True,,False,0.7351519073292496,False
inner_2021,42,validation,random,166,155,2021-09-10,2019-08-28,inner_train,True,,False,0.6491190377174703,False
inner_2021,42,validation,random,167,80,2021-09-13,2019-05-08,inner_train,True,,False,1.0239213960665206,False
inner_2021,42,validation,random,168,161,2021-09-14,2019-09-05,inner_train,True,,False,0.4418327522790393,False
inner_2021,42,validation,random,169,10,2021-09-15,2019-01-22,inner_train,True,,True,0.10899028370840469,False
inner_2021,42,validation,random,170,51,2021-09-16,2019-03-21,inner_train,True,,True,0.23870806785532084,False
inner_2021,42,validation,random,171,43,2021-09-17,2019-03-11,inner_train,True,,False,0.8266785731844677,False
inner_2021,42,validation,random,172,372,2021-09-20,2020-07-15,inner_train,True,,False,1.0151137958530567,False
inner_2021,42,validation,random,173,348,2021-09-21,2020-06-10,inner_train,True,,False,0.48550781578170055,False
inner_2021,42,validation,random,174,336,2021-09-22,2020-05-22,inner_train,True,,True,1.4759065198095782,False
inner_2021,42,validation,random,175,223,2021-09-23,2019-12-04,inner_train,True,,False,0.3642221495741147,False
inner_2021,42,validation,random,176,346,2021-09-27,2020-06-08,inner_train,True,,False,0.19051832399813318,False
inner_2021,42,validation,random,177,77,2021-09-28,2019-05-02,inner_train,True,,False,0.7056571169666173,False
inner_2021,42,validation,random,178,435,2021-09-29,2020-10-20,inner_train,True,,False,0.5717863235556782,False
inner_2021,42,validation,random,179,242,2021-09-30,2020-01-06,inner_train,True,,True,0.2937611185281628,False
inner_2021,42,validation,random,180,453,2021-10-01,2020-11-16,inner_train,True,,False,1.4488147181012248,False
inner_2021,42,validation,random,181,73,2021-10-04,2019-04-25,inner_train,True,,False,0.3555204315919074,False
inner_2021,42,validation,random,182,240,2021-10-05,2020-01-02,inner_train,True,,True,1.1080910326226538,False
inner_2021,42,validation,random,183,336,2021-10-06,2020-05-22,inner_train,True,,True,1.8545603704670857,False
inner_2021,42,validation,random,184,239,2021-10-07,2019-12-30,inner_train,True,,True,1.1387014139727123,False
inner_2021,42,validation,random,185,215,2021-10-08,2019-11-22,inner_train,True,,False,1.586965056582041,False
inner_2021,42,validation,random,186,80,2021-10-11,2019-05-08,inner_train,True,,False,1.4582069427101771,False
inner_2021,42,validation,random,187,184,2021-10-12,2019-10-08,inner_train,True,,False,0.4633199008063382,False
inner_2021,42,validation,random,188,115,2021-10-14,2019-06-28,inner_train,True,,True,1.0214892910979079,False
inner_2021,42,validation,random,189,145,2021-10-15,2019-08-14,inner_train,True,,False,1.5892352051165806,False
inner_2021,42,validation,random,190,330,2021-10-18,2020-05-14,inner_train,True,,False,2.02380446137444,False
inner_2021,42,validation,random,191,304,2021-10-19,2020-04-02,inner_train,True,,False,0.5169294067040089,False
inner_2021,42,validation,random,192,293,2021-10-20,2020-03-18,inner_train,True,,False,0.574387105255735,False
inner_2021,42,validation,random,193,174,2021-10-21,2019-09-24,inner_train,True,,False,0.7525583743728372,False
inner_2021,42,validation,random,194,463,2021-10-25,2020-11-30,inner_train,True,,False,1.1000118690225325,False
inner_2021,42,validation,random,195,42,2021-10-26,2019-03-08,inner_train,True,,False,0.5045560107523954,False
inner_2021,42,validation,random,196,165,2021-10-27,2019-09-11,inner_train,True,,False,0.60395952414772,False
inner_2021,42,validation,random,197,56,2021-10-28,2019-03-28,inner_train,True,,True,0.45270981396971477,False
inner_2021,42,validation,random,198,163,2021-10-29,2019-09-09,inner_train,True,,False,0.5640939779325223,False
inner_2021,42,validation,random,199,464,2021-11-01,2020-12-01,inner_train,True,,False,0.4456863215950291,False
inner_2021,42,validation,random,200,176,2021-11-02,2019-09-26,inner_train,True,,False,0.6912977256218271,False
inner_2021,42,validation,random,201,438,2021-11-03,2020-10-26,inner_train,True,,False,0.17127172060736973,False
inner_2021,42,validation,random,202,239,2021-11-04,2019-12-30,inner_train,True,,True,0.5456376919697496,False
inner_2021,42,validation,random,203,337,2021-11-05,2020-05-25,inner_train,True,,True,1.4201959127955721,False
inner_2021,42,validation,random,204,220,2021-11-08,2019-11-29,inner_train,True,,True,0.07318826271705436,False
inner_2021,42,validation,random,205,128,2021-11-09,2019-07-18,inner_train,True,,True,0.2959405600010956,False
inner_2021,42,validation,random,206,369,2021-11-10,2020-07-10,inner_train,True,,True,0.7741730758065373,False
inner_2021,42,validation,random,207,468,2021-11-11,2020-12-08,inner_train,True,,False,0.2880144640120963,False
inner_2021,42,validation,random,208,127,2021-11-12,2019-07-17,inner_train,True,,True,0.8036227968845413,False
inner_2021,42,validation,random,209,376,2021-11-15,2020-07-21,inner_train,True,,True,0.5566557463069461,False
inner_2021,42,validation,random,210,126,2021-11-16,2019-07-15,inner_train,True,,False,0.8098147671324636,False
inner_2021,42,validation,random,211,346,2021-11-17,2020-06-08,inner_train,True,,True,0.5179430915348546,False
inner_2021,42,validation,random,212,381,2021-11-18,2020-07-30,inner_train,True,,False,1.1965771023648073,False
inner_2021,42,validation,random,213,217,2021-11-19,2019-11-26,inner_train,True,,True,0.8658992863377497,False
inner_2021,42,validation,random,214,355,2021-11-22,2020-06-19,inner_train,True,,True,1.3169825612296617,False
inner_2021,42,validation,random,215,131,2021-11-23,2019-07-23,inner_train,True,,True,1.2632342683626643,False
inner_2021,42,validation,random,216,38,2021-11-24,2019-03-04,inner_train,True,,False,1.5841201044498106,False
inner_2021,42,validation,random,217,46,2021-11-25,2019-03-14,inner_train,True,,True,0.9710594614159214,False
inner_2021,42,validation,random,218,215,2021-11-26,2019-11-22,inner_train,True,,True,1.0413964843721777,False
inner_2021,42,validation,random,219,435,2021-11-29,2020-10-20,inner_train,True,,True,0.5877866649021191,False
inner_2021,42,validation,random,220,61,2021-11-30,2019-04-04,inner_train,True,,False,0.3819346106979702,False
inner_2021,42,validation,random,221,220,2021-12-01,2019-11-29,inner_train,True,,False,0.2979673431119543,False
inner_2021,42,validation,random,222,340,2021-12-02,2020-05-28,inner_train,True,,False,0.496701962524853,False
inner_2021,42,validation,random,223,97,2021-12-03,2019-06-04,inner_train,True,,False,0.49899116611898764,False
inner_2021,42,validation,random,224,348,2021-12-07,2020-06-10,inner_train,True,,False,0.2687951547977816,False
inner_2021,42,validation,random,225,147,2021-12-08,2019-08-16,inner_train,True,,True,1.9193281241485907,False
inner_2021,42,validation,random,226,390,2021-12-09,2020-08-13,inner_train,True,,False,1.3088918432368977,False
inner_2021,42,validation,random,227,279,2021-12-13,2020-02-27,inner_train,True,,False,1.1602200980576,False
inner_2021,42,validation,random,228,264,2021-12-14,2020-02-05,inner_train,True,,False,1.4755410895113399,False
inner_2021,42,validation,random,229,85,2021-12-15,2019-05-15,inner_train,True,,False,3.0473673898556544,False
inner_2021,42,validation,random,230,223,2021-12-16,2019-12-04,inner_train,True,,False,0.2689119697697899,False
inner_2021,42,validation,random,231,413,2021-12-17,2020-09-17,inner_train,True,,False,0.13613217432457958,False
inner_2021,42,validation,random,232,9,2021-12-20,2019-01-21,inner_train,True,,True,0.47878845880146814,False
inner_2021,42,validation,random,233,366,2021-12-21,2020-07-07,inner_train,True,,True,0.9024016197134879,False
inner_2021,42,validation,random,234,238,2021-12-22,2019-12-27,inner_train,True,,True,0.25489224962879,False
inner_2021,42,validation,random,235,347,2021-12-23,2020-06-09,inner_train,True,,False,0.6613984822453651,False
inner_2021,42,validation,random,236,320,2021-12-24,2020-04-27,inner_train,True,,False,0.9005427568104065,False
inner_2021,42,validation,random,237,208,2021-12-27,2019-11-13,inner_train,True,,True,1.5635008172470748,False
inner_2021,42,validation,random,238,149,2021-12-28,2019-08-20,inner_train,True,,False,2.5256092225248437,False
inner_2021,42,validation,random,239,302,2021-12-29,2020-03-31,inner_train,True,,False,0.13410992894381213,False
