inner_fold,seed,anchor_split,strategy,anchor_index,source_index,anchor_date,source_date,source_partition,source_before_anchor,endpoint_gap_rows,regime_agreement,coverage_distance,same_year
inner_2021,2025,train,matched,5,0,2019-01-15,2019-01-08,inner_train,True,5.0,True,2.4894806201076367,True
inner_2021,2025,train,matched,6,1,2019-01-16,2019-01-09,inner_train,True,5.0,True,1.4799201556559574,True
inner_2021,2025,train,matched,7,0,2019-01-17,2019-01-08,inner_train,True,7.0,True,2.5231723595644837,True
inner_2021,2025,train,matched,8,0,2019-01-18,2019-01-08,inner_train,True,8.0,True,2.1710268889891022,True
inner_2021,2025,train,matched,9,2,2019-01-21,2019-01-10,inner_train,True,7.0,True,0.45798314239161053,True
inner_2021,2025,train,matched,10,1,2019-01-22,2019-01-09,inner_train,True,9.0,True,1.009765571620894,True
inner_2021,2025,train,matched,11,6,2019-01-23,2019-01-16,inner_train,True,5.0,True,0.8261396348798575,True
inner_2021,2025,train,matched,17,12,2019-01-31,2019-01-24,inner_train,True,5.0,True,0.7202063286739513,True
inner_2021,2025,train,matched,18,12,2019-02-01,2019-01-24,inner_train,True,6.0,True,0.7296168603413373,True
inner_2021,2025,train,matched,19,12,2019-02-04,2019-01-24,inner_train,True,7.0,True,0.5915889508518579,True
inner_2021,2025,train,matched,20,12,2019-02-05,2019-01-24,inner_train,True,8.0,True,0.5782172138859689,True
inner_2021,2025,train,matched,21,12,2019-02-06,2019-01-24,inner_train,True,9.0,True,0.8630105024318588,True
inner_2021,2025,train,matched,22,14,2019-02-07,2019-01-28,inner_train,True,8.0,True,0.11583181552512123,True
inner_2021,2025,train,matched,23,13,2019-02-08,2019-01-25,inner_train,True,10.0,True,0.232622295268754,True
inner_2021,2025,train,matched,24,17,2019-02-11,2019-01-31,inner_train,True,7.0,True,0.18120982794126395,True
inner_2021,2025,train,matched,25,19,2019-02-12,2019-02-04,inner_train,True,6.0,True,0.24941869311600717,True
inner_2021,2025,train,matched,26,13,2019-02-13,2019-01-25,inner_train,True,13.0,True,0.2665238469444349,True
inner_2021,2025,train,matched,27,16,2019-02-14,2019-01-30,inner_train,True,11.0,True,0.3440564799795207,True
inner_2021,2025,train,matched,28,3,2019-02-15,2019-01-11,inner_train,True,25.0,True,0.24116205681688774,True
inner_2021,2025,train,matched,29,6,2019-02-18,2019-01-16,inner_train,True,23.0,True,0.32571271833476567,True
inner_2021,2025,train,matched,30,9,2019-02-20,2019-01-21,inner_train,True,21.0,True,0.33563154720641997,True
inner_2021,2025,train,matched,31,8,2019-02-21,2019-01-18,inner_train,True,23.0,True,0.20450947176931678,True
inner_2021,2025,train,matched,32,24,2019-02-22,2019-02-11,inner_train,True,8.0,True,0.06187540371808753,True
inner_2021,2025,train,matched,33,24,2019-02-25,2019-02-11,inner_train,True,9.0,True,0.13613217432457958,True
inner_2021,2025,train,matched,34,24,2019-02-26,2019-02-11,inner_train,True,10.0,True,0.14792013007662197,True
inner_2021,2025,train,matched,35,18,2019-02-27,2019-02-01,inner_train,True,17.0,True,0.12272945959170878,True
inner_2021,2025,train,matched,36,28,2019-02-28,2019-02-15,inner_train,True,8.0,True,0.5205991355929704,True
inner_2021,2025,train,matched,37,7,2019-03-01,2019-01-17,inner_train,True,30.0,True,0.18805223150293937,True
inner_2021,2025,train,matched,43,38,2019-03-11,2019-03-04,inner_train,True,5.0,True,0.38014730012387465,True
inner_2021,2025,train,matched,44,39,2019-03-12,2019-03-05,inner_train,True,5.0,True,0.13758566295256314,True
inner_2021,2025,train,matched,45,37,2019-03-13,2019-03-01,inner_train,True,8.0,True,0.12961749330338623,True
inner_2021,2025,train,matched,46,28,2019-03-14,2019-02-15,inner_train,True,18.0,True,0.14434230872873854,True
inner_2021,2025,train,matched,47,9,2019-03-15,2019-01-21,inner_train,True,38.0,True,0.2596456402284977,True
inner_2021,2025,train,matched,48,6,2019-03-18,2019-01-16,inner_train,True,42.0,True,0.1636294237818019,True
inner_2021,2025,train,matched,49,29,2019-03-19,2019-02-18,inner_train,True,20.0,True,0.21193110028053086,True
inner_2021,2025,train,matched,50,29,2019-03-20,2019-02-18,inner_train,True,21.0,True,0.11107722678919263,True
inner_2021,2025,train,matched,51,29,2019-03-21,2019-02-18,inner_train,True,22.0,True,0.1026541540600836,True
inner_2021,2025,train,matched,52,12,2019-03-22,2019-01-24,inner_train,True,40.0,True,0.235185046351023,True
inner_2021,2025,train,matched,53,9,2019-03-25,2019-01-21,inner_train,True,44.0,True,0.2424463035687383,True
inner_2021,2025,train,matched,54,10,2019-03-26,2019-01-22,inner_train,True,44.0,True,0.208544751893057,True
inner_2021,2025,train,matched,55,48,2019-03-27,2019-03-18,inner_train,True,7.0,True,0.07257069283483508,True
inner_2021,2025,train,matched,56,36,2019-03-28,2019-02-28,inner_train,True,20.0,True,0.13720112151348474,True
inner_2021,2025,train,matched,57,37,2019-03-29,2019-03-01,inner_train,True,20.0,True,0.22347962928746234,True
inner_2021,2025,train,matched,58,14,2019-04-01,2019-01-28,inner_train,True,44.0,True,0.029852963149681333,True
inner_2021,2025,train,matched,59,14,2019-04-02,2019-01-28,inner_train,True,45.0,True,0.045601320117820254,True
inner_2021,2025,train,matched,60,17,2019-04-03,2019-01-31,inner_train,True,43.0,True,0.04884313167388088,True
inner_2021,2025,train,matched,61,24,2019-04-04,2019-02-11,inner_train,True,37.0,True,0.14595391262308022,True
inner_2021,2025,train,matched,62,8,2019-04-05,2019-01-18,inner_train,True,54.0,True,0.15236336925316252,True
inner_2021,2025,train,matched,63,26,2019-04-09,2019-02-13,inner_train,True,37.0,True,0.2633499717922505,True
inner_2021,2025,train,matched,64,26,2019-04-10,2019-02-13,inner_train,True,38.0,True,0.5538851132264382,True
inner_2021,2025,train,matched,65,23,2019-04-11,2019-02-08,inner_train,True,42.0,True,0.6286086594223739,True
inner_2021,2025,train,matched,66,26,2019-04-12,2019-02-13,inner_train,True,40.0,True,0.5037353295409663,True
inner_2021,2025,train,matched,67,12,2019-04-17,2019-01-24,inner_train,True,55.0,True,0.11155248590574729,True
inner_2021,2025,train,matched,68,12,2019-04-18,2019-01-24,inner_train,True,56.0,True,0.13895146009386172,True
inner_2021,2025,train,matched,69,13,2019-04-19,2019-01-25,inner_train,True,56.0,True,0.12440871062852077,True
inner_2021,2025,train,matched,70,23,2019-04-22,2019-02-08,inner_train,True,47.0,True,0.28464716875662655,True
inner_2021,2025,train,matched,71,23,2019-04-23,2019-02-08,inner_train,True,48.0,True,0.3522205935893523,True
inner_2021,2025,train,matched,72,20,2019-04-24,2019-02-05,inner_train,True,52.0,True,0.2231435513142097,True
inner_2021,2025,train,matched,73,20,2019-04-25,2019-02-05,inner_train,True,53.0,True,0.16214903861136776,True
inner_2021,2025,train,matched,74,24,2019-04-26,2019-02-11,inner_train,True,50.0,True,0.1445812288111079,True
inner_2021,2025,train,matched,75,48,2019-04-29,2019-03-18,inner_train,True,27.0,True,0.17185025692665912,True
inner_2021,2025,train,matched,76,14,2019-04-30,2019-01-28,inner_train,True,62.0,True,0.1451820098444978,True
inner_2021,2025,train,matched,77,21,2019-05-02,2019-02-06,inner_train,True,56.0,True,0.21598199936659856,True
inner_2021,2025,train,matched,78,21,2019-05-03,2019-02-06,inner_train,True,57.0,True,0.28900713438148884,True
inner_2021,2025,train,matched,79,37,2019-05-07,2019-03-01,inner_train,True,42.0,True,0.2775468505577381,True
inner_2021,2025,train,matched,80,36,2019-05-08,2019-02-28,inner_train,True,44.0,True,0.14330490445150224,True
inner_2021,2025,train,matched,81,40,2019-05-09,2019-03-06,inner_train,True,41.0,True,0.13135511320192705,True
inner_2021,2025,train,matched,82,39,2019-05-10,2019-03-05,inner_train,True,43.0,True,0.5859330962527958,True
inner_2021,2025,train,matched,83,42,2019-05-13,2019-03-08,inner_train,True,41.0,True,0.9330316447550451,True
inner_2021,2025,train,matched,84,44,2019-05-14,2019-03-12,inner_train,True,40.0,True,1.4680324633786723,True
inner_2021,2025,train,matched,85,39,2019-05-15,2019-03-05,inner_train,True,46.0,True,1.7002937418890451,True
inner_2021,2025,train,matched,86,38,2019-05-16,2019-03-04,inner_train,True,48.0,True,1.9568392195875042,True
inner_2021,2025,train,matched,87,81,2019-05-17,2019-05-09,inner_train,True,6.0,True,1.8729650428508382,True
inner_2021,2025,train,matched,88,83,2019-05-21,2019-05-13,inner_train,True,5.0,True,0.5571574114598441,True
inner_2021,2025,train,matched,89,38,2019-05-22,2019-03-04,inner_train,True,51.0,True,1.1867309978914307,True
inner_2021,2025,train,matched,90,82,2019-05-23,2019-05-10,inner_train,True,8.0,True,0.36271725839469626,True
inner_2021,2025,train,matched,91,42,2019-05-24,2019-03-08,inner_train,True,49.0,True,0.16628541229325178,True
inner_2021,2025,train,matched,92,42,2019-05-27,2019-03-08,inner_train,True,50.0,True,0.3253501069229392,True
inner_2021,2025,train,matched,93,42,2019-05-28,2019-03-08,inner_train,True,51.0,True,0.3438479303789781,True
inner_2021,2025,train,matched,94,81,2019-05-29,2019-05-09,inner_train,True,13.0,True,0.5024573740954739,True
inner_2021,2025,train,matched,95,41,2019-05-30,2019-03-07,inner_train,True,54.0,True,0.4251083093378445,True
inner_2021,2025,train,matched,96,41,2019-05-31,2019-03-07,inner_train,True,55.0,True,0.3442148997839949,True
inner_2021,2025,train,matched,97,7,2019-06-04,2019-01-17,inner_train,True,90.0,True,0.0548939471074501,True
inner_2021,2025,train,matched,98,56,2019-06-05,2019-03-28,inner_train,True,42.0,True,0.08296278846362926,True
inner_2021,2025,train,matched,99,13,2019-06-06,2019-01-25,inner_train,True,86.0,True,0.09531017980432477,True
inner_2021,2025,train,matched,100,23,2019-06-07,2019-02-08,inner_train,True,77.0,True,0.04546237407675724,True
inner_2021,2025,train,matched,101,25,2019-06-10,2019-02-12,inner_train,True,76.0,True,0.03509131981127034,True
inner_2021,2025,train,matched,102,67,2019-06-11,2019-04-17,inner_train,True,35.0,True,0.08338160893905089,True
inner_2021,2025,train,matched,103,68,2019-06-12,2019-04-18,inner_train,True,35.0,True,0.25417229355290294,True
inner_2021,2025,train,matched,104,67,2019-06-13,2019-04-17,inner_train,True,37.0,True,0.07185073675894804,True
inner_2021,2025,train,matched,105,25,2019-06-14,2019-02-12,inner_train,True,80.0,True,0.0970974903784203,True
inner_2021,2025,train,matched,106,70,2019-06-17,2019-04-22,inner_train,True,36.0,True,0.04445176257083361,True
inner_2021,2025,train,matched,107,70,2019-06-18,2019-04-22,inner_train,True,37.0,True,0.14888678070771721,True
inner_2021,2025,train,matched,108,61,2019-06-19,2019-04-04,inner_train,True,47.0,True,0.11184830013656866,True
inner_2021,2025,train,matched,109,74,2019-06-20,2019-04-26,inner_train,True,35.0,True,0.05678852295354142,True
inner_2021,2025,train,matched,110,74,2019-06-21,2019-04-26,inner_train,True,36.0,True,0.057158413839948796,True
inner_2021,2025,train,matched,111,13,2019-06-24,2019-01-25,inner_train,True,98.0,True,0.07094282335603053,True
inner_2021,2025,train,matched,112,69,2019-06-25,2019-04-19,inner_train,True,43.0,True,0.09245711082191832,True
inner_2021,2025,train,matched,113,73,2019-06-26,2019-04-25,inner_train,True,40.0,True,0.1383116157975124,True
inner_2021,2025,train,matched,114,61,2019-06-27,2019-04-04,inner_train,True,53.0,True,0.018692133012152556,True
inner_2021,2025,train,matched,115,69,2019-06-28,2019-04-19,inner_train,True,46.0,True,0.09579106464167575,True
inner_2021,2025,train,matched,116,52,2019-07-01,2019-03-22,inner_train,True,64.0,True,0.124589090125383,True
inner_2021,2025,train,matched,117,100,2019-07-02,2019-06-07,inner_train,True,17.0,True,0.1464286337333478,True
inner_2021,2025,train,matched,118,102,2019-07-03,2019-06-11,inner_train,True,16.0,True,0.10536051565782634,True
inner_2021,2025,train,matched,119,65,2019-07-04,2019-04-11,inner_train,True,54.0,True,0.09097177820572666,True
inner_2021,2025,train,matched,120,68,2019-07-05,2019-04-18,inner_train,True,52.0,True,0.07185073675894804,True
inner_2021,2025,train,matched,121,52,2019-07-08,2019-03-22,inner_train,True,69.0,True,0.1269714617107902,True
inner_2021,2025,train,matched,122,63,2019-07-09,2019-04-09,inner_train,True,59.0,True,0.08004270767353638,True
inner_2021,2025,train,matched,123,25,2019-07-10,2019-02-12,inner_train,True,98.0,True,0.04445176257083405,True
inner_2021,2025,train,matched,124,118,2019-07-11,2019-07-03,inner_train,True,6.0,True,0.09531017980432477,True
inner_2021,2025,train,matched,125,25,2019-07-12,2019-02-12,inner_train,True,100.0,True,0.08081940674170873,True
inner_2021,2025,train,matched,126,105,2019-07-15,2019-06-14,inner_train,True,21.0,True,0.06744128079553269,True
inner_2021,2025,train,matched,127,7,2019-07-17,2019-01-17,inner_train,True,120.0,True,0.1663577058049408,True
inner_2021,2025,train,matched,128,7,2019-07-18,2019-01-17,inner_train,True,121.0,True,0.14766557279278825,True
inner_2021,2025,train,matched,129,56,2019-07-19,2019-03-28,inner_train,True,73.0,True,0.15906469462968742,True
inner_2021,2025,train,matched,130,80,2019-07-22,2019-05-08,inner_train,True,50.0,True,0.12136085700426724,True
inner_2021,2025,train,matched,131,55,2019-07-23,2019-03-27,inner_train,True,76.0,True,0.1461185081299945,True
inner_2021,2025,train,matched,132,56,2019-07-24,2019-03-28,inner_train,True,76.0,True,0.05043085362689226,True
inner_2021,2025,train,matched,133,80,2019-07-25,2019-05-08,inner_train,True,53.0,True,0.1245627226417616,True
inner_2021,2025,train,matched,134,56,2019-07-26,2019-03-28,inner_train,True,78.0,True,0.16165648873711636,True
inner_2021,2025,train,matched,135,42,2019-07-30,2019-03-08,inner_train,True,93.0,True,0.16628541229325178,True
inner_2021,2025,train,matched,136,44,2019-07-31,2019-03-12,inner_train,True,92.0,True,0.0816780310142673,True
inner_2021,2025,train,matched,137,43,2019-08-01,2019-03-11,inner_train,True,94.0,True,0.4138333577786808,True
inner_2021,2025,train,matched,138,94,2019-08-02,2019-05-29,inner_train,True,44.0,True,0.323227009871192,True
inner_2021,2025,train,matched,139,43,2019-08-05,2019-03-11,inner_train,True,96.0,True,0.15762894420358275,True
inner_2021,2025,train,matched,140,93,2019-08-06,2019-05-28,inner_train,True,47.0,True,0.26314888592790897,True
inner_2021,2025,train,matched,141,41,2019-08-07,2019-03-07,inner_train,True,100.0,True,0.1231326854036241,True
inner_2021,2025,train,matched,142,136,2019-08-08,2019-07-31,inner_train,True,6.0,True,0.10802363307730989,True
inner_2021,2025,train,matched,143,136,2019-08-09,2019-07-31,inner_train,True,7.0,True,0.06595796779179741,True
inner_2021,2025,train,matched,144,41,2019-08-13,2019-03-07,inner_train,True,103.0,True,0.1458409884515408,True
inner_2021,2025,train,matched,145,38,2019-08-14,2019-03-04,inner_train,True,107.0,True,0.3824093318082382,True
inner_2021,2025,train,matched,146,89,2019-08-15,2019-05-22,inner_train,True,57.0,True,0.38140896525392876,True
inner_2021,2025,train,matched,147,84,2019-08-16,2019-05-14,inner_train,True,63.0,True,0.2541821322475055,True
inner_2021,2025,train,matched,148,90,2019-08-19,2019-05-23,inner_train,True,58.0,True,0.14217448878054206,True
inner_2021,2025,train,matched,149,82,2019-08-20,2019-05-10,inner_train,True,67.0,True,0.2587422808099835,True
inner_2021,2025,train,matched,150,90,2019-08-21,2019-05-23,inner_train,True,60.0,True,0.36829866823289104,True
inner_2021,2025,train,matched,151,81,2019-08-22,2019-05-09,inner_train,True,70.0,True,0.057158413839948796,True
inner_2021,2025,train,matched,152,136,2019-08-23,2019-07-31,inner_train,True,16.0,True,0.0936241020326678,True
inner_2021,2025,train,matched,153,96,2019-08-26,2019-05-31,inner_train,True,57.0,True,0.5612681475961221,True
inner_2021,2025,train,matched,154,96,2019-08-27,2019-05-31,inner_train,True,58.0,True,0.6838704696884546,True
inner_2021,2025,train,matched,155,95,2019-08-28,2019-05-30,inner_train,True,60.0,True,0.8514022032951898,True
inner_2021,2025,train,matched,156,142,2019-08-29,2019-08-08,inner_train,True,14.0,True,0.7321338350226148,True
inner_2021,2025,train,matched,157,54,2019-08-30,2019-03-26,inner_train,True,103.0,True,0.8752746395016713,True
inner_2021,2025,train,matched,158,4,2019-09-02,2019-01-14,inner_train,True,154.0,True,0.04167269640056803,True
inner_2021,2025,train,matched,159,128,2019-09-03,2019-07-18,inner_train,True,31.0,True,0.019048194970694432,True
inner_2021,2025,train,matched,160,74,2019-09-04,2019-04-26,inner_train,True,86.0,True,0.05541583914156911,True
inner_2021,2025,train,matched,161,115,2019-09-05,2019-06-28,inner_train,True,46.0,True,0.020202707317519497,True
inner_2021,2025,train,matched,162,21,2019-09-06,2019-02-06,inner_train,True,141.0,True,0.12570974039860694,True
inner_2021,2025,train,matched,163,16,2019-09-09,2019-01-30,inner_train,True,147.0,True,0.06669137449867257,True
inner_2021,2025,train,matched,164,69,2019-09-10,2019-04-19,inner_train,True,95.0,True,0.09180754925312273,True
inner_2021,2025,train,matched,165,70,2019-09-11,2019-04-22,inner_train,True,95.0,True,0.1261297935851009,True
inner_2021,2025,train,matched,166,107,2019-09-12,2019-06-18,inner_train,True,59.0,True,0.10082852254277208,True
inner_2021,2025,train,matched,167,108,2019-09-13,2019-06-19,inner_train,True,59.0,True,0.09909090264423082,True
inner_2021,2025,train,matched,168,2,2019-09-16,2019-01-10,inner_train,True,166.0,True,0.09763846956391609,True
inner_2021,2025,train,matched,169,8,2019-09-17,2019-01-18,inner_train,True,161.0,True,0.28768207245178123,True
inner_2021,2025,train,matched,170,9,2019-09-18,2019-01-21,inner_train,True,161.0,True,0.3995999886557664,True
inner_2021,2025,train,matched,171,10,2019-09-19,2019-01-22,inner_train,True,161.0,True,1.2531118302526236,True
inner_2021,2025,train,matched,172,156,2019-09-20,2019-08-29,inner_train,True,16.0,True,0.5953248874661003,True
inner_2021,2025,train,matched,173,94,2019-09-23,2019-05-29,inner_train,True,79.0,True,0.44546237407675715,True
inner_2021,2025,train,matched,174,156,2019-09-24,2019-08-29,inner_train,True,18.0,True,0.14933957673084786,True
inner_2021,2025,train,matched,175,153,2019-09-25,2019-08-26,inner_train,True,22.0,True,0.3925617032722566,True
inner_2021,2025,train,matched,176,42,2019-09-26,2019-03-08,inner_train,True,134.0,True,0.3468357746784303,True
inner_2021,2025,train,matched,177,79,2019-09-27,2019-05-07,inner_train,True,98.0,True,0.15847851996076923,True
inner_2021,2025,train,matched,178,57,2019-09-30,2019-03-29,inner_train,True,121.0,True,0.08890711215452818,True
inner_2021,2025,train,matched,179,42,2019-10-01,2019-03-08,inner_train,True,137.0,True,0.27343004974457896,True
inner_2021,2025,train,matched,180,42,2019-10-02,2019-03-08,inner_train,True,138.0,True,0.31788181231541346,True
inner_2021,2025,train,matched,181,44,2019-10-03,2019-03-12,inner_train,True,137.0,True,0.12169693497751988,True
inner_2021,2025,train,matched,182,95,2019-10-04,2019-05-30,inner_train,True,87.0,True,0.1621188494764354,True
inner_2021,2025,train,matched,183,95,2019-10-07,2019-05-30,inner_train,True,88.0,True,0.16984089557034565,True
inner_2021,2025,train,matched,184,138,2019-10-08,2019-08-02,inner_train,True,46.0,True,0.10008345855698231,True
inner_2021,2025,train,matched,185,139,2019-10-09,2019-08-05,inner_train,True,46.0,True,0.27315397188887136,True
inner_2021,2025,train,matched,186,94,2019-10-10,2019-05-29,inner_train,True,92.0,True,0.2639655458344645,True
inner_2021,2025,train,matched,187,182,2019-10-11,2019-10-04,inner_train,True,5.0,True,0.058840500022933284,True
inner_2021,2025,train,matched,188,7,2019-10-15,2019-01-17,inner_train,True,181.0,True,0.10318423623523065,True
inner_2021,2025,train,matched,189,127,2019-10-16,2019-07-17,inner_train,True,62.0,True,0.09716374845364806,True
inner_2021,2025,train,matched,190,2,2019-10-17,2019-01-10,inner_train,True,188.0,True,0.13976194237515882,True
inner_2021,2025,train,matched,191,4,2019-10-18,2019-01-14,inner_train,True,187.0,True,0.06317890162153139,True
inner_2021,2025,train,matched,192,5,2019-10-21,2019-01-15,inner_train,True,187.0,True,0.09531017980432521,True
inner_2021,2025,train,matched,193,62,2019-10-22,2019-04-05,inner_train,True,131.0,True,0.18115944161377717,True
inner_2021,2025,train,matched,194,170,2019-10-24,2019-09-18,inner_train,True,24.0,True,0.1764564373415567,True
inner_2021,2025,train,matched,195,169,2019-10-25,2019-09-17,inner_train,True,26.0,True,0.0747656505726928,True
inner_2021,2025,train,matched,196,186,2019-10-28,2019-10-10,inner_train,True,10.0,True,0.3101549283038394,True
inner_2021,2025,train,matched,197,185,2019-10-29,2019-10-09,inner_train,True,12.0,True,0.43144059451142525,True
inner_2021,2025,train,matched,198,94,2019-10-30,2019-05-29,inner_train,True,104.0,True,0.11155248590574729,True
inner_2021,2025,train,matched,199,130,2019-10-31,2019-07-22,inner_train,True,69.0,True,0.03509131981126945,True
inner_2021,2025,train,matched,200,133,2019-11-01,2019-07-25,inner_train,True,67.0,True,0.12197842688648608,True
inner_2021,2025,train,matched,201,57,2019-11-04,2019-03-29,inner_train,True,144.0,True,0.3680349057286709,True
inner_2021,2025,train,matched,202,134,2019-11-05,2019-07-26,inner_train,True,68.0,True,0.23770483643303075,True
inner_2021,2025,train,matched,203,134,2019-11-06,2019-07-26,inner_train,True,69.0,True,0.3348685848866779,True
inner_2021,2025,train,matched,204,76,2019-11-07,2019-04-30,inner_train,True,128.0,True,0.07878087785311383,True
inner_2021,2025,train,matched,205,18,2019-11-08,2019-02-01,inner_train,True,187.0,True,0.07685900552561176,True
inner_2021,2025,train,matched,206,76,2019-11-11,2019-04-30,inner_train,True,130.0,True,0.2318658855400897,True
inner_2021,2025,train,matched,207,134,2019-11-12,2019-07-26,inner_train,True,73.0,True,0.3123957290346193,True
inner_2021,2025,train,matched,208,203,2019-11-13,2019-11-06,inner_train,True,5.0,True,0.3677247801253172,True
inner_2021,2025,train,matched,209,201,2019-11-14,2019-11-04,inner_train,True,8.0,True,0.7197664668352233,True
inner_2021,2025,train,matched,210,79,2019-11-15,2019-05-07,inner_train,True,131.0,True,1.2767276907224119,True
inner_2021,2025,train,matched,211,79,2019-11-18,2019-05-07,inner_train,True,132.0,True,1.2547014231852325,True
inner_2021,2025,train,matched,212,207,2019-11-19,2019-11-12,inner_train,True,5.0,True,0.8517522107365836,True
inner_2021,2025,train,matched,213,201,2019-11-20,2019-11-04,inner_train,True,12.0,True,0.4792629546585325,True
inner_2021,2025,train,matched,214,201,2019-11-21,2019-11-04,inner_train,True,13.0,True,0.2461330695389088,True
inner_2021,2025,train,matched,215,207,2019-11-22,2019-11-12,inner_train,True,8.0,True,0.08701137698963013,True
inner_2021,2025,train,matched,216,133,2019-11-25,2019-07-25,inner_train,True,83.0,True,0.06018879701110569,True
inner_2021,2025,train,matched,217,55,2019-11-26,2019-03-27,inner_train,True,162.0,True,0.07096941146786184,True
inner_2021,2025,train,matched,218,97,2019-11-27,2019-06-04,inner_train,True,121.0,True,0.03922071315328157,True
inner_2021,2025,train,matched,219,62,2019-11-28,2019-04-05,inner_train,True,157.0,True,0.0,True
inner_2021,2025,train,matched,220,195,2019-11-29,2019-10-25,inner_train,True,25.0,True,0.0,True
inner_2021,2025,train,matched,221,186,2019-12-02,2019-10-10,inner_train,True,35.0,True,0.1560042484765809,True
inner_2021,2025,train,matched,222,197,2019-12-03,2019-10-29,inner_train,True,25.0,True,0.23621563288156278,True
inner_2021,2025,train,matched,223,183,2019-12-04,2019-10-07,inner_train,True,40.0,True,0.1628346691204583,True
inner_2021,2025,train,matched,224,94,2019-12-06,2019-05-29,inner_train,True,130.0,True,0.08004270767353638,True
inner_2021,2025,train,matched,225,185,2019-12-09,2019-10-09,inner_train,True,40.0,True,0.20264502976586884,True
inner_2021,2025,train,matched,226,182,2019-12-11,2019-10-04,inner_train,True,44.0,True,0.11778303565638337,True
inner_2021,2025,train,matched,227,96,2019-12-12,2019-05-31,inner_train,True,131.0,True,0.14031683002465067,True
inner_2021,2025,train,matched,228,198,2019-12-13,2019-10-30,inner_train,True,30.0,True,0.09097177820572666,True
inner_2021,2025,train,matched,229,222,2019-12-16,2019-12-03,inner_train,True,7.0,True,0.1287581138718652,True
inner_2021,2025,train,matched,230,94,2019-12-17,2019-05-29,inner_train,True,136.0,True,0.06899287148695121,True
inner_2021,2025,train,matched,231,44,2019-12-18,2019-03-12,inner_train,True,187.0,True,0.12169693497751988,True
inner_2021,2025,train,matched,232,45,2019-12-19,2019-03-13,inner_train,True,187.0,True,0.05195140563209977,True
inner_2021,2025,train,matched,233,98,2019-12-20,2019-06-05,inner_train,True,135.0,True,0.06557104575176043,True
inner_2021,2025,train,matched,234,199,2019-12-23,2019-10-31,inner_train,True,35.0,True,0.07961479034063457,True
inner_2021,2025,train,matched,235,216,2019-12-24,2019-11-25,inner_train,True,19.0,True,0.07542376181724153,True
inner_2021,2025,train,matched,236,218,2019-12-25,2019-11-27,inner_train,True,18.0,True,0.07558835732415625,True
inner_2021,2025,train,matched,237,199,2019-12-26,2019-10-31,inner_train,True,38.0,True,0.06669137449867213,True
inner_2021,2025,train,matched,238,130,2019-12-27,2019-07-22,inner_train,True,108.0,True,0.06899287148695077,True
inner_2021,2025,train,matched,239,131,2019-12-30,2019-07-23,inner_train,True,108.0,True,0.05080832832566928,True
inner_2021,2025,train,matched,240,131,2020-01-02,2019-07-23,inner_train,True,109.0,True,0.05505977718302768,False
inner_2021,2025,train,matched,241,55,2020-01-03,2019-03-27,inner_train,True,186.0,True,0.052592450119170575,False
inner_2021,2025,train,matched,242,190,2020-01-06,2019-10-17,inner_train,True,52.0,True,0.06554913264349471,False
inner_2021,2025,train,matched,243,169,2020-01-07,2019-09-17,inner_train,True,74.0,True,0.09531017980432521,False
inner_2021,2025,train,matched,244,219,2020-01-08,2019-11-28,inner_train,True,25.0,True,0.0,False
inner_2021,2025,train,matched,245,194,2020-01-09,2019-10-24,inner_train,True,51.0,True,0.15246859364427356,False
inner_2021,2025,train,matched,246,194,2020-01-10,2019-10-24,inner_train,True,52.0,True,0.16874947924841077,False
inner_2021,2025,train,matched,247,54,2020-01-13,2019-03-26,inner_train,True,193.0,True,0.06980953139350676,False
inner_2021,2025,train,matched,248,195,2020-01-14,2019-10-25,inner_train,True,53.0,True,0.1450389994760024,False
inner_2021,2025,train,matched,249,240,2020-01-15,2020-01-02,inner_train,True,9.0,True,0.5724334331554815,True
inner_2021,2025,train,matched,250,245,2020-01-16,2020-01-09,inner_train,True,5.0,True,0.10536051565782634,True
inner_2021,2025,train,matched,251,246,2020-01-17,2020-01-10,inner_train,True,5.0,True,0.19918536284595945,True
inner_2021,2025,train,matched,252,247,2020-01-20,2020-01-13,inner_train,True,5.0,True,0.18910124377933357,True
inner_2021,2025,train,matched,253,244,2020-01-21,2020-01-08,inner_train,True,9.0,True,0.18115944161377717,True
inner_2021,2025,train,matched,254,245,2020-01-22,2020-01-09,inner_train,True,9.0,True,0.1466034741918758,True
inner_2021,2025,train,matched,255,243,2020-01-23,2020-01-07,inner_train,True,12.0,True,0.16507975035944877,True
inner_2021,2025,train,matched,256,244,2020-01-24,2020-01-08,inner_train,True,12.0,True,0.22778393087071214,True
inner_2021,2025,train,matched,257,95,2020-01-27,2019-05-30,inner_train,True,162.0,True,0.18054535739269895,False
inner_2021,2025,train,matched,258,226,2020-01-28,2019-12-11,inner_train,True,32.0,True,0.10536051565782634,False
inner_2021,2025,train,matched,259,93,2020-01-29,2019-05-28,inner_train,True,166.0,True,0.23662690165149636,False
inner_2021,2025,train,matched,260,95,2020-01-30,2019-05-30,inner_train,True,165.0,True,0.04082199452025481,False
inner_2021,2025,train,matched,261,94,2020-01-31,2019-05-29,inner_train,True,167.0,True,0.1304964889293685,False
inner_2021,2025,train,matched,262,94,2020-02-03,2019-05-29,inner_train,True,168.0,True,0.1445812288111079,False
inner_2021,2025,train,matched,263,93,2020-02-04,2019-05-28,inner_train,True,170.0,True,0.12861737782209337,False
inner_2021,2025,train,matched,264,91,2020-02-05,2019-05-24,inner_train,True,173.0,True,0.14286272005340672,False
inner_2021,2025,train,matched,265,181,2020-02-06,2019-10-03,inner_train,True,84.0,True,0.1768194796399709,False
inner_2021,2025,train,matched,266,258,2020-02-07,2020-01-28,inner_train,True,8.0,True,0.4361020775700539,True
inner_2021,2025,train,matched,267,260,2020-02-11,2020-01-30,inner_train,True,7.0,True,0.4212134650763031,True
inner_2021,2025,train,matched,268,262,2020-02-12,2020-02-03,inner_train,True,6.0,True,0.5060063373300419,True
inner_2021,2025,train,matched,269,257,2020-02-13,2020-01-27,inner_train,True,12.0,True,0.0789272585896712,True
inner_2021,2025,train,matched,270,265,2020-02-14,2020-02-06,inner_train,True,5.0,True,0.05310982531394792,True
inner_2021,2025,train,matched,271,263,2020-02-17,2020-02-04,inner_train,True,8.0,True,0.3384056232855044,True
inner_2021,2025,train,matched,272,267,2020-02-18,2020-02-11,inner_train,True,5.0,True,0.6388919082823485,True
inner_2021,2025,train,matched,273,261,2020-02-19,2020-01-31,inner_train,True,12.0,True,0.5759588630061256,True
inner_2021,2025,train,matched,274,265,2020-02-20,2020-02-06,inner_train,True,9.0,True,0.548420005118273,True
inner_2021,2025,train,matched,275,264,2020-02-21,2020-02-05,inner_train,True,11.0,True,0.5486216383481124,True
inner_2021,2025,train,matched,276,262,2020-02-24,2020-02-03,inner_train,True,14.0,True,0.7302416868705772,True
inner_2021,2025,train,matched,277,261,2020-02-25,2020-01-31,inner_train,True,16.0,True,0.24827952458575187,True
inner_2021,2025,train,matched,278,264,2020-02-26,2020-02-05,inner_train,True,14.0,True,0.13102826240640386,True
inner_2021,2025,train,matched,279,270,2020-02-27,2020-02-14,inner_train,True,9.0,True,0.32472334413213,True
inner_2021,2025,train,matched,280,272,2020-02-28,2020-02-18,inner_train,True,8.0,True,0.4834266495778765,True
inner_2021,2025,train,matched,281,276,2020-03-02,2020-02-24,inner_train,True,5.0,True,0.22058273045253562,True
inner_2021,2025,train,matched,282,275,2020-03-03,2020-02-21,inner_train,True,7.0,True,0.5281112600530165,True
inner_2021,2025,train,matched,283,276,2020-03-04,2020-02-24,inner_train,True,7.0,True,0.3677247801253172,True
inner_2021,2025,train,matched,284,274,2020-03-05,2020-02-20,inner_train,True,10.0,True,1.1279266763368851,True
inner_2021,2025,train,matched,285,260,2020-03-06,2020-01-30,inner_train,True,25.0,True,0.720735137078774,True
inner_2021,2025,train,matched,286,277,2020-03-09,2020-02-25,inner_train,True,9.0,True,0.3409265869705931,True
inner_2021,2025,train,matched,287,258,2020-03-10,2020-01-28,inner_train,True,29.0,True,0.35667494393873245,True
inner_2021,2025,train,matched,288,277,2020-03-11,2020-02-25,inner_train,True,11.0,True,0.2608838792970567,True
inner_2021,2025,train,matched,289,260,2020-03-12,2020-01-30,inner_train,True,29.0,True,0.34604168763736354,True
inner_2021,2025,train,matched,290,270,2020-03-13,2020-02-14,inner_train,True,20.0,True,0.25366322560266186,True
inner_2021,2025,train,matched,291,279,2020-03-16,2020-02-27,inner_train,True,12.0,True,0.10570351000178224,True
inner_2021,2025,train,matched,292,278,2020-03-17,2020-02-26,inner_train,True,14.0,True,0.2094634474101298,True
inner_2021,2025,train,matched,293,270,2020-03-18,2020-02-14,inner_train,True,23.0,True,0.3612938897950273,True
inner_2021,2025,train,matched,294,264,2020-03-19,2020-02-05,inner_train,True,30.0,True,0.19290366612449183,True
inner_2021,2025,train,matched,295,288,2020-03-20,2020-03-11,inner_train,True,7.0,True,0.08004270767353638,True
inner_2021,2025,train,matched,296,286,2020-03-23,2020-03-09,inner_train,True,10.0,True,0.16034265007517945,True
inner_2021,2025,train,matched,297,284,2020-03-24,2020-03-05,inner_train,True,13.0,True,0.5603426500751794,True
inner_2021,2025,train,matched,298,286,2020-03-25,2020-03-09,inner_train,True,12.0,True,0.8109302162163288,True
inner_2021,2025,train,matched,299,281,2020-03-26,2020-03-02,inner_train,True,18.0,True,1.6212723700811034,True
inner_2021,2025,train,matched,300,281,2020-03-27,2020-03-02,inner_train,True,19.0,True,1.3981288187668937,True
inner_2021,2025,train,matched,301,284,2020-03-30,2020-03-05,inner_train,True,17.0,True,0.6076625214241154,True
inner_2021,2025,train,matched,302,285,2020-03-31,2020-03-06,inner_train,True,17.0,True,0.6266461818654121,True
inner_2021,2025,train,matched,303,280,2020-04-01,2020-02-28,inner_train,True,23.0,True,0.4390560525442,True
inner_2021,2025,train,matched,304,286,2020-04-02,2020-03-09,inner_train,True,18.0,True,0.13208358579858004,True
inner_2021,2025,train,matched,305,292,2020-04-03,2020-03-17,inner_train,True,13.0,True,0.1280659026119677,True
inner_2021,2025,train,matched,306,256,2020-04-07,2020-01-24,inner_train,True,50.0,True,0.3959863641536203,True
inner_2021,2025,train,matched,307,240,2020-04-08,2020-01-02,inner_train,True,67.0,True,0.17378179524582027,True
inner_2021,2025,train,matched,308,256,2020-04-09,2020-01-24,inner_train,True,52.0,True,0.43445264498141656,True
inner_2021,2025,train,matched,309,99,2020-04-10,2019-06-06,inner_train,True,210.0,True,0.06831924397747757,False
inner_2021,2025,train,matched,310,33,2020-04-13,2019-02-25,inner_train,True,277.0,True,0.08313964418406927,False
inner_2021,2025,train,matched,311,101,2020-04-14,2019-06-10,inner_train,True,210.0,True,0.09531017980432477,False
inner_2021,2025,train,matched,312,34,2020-04-15,2019-02-26,inner_train,True,278.0,True,0.0,False
inner_2021,2025,train,matched,313,306,2020-04-16,2020-04-07,inner_train,True,7.0,True,0.23262229526875355,True
inner_2021,2025,train,matched,314,242,2020-04-17,2020-01-06,inner_train,True,72.0,True,0.1460006754653338,True
inner_2021,2025,train,matched,315,105,2020-04-20,2019-06-14,inner_train,True,210.0,True,0.10357320508373036,False
inner_2021,2025,train,matched,316,25,2020-04-21,2019-02-12,inner_train,True,291.0,True,0.03636764417087468,False
inner_2021,2025,train,matched,317,118,2020-04-22,2019-07-03,inner_train,True,199.0,True,0.025317807984289953,False
inner_2021,2025,train,matched,318,119,2020-04-23,2019-07-04,inner_train,True,199.0,True,0.7245866293872321,False
inner_2021,2025,train,matched,319,120,2020-04-24,2019-07-05,inner_train,True,199.0,True,0.5177830356563833,False
inner_2021,2025,train,matched,320,312,2020-04-27,2020-04-15,inner_train,True,8.0,True,1.0325225587435103,True
inner_2021,2025,train,matched,321,310,2020-04-28,2020-04-13,inner_train,True,11.0,True,0.964234733791717,True
inner_2021,2025,train,matched,322,317,2020-04-29,2020-04-22,inner_train,True,5.0,True,0.5208647021937911,True
inner_2021,2025,train,matched,323,309,2020-04-30,2020-04-10,inner_train,True,14.0,True,0.15299794194744987,True
inner_2021,2025,train,matched,324,312,2020-05-05,2020-04-15,inner_train,True,12.0,True,0.09395056028828508,True
inner_2021,2025,train,matched,325,308,2020-05-07,2020-04-09,inner_train,True,17.0,True,0.17129018970395427,True
inner_2021,2025,train,matched,326,307,2020-05-08,2020-04-08,inner_train,True,19.0,True,0.1804679881446316,True
inner_2021,2025,train,matched,327,306,2020-05-11,2020-04-07,inner_train,True,21.0,True,0.05505977718302768,True
inner_2021,2025,train,matched,328,307,2020-05-12,2020-04-08,inner_train,True,21.0,True,0.2479417438022673,True
inner_2021,2025,train,matched,329,308,2020-05-13,2020-04-09,inner_train,True,21.0,True,0.31093893461604827,True
inner_2021,2025,train,matched,330,241,2020-05-14,2020-01-03,inner_train,True,89.0,True,0.7428706159123757,True
inner_2021,2025,train,matched,331,240,2020-05-15,2020-01-02,inner_train,True,91.0,True,0.86148249537916,True
inner_2021,2025,train,matched,332,327,2020-05-18,2020-05-11,inner_train,True,5.0,True,0.7753852787969175,True
inner_2021,2025,train,matched,333,306,2020-05-19,2020-04-07,inner_train,True,27.0,True,1.0278851456220925,True
inner_2021,2025,train,matched,334,310,2020-05-20,2020-04-13,inner_train,True,24.0,True,0.936751470414884,True
inner_2021,2025,train,matched,335,323,2020-05-21,2020-04-30,inner_train,True,12.0,True,0.7934546283663804,True
inner_2021,2025,train,matched,336,327,2020-05-22,2020-05-11,inner_train,True,9.0,True,0.49643688631389127,True
inner_2021,2025,train,matched,337,327,2020-05-25,2020-05-11,inner_train,True,10.0,True,0.15123096972392336,True
inner_2021,2025,train,matched,338,307,2020-05-26,2020-04-08,inner_train,True,31.0,True,0.07244435506732172,True
inner_2021,2025,train,matched,339,324,2020-05-27,2020-05-05,inner_train,True,15.0,True,0.2382423467135535,True
inner_2021,2025,train,matched,340,309,2020-05-28,2020-04-10,inner_train,True,31.0,True,0.0698582977633806,True
inner_2021,2025,train,matched,341,323,2020-05-29,2020-04-30,inner_train,True,18.0,True,0.1887940712995726,True
inner_2021,2025,train,matched,342,324,2020-06-01,2020-05-05,inner_train,True,18.0,True,0.14941443879752558,True
inner_2021,2025,train,matched,343,316,2020-06-02,2020-04-21,inner_train,True,27.0,True,0.09393181983420362,True
inner_2021,2025,train,matched,344,316,2020-06-04,2020-04-21,inner_train,True,28.0,True,0.16430305129127598,True
inner_2021,2025,train,matched,345,317,2020-06-05,2020-04-22,inner_train,True,28.0,True,0.0,True
inner_2021,2025,train,matched,346,341,2020-06-08,2020-05-29,inner_train,True,5.0,True,0.04652001563489261,True
inner_2021,2025,train,matched,347,315,2020-06-09,2020-04-20,inner_train,True,32.0,True,0.31449332990243795,True
inner_2021,2025,train,matched,348,316,2020-06-10,2020-04-21,inner_train,True,32.0,True,0.19758902892474328,True
inner_2021,2025,train,matched,349,343,2020-06-11,2020-06-02,inner_train,True,6.0,True,0.2041676498552043,True
inner_2021,2025,train,matched,350,341,2020-06-12,2020-05-29,inner_train,True,9.0,True,0.09198238971165029,True
inner_2021,2025,train,matched,351,325,2020-06-15,2020-05-07,inner_train,True,26.0,True,0.10802363307730989,True
inner_2021,2025,train,matched,352,310,2020-06-16,2020-04-13,inner_train,True,42.0,True,0.1708449355725108,True
inner_2021,2025,train,matched,353,340,2020-06-17,2020-05-28,inner_train,True,13.0,True,0.10419305338190199,True
inner_2021,2025,train,matched,354,324,2020-06-18,2020-05-05,inner_train,True,30.0,True,0.10252569159503322,True
inner_2021,2025,train,matched,355,306,2020-06-19,2020-04-07,inner_train,True,49.0,True,0.13159985430536159,True
inner_2021,2025,train,matched,356,351,2020-06-22,2020-06-15,inner_train,True,5.0,True,0.0909717782057271,True
inner_2021,2025,train,matched,357,313,2020-06-23,2020-04-16,inner_train,True,44.0,True,0.11905936001598816,True
inner_2021,2025,train,matched,358,325,2020-06-24,2020-05-07,inner_train,True,33.0,True,0.07244435506732172,True
inner_2021,2025,train,matched,359,351,2020-06-25,2020-06-15,inner_train,True,8.0,True,0.07825219689974805,True
inner_2021,2025,train,matched,360,351,2020-06-26,2020-06-15,inner_train,True,9.0,True,0.3142035168298394,True
inner_2021,2025,train,matched,361,308,2020-06-29,2020-04-09,inner_train,True,53.0,True,0.1321717731084826,True
inner_2021,2025,train,matched,362,326,2020-06-30,2020-05-08,inner_train,True,36.0,True,0.1335313926245223,True
inner_2021,2025,train,matched,363,246,2020-07-01,2020-01-10,inner_train,True,117.0,True,0.11236914581230284,True
inner_2021,2025,train,matched,364,311,2020-07-02,2020-04-14,inner_train,True,53.0,True,0.05859416426605302,True
inner_2021,2025,train,matched,365,349,2020-07-03,2020-06-11,inner_train,True,16.0,True,0.02597548640326064,True
inner_2021,2025,train,matched,366,246,2020-07-07,2020-01-10,inner_train,True,120.0,True,0.23061184592173545,True
inner_2021,2025,train,matched,367,246,2020-07-08,2020-01-10,inner_train,True,121.0,True,0.18851352704187585,True
inner_2021,2025,train,matched,368,359,2020-07-09,2020-06-25,inner_train,True,9.0,True,0.1494107432991969,True
inner_2021,2025,train,matched,369,248,2020-07-10,2020-01-14,inner_train,True,121.0,True,0.05715841383994835,True
inner_2021,2025,train,matched,370,357,2020-07-13,2020-06-23,inner_train,True,13.0,True,0.17373781310256353,True
inner_2021,2025,train,matched,371,327,2020-07-14,2020-05-11,inner_train,True,44.0,True,0.2073951943460699,True
inner_2021,2025,train,matched,372,327,2020-07-15,2020-05-11,inner_train,True,45.0,True,0.24023798467350943,True
inner_2021,2025,train,matched,373,241,2020-07-16,2020-01-03,inner_train,True,132.0,True,0.14512718678590586,True
inner_2021,2025,train,matched,374,327,2020-07-17,2020-05-11,inner_train,True,47.0,True,0.23774235073536198,True
inner_2021,2025,train,matched,375,306,2020-07-20,2020-04-07,inner_train,True,69.0,True,0.20183034971266256,True
inner_2021,2025,train,matched,376,357,2020-07-21,2020-06-23,inner_train,True,19.0,True,0.10536051565782634,True
inner_2021,2025,train,matched,377,356,2020-07-22,2020-06-22,inner_train,True,21.0,True,0.05834655088965013,True
inner_2021,2025,train,matched,378,357,2020-07-23,2020-06-23,inner_train,True,21.0,True,0.08055369388802758,True
inner_2021,2025,train,matched,379,244,2020-07-24,2020-01-08,inner_train,True,135.0,True,0.14131353306657735,True
inner_2021,2025,train,matched,380,246,2020-07-29,2020-01-10,inner_train,True,134.0,True,0.0,True
inner_2021,2025,train,matched,381,285,2020-07-30,2020-03-06,inner_train,True,96.0,True,0.28970431783254913,True
inner_2021,2025,train,matched,382,296,2020-07-31,2020-03-23,inner_train,True,86.0,True,0.27589411669973884,True
inner_2021,2025,train,matched,383,287,2020-08-03,2020-03-10,inner_train,True,96.0,True,0.3418284358217383,True
inner_2021,2025,train,matched,384,296,2020-08-04,2020-03-23,inner_train,True,88.0,True,0.2218268954294631,True
inner_2021,2025,train,matched,385,288,2020-08-05,2020-03-11,inner_train,True,97.0,True,0.2707325141380075,True
inner_2021,2025,train,matched,386,270,2020-08-06,2020-02-14,inner_train,True,116.0,True,0.1316778239751999,True
inner_2021,2025,train,matched,387,293,2020-08-07,2020-03-18,inner_train,True,94.0,True,0.10763066419236544,True
inner_2021,2025,train,matched,388,290,2020-08-10,2020-03-13,inner_train,True,98.0,True,0.19983247244576274,True
inner_2021,2025,train,matched,389,306,2020-08-11,2020-04-07,inner_train,True,83.0,True,0.019048194970694432,True
inner_2021,2025,train,matched,390,337,2020-08-13,2020-05-25,inner_train,True,53.0,True,0.16313277614308586,True
inner_2021,2025,train,matched,391,325,2020-08-14,2020-05-07,inner_train,True,66.0,True,0.2231435513142097,True
inner_2021,2025,train,matched,392,337,2020-08-17,2020-05-25,inner_train,True,55.0,True,0.21252129665758712,True
inner_2021,2025,train,matched,393,325,2020-08-18,2020-05-07,inner_train,True,68.0,True,0.3409265869705931,True
inner_2021,2025,train,matched,394,389,2020-08-19,2020-08-11,inner_train,True,5.0,True,0.2905351414341877,True
inner_2021,2025,train,matched,395,291,2020-08-20,2020-03-16,inner_train,True,104.0,True,0.25343214940870284,True
inner_2021,2025,train,matched,396,291,2020-08-21,2020-03-16,inner_train,True,105.0,True,0.31262102079903276,True
inner_2021,2025,train,matched,397,387,2020-08-24,2020-08-07,inner_train,True,10.0,True,0.14156356432178674,True
inner_2021,2025,train,matched,398,292,2020-08-25,2020-03-17,inner_train,True,106.0,True,0.14289183538408645,True
inner_2021,2025,train,matched,399,367,2020-08-26,2020-07-08,inner_train,True,32.0,True,0.11778303565638337,True
inner_2021,2025,train,matched,400,245,2020-08-27,2020-01-09,inner_train,True,155.0,True,0.2513144282809061,True
inner_2021,2025,train,matched,401,366,2020-08-28,2020-07-07,inner_train,True,35.0,True,0.16862271243579308,True
inner_2021,2025,train,matched,402,385,2020-08-31,2020-08-05,inner_train,True,17.0,True,0.1906898064644711,True
inner_2021,2025,train,matched,403,291,2020-09-01,2020-03-16,inner_train,True,112.0,True,0.03774032798284699,True
inner_2021,2025,train,matched,404,291,2020-09-02,2020-03-16,inner_train,True,113.0,True,0.030771658666753687,True
inner_2021,2025,train,matched,405,291,2020-09-03,2020-03-16,inner_train,True,114.0,True,0.11400231281647732,True
inner_2021,2025,train,matched,406,278,2020-09-08,2020-02-26,inner_train,True,128.0,True,0.08388148398070161,True
inner_2021,2025,train,matched,407,270,2020-09-09,2020-02-14,inner_train,True,137.0,True,0.11187519667902013,True
inner_2021,2025,train,matched,408,258,2020-09-10,2020-01-28,inner_train,True,150.0,True,0.2613647641344077,True
inner_2021,2025,train,matched,409,260,2020-09-11,2020-01-30,inner_train,True,149.0,True,0.06102470183777431,True
inner_2021,2025,train,matched,410,261,2020-09-14,2020-01-31,inner_train,True,149.0,True,0.13339924858732966,True
inner_2021,2025,train,matched,411,257,2020-09-15,2020-01-27,inner_train,True,154.0,True,0.2047944126460135,True
inner_2021,2025,train,matched,412,258,2020-09-16,2020-01-28,inner_train,True,154.0,True,0.19237189264745602,True
inner_2021,2025,train,matched,413,260,2020-09-17,2020-01-30,inner_train,True,153.0,True,0.10763066419236544,True
inner_2021,2025,train,matched,414,295,2020-09-18,2020-03-20,inner_train,True,119.0,True,0.10536051565782634,True
inner_2021,2025,train,matched,415,277,2020-09-21,2020-02-25,inner_train,True,138.0,True,0.06021318383490559,True
inner_2021,2025,train,matched,416,263,2020-09-22,2020-02-04,inner_train,True,153.0,True,0.07145896398214457,True
inner_2021,2025,train,matched,417,278,2020-09-23,2020-02-26,inner_train,True,139.0,True,0.018018505502678472,True
inner_2021,2025,train,matched,418,291,2020-09-24,2020-03-16,inner_train,True,127.0,True,0.08086949564953061,True
inner_2021,2025,train,matched,419,291,2020-09-25,2020-03-16,inner_train,True,128.0,True,0.06252035698133396,True
inner_2021,2025,train,matched,420,405,2020-09-28,2020-09-03,inner_train,True,15.0,True,0.05183801779368524,True
inner_2021,2025,train,matched,421,277,2020-09-29,2020-02-25,inner_train,True,144.0,True,0.08183001824763192,True
inner_2021,2025,train,matched,422,290,2020-09-30,2020-03-13,inner_train,True,132.0,True,0.0959687244445222,True
inner_2021,2025,train,matched,423,293,2020-10-01,2020-03-18,inner_train,True,130.0,True,0.1620015543029969,True
inner_2021,2025,train,matched,424,277,2020-10-02,2020-02-25,inner_train,True,147.0,True,0.16907633004393396,True
inner_2021,2025,train,matched,425,281,2020-10-05,2020-03-02,inner_train,True,144.0,True,0.06980953139350676,True
inner_2021,2025,train,matched,426,284,2020-10-06,2020-03-05,inner_train,True,142.0,True,0.05129329438755059,True
inner_2021,2025,train,matched,427,302,2020-10-07,2020-03-31,inner_train,True,125.0,True,0.6671716941566848,True
inner_2021,2025,train,matched,428,301,2020-10-08,2020-03-30,inner_train,True,127.0,True,0.32682198078905156,True
inner_2021,2025,train,matched,429,302,2020-10-09,2020-03-31,inner_train,True,127.0,True,0.7472144018302211,True
inner_2021,2025,train,matched,430,254,2020-10-12,2020-01-22,inner_train,True,176.0,True,0.08701137698962969,True
inner_2021,2025,train,matched,431,383,2020-10-14,2020-08-03,inner_train,True,48.0,True,0.18012616623051914,True
inner_2021,2025,train,matched,432,410,2020-10-15,2020-09-14,inner_train,True,22.0,True,0.11488027599842221,True
inner_2021,2025,train,matched,433,414,2020-10-16,2020-09-18,inner_train,True,19.0,True,0.08961215868968697,True
inner_2021,2025,train,matched,434,411,2020-10-19,2020-09-15,inner_train,True,23.0,True,0.06503247027085468,True
inner_2021,2025,train,matched,435,296,2020-10-20,2020-03-23,inner_train,True,139.0,True,0.18058393689541363,True
inner_2021,2025,train,matched,436,296,2020-10-21,2020-03-23,inner_train,True,140.0,True,0.13406392126052058,True
inner_2021,2025,train,matched,437,296,2020-10-22,2020-03-23,inner_train,True,141.0,True,0.07620046088541388,True
inner_2021,2025,train,matched,438,424,2020-10-26,2020-10-02,inner_train,True,14.0,True,0.11997842621981913,True
inner_2021,2025,train,matched,439,422,2020-10-27,2020-09-30,inner_train,True,17.0,True,0.11728908652310022,True
inner_2021,2025,train,matched,440,291,2020-10-28,2020-03-16,inner_train,True,149.0,True,0.14107859825990543,True
inner_2021,2025,train,matched,441,396,2020-10-29,2020-08-21,inner_train,True,45.0,True,0.15319328387093067,True
inner_2021,2025,train,matched,442,397,2020-10-30,2020-08-24,inner_train,True,45.0,True,0.07696104113612856,True
inner_2021,2025,train,matched,443,290,2020-11-02,2020-03-13,inner_train,True,153.0,True,0.0,True
inner_2021,2025,train,matched,444,407,2020-11-03,2020-09-09,inner_train,True,37.0,True,0.0548939471074501,True
inner_2021,2025,train,matched,445,410,2020-11-04,2020-09-14,inner_train,True,35.0,True,0.04546237407675724,True
inner_2021,2025,train,matched,446,244,2020-11-05,2020-01-08,inner_train,True,202.0,True,0.04546237407675724,True
inner_2021,2025,train,matched,447,343,2020-11-06,2020-06-02,inner_train,True,104.0,True,0.07857643175100915,True
inner_2021,2025,train,matched,448,353,2020-11-09,2020-06-17,inner_train,True,95.0,True,0.08819757971963549,True
inner_2021,2025,train,matched,449,312,2020-11-10,2020-04-15,inner_train,True,137.0,True,0.0,True
inner_2021,2025,train,matched,450,352,2020-11-11,2020-06-16,inner_train,True,98.0,True,0.18121106250992725,True
inner_2021,2025,train,matched,451,335,2020-11-12,2020-05-21,inner_train,True,116.0,True,0.05004094607108511,True
inner_2021,2025,train,matched,452,309,2020-11-13,2020-04-10,inner_train,True,143.0,True,0.8348629824279574,True
inner_2021,2025,train,matched,453,309,2020-11-16,2020-04-10,inner_train,True,144.0,True,1.1622853835292521,True
inner_2021,2025,train,matched,454,352,2020-11-17,2020-06-16,inner_train,True,102.0,True,1.0930474440347013,True
inner_2021,2025,train,matched,455,352,2020-11-18,2020-06-16,inner_train,True,103.0,True,0.915180237590127,True
inner_2021,2025,train,matched,456,335,2020-11-19,2020-05-21,inner_train,True,121.0,True,0.21900671168348484,True
inner_2021,2025,train,matched,457,339,2020-11-20,2020-05-27,inner_train,True,118.0,True,0.262514200744854,True
inner_2021,2025,train,matched,458,311,2020-11-23,2020-04-14,inner_train,True,147.0,True,0.12375788079754235,True
inner_2021,2025,train,matched,459,365,2020-11-24,2020-07-03,inner_train,True,94.0,True,0.14903557916048804,True
inner_2021,2025,train,matched,460,340,2020-11-25,2020-05-28,inner_train,True,120.0,True,0.058840500022933284,True
inner_2021,2025,train,matched,461,309,2020-11-26,2020-04-10,inner_train,True,152.0,True,0.04840562273035376,True
inner_2021,2025,train,matched,462,339,2020-11-27,2020-05-27,inner_train,True,123.0,True,0.0,True
inner_2021,2025,train,matched,463,457,2020-11-30,2020-11-20,inner_train,True,6.0,True,0.15839602192005175,True
inner_2021,2025,train,matched,464,339,2020-12-01,2020-05-27,inner_train,True,125.0,True,0.23669651771891287,True
inner_2021,2025,train,matched,465,352,2020-12-02,2020-06-16,inner_train,True,113.0,True,0.08404731405627963,True
inner_2021,2025,train,matched,466,460,2020-12-03,2020-11-25,inner_train,True,6.0,True,0.16251892949777513,True
inner_2021,2025,train,matched,467,339,2020-12-04,2020-05-27,inner_train,True,128.0,True,0.1922175597510929,True
inner_2021,2025,train,matched,468,309,2020-12-08,2020-04-10,inner_train,True,159.0,True,0.14571181118139398,True
inner_2021,2025,train,matched,469,339,2020-12-09,2020-05-27,inner_train,True,130.0,True,0.12957477377842075,True
inner_2021,2025,train,matched,470,354,2020-12-14,2020-06-18,inner_train,True,116.0,True,0.05116678417168208,True
inner_2021,2025,train,matched,471,309,2020-12-15,2020-04-10,inner_train,True,162.0,True,0.08004270767353683,True
inner_2021,2025,train,matched,472,341,2020-12-16,2020-05-29,inner_train,True,131.0,True,0.022989518224698635,True
inner_2021,2025,train,matched,473,324,2020-12-17,2020-05-05,inner_train,True,149.0,True,0.09019507913755476,True
inner_2021,2025,train,matched,474,464,2020-12-18,2020-12-01,inner_train,True,10.0,True,0.025317807984289953,True
inner_2021,2025,train,matched,475,335,2020-12-21,2020-05-21,inner_train,True,140.0,True,0.09412884475849337,True
inner_2021,2025,train,matched,476,329,2020-12-22,2020-05-13,inner_train,True,147.0,True,0.15274222889020006,True
inner_2021,2025,train,matched,477,331,2020-12-23,2020-05-15,inner_train,True,146.0,True,0.1416505170630269,True
inner_2021,2025,train,matched,478,337,2020-12-24,2020-05-25,inner_train,True,141.0,True,0.24191365399619968,True
inner_2021,2025,train,matched,479,328,2020-12-25,2020-05-12,inner_train,True,151.0,True,0.1881763274982453,True
inner_2021,2025,train,matched,480,307,2020-12-28,2020-04-08,inner_train,True,173.0,True,0.09884583463663255,True
inner_2021,2025,train,matched,481,337,2020-12-29,2020-05-25,inner_train,True,144.0,True,0.05129329438755059,True
inner_2021,2025,train,matched,482,329,2020-12-30,2020-05-13,inner_train,True,153.0,True,0.1351747783682522,True
inner_2021,2025,train,random,5,0,2019-01-15,2019-01-08,inner_train,True,5.0,True,2.4894806201076367,True
inner_2021,2025,train,random,6,0,2019-01-16,2019-01-08,inner_train,True,6.0,True,2.5955401920679613,True
inner_2021,2025,train,random,7,2,2019-01-17,2019-01-10,inner_train,True,5.0,True,0.5421890734632466,True
inner_2021,2025,train,random,8,3,2019-01-18,2019-01-11,inner_train,True,5.0,True,0.34937564145712097,True
inner_2021,2025,train,random,9,1,2019-01-21,2019-01-09,inner_train,True,8.0,True,0.9679840376059388,True
inner_2021,2025,train,random,10,5,2019-01-22,2019-01-15,inner_train,True,5.0,True,0.7287381256626482,True
inner_2021,2025,train,random,11,5,2019-01-23,2019-01-15,inner_train,True,6.0,True,0.7200800629195334,True
inner_2021,2025,train,random,17,8,2019-01-31,2019-01-18,inner_train,True,9.0,False,0.547454222896147,True
inner_2021,2025,train,random,18,11,2019-02-01,2019-01-23,inner_train,True,7.0,False,0.9584910863645315,True
inner_2021,2025,train,random,19,11,2019-02-04,2019-01-23,inner_train,True,8.0,False,0.8204631768750521,True
inner_2021,2025,train,random,20,15,2019-02-05,2019-01-29,inner_train,True,5.0,True,0.5069720544500007,True
inner_2021,2025,train,random,21,6,2019-02-06,2019-01-16,inner_train,True,15.0,False,0.2657450935751955,True
inner_2021,2025,train,random,22,1,2019-02-07,2019-01-09,inner_train,True,21.0,False,1.6479896897427104,True
inner_2021,2025,train,random,23,8,2019-02-08,2019-01-18,inner_train,True,15.0,False,0.19189100781010504,True
inner_2021,2025,train,random,24,6,2019-02-11,2019-01-16,inner_train,True,18.0,False,0.058268908123976004,True
inner_2021,2025,train,random,25,10,2019-02-12,2019-01-22,inner_train,True,15.0,False,0.5797025465021597,True
inner_2021,2025,train,random,26,20,2019-02-13,2019-02-05,inner_train,True,6.0,True,0.24747565197374044,True
inner_2021,2025,train,random,27,22,2019-02-14,2019-02-07,inner_train,True,5.0,True,0.38807336539629533,True
inner_2021,2025,train,random,28,16,2019-02-15,2019-01-30,inner_train,True,12.0,False,0.2921364228011609,True
inner_2021,2025,train,random,29,15,2019-02-18,2019-01-29,inner_train,True,14.0,False,0.813636577814072,True
inner_2021,2025,train,random,30,7,2019-02-20,2019-01-17,inner_train,True,23.0,True,0.21825356602001778,True
inner_2021,2025,train,random,31,0,2019-02-21,2019-01-08,inner_train,True,31.0,True,2.375536360758419,True
inner_2021,2025,train,random,32,10,2019-02-22,2019-01-22,inner_train,True,22.0,False,0.7146533857809088,True
inner_2021,2025,train,random,33,13,2019-02-25,2019-01-25,inner_train,True,20.0,True,0.19440108244855558,True
inner_2021,2025,train,random,34,6,2019-02-26,2019-01-16,inner_train,True,28.0,False,0.20618903820059797,True
inner_2021,2025,train,random,35,24,2019-02-27,2019-02-11,inner_train,True,11.0,True,0.31334981920035876,True
inner_2021,2025,train,random,36,5,2019-02-28,2019-01-15,inner_train,True,31.0,True,0.4585749334221121,True
inner_2021,2025,train,random,37,15,2019-03-01,2019-01-29,inner_train,True,22.0,False,0.37223946047984446,True
inner_2021,2025,train,random,43,5,2019-03-11,2019-01-15,inner_train,True,38.0,False,0.40831006024039596,True
inner_2021,2025,train,random,44,13,2019-03-12,2019-01-25,inner_train,True,31.0,False,0.10300480196536732,True
inner_2021,2025,train,random,45,39,2019-03-13,2019-03-05,inner_train,True,6.0,False,0.13798574297390287,True
inner_2021,2025,train,random,46,28,2019-03-14,2019-02-15,inner_train,True,18.0,True,0.14434230872873854,True
inner_2021,2025,train,random,47,18,2019-03-15,2019-02-01,inner_train,True,29.0,False,0.4989587569860916,True
inner_2021,2025,train,random,48,9,2019-03-18,2019-01-21,inner_train,True,39.0,True,0.5917005642232556,True
inner_2021,2025,train,random,49,2,2019-03-19,2019-01-10,inner_train,True,47.0,True,0.5007752879124894,True
inner_2021,2025,train,random,50,40,2019-03-20,2019-03-06,inner_train,True,10.0,False,0.4072783452323452,True
inner_2021,2025,train,random,51,23,2019-03-21,2019-02-08,inner_train,True,28.0,False,0.19574457712609528,True
inner_2021,2025,train,random,52,29,2019-03-22,2019-02-18,inner_train,True,23.0,False,0.03636764417087468,True
inner_2021,2025,train,random,53,14,2019-03-25,2019-01-28,inner_train,True,39.0,False,1.152600598910528,True
inner_2021,2025,train,random,54,2,2019-03-26,2019-01-10,inner_train,True,52.0,True,0.45798314239161053,True
inner_2021,2025,train,random,55,10,2019-03-27,2019-01-22,inner_train,True,45.0,True,0.8093186123219871,True
inner_2021,2025,train,random,56,7,2019-03-28,2019-01-17,inner_train,True,49.0,True,0.2876820724517808,True
inner_2021,2025,train,random,57,10,2019-03-29,2019-01-22,inner_train,True,47.0,True,1.1739617259098964,True
inner_2021,2025,train,random,58,7,2019-04-01,2019-01-17,inner_train,True,51.0,False,0.3861221452650332,True
inner_2021,2025,train,random,59,31,2019-04-02,2019-02-21,inner_train,True,28.0,False,0.518009787102959,True
inner_2021,2025,train,random,60,6,2019-04-03,2019-01-16,inner_train,True,54.0,False,0.17178405149116882,True
inner_2021,2025,train,random,61,33,2019-04-04,2019-02-25,inner_train,True,28.0,True,0.2820860869476598,True
inner_2021,2025,train,random,62,33,2019-04-05,2019-02-25,inner_train,True,29.0,False,0.42845462633286324,True
inner_2021,2025,train,random,63,52,2019-04-09,2019-03-22,inner_train,True,11.0,True,0.16779345623104502,True
inner_2021,2025,train,random,64,28,2019-04-10,2019-02-15,inner_train,True,36.0,False,0.6523251860396906,True
inner_2021,2025,train,random,65,6,2019-04-11,2019-01-16,inner_train,True,59.0,False,0.8612309546911279,True
inner_2021,2025,train,random,66,19,2019-04-12,2019-02-04,inner_train,True,47.0,True,0.7645827184805958,True
inner_2021,2025,train,random,67,31,2019-04-17,2019-02-21,inner_train,True,36.0,False,0.4324723095194756,True
inner_2021,2025,train,random,68,19,2019-04-18,2019-02-04,inner_train,True,49.0,True,0.619400708636098,True
inner_2021,2025,train,random,69,18,2019-04-19,2019-02-01,inner_train,True,51.0,True,0.25676016211319475,True
inner_2021,2025,train,random,70,16,2019-04-22,2019-01-30,inner_train,True,54.0,True,0.5543518888158814,True
inner_2021,2025,train,random,71,32,2019-04-23,2019-02-22,inner_train,True,39.0,True,0.37772835313656516,True
inner_2021,2025,train,random,72,61,2019-04-24,2019-04-04,inner_train,True,11.0,True,0.19189100781010504,True
inner_2021,2025,train,random,73,65,2019-04-25,2019-04-11,inner_train,True,8.0,True,0.7181301110504545,True
inner_2021,2025,train,random,74,49,2019-04-26,2019-03-19,inner_train,True,25.0,False,0.39071429835001625,True
inner_2021,2025,train,random,75,65,2019-04-29,2019-04-11,inner_train,True,10.0,False,0.9985288301111273,True
inner_2021,2025,train,random,76,71,2019-04-30,2019-04-23,inner_train,True,5.0,True,0.8848492060393354,True
inner_2021,2025,train,random,77,55,2019-05-02,2019-03-27,inner_train,True,22.0,False,0.5072061782427792,True
inner_2021,2025,train,random,78,63,2019-05-03,2019-04-09,inner_train,True,15.0,True,1.0846260466933697,True
inner_2021,2025,train,random,79,58,2019-05-07,2019-04-01,inner_train,True,21.0,False,0.14297433342480392,True
inner_2021,2025,train,random,80,35,2019-05-08,2019-02-27,inner_train,True,45.0,False,0.04587045406609702,True
inner_2021,2025,train,random,81,21,2019-05-09,2019-02-06,inner_train,True,60.0,False,0.20803576832223758,True
inner_2021,2025,train,random,82,73,2019-05-10,2019-04-25,inner_train,True,9.0,False,0.8530865885634475,True
inner_2021,2025,train,random,83,40,2019-05-13,2019-03-06,inner_train,True,43.0,True,1.1287493830883477,True
inner_2021,2025,train,random,84,9,2019-05-14,2019-01-21,inner_train,True,75.0,False,2.1203576494183625,True
inner_2021,2025,train,random,85,65,2019-05-15,2019-04-11,inner_train,True,20.0,False,2.6855773452501515,True
inner_2021,2025,train,random,86,5,2019-05-16,2019-01-15,inner_train,True,81.0,False,2.3439551890274717,True
inner_2021,2025,train,random,87,63,2019-05-17,2019-04-09,inner_train,True,24.0,False,2.5185232605869854,True
inner_2021,2025,train,random,88,23,2019-05-21,2019-02-08,inner_train,True,65.0,False,1.9592001295478734,True
inner_2021,2025,train,random,89,48,2019-05-22,2019-03-18,inner_train,True,41.0,False,1.5023397768777338,True
inner_2021,2025,train,random,90,53,2019-05-23,2019-03-25,inner_train,True,37.0,False,1.941402252616124,True
inner_2021,2025,train,random,91,74,2019-05-24,2019-04-26,inner_train,True,17.0,False,0.30463163076555455,True
inner_2021,2025,train,random,92,83,2019-05-27,2019-05-13,inner_train,True,9.0,True,1.148262197311929,True
inner_2021,2025,train,random,93,75,2019-05-28,2019-04-29,inner_train,True,18.0,False,0.24475702773474728,True
inner_2021,2025,train,random,94,41,2019-05-29,2019-03-07,inner_train,True,53.0,True,0.38077249551779246,True
inner_2021,2025,train,random,95,33,2019-05-30,2019-02-25,inner_train,True,62.0,False,0.298251023801015,True
inner_2021,2025,train,random,96,44,2019-05-31,2019-03-12,inner_train,True,52.0,True,0.2893173957925117,True
inner_2021,2025,train,random,97,42,2019-06-04,2019-03-08,inner_train,True,55.0,False,0.36365055767515786,True
inner_2021,2025,train,random,98,31,2019-06-05,2019-02-21,inner_train,True,67.0,True,0.35235528279421624,True
inner_2021,2025,train,random,99,28,2019-06-06,2019-02-15,inner_train,True,71.0,False,0.26339395393550724,True
inner_2021,2025,train,random,100,33,2019-06-07,2019-02-25,inner_train,True,67.0,True,0.2743039465056052,True
inner_2021,2025,train,random,101,78,2019-06-10,2019-05-03,inner_train,True,23.0,True,0.7747560592662266,True
inner_2021,2025,train,random,102,30,2019-06-11,2019-02-20,inner_train,True,72.0,False,0.2784731333664716,True
inner_2021,2025,train,random,103,48,2019-06-12,2019-03-18,inner_train,True,55.0,False,0.8446970786871466,True
inner_2021,2025,train,random,104,16,2019-06-13,2019-01-30,inner_train,True,88.0,True,0.7935815778817155,True
inner_2021,2025,train,random,105,56,2019-06-14,2019-03-28,inner_train,True,49.0,False,0.5675068814475361,True
inner_2021,2025,train,random,106,95,2019-06-17,2019-05-30,inner_train,True,11.0,False,0.12505430533961892,True
inner_2021,2025,train,random,107,49,2019-06-18,2019-03-19,inner_train,True,58.0,False,0.46927662085311805,True
inner_2021,2025,train,random,108,42,2019-06-19,2019-03-08,inner_train,True,66.0,False,0.39853781667559796,True
inner_2021,2025,train,random,109,26,2019-06-20,2019-02-13,inner_train,True,83.0,True,0.34182158723374556,True
inner_2021,2025,train,random,110,30,2019-06-21,2019-02-20,inner_train,True,80.0,False,0.3274528579850098,True
inner_2021,2025,train,random,111,105,2019-06-24,2019-06-14,inner_train,True,6.0,True,0.3553323615039008,True
inner_2021,2025,train,random,112,15,2019-06-25,2019-01-29,inner_train,True,97.0,True,0.5198754592859087,True
inner_2021,2025,train,random,113,60,2019-06-26,2019-04-03,inner_train,True,53.0,True,0.45319651092935453,True
inner_2021,2025,train,random,114,51,2019-06-27,2019-03-21,inner_train,True,63.0,False,0.3593740009078976,True
inner_2021,2025,train,random,115,107,2019-06-28,2019-06-18,inner_train,True,8.0,True,0.17435338714477755,True
inner_2021,2025,train,random,116,49,2019-07-01,2019-03-19,inner_train,True,67.0,False,0.27763173659827967,True
inner_2021,2025,train,random,117,25,2019-07-02,2019-02-12,inner_train,True,92.0,True,0.16941815195804644,True
inner_2021,2025,train,random,118,54,2019-07-03,2019-03-26,inner_train,True,64.0,False,0.1625189294977747,True
inner_2021,2025,train,random,119,103,2019-07-04,2019-06-12,inner_train,True,16.0,True,0.1705336010419125,True
inner_2021,2025,train,random,120,28,2019-07-05,2019-02-15,inner_train,True,92.0,False,0.528844129268669,True
inner_2021,2025,train,random,121,37,2019-07-08,2019-03-01,inner_train,True,84.0,False,0.6047362232158924,True
inner_2021,2025,train,random,122,77,2019-07-09,2019-05-02,inner_train,True,45.0,True,0.931558204004943,True
inner_2021,2025,train,random,123,39,2019-07-10,2019-03-05,inner_train,True,84.0,False,0.334696037219957,True
inner_2021,2025,train,random,124,0,2019-07-11,2019-01-08,inner_train,True,124.0,False,2.2271163556401454,True
inner_2021,2025,train,random,125,86,2019-07-12,2019-05-16,inner_train,True,39.0,False,2.484906649788001,True
inner_2021,2025,train,random,126,79,2019-07-15,2019-05-07,inner_train,True,47.0,False,0.6779826102609001,True
inner_2021,2025,train,random,127,92,2019-07-17,2019-05-27,inner_train,True,35.0,False,0.14556693613586713,True
inner_2021,2025,train,random,128,107,2019-07-18,2019-06-18,inner_train,True,21.0,False,0.1383116157975124,True
inner_2021,2025,train,random,129,121,2019-07-19,2019-07-08,inner_train,True,8.0,False,0.5453013695350464,True
inner_2021,2025,train,random,130,5,2019-07-22,2019-01-15,inner_train,True,125.0,True,0.1939091719663426,True
inner_2021,2025,train,random,131,121,2019-07-23,2019-07-08,inner_train,True,10.0,False,0.5441116013994582,True
inner_2021,2025,train,random,132,96,2019-07-24,2019-05-31,inner_train,True,36.0,False,0.5289902490579323,True
inner_2021,2025,train,random,133,120,2019-07-25,2019-07-05,inner_train,True,13.0,False,1.0307010830518988,True
inner_2021,2025,train,random,134,45,2019-07-26,2019-03-13,inner_train,True,89.0,True,0.390903822989344,True
inner_2021,2025,train,random,135,83,2019-07-30,2019-05-13,inner_train,True,52.0,True,0.9891975026822415,True
inner_2021,2025,train,random,136,127,2019-07-31,2019-07-17,inner_train,True,9.0,False,0.3464758096324605,True
inner_2021,2025,train,random,137,53,2019-08-01,2019-03-25,inner_train,True,84.0,False,0.35577498887574155,True
inner_2021,2025,train,random,138,127,2019-08-02,2019-07-17,inner_train,True,11.0,False,0.42550585899161053,True
inner_2021,2025,train,random,139,18,2019-08-05,2019-02-01,inner_train,True,121.0,False,0.389071298332488,True
inner_2021,2025,train,random,140,37,2019-08-06,2019-03-01,inner_train,True,103.0,False,0.34830669426821537,True
inner_2021,2025,train,random,141,52,2019-08-07,2019-03-22,inner_train,True,89.0,False,0.09615157657251672,True
inner_2021,2025,train,random,142,132,2019-08-08,2019-07-24,inner_train,True,10.0,False,0.42937451735699783,True
inner_2021,2025,train,random,143,43,2019-08-09,2019-03-11,inner_train,True,100.0,True,0.022472855852058604,True
inner_2021,2025,train,random,144,90,2019-08-13,2019-05-23,inner_train,True,54.0,True,1.1190433405761726,True
inner_2021,2025,train,random,145,86,2019-08-14,2019-05-16,inner_train,True,59.0,True,1.574429887779266,True
inner_2021,2025,train,random,146,29,2019-08-15,2019-02-18,inner_train,True,117.0,False,1.412091148451911,True
inner_2021,2025,train,random,147,79,2019-08-16,2019-05-07,inner_train,True,68.0,False,0.8466913218837417,True
inner_2021,2025,train,random,148,78,2019-08-19,2019-05-03,inner_train,True,70.0,False,0.61134235789301,True
inner_2021,2025,train,random,149,15,2019-08-20,2019-01-29,inner_train,True,134.0,False,0.48080416625345146,True
inner_2021,2025,train,random,150,40,2019-08-21,2019-03-06,inner_train,True,110.0,True,0.6637332953536519,True
inner_2021,2025,train,random,151,70,2019-08-22,2019-04-22,inner_train,True,81.0,False,0.6031420529853135,True
inner_2021,2025,train,random,152,101,2019-08-23,2019-06-10,inner_train,True,51.0,False,0.19452474600855707,True
inner_2021,2025,train,random,153,124,2019-08-26,2019-07-11,inner_train,True,29.0,False,0.5345308929576063,True
inner_2021,2025,train,random,154,96,2019-08-27,2019-05-31,inner_train,True,58.0,True,0.6838704696884546,True
inner_2021,2025,train,random,155,99,2019-08-28,2019-06-06,inner_train,True,56.0,False,1.207505555334965,True
inner_2021,2025,train,random,156,24,2019-08-29,2019-02-11,inner_train,True,132.0,False,0.7935365372428902,True
inner_2021,2025,train,random,157,9,2019-08-30,2019-01-21,inner_train,True,148.0,True,0.8752746395016713,True
inner_2021,2025,train,random,158,141,2019-09-02,2019-08-07,inner_train,True,17.0,False,0.39306976165344665,True
inner_2021,2025,train,random,159,13,2019-09-03,2019-01-25,inner_train,True,146.0,False,0.16214903861136776,True
inner_2021,2025,train,random,160,154,2019-09-04,2019-08-27,inner_train,True,6.0,False,0.8781227536842398,True
inner_2021,2025,train,random,161,26,2019-09-05,2019-02-13,inner_train,True,135.0,True,0.2094447069560479,True
inner_2021,2025,train,random,162,74,2019-09-06,2019-04-26,inner_train,True,88.0,True,0.2644440638051093,True
inner_2021,2025,train,random,163,131,2019-09-09,2019-07-23,inner_train,True,32.0,False,0.13568424598562334,True
inner_2021,2025,train,random,164,59,2019-09-10,2019-04-02,inner_train,True,105.0,True,0.33060711716881475,True
inner_2021,2025,train,random,165,159,2019-09-11,2019-09-03,inner_train,True,6.0,False,0.14202040794943427,True
inner_2021,2025,train,random,166,12,2019-09-12,2019-01-24,inner_train,True,154.0,True,0.49832546100175934,True
inner_2021,2025,train,random,167,67,2019-09-13,2019-04-17,inner_train,True,100.0,True,0.4293325895148081,True
inner_2021,2025,train,random,168,102,2019-09-16,2019-06-11,inner_train,True,66.0,False,0.3031862589877461,True
inner_2021,2025,train,random,169,163,2019-09-17,2019-09-09,inner_train,True,6.0,False,0.8351362953479287,True
inner_2021,2025,train,random,170,91,2019-09-18,2019-05-24,inner_train,True,79.0,False,1.2060758545227155,True
inner_2021,2025,train,random,171,142,2019-09-19,2019-08-08,inner_train,True,29.0,False,1.9242801040937936,True
inner_2021,2025,train,random,172,20,2019-09-20,2019-02-05,inner_train,True,152.0,False,1.4280821378622721,True
inner_2021,2025,train,random,173,26,2019-09-23,2019-02-13,inner_train,True,147.0,False,0.6127724970487223,True
inner_2021,2025,train,random,174,50,2019-09-24,2019-03-20,inner_train,True,124.0,False,0.7609814471019463,True
inner_2021,2025,train,random,175,127,2019-09-25,2019-07-17,inner_train,True,48.0,False,0.49245711082191823,True
inner_2021,2025,train,random,176,35,2019-09-26,2019-02-27,inner_train,True,141.0,False,0.2748071475019551,True
inner_2021,2025,train,random,177,104,2019-09-27,2019-06-13,inner_train,True,73.0,False,0.998787428509258,True
inner_2021,2025,train,random,178,140,2019-09-30,2019-08-06,inner_train,True,38.0,False,0.5463766080303092,True
inner_2021,2025,train,random,179,96,2019-10-01,2019-05-31,inner_train,True,83.0,True,0.6649295407509945,True
inner_2021,2025,train,random,180,157,2019-10-02,2019-08-30,inner_train,True,23.0,False,1.8896886593241748,True
inner_2021,2025,train,random,181,117,2019-10-03,2019-07-02,inner_train,True,64.0,False,0.4432054360910116,True
inner_2021,2025,train,random,182,9,2019-10-04,2019-01-21,inner_train,True,173.0,False,0.3572630062902866,True
inner_2021,2025,train,random,183,175,2019-10-07,2019-09-25,inner_train,True,8.0,True,0.7202410416926304,True
inner_2021,2025,train,random,184,130,2019-10-08,2019-07-22,inner_train,True,54.0,False,0.5376807110691675,True
inner_2021,2025,train,random,185,34,2019-10-09,2019-02-26,inner_train,True,151.0,False,0.45276182281122956,True
inner_2021,2025,train,random,186,144,2019-10-10,2019-08-13,inner_train,True,42.0,True,0.5227541946312648,True
inner_2021,2025,train,random,187,172,2019-10-11,2019-09-20,inner_train,True,15.0,True,1.192035181712154,True
inner_2021,2025,train,random,188,146,2019-10-15,2019-08-15,inner_train,True,42.0,False,1.2619304988558535,True
inner_2021,2025,train,random,189,62,2019-10-16,2019-04-05,inner_train,True,127.0,True,0.21066289009060046,True
inner_2021,2025,train,random,190,168,2019-10-17,2019-09-16,inner_train,True,22.0,True,0.2374004119390749,True
inner_2021,2025,train,random,191,144,2019-10-18,2019-08-13,inner_train,True,47.0,False,0.36101334553733055,True
inner_2021,2025,train,random,192,110,2019-10-21,2019-06-21,inner_train,True,82.0,False,0.019802627296179764,True
inner_2021,2025,train,random,193,52,2019-10-22,2019-03-22,inner_train,True,141.0,False,0.2513144282809061,True
inner_2021,2025,train,random,194,34,2019-10-24,2019-02-26,inner_train,True,160.0,False,0.7722845011186692,True
inner_2021,2025,train,random,195,47,2019-10-25,2019-03-15,inner_train,True,148.0,True,0.32277339226305113,True
inner_2021,2025,train,random,196,27,2019-10-28,2019-02-14,inner_train,True,169.0,False,0.6592456288842641,True
inner_2021,2025,train,random,197,11,2019-10-29,2019-01-23,inner_train,True,186.0,False,0.3320549239947579,True
inner_2021,2025,train,random,198,120,2019-10-30,2019-07-05,inner_train,True,78.0,False,0.1986024423980921,True
inner_2021,2025,train,random,199,132,2019-10-31,2019-07-24,inner_train,True,67.0,True,0.14280417375790755,True
inner_2021,2025,train,random,200,74,2019-11-01,2019-04-26,inner_train,True,126.0,False,0.5801603171670542,True
inner_2021,2025,train,random,201,71,2019-11-04,2019-04-23,inner_train,True,130.0,False,1.1629647805985583,True
inner_2021,2025,train,random,202,16,2019-11-05,2019-01-30,inner_train,True,186.0,False,0.4906229164484719,True
inner_2021,2025,train,random,203,85,2019-11-06,2019-05-15,inner_train,True,118.0,False,1.112507076986926,True
inner_2021,2025,train,random,204,98,2019-11-07,2019-06-05,inner_train,True,106.0,False,0.2179510301185843,True
inner_2021,2025,train,random,205,199,2019-11-08,2019-10-31,inner_train,True,6.0,False,0.1564521768155367,True
inner_2021,2025,train,random,206,2,2019-11-11,2019-01-10,inner_train,True,204.0,False,1.0170826880031738,True
inner_2021,2025,train,random,207,64,2019-11-12,2019-04-10,inner_train,True,143.0,False,1.509775417890912,True
inner_2021,2025,train,random,208,187,2019-11-13,2019-10-11,inner_train,True,21.0,False,1.3346592448182273,True
inner_2021,2025,train,random,209,168,2019-11-14,2019-09-16,inner_train,True,41.0,True,2.1391607763814586,True
inner_2021,2025,train,random,210,116,2019-11-15,2019-07-01,inner_train,True,94.0,False,2.0613722949321263,True
inner_2021,2025,train,random,211,114,2019-11-18,2019-06-27,inner_train,True,97.0,False,1.716925544229384,True
inner_2021,2025,train,random,212,102,2019-11-19,2019-06-11,inner_train,True,110.0,False,2.1102132003465894,True
inner_2021,2025,train,random,213,26,2019-11-20,2019-02-13,inner_train,True,187.0,False,1.4529857356185625,True
inner_2021,2025,train,random,214,86,2019-11-21,2019-05-16,inner_train,True,128.0,False,1.2845636135126437,True
inner_2021,2025,train,random,215,52,2019-11-22,2019-03-22,inner_train,True,163.0,False,0.9644354432360491,True
inner_2021,2025,train,random,216,4,2019-11-25,2019-01-14,inner_train,True,212.0,True,0.6833388094614254,True
inner_2021,2025,train,random,217,22,2019-11-26,2019-02-07,inner_train,True,195.0,False,0.12257920791987642,True
inner_2021,2025,train,random,218,28,2019-11-27,2019-02-15,inner_train,True,190.0,True,0.08004270767353638,True
inner_2021,2025,train,random,219,51,2019-11-28,2019-03-21,inner_train,True,168.0,True,0.3044328828765961,True
inner_2021,2025,train,random,220,192,2019-11-29,2019-10-21,inner_train,True,28.0,True,0.4880109459998194,True
inner_2021,2025,train,random,221,189,2019-12-02,2019-10-16,inner_train,True,32.0,False,0.503526321284379,True
inner_2021,2025,train,random,222,144,2019-12-03,2019-08-13,inner_train,True,78.0,True,0.6787584431078457,True
inner_2021,2025,train,random,223,177,2019-12-04,2019-09-27,inner_train,True,46.0,False,0.8442858099172121,True
inner_2021,2025,train,random,224,109,2019-12-06,2019-06-20,inner_train,True,115.0,False,0.16362942378180234,True
inner_2021,2025,train,random,225,127,2019-12-09,2019-07-17,inner_train,True,98.0,False,0.4480247225269607,True
inner_2021,2025,train,random,226,14,2019-12-11,2019-01-28,inner_train,True,212.0,False,0.6706743247078863,True
inner_2021,2025,train,random,227,59,2019-12-12,2019-04-02,inner_train,True,168.0,False,0.49937570755806604,True
inner_2021,2025,train,random,228,73,2019-12-13,2019-04-25,inner_train,True,155.0,False,0.4461963955668127,True
inner_2021,2025,train,random,229,147,2019-12-16,2019-08-16,inner_train,True,82.0,True,1.9293032692054104,True
inner_2021,2025,train,random,230,83,2019-12-17,2019-05-13,inner_train,True,147.0,True,1.6251862694022385,True
inner_2021,2025,train,random,231,146,2019-12-18,2019-08-15,inner_train,True,85.0,True,1.0676862971049927,True
inner_2021,2025,train,random,232,198,2019-12-19,2019-10-30,inner_train,True,34.0,False,0.47284637570077415,True
inner_2021,2025,train,random,233,137,2019-12-20,2019-08-01,inner_train,True,96.0,False,0.7108467576593465,True
inner_2021,2025,train,random,234,152,2019-12-23,2019-08-23,inner_train,True,82.0,False,0.2280347954589077,True
inner_2021,2025,train,random,235,2,2019-12-24,2019-01-10,inner_train,True,233.0,True,0.9728029421374971,True
inner_2021,2025,train,random,236,53,2019-12-25,2019-03-25,inner_train,True,183.0,True,0.7050698255168513,True
inner_2021,2025,train,random,237,69,2019-12-26,2019-04-19,inner_train,True,168.0,False,0.24846135929849922,True
inner_2021,2025,train,random,238,49,2019-12-27,2019-03-19,inner_train,True,189.0,True,0.395664803509872,True
inner_2021,2025,train,random,239,105,2019-12-30,2019-06-14,inner_train,True,134.0,False,0.4220237360025729,True
inner_2021,2025,train,random,240,128,2020-01-02,2019-07-18,inner_train,True,112.0,True,0.14310084364067333,False
inner_2021,2025,train,random,241,173,2020-01-03,2019-09-23,inner_train,True,68.0,False,0.793769068344973,False
inner_2021,2025,train,random,242,79,2020-01-06,2019-05-07,inner_train,True,163.0,True,0.8024770805052706,False
inner_2021,2025,train,random,243,134,2020-01-07,2019-07-26,inner_train,True,109.0,True,0.9938559244117346,False
inner_2021,2025,train,random,244,153,2020-01-08,2019-08-26,inner_train,True,91.0,False,0.5523633692531624,False
inner_2021,2025,train,random,245,86,2020-01-09,2019-05-16,inner_train,True,159.0,False,2.934823520466999,False
inner_2021,2025,train,random,246,152,2020-01-10,2019-08-23,inner_train,True,94.0,False,0.655167932494729,False
inner_2021,2025,train,random,247,196,2020-01-13,2019-10-28,inner_train,True,51.0,False,0.24116205681688818,False
inner_2021,2025,train,random,248,72,2020-01-14,2019-04-24,inner_train,True,176.0,False,0.4102843945441137,False
inner_2021,2025,train,random,249,112,2020-01-15,2019-06-25,inner_train,True,137.0,False,0.540481833348879,False
inner_2021,2025,train,random,250,167,2020-01-16,2019-09-13,inner_train,True,83.0,False,0.3684238364278154,False
inner_2021,2025,train,random,251,127,2020-01-17,2019-07-17,inner_train,True,124.0,True,0.5389965007326873,False
inner_2021,2025,train,random,252,44,2020-01-20,2019-03-12,inner_train,True,208.0,False,0.7421211851564049,False
inner_2021,2025,train,random,253,167,2020-01-21,2019-09-13,inner_train,True,86.0,False,0.39025123947233675,False
inner_2021,2025,train,random,254,79,2020-01-22,2019-05-07,inner_train,True,175.0,True,1.2367626271489272,False
inner_2021,2025,train,random,255,65,2020-01-23,2019-04-11,inner_train,True,190.0,False,0.4094255093242616,False
inner_2021,2025,train,random,256,182,2020-01-24,2019-10-04,inner_train,True,74.0,False,0.30010459245033827,False
inner_2021,2025,train,random,257,140,2020-01-27,2019-08-06,inner_train,True,117.0,True,0.5170175940139119,False
inner_2021,2025,train,random,258,24,2020-01-28,2019-02-11,inner_train,True,234.0,False,0.2231435513142097,False
inner_2021,2025,train,random,259,16,2020-01-29,2019-01-30,inner_train,True,243.0,False,0.14310084364067333,False
inner_2021,2025,train,random,260,190,2020-01-30,2019-10-17,inner_train,True,70.0,False,0.17317979683586016,False
inner_2021,2025,train,random,261,62,2020-01-31,2019-04-05,inner_train,True,199.0,False,0.17595886300612573,False
inner_2021,2025,train,random,262,202,2020-02-03,2019-11-05,inner_train,True,60.0,False,0.8568673114033545,False
inner_2021,2025,train,random,263,174,2020-02-04,2019-09-24,inner_train,True,89.0,True,0.7236240941433638,False
inner_2021,2025,train,random,264,152,2020-02-05,2019-08-23,inner_train,True,112.0,True,0.16381808522939512,False
inner_2021,2025,train,random,265,251,2020-02-06,2020-01-17,inner_train,True,14.0,False,0.6481957926976789,True
inner_2021,2025,train,random,266,143,2020-02-07,2019-08-09,inner_train,True,123.0,True,0.4731335222546629,False
inner_2021,2025,train,random,267,97,2020-02-11,2019-06-04,inner_train,True,170.0,False,0.24686007793152553,False
inner_2021,2025,train,random,268,9,2020-02-12,2019-01-21,inner_train,True,259.0,False,0.890067536775053,False
inner_2021,2025,train,random,269,145,2020-02-13,2019-08-14,inner_train,True,124.0,True,0.8315495034190636,False
inner_2021,2025,train,random,270,231,2020-02-14,2019-12-18,inner_train,True,39.0,True,0.12370965432602299,False
inner_2021,2025,train,random,271,140,2020-02-17,2019-08-06,inner_train,True,131.0,True,0.5921861440616034,False
inner_2021,2025,train,random,272,138,2020-02-18,2019-08-02,inner_train,True,134.0,True,0.8203907583248404,False
inner_2021,2025,train,random,273,95,2020-02-19,2019-05-30,inner_train,True,178.0,True,0.5714421769373188,False
inner_2021,2025,train,random,274,254,2020-02-20,2020-01-22,inner_train,True,20.0,False,1.0799019538099248,True
inner_2021,2025,train,random,275,166,2020-02-21,2019-09-12,inner_train,True,109.0,False,0.8870841583635465,False
inner_2021,2025,train,random,276,20,2020-02-24,2019-02-05,inner_train,True,256.0,False,0.9533852381847869,False
inner_2021,2025,train,random,277,160,2020-02-25,2019-09-04,inner_train,True,117.0,False,0.19999706795267702,False
inner_2021,2025,train,random,278,109,2020-02-26,2019-06-20,inner_train,True,169.0,False,0.2754522951253473,False
inner_2021,2025,train,random,279,52,2020-02-27,2019-03-22,inner_train,True,227.0,False,0.5444019192995948,False
inner_2021,2025,train,random,280,248,2020-02-28,2020-01-14,inner_train,True,32.0,False,0.5877416242632938,True
inner_2021,2025,train,random,281,27,2020-03-02,2019-02-14,inner_train,True,254.0,False,0.806249114420373,False
inner_2021,2025,train,random,282,147,2020-03-03,2019-08-16,inner_train,True,135.0,True,1.9466528388634172,False
inner_2021,2025,train,random,283,109,2020-03-04,2019-06-20,inner_train,True,174.0,False,1.1970573696401252,False
inner_2021,2025,train,random,284,1,2020-03-05,2019-01-09,inner_train,True,283.0,False,0.6844135005911904,False
inner_2021,2025,train,random,285,89,2020-03-06,2019-05-22,inner_train,True,196.0,True,2.4901376992055533,False
inner_2021,2025,train,random,286,38,2020-03-09,2019-03-04,inner_train,True,248.0,True,0.8909729238898652,False
inner_2021,2025,train,random,287,143,2020-03-10,2019-08-09,inner_train,True,144.0,True,0.5165236448806283,False
inner_2021,2025,train,random,288,239,2020-03-11,2019-12-30,inner_train,True,49.0,False,0.5997049132400254,False
inner_2021,2025,train,random,289,61,2020-03-12,2019-04-04,inner_train,True,228.0,False,0.3617900446055029,False
inner_2021,2025,train,random,290,58,2020-03-13,2019-04-01,inner_train,True,232.0,False,0.3594361053800603,False
inner_2021,2025,train,random,291,286,2020-03-16,2020-03-09,inner_train,True,5.0,True,0.7239188392266991,True
inner_2021,2025,train,random,292,100,2020-03-17,2019-06-07,inner_train,True,192.0,False,0.20097267342005543,False
inner_2021,2025,train,random,293,94,2020-03-18,2019-05-29,inner_train,True,199.0,True,0.2784062299892591,False
inner_2021,2025,train,random,294,67,2020-03-19,2019-04-17,inner_train,True,227.0,False,0.5323318289869543,False
inner_2021,2025,train,random,295,179,2020-03-20,2019-10-01,inner_train,True,116.0,True,0.8515154963314067,False
inner_2021,2025,train,random,296,201,2020-03-23,2019-11-04,inner_train,True,95.0,False,1.4774581105009963,False
inner_2021,2025,train,random,297,119,2020-03-24,2019-07-04,inner_train,True,178.0,False,0.36095427355810683,False
inner_2021,2025,train,random,298,130,2020-03-25,2019-07-22,inner_train,True,168.0,False,1.508696342632569,False
inner_2021,2025,train,random,299,19,2020-03-26,2019-02-04,inner_train,True,280.0,False,2.641848857806213,False
inner_2021,2025,train,random,300,278,2020-03-27,2020-02-26,inner_train,True,22.0,True,2.556733215981483,True
inner_2021,2025,train,random,301,255,2020-03-30,2020-01-23,inner_train,True,46.0,False,1.8474131761759365,True
inner_2021,2025,train,random,302,50,2020-03-31,2019-03-20,inner_train,True,252.0,False,1.2823891801984737,False
inner_2021,2025,train,random,303,115,2020-04-01,2019-06-28,inner_train,True,188.0,False,1.1563260821814767,False
inner_2021,2025,train,random,304,148,2020-04-02,2019-08-19,inner_train,True,156.0,True,1.643927526461336,False
inner_2021,2025,train,random,305,105,2020-04-03,2019-06-14,inner_train,True,200.0,False,0.2682639865946794,False
inner_2021,2025,train,random,306,167,2020-04-07,2019-09-13,inner_train,True,139.0,False,0.37729423114146776,False
inner_2021,2025,train,random,307,6,2020-04-08,2019-01-16,inner_train,True,301.0,True,0.17378179524582027,False
inner_2021,2025,train,random,308,209,2020-04-09,2019-11-14,inner_train,True,99.0,True,1.3112810018513565,False
inner_2021,2025,train,random,309,169,2020-04-10,2019-09-17,inner_train,True,140.0,False,0.7988922376568501,False
inner_2021,2025,train,random,310,26,2020-04-13,2019-02-13,inner_train,True,284.0,True,0.22084205432593018,False
inner_2021,2025,train,random,311,294,2020-04-14,2020-03-19,inner_train,True,17.0,False,0.1951696992718035,True
inner_2021,2025,train,random,312,18,2020-04-15,2019-02-01,inner_train,True,294.0,True,0.2094634474101298,False
inner_2021,2025,train,random,313,291,2020-04-16,2020-03-16,inner_train,True,22.0,False,0.19247392825797283,True
inner_2021,2025,train,random,314,2,2020-04-17,2019-01-10,inner_train,True,312.0,True,0.35131175048398733,False
inner_2021,2025,train,random,315,62,2020-04-20,2019-04-05,inner_train,True,253.0,False,0.023530497410193973,False
inner_2021,2025,train,random,316,257,2020-04-21,2020-01-27,inner_train,True,59.0,False,0.36513706272119295,True
inner_2021,2025,train,random,317,210,2020-04-22,2019-11-15,inner_train,True,107.0,False,2.1590107644960423,False
inner_2021,2025,train,random,318,143,2020-04-23,2019-08-09,inner_train,True,175.0,False,1.3732820473763434,False
inner_2021,2025,train,random,319,255,2020-04-24,2020-01-23,inner_train,True,64.0,False,0.7629054936893684,True
inner_2021,2025,train,random,320,29,2020-04-27,2019-02-18,inner_train,True,291.0,False,0.7839218363342004,False
inner_2021,2025,train,random,321,170,2020-04-28,2019-09-18,inner_train,True,151.0,False,0.8159364079754599,False
inner_2021,2025,train,random,322,144,2020-04-29,2019-08-13,inner_train,True,178.0,False,0.9635761891515195,False
inner_2021,2025,train,random,323,218,2020-04-30,2019-11-27,inner_train,True,105.0,False,0.18182540198347885,False
inner_2021,2025,train,random,324,219,2020-05-05,2019-11-28,inner_train,True,105.0,False,0.44907391353559856,False
inner_2021,2025,train,random,325,32,2020-05-07,2019-02-22,inner_train,True,293.0,False,0.06453852113757108,False
inner_2021,2025,train,random,326,165,2020-05-08,2019-09-11,inner_train,True,161.0,False,0.3908663086870119,False
inner_2021,2025,train,random,327,98,2020-05-11,2019-06-05,inner_train,True,229.0,True,0.07685900552561176,False
inner_2021,2025,train,random,328,260,2020-05-12,2020-01-30,inner_train,True,68.0,False,0.5663954749208018,True
inner_2021,2025,train,random,329,224,2020-05-13,2019-12-06,inner_train,True,105.0,False,0.7333536010379857,False
inner_2021,2025,train,random,330,44,2020-05-14,2019-03-12,inner_train,True,286.0,False,0.6783320947748046,False
inner_2021,2025,train,random,331,154,2020-05-15,2019-08-27,inner_train,True,177.0,False,1.8085981205503514,False
inner_2021,2025,train,random,332,178,2020-05-18,2019-09-30,inner_train,True,154.0,True,0.6708414230456476,False
inner_2021,2025,train,random,333,232,2020-05-19,2019-12-19,inner_train,True,101.0,True,1.2075149107503358,False
inner_2021,2025,train,random,334,312,2020-05-20,2020-04-15,inner_train,True,22.0,True,0.9681816737218352,True
inner_2021,2025,train,random,335,147,2020-05-21,2019-08-16,inner_train,True,188.0,False,0.5127690228958013,False
inner_2021,2025,train,random,336,91,2020-05-22,2019-05-24,inner_train,True,245.0,False,0.5254244231871432,False
inner_2021,2025,train,random,337,104,2020-05-25,2019-06-13,inner_train,True,233.0,False,1.029970355945946,False
inner_2021,2025,train,random,338,143,2020-05-26,2019-08-09,inner_train,True,195.0,False,0.06595796779179741,False
inner_2021,2025,train,random,339,219,2020-05-27,2019-11-28,inner_train,True,120.0,False,0.687316260249152,False
inner_2021,2025,train,random,340,134,2020-05-28,2019-07-26,inner_train,True,206.0,False,0.3601321643225903,False
inner_2021,2025,train,random,341,62,2020-05-29,2019-04-05,inner_train,True,279.0,False,0.1771401980519567,False
inner_2021,2025,train,random,342,154,2020-06-01,2019-08-27,inner_train,True,188.0,False,0.8549451653715341,False
inner_2021,2025,train,random,343,19,2020-06-02,2019-02-04,inner_train,True,324.0,True,0.19185451745267823,False
inner_2021,2025,train,random,344,64,2020-06-04,2019-04-10,inner_train,True,280.0,True,0.3646431135879098,False
inner_2021,2025,train,random,345,112,2020-06-05,2019-06-25,inner_train,True,233.0,True,0.4571002244098281,False
inner_2021,2025,train,random,346,218,2020-06-08,2019-11-27,inner_train,True,128.0,False,0.21357410029805912,False
inner_2021,2025,train,random,347,331,2020-06-09,2020-05-15,inner_train,True,16.0,False,1.6317416718645612,True
inner_2021,2025,train,random,348,121,2020-06-10,2019-07-08,inner_train,True,227.0,True,0.0,False
inner_2021,2025,train,random,349,194,2020-06-11,2019-10-24,inner_train,True,155.0,False,0.44769787173143705,False
inner_2021,2025,train,random,350,303,2020-06-12,2020-04-01,inner_train,True,47.0,False,1.0946987712513643,True
inner_2021,2025,train,random,351,323,2020-06-15,2020-04-30,inner_train,True,28.0,False,0.09732834396056234,True
inner_2021,2025,train,random,352,328,2020-06-16,2020-05-12,inner_train,True,24.0,False,0.13961716521109047,True
inner_2021,2025,train,random,353,95,2020-06-17,2019-05-30,inner_train,True,258.0,False,0.25678407601751374,False
inner_2021,2025,train,random,354,99,2020-06-18,2019-06-06,inner_train,True,255.0,True,0.1009866378091302,False
inner_2021,2025,train,random,355,159,2020-06-19,2019-09-03,inner_train,True,196.0,True,0.3302185726981208,False
inner_2021,2025,train,random,356,76,2020-06-22,2019-04-30,inner_train,True,280.0,False,0.6397267480063507,False
inner_2021,2025,train,random,357,77,2020-06-23,2019-05-02,inner_train,True,280.0,False,0.6792580683992777,False
inner_2021,2025,train,random,358,328,2020-06-24,2020-05-12,inner_train,True,30.0,True,0.2479417438022673,True
inner_2021,2025,train,random,359,272,2020-06-25,2020-02-18,inner_train,True,87.0,False,0.6605737536937029,True
inner_2021,2025,train,random,360,175,2020-06-26,2019-09-25,inner_train,True,185.0,False,0.9160639804275799,False
inner_2021,2025,train,random,361,98,2020-06-29,2019-06-05,inner_train,True,263.0,True,0.20854475189305743,False
inner_2021,2025,train,random,362,86,2020-06-30,2019-05-16,inner_train,True,276.0,False,2.40597939119833,False
inner_2021,2025,train,random,363,11,2020-07-01,2019-01-23,inner_train,True,352.0,True,0.19988668914994223,False
inner_2021,2025,train,random,364,134,2020-07-02,2019-07-26,inner_train,True,230.0,False,0.6336905755332336,False
inner_2021,2025,train,random,365,252,2020-07-03,2020-01-20,inner_train,True,113.0,False,0.34032580593720274,True
inner_2021,2025,train,random,366,158,2020-07-07,2019-09-02,inner_train,True,208.0,True,0.5254113861423804,False
inner_2021,2025,train,random,367,138,2020-07-08,2019-08-02,inner_train,True,229.0,False,0.09043486544115042,False
inner_2021,2025,train,random,368,352,2020-07-09,2020-06-16,inner_train,True,16.0,False,0.4508758612887718,True
inner_2021,2025,train,random,369,78,2020-07-10,2019-05-03,inner_train,True,291.0,False,1.2643867826256505,False
inner_2021,2025,train,random,370,338,2020-07-13,2020-05-26,inner_train,True,32.0,True,0.22869277397607712,True
inner_2021,2025,train,random,371,151,2020-07-14,2019-08-22,inner_train,True,220.0,False,0.24376283851694502,False
inner_2021,2025,train,random,372,133,2020-07-15,2019-07-25,inner_train,True,239.0,True,0.2604292009741309,False
inner_2021,2025,train,random,373,165,2020-07-16,2019-09-11,inner_train,True,208.0,False,0.343027249167549,False
inner_2021,2025,train,random,374,234,2020-07-17,2019-12-23,inner_train,True,140.0,True,0.1864220238412213,False
inner_2021,2025,train,random,375,68,2020-07-20,2019-04-18,inner_train,True,307.0,False,0.9230831224343201,False
inner_2021,2025,train,random,376,171,2020-07-21,2019-09-19,inner_train,True,205.0,True,1.9957390680759386,False
inner_2021,2025,train,random,377,294,2020-07-22,2020-03-19,inner_train,True,83.0,False,0.14884562759756514,True
inner_2021,2025,train,random,378,45,2020-07-23,2019-03-13,inner_train,True,333.0,True,0.2641515750415868,False
inner_2021,2025,train,random,379,218,2020-07-24,2019-11-27,inner_train,True,161.0,True,0.2499417444689338,False
inner_2021,2025,train,random,380,108,2020-07-29,2019-06-19,inner_train,True,272.0,False,0.5184979791843465,False
inner_2021,2025,train,random,381,201,2020-07-30,2019-11-04,inner_train,True,180.0,False,1.7330518684012768,False
inner_2021,2025,train,random,382,106,2020-07-31,2019-06-17,inner_train,True,276.0,False,0.5987624982765634,False
inner_2021,2025,train,random,383,204,2020-08-03,2019-11-07,inner_train,True,179.0,False,1.1137911515214491,False
inner_2021,2025,train,random,384,174,2020-08-04,2019-09-24,inner_train,True,210.0,True,1.0280768859453384,False
inner_2021,2025,train,random,385,289,2020-08-05,2020-03-12,inner_train,True,96.0,True,0.38851554979439085,True
inner_2021,2025,train,random,386,235,2020-08-06,2019-12-24,inner_train,True,151.0,False,0.48550781578170055,False
inner_2021,2025,train,random,387,49,2020-08-07,2019-03-19,inner_train,True,338.0,False,0.19314053939839804,False
inner_2021,2025,train,random,388,120,2020-08-10,2019-07-05,inner_train,True,268.0,False,0.8510785832271095,False
inner_2021,2025,train,random,389,266,2020-08-11,2020-02-07,inner_train,True,123.0,False,0.39569159628118333,True
inner_2021,2025,train,random,390,136,2020-08-13,2019-07-31,inner_train,True,254.0,False,0.5791799935817874,False
inner_2021,2025,train,random,391,385,2020-08-14,2020-08-05,inner_train,True,6.0,False,0.9681440934844101,True
inner_2021,2025,train,random,392,254,2020-08-17,2020-01-22,inner_train,True,138.0,True,1.2709753924186669,True
inner_2021,2025,train,random,393,240,2020-08-18,2020-01-02,inner_train,True,153.0,True,0.5256094199502277,True
inner_2021,2025,train,random,394,283,2020-08-19,2020-03-04,inner_train,True,111.0,False,1.6873544132649867,True
inner_2021,2025,train,random,395,373,2020-08-20,2020-07-16,inner_train,True,22.0,False,0.36397581381723443,True
inner_2021,2025,train,random,396,280,2020-08-21,2020-02-28,inner_train,True,116.0,True,1.291357850181234,True
inner_2021,2025,train,random,397,105,2020-08-24,2019-06-14,inner_train,True,292.0,False,0.44807441320251495,False
inner_2021,2025,train,random,398,183,2020-08-25,2019-10-07,inner_train,True,215.0,True,0.13218881018969064,False
inner_2021,2025,train,random,399,45,2020-08-26,2019-03-13,inner_train,True,354.0,True,0.43589801675922457,False
inner_2021,2025,train,random,400,352,2020-08-27,2020-06-16,inner_train,True,48.0,False,1.0734054746347637,True
inner_2021,2025,train,random,401,35,2020-08-28,2019-02-27,inner_train,True,366.0,False,1.2498432583920334,False
inner_2021,2025,train,random,402,66,2020-08-31,2019-04-12,inner_train,True,336.0,False,0.16034265007517945,False
inner_2021,2025,train,random,403,242,2020-09-01,2020-01-06,inner_train,True,161.0,False,0.485507815781701,True
inner_2021,2025,train,random,404,159,2020-09-02,2019-09-03,inner_train,True,245.0,False,0.2453796927610914,False
inner_2021,2025,train,random,405,134,2020-09-03,2019-07-26,inner_train,True,271.0,False,0.3769707286854196,False
inner_2021,2025,train,random,406,390,2020-09-08,2020-08-13,inner_train,True,16.0,False,0.36888458474542674,True
inner_2021,2025,train,random,407,106,2020-09-09,2019-06-17,inner_train,True,301.0,False,0.2783883252603214,False
inner_2021,2025,train,random,408,76,2020-09-10,2019-04-30,inner_train,True,332.0,False,0.9718605830289655,False
inner_2021,2025,train,random,409,341,2020-09-11,2020-05-29,inner_train,True,68.0,False,0.24116205681688818,True
inner_2021,2025,train,random,410,199,2020-09-14,2019-10-31,inner_train,True,211.0,False,0.5977358834088533,False
inner_2021,2025,train,random,411,44,2020-09-15,2019-03-12,inner_train,True,367.0,True,0.4778776856766416,False
inner_2021,2025,train,random,412,21,2020-09-16,2019-02-06,inner_train,True,391.0,False,0.7395294456608372,False
inner_2021,2025,train,random,413,55,2020-09-17,2019-03-27,inner_train,True,358.0,False,0.38376674564708546,False
inner_2021,2025,train,random,414,228,2020-09-18,2019-12-13,inner_train,True,186.0,True,0.1823215567939549,False
inner_2021,2025,train,random,415,6,2020-09-21,2019-01-16,inner_train,True,409.0,False,0.32920312327453427,False
inner_2021,2025,train,random,416,390,2020-09-22,2020-08-13,inner_train,True,26.0,False,0.573874941352094,True
inner_2021,2025,train,random,417,175,2020-09-23,2019-09-25,inner_train,True,242.0,True,0.5823215567939548,False
inner_2021,2025,train,random,418,27,2020-09-24,2019-02-14,inner_train,True,391.0,False,0.2898349258128823,False
inner_2021,2025,train,random,419,132,2020-09-25,2019-07-24,inner_train,True,287.0,False,0.21426313774005212,False
inner_2021,2025,train,random,420,375,2020-09-28,2020-07-20,inner_train,True,45.0,False,0.28426432794112033,True
inner_2021,2025,train,random,421,291,2020-09-29,2020-03-16,inner_train,True,130.0,True,0.39208698216198856,True
inner_2021,2025,train,random,422,292,2020-09-30,2020-03-17,inner_train,True,130.0,True,0.06453852113757108,True
inner_2021,2025,train,random,423,13,2020-10-01,2019-01-25,inner_train,True,410.0,False,0.31531401111386703,False
inner_2021,2025,train,random,424,45,2020-10-02,2019-03-13,inner_train,True,379.0,False,0.4241331751796382,False
inner_2021,2025,train,random,425,346,2020-10-05,2020-06-08,inner_train,True,79.0,False,0.7364722366212129,True
inner_2021,2025,train,random,426,234,2020-10-06,2019-12-23,inner_train,True,192.0,False,1.8428185158890593,False
inner_2021,2025,train,random,427,421,2020-10-07,2020-09-29,inner_train,True,6.0,True,2.038083510511065,True
inner_2021,2025,train,random,428,56,2020-10-08,2019-03-28,inner_train,True,372.0,False,2.1877108807020544,False
inner_2021,2025,train,random,429,256,2020-10-09,2020-01-24,inner_train,True,173.0,False,2.1917594692280553,True
inner_2021,2025,train,random,430,422,2020-10-12,2020-09-30,inner_train,True,8.0,False,0.78889223751833,True
inner_2021,2025,train,random,431,244,2020-10-14,2020-01-08,inner_train,True,187.0,False,0.3112125698619752,True
inner_2021,2025,train,random,432,112,2020-10-15,2019-06-25,inner_train,True,320.0,False,0.472604410945793,False
inner_2021,2025,train,random,433,387,2020-10-16,2020-08-07,inner_train,True,46.0,True,0.36926205944420376,True
inner_2021,2025,train,random,434,388,2020-10-19,2020-08-10,inner_train,True,46.0,True,0.5409236549232701,True
inner_2021,2025,train,random,435,29,2020-10-20,2019-02-18,inner_train,True,406.0,False,0.4459060776666752,False
inner_2021,2025,train,random,436,409,2020-10-21,2020-09-11,inner_train,True,27.0,True,0.48450831544861694,True
inner_2021,2025,train,random,437,308,2020-10-22,2020-04-09,inner_train,True,129.0,False,0.9621440363702769,True
inner_2021,2025,train,random,438,328,2020-10-26,2020-05-12,inner_train,True,110.0,False,0.8228250038684783,True
inner_2021,2025,train,random,439,399,2020-10-27,2020-08-26,inner_train,True,40.0,False,0.3815118670856714,True
inner_2021,2025,train,random,440,290,2020-10-28,2020-03-13,inner_train,True,150.0,True,0.30076270369488745,True
inner_2021,2025,train,random,441,54,2020-10-29,2019-03-26,inner_train,True,387.0,False,0.8996829954744947,False
inner_2021,2025,train,random,442,135,2020-10-30,2019-07-30,inner_train,True,307.0,True,0.06535518104412708,False
inner_2021,2025,train,random,443,343,2020-11-02,2020-06-02,inner_train,True,100.0,False,0.15184918283897897,True
inner_2021,2025,train,random,444,124,2020-11-03,2019-07-11,inner_train,True,320.0,False,0.2762533766281585,False
inner_2021,2025,train,random,445,154,2020-11-04,2019-08-27,inner_train,True,291.0,True,0.5177830356563833,False
inner_2021,2025,train,random,446,350,2020-11-05,2020-06-12,inner_train,True,96.0,False,0.26860592539096695,True
inner_2021,2025,train,random,447,73,2020-11-06,2019-04-25,inner_train,True,374.0,True,0.1942522839957852,False
inner_2021,2025,train,random,448,106,2020-11-09,2019-06-17,inner_train,True,342.0,True,0.2533078192782878,False
inner_2021,2025,train,random,449,30,2020-11-10,2019-02-20,inner_train,True,419.0,False,0.21350940259803952,False
inner_2021,2025,train,random,450,374,2020-11-11,2020-07-17,inner_train,True,76.0,False,0.40764138753075985,True
inner_2021,2025,train,random,451,437,2020-11-12,2020-10-22,inner_train,True,14.0,False,1.5656790582405358,True
inner_2021,2025,train,random,452,341,2020-11-13,2020-05-29,inner_train,True,111.0,True,1.1766549956749799,True
inner_2021,2025,train,random,453,372,2020-11-16,2020-07-15,inner_train,True,81.0,False,1.1756382669775456,True
inner_2021,2025,train,random,454,162,2020-11-17,2019-09-06,inner_train,True,292.0,True,1.0781752338121189,False
inner_2021,2025,train,random,455,334,2020-11-18,2020-05-20,inner_train,True,121.0,True,0.17576415624779562,True
inner_2021,2025,train,random,456,169,2020-11-19,2019-09-17,inner_train,True,287.0,False,1.5707503904424782,False
inner_2021,2025,train,random,457,273,2020-11-20,2020-02-19,inner_train,True,184.0,False,1.349830460994006,True
inner_2021,2025,train,random,458,122,2020-11-23,2019-07-09,inner_train,True,336.0,True,0.2076393647782444,False
inner_2021,2025,train,random,459,128,2020-11-24,2019-07-18,inner_train,True,331.0,False,0.5298738187366854,False
inner_2021,2025,train,random,460,46,2020-11-25,2019-03-14,inner_train,True,414.0,False,0.18453975862579863,False
inner_2021,2025,train,random,461,214,2020-11-26,2019-11-21,inner_train,True,247.0,False,0.8182295186979403,False
inner_2021,2025,train,random,462,316,2020-11-27,2020-04-21,inner_train,True,146.0,True,0.54654370636807,True
inner_2021,2025,train,random,463,65,2020-11-30,2019-04-11,inner_train,True,398.0,True,1.4483185632907483,False
inner_2021,2025,train,random,464,392,2020-12-01,2020-08-17,inner_train,True,72.0,False,0.34385729871867365,True
inner_2021,2025,train,random,465,20,2020-12-02,2019-02-05,inner_train,True,445.0,True,0.22825865198098017,False
inner_2021,2025,train,random,466,123,2020-12-03,2019-07-10,inner_train,True,343.0,True,0.39086630868701233,False
inner_2021,2025,train,random,467,336,2020-12-04,2020-05-22,inner_train,True,131.0,False,0.36648331503725284,True
inner_2021,2025,train,random,468,62,2020-12-08,2019-04-05,inner_train,True,406.0,False,0.6646440224803731,False
inner_2021,2025,train,random,469,221,2020-12-09,2019-12-02,inner_train,True,248.0,False,0.8873031950009032,False
inner_2021,2025,train,random,470,9,2020-12-14,2019-01-21,inner_train,True,461.0,False,0.671743271896792,False
inner_2021,2025,train,random,471,428,2020-12-15,2020-10-08,inner_train,True,43.0,False,2.017886966920628,True
inner_2021,2025,train,random,472,24,2020-12-16,2019-02-11,inner_train,True,448.0,True,0.21981576122153523,False
inner_2021,2025,train,random,473,88,2020-12-17,2019-05-21,inner_train,True,385.0,False,1.6810875081122427,False
inner_2021,2025,train,random,474,309,2020-12-18,2020-04-10,inner_train,True,165.0,True,0.3797627586847958,True
inner_2021,2025,train,random,475,246,2020-12-21,2020-01-10,inner_train,True,229.0,False,1.3700134755157531,True
inner_2021,2025,train,random,476,400,2020-12-22,2020-08-27,inner_train,True,76.0,True,1.5276078941864677,True
inner_2021,2025,train,random,477,319,2020-12-23,2020-04-24,inner_train,True,158.0,False,1.9345429173723678,True
inner_2021,2025,train,random,478,448,2020-12-24,2020-11-09,inner_train,True,30.0,False,0.777907149469117,True
inner_2021,2025,train,random,479,174,2020-12-25,2019-09-24,inner_train,True,305.0,False,1.1554225042993602,False
inner_2021,2025,train,random,480,318,2020-12-28,2020-04-23,inner_train,True,162.0,False,1.610530204872095,True
inner_2021,2025,train,random,481,195,2020-12-29,2019-10-25,inner_train,True,286.0,True,0.9985288301111273,False
inner_2021,2025,train,random,482,213,2020-12-30,2019-11-20,inner_train,True,269.0,True,0.8950133334268697,False
inner_2021,2025,validation,matched,0,450,2021-01-04,2020-11-11,inner_train,True,,True,0.0779615414697119,False
inner_2021,2025,validation,matched,1,461,2021-01-05,2020-11-26,inner_train,True,,True,0.05608946665104364,False
inner_2021,2025,validation,matched,2,76,2021-01-06,2019-04-30,inner_train,True,,True,0.07318826271705392,False
inner_2021,2025,validation,matched,3,354,2021-01-07,2020-06-18,inner_train,True,,True,0.019418085857101808,False
inner_2021,2025,validation,matched,4,110,2021-01-08,2019-06-21,inner_train,True,,True,0.0816780310142673,False
inner_2021,2025,validation,matched,5,126,2021-01-11,2019-07-15,inner_train,True,,True,0.08367247572411562,False
inner_2021,2025,validation,matched,6,52,2021-01-12,2019-03-22,inner_train,True,,True,0.06243294057321869,False
inner_2021,2025,validation,matched,7,345,2021-01-13,2020-06-05,inner_train,True,,True,0.05001042057466165,False
inner_2021,2025,validation,matched,8,99,2021-01-14,2019-06-06,inner_train,True,,True,0.030771658666753687,False
inner_2021,2025,validation,matched,9,461,2021-01-15,2020-11-26,inner_train,True,,True,0.05608946665104364,False
inner_2021,2025,validation,matched,10,99,2021-01-18,2019-06-06,inner_train,True,,True,0.029852963149681333,False
inner_2021,2025,validation,matched,11,204,2021-01-19,2019-11-07,inner_train,True,,True,0.02666824708216131,False
inner_2021,2025,validation,matched,12,464,2021-01-20,2020-12-01,inner_train,True,,True,0.12154243858028879,False
inner_2021,2025,validation,matched,13,204,2021-01-21,2019-11-07,inner_train,True,,True,0.0859801537530136,False
inner_2021,2025,validation,matched,14,463,2021-01-22,2020-11-30,inner_train,True,,True,0.10623925033651549,False
inner_2021,2025,validation,matched,15,78,2021-01-25,2019-05-03,inner_train,True,,True,0.08829260714567866,False
inner_2021,2025,validation,matched,16,35,2021-01-26,2019-02-27,inner_train,True,,True,0.09522157052687552,False
inner_2021,2025,validation,matched,17,232,2021-01-27,2019-12-19,inner_train,True,,True,0.07096941146786184,False
inner_2021,2025,validation,matched,18,326,2021-01-28,2020-05-08,inner_train,True,,True,0.03390155167568132,False
inner_2021,2025,validation,matched,19,246,2021-01-29,2020-01-10,inner_train,True,,True,0.04255961441879608,False
inner_2021,2025,validation,matched,20,157,2021-02-01,2019-08-30,inner_train,True,,True,0.4080658898082219,False
inner_2021,2025,validation,matched,21,1,2021-02-02,2019-01-09,inner_train,True,,True,0.43363598507486056,False
inner_2021,2025,validation,matched,22,430,2021-02-03,2020-10-12,inner_train,True,,True,0.5419972937769777,False
inner_2021,2025,validation,matched,23,1,2021-02-04,2019-01-09,inner_train,True,,True,0.39441527192157944,False
inner_2021,2025,validation,matched,24,170,2021-02-05,2019-09-18,inner_train,True,,True,0.7053816495511818,False
inner_2021,2025,validation,matched,25,430,2021-02-08,2020-10-12,inner_train,True,,True,0.1112256351102241,False
inner_2021,2025,validation,matched,26,400,2021-02-09,2020-08-27,inner_train,True,,True,0.2578291093020999,False
inner_2021,2025,validation,matched,27,11,2021-02-10,2019-01-23,inner_train,True,,True,0.06669137449867213,False
inner_2021,2025,validation,matched,28,326,2021-02-11,2020-05-08,inner_train,True,,True,0.04546237407675724,False
inner_2021,2025,validation,matched,29,31,2021-02-15,2019-02-21,inner_train,True,,True,0.06669137449867213,False
inner_2021,2025,validation,matched,30,45,2021-02-16,2019-03-13,inner_train,True,,True,0.051390945869489,False
inner_2021,2025,validation,matched,31,338,2021-02-17,2020-05-26,inner_train,True,,True,0.03174869831458027,False
inner_2021,2025,validation,matched,32,241,2021-02-18,2020-01-03,inner_train,True,,True,0.060624621816434576,False
inner_2021,2025,validation,matched,33,9,2021-02-19,2019-01-21,inner_train,True,,True,0.08455738802806279,False
inner_2021,2025,validation,matched,34,307,2021-02-22,2020-04-08,inner_train,True,,True,0.0794597872256686,False
inner_2021,2025,validation,matched,35,36,2021-02-23,2019-02-28,inner_train,True,,True,0.04306991976256125,False
inner_2021,2025,validation,matched,36,202,2021-02-24,2019-11-05,inner_train,True,,True,0.08237099743312815,False
inner_2021,2025,validation,matched,37,481,2021-02-25,2020-12-29,inner_train,True,,True,0.02666824708216131,False
inner_2021,2025,validation,matched,38,479,2021-03-01,2020-12-25,inner_train,True,,True,0.0,False
inner_2021,2025,validation,matched,39,306,2021-03-02,2020-04-07,inner_train,True,,True,0.04721907193739083,False
inner_2021,2025,validation,matched,40,458,2021-03-03,2020-11-23,inner_train,True,,True,0.030771658666753687,False
inner_2021,2025,validation,matched,41,349,2021-03-04,2020-06-11,inner_train,True,,True,0.06899287148695166,False
inner_2021,2025,validation,matched,42,364,2021-03-05,2020-07-02,inner_train,True,,True,0.05001042057466165,False
inner_2021,2025,validation,matched,43,52,2021-03-08,2019-03-22,inner_train,True,,True,0.05001042057466165,False
inner_2021,2025,validation,matched,44,103,2021-03-09,2019-06-12,inner_train,True,,True,0.09531017980432477,False
inner_2021,2025,validation,matched,45,64,2021-03-10,2019-04-10,inner_train,True,,True,0.23934552589048996,False
inner_2021,2025,validation,matched,46,347,2021-03-11,2020-06-09,inner_train,True,,True,0.0984400728132524,False
inner_2021,2025,validation,matched,47,119,2021-03-12,2019-07-04,inner_train,True,,True,0.1031842362352311,False
inner_2021,2025,validation,matched,48,25,2021-03-15,2019-02-12,inner_train,True,,True,0.022989518224698635,False
inner_2021,2025,validation,matched,49,99,2021-03-16,2019-06-06,inner_train,True,,True,0.0,False
inner_2021,2025,validation,matched,50,355,2021-03-17,2020-06-19,inner_train,True,,True,0.03571808260207909,False
inner_2021,2025,validation,matched,51,128,2021-03-18,2019-07-18,inner_train,True,,True,0.03846628082779624,False
inner_2021,2025,validation,matched,52,130,2021-03-19,2019-07-22,inner_train,True,,True,0.03174869831458027,False
inner_2021,2025,validation,matched,53,7,2021-03-22,2019-01-17,inner_train,True,,True,0.03390155167568132,False
inner_2021,2025,validation,matched,54,399,2021-03-23,2020-08-26,inner_train,True,,True,0.05001042057466165,False
inner_2021,2025,validation,matched,55,378,2021-03-24,2020-07-23,inner_train,True,,True,0.07410797215372167,False
inner_2021,2025,validation,matched,56,130,2021-03-25,2019-07-22,inner_train,True,,True,0.05505977718302768,False
inner_2021,2025,validation,matched,57,4,2021-03-26,2019-01-14,inner_train,True,,True,0.08338160893905089,False
inner_2021,2025,validation,matched,58,62,2021-03-29,2019-04-05,inner_train,True,,True,0.08701137698962969,False
inner_2021,2025,validation,matched,59,110,2021-03-30,2019-06-21,inner_train,True,,True,0.08004270767353638,False
inner_2021,2025,validation,matched,60,17,2021-03-31,2019-01-31,inner_train,True,,True,0.06252035698133396,False
inner_2021,2025,validation,matched,61,470,2021-04-01,2020-12-14,inner_train,True,,True,0.05116678417168208,False
inner_2021,2025,validation,matched,62,352,2021-04-02,2020-06-16,inner_train,True,,True,0.058268908123976004,False
inner_2021,2025,validation,matched,63,307,2021-04-05,2020-04-08,inner_train,True,,True,0.05942342047080107,False
inner_2021,2025,validation,matched,64,351,2021-04-07,2020-06-15,inner_train,True,,True,0.03278982282299081,False
inner_2021,2025,validation,matched,65,433,2021-04-08,2020-10-16,inner_train,True,,True,0.04082199452025481,False
inner_2021,2025,validation,matched,66,421,2021-04-09,2020-09-29,inner_train,True,,True,0.07410797215372167,False
inner_2021,2025,validation,matched,67,407,2021-04-12,2020-09-09,inner_train,True,,True,0.056170271467054445,False
inner_2021,2025,validation,matched,68,91,2021-04-16,2019-05-24,inner_train,True,,True,0.0640788566845214,False
inner_2021,2025,validation,matched,69,178,2021-04-19,2019-09-30,inner_train,True,,True,0.04473589384139087,False
inner_2021,2025,validation,matched,70,235,2021-04-20,2019-12-24,inner_train,True,,True,0.0,False
inner_2021,2025,validation,matched,71,477,2021-04-21,2020-12-23,inner_train,True,,True,0.17209732301809533,False
inner_2021,2025,validation,matched,72,79,2021-04-22,2019-05-07,inner_train,True,,True,0.05841694539674114,False
inner_2021,2025,validation,matched,73,178,2021-04-23,2019-09-30,inner_train,True,,True,0.04800921918636014,False
inner_2021,2025,validation,matched,74,327,2021-04-26,2020-05-11,inner_train,True,,True,0.047006042375930424,False
inner_2021,2025,validation,matched,75,46,2021-04-27,2019-03-14,inner_train,True,,True,0.05325490353554363,False
inner_2021,2025,validation,matched,76,246,2021-04-28,2020-01-10,inner_train,True,,True,0.13406392126052058,False
inner_2021,2025,validation,matched,77,245,2021-04-29,2020-01-09,inner_train,True,,True,0.08701137698962969,False
inner_2021,2025,validation,matched,78,10,2021-04-30,2019-01-22,inner_train,True,,True,0.07835331424651493,False
inner_2021,2025,validation,matched,79,51,2021-05-05,2019-03-21,inner_train,True,,True,0.03636764417087468,False
inner_2021,2025,validation,matched,80,379,2021-05-06,2020-07-24,inner_train,True,,True,0.1118483001365691,False
inner_2021,2025,validation,matched,81,50,2021-05-07,2019-03-20,inner_train,True,,True,0.08519484606323191,False
inner_2021,2025,validation,matched,82,361,2021-05-10,2020-06-29,inner_train,True,,True,0.07430472572051539,False
inner_2021,2025,validation,matched,83,308,2021-05-11,2020-04-09,inner_train,True,,True,0.08879549878313098,False
inner_2021,2025,validation,matched,84,390,2021-05-12,2020-08-13,inner_train,True,,True,0.1409670844599571,False
inner_2021,2025,validation,matched,85,214,2021-05-13,2019-11-21,inner_train,True,,True,0.2360469561501164,False
inner_2021,2025,validation,matched,86,212,2021-05-14,2019-11-19,inner_train,True,,True,0.2154999554912731,False
inner_2021,2025,validation,matched,87,212,2021-05-17,2019-11-19,inner_train,True,,True,0.24519646084512559,False
inner_2021,2025,validation,matched,88,210,2021-05-18,2019-11-15,inner_train,True,,True,0.18791014231805558,False
inner_2021,2025,validation,matched,89,212,2021-05-19,2019-11-19,inner_train,True,,True,0.20024507298285954,False
inner_2021,2025,validation,matched,90,213,2021-05-20,2019-11-20,inner_train,True,,True,0.32054621985022713,False
inner_2021,2025,validation,matched,91,333,2021-05-21,2020-05-19,inner_train,True,,True,0.12323264042394833,False
inner_2021,2025,validation,matched,92,214,2021-05-24,2019-11-21,inner_train,True,,True,0.1050695642446593,False
inner_2021,2025,validation,matched,93,207,2021-05-25,2019-11-12,inner_train,True,,True,0.06507104977356981,False
inner_2021,2025,validation,matched,94,477,2021-05-27,2020-12-23,inner_train,True,,True,0.0431721718652085,False
inner_2021,2025,validation,matched,95,35,2021-05-28,2019-02-27,inner_train,True,,True,0.097742284772937,False
inner_2021,2025,validation,matched,96,204,2021-05-31,2019-11-07,inner_train,True,,True,0.04292876795394163,False
inner_2021,2025,validation,matched,97,474,2021-06-01,2020-12-18,inner_train,True,,True,0.08948889212558608,False
inner_2021,2025,validation,matched,98,469,2021-06-02,2020-12-09,inner_train,True,,True,0.02898753687325195,False
inner_2021,2025,validation,matched,99,461,2021-06-04,2020-11-26,inner_train,True,,True,0.04803573184394638,False
inner_2021,2025,validation,matched,100,33,2021-06-07,2019-02-25,inner_train,True,,True,0.04082199452025481,False
inner_2021,2025,validation,matched,101,102,2021-06-08,2019-06-11,inner_train,True,,True,0.0281708769666964,False
inner_2021,2025,validation,matched,102,64,2021-06-09,2019-04-10,inner_train,True,,True,0.2595111954850844,False
inner_2021,2025,validation,matched,103,347,2021-06-10,2020-06-09,inner_train,True,,True,0.18941185101897906,False
inner_2021,2025,validation,matched,104,68,2021-06-11,2019-04-18,inner_train,True,,True,0.055569851154810834,False
inner_2021,2025,validation,matched,105,52,2021-06-14,2019-03-22,inner_train,True,,True,0.03774032798284699,False
inner_2021,2025,validation,matched,106,317,2021-06-15,2020-04-22,inner_train,True,,True,0.03922071315328157,False
inner_2021,2025,validation,matched,107,117,2021-06-16,2019-07-02,inner_train,True,,True,0.025317807984289953,False
inner_2021,2025,validation,matched,108,377,2021-06-17,2020-07-22,inner_train,True,,True,0.022472855852058604,False
inner_2021,2025,validation,matched,109,29,2021-06-18,2019-02-18,inner_train,True,,True,0.09880058474409337,False
inner_2021,2025,validation,matched,110,246,2021-06-21,2020-01-10,inner_train,True,,True,0.09812946557360691,False
inner_2021,2025,validation,matched,111,31,2021-06-22,2019-02-21,inner_train,True,,True,0.058080838035968974,False
inner_2021,2025,validation,matched,112,379,2021-06-23,2020-07-24,inner_train,True,,True,0.06046519574993514,False
inner_2021,2025,validation,matched,113,46,2021-06-24,2019-03-14,inner_train,True,,True,0.09097177820572666,False
inner_2021,2025,validation,matched,114,438,2021-06-25,2020-10-26,inner_train,True,,True,0.03774032798284699,False
inner_2021,2025,validation,matched,115,41,2021-06-28,2019-03-07,inner_train,True,,True,0.08923113372794278,False
inner_2021,2025,validation,matched,116,367,2021-06-29,2020-07-08,inner_train,True,,True,0.08004270767353638,False
inner_2021,2025,validation,matched,117,184,2021-06-30,2019-10-08,inner_train,True,,True,0.08775074855750864,False
inner_2021,2025,validation,matched,118,287,2021-07-01,2020-03-10,inner_train,True,,True,0.0281708769666964,False
inner_2021,2025,validation,matched,119,139,2021-07-02,2019-08-05,inner_train,True,,True,0.06899287148695166,False
inner_2021,2025,validation,matched,120,187,2021-07-05,2019-10-11,inner_train,True,,True,0.07061756721395307,False
inner_2021,2025,validation,matched,121,368,2021-07-06,2020-07-09,inner_train,True,,True,0.05001042057466165,False
inner_2021,2025,validation,matched,122,41,2021-07-07,2019-03-07,inner_train,True,,True,0.08923113372794278,False
inner_2021,2025,validation,matched,123,424,2021-07-08,2020-10-02,inner_train,True,,True,0.02666824708216131,False
inner_2021,2025,validation,matched,124,296,2021-07-09,2020-03-23,inner_train,True,,True,0.07333127308554976,False
inner_2021,2025,validation,matched,125,296,2021-07-12,2020-03-23,inner_train,True,,True,0.13353139262452274,False
inner_2021,2025,validation,matched,126,402,2021-07-13,2020-08-31,inner_train,True,,True,0.18232155679395445,False
inner_2021,2025,validation,matched,127,139,2021-07-14,2019-08-05,inner_train,True,,True,0.08280024339765246,False
inner_2021,2025,validation,matched,128,359,2021-07-15,2020-06-25,inner_train,True,,True,0.14435037522896588,False
inner_2021,2025,validation,matched,129,308,2021-07-16,2020-04-09,inner_train,True,,True,0.13135511320192705,False
inner_2021,2025,validation,matched,130,42,2021-07-19,2019-03-08,inner_train,True,,True,0.04502368137395507,False
inner_2021,2025,validation,matched,131,440,2021-07-20,2020-10-28,inner_train,True,,True,0.07696104113612856,False
inner_2021,2025,validation,matched,132,143,2021-07-21,2019-08-09,inner_train,True,,True,0.06062462181643502,False
inner_2021,2025,validation,matched,133,41,2021-07-22,2019-03-07,inner_train,True,,True,0.05644131090495197,False
inner_2021,2025,validation,matched,134,425,2021-07-23,2020-10-05,inner_train,True,,True,0.13888320769646967,False
inner_2021,2025,validation,matched,135,280,2021-07-27,2020-02-28,inner_train,True,,True,0.1325308922909394,False
inner_2021,2025,validation,matched,136,153,2021-07-29,2019-08-26,inner_train,True,,True,0.20173964265105626,False
inner_2021,2025,validation,matched,137,281,2021-07-30,2020-03-02,inner_train,True,,True,0.28376817313064473,False
inner_2021,2025,validation,matched,138,425,2021-08-02,2020-10-05,inner_train,True,,True,0.16924947522660183,False
inner_2021,2025,validation,matched,139,198,2021-08-03,2019-10-30,inner_train,True,,True,0.07410797215372211,False
inner_2021,2025,validation,matched,140,381,2021-08-04,2020-07-30,inner_train,True,,True,0.054067221270275745,False
inner_2021,2025,validation,matched,141,384,2021-08-05,2020-08-04,inner_train,True,,True,0.0,False
inner_2021,2025,validation,matched,142,196,2021-08-06,2019-10-28,inner_train,True,,True,0.14660347419187536,False
inner_2021,2025,validation,matched,143,297,2021-08-09,2020-03-24,inner_train,True,,True,0.03774032798284699,False
inner_2021,2025,validation,matched,144,402,2021-08-10,2020-08-31,inner_train,True,,True,0.14953173397096364,False
inner_2021,2025,validation,matched,145,138,2021-08-11,2019-08-02,inner_train,True,,True,0.06899287148695166,False
inner_2021,2025,validation,matched,146,41,2021-08-13,2019-03-07,inner_train,True,,True,0.14188058723544383,False
inner_2021,2025,validation,matched,147,329,2021-08-16,2020-05-13,inner_train,True,,True,0.21277249704872192,False
inner_2021,2025,validation,matched,148,391,2021-08-17,2020-08-14,inner_train,True,,True,0.11066556788751969,False
inner_2021,2025,validation,matched,149,482,2021-08-18,2020-12-30,inner_train,True,,True,0.12361395596717673,False
inner_2021,2025,validation,matched,150,391,2021-08-19,2020-08-14,inner_train,True,,True,0.08719321170237748,False
inner_2021,2025,validation,matched,151,359,2021-08-20,2020-06-25,inner_train,True,,True,0.06252035698133396,False
inner_2021,2025,validation,matched,152,345,2021-08-23,2020-06-05,inner_train,True,,True,0.05264373348542195,False
inner_2021,2025,validation,matched,153,120,2021-08-24,2019-07-05,inner_train,True,,True,0.18232155679395445,False
inner_2021,2025,validation,matched,154,64,2021-08-25,2019-04-10,inner_train,True,,True,0.6161861394238168,False
inner_2021,2025,validation,matched,155,119,2021-08-26,2019-07-04,inner_train,True,,True,0.3866220203066848,False
inner_2021,2025,validation,matched,156,103,2021-08-27,2019-06-12,inner_train,True,,True,0.34377153910282443,False
inner_2021,2025,validation,matched,157,103,2021-08-30,2019-06-12,inner_train,True,,True,0.34377153910282443,False
inner_2021,2025,validation,matched,158,12,2021-08-31,2019-01-24,inner_train,True,,True,0.0281708769666964,False
inner_2021,2025,validation,matched,159,101,2021-09-01,2019-06-10,inner_train,True,,True,0.04652001563489261,False
inner_2021,2025,validation,matched,160,102,2021-09-02,2019-06-11,inner_train,True,,True,0.066619687341396,False
inner_2021,2025,validation,matched,161,459,2021-09-03,2020-11-24,inner_train,True,,True,0.08796877294595706,False
inner_2021,2025,validation,matched,162,340,2021-09-06,2020-05-28,inner_train,True,,True,0.07904320734045278,False
inner_2021,2025,validation,matched,163,346,2021-09-07,2020-06-08,inner_train,True,,True,0.04879016416943216,False
inner_2021,2025,validation,matched,164,345,2021-09-08,2020-06-05,inner_train,True,,True,0.06519619955654221,False
inner_2021,2025,validation,matched,165,317,2021-09-09,2020-04-22,inner_train,True,,True,0.03922071315328157,False
inner_2021,2025,validation,matched,166,121,2021-09-10,2019-07-08,inner_train,True,,True,0.02597548640326064,False
inner_2021,2025,validation,matched,167,120,2021-09-13,2019-07-05,inner_train,True,,True,0.11778303565638337,False
inner_2021,2025,validation,matched,168,247,2021-09-14,2020-01-13,inner_train,True,,True,0.06899287148695121,False
inner_2021,2025,validation,matched,169,369,2021-09-15,2020-07-10,inner_train,True,,True,0.10507638438726863,False
inner_2021,2025,validation,matched,170,363,2021-09-16,2020-07-01,inner_train,True,,True,0.04082199452025481,False
inner_2021,2025,validation,matched,171,53,2021-09-17,2019-03-25,inner_train,True,,True,0.12487332988140798,False
inner_2021,2025,validation,matched,172,437,2021-09-20,2020-10-22,inner_train,True,,True,0.09531017980432521,False
inner_2021,2025,validation,matched,173,401,2021-09-21,2020-08-28,inner_train,True,,True,0.11778303565638382,False
inner_2021,2025,validation,matched,174,53,2021-09-22,2019-03-25,inner_train,True,,True,0.0984400728132524,False
inner_2021,2025,validation,matched,175,401,2021-09-23,2020-08-28,inner_train,True,,True,0.11551288712184471,False
inner_2021,2025,validation,matched,176,399,2021-09-27,2020-08-26,inner_train,True,,True,0.11778303565638337,False
inner_2021,2025,validation,matched,177,362,2021-09-28,2020-06-30,inner_train,True,,True,0.05584624989364073,False
inner_2021,2025,validation,matched,178,359,2021-09-29,2020-06-25,inner_train,True,,True,0.023530497410193973,False
inner_2021,2025,validation,matched,179,29,2021-09-30,2019-02-18,inner_train,True,,True,0.06899287148695166,False
inner_2021,2025,validation,matched,180,140,2021-10-01,2019-08-06,inner_train,True,,True,0.03278982282299081,False
inner_2021,2025,validation,matched,181,29,2021-10-04,2019-02-18,inner_train,True,,True,0.0246926125903717,False
inner_2021,2025,validation,matched,182,10,2021-10-05,2019-01-22,inner_train,True,,True,0.27329333499968156,False
inner_2021,2025,validation,matched,183,10,2021-10-06,2019-01-22,inner_train,True,,True,0.31411532951993637,False
inner_2021,2025,validation,matched,184,400,2021-10-07,2020-08-27,inner_train,True,,True,0.12062798778861472,False
inner_2021,2025,validation,matched,185,119,2021-10-08,2019-07-04,inner_train,True,,True,0.21435079936623103,False
inner_2021,2025,validation,matched,186,103,2021-10-11,2019-06-12,inner_train,True,,True,0.36974702550608507,False
inner_2021,2025,validation,matched,187,347,2021-10-12,2020-06-09,inner_train,True,,True,0.142891835384086,False
inner_2021,2025,validation,matched,188,64,2021-10-14,2019-04-10,inner_train,True,,True,0.34854481785548197,False
inner_2021,2025,validation,matched,189,347,2021-10-15,2020-06-09,inner_train,True,,True,0.15551029934329774,False
inner_2021,2025,validation,matched,190,103,2021-10-18,2019-06-12,inner_train,True,,True,0.44015066609605435,False
inner_2021,2025,validation,matched,191,103,2021-10-19,2019-06-12,inner_train,True,,True,0.21309321546070858,False
inner_2021,2025,validation,matched,192,65,2021-10-20,2019-04-11,inner_train,True,,True,0.13353139262452274,False
inner_2021,2025,validation,matched,193,122,2021-10-21,2019-07-09,inner_train,True,,True,0.12675170563914362,False
inner_2021,2025,validation,matched,194,367,2021-10-25,2020-07-08,inner_train,True,,True,0.09352605801082303,False
inner_2021,2025,validation,matched,195,362,2021-10-26,2020-06-30,inner_train,True,,True,0.10008345855698275,False
inner_2021,2025,validation,matched,196,359,2021-10-27,2020-06-25,inner_train,True,,True,0.1348410185609601,False
inner_2021,2025,validation,matched,197,49,2021-10-28,2019-03-19,inner_train,True,,True,0.12361395596717673,False
inner_2021,2025,validation,matched,198,49,2021-10-29,2019-03-19,inner_train,True,,True,0.15987272525450136,False
inner_2021,2025,validation,matched,199,391,2021-11-01,2020-08-14,inner_train,True,,True,0.12144665340945071,False
inner_2021,2025,validation,matched,200,49,2021-11-02,2019-03-19,inner_train,True,,True,0.047628048989254435,False
inner_2021,2025,validation,matched,201,47,2021-11-03,2019-03-15,inner_train,True,,True,0.08796877294595706,False
inner_2021,2025,validation,matched,202,399,2021-11-04,2020-08-26,inner_train,True,,True,0.02597548640326064,False
inner_2021,2025,validation,matched,203,430,2021-11-05,2020-10-12,inner_train,True,,True,0.1292117314800061,False
inner_2021,2025,validation,matched,204,195,2021-11-08,2019-10-25,inner_train,True,,True,0.07318826271705436,False
inner_2021,2025,validation,matched,205,399,2021-11-09,2020-08-26,inner_train,True,,True,0.08923113372794322,False
inner_2021,2025,validation,matched,206,98,2021-11-10,2019-06-05,inner_train,True,,True,0.0678129303471029,False
inner_2021,2025,validation,matched,207,46,2021-11-11,2019-03-14,inner_train,True,,True,0.05325490353554363,False
inner_2021,2025,validation,matched,208,215,2021-11-12,2019-11-22,inner_train,True,,True,0.13840232285911913,False
inner_2021,2025,validation,matched,209,329,2021-11-15,2020-05-13,inner_train,True,,True,0.14408160351967458,False
inner_2021,2025,validation,matched,210,392,2021-11-16,2020-08-17,inner_train,True,,True,0.09761939160182376,False
inner_2021,2025,validation,matched,211,460,2021-11-17,2020-11-25,inner_train,True,,True,0.22399425319452293,False
inner_2021,2025,validation,matched,212,460,2021-11-18,2020-11-25,inner_train,True,,True,0.22140290683642583,False
inner_2021,2025,validation,matched,213,400,2021-11-19,2020-08-27,inner_train,True,,True,0.1278333715098845,False
inner_2021,2025,validation,matched,214,400,2021-11-22,2020-08-27,inner_train,True,,True,0.2006706954621511,False
inner_2021,2025,validation,matched,215,430,2021-11-23,2020-10-12,inner_train,True,,True,0.27763173659827967,False
inner_2021,2025,validation,matched,216,119,2021-11-24,2019-07-04,inner_train,True,,True,0.532804530484766,False
inner_2021,2025,validation,matched,217,53,2021-11-25,2019-03-25,inner_train,True,,True,0.21122090635730384,False
inner_2021,2025,validation,matched,218,244,2021-11-26,2020-01-08,inner_train,True,,True,0.08845004350950925,False
inner_2021,2025,validation,matched,219,386,2021-11-29,2020-08-06,inner_train,True,,True,0.05657035148839418,False
inner_2021,2025,validation,matched,220,230,2021-11-30,2019-12-17,inner_train,True,,True,0.023530497410193973,False
inner_2021,2025,validation,matched,221,183,2021-12-01,2019-10-07,inner_train,True,,True,0.03922071315328157,False
inner_2021,2025,validation,matched,222,414,2021-12-02,2020-09-18,inner_train,True,,True,0.0246926125903717,False
inner_2021,2025,validation,matched,223,287,2021-12-03,2020-03-10,inner_train,True,,True,0.06980953139350676,False
inner_2021,2025,validation,matched,224,185,2021-12-07,2019-10-09,inner_train,True,,True,0.14953173397096364,False
inner_2021,2025,validation,matched,225,288,2021-12-08,2020-03-11,inner_train,True,,True,0.14953173397096364,False
inner_2021,2025,validation,matched,226,296,2021-12-09,2020-03-23,inner_train,True,,True,0.1818216817523033,False
inner_2021,2025,validation,matched,227,10,2021-12-13,2019-01-22,inner_train,True,,True,0.14310084364067333,False
inner_2021,2025,validation,matched,228,430,2021-12-14,2020-10-12,inner_train,True,,True,0.47223898064755465,False
inner_2021,2025,validation,matched,229,401,2021-12-15,2020-08-28,inner_train,True,,True,0.22825865198098017,False
inner_2021,2025,validation,matched,230,65,2021-12-16,2019-04-11,inner_train,True,,True,0.07729167430164674,False
inner_2021,2025,validation,matched,231,348,2021-12-17,2020-06-10,inner_train,True,,True,0.025317807984289953,False
inner_2021,2025,validation,matched,232,28,2021-12-20,2019-02-15,inner_train,True,,True,0.020619287202735315,False
inner_2021,2025,validation,matched,233,389,2021-12-21,2020-08-11,inner_train,True,,True,0.058840500022933284,False
inner_2021,2025,validation,matched,234,389,2021-12-22,2020-08-11,inner_train,True,,True,0.04840562273035376,False
inner_2021,2025,validation,matched,235,338,2021-12-23,2020-05-26,inner_train,True,,True,0.05325490353554363,False
inner_2021,2025,validation,matched,236,359,2021-12-24,2020-06-25,inner_train,True,,True,0.03278982282299081,False
inner_2021,2025,validation,matched,237,47,2021-12-27,2019-03-15,inner_train,True,,True,0.11732941804824248,False
inner_2021,2025,validation,matched,238,157,2021-12-28,2019-08-30,inner_train,True,,True,0.5596157879354227,False
inner_2021,2025,validation,matched,239,319,2021-12-29,2020-04-24,inner_train,True,,True,0.40831006024039596,False
inner_2021,2025,validation,random,0,216,2021-01-04,2019-11-25,inner_train,True,,False,0.16554931266893158,False
inner_2021,2025,validation,random,1,480,2021-01-05,2020-12-28,inner_train,True,,False,0.07550755250814545,False
inner_2021,2025,validation,random,2,479,2021-01-06,2020-12-25,inner_train,True,,False,0.10824676919614351,False
inner_2021,2025,validation,random,3,184,2021-01-07,2019-10-08,inner_train,True,,False,0.46357273891544537,False
inner_2021,2025,validation,random,4,460,2021-01-08,2020-11-25,inner_train,True,,True,0.3389242198684994,False
inner_2021,2025,validation,random,5,399,2021-01-11,2020-08-26,inner_train,True,,False,0.1598487009418963,False
inner_2021,2025,validation,random,6,308,2021-01-12,2020-04-09,inner_train,True,,False,0.5401977020783209,False
inner_2021,2025,validation,random,7,404,2021-01-13,2020-09-02,inner_train,True,,False,0.5222720577914925,False
inner_2021,2025,validation,random,8,370,2021-01-14,2020-07-13,inner_train,True,,False,0.3067302674224752,False
inner_2021,2025,validation,random,9,471,2021-01-15,2020-12-15,inner_train,True,,True,0.1457016253407306,False
inner_2021,2025,validation,random,10,186,2021-01-18,2019-10-10,inner_train,True,,False,0.694257674843973,False
inner_2021,2025,validation,random,11,37,2021-01-19,2019-03-01,inner_train,True,,False,0.2612863296859578,False
inner_2021,2025,validation,random,12,219,2021-01-20,2019-11-28,inner_train,True,,False,0.8518555645685195,False
inner_2021,2025,validation,random,13,153,2021-01-21,2019-08-26,inner_train,True,,False,1.1941230978999475,False
inner_2021,2025,validation,random,14,235,2021-01-22,2019-12-24,inner_train,True,,False,0.24204079149557778,False
inner_2021,2025,validation,random,15,444,2021-01-25,2020-11-03,inner_train,True,,False,0.558630080610663,False
inner_2021,2025,validation,random,16,466,2021-01-26,2020-12-03,inner_train,True,,True,0.1700795614662245,False
inner_2021,2025,validation,random,17,326,2021-01-27,2020-05-08,inner_train,True,,True,0.209119749948679,False
inner_2021,2025,validation,random,18,307,2021-01-28,2020-04-08,inner_train,True,,True,0.21436953982031293,False
inner_2021,2025,validation,random,19,138,2021-01-29,2019-08-02,inner_train,True,,False,0.2363887780642302,False
inner_2021,2025,validation,random,20,7,2021-02-01,2019-01-17,inner_train,True,,True,1.1423431065527572,False
inner_2021,2025,validation,random,21,188,2021-02-02,2019-10-15,inner_train,True,,True,1.3733609584042008,False
inner_2021,2025,validation,random,22,219,2021-02-03,2019-11-28,inner_train,True,,True,1.0403046991855653,False
inner_2021,2025,validation,random,23,111,2021-02-04,2019-06-24,inner_train,True,,False,1.8774751475822047,False
inner_2021,2025,validation,random,24,383,2021-02-05,2020-08-03,inner_train,True,,False,0.9677459140186726,False
inner_2021,2025,validation,random,25,80,2021-02-08,2019-05-08,inner_train,True,,True,1.2509788467018668,False
inner_2021,2025,validation,random,26,231,2021-02-09,2019-12-18,inner_train,True,,False,1.22476357399501,False
inner_2021,2025,validation,random,27,74,2021-02-10,2019-04-26,inner_train,True,,False,0.6350395497526646,False
inner_2021,2025,validation,random,28,167,2021-02-11,2019-09-13,inner_train,True,,False,0.4322353491727693,False
inner_2021,2025,validation,random,29,470,2021-02-15,2020-12-14,inner_train,True,,False,0.19880278297774678,False
inner_2021,2025,validation,random,30,322,2021-02-16,2020-04-29,inner_train,True,,False,1.0061358035703156,False
inner_2021,2025,validation,random,31,204,2021-02-17,2019-11-07,inner_train,True,,False,0.437656970622331,False
inner_2021,2025,validation,random,32,106,2021-02-18,2019-06-17,inner_train,True,,False,0.2867565749308385,False
inner_2021,2025,validation,random,33,30,2021-02-19,2019-02-20,inner_train,True,,True,0.2510741591783572,False
inner_2021,2025,validation,random,34,425,2021-02-22,2020-10-05,inner_train,True,,False,1.0931471805599453,False
inner_2021,2025,validation,random,35,237,2021-02-23,2019-12-26,inner_train,True,,True,0.2531958963806109,False
inner_2021,2025,validation,random,36,301,2021-02-24,2020-03-30,inner_train,True,,False,2.878584184048513,False
inner_2021,2025,validation,random,37,139,2021-02-25,2019-08-05,inner_train,True,,False,0.5391997321123112,False
inner_2021,2025,validation,random,38,27,2021-03-01,2019-02-14,inner_train,True,,False,0.6729604669728841,False
inner_2021,2025,validation,random,39,102,2021-03-02,2019-06-11,inner_train,True,,False,0.732367893713227,False
inner_2021,2025,validation,random,40,66,2021-03-03,2019-04-12,inner_train,True,,True,0.5588390888672503,False
inner_2021,2025,validation,random,41,100,2021-03-04,2019-06-07,inner_train,True,,True,0.19260682745412838,False
inner_2021,2025,validation,random,42,69,2021-03-05,2019-04-19,inner_train,True,,True,0.39304258810960757,False
inner_2021,2025,validation,random,43,279,2021-03-08,2020-02-27,inner_train,True,,False,0.5944123398742565,False
inner_2021,2025,validation,random,44,54,2021-03-09,2019-03-26,inner_train,True,,False,0.3483066942682158,False
inner_2021,2025,validation,random,45,285,2021-03-10,2020-03-06,inner_train,True,,False,0.2558027661568678,False
inner_2021,2025,validation,random,46,275,2021-03-11,2020-02-21,inner_train,True,,False,1.4900802419291943,False
inner_2021,2025,validation,random,47,428,2021-03-12,2020-10-08,inner_train,True,,False,1.305321700503581,False
inner_2021,2025,validation,random,48,232,2021-03-15,2019-12-19,inner_train,True,,False,0.25260558404452604,False
inner_2021,2025,validation,random,49,53,2021-03-16,2019-03-25,inner_train,True,,False,0.9640094291029784,False
inner_2021,2025,validation,random,50,155,2021-03-17,2019-08-28,inner_train,True,,False,1.2445468270153142,False
inner_2021,2025,validation,random,51,239,2021-03-18,2019-12-30,inner_train,True,,True,0.2513982189718096,False
inner_2021,2025,validation,random,52,147,2021-03-19,2019-08-16,inner_train,True,,False,1.1203242731203429,False
inner_2021,2025,validation,random,53,140,2021-03-22,2019-08-06,inner_train,True,,False,0.19415601444095731,False
inner_2021,2025,validation,random,54,121,2021-03-23,2019-07-08,inner_train,True,,False,0.08923113372794322,False
inner_2021,2025,validation,random,55,234,2021-03-24,2019-12-23,inner_train,True,,True,0.5547483516571554,False
inner_2021,2025,validation,random,56,434,2021-03-25,2020-10-19,inner_train,True,,False,0.41956279791900286,False
inner_2021,2025,validation,random,57,458,2021-03-26,2020-11-23,inner_train,True,,False,0.47511872991250614,False
inner_2021,2025,validation,random,58,343,2021-03-29,2020-06-02,inner_train,True,,False,0.3217157507049153,False
inner_2021,2025,validation,random,59,447,2021-03-30,2020-11-06,inner_train,True,,True,0.23582871084152535,False
inner_2021,2025,validation,random,60,481,2021-03-31,2020-12-29,inner_train,True,,False,0.15847034097177426,False
inner_2021,2025,validation,random,61,367,2021-04-01,2020-07-08,inner_train,True,,False,0.48645703274903296,False
inner_2021,2025,validation,random,62,416,2021-04-02,2020-09-22,inner_train,True,,False,0.2711170555770863,False
inner_2021,2025,validation,random,63,377,2021-04-05,2020-07-22,inner_train,True,,True,0.345251924273259,False
inner_2021,2025,validation,random,64,223,2021-04-07,2019-12-04,inner_train,True,,False,0.3841877096608797,False
inner_2021,2025,validation,random,65,134,2021-04-08,2019-07-26,inner_train,True,,False,0.8327365752683829,False
inner_2021,2025,validation,random,66,454,2021-04-09,2020-11-17,inner_train,True,,False,1.5704032284879403,False
inner_2021,2025,validation,random,67,250,2021-04-12,2020-01-16,inner_train,True,,False,0.42793796396022277,False
inner_2021,2025,validation,random,68,54,2021-04-16,2019-03-26,inner_train,True,,False,0.8705547225514705,False
inner_2021,2025,validation,random,69,388,2021-04-19,2020-08-10,inner_train,True,,False,0.1728428128394106,False
inner_2021,2025,validation,random,70,31,2021-04-20,2019-02-21,inner_train,True,,True,0.5782498674803151,False
inner_2021,2025,validation,random,71,369,2021-04-21,2020-07-10,inner_train,True,,True,1.4196202995917413,False
inner_2021,2025,validation,random,72,137,2021-04-22,2019-08-01,inner_train,True,,False,0.9112359612125305,False
inner_2021,2025,validation,random,73,277,2021-04-23,2020-02-25,inner_train,True,,False,0.5347350330148242,False
inner_2021,2025,validation,random,74,302,2021-04-26,2020-03-31,inner_train,True,,False,1.8112009003342466,False
inner_2021,2025,validation,random,75,411,2021-04-27,2020-09-15,inner_train,True,,False,0.3961996546623743,False
inner_2021,2025,validation,random,76,460,2021-04-28,2020-11-25,inner_train,True,,False,0.8903900034419974,False
inner_2021,2025,validation,random,77,411,2021-04-29,2020-09-15,inner_train,True,,False,0.24323030988094718,False
inner_2021,2025,validation,random,78,223,2021-04-30,2019-12-04,inner_train,True,,False,0.398123701249796,False
inner_2021,2025,validation,random,79,179,2021-05-05,2019-10-01,inner_train,True,,False,0.8664189018339816,False
inner_2021,2025,validation,random,80,233,2021-05-06,2019-12-20,inner_train,True,,True,0.6477536082995834,False
inner_2021,2025,validation,random,81,220,2021-05-07,2019-11-29,inner_train,True,,True,0.40796823832628304,False
inner_2021,2025,validation,random,82,164,2021-05-10,2019-09-10,inner_train,True,,False,0.45953232937844035,False
inner_2021,2025,validation,random,83,145,2021-05-11,2019-08-14,inner_train,True,,False,0.580235075138158,False
inner_2021,2025,validation,random,84,166,2021-05-12,2019-09-12,inner_train,True,,False,0.8635716125350745,False
inner_2021,2025,validation,random,85,391,2021-05-13,2020-08-14,inner_train,True,,True,0.8838554561210015,False
inner_2021,2025,validation,random,86,148,2021-05-14,2019-08-19,inner_train,True,,False,0.23796555342221826,False
inner_2021,2025,validation,random,87,238,2021-05-17,2019-12-27,inner_train,True,,True,1.525822522079607,False
inner_2021,2025,validation,random,88,80,2021-05-18,2019-05-08,inner_train,True,,True,1.6486586255873816,False
inner_2021,2025,validation,random,89,271,2021-05-19,2020-02-17,inner_train,True,,False,1.2781497569174602,False
inner_2021,2025,validation,random,90,451,2021-05-20,2020-11-12,inner_train,True,,False,0.7877886876546341,False
inner_2021,2025,validation,random,91,232,2021-05-21,2019-12-19,inner_train,True,,True,1.3307475511742841,False
inner_2021,2025,validation,random,92,195,2021-05-24,2019-10-25,inner_train,True,,True,1.747782265563632,False
inner_2021,2025,validation,random,93,122,2021-05-25,2019-07-09,inner_train,True,,False,1.2042686185567577,False
inner_2021,2025,validation,random,94,139,2021-05-27,2019-08-05,inner_train,True,,False,0.9333796532987386,False
inner_2021,2025,validation,random,95,475,2021-05-28,2020-12-21,inner_train,True,,True,0.3719424160695204,False
inner_2021,2025,validation,random,96,67,2021-05-31,2019-04-17,inner_train,True,,True,1.0457073903862177,False
inner_2021,2025,validation,random,97,266,2021-06-01,2020-02-07,inner_train,True,,False,0.31829954892627166,False
inner_2021,2025,validation,random,98,224,2021-06-02,2019-12-06,inner_train,True,,False,0.4979222189300829,False
inner_2021,2025,validation,random,99,468,2021-06-04,2020-12-08,inner_train,True,,True,0.10724553035359774,False
inner_2021,2025,validation,random,100,213,2021-06-07,2019-11-20,inner_train,True,,False,1.1494206169937788,False
inner_2021,2025,validation,random,101,108,2021-06-08,2019-06-19,inner_train,True,,True,0.4351163702452956,False
inner_2021,2025,validation,random,102,230,2021-06-09,2019-12-17,inner_train,True,,False,0.6241543090729942,False
inner_2021,2025,validation,random,103,434,2021-06-10,2020-10-19,inner_train,True,,False,0.5728980524083682,False
inner_2021,2025,validation,random,104,119,2021-06-11,2019-07-04,inner_train,True,,True,0.08961215868968697,False
inner_2021,2025,validation,random,105,155,2021-06-14,2019-08-28,inner_train,True,,False,0.7123746850421528,False
inner_2021,2025,validation,random,106,317,2021-06-15,2020-04-22,inner_train,True,,True,0.03922071315328157,False
inner_2021,2025,validation,random,107,159,2021-06-16,2019-09-03,inner_train,True,,False,0.28768207245178123,False
inner_2021,2025,validation,random,108,1,2021-06-17,2019-01-09,inner_train,True,,True,1.18845736036427,False
inner_2021,2025,validation,random,109,344,2021-06-18,2020-06-04,inner_train,True,,False,0.12883287184296854,False
inner_2021,2025,validation,random,110,316,2021-06-21,2020-04-21,inner_train,True,,False,0.29105475693042004,False
inner_2021,2025,validation,random,111,363,2021-06-22,2020-07-01,inner_train,True,,True,0.34816827638440406,False
inner_2021,2025,validation,random,112,417,2021-06-23,2020-09-23,inner_train,True,,False,0.4760826753221181,False
inner_2021,2025,validation,random,113,467,2021-06-24,2020-12-04,inner_train,True,,False,0.5389965007326869,False
inner_2021,2025,validation,random,114,20,2021-06-25,2019-02-05,inner_train,True,,False,0.5012561727498404,False
inner_2021,2025,validation,random,115,461,2021-06-28,2020-11-26,inner_train,True,,False,0.41651494429474933,False
inner_2021,2025,validation,random,116,365,2021-06-29,2020-07-03,inner_train,True,,False,0.03636764417087468,False
inner_2021,2025,validation,random,117,449,2021-06-30,2020-11-10,inner_train,True,,False,0.28496836658018454,False
inner_2021,2025,validation,random,118,170,2021-07-01,2019-09-18,inner_train,True,,False,0.41593640797545994,False
inner_2021,2025,validation,random,119,307,2021-07-02,2020-04-08,inner_train,True,,False,0.34255128269759494,False
inner_2021,2025,validation,random,120,467,2021-07-05,2020-12-04,inner_train,True,,False,0.6648767466216898,False
inner_2021,2025,validation,random,121,193,2021-07-06,2019-10-22,inner_train,True,,True,0.33769249302644244,False
inner_2021,2025,validation,random,122,458,2021-07-07,2020-11-23,inner_train,True,,False,0.08985632912186103,False
inner_2021,2025,validation,random,123,67,2021-07-08,2019-04-17,inner_train,True,,False,0.18774162426329388,False
inner_2021,2025,validation,random,124,133,2021-07-09,2019-07-25,inner_train,True,,False,1.0307010830518988,False
inner_2021,2025,validation,random,125,186,2021-07-12,2019-10-10,inner_train,True,,True,0.334696037219957,False
inner_2021,2025,validation,random,126,462,2021-07-13,2020-11-27,inner_train,True,,False,1.047318994280559,False
inner_2021,2025,validation,random,127,152,2021-07-14,2019-08-23,inner_train,True,,True,0.24846135929849966,False
inner_2021,2025,validation,random,128,313,2021-07-15,2020-04-16,inner_train,True,,True,0.2617813440196235,False
inner_2021,2025,validation,random,129,295,2021-07-16,2020-03-20,inner_train,True,,False,0.49050215079407655,False
inner_2021,2025,validation,random,130,99,2021-07-19,2019-06-06,inner_train,True,,False,0.1861022796338605,False
inner_2021,2025,validation,random,131,269,2021-07-20,2020-02-13,inner_train,True,,True,0.5728610146854436,False
inner_2021,2025,validation,random,132,264,2021-07-21,2020-02-05,inner_train,True,,True,0.38402477687029535,False
inner_2021,2025,validation,random,133,53,2021-07-22,2019-03-25,inner_train,True,,False,0.6200766126834587,False
inner_2021,2025,validation,random,134,133,2021-07-23,2019-07-25,inner_train,True,,False,1.3506583753783623,False
inner_2021,2025,validation,random,135,231,2021-07-27,2019-12-18,inner_train,True,,True,1.0159575418688158,False
inner_2021,2025,validation,random,136,330,2021-07-29,2020-05-14,inner_train,True,,False,1.7306572808144947,False
inner_2021,2025,validation,random,137,404,2021-07-30,2020-09-02,inner_train,True,,True,1.3932517730102836,False
inner_2021,2025,validation,random,138,309,2021-08-02,2020-04-10,inner_train,True,,False,1.1295575442557855,False
inner_2021,2025,validation,random,139,317,2021-08-03,2020-04-22,inner_train,True,,False,0.08338160893905089,False
inner_2021,2025,validation,random,140,77,2021-08-04,2019-05-02,inner_train,True,,False,1.5616472485977515,False
inner_2021,2025,validation,random,141,29,2021-08-05,2019-02-18,inner_train,True,,False,0.6048300362465913,False
inner_2021,2025,validation,random,142,445,2021-08-06,2020-11-04,inner_train,True,,True,0.5965203448708736,False
inner_2021,2025,validation,random,143,40,2021-08-09,2019-03-06,inner_train,True,,True,1.2096248177572826,False
inner_2021,2025,validation,random,144,477,2021-08-10,2020-12-23,inner_train,True,,False,1.4792802386973185,False
inner_2021,2025,validation,random,145,80,2021-08-11,2019-05-08,inner_train,True,,False,0.541916210836022,False
inner_2021,2025,validation,random,146,227,2021-08-13,2019-12-12,inner_train,True,,True,0.5782172138859685,False
inner_2021,2025,validation,random,147,398,2021-08-16,2020-08-25,inner_train,True,,False,0.48091566269671837,False
inner_2021,2025,validation,random,148,178,2021-08-17,2019-09-30,inner_train,True,,True,0.4581691715987324,False
inner_2021,2025,validation,random,149,477,2021-08-18,2020-12-23,inner_train,True,,True,0.3047694671016985,False
inner_2021,2025,validation,random,150,35,2021-08-19,2019-02-27,inner_train,True,,False,0.2110709700799407,False
inner_2021,2025,validation,random,151,198,2021-08-20,2019-10-30,inner_train,True,,False,0.38454384294752453,False
inner_2021,2025,validation,random,152,302,2021-08-23,2020-03-31,inner_train,True,,False,1.1073009279980388,False
inner_2021,2025,validation,random,153,477,2021-08-24,2020-12-23,inner_train,True,,False,1.599081438509939,False
inner_2021,2025,validation,random,154,267,2021-08-25,2020-02-11,inner_train,True,,False,1.5561933979152878,False
inner_2021,2025,validation,random,155,412,2021-08-26,2020-09-16,inner_train,True,,False,0.6830968447064443,False
inner_2021,2025,validation,random,156,59,2021-08-27,2019-04-02,inner_train,True,,True,1.5210269550900475,False
inner_2021,2025,validation,random,157,76,2021-08-30,2019-04-30,inner_train,True,,True,1.6521043587530029,False
inner_2021,2025,validation,random,158,143,2021-08-31,2019-08-09,inner_train,True,,False,0.4475307733936771,False
inner_2021,2025,validation,random,159,360,2021-09-01,2020-06-26,inner_train,True,,False,0.21130909366720685,False
inner_2021,2025,validation,random,160,98,2021-09-02,2019-06-05,inner_train,True,,False,0.6348262960332449,False
inner_2021,2025,validation,random,161,291,2021-09-03,2020-03-16,inner_train,True,,False,0.48060961831789495,False
inner_2021,2025,validation,random,162,390,2021-09-06,2020-08-13,inner_train,True,,False,0.4276924311740129,False
inner_2021,2025,validation,random,163,267,2021-09-07,2020-02-11,inner_train,True,,False,0.47000362924573524,False
inner_2021,2025,validation,random,164,433,2021-09-08,2020-10-16,inner_train,True,,False,0.13930417171026432,False
inner_2021,2025,validation,random,165,319,2021-09-09,2020-04-24,inner_train,True,,True,0.7648798279930857,False
inner_2021,2025,validation,random,166,25,2021-09-10,2019-02-12,inner_train,True,,True,0.2599321594988786,False
inner_2021,2025,validation,random,167,474,2021-09-13,2020-12-18,inner_train,True,,True,1.2811705598672405,False
inner_2021,2025,validation,random,168,350,2021-09-14,2020-06-12,inner_train,True,,False,0.36000273403140737,False
inner_2021,2025,validation,random,169,92,2021-09-15,2019-05-27,inner_train,True,,False,0.8358691645635812,False
inner_2021,2025,validation,random,170,384,2021-09-16,2020-08-04,inner_train,True,,False,0.2634678143311868,False
inner_2021,2025,validation,random,171,456,2021-09-17,2020-11-19,inner_train,True,,False,1.784324490740537,False
inner_2021,2025,validation,random,172,385,2021-09-20,2020-08-05,inner_train,True,,True,0.14116348430044745,False
inner_2021,2025,validation,random,173,164,2021-09-21,2019-09-10,inner_train,True,,False,0.9419584786227331,False
inner_2021,2025,validation,random,174,437,2021-09-22,2020-10-22,inner_train,True,,False,0.07620046088541388,False
inner_2021,2025,validation,random,175,373,2021-09-23,2020-07-16,inner_train,True,,True,0.9181072628005529,False
inner_2021,2025,validation,random,176,284,2021-09-27,2020-03-05,inner_train,True,,False,1.199422609364849,False
inner_2021,2025,validation,random,177,135,2021-09-28,2019-07-30,inner_train,True,,False,0.404152944161857,False
inner_2021,2025,validation,random,178,87,2021-09-29,2019-05-17,inner_train,True,,False,2.1884819142960628,False
inner_2021,2025,validation,random,179,119,2021-09-30,2019-07-04,inner_train,True,,False,0.5135393296375872,False
inner_2021,2025,validation,random,180,69,2021-10-01,2019-04-19,inner_train,True,,False,0.35172443877887627,False
inner_2021,2025,validation,random,181,29,2021-10-04,2019-02-18,inner_train,True,,True,0.0246926125903717,False
inner_2021,2025,validation,random,182,300,2021-10-05,2020-03-27,inner_train,True,,False,1.316290731874155,False
inner_2021,2025,validation,random,183,327,2021-10-06,2020-05-11,inner_train,True,,True,1.3581234841531944,False
inner_2021,2025,validation,random,184,184,2021-10-07,2019-10-08,inner_train,True,,False,0.6190392084062233,False
inner_2021,2025,validation,random,185,176,2021-10-08,2019-09-26,inner_train,True,,False,1.51449803442997,False
inner_2021,2025,validation,random,186,40,2021-10-11,2019-03-06,inner_train,True,,False,1.289667525430819,False
inner_2021,2025,validation,random,187,207,2021-10-12,2019-11-12,inner_train,True,,False,1.6025174695895261,False
inner_2021,2025,validation,random,188,238,2021-10-14,2019-12-27,inner_train,True,,False,1.3257962495193243,False
inner_2021,2025,validation,random,189,478,2021-10-15,2020-12-24,inner_train,True,,False,1.5281245565591077,False
inner_2021,2025,validation,random,190,5,2021-10-18,2019-01-15,inner_train,True,,False,1.2133405543295366,False
inner_2021,2025,validation,random,191,152,2021-10-19,2019-08-23,inner_train,True,,False,0.9692832620146654,False
inner_2021,2025,validation,random,192,444,2021-10-20,2020-11-03,inner_train,True,,False,0.6355291022669478,False
inner_2021,2025,validation,random,193,397,2021-10-21,2020-08-24,inner_train,True,,False,0.5242486440981313,False
inner_2021,2025,validation,random,194,272,2021-10-25,2020-02-18,inner_train,True,,False,0.9316163934350645,False
inner_2021,2025,validation,random,195,266,2021-10-26,2020-02-07,inner_train,True,,False,0.6197369964465382,False
inner_2021,2025,validation,random,196,237,2021-10-27,2019-12-26,inner_train,True,,True,0.5007752879124889,False
inner_2021,2025,validation,random,197,60,2021-10-28,2019-04-03,inner_train,True,,False,0.47072294284608773,False
inner_2021,2025,validation,random,198,199,2021-10-29,2019-10-31,inner_train,True,,True,0.43071122893517755,False
inner_2021,2025,validation,random,199,119,2021-11-01,2019-07-04,inner_train,True,,False,0.8163502836856678,False
inner_2021,2025,validation,random,200,11,2021-11-02,2019-01-23,inner_train,True,,True,0.6647299678363683,False
inner_2021,2025,validation,random,201,50,2021-11-03,2019-03-20,inner_train,True,,True,0.08796877294595706,False
inner_2021,2025,validation,random,202,64,2021-11-04,2019-04-10,inner_train,True,,False,0.3446023627044634,False
inner_2021,2025,validation,random,203,115,2021-11-05,2019-06-28,inner_train,True,,False,0.9122899991329159,False
inner_2021,2025,validation,random,204,429,2021-11-08,2020-10-09,inner_train,True,,False,1.7266819583183755,False
inner_2021,2025,validation,random,205,422,2021-11-09,2020-09-30,inner_train,True,,False,0.297390886578742,False
inner_2021,2025,validation,random,206,319,2021-11-10,2020-04-24,inner_train,True,,False,1.2792494601938058,False
inner_2021,2025,validation,random,207,390,2021-11-11,2020-08-13,inner_train,True,,True,0.5791799935817874,False
inner_2021,2025,validation,random,208,239,2021-11-12,2019-12-30,inner_train,True,,True,0.6093829917526805,False
inner_2021,2025,validation,random,209,278,2021-11-15,2020-02-26,inner_train,True,,False,0.33213383502261484,False
inner_2021,2025,validation,random,210,32,2021-11-16,2019-02-22,inner_train,True,,False,0.6452077182708269,False
inner_2021,2025,validation,random,211,129,2021-11-17,2019-07-19,inner_train,True,,False,0.5806691971332549,False
inner_2021,2025,validation,random,212,159,2021-11-18,2019-09-03,inner_train,True,,False,0.5780778507751583,False
inner_2021,2025,validation,random,213,316,2021-11-19,2020-04-21,inner_train,True,,False,0.5289461648791858,False
inner_2021,2025,validation,random,214,177,2021-11-22,2019-09-27,inner_train,True,,True,1.4781715264404296,False
inner_2021,2025,validation,random,215,312,2021-11-23,2020-04-15,inner_train,True,,False,1.1310624952541808,False
inner_2021,2025,validation,random,216,419,2021-11-24,2020-09-25,inner_train,True,,False,1.3545456628053105,False
inner_2021,2025,validation,random,217,291,2021-11-25,2020-03-16,inner_train,True,,False,1.1939224684724348,False
inner_2021,2025,validation,random,218,321,2021-11-26,2020-04-28,inner_train,True,,False,0.5708751227684528,False
inner_2021,2025,validation,random,219,4,2021-11-29,2019-01-14,inner_train,True,,False,0.16034265007517945,False
inner_2021,2025,validation,random,220,110,2021-11-30,2019-06-21,inner_train,True,,False,0.2506682247042997,False
inner_2021,2025,validation,random,221,143,2021-12-01,2019-08-09,inner_train,True,,True,0.2698495961562246,False
inner_2021,2025,validation,random,222,102,2021-12-02,2019-06-11,inner_train,True,,False,0.17087512276845285,False
inner_2021,2025,validation,random,223,217,2021-12-03,2019-11-26,inner_train,True,,False,0.671743271896792,False
inner_2021,2025,validation,random,224,262,2021-12-07,2020-02-03,inner_train,True,,True,0.5972992217698176,False
inner_2021,2025,validation,random,225,353,2021-12-08,2020-06-17,inner_train,True,,False,0.5920510636885763,False
inner_2021,2025,validation,random,226,160,2021-12-09,2019-09-04,inner_train,True,,False,0.7163247688726511,False
inner_2021,2025,validation,random,227,271,2021-12-13,2020-02-17,inner_train,True,,False,1.3374623900564955,False
inner_2021,2025,validation,random,228,308,2021-12-14,2020-04-09,inner_train,True,,True,1.5184661342283734,False
inner_2021,2025,validation,random,229,172,2021-12-15,2019-09-20,inner_train,True,,False,0.575890666463664,False
inner_2021,2025,validation,random,230,304,2021-12-16,2020-04-02,inner_train,True,,False,0.3061063397778394,False
inner_2021,2025,validation,random,231,389,2021-12-17,2020-08-11,inner_train,True,,False,0.5988365010887042,False
inner_2021,2025,validation,random,232,143,2021-12-20,2019-08-09,inner_train,True,,False,0.24116205681688818,False
inner_2021,2025,validation,random,233,222,2021-12-21,2019-12-03,inner_train,True,,False,0.8013607652001782,False
inner_2021,2025,validation,random,234,328,2021-12-22,2020-05-12,inner_train,True,,True,0.1780834460388867,False
inner_2021,2025,validation,random,235,248,2021-12-23,2020-01-14,inner_train,True,,True,0.5436154465889818,False
inner_2021,2025,validation,random,236,87,2021-12-24,2019-05-17,inner_train,True,,False,2.1977412397088596,False
inner_2021,2025,validation,random,237,324,2021-12-27,2020-05-05,inner_train,True,,False,0.5007752879124894,False
inner_2021,2025,validation,random,238,153,2021-12-28,2019-08-26,inner_train,True,,False,0.732367893713227,False
inner_2021,2025,validation,random,239,125,2021-12-29,2019-07-12,inner_train,True,,True,1.3760099665757775,False
