inner_fold,seed,anchor_split,strategy,anchor_index,source_index,anchor_date,source_date,source_partition,source_before_anchor,endpoint_gap_rows,regime_agreement,coverage_distance,same_year
inner_2020,789,train,matched,5,0,2019-01-15,2019-01-08,inner_train,True,5.0,True,2.4894806201076367,True
inner_2020,789,train,matched,6,0,2019-01-16,2019-01-08,inner_train,True,6.0,True,2.5955401920679613,True
inner_2020,789,train,matched,7,2,2019-01-17,2019-01-10,inner_train,True,5.0,True,0.5421890734632466,True
inner_2020,789,train,matched,8,2,2019-01-18,2019-01-10,inner_train,True,6.0,True,0.3346849260471174,True
inner_2020,789,train,matched,9,2,2019-01-21,2019-01-10,inner_train,True,7.0,True,0.45798314239161053,True
inner_2020,789,train,matched,10,1,2019-01-22,2019-01-09,inner_train,True,9.0,True,1.009765571620894,True
inner_2020,789,train,matched,11,5,2019-01-23,2019-01-15,inner_train,True,6.0,True,0.7200800629195334,True
inner_2020,789,train,matched,17,12,2019-01-31,2019-01-24,inner_train,True,5.0,True,0.7202063286739513,True
inner_2020,789,train,matched,18,12,2019-02-01,2019-01-24,inner_train,True,6.0,True,0.7296168603413373,True
inner_2020,789,train,matched,19,13,2019-02-04,2019-01-25,inner_train,True,6.0,True,0.07125610365078705,True
inner_2020,789,train,matched,20,14,2019-02-05,2019-01-28,inner_train,True,6.0,True,0.30294954458256873,True
inner_2020,789,train,matched,21,14,2019-02-06,2019-01-28,inner_train,True,7.0,True,0.07786218233604147,True
inner_2020,789,train,matched,22,17,2019-02-07,2019-01-31,inner_train,True,5.0,True,0.07991209969320279,True
inner_2020,789,train,matched,23,12,2019-02-08,2019-01-24,inner_train,True,11.0,True,0.36464311358790935,True
inner_2020,789,train,matched,24,13,2019-02-11,2019-01-25,inner_train,True,11.0,True,0.058268908123976004,True
inner_2020,789,train,matched,25,20,2019-02-12,2019-02-05,inner_train,True,5.0,True,0.23604695615011817,True
inner_2020,789,train,matched,26,13,2019-02-13,2019-01-25,inner_train,True,13.0,True,0.2665238469444349,True
inner_2020,789,train,matched,27,13,2019-02-14,2019-01-25,inner_train,True,14.0,True,0.22000383130954226,True
inner_2020,789,train,matched,28,5,2019-02-15,2019-01-15,inner_train,True,23.0,True,0.2102401464783017,True
inner_2020,789,train,matched,29,6,2019-02-18,2019-01-16,inner_train,True,23.0,True,0.32571271833476567,True
inner_2020,789,train,matched,30,6,2019-02-20,2019-01-16,inner_train,True,24.0,True,0.29062139852349533,True
inner_2020,789,train,matched,31,7,2019-02-21,2019-01-17,inner_train,True,24.0,True,0.1476359988060647,True
inner_2020,789,train,matched,32,23,2019-02-22,2019-02-08,inner_train,True,9.0,True,0.11247798342669046,True
inner_2020,789,train,matched,33,18,2019-02-25,2019-02-01,inner_train,True,15.0,True,0.13613217432458002,True
inner_2020,789,train,matched,34,25,2019-02-26,2019-02-12,inner_train,True,9.0,True,0.1779831551953568,True
inner_2020,789,train,matched,35,17,2019-02-27,2019-01-31,inner_train,True,18.0,True,0.16692347668283247,True
inner_2020,789,train,matched,36,28,2019-02-28,2019-02-15,inner_train,True,8.0,True,0.5205991355929704,True
inner_2020,789,train,matched,37,31,2019-03-01,2019-02-21,inner_train,True,6.0,True,0.3356882303090041,True
inner_2020,789,train,matched,43,38,2019-03-11,2019-03-04,inner_train,True,5.0,True,0.38014730012387465,True
inner_2020,789,train,matched,44,39,2019-03-12,2019-03-05,inner_train,True,5.0,True,0.13758566295256314,True
inner_2020,789,train,matched,45,28,2019-03-13,2019-02-15,inner_train,True,17.0,True,0.15415067982725805,True
inner_2020,789,train,matched,46,6,2019-03-14,2019-01-16,inner_train,True,40.0,True,0.1744403398860177,True
inner_2020,789,train,matched,47,31,2019-03-15,2019-02-21,inner_train,True,16.0,True,0.14660347419187536,True
inner_2020,789,train,matched,48,28,2019-03-18,2019-02-15,inner_train,True,20.0,True,0.13353139262452274,True
inner_2020,789,train,matched,49,28,2019-03-19,2019-02-15,inner_train,True,21.0,True,0.2743039465056052,True
inner_2020,789,train,matched,50,9,2019-03-20,2019-01-21,inner_train,True,41.0,True,0.2596456402284977,True
inner_2020,789,train,matched,51,8,2019-03-21,2019-01-18,inner_train,True,43.0,True,0.15206951362343357,True
inner_2020,789,train,matched,52,25,2019-03-22,2019-02-12,inner_train,True,27.0,True,0.10698521138482775,True
inner_2020,789,train,matched,53,9,2019-03-25,2019-01-21,inner_train,True,44.0,True,0.2424463035687383,True
inner_2020,789,train,matched,54,47,2019-03-26,2019-03-15,inner_train,True,7.0,True,0.2596456402284977,True
inner_2020,789,train,matched,55,6,2019-03-27,2019-01-16,inner_train,True,49.0,True,0.09105873094696681,True
inner_2020,789,train,matched,56,45,2019-03-28,2019-03-13,inner_train,True,11.0,True,0.22924733425222765,True
inner_2020,789,train,matched,57,45,2019-03-29,2019-03-13,inner_train,True,12.0,True,0.3530971225908486,True
inner_2020,789,train,matched,58,35,2019-04-01,2019-02-27,inner_train,True,23.0,True,0.17299022936506958,True
inner_2020,789,train,matched,59,21,2019-04-02,2019-02-06,inner_train,True,38.0,True,0.03226086221822122,True
inner_2020,789,train,matched,60,17,2019-04-03,2019-01-31,inner_train,True,43.0,True,0.04884313167388088,True
inner_2020,789,train,matched,61,20,2019-04-04,2019-02-05,inner_train,True,41.0,True,0.10673319946979865,True
inner_2020,789,train,matched,62,8,2019-04-05,2019-01-18,inner_train,True,54.0,True,0.15236336925316252,True
inner_2020,789,train,matched,63,26,2019-04-09,2019-02-13,inner_train,True,37.0,True,0.2633499717922505,True
inner_2020,789,train,matched,64,26,2019-04-10,2019-02-13,inner_train,True,38.0,True,0.5538851132264382,True
inner_2020,789,train,matched,65,26,2019-04-11,2019-02-13,inner_train,True,39.0,True,0.594707107746693,True
inner_2020,789,train,matched,66,52,2019-04-12,2019-03-22,inner_train,True,14.0,True,0.40817881397976086,True
inner_2020,789,train,matched,67,26,2019-04-17,2019-02-13,inner_train,True,41.0,True,0.38595229388458296,True
inner_2020,789,train,matched,68,12,2019-04-18,2019-01-24,inner_train,True,56.0,True,0.13895146009386172,True
inner_2020,789,train,matched,69,19,2019-04-19,2019-02-04,inner_train,True,50.0,True,0.15756842433791896,True
inner_2020,789,train,matched,70,52,2019-04-22,2019-03-22,inner_train,True,18.0,True,0.34136994765176354,True
inner_2020,789,train,matched,71,32,2019-04-23,2019-02-22,inner_train,True,39.0,True,0.37772835313656516,True
inner_2020,789,train,matched,72,13,2019-04-24,2019-01-25,inner_train,True,59.0,True,0.24219174628490414,True
inner_2020,789,train,matched,73,13,2019-04-25,2019-01-25,inner_train,True,60.0,True,0.14310084364067333,True
inner_2020,789,train,matched,74,69,2019-04-26,2019-04-19,inner_train,True,5.0,True,0.0,True
inner_2020,789,train,matched,75,55,2019-04-29,2019-03-27,inner_train,True,20.0,True,0.16277696072098458,True
inner_2020,789,train,matched,76,58,2019-04-30,2019-04-01,inner_train,True,18.0,True,0.11532904669481647,True
inner_2020,789,train,matched,77,14,2019-05-02,2019-01-28,inner_train,True,63.0,True,0.19782574332991976,True
inner_2020,789,train,matched,78,14,2019-05-03,2019-01-28,inner_train,True,64.0,True,0.27085087834481003,True
inner_2020,789,train,matched,79,36,2019-05-07,2019-02-28,inner_train,True,43.0,True,0.09266686090193321,True
inner_2020,789,train,matched,80,36,2019-05-08,2019-02-28,inner_train,True,44.0,True,0.14330490445150224,True
inner_2020,789,train,matched,81,42,2019-05-09,2019-03-08,inner_train,True,39.0,True,0.12070437906476839,True
inner_2020,789,train,matched,82,38,2019-05-10,2019-03-04,inner_train,True,44.0,True,0.4289293474431308,True
inner_2020,789,train,matched,83,39,2019-05-13,2019-03-05,inner_train,True,44.0,True,1.0453677741492968,True
inner_2020,789,train,matched,84,42,2019-05-14,2019-03-08,inner_train,True,42.0,True,1.257715925624217,True
inner_2020,789,train,matched,85,38,2019-05-15,2019-03-04,inner_train,True,47.0,True,1.5432899930793802,True
inner_2020,789,train,matched,86,39,2019-05-16,2019-03-05,inner_train,True,47.0,True,2.113842968397169,True
inner_2020,789,train,matched,87,38,2019-05-17,2019-03-04,inner_train,True,49.0,True,1.7075930443706566,True
inner_2020,789,train,matched,88,82,2019-05-21,2019-05-10,inner_train,True,6.0,True,1.0165920893563452,True
inner_2020,789,train,matched,89,84,2019-05-22,2019-05-14,inner_train,True,5.0,True,0.19308052619547578,True
inner_2020,789,train,matched,90,82,2019-05-23,2019-05-10,inner_train,True,8.0,True,0.36271725839469626,True
inner_2020,789,train,matched,91,38,2019-05-24,2019-03-04,inner_train,True,53.0,True,0.17356876568435986,True
inner_2020,789,train,matched,92,43,2019-05-27,2019-03-11,inner_train,True,49.0,True,0.3171292737780824,True
inner_2020,789,train,matched,93,42,2019-05-28,2019-03-08,inner_train,True,51.0,True,0.3438479303789781,True
inner_2020,789,train,matched,94,40,2019-05-29,2019-03-06,inner_train,True,54.0,True,0.4274440148269396,True
inner_2020,789,train,matched,95,44,2019-05-30,2019-03-12,inner_train,True,51.0,True,0.28686541254522524,True
inner_2020,789,train,matched,96,41,2019-05-31,2019-03-07,inner_train,True,55.0,True,0.3442148997839949,True
inner_2020,789,train,matched,97,28,2019-06-04,2019-02-15,inner_train,True,69.0,True,0.04082199452025481,True
inner_2020,789,train,matched,98,56,2019-06-05,2019-03-28,inner_train,True,42.0,True,0.08296278846362926,True
inner_2020,789,train,matched,99,13,2019-06-06,2019-01-25,inner_train,True,86.0,True,0.09531017980432477,True
inner_2020,789,train,matched,100,25,2019-06-07,2019-02-12,inner_train,True,75.0,True,0.022989518224698635,True
inner_2020,789,train,matched,101,23,2019-06-10,2019-02-08,inner_train,True,78.0,True,0.05756417566332894,True
inner_2020,789,train,matched,102,63,2019-06-11,2019-04-09,inner_train,True,39.0,True,0.1208647021937912,True
inner_2020,789,train,matched,103,68,2019-06-12,2019-04-18,inner_train,True,35.0,True,0.25417229355290294,True
inner_2020,789,train,matched,104,68,2019-06-13,2019-04-18,inner_train,True,36.0,True,0.04445176257083361,True
inner_2020,789,train,matched,105,25,2019-06-14,2019-02-12,inner_train,True,80.0,True,0.0970974903784203,True
inner_2020,789,train,matched,106,68,2019-06-17,2019-04-18,inner_train,True,38.0,True,0.23922968906583408,True
inner_2020,789,train,matched,107,73,2019-06-18,2019-04-25,inner_train,True,34.0,True,0.1383116157975124,True
inner_2020,789,train,matched,108,69,2019-06-19,2019-04-19,inner_train,True,39.0,True,0.03774032798284699,True
inner_2020,789,train,matched,109,69,2019-06-20,2019-04-19,inner_train,True,40.0,True,0.05678852295354142,True
inner_2020,789,train,matched,110,69,2019-06-21,2019-04-19,inner_train,True,41.0,True,0.057158413839948796,True
inner_2020,789,train,matched,111,20,2019-06-24,2019-02-05,inner_train,True,91.0,True,0.08999101832672496,True
inner_2020,789,train,matched,112,73,2019-06-25,2019-04-25,inner_train,True,39.0,True,0.11114924383407088,True
inner_2020,789,train,matched,113,73,2019-06-26,2019-04-25,inner_train,True,40.0,True,0.1383116157975124,True
inner_2020,789,train,matched,114,73,2019-06-27,2019-04-25,inner_train,True,41.0,True,0.07410797215372167,True
inner_2020,789,train,matched,115,74,2019-06-28,2019-04-26,inner_train,True,41.0,True,0.09579106464167575,True
inner_2020,789,train,matched,116,63,2019-07-01,2019-04-09,inner_train,True,53.0,True,0.1384604640841709,True
inner_2020,789,train,matched,117,100,2019-07-02,2019-06-07,inner_train,True,17.0,True,0.1464286337333478,True
inner_2020,789,train,matched,118,12,2019-07-03,2019-01-24,inner_train,True,106.0,True,0.13353139262452274,True
inner_2020,789,train,matched,119,65,2019-07-04,2019-04-11,inner_train,True,54.0,True,0.09097177820572666,True
inner_2020,789,train,matched,120,64,2019-07-05,2019-04-10,inner_train,True,56.0,True,0.12348105677102161,True
inner_2020,789,train,matched,121,12,2019-07-08,2019-01-24,inner_train,True,109.0,True,0.10821358464023279,True
inner_2020,789,train,matched,122,52,2019-07-09,2019-03-22,inner_train,True,70.0,True,0.08775074855750864,True
inner_2020,789,train,matched,123,23,2019-07-10,2019-02-08,inner_train,True,100.0,True,0.02197890671877545,True
inner_2020,789,train,matched,124,105,2019-07-11,2019-06-14,inner_train,True,19.0,True,0.06221023137798021,True
inner_2020,789,train,matched,125,115,2019-07-12,2019-06-28,inner_train,True,10.0,True,0.09954654579240607,True
inner_2020,789,train,matched,126,110,2019-07-15,2019-06-21,inner_train,True,16.0,True,0.10318423623523065,True
inner_2020,789,train,matched,127,97,2019-07-17,2019-06-04,inner_train,True,30.0,True,0.15106901328985023,True
inner_2020,789,train,matched,128,5,2019-07-18,2019-01-15,inner_train,True,123.0,True,0.03704127168034921,True
inner_2020,789,train,matched,129,7,2019-07-19,2019-01-17,inner_train,True,122.0,True,0.12861737782209337,True
inner_2020,789,train,matched,130,80,2019-07-22,2019-05-08,inner_train,True,50.0,True,0.12136085700426724,True
inner_2020,789,train,matched,131,75,2019-07-23,2019-04-29,inner_train,True,56.0,True,0.0822380982369717,True
inner_2020,789,train,matched,132,75,2019-07-24,2019-04-29,inner_train,True,57.0,True,0.1284472181551961,True
inner_2020,789,train,matched,133,36,2019-07-25,2019-02-28,inner_train,True,97.0,True,0.08654528516110327,True
inner_2020,789,train,matched,134,80,2019-07-26,2019-05-08,inner_train,True,54.0,True,0.16776027167513385,True
inner_2020,789,train,matched,135,92,2019-07-30,2019-05-27,inner_train,True,43.0,True,0.15906469462968742,True
inner_2020,789,train,matched,136,44,2019-07-31,2019-03-12,inner_train,True,92.0,True,0.0816780310142673,True
inner_2020,789,train,matched,137,41,2019-08-01,2019-03-07,inner_train,True,96.0,True,0.3207429347126691,True
inner_2020,789,train,matched,138,43,2019-08-02,2019-03-11,inner_train,True,95.0,True,0.3026077226684567,True
inner_2020,789,train,matched,139,41,2019-08-05,2019-03-07,inner_train,True,98.0,True,0.06453852113757108,True
inner_2020,789,train,matched,140,96,2019-08-06,2019-05-31,inner_train,True,44.0,True,0.25557882706736335,True
inner_2020,789,train,matched,141,43,2019-08-07,2019-03-11,inner_train,True,98.0,True,0.21622310846963577,True
inner_2020,789,train,matched,142,44,2019-08-08,2019-03-12,inner_train,True,98.0,True,0.18970166409157718,True
inner_2020,789,train,matched,143,40,2019-08-09,2019-03-06,inner_train,True,103.0,True,0.16223479822721742,True
inner_2020,789,train,matched,144,43,2019-08-13,2019-03-11,inner_train,True,101.0,True,0.052750565385529136,True
inner_2020,789,train,matched,145,90,2019-08-14,2019-05-23,inner_train,True,55.0,True,0.40923727402958887,True
inner_2020,789,train,matched,146,82,2019-08-15,2019-05-10,inner_train,True,64.0,True,0.3763926851943711,True
inner_2020,789,train,matched,147,83,2019-08-16,2019-05-13,inner_train,True,64.0,True,0.07050214862166637,True
inner_2020,789,train,matched,148,84,2019-08-19,2019-05-14,inner_train,True,64.0,True,0.3280101178387529,True
inner_2020,789,train,matched,149,90,2019-08-20,2019-05-23,inner_train,True,59.0,True,0.20834648392585287,True
inner_2020,789,train,matched,150,90,2019-08-21,2019-05-23,inner_train,True,60.0,True,0.36829866823289104,True
inner_2020,789,train,matched,151,81,2019-08-22,2019-05-09,inner_train,True,70.0,True,0.057158413839948796,True
inner_2020,789,train,matched,152,43,2019-08-23,2019-03-11,inner_train,True,109.0,True,0.1371092139724066,True
inner_2020,789,train,matched,153,96,2019-08-26,2019-05-31,inner_train,True,57.0,True,0.5612681475961221,True
inner_2020,789,train,matched,154,94,2019-08-27,2019-05-29,inner_train,True,60.0,True,0.5603426500751794,True
inner_2020,789,train,matched,155,95,2019-08-28,2019-05-30,inner_train,True,60.0,True,0.8514022032951898,True
inner_2020,789,train,matched,156,95,2019-08-29,2019-05-30,inner_train,True,61.0,True,0.5910122731314158,True
inner_2020,789,train,matched,157,2,2019-08-30,2019-01-10,inner_train,True,155.0,True,0.8289956055183585,True
inner_2020,789,train,matched,158,2,2019-09-02,2019-01-10,inner_train,True,156.0,True,0.22870942839165487,True
inner_2020,789,train,matched,159,7,2019-09-03,2019-01-17,inner_train,True,152.0,True,0.12861737782209381,True
inner_2020,789,train,matched,160,74,2019-09-04,2019-04-26,inner_train,True,86.0,True,0.05541583914156911,True
inner_2020,789,train,matched,161,114,2019-09-05,2019-06-27,inner_train,True,47.0,True,0.058268908123976004,True
inner_2020,789,train,matched,162,17,2019-09-06,2019-01-31,inner_train,True,145.0,True,0.01709443335930061,True
inner_2020,789,train,matched,163,17,2019-09-09,2019-01-31,inner_train,True,146.0,True,0.1333827489973447,True
inner_2020,789,train,matched,164,111,2019-09-10,2019-06-24,inner_train,True,53.0,True,0.10717704658422411,True
inner_2020,789,train,matched,165,70,2019-09-11,2019-04-22,inner_train,True,95.0,True,0.1261297935851009,True
inner_2020,789,train,matched,166,109,2019-09-12,2019-06-20,inner_train,True,57.0,True,0.12260232209233246,True
inner_2020,789,train,matched,167,73,2019-09-13,2019-04-25,inner_train,True,94.0,True,0.08004270767353638,True
inner_2020,789,train,matched,168,158,2019-09-16,2019-09-02,inner_train,True,10.0,True,0.32634789795557095,True
inner_2020,789,train,matched,169,8,2019-09-17,2019-01-18,inner_train,True,161.0,True,0.28768207245178123,True
inner_2020,789,train,matched,170,11,2019-09-18,2019-01-23,inner_train,True,159.0,True,0.2675164028571868,True
inner_2020,789,train,matched,171,157,2019-09-19,2019-08-30,inner_train,True,14.0,True,0.6443570163905132,True
inner_2020,789,train,matched,172,153,2019-09-20,2019-08-26,inner_train,True,19.0,True,0.6226170297541076,True
inner_2020,789,train,matched,173,94,2019-09-23,2019-05-29,inner_train,True,79.0,True,0.44546237407675715,True
inner_2020,789,train,matched,174,154,2019-09-24,2019-08-27,inner_train,True,20.0,True,0.24464975653517307,True
inner_2020,789,train,matched,175,154,2019-09-25,2019-08-27,inner_train,True,21.0,True,0.515164025364589,True
inner_2020,789,train,matched,176,91,2019-09-26,2019-05-24,inner_train,True,85.0,True,0.3496651384413041,True
inner_2020,789,train,matched,177,79,2019-09-27,2019-05-07,inner_train,True,98.0,True,0.15847851996076923,True
inner_2020,789,train,matched,178,132,2019-09-30,2019-07-24,inner_train,True,46.0,True,0.04800921918636014,True
inner_2020,789,train,matched,179,42,2019-10-01,2019-03-08,inner_train,True,137.0,True,0.27343004974457896,True
inner_2020,789,train,matched,180,91,2019-10-02,2019-05-24,inner_train,True,89.0,True,0.2659132277020584,True
inner_2020,789,train,matched,181,92,2019-10-03,2019-05-27,inner_train,True,89.0,True,0.07026919584655644,True
inner_2020,789,train,matched,182,93,2019-10-04,2019-05-28,inner_train,True,89.0,True,0.16153078712488078,True
inner_2020,789,train,matched,183,140,2019-10-07,2019-08-06,inner_train,True,43.0,True,0.1666313410508673,True
inner_2020,789,train,matched,184,139,2019-10-08,2019-08-05,inner_train,True,45.0,True,0.19311126421533498,True
inner_2020,789,train,matched,185,138,2019-10-09,2019-08-02,inner_train,True,47.0,True,0.1281751934239974,True
inner_2020,789,train,matched,186,138,2019-10-10,2019-08-02,inner_train,True,48.0,True,0.16739590657727899,True
inner_2020,789,train,matched,187,182,2019-10-11,2019-10-04,inner_train,True,5.0,True,0.058840500022933284,True
inner_2020,789,train,matched,188,28,2019-10-15,2019-02-15,inner_train,True,160.0,True,0.07765093423006642,True
inner_2020,789,train,matched,189,127,2019-10-16,2019-07-17,inner_train,True,62.0,True,0.09716374845364806,True
inner_2020,789,train,matched,190,4,2019-10-17,2019-01-14,inner_train,True,186.0,True,0.13062018241706408,True
inner_2020,789,train,matched,191,2,2019-10-18,2019-01-10,inner_train,True,189.0,True,0.2072032231706915,True
inner_2020,789,train,matched,192,97,2019-10-21,2019-06-04,inner_train,True,95.0,True,0.07410797215372167,True
inner_2020,789,train,matched,193,168,2019-10-22,2019-09-16,inner_train,True,25.0,True,0.09880058474409381,True
inner_2020,789,train,matched,194,9,2019-10-24,2019-01-21,inner_train,True,185.0,True,0.2231435513142097,True
inner_2020,789,train,matched,195,62,2019-10-25,2019-04-05,inner_train,True,133.0,True,0.25714534859169946,True
inner_2020,789,train,matched,196,185,2019-10-28,2019-10-09,inner_train,True,11.0,True,0.34937564145712097,True
inner_2020,789,train,matched,197,186,2019-10-29,2019-10-10,inner_train,True,11.0,True,0.3922198813581437,True
inner_2020,789,train,matched,198,183,2019-10-30,2019-10-07,inner_train,True,15.0,True,0.14613281950252643,True
inner_2020,789,train,matched,199,75,2019-10-31,2019-04-29,inner_train,True,124.0,True,0.0491404410264491,True
inner_2020,789,train,matched,200,79,2019-11-01,2019-05-07,inner_train,True,121.0,True,0.06252035698133351,True
inner_2020,789,train,matched,201,79,2019-11-04,2019-05-07,inner_train,True,122.0,True,0.3139676844583952,True
inner_2020,789,train,matched,202,134,2019-11-05,2019-07-26,inner_train,True,68.0,True,0.23770483643303075,True
inner_2020,789,train,matched,203,36,2019-11-06,2019-02-28,inner_train,True,167.0,True,0.35932395211030954,True
inner_2020,789,train,matched,204,35,2019-11-07,2019-02-27,inner_train,True,169.0,True,0.09522157052687552,True
inner_2020,789,train,matched,205,18,2019-11-08,2019-02-01,inner_train,True,187.0,True,0.07685900552561176,True
inner_2020,789,train,matched,206,22,2019-11-11,2019-02-07,inner_train,True,184.0,True,0.23445624794969655,True
inner_2020,789,train,matched,207,201,2019-11-12,2019-11-04,inner_train,True,6.0,True,0.2378342667242137,True
inner_2020,789,train,matched,208,202,2019-11-13,2019-11-05,inner_train,True,6.0,True,0.46488852857896434,True
inner_2020,789,train,matched,209,201,2019-11-14,2019-11-04,inner_train,True,8.0,True,0.7197664668352233,True
inner_2020,789,train,matched,210,203,2019-11-15,2019-11-06,inner_train,True,7.0,True,0.9581196267075143,True
inner_2020,789,train,matched,211,203,2019-11-18,2019-11-06,inner_train,True,8.0,True,0.9360933591703349,True
inner_2020,789,train,matched,212,202,2019-11-19,2019-11-05,inner_train,True,10.0,True,0.9264431033381721,True
inner_2020,789,train,matched,213,207,2019-11-20,2019-11-12,inner_train,True,6.0,True,0.4970954309540887,True
inner_2020,789,train,matched,214,207,2019-11-21,2019-11-12,inner_train,True,7.0,True,0.26396554583446497,True
inner_2020,789,train,matched,215,203,2019-11-22,2019-11-06,inner_train,True,12.0,True,0.10948423284168873,True
inner_2020,789,train,matched,216,57,2019-11-25,2019-03-29,inner_train,True,159.0,True,0.0,True
inner_2020,789,train,matched,217,98,2019-11-26,2019-06-05,inner_train,True,119.0,True,0.08686112531779733,True
inner_2020,789,train,matched,218,7,2019-11-27,2019-01-17,inner_train,True,211.0,True,0.054509405668372146,True
inner_2020,789,train,matched,219,158,2019-11-28,2019-09-02,inner_train,True,61.0,True,0.13150710043529212,True
inner_2020,789,train,matched,220,194,2019-11-29,2019-10-24,inner_train,True,26.0,True,0.16001579927965626,True
inner_2020,789,train,matched,221,196,2019-12-02,2019-10-28,inner_train,True,25.0,True,0.1541506798272585,True
inner_2020,789,train,matched,222,196,2019-12-03,2019-10-28,inner_train,True,26.0,True,0.1541506798272585,True
inner_2020,789,train,matched,223,138,2019-12-04,2019-08-02,inner_train,True,85.0,True,0.11332868530700324,True
inner_2020,789,train,matched,224,94,2019-12-06,2019-05-29,inner_train,True,130.0,True,0.08004270767353638,True
inner_2020,789,train,matched,225,94,2019-12-09,2019-05-29,inner_train,True,131.0,True,0.1856604580594694,True
inner_2020,789,train,matched,226,96,2019-12-11,2019-05-31,inner_train,True,130.0,True,0.12352781961327519,True
inner_2020,789,train,matched,227,95,2019-12-12,2019-05-30,inner_train,True,132.0,True,0.05942342047080107,True
inner_2020,789,train,matched,228,94,2019-12-13,2019-05-29,inner_train,True,134.0,True,0.20252426411147395,True
inner_2020,789,train,matched,229,223,2019-12-16,2019-12-04,inner_train,True,6.0,True,0.17435338714477755,True
inner_2020,789,train,matched,230,223,2019-12-17,2019-12-04,inner_train,True,7.0,True,0.14090545307723756,True
inner_2020,789,train,matched,231,44,2019-12-18,2019-03-12,inner_train,True,187.0,True,0.12169693497751988,True
inner_2020,789,train,matched,232,55,2019-12-19,2019-03-27,inner_train,True,177.0,True,0.0,True
inner_2020,789,train,matched,233,98,2019-12-20,2019-06-05,inner_train,True,135.0,True,0.06557104575176043,True
inner_2020,789,train,matched,234,132,2019-12-23,2019-07-24,inner_train,True,102.0,True,0.06318938341727298,True
inner_2020,789,train,matched,235,177,2019-12-24,2019-09-27,inner_train,True,58.0,True,0.02898753687325195,True
inner_2020,789,train,matched,236,189,2019-12-25,2019-10-16,inner_train,True,47.0,True,0.057943035300366486,True
inner_2020,789,train,matched,237,131,2019-12-26,2019-07-23,inner_train,True,106.0,True,0.06899287148695077,True
inner_2020,789,train,matched,238,75,2019-12-27,2019-04-29,inner_train,True,163.0,True,0.08304199270213042,True
inner_2020,789,train,matched,239,131,2019-12-30,2019-07-23,inner_train,True,108.0,True,0.05080832832566928,True
inner_2020,789,train,random,5,0,2019-01-15,2019-01-08,inner_train,True,5.0,True,2.4894806201076367,True
inner_2020,789,train,random,6,1,2019-01-16,2019-01-09,inner_train,True,5.0,True,1.4799201556559574,True
inner_2020,789,train,random,7,0,2019-01-17,2019-01-08,inner_train,True,7.0,True,2.5231723595644837,True
inner_2020,789,train,random,8,0,2019-01-18,2019-01-08,inner_train,True,8.0,True,2.1710268889891022,True
inner_2020,789,train,random,9,1,2019-01-21,2019-01-09,inner_train,True,8.0,True,0.9679840376059388,True
inner_2020,789,train,random,10,5,2019-01-22,2019-01-15,inner_train,True,5.0,True,0.7287381256626482,True
inner_2020,789,train,random,11,4,2019-01-23,2019-01-14,inner_train,True,7.0,True,0.5670840825429484,True
inner_2020,789,train,random,17,9,2019-01-31,2019-01-21,inner_train,True,8.0,False,0.7491938655472032,True
inner_2020,789,train,random,18,2,2019-02-01,2019-01-10,inner_train,True,16.0,False,0.7469083574513982,True
inner_2020,789,train,random,19,6,2019-02-04,2019-01-16,inner_train,True,13.0,False,0.07125610365078705,True
inner_2020,789,train,random,20,0,2019-02-05,2019-01-08,inner_train,True,20.0,False,2.576491997097267,True
inner_2020,789,train,random,21,0,2019-02-06,2019-01-08,inner_train,True,21.0,False,2.8612852856431568,True
inner_2020,789,train,random,22,10,2019-02-07,2019-01-22,inner_train,True,12.0,False,1.0028672317097254,True
inner_2020,789,train,random,23,4,2019-02-08,2019-01-14,inner_train,True,19.0,False,0.28186810258636097,True
inner_2020,789,train,random,24,1,2019-02-11,2019-01-09,inner_train,True,23.0,False,1.4216512475319814,True
inner_2020,789,train,random,25,10,2019-02-12,2019-01-22,inner_train,True,15.0,False,0.5797025465021597,True
inner_2020,789,train,random,26,9,2019-02-13,2019-01-21,inner_train,True,17.0,False,0.35972909878548043,True
inner_2020,789,train,random,27,9,2019-02-14,2019-01-21,inner_train,True,18.0,False,0.40624911442037304,True
inner_2020,789,train,random,28,18,2019-02-15,2019-02-01,inner_train,True,10.0,False,0.30043522561585645,True
inner_2020,789,train,random,29,10,2019-02-18,2019-01-22,inner_train,True,19.0,True,0.5090849792882066,True
inner_2020,789,train,random,30,2,2019-02-20,2019-01-10,inner_train,True,28.0,True,0.4191916054217377,True
inner_2020,789,train,random,31,16,2019-02-21,2019-01-30,inner_train,True,15.0,False,0.3440564799795207,True
inner_2020,789,train,random,32,16,2019-02-22,2019-01-30,inner_train,True,16.0,True,0.24419696051204198,True
inner_2020,789,train,random,33,23,2019-02-25,2019-02-08,inner_train,True,10.0,True,0.22884157242884795,True
inner_2020,789,train,random,34,23,2019-02-26,2019-02-08,inner_train,True,11.0,True,0.1555102993432982,True
inner_2020,789,train,random,35,23,2019-02-27,2019-02-08,inner_train,True,12.0,True,0.48770320634513675,True
inner_2020,789,train,random,36,23,2019-02-28,2019-02-08,inner_train,True,13.0,False,0.585137656730542,True
inner_2020,789,train,random,37,14,2019-03-01,2019-01-28,inner_train,True,23.0,False,0.28589795065827905,True
inner_2020,789,train,random,43,24,2019-03-11,2019-02-11,inner_train,True,19.0,False,0.16989903679539742,True
inner_2020,789,train,random,44,25,2019-03-12,2019-02-12,inner_train,True,19.0,False,0.28116739143058744,True
inner_2020,789,train,random,45,17,2019-03-13,2019-01-31,inner_train,True,28.0,False,0.2003714107503729,True
inner_2020,789,train,random,46,2,2019-03-14,2019-01-10,inner_train,True,44.0,True,0.5056962117266881,True
inner_2020,789,train,random,47,36,2019-03-15,2019-02-28,inner_train,True,11.0,True,0.7191226669632056,True
inner_2020,789,train,random,48,41,2019-03-18,2019-03-07,inner_train,True,7.0,False,0.1576289442035832,True
inner_2020,789,train,random,49,22,2019-03-19,2019-02-07,inner_train,True,27.0,False,0.2818511521409879,True
inner_2020,789,train,random,50,13,2019-03-20,2019-01-25,inner_train,True,37.0,False,0.3666073055014176,True
inner_2020,789,train,random,51,24,2019-03-21,2019-02-11,inner_train,True,27.0,False,0.37009796427087327,True
inner_2020,789,train,random,52,43,2019-03-22,2019-03-11,inner_train,True,9.0,False,0.2629894598614091,True
inner_2020,789,train,random,53,42,2019-03-25,2019-03-08,inner_train,True,11.0,False,1.1050880273628838,True
inner_2020,789,train,random,54,31,2019-03-26,2019-02-21,inner_train,True,23.0,True,0.40624911442037304,True
inner_2020,789,train,random,55,33,2019-03-27,2019-02-25,inner_train,True,22.0,False,0.10334235150158877,True
inner_2020,789,train,random,56,33,2019-03-28,2019-02-25,inner_train,True,23.0,False,0.21909496278820928,True
inner_2020,789,train,random,57,10,2019-03-29,2019-01-22,inner_train,True,47.0,True,1.1739617259098964,True
inner_2020,789,train,random,58,0,2019-04-01,2019-01-08,inner_train,True,58.0,False,2.909294504829517,True
inner_2020,789,train,random,59,16,2019-04-02,2019-01-30,inner_train,True,43.0,True,0.17395330712343826,True
inner_2020,789,train,random,60,9,2019-04-03,2019-01-21,inner_train,True,51.0,False,0.7980369972210841,True
inner_2020,789,train,random,61,33,2019-04-04,2019-02-25,inner_train,True,28.0,True,0.2820860869476598,True
inner_2020,789,train,random,62,30,2019-04-05,2019-02-20,inner_train,True,32.0,True,0.23687004862778283,True
inner_2020,789,train,random,63,25,2019-04-09,2019-02-12,inner_train,True,38.0,True,0.2747786676158728,True
inner_2020,789,train,random,64,21,2019-04-10,2019-02-06,inner_train,True,43.0,True,1.0861540537460685,True
inner_2020,789,train,random,65,28,2019-04-11,2019-02-15,inner_train,True,37.0,False,0.6931471805599454,True
inner_2020,789,train,random,66,21,2019-04-12,2019-02-06,inner_train,True,45.0,True,1.0360042700605967,True
inner_2020,789,train,random,67,56,2019-04-17,2019-03-28,inner_train,True,11.0,False,0.8677903807773211,True
inner_2020,789,train,random,68,62,2019-04-18,2019-04-05,inner_train,True,6.0,False,0.1928418174681341,True
inner_2020,789,train,random,69,54,2019-04-19,2019-03-26,inner_train,True,15.0,False,0.5018442351013945,True
inner_2020,789,train,random,70,29,2019-04-22,2019-02-18,inner_train,True,41.0,False,0.3777375918226382,True
inner_2020,789,train,random,71,26,2019-04-23,2019-02-13,inner_train,True,45.0,True,0.45630478488757387,True
inner_2020,789,train,random,72,8,2019-04-24,2019-01-18,inner_train,True,64.0,False,0.34240697214102767,True
inner_2020,789,train,random,73,43,2019-04-25,2019-03-11,inner_train,True,30.0,False,0.37126878856004675,True
inner_2020,789,train,random,74,18,2019-04-26,2019-02-01,inner_train,True,56.0,True,0.25676016211319475,True
inner_2020,789,train,random,75,54,2019-04-29,2019-03-26,inner_train,True,21.0,True,0.7635508211499147,True
inner_2020,789,train,random,76,50,2019-04-30,2019-03-20,inner_train,True,26.0,False,0.7956906649577897,True
inner_2020,789,train,random,77,16,2019-05-02,2019-01-30,inner_train,True,61.0,True,0.3576744442718156,True
inner_2020,789,train,random,78,70,2019-05-03,2019-04-22,inner_train,True,8.0,True,0.9850514681025873,True
inner_2020,789,train,random,79,44,2019-05-07,2019-03-12,inner_train,True,35.0,False,0.36715900924742506,True
inner_2020,789,train,random,80,9,2019-05-08,2019-01-21,inner_train,True,71.0,True,0.835463402740201,True
inner_2020,789,train,random,81,41,2019-05-09,2019-03-07,inner_train,True,40.0,True,0.30786572470970475,True
inner_2020,789,train,random,82,16,2019-05-10,2019-01-30,inner_train,True,66.0,False,0.5859330962527958,True
inner_2020,789,train,random,83,4,2019-05-13,2019-01-14,inner_train,True,79.0,False,1.5135952039937766,True
inner_2020,789,train,random,84,47,2019-05-14,2019-03-15,inner_train,True,37.0,False,1.8607120091898648,True
inner_2020,789,train,random,85,25,2019-05-15,2019-02-12,inner_train,True,60.0,False,2.079441541679836,True
inner_2020,789,train,random,86,22,2019-05-16,2019-02-07,inner_train,True,64.0,False,2.0698260829803945,True
inner_2020,789,train,random,87,12,2019-05-17,2019-01-24,inner_train,True,75.0,False,2.5859148507069634,True
inner_2020,789,train,random,88,20,2019-05-21,2019-02-05,inner_train,True,68.0,False,1.7456260292498138,True
inner_2020,789,train,random,89,83,2019-05-22,2019-05-13,inner_train,True,6.0,True,0.2983669725517988,True
inner_2020,789,train,random,90,42,2019-05-23,2019-03-08,inner_train,True,48.0,True,0.8363142252532403,True
inner_2020,789,train,random,91,81,2019-05-24,2019-05-09,inner_train,True,10.0,True,0.12251359488407587,True
inner_2020,789,train,random,92,64,2019-05-27,2019-04-10,inner_train,True,28.0,False,0.8415671856782194,True
inner_2020,789,train,random,93,3,2019-05-28,2019-01-11,inner_train,True,90.0,False,0.3017866786333223,True
inner_2020,789,train,random,94,38,2019-05-29,2019-03-04,inner_train,True,56.0,True,0.6678293725756554,True
inner_2020,789,train,random,95,13,2019-05-30,2019-01-25,inner_train,True,82.0,False,0.2607931722354504,True
inner_2020,789,train,random,96,48,2019-05-31,2019-03-18,inner_train,True,48.0,False,0.22869277397607712,True
inner_2020,789,train,random,97,46,2019-06-04,2019-03-14,inner_train,True,51.0,True,0.18516430324899336,True
inner_2020,789,train,random,98,8,2019-06-05,2019-01-18,inner_train,True,90.0,True,0.556864754563533,True
inner_2020,789,train,random,99,72,2019-06-06,2019-04-24,inner_train,True,27.0,True,0.3375019260892289,True
inner_2020,789,train,random,100,72,2019-06-07,2019-04-24,inner_train,True,28.0,True,0.3441942827151232,True
inner_2020,789,train,random,101,85,2019-06-10,2019-05-15,inner_train,True,16.0,False,2.044350221868566,True
inner_2020,789,train,random,102,19,2019-06-11,2019-02-04,inner_train,True,83.0,True,0.5634180738851615,True
inner_2020,789,train,random,103,54,2019-06-12,2019-03-26,inner_train,True,49.0,False,0.25299651446389104,True
inner_2020,789,train,random,104,95,2019-06-13,2019-05-30,inner_train,True,9.0,False,0.4087357569762866,True
inner_2020,789,train,random,105,23,2019-06-14,2019-02-08,inner_train,True,82.0,True,0.11957034623047891,True
inner_2020,789,train,random,106,39,2019-06-17,2019-03-05,inner_train,True,67.0,False,0.5099001262450478,True
inner_2020,789,train,random,107,39,2019-06-18,2019-03-05,inner_train,True,68.0,False,0.40546510810816416,True
inner_2020,789,train,random,108,39,2019-06-19,2019-03-05,inner_train,True,69.0,False,0.36464311358790935,True
inner_2020,789,train,random,109,47,2019-06-20,2019-03-15,inner_train,True,62.0,False,0.4419050457907283,True
inner_2020,789,train,random,110,100,2019-06-21,2019-06-07,inner_train,True,10.0,True,0.244733489184485,True
inner_2020,789,train,random,111,103,2019-06-24,2019-06-12,inner_train,True,8.0,True,0.8823891801984742,True
inner_2020,789,train,random,112,103,2019-06-25,2019-06-12,inner_train,True,9.0,True,0.8472978603872039,True
inner_2020,789,train,random,113,68,2019-06-26,2019-04-18,inner_train,True,45.0,True,0.3436647072027177,True
inner_2020,789,train,random,114,101,2019-06-27,2019-06-10,inner_train,True,13.0,True,0.22119359944513128,True
inner_2020,789,train,random,115,96,2019-06-28,2019-05-31,inner_train,True,19.0,False,0.1157806685542897,True
inner_2020,789,train,random,116,93,2019-07-01,2019-05-28,inner_train,True,23.0,False,0.2839542023377666,True
inner_2020,789,train,random,117,36,2019-07-02,2019-02-28,inner_train,True,81.0,False,0.777028664540647,True
inner_2020,789,train,random,118,80,2019-07-03,2019-05-08,inner_train,True,38.0,False,0.6729444732424263,True
inner_2020,789,train,random,119,87,2019-07-04,2019-05-17,inner_train,True,32.0,False,2.7589086183357012,True
inner_2020,789,train,random,120,58,2019-07-05,2019-04-01,inner_train,True,62.0,True,1.010682216161407,True
inner_2020,789,train,random,121,10,2019-07-08,2019-01-22,inner_train,True,111.0,False,0.3457458734065417,True
inner_2020,789,train,random,122,37,2019-07-09,2019-03-01,inner_train,True,85.0,False,0.5655155100626108,True
inner_2020,789,train,random,123,66,2019-07-10,2019-04-12,inner_train,True,57.0,True,0.5596157879354227,True
inner_2020,789,train,random,124,78,2019-07-11,2019-05-03,inner_train,True,46.0,True,0.9231760643845002,True
inner_2020,789,train,random,125,41,2019-07-12,2019-03-07,inner_train,True,84.0,False,0.28496836658018454,True
inner_2020,789,train,random,126,10,2019-07-15,2019-01-22,inner_train,True,116.0,False,0.5500463369192721,True
inner_2020,789,train,random,127,73,2019-07-17,2019-04-25,inner_train,True,54.0,False,0.018692133012152556,True
inner_2020,789,train,random,128,110,2019-07-18,2019-06-21,inner_train,True,18.0,False,0.03846628082779624,True
inner_2020,789,train,random,129,30,2019-07-19,2019-02-20,inner_train,True,99.0,True,0.34687094384211115,True
inner_2020,789,train,random,130,102,2019-07-22,2019-06-11,inner_train,True,28.0,False,0.6569441318959854,True
inner_2020,789,train,random,131,69,2019-07-23,2019-04-19,inner_train,True,62.0,False,0.17946848781154845,True
inner_2020,789,train,random,132,107,2019-07-24,2019-06-18,inner_train,True,25.0,False,0.5471575530133812,True
inner_2020,789,train,random,133,92,2019-07-25,2019-05-27,inner_train,True,41.0,False,0.312614954144701,True
inner_2020,789,train,random,134,45,2019-07-26,2019-03-13,inner_train,True,89.0,True,0.390903822989344,True
inner_2020,789,train,random,135,7,2019-07-30,2019-01-17,inner_train,True,128.0,False,0.25259075264051134,True
inner_2020,789,train,random,136,90,2019-07-31,2019-05-23,inner_train,True,46.0,True,1.128308794021963,True
inner_2020,789,train,random,137,16,2019-08-01,2019-01-30,inner_train,True,121.0,False,0.6369769090928905,True
inner_2020,789,train,random,138,55,2019-08-02,2019-03-27,inner_train,True,83.0,False,0.37621954001170277,True
inner_2020,789,train,random,139,50,2019-08-05,2019-03-20,inner_train,True,89.0,False,0.10988745865360361,True
inner_2020,789,train,random,140,123,2019-08-06,2019-07-10,inner_train,True,17.0,False,0.15996464969267832,True
inner_2020,789,train,random,141,124,2019-08-07,2019-07-11,inner_train,True,17.0,False,0.24373018492259835,True
inner_2020,789,train,random,142,32,2019-08-08,2019-02-22,inner_train,True,110.0,False,0.04348511193973881,True
inner_2020,789,train,random,143,68,2019-08-09,2019-04-18,inner_train,True,75.0,False,0.5035134081446135,True
inner_2020,789,train,random,144,56,2019-08-13,2019-03-28,inner_train,True,88.0,False,0.26165457720700536,True
inner_2020,789,train,random,145,5,2019-08-14,2019-01-15,inner_train,True,140.0,False,0.7695253012482057,True
inner_2020,789,train,random,146,106,2019-08-15,2019-06-17,inner_train,True,40.0,False,1.4722259076922146,True
inner_2020,789,train,random,147,33,2019-08-16,2019-02-25,inner_train,True,114.0,False,1.2437032942808477,True
inner_2020,789,train,random,148,79,2019-08-19,2019-05-07,inner_train,True,69.0,False,0.7728633362924944,True
inner_2020,789,train,random,149,0,2019-08-20,2019-01-08,inner_train,True,149.0,False,3.564268217800719,True
inner_2020,789,train,random,150,93,2019-08-21,2019-05-28,inner_train,True,57.0,True,0.8118634873993273,True
inner_2020,789,train,random,151,63,2019-08-22,2019-04-09,inner_train,True,88.0,False,0.702716631576096,True
inner_2020,789,train,random,152,8,2019-08-23,2019-01-18,inner_train,True,144.0,False,0.39903421777787385,True
inner_2020,789,train,random,153,124,2019-08-26,2019-07-11,inner_train,True,29.0,False,0.5345308929576063,True
inner_2020,789,train,random,154,62,2019-08-27,2019-04-05,inner_train,True,92.0,False,0.5148802759984221,True
inner_2020,789,train,random,155,52,2019-08-28,2019-03-22,inner_train,True,103.0,False,0.7501150130249998,True
inner_2020,789,train,random,156,134,2019-08-29,2019-07-26,inner_train,True,22.0,False,1.2287761740522858,True
inner_2020,789,train,random,157,150,2019-08-30,2019-08-21,inner_train,True,7.0,False,2.147956846569662,True
inner_2020,789,train,random,158,138,2019-09-02,2019-08-02,inner_train,True,20.0,False,0.4092717362297269,True
inner_2020,789,train,random,159,47,2019-09-03,2019-03-15,inner_train,True,112.0,True,0.4228568508200339,True
inner_2020,789,train,random,160,18,2019-09-04,2019-02-01,inner_train,True,142.0,True,0.20134432297162563,True
inner_2020,789,train,random,161,73,2019-09-05,2019-04-25,inner_train,True,88.0,True,0.13237688027769767,True
inner_2020,789,train,random,162,145,2019-09-06,2019-08-14,inner_train,True,17.0,False,0.5234303761112931,True
inner_2020,789,train,random,163,133,2019-09-09,2019-07-25,inner_train,True,30.0,False,0.27641190548074146,True
inner_2020,789,train,random,164,131,2019-09-10,2019-07-23,inner_train,True,33.0,False,0.12306009275722696,True
inner_2020,789,train,random,165,67,2019-09-11,2019-04-17,inner_train,True,98.0,True,0.3483066942682158,True
inner_2020,789,train,random,166,142,2019-09-12,2019-08-08,inner_train,True,24.0,False,0.4293325895148081,True
inner_2020,789,train,random,167,76,2019-09-13,2019-04-30,inner_train,True,91.0,True,0.6522269107705818,True
inner_2020,789,train,random,168,77,2019-09-16,2019-05-02,inner_train,True,91.0,False,1.1939224684724343,True
inner_2020,789,train,random,169,89,2019-09-17,2019-05-22,inner_train,True,80.0,False,2.1799827709017143,True
inner_2020,789,train,random,170,122,2019-09-18,2019-07-09,inner_train,True,48.0,False,0.5760218233225327,True
inner_2020,789,train,random,171,161,2019-09-19,2019-09-05,inner_train,True,10.0,False,1.9606477482646683,True
inner_2020,789,train,random,172,99,2019-09-20,2019-06-06,inner_train,True,73.0,False,1.5424405126372913,True
inner_2020,789,train,random,173,147,2019-09-23,2019-08-16,inner_train,True,26.0,True,2.072157920613711,True
inner_2020,789,train,random,174,94,2019-09-24,2019-05-29,inner_train,True,80.0,True,0.48430710645999353,True
inner_2020,789,train,random,175,105,2019-09-25,2019-06-14,inner_train,True,70.0,False,0.7202410416926304,True
inner_2020,789,train,random,176,30,2019-09-26,2019-02-20,inner_train,True,146.0,False,0.8205094571018332,True
inner_2020,789,train,random,177,114,2019-09-27,2019-06-27,inner_train,True,63.0,False,0.3982513707844726,True
inner_2020,789,train,random,178,28,2019-09-30,2019-02-15,inner_train,True,150.0,True,0.4818380868927381,True
inner_2020,789,train,random,179,28,2019-10-01,2019-02-15,inner_train,True,151.0,False,0.5697681593994401,True
inner_2020,789,train,random,180,138,2019-10-02,2019-08-02,inner_train,True,42.0,True,0.8478347731517801,True
inner_2020,789,train,random,181,70,2019-10-03,2019-04-22,inner_train,True,111.0,False,0.4489913731580555,True
inner_2020,789,train,random,182,120,2019-10-04,2019-07-05,inner_train,True,62.0,False,0.42793796396022277,True
inner_2020,789,train,random,183,23,2019-10-07,2019-02-08,inner_train,True,160.0,False,0.11957034623047891,True
inner_2020,789,train,random,184,29,2019-10-08,2019-02-18,inner_train,True,155.0,False,0.12411839272838332,True
inner_2020,789,train,random,185,15,2019-10-09,2019-01-29,inner_train,True,170.0,False,1.0177976782159917,True
inner_2020,789,train,random,186,95,2019-10-10,2019-05-30,inner_train,True,91.0,True,0.30830135965451655,True
inner_2020,789,train,random,187,172,2019-10-11,2019-09-20,inner_train,True,15.0,True,1.192035181712154,True
inner_2020,789,train,random,188,85,2019-10-15,2019-05-15,inner_train,True,103.0,False,1.9998984592977318,True
inner_2020,789,train,random,189,172,2019-10-16,2019-09-20,inner_train,True,17.0,False,1.2255578737507977,True
inner_2020,789,train,random,190,88,2019-10-17,2019-05-21,inner_train,True,102.0,False,2.2013727978706847,True
inner_2020,789,train,random,191,52,2019-10-18,2019-03-22,inner_train,True,139.0,False,0.27541197985996657,True
inner_2020,789,train,random,192,121,2019-10-21,2019-07-08,inner_train,True,71.0,False,0.28768207245178123,True
inner_2020,789,train,random,193,180,2019-10-22,2019-10-02,inner_train,True,13.0,False,1.0595309386256386,True
inner_2020,789,train,random,194,40,2019-10-24,2019-03-06,inner_train,True,154.0,False,0.8900675367750526,True
inner_2020,789,train,random,195,15,2019-10-25,2019-01-29,inner_train,True,180.0,False,1.177304557243775,True
inner_2020,789,train,random,196,71,2019-10-28,2019-04-23,inner_train,True,125.0,False,0.4234836136108431,True
inner_2020,789,train,random,197,75,2019-10-29,2019-04-29,inner_train,True,122.0,False,1.09861228866811,True
inner_2020,789,train,random,198,36,2019-10-30,2019-02-28,inner_train,True,162.0,False,0.8508408224635473,True
inner_2020,789,train,random,199,31,2019-10-31,2019-02-21,inner_train,True,168.0,True,0.3429447511268302,True
inner_2020,789,train,random,200,46,2019-11-01,2019-03-14,inner_train,True,154.0,True,0.5646123007785695,True
inner_2020,789,train,random,201,116,2019-11-04,2019-07-01,inner_train,True,85.0,False,1.0986122886681096,True
inner_2020,789,train,random,202,109,2019-11-05,2019-06-20,inner_train,True,93.0,False,0.7577764087591237,True
inner_2020,789,train,random,203,101,2019-11-06,2019-06-10,inner_train,True,102.0,False,0.9318431448816398,True
inner_2020,789,train,random,204,121,2019-11-07,2019-07-08,inner_train,True,83.0,True,0.8393543058196888,True
inner_2020,789,train,random,205,102,2019-11-08,2019-06-11,inner_train,True,103.0,True,0.7783049889002527,True
inner_2020,789,train,random,206,114,2019-11-11,2019-06-27,inner_train,True,92.0,True,0.4715186535234013,True
inner_2020,789,train,random,207,77,2019-11-12,2019-05-02,inner_train,True,130.0,False,0.20763936477824485,True
inner_2020,789,train,random,208,14,2019-11-13,2019-01-28,inner_train,True,194.0,False,0.7956627440855404,True
inner_2020,789,train,random,209,35,2019-11-14,2019-02-27,inner_train,True,174.0,False,1.1718844897744356,True
inner_2020,789,train,random,210,143,2019-11-15,2019-08-09,inner_train,True,67.0,False,1.7915226987759016,True
inner_2020,789,train,random,211,138,2019-11-18,2019-08-02,inner_train,True,73.0,False,2.0496312980551203,True
inner_2020,789,train,random,212,154,2019-11-19,2019-08-27,inner_train,True,58.0,False,2.488234293627814,True
inner_2020,789,train,random,213,124,2019-11-20,2019-07-11,inner_train,True,89.0,False,1.5548857251019434,True
inner_2020,789,train,random,214,7,2019-11-21,2019-01-17,inner_train,True,207.0,True,1.0256998360579814,True
inner_2020,789,train,random,215,181,2019-11-22,2019-10-03,inner_train,True,34.0,False,0.5836629477182562,True
inner_2020,789,train,random,216,45,2019-11-25,2019-03-13,inner_train,True,171.0,True,0.3530971225908486,True
inner_2020,789,train,random,217,169,2019-11-26,2019-09-17,inner_train,True,48.0,True,0.7576857016975169,True
inner_2020,789,train,random,218,203,2019-11-27,2019-11-06,inner_train,True,15.0,True,0.7998803800297436,True
inner_2020,789,train,random,219,22,2019-11-28,2019-02-07,inner_train,True,197.0,False,0.6003048832595224,True
inner_2020,789,train,random,220,37,2019-11-29,2019-03-01,inner_train,True,183.0,True,0.8050650967639306,True
inner_2020,789,train,random,221,173,2019-12-02,2019-09-23,inner_train,True,48.0,True,0.6928634311937785,True
inner_2020,789,train,random,222,149,2019-12-03,2019-08-20,inner_train,True,73.0,True,1.6938268060993056,True
inner_2020,789,train,random,223,162,2019-12-04,2019-09-06,inner_train,True,61.0,False,0.6550626637962798,True
inner_2020,789,train,random,224,145,2019-12-06,2019-08-14,inner_train,True,79.0,True,0.9701959967103573,True
inner_2020,789,train,random,225,1,2019-12-09,2019-01-09,inner_train,True,224.0,False,0.9074867225004759,True
inner_2020,789,train,random,226,65,2019-12-11,2019-04-11,inner_train,True,161.0,False,0.4744579795951158,True
inner_2020,789,train,random,227,94,2019-12-12,2019-05-29,inner_train,True,133.0,True,0.18540322333136272,True
inner_2020,789,train,random,228,209,2019-12-13,2019-11-14,inner_train,True,19.0,False,2.0162626400583044,True
inner_2020,789,train,random,229,161,2019-12-16,2019-09-05,inner_train,True,68.0,False,0.5621189181535411,True
inner_2020,789,train,random,230,5,2019-12-17,2019-01-15,inner_train,True,225.0,False,0.34970627462263915,True
inner_2020,789,train,random,231,159,2019-12-18,2019-09-03,inner_train,True,72.0,False,0.1808411716235203,True
inner_2020,789,train,random,232,72,2019-12-19,2019-04-24,inner_train,True,160.0,False,0.2951540872904821,True
inner_2020,789,train,random,233,35,2019-12-20,2019-02-27,inner_train,True,198.0,False,0.05715841383994835,True
inner_2020,789,train,random,234,107,2019-12-23,2019-06-18,inner_train,True,127.0,False,0.4839681695961082,True
inner_2020,789,train,random,235,106,2019-12-24,2019-06-17,inner_train,True,129.0,False,0.7440935137458422,True
inner_2020,789,train,random,236,122,2019-12-25,2019-07-09,inner_train,True,114.0,False,0.28620168728134665,True
inner_2020,789,train,random,237,78,2019-12-26,2019-05-03,inner_train,True,159.0,False,0.4306995792867059,True
inner_2020,789,train,random,238,195,2019-12-27,2019-10-25,inner_train,True,43.0,True,0.846223169257438,True
inner_2020,789,train,random,239,109,2019-12-30,2019-06-20,inner_train,True,130.0,False,0.21293193814401334,True
inner_2020,789,validation,matched,0,239,2020-01-02,2019-12-30,inner_train,True,,True,0.06983109450334002,False
inner_2020,789,validation,matched,1,7,2020-01-03,2019-01-17,inner_train,True,,True,0.03390155167568132,False
inner_2020,789,validation,matched,2,62,2020-01-06,2019-04-05,inner_train,True,,True,0.022989518224698635,False
inner_2020,789,validation,matched,3,220,2020-01-07,2019-11-29,inner_train,True,,True,0.07249550203815369,False
inner_2020,789,validation,matched,4,158,2020-01-08,2019-09-02,inner_train,True,,True,0.13150710043529212,False
inner_2020,789,validation,matched,5,168,2020-01-09,2019-09-16,inner_train,True,,True,0.1753528874778616,False
inner_2020,789,validation,matched,6,194,2020-01-10,2019-10-24,inner_train,True,,True,0.16874947924841077,False
inner_2020,789,validation,matched,7,9,2020-01-13,2019-01-21,inner_train,True,,True,0.06980953139350676,False
inner_2020,789,validation,matched,8,195,2020-01-14,2019-10-25,inner_train,True,,True,0.1450389994760024,False
inner_2020,789,validation,matched,9,190,2020-01-15,2019-10-17,inner_train,True,,True,0.09763846956391609,False
inner_2020,789,validation,matched,10,193,2020-01-16,2019-10-22,inner_train,True,,True,0.07121262822526475,False
inner_2020,789,validation,matched,11,169,2020-01-17,2019-09-17,inner_train,True,,True,0.04879016416943216,False
inner_2020,789,validation,matched,12,220,2020-01-20,2019-11-29,inner_train,True,,True,0.02666824708216131,False
inner_2020,789,validation,matched,13,193,2020-01-21,2019-10-22,inner_train,True,,True,0.0,False
inner_2020,789,validation,matched,14,169,2020-01-22,2019-09-17,inner_train,True,,True,0.13133600206108698,False
inner_2020,789,validation,matched,15,158,2020-01-23,2019-09-02,inner_train,True,,True,0.06595796779179697,False
inner_2020,789,validation,matched,16,128,2020-01-24,2019-07-18,inner_train,True,,True,0.09873484068568894,False
inner_2020,789,validation,matched,17,226,2020-01-27,2019-12-11,inner_train,True,,True,0.22488117121275097,False
inner_2020,789,validation,matched,18,94,2020-01-28,2019-05-29,inner_train,True,,True,0.10536051565782634,False
inner_2020,789,validation,matched,19,92,2020-01-29,2019-05-27,inner_train,True,,True,0.17819216345194278,False
inner_2020,789,validation,matched,20,227,2020-01-30,2019-12-12,inner_train,True,,True,0.10024541499105588,False
inner_2020,789,validation,matched,21,198,2020-01-31,2019-10-30,inner_train,True,,True,0.15692974599752363,False
inner_2020,789,validation,matched,22,93,2020-02-03,2019-05-28,inner_train,True,,True,0.17356876568435986,False
inner_2020,789,validation,matched,23,231,2020-02-04,2019-12-18,inner_train,True,,True,0.14045183546909623,False
inner_2020,789,validation,matched,24,91,2020-02-05,2019-05-24,inner_train,True,,True,0.14286272005340672,False
inner_2020,789,validation,matched,25,231,2020-02-06,2019-12-18,inner_train,True,,True,0.1768194796399709,False
inner_2020,789,validation,matched,26,231,2020-02-07,2019-12-18,inner_train,True,,True,0.2038005884710783,False
inner_2020,789,validation,matched,27,231,2020-02-11,2019-12-18,inner_train,True,,True,0.23889190828234863,False
inner_2020,789,validation,matched,28,181,2020-02-12,2019-10-03,inner_train,True,,True,0.24512245803298516,False
inner_2020,789,validation,matched,29,92,2020-02-13,2019-05-27,inner_train,True,,True,0.1892419996385284,False
inner_2020,789,validation,matched,30,92,2020-02-14,2019-05-27,inner_train,True,,True,0.08947746948482349,False
inner_2020,789,validation,matched,31,135,2020-02-17,2019-07-30,inner_train,True,,True,0.17934092865581608,False
inner_2020,789,validation,matched,32,153,2020-02-18,2019-08-26,inner_train,True,,True,0.4432054360910116,False
inner_2020,789,validation,matched,33,174,2020-02-19,2019-09-24,inner_train,True,,True,0.12976948053675086,False
inner_2020,789,validation,matched,34,174,2020-02-20,2019-09-24,inner_train,True,,True,0.1388364448542161,False
inner_2020,789,validation,matched,35,91,2020-02-21,2019-05-24,inner_train,True,,True,0.562407316126377,False
inner_2020,789,validation,matched,36,156,2020-02-24,2019-08-29,inner_train,True,,True,0.20953151293028238,False
inner_2020,789,validation,matched,37,183,2020-02-25,2019-10-07,inner_train,True,,True,0.08320270205960423,False
inner_2020,789,validation,matched,38,44,2020-02-26,2019-03-12,inner_train,True,,True,0.10627921117489914,False
inner_2020,789,validation,matched,39,81,2020-02-27,2019-05-09,inner_train,True,,True,0.06663715779449264,False
inner_2020,789,validation,matched,40,174,2020-02-28,2019-09-24,inner_train,True,,True,0.31619073020196264,False
inner_2020,789,validation,matched,41,153,2020-03-02,2019-08-26,inner_train,True,,True,0.20173964265105626,False
inner_2020,789,validation,matched,42,153,2020-03-03,2019-08-26,inner_train,True,,True,0.16841865162496328,False
inner_2020,789,validation,matched,43,154,2020-03-04,2019-08-27,inner_train,True,,True,0.3930425881096071,False
inner_2020,789,validation,matched,44,172,2020-03-05,2019-09-20,inner_train,True,,True,0.35256020982627234,False
inner_2020,789,validation,matched,45,196,2020-03-06,2019-10-28,inner_train,True,,True,0.3337212032493233,False
inner_2020,789,validation,matched,46,186,2020-03-09,2019-10-10,inner_train,True,,True,0.19474407679251193,False
inner_2020,789,validation,matched,47,222,2020-03-10,2019-12-03,inner_train,True,,True,0.08701137698962969,False
inner_2020,789,validation,matched,48,186,2020-03-11,2019-10-10,inner_train,True,,True,0.03922071315328157,False
inner_2020,789,validation,matched,49,141,2020-03-12,2019-08-07,inner_train,True,,True,0.09677677196643497,False
inner_2020,789,validation,matched,50,44,2020-03-13,2019-03-12,inner_train,True,,True,0.07175403292827953,False
inner_2020,789,validation,matched,51,181,2020-03-16,2019-10-03,inner_train,True,,True,0.09531017980432477,False
inner_2020,789,validation,matched,52,142,2020-03-17,2019-08-08,inner_train,True,,True,0.08651742785634653,False
inner_2020,789,validation,matched,53,136,2020-03-18,2019-07-31,inner_train,True,,True,0.09770666610637768,False
inner_2020,789,validation,matched,54,152,2020-03-19,2019-08-23,inner_train,True,,True,0.09466522654107834,False
inner_2020,789,validation,matched,55,223,2020-03-20,2019-12-04,inner_train,True,,True,0.06519619955654221,False
inner_2020,789,validation,matched,56,221,2020-03-23,2019-12-02,inner_train,True,,True,0.13406392126052058,False
inner_2020,789,validation,matched,57,222,2020-03-24,2019-12-03,inner_train,True,,True,0.4061146696769602,False
inner_2020,789,validation,matched,58,196,2020-03-25,2019-10-28,inner_train,True,,True,0.5415972824327442,False
inner_2020,789,validation,matched,59,154,2020-03-26,2019-08-27,inner_train,True,,True,1.7004096906398272,False
inner_2020,789,validation,matched,60,154,2020-03-27,2019-08-27,inner_train,True,,True,1.4772661393256175,False
inner_2020,789,validation,matched,61,155,2020-03-30,2019-08-28,inner_train,True,,True,1.1870232460121626,False
inner_2020,789,validation,matched,62,196,2020-03-31,2019-10-28,inner_train,True,,True,0.769747025506085,False
inner_2020,789,validation,matched,63,155,2020-04-01,2019-08-28,inner_train,True,,True,0.4711190783296013,False
inner_2020,789,validation,matched,64,137,2020-04-02,2019-08-01,inner_train,True,,True,0.03509131981127034,False
inner_2020,789,validation,matched,65,43,2020-04-03,2019-03-11,inner_train,True,,True,0.10608699589319226,False
inner_2020,789,validation,matched,66,80,2020-04-07,2019-05-08,inner_train,True,,True,0.05505977718302768,False
inner_2020,789,validation,matched,67,45,2020-04-08,2019-03-13,inner_train,True,,True,0.030771658666753687,False
inner_2020,789,validation,matched,68,217,2020-04-09,2019-11-26,inner_train,True,,True,0.10903024454678878,False
inner_2020,789,validation,matched,69,33,2020-04-10,2019-02-25,inner_train,True,,True,0.09047758496611591,False
inner_2020,789,validation,matched,70,24,2020-04-13,2019-02-11,inner_train,True,,True,0.05299253014051031,False
inner_2020,789,validation,matched,71,26,2020-04-14,2019-02-13,inner_train,True,,True,0.04879016416943216,False
inner_2020,789,validation,matched,72,33,2020-04-15,2019-02-25,inner_train,True,,True,0.07333127308554976,False
inner_2020,789,validation,matched,73,6,2020-04-16,2019-01-16,inner_train,True,,True,0.0784716154414955,False
inner_2020,789,validation,matched,74,28,2020-04-17,2019-02-15,inner_train,True,,True,0.09516138135155439,False
inner_2020,789,validation,matched,75,105,2020-04-20,2019-06-14,inner_train,True,,True,0.10357320508373036,False
inner_2020,789,validation,matched,76,100,2020-04-21,2019-06-07,inner_train,True,,True,0.059357162395573315,False
inner_2020,789,validation,matched,77,121,2020-04-22,2019-07-08,inner_train,True,,True,0.0,False
inner_2020,789,validation,matched,78,64,2020-04-23,2019-04-10,inner_train,True,,True,0.6744368457017602,False
inner_2020,789,validation,matched,79,66,2020-04-24,2019-04-12,inner_train,True,,True,0.4444517625708335,False
inner_2020,789,validation,matched,80,119,2020-04-27,2019-07-04,inner_train,True,,True,0.46062462181643493,False
inner_2020,789,validation,matched,81,12,2020-04-28,2019-01-24,inner_train,True,,True,0.4689928714869511,False
inner_2020,789,validation,matched,82,102,2020-04-29,2019-06-11,inner_train,True,,True,0.4408219945202547,False
inner_2020,789,validation,matched,83,24,2020-04-30,2019-02-11,inner_train,True,,True,0.07361181734324562,False
inner_2020,789,validation,matched,84,19,2020-05-05,2019-02-04,inner_train,True,,True,0.10252569159503322,False
inner_2020,789,validation,matched,85,232,2020-05-07,2019-12-19,inner_train,True,,True,0.0936241020326678,False
inner_2020,789,validation,matched,86,46,2020-05-08,2019-03-14,inner_train,True,,True,0.05476872954176626,False
inner_2020,789,validation,matched,87,56,2020-05-11,2019-03-28,inner_train,True,,True,0.0640788566845214,False
inner_2020,789,validation,matched,88,134,2020-05-12,2019-07-26,inner_train,True,,True,0.11219042052032302,False
inner_2020,789,validation,matched,89,134,2020-05-13,2019-07-26,inner_train,True,,True,0.150514312183875,False
inner_2020,789,validation,matched,90,215,2020-05-14,2019-11-22,inner_train,True,,True,0.10204925435417067,False
inner_2020,789,validation,matched,91,207,2020-05-15,2019-11-12,inner_train,True,,True,0.1721160376591211,False
inner_2020,789,validation,matched,92,208,2020-05-18,2019-11-13,inner_train,True,,True,0.09496835789021141,False
inner_2020,789,validation,matched,93,214,2020-05-19,2019-11-21,inner_train,True,,True,0.22870382189484673,False
inner_2020,789,validation,matched,94,206,2020-05-20,2019-11-11,inner_train,True,,True,0.48854389575992974,False
inner_2020,789,validation,matched,95,206,2020-05-21,2019-11-11,inner_train,True,,True,0.32462776650869074,False
inner_2020,789,validation,matched,96,201,2020-05-22,2019-11-04,inner_train,True,,True,0.13643415228248346,False
inner_2020,789,validation,matched,97,79,2020-05-25,2019-05-07,inner_train,True,,True,0.135376411598092,False
inner_2020,789,validation,matched,98,232,2020-05-26,2019-12-19,inner_train,True,,True,0.0936241020326678,False
inner_2020,789,validation,matched,99,18,2020-05-27,2019-02-01,inner_train,True,,True,0.15942773692810208,False
inner_2020,789,validation,matched,100,24,2020-05-28,2019-02-11,inner_train,True,,True,0.11551288712184427,False
inner_2020,789,validation,matched,101,23,2020-05-29,2019-02-08,inner_train,True,,True,0.022472855852058604,False
inner_2020,789,validation,matched,102,20,2020-06-01,2019-02-05,inner_train,True,,True,0.07312226482896289,False
inner_2020,789,validation,matched,103,123,2020-06-02,2019-07-10,inner_train,True,,True,0.05707022653004579,False
inner_2020,789,validation,matched,104,124,2020-06-04,2019-07-11,inner_train,True,,True,0.08734201015514742,False
inner_2020,789,validation,matched,105,121,2020-06-05,2019-07-08,inner_train,True,,True,0.0,False
inner_2020,789,validation,matched,106,26,2020-06-08,2019-02-13,inner_train,True,,True,0.03509131981127034,False
inner_2020,789,validation,matched,107,65,2020-06-09,2019-04-11,inner_train,True,,True,0.09097177820572666,False
inner_2020,789,validation,matched,108,63,2020-06-10,2019-04-09,inner_train,True,,True,0.04082199452025481,False
inner_2020,789,validation,matched,109,52,2020-06-11,2019-03-22,inner_train,True,,True,0.11235355114879697,False
inner_2020,789,validation,matched,110,27,2020-06-12,2019-02-14,inner_train,True,,True,0.056891069900379954,False
inner_2020,789,validation,matched,111,31,2020-06-15,2019-02-21,inner_train,True,,True,0.05637440752773992,False
inner_2020,789,validation,matched,112,13,2020-06-16,2019-01-25,inner_train,True,,True,0.1251631429540061,False
inner_2020,789,validation,matched,113,34,2020-06-17,2019-02-26,inner_train,True,,True,0.05325490353554363,False
inner_2020,789,validation,matched,114,99,2020-06-18,2019-06-06,inner_train,True,,True,0.1009866378091302,False
inner_2020,789,validation,matched,115,234,2020-06-19,2019-12-23,inner_train,True,,True,0.03448617607116944,False
inner_2020,789,validation,matched,116,46,2020-06-22,2019-03-14,inner_train,True,,True,0.10178269430994247,False
inner_2020,789,validation,matched,117,30,2020-06-23,2019-02-20,inner_train,True,,True,0.09309042306601167,False
inner_2020,789,validation,matched,118,48,2020-06-24,2019-03-18,inner_train,True,,True,0.051390945869489,False
inner_2020,789,validation,matched,119,49,2020-06-25,2019-03-19,inner_train,True,,True,0.06252035698133396,False
inner_2020,789,validation,matched,120,9,2020-06-26,2019-01-21,inner_train,True,,True,0.14842000511827358,False
inner_2020,789,validation,matched,121,46,2020-06-29,2019-03-14,inner_train,True,,True,0.09237332013101529,False
inner_2020,789,validation,matched,122,46,2020-06-30,2019-03-14,inner_train,True,,True,0.12272047652030693,False
inner_2020,789,validation,matched,123,54,2020-07-01,2019-03-26,inner_train,True,,True,0.0,False
inner_2020,789,validation,matched,124,100,2020-07-02,2019-06-07,inner_train,True,,True,0.11662092047620609,False
inner_2020,789,validation,matched,125,26,2020-07-03,2019-02-13,inner_train,True,,True,0.10919929196499245,False
inner_2020,789,validation,matched,126,53,2020-07-07,2019-03-25,inner_train,True,,True,0.04255961441879608,False
inner_2020,789,validation,matched,127,50,2020-07-08,2019-03-20,inner_train,True,,True,0.12552618525242076,False
inner_2020,789,validation,matched,128,8,2020-07-09,2019-01-18,inner_train,True,,True,0.09880058474409337,False
inner_2020,789,validation,matched,129,9,2020-07-10,2019-01-21,inner_train,True,,True,0.08338160893905089,False
inner_2020,789,validation,matched,130,236,2020-07-13,2019-12-25,inner_train,True,,True,0.0785623225031018,False
inner_2020,789,validation,matched,131,238,2020-07-14,2019-12-27,inner_train,True,,True,0.08053886248401243,False
inner_2020,789,validation,matched,132,238,2020-07-15,2019-12-27,inner_train,True,,True,0.08349849281505284,False
inner_2020,789,validation,matched,133,129,2020-07-16,2019-07-19,inner_train,True,,True,0.01739174271186883,False
inner_2020,789,validation,matched,134,132,2020-07-17,2019-07-24,inner_train,True,,True,0.12323264042394833,False
inner_2020,789,validation,matched,135,132,2020-07-20,2019-07-24,inner_train,True,,True,0.03226086221822122,False
inner_2020,789,validation,matched,136,7,2020-07-21,2019-01-17,inner_train,True,,True,0.019802627296179764,False
inner_2020,789,validation,matched,137,189,2020-07-22,2019-10-16,inner_train,True,,True,0.12289813632315383,False
inner_2020,789,validation,matched,138,30,2020-07-23,2019-02-20,inner_train,True,,True,0.08271936880052477,False
inner_2020,789,validation,matched,139,8,2020-07-24,2019-01-18,inner_train,True,,True,0.08653049215227915,False
inner_2020,789,validation,matched,140,195,2020-07-29,2019-10-25,inner_train,True,,True,0.1732098764426988,False
inner_2020,789,validation,matched,141,229,2020-07-30,2019-12-16,inner_train,True,,True,0.33647223662121295,False
inner_2020,789,validation,matched,142,229,2020-07-31,2019-12-16,inner_train,True,,True,0.2952292780871639,False
inner_2020,789,validation,matched,143,228,2020-08-03,2019-12-13,inner_train,True,,True,0.17419143071070486,False
inner_2020,789,validation,matched,144,197,2020-08-04,2019-10-29,inner_train,True,,True,0.030771658666753687,False
inner_2020,789,validation,matched,145,196,2020-08-05,2019-10-28,inner_train,True,,True,0.07864312731911349,False
inner_2020,789,validation,matched,146,96,2020-08-06,2019-05-31,inner_train,True,,True,0.1359833758718092,False
inner_2020,789,validation,matched,147,142,2020-08-07,2019-08-08,inner_train,True,,True,0.11794763116329765,False
inner_2020,789,validation,matched,148,135,2020-08-10,2019-07-30,inner_train,True,,True,0.08404731405627963,False
inner_2020,789,validation,matched,149,217,2020-08-11,2019-11-26,inner_train,True,,True,0.08961215868968697,False
inner_2020,789,validation,matched,150,36,2020-08-13,2019-02-28,inner_train,True,,True,0.17105884141550698,False
inner_2020,789,validation,matched,151,48,2020-08-14,2019-03-18,inner_train,True,,True,0.24419696051204243,False
inner_2020,789,validation,matched,152,215,2020-08-17,2019-11-22,inner_train,True,,True,0.26381459104513727,False
inner_2020,789,validation,matched,153,215,2020-08-18,2019-11-22,inner_train,True,,True,0.36197999616842536,False
inner_2020,789,validation,matched,154,207,2020-08-19,2019-11-12,inner_train,True,,True,0.34217025773585075,False
inner_2020,789,validation,matched,155,151,2020-08-20,2019-08-22,inner_train,True,,True,0.19459164938576956,False
inner_2020,789,validation,matched,156,145,2020-08-21,2019-08-14,inner_train,True,,True,0.23684239567237153,False
inner_2020,789,validation,matched,157,40,2020-08-24,2019-03-06,inner_train,True,,True,0.11155248590574729,False
inner_2020,789,validation,matched,158,140,2020-08-25,2019-08-06,inner_train,True,,True,0.08042156731057393,False
inner_2020,789,validation,matched,159,47,2020-08-26,2019-03-15,inner_train,True,,True,0.13517477836825265,False
inner_2020,789,validation,matched,160,53,2020-08-27,2019-03-25,inner_train,True,,True,0.07954308238210395,False
inner_2020,789,validation,matched,161,170,2020-08-28,2019-09-18,inner_train,True,,True,0.1690763300439344,False
inner_2020,789,validation,matched,162,186,2020-08-31,2019-10-10,inner_train,True,,True,0.04082199452025481,False
inner_2020,789,validation,matched,163,44,2020-09-01,2019-03-12,inner_train,True,,True,0.050189744523855495,False
inner_2020,789,validation,matched,164,151,2020-09-02,2019-08-22,inner_train,True,,True,0.08961215868968697,False
inner_2020,789,validation,matched,165,92,2020-09-03,2019-05-27,inner_train,True,,True,0.088961328858709,False
inner_2020,789,validation,matched,166,92,2020-09-08,2019-05-27,inner_train,True,,True,0.13353139262452185,False
inner_2020,789,validation,matched,167,93,2020-09-09,2019-05-28,inner_train,True,,True,0.0,False
inner_2020,789,validation,matched,168,228,2020-09-10,2019-12-13,inner_train,True,,True,0.04652001563489261,False
inner_2020,789,validation,matched,169,95,2020-09-11,2019-05-30,inner_train,True,,True,0.020202707317519497,False
inner_2020,789,validation,matched,170,94,2020-09-14,2019-05-29,inner_train,True,,True,0.08802198849555332,False
inner_2020,789,validation,matched,171,225,2020-09-15,2019-12-09,inner_train,True,,True,0.12062798778861472,False
inner_2020,789,validation,matched,172,198,2020-09-16,2019-10-30,inner_train,True,,True,0.11344463405778482,False
inner_2020,789,validation,matched,173,224,2020-09-17,2019-12-06,inner_train,True,,True,0.10251556352559499,False
inner_2020,789,validation,matched,174,198,2020-09-18,2019-10-30,inner_train,True,,True,0.09134977858822824,False
inner_2020,789,validation,matched,175,183,2020-09-21,2019-10-07,inner_train,True,,True,0.022989518224698635,False
inner_2020,789,validation,matched,176,92,2020-09-22,2019-05-27,inner_train,True,,True,0.07145896398214546,False
inner_2020,789,validation,matched,177,92,2020-09-23,2019-05-27,inner_train,True,,True,0.1292117314800061,False
inner_2020,789,validation,matched,178,231,2020-09-24,2019-12-18,inner_train,True,,True,0.05113896149118746,False
inner_2020,789,validation,matched,179,181,2020-09-25,2019-10-03,inner_train,True,,True,0.03278982282299081,False
inner_2020,789,validation,matched,180,44,2020-09-28,2019-03-12,inner_train,True,,True,0.05116678417168208,False
inner_2020,789,validation,matched,181,183,2020-09-29,2019-10-07,inner_train,True,,True,0.07410797215372167,False
inner_2020,789,validation,matched,182,142,2020-09-30,2019-08-08,inner_train,True,,True,0.02197890671877545,False
inner_2020,789,validation,matched,183,141,2020-10-01,2019-08-07,inner_train,True,,True,0.0,False
inner_2020,789,validation,matched,184,184,2020-10-02,2019-10-08,inner_train,True,,True,0.06371581438610763,False
inner_2020,789,validation,matched,185,153,2020-10-05,2019-08-26,inner_train,True,,True,0.21357410029805912,False
inner_2020,789,validation,matched,186,154,2020-10-06,2019-08-27,inner_train,True,,True,0.6931471805599454,False
inner_2020,789,validation,matched,187,197,2020-10-07,2019-10-29,inner_train,True,,True,1.3548537666084655,False
inner_2020,789,validation,matched,188,154,2020-10-08,2019-08-27,inner_train,True,,True,1.0252810155825598,False
inner_2020,789,validation,matched,189,197,2020-10-09,2019-10-29,inner_train,True,,True,1.4348964742820018,False
inner_2020,789,validation,matched,190,168,2020-10-12,2019-09-16,inner_train,True,,True,0.21834737905071666,False
inner_2020,789,validation,matched,191,221,2020-10-14,2019-12-02,inner_train,True,,True,0.07469089260158945,False
inner_2020,789,validation,matched,192,230,2020-10-15,2019-12-17,inner_train,True,,True,0.04879016416943216,False
inner_2020,789,validation,matched,193,230,2020-10-16,2019-12-17,inner_train,True,,True,0.04082199452025481,False
inner_2020,789,validation,matched,194,224,2020-10-19,2019-12-06,inner_train,True,,True,0.08004270767353638,False
inner_2020,789,validation,matched,195,196,2020-10-20,2019-10-28,inner_train,True,,True,0.10763066419236544,False
inner_2020,789,validation,matched,196,225,2020-10-21,2019-12-09,inner_train,True,,True,0.1526653472110664,False
inner_2020,789,validation,matched,197,196,2020-10-22,2019-10-28,inner_train,True,,True,0.15783053678565917,False
inner_2020,789,validation,matched,198,185,2020-10-26,2019-10-09,inner_train,True,,True,0.0281708769666964,False
inner_2020,789,validation,matched,199,142,2020-10-27,2019-08-08,inner_train,True,,True,0.09531017980432477,False
inner_2020,789,validation,matched,200,38,2020-10-28,2019-03-04,inner_train,True,,True,0.02597548640326064,False
inner_2020,789,validation,matched,201,91,2020-10-29,2019-05-24,inner_train,True,,True,0.12924414061290257,False
inner_2020,789,validation,matched,202,42,2020-10-30,2019-03-08,inner_train,True,,True,0.1009302312491247,False
inner_2020,789,validation,matched,203,152,2020-11-02,2019-08-23,inner_train,True,,True,0.020202707317519497,False
inner_2020,789,validation,matched,204,93,2020-11-03,2019-05-28,inner_train,True,,True,0.0548939471074501,False
inner_2020,789,validation,matched,205,230,2020-11-04,2019-12-17,inner_train,True,,True,0.11155248590574729,False
inner_2020,789,validation,matched,206,158,2020-11-05,2019-09-02,inner_train,True,,True,0.08604472635853488,False
inner_2020,789,validation,matched,207,125,2020-11-06,2019-07-12,inner_train,True,,True,0.05787384939183804,False
inner_2020,789,validation,matched,208,32,2020-11-09,2019-02-22,inner_train,True,,True,0.05540775689664468,False
inner_2020,789,validation,matched,209,34,2020-11-10,2019-02-26,inner_train,True,,True,0.0,False
inner_2020,789,validation,matched,210,35,2020-11-11,2019-02-27,inner_train,True,,True,0.15942773692810208,False
inner_2020,789,validation,matched,211,15,2020-11-12,2019-01-29,inner_train,True,,True,0.2892706351369192,False
inner_2020,789,validation,matched,212,206,2020-11-13,2019-11-11,inner_train,True,,True,0.5190340625177177,False
inner_2020,789,validation,matched,213,76,2020-11-16,2019-04-30,inner_train,True,,True,0.8198988861990899,False
inner_2020,789,validation,matched,214,78,2020-11-17,2019-05-03,inner_train,True,,True,0.6634583590320231,False
inner_2020,789,validation,matched,215,76,2020-11-18,2019-04-30,inner_train,True,,True,0.611260021087761,False
inner_2020,789,validation,matched,216,78,2020-11-19,2019-05-03,inner_train,True,,True,0.4197773022558531,False
inner_2020,789,validation,matched,217,206,2020-11-20,2019-11-11,inner_train,True,,True,0.11506932978478712,False
inner_2020,789,validation,matched,218,122,2020-11-23,2019-07-09,inner_train,True,,True,0.2076393647782444,False
inner_2020,789,validation,matched,219,12,2020-11-24,2019-01-24,inner_train,True,,True,0.2104924337606513,False
inner_2020,789,validation,matched,220,99,2020-11-25,2019-06-06,inner_train,True,,True,0.13731211546442879,False
inner_2020,789,validation,matched,221,99,2020-11-26,2019-06-06,inner_train,True,,True,0.07788869499362772,False
inner_2020,789,validation,matched,222,18,2020-11-27,2019-02-01,inner_train,True,,True,0.15942773692810208,False
inner_2020,789,validation,matched,223,76,2020-11-30,2019-04-30,inner_train,True,,True,0.18853919340482506,False
inner_2020,789,validation,matched,224,76,2020-12-01,2019-04-30,inner_train,True,,True,0.09322901360050029,False
inner_2020,789,validation,matched,225,205,2020-12-02,2019-11-08,inner_train,True,,True,0.0,False
inner_2020,789,validation,matched,226,18,2020-12-03,2019-02-01,inner_train,True,,True,0.047871468652359805,False
inner_2020,789,validation,matched,227,204,2020-12-04,2019-11-07,inner_train,True,,True,0.04365949505989475,False
inner_2020,789,validation,matched,228,21,2020-12-08,2019-02-06,inner_train,True,,True,0.03333642026759165,False
inner_2020,789,validation,matched,229,22,2020-12-09,2019-02-07,inner_train,True,,True,0.06557104575176043,False
inner_2020,789,validation,matched,230,18,2020-12-14,2019-02-01,inner_train,True,,True,0.08686112531779733,False
inner_2020,789,validation,matched,231,99,2020-12-15,2019-06-06,inner_train,True,,True,0.04981985363744812,False
inner_2020,789,validation,matched,232,23,2020-12-16,2019-02-08,inner_train,True,,True,0.04546237407675724,False
inner_2020,789,validation,matched,233,13,2020-12-17,2019-01-25,inner_train,True,,True,0.08358671610826551,False
inner_2020,789,validation,matched,234,204,2020-12-18,2019-11-07,inner_train,True,,True,0.1161571392077474,False
inner_2020,789,validation,matched,235,78,2020-12-21,2019-05-03,inner_train,True,,True,0.13461422976335458,False
inner_2020,789,validation,matched,236,200,2020-12-22,2019-11-01,inner_train,True,,True,0.12361395596717673,False
inner_2020,789,validation,matched,237,207,2020-12-23,2019-11-12,inner_train,True,,True,0.11558474943368635,False
inner_2020,789,validation,matched,238,207,2020-12-24,2019-11-12,inner_train,True,,True,0.08701137698963013,False
inner_2020,789,validation,matched,239,36,2020-12-25,2019-02-28,inner_train,True,,True,0.10044127420155391,False
inner_2020,789,validation,matched,240,45,2020-12-28,2019-03-13,inner_train,True,,True,0.12961749330338623,False
inner_2020,789,validation,matched,241,36,2020-12-29,2019-02-28,inner_train,True,,True,0.04336722911512947,False
inner_2020,789,validation,matched,242,80,2020-12-30,2019-05-08,inner_train,True,,True,0.08223809823697215,False
inner_2020,789,validation,random,0,129,2020-01-02,2019-07-19,inner_train,True,,True,0.12405264866997845,False
inner_2020,789,validation,random,1,21,2020-01-03,2019-02-06,inner_train,True,,False,0.30421137440299173,False
inner_2020,789,validation,random,2,24,2020-01-06,2019-02-11,inner_train,True,,False,0.35097692282409465,False
inner_2020,789,validation,random,3,51,2020-01-07,2019-03-21,inner_train,True,,True,0.2938057903023097,False
inner_2020,789,validation,random,4,202,2020-01-08,2019-11-05,inner_train,True,,True,1.0469109142912196,False
inner_2020,789,validation,random,5,151,2020-01-09,2019-08-22,inner_train,True,,False,0.869770716239262,False
inner_2020,789,validation,random,6,168,2020-01-10,2019-09-16,inner_train,True,,True,0.2479755270153916,False
inner_2020,789,validation,random,7,40,2020-01-13,2019-03-06,inner_train,True,,False,0.6787584431078457,False
inner_2020,789,validation,random,8,96,2020-01-14,2019-05-31,inner_train,True,,False,0.389230985346281,False
inner_2020,789,validation,random,9,0,2020-01-15,2019-01-08,inner_train,True,,True,2.02310675891248,False
inner_2020,789,validation,random,10,10,2020-01-16,2019-01-22,inner_train,True,,True,0.3321338350226144,False
inner_2020,789,validation,random,11,146,2020-01-17,2019-08-15,inner_train,True,,False,1.7497836414783534,False
inner_2020,789,validation,random,12,58,2020-01-20,2019-04-01,inner_train,True,,False,1.0298032576081857,False
inner_2020,789,validation,random,13,19,2020-01-21,2019-02-04,inner_train,True,,False,0.607718332781741,False
inner_2020,789,validation,random,14,115,2020-01-22,2019-06-28,inner_train,True,,False,0.6960668906632801,False
inner_2020,789,validation,random,15,106,2020-01-23,2019-06-17,inner_train,True,,False,0.06595796779179697,False
inner_2020,789,validation,random,16,101,2020-01-24,2019-06-10,inner_train,True,,False,0.3940364122845419,False
inner_2020,789,validation,random,17,185,2020-01-27,2019-10-09,inner_train,True,,True,0.5280674302004971,False
inner_2020,789,validation,random,18,100,2020-01-28,2019-06-07,inner_train,True,,False,0.30497356956184163,False
inner_2020,789,validation,random,19,19,2020-01-29,2019-02-04,inner_train,True,,False,0.3384095959614388,False
inner_2020,789,validation,random,20,146,2020-01-30,2019-08-15,inner_train,True,,True,1.3879935968728505,False
inner_2020,789,validation,random,21,142,2020-01-31,2019-08-08,inner_train,True,,True,0.3536400402435782,False
inner_2020,789,validation,random,22,192,2020-02-03,2019-10-21,inner_train,True,,False,0.11926342082681796,False
inner_2020,789,validation,random,23,186,2020-02-04,2019-10-10,inner_train,True,,True,0.5902527573973124,False
inner_2020,789,validation,random,24,180,2020-02-05,2019-10-02,inner_train,True,,True,0.37337679355666387,False
inner_2020,789,validation,random,25,177,2020-02-06,2019-09-27,inner_train,True,,False,0.34446791796105014,False
inner_2020,789,validation,random,26,104,2020-02-07,2019-06-13,inner_train,True,,False,0.8242185473436052,False
inner_2020,789,validation,random,27,153,2020-02-11,2019-08-26,inner_train,True,,True,0.9441116013994568,False
inner_2020,789,validation,random,28,151,2020-02-12,2019-08-22,inner_train,True,,True,0.3992731378602432,False
inner_2020,789,validation,random,29,103,2020-02-13,2019-06-12,inner_train,True,,False,0.7111656860626243,False
inner_2020,789,validation,random,30,16,2020-02-14,2019-01-30,inner_train,True,,False,0.19237189264745558,False
inner_2020,789,validation,random,31,203,2020-02-17,2019-11-06,inner_train,True,,False,0.35227546477924765,False
inner_2020,789,validation,random,32,229,2020-02-18,2019-12-16,inner_train,True,,True,1.1080728307766212,False
inner_2020,789,validation,random,33,118,2020-02-19,2019-07-03,inner_train,True,,False,0.5131426560998809,False
inner_2020,789,validation,random,34,67,2020-02-20,2019-04-17,inner_train,True,,False,0.8888467170472154,False
inner_2020,789,validation,random,35,125,2020-02-21,2019-07-12,inner_train,True,,False,0.8683920253513939,False
inner_2020,789,validation,random,36,218,2020-02-24,2019-11-27,inner_train,True,,False,0.8843923666978353,False
inner_2020,789,validation,random,37,207,2020-02-25,2019-11-12,inner_train,True,,False,0.9583563971596676,False
inner_2020,789,validation,random,38,149,2020-02-26,2019-08-20,inner_train,True,,True,0.8363765742480838,False
inner_2020,789,validation,random,39,157,2020-02-27,2019-08-30,inner_train,True,,False,1.6258740682790371,False
inner_2020,789,validation,random,40,155,2020-02-28,2019-08-28,inner_train,True,,True,0.3527483259357602,False
inner_2020,789,validation,random,41,46,2020-03-02,2019-03-14,inner_train,True,,False,0.9173922514898791,False
inner_2020,789,validation,random,42,4,2020-03-03,2019-01-14,inner_train,True,,False,0.8939618177139859,False
inner_2020,789,validation,random,43,69,2020-03-04,2019-04-19,inner_train,True,,False,1.2157495026522778,False
inner_2020,789,validation,random,44,38,2020-03-05,2019-03-04,inner_train,True,,True,1.9726124975983308,False
inner_2020,789,validation,random,45,141,2020-03-06,2019-08-07,inner_train,True,,True,0.7070362927206122,False
inner_2020,789,validation,random,46,125,2020-03-09,2019-07-12,inner_train,True,,False,0.36290549368936853,False
inner_2020,789,validation,random,47,101,2020-03-10,2019-06-10,inner_train,True,,False,0.4180835720673759,False
inner_2020,789,validation,random,48,87,2020-03-11,2019-05-17,inner_train,True,,True,2.5185232605869854,False
inner_2020,789,validation,random,49,111,2020-03-12,2019-06-24,inner_train,True,,False,0.4152305030849699,False
inner_2020,789,validation,random,50,83,2020-03-13,2019-05-13,inner_train,True,,True,1.21510221543778,False
inner_2020,789,validation,random,51,214,2020-03-16,2019-11-21,inner_train,True,,False,0.8393296907380265,False
inner_2020,789,validation,random,52,233,2020-03-17,2019-12-20,inner_train,True,,False,0.2750344931618902,False
inner_2020,789,validation,random,53,201,2020-03-18,2019-11-04,inner_train,True,,False,0.8605113908264652,False
inner_2020,789,validation,random,54,107,2020-03-19,2019-06-18,inner_train,True,,False,0.28501895503229724,False
inner_2020,789,validation,random,55,95,2020-03-20,2019-05-30,inner_train,True,,True,0.26747936513426174,False
inner_2020,789,validation,random,56,29,2020-03-23,2019-02-18,inner_train,True,,False,0.44454645815063554,False
inner_2020,789,validation,random,57,152,2020-03-24,2019-08-23,inner_train,True,,True,1.1057343647425228,False
inner_2020,789,validation,random,58,63,2020-03-25,2019-04-09,inner_train,True,,False,0.8909729238898652,False
inner_2020,789,validation,random,59,183,2020-03-26,2019-10-07,inner_train,True,,True,2.2953326743117857,False
inner_2020,789,validation,random,60,169,2020-03-27,2019-09-17,inner_train,True,,False,1.7121863889661686,False
inner_2020,789,validation,random,61,54,2020-03-30,2019-03-26,inner_train,True,,False,1.6729656758128875,False
inner_2020,789,validation,random,62,228,2020-03-31,2019-12-13,inner_train,True,,True,1.0596992464924053,False
inner_2020,789,validation,random,63,141,2020-04-01,2019-08-07,inner_train,True,,True,0.9884765579960568,False
inner_2020,789,validation,random,64,29,2020-04-02,2019-02-18,inner_train,True,,False,0.22230286189941673,False
inner_2020,789,validation,random,65,127,2020-04-03,2019-07-17,inner_train,True,,False,0.49604791746539156,False
inner_2020,789,validation,random,66,49,2020-04-07,2019-03-19,inner_train,True,,True,0.26793229788149286,False
inner_2020,789,validation,random,67,13,2020-04-08,2019-01-25,inner_train,True,,False,0.17378179524582027,False
inner_2020,789,validation,random,68,143,2020-04-09,2019-08-09,inner_train,True,,False,0.23724815749575168,False
inner_2020,789,validation,random,69,75,2020-04-10,2019-04-29,inner_train,True,,False,0.17185025692665956,False
inner_2020,789,validation,random,70,64,2020-04-13,2019-04-10,inner_train,True,,True,0.7747271675523684,False
inner_2020,789,validation,random,71,36,2020-04-14,2019-02-28,inner_train,True,,False,0.667829372575655,False
inner_2020,789,validation,random,72,59,2020-04-15,2019-04-02,inner_train,True,,True,0.3751179517188725,False
inner_2020,789,validation,random,73,234,2020-04-16,2019-12-23,inner_train,True,,True,0.281027325599418,False
inner_2020,789,validation,random,74,118,2020-04-17,2019-07-03,inner_train,True,,False,0.20048886074940375,False
inner_2020,789,validation,random,75,225,2020-04-20,2019-12-09,inner_train,True,,False,0.11666758657251819,False
inner_2020,789,validation,random,76,174,2020-04-21,2019-09-24,inner_train,True,,False,0.5429190089279259,False
inner_2020,789,validation,random,77,8,2020-04-22,2019-01-18,inner_train,True,,False,0.06453852113757153,False
inner_2020,789,validation,random,78,103,2020-04-23,2019-06-12,inner_train,True,,True,0.6155963456788269,False
inner_2020,789,validation,random,79,34,2020-04-24,2019-02-26,inner_train,True,,True,1.137598943130779,False
inner_2020,789,validation,random,80,126,2020-04-27,2019-07-15,inner_train,True,,True,0.8248831939652659,False
inner_2020,789,validation,random,81,120,2020-04-28,2019-07-05,inner_train,True,,True,0.4870113769896296,False
inner_2020,789,validation,random,82,22,2020-04-29,2019-02-07,inner_train,True,,True,1.1779860604969747,False
inner_2020,789,validation,random,83,183,2020-04-30,2019-10-07,inner_train,True,,False,0.2858915616779929,False
inner_2020,789,validation,random,84,181,2020-05-05,2019-10-03,inner_train,True,,False,0.19247392825797283,False
inner_2020,789,validation,random,85,211,2020-05-07,2019-11-18,inner_train,True,,True,1.7035384634469248,False
inner_2020,789,validation,random,86,47,2020-05-08,2019-03-15,inner_train,True,,True,0.20297788171961528,False
inner_2020,789,validation,random,87,132,2020-05-11,2019-07-24,inner_train,True,,True,0.11450971031141366,False
inner_2020,789,validation,random,88,228,2020-05-12,2019-12-13,inner_train,True,,False,0.8540775473725826,False
inner_2020,789,validation,random,89,56,2020-05-13,2019-03-28,inner_train,True,,True,0.21130909366720685,False
inner_2020,789,validation,random,90,91,2020-05-14,2019-05-24,inner_train,True,,False,0.5241814149475457,False
inner_2020,789,validation,random,91,91,2020-05-15,2019-05-24,inner_train,True,,False,0.6812595752421262,False
inner_2020,789,validation,random,92,91,2020-05-18,2019-05-24,inner_train,True,,False,0.8043728156701695,False
inner_2020,789,validation,random,93,107,2020-05-19,2019-06-18,inner_train,True,,False,1.4634482848875363,False
inner_2020,789,validation,random,94,228,2020-05-20,2019-12-13,inner_train,True,,False,1.4803669170038654,False
inner_2020,789,validation,random,95,231,2020-05-21,2019-12-18,inner_train,True,,False,0.7084614155329878,False
inner_2020,789,validation,random,96,229,2020-05-22,2019-12-16,inner_train,True,,False,1.3950280410886458,False
inner_2020,789,validation,random,97,151,2020-05-25,2019-08-22,inner_train,True,,False,0.18759861389479848,False
inner_2020,789,validation,random,98,222,2020-05-26,2019-12-03,inner_train,True,,False,0.6694929896620554,False
inner_2020,789,validation,random,99,207,2020-05-27,2019-11-12,inner_train,True,,False,0.43428554664365615,False
inner_2020,789,validation,random,100,199,2020-05-28,2019-10-31,inner_train,True,,False,0.2311430694171266,False
inner_2020,789,validation,random,101,77,2020-05-29,2019-05-02,inner_train,True,,True,0.7368222440626067,False
inner_2020,789,validation,random,102,170,2020-06-01,2019-09-18,inner_train,True,,False,0.9336824745860244,False
inner_2020,789,validation,random,103,182,2020-06-02,2019-10-04,inner_train,True,,False,0.07145896398214502,False
inner_2020,789,validation,random,104,121,2020-06-04,2019-07-08,inner_train,True,,True,0.11492996667397692,False
inner_2020,789,validation,random,105,21,2020-06-05,2019-02-06,inner_train,True,,True,0.754796917791626,False
inner_2020,789,validation,random,106,75,2020-06-08,2019-04-29,inner_train,True,,False,0.4389130421757046,False
inner_2020,789,validation,random,107,134,2020-06-09,2019-07-26,inner_train,True,,False,1.1472299051708208,False
inner_2020,789,validation,random,108,156,2020-06-10,2019-08-29,inner_train,True,,False,0.6929131218693332,False
inner_2020,789,validation,random,109,81,2020-06-11,2019-05-09,inner_train,True,,False,0.5173830243121498,False
inner_2020,789,validation,random,110,21,2020-06-12,2019-02-06,inner_train,True,,True,0.47483689143375507,False
inner_2020,789,validation,random,111,143,2020-06-15,2019-08-09,inner_train,True,,False,0.08701137698962969,False
inner_2020,789,validation,random,112,214,2020-06-16,2019-11-21,inner_train,True,,False,0.8281688606004978,False
inner_2020,789,validation,random,113,59,2020-06-17,2019-04-02,inner_train,True,,True,0.38536044481248943,False
inner_2020,789,validation,random,114,195,2020-06-18,2019-10-25,inner_train,True,,False,0.6837042397596633,False
inner_2020,789,validation,random,115,131,2020-06-19,2019-07-23,inner_train,True,,True,0.11300975690372539,False
inner_2020,789,validation,random,116,201,2020-06-22,2019-11-04,inner_train,True,,True,0.9178423225655736,False
inner_2020,789,validation,random,117,171,2020-06-23,2019-09-19,inner_train,True,,True,1.8903785524181123,False
inner_2020,789,validation,random,118,84,2020-06-24,2019-05-14,inner_train,True,,False,1.477266139325618,False
inner_2020,789,validation,random,119,13,2020-06-25,2019-01-25,inner_train,True,,False,0.2418816206815504,False
inner_2020,789,validation,random,120,163,2020-06-26,2019-09-09,inner_train,True,,False,0.6007738604289301,False
inner_2020,789,validation,random,121,30,2020-06-29,2019-02-20,inner_train,True,,True,0.27413402441447454,False
inner_2020,789,validation,random,122,100,2020-06-30,2019-06-07,inner_train,True,,False,0.1570618900347167,False
inner_2020,789,validation,random,123,89,2020-07-01,2019-05-22,inner_train,True,,False,2.0940403411009894,False
inner_2020,789,validation,random,124,218,2020-07-02,2019-11-27,inner_train,True,,False,0.30666452336407124,False
inner_2020,789,validation,random,125,218,2020-07-03,2019-11-27,inner_train,True,,False,0.28768207245178123,False
inner_2020,789,validation,random,126,56,2020-07-07,2019-03-28,inner_train,True,,True,1.0414538748281608,False
inner_2020,789,validation,random,127,117,2020-07-08,2019-07-02,inner_train,True,,False,0.14310084364067333,False
inner_2020,789,validation,random,128,96,2020-07-09,2019-05-31,inner_train,True,,False,0.21068350715947215,False
inner_2020,789,validation,random,129,9,2020-07-10,2019-01-21,inner_train,True,,True,0.08338160893905089,False
inner_2020,789,validation,random,130,180,2020-07-13,2019-10-02,inner_train,True,,False,0.6883278941239963,False
inner_2020,789,validation,random,131,55,2020-07-14,2019-03-27,inner_train,True,,True,0.2628604192779669,False
inner_2020,789,validation,random,132,132,2020-07-15,2019-07-24,inner_train,True,,True,0.19240111489727907,False
inner_2020,789,validation,random,133,1,2020-07-16,2019-01-09,inner_train,True,,True,1.5187779582627043,False
inner_2020,789,validation,random,134,153,2020-07-17,2019-08-26,inner_train,True,,False,1.2134910370780028,False
inner_2020,789,validation,random,135,103,2020-07-20,2019-06-12,inner_train,True,,False,1.177255415987223,False
inner_2020,789,validation,random,136,14,2020-07-21,2019-01-28,inner_train,True,,False,0.3760718094115316,False
inner_2020,789,validation,random,137,199,2020-07-22,2019-10-31,inner_train,True,,True,0.3919308592569166,False
inner_2020,789,validation,random,138,100,2020-07-23,2019-06-07,inner_train,True,,False,0.0,False
inner_2020,789,validation,random,139,84,2020-07-24,2019-05-14,inner_train,True,,False,1.832087514615027,False
inner_2020,789,validation,random,140,211,2020-07-29,2019-11-18,inner_train,True,,True,2.3285796905381466,False
inner_2020,789,validation,random,141,235,2020-07-30,2019-12-24,inner_train,True,,False,1.3840989705564546,False
inner_2020,789,validation,random,142,215,2020-07-31,2019-11-22,inner_train,True,,False,1.5869650565820415,False
inner_2020,789,validation,random,143,73,2020-08-03,2019-04-25,inner_train,True,,False,0.6203878262775175,False
inner_2020,789,validation,random,144,28,2020-08-04,2019-02-15,inner_train,True,,False,0.7624589804501745,False
inner_2020,789,validation,random,145,112,2020-08-05,2019-06-25,inner_train,True,,False,0.7686547330680904,False
inner_2020,789,validation,random,146,221,2020-08-06,2019-12-02,inner_train,True,,True,0.5978370007556202,False
inner_2020,789,validation,random,147,201,2020-08-07,2019-11-04,inner_train,True,,False,0.7528807266340998,False
inner_2020,789,validation,random,148,196,2020-08-10,2019-10-28,inner_train,True,,True,1.0334001400210644,False
inner_2020,789,validation,random,149,100,2020-08-11,2019-06-07,inner_train,True,,False,0.41318715420207486,False
inner_2020,789,validation,random,150,210,2020-08-13,2019-11-15,inner_train,True,,True,1.1463847374023168,False
inner_2020,789,validation,random,151,112,2020-08-14,2019-06-25,inner_train,True,,False,0.5138605274611452,False
inner_2020,789,validation,random,152,112,2020-08-17,2019-06-25,inner_train,True,,False,0.5334781579942405,False
inner_2020,789,validation,random,153,130,2020-08-18,2019-07-22,inner_train,True,,True,0.5478793743102646,False
inner_2020,789,validation,random,154,177,2020-08-19,2019-09-27,inner_train,True,,True,0.5426662296216489,False
inner_2020,789,validation,random,155,231,2020-08-20,2019-12-18,inner_train,True,,True,0.3487423292130276,False
inner_2020,789,validation,random,156,141,2020-08-21,2019-08-07,inner_train,True,,True,0.7419373447293771,False
inner_2020,789,validation,random,157,209,2020-08-24,2019-11-14,inner_train,True,,False,1.3310836291475363,False
inner_2020,789,validation,random,158,133,2020-08-25,2019-07-25,inner_train,True,,False,0.5537770109615896,False
inner_2020,789,validation,random,159,147,2020-08-26,2019-08-16,inner_train,True,,False,1.6897536825040906,False
inner_2020,789,validation,random,160,42,2020-08-27,2019-03-08,inner_train,True,,False,1.1846311097449878,False
inner_2020,789,validation,random,161,159,2020-08-28,2019-09-03,inner_train,True,,True,0.8326133087042829,False
inner_2020,789,validation,random,162,39,2020-08-31,2019-03-05,inner_train,True,,True,0.7339691750802002,False
inner_2020,789,validation,random,163,39,2020-09-01,2019-03-05,inner_train,True,,True,0.12623209014291126,False
inner_2020,789,validation,random,164,189,2020-09-02,2019-10-16,inner_train,True,,False,0.30480311323189246,False
inner_2020,789,validation,random,165,96,2020-09-03,2019-05-31,inner_train,True,,True,0.26324515548273686,False
inner_2020,789,validation,random,166,162,2020-09-08,2019-09-06,inner_train,True,,False,0.04884313167388088,False
inner_2020,789,validation,random,167,31,2020-09-09,2019-02-21,inner_train,True,,False,0.18272731861733504,False
inner_2020,789,validation,random,168,38,2020-09-10,2019-03-04,inner_train,True,,True,0.8238336210522368,False
inner_2020,789,validation,random,169,21,2020-09-11,2019-02-06,inner_train,True,,False,0.5063355584931264,False
inner_2020,789,validation,random,170,125,2020-09-14,2019-07-12,inner_train,True,,False,0.22778393087071214,False
inner_2020,789,validation,random,171,225,2020-09-15,2019-12-09,inner_train,True,,True,0.12062798778861472,False
inner_2020,789,validation,random,172,111,2020-09-16,2019-06-24,inner_train,True,,False,0.4769240720903096,False
inner_2020,789,validation,random,173,223,2020-09-17,2019-12-04,inner_train,True,,True,0.18742546871213017,False
inner_2020,789,validation,random,174,114,2020-09-18,2019-06-27,inner_train,True,,False,0.43556313926544377,False
inner_2020,789,validation,random,175,67,2020-09-21,2019-04-17,inner_train,True,,False,0.32327301755448357,False
inner_2020,789,validation,random,176,155,2020-09-22,2019-08-28,inner_train,True,,True,1.061894637055841,False
inner_2020,789,validation,random,177,229,2020-09-23,2019-12-16,inner_train,True,,True,0.8397506547518212,False
inner_2020,789,validation,random,178,51,2020-09-24,2019-03-21,inner_train,True,,False,0.4981979668981893,False
inner_2020,789,validation,random,179,19,2020-09-25,2019-02-04,inner_train,True,,False,0.057158413839948796,False
inner_2020,789,validation,random,180,89,2020-09-28,2019-05-22,inner_train,True,,True,1.4540457675187777,False
inner_2020,789,validation,random,181,93,2020-09-29,2019-05-28,inner_train,True,,True,0.17062551703076334,False
inner_2020,789,validation,random,182,45,2020-09-30,2019-03-13,inner_train,True,,False,0.12771742275910247,False
inner_2020,789,validation,random,183,38,2020-10-01,2019-03-04,inner_train,True,,True,0.5963704085935104,False
inner_2020,789,validation,random,184,56,2020-10-02,2019-03-28,inner_train,True,,False,0.6533805094318659,False
inner_2020,789,validation,random,185,141,2020-10-05,2019-08-07,inner_train,True,,True,0.722773392263051,False
inner_2020,789,validation,random,186,132,2020-10-06,2019-07-24,inner_train,True,,False,1.9060078993063323,False
inner_2020,789,validation,random,187,122,2020-10-07,2019-07-09,inner_train,True,,False,1.866337068793427,False
inner_2020,789,validation,random,188,145,2020-10-08,2019-08-14,inner_train,True,,True,2.635862370041633,False
inner_2020,789,validation,random,189,122,2020-10-09,2019-07-09,inner_train,True,,False,1.9463797764669635,False
inner_2020,789,validation,random,190,136,2020-10-12,2019-07-31,inner_train,True,,False,0.8749369638768645,False
inner_2020,789,validation,random,191,92,2020-10-14,2019-05-27,inner_train,True,,True,0.7646061445420909,False
inner_2020,789,validation,random,192,16,2020-10-15,2019-01-30,inner_train,True,,False,0.6286086594223739,False
inner_2020,789,validation,random,193,41,2020-10-16,2019-03-07,inner_train,True,,True,0.27095762951058644,False
inner_2020,789,validation,random,194,167,2020-10-19,2019-09-13,inner_train,True,,False,0.16362942378180234,False
inner_2020,789,validation,random,195,160,2020-10-20,2019-09-04,inner_train,True,,False,0.7026259245144892,False
inner_2020,789,validation,random,196,177,2020-10-21,2019-09-27,inner_train,True,,False,1.0543572796640688,False
inner_2020,789,validation,random,197,143,2020-10-22,2019-08-09,inner_train,True,,True,0.7248958788745252,False
inner_2020,789,validation,random,198,8,2020-10-26,2019-01-18,inner_train,True,,False,0.13353139262452274,False
inner_2020,789,validation,random,199,206,2020-10-27,2019-11-11,inner_train,True,,False,0.4708450260139272,False
inner_2020,789,validation,random,200,51,2020-10-28,2019-03-21,inner_train,True,,False,0.683447783471232,False
inner_2020,789,validation,random,201,191,2020-10-29,2019-10-18,inner_train,True,,False,0.6807837325406121,False
inner_2020,789,validation,random,202,228,2020-10-30,2019-12-13,inner_train,True,,True,0.7621400520468966,False
inner_2020,789,validation,random,203,25,2020-11-02,2019-02-12,inner_train,True,,False,0.2094133585023079,False
inner_2020,789,validation,random,204,41,2020-11-03,2019-03-07,inner_train,True,,True,0.2968910115370904,False
inner_2020,789,validation,random,205,191,2020-11-04,2019-10-18,inner_train,True,,False,0.02197890671877545,False
inner_2020,789,validation,random,206,164,2020-11-05,2019-09-10,inner_train,True,,False,0.354171813720614,False
inner_2020,789,validation,random,207,177,2020-11-06,2019-09-27,inner_train,True,,False,0.5183956826265361,False
inner_2020,789,validation,random,208,158,2020-11-09,2019-09-02,inner_train,True,,False,0.2533078192782878,False
inner_2020,789,validation,random,209,1,2020-11-10,2019-01-09,inner_train,True,,False,1.4028081597305015,False
inner_2020,789,validation,random,210,71,2020-11-11,2019-04-23,inner_train,True,,True,0.7621400520468966,False
inner_2020,789,validation,random,211,101,2020-11-12,2019-06-10,inner_train,True,,True,0.939223252179263,False
inner_2020,789,validation,random,212,224,2020-11-13,2019-12-06,inner_train,True,,False,1.228290111976643,False
inner_2020,789,validation,random,213,172,2020-11-16,2019-09-20,inner_train,True,,False,2.6961125784884286,False
inner_2020,789,validation,random,214,5,2020-11-17,2019-01-15,inner_train,True,,False,1.3242701589490316,False
inner_2020,789,validation,random,215,168,2020-11-18,2019-09-16,inner_train,True,,False,1.7525387560747734,False
inner_2020,789,validation,random,216,76,2020-11-19,2019-04-30,inner_train,True,,True,0.42947165545546584,False
inner_2020,789,validation,random,217,37,2020-11-20,2019-03-01,inner_train,True,,False,0.40191071282177493,False
inner_2020,789,validation,random,218,111,2020-11-23,2019-06-24,inner_train,True,,True,0.4422116119160773,False
inner_2020,789,validation,random,219,110,2020-11-24,2019-06-21,inner_train,True,,True,0.49140753790888914,False
inner_2020,789,validation,random,220,126,2020-11-25,2019-07-15,inner_train,True,,True,0.36043042508946277,False
inner_2020,789,validation,random,221,81,2020-11-26,2019-05-09,inner_train,True,,False,0.019418085857101808,False
inner_2020,789,validation,random,222,200,2020-11-27,2019-11-01,inner_train,True,,False,0.20067069546215066,False
inner_2020,789,validation,random,223,111,2020-11-30,2019-06-24,inner_train,True,,True,0.5839478885949525,False
inner_2020,789,validation,random,224,55,2020-12-01,2019-03-27,inner_train,True,,False,0.5172565140962808,False
inner_2020,789,validation,random,225,7,2020-12-02,2019-01-17,inner_train,True,,False,0.2815782895137633,False
inner_2020,789,validation,random,226,130,2020-12-03,2019-07-22,inner_train,True,,False,0.09237332013101529,False
inner_2020,789,validation,random,227,7,2020-12-04,2019-01-17,inner_train,True,,False,0.4115318607904017,False
inner_2020,789,validation,random,228,35,2020-12-08,2019-02-27,inner_train,True,,True,0.09164458991111779,False
inner_2020,789,validation,random,229,111,2020-12-09,2019-06-24,inner_train,True,,True,0.15906469462968742,False
inner_2020,789,validation,random,230,239,2020-12-14,2019-12-30,inner_train,True,,False,0.08783816496562391,False
inner_2020,789,validation,random,231,14,2020-12-15,2019-01-28,inner_train,True,,True,0.23841102344499765,False
inner_2020,789,validation,random,232,112,2020-12-16,2019-06-25,inner_train,True,,True,0.2461330695389088,False
inner_2020,789,validation,random,233,169,2020-12-17,2019-09-17,inner_train,True,,False,0.7576857016975169,False
inner_2020,789,validation,random,234,181,2020-12-18,2019-10-03,inner_train,True,,False,0.4477674877988531,False
inner_2020,789,validation,random,235,13,2020-12-21,2019-01-25,inner_train,True,,True,0.6893664577200389,False
inner_2020,789,validation,random,236,158,2020-12-22,2019-09-02,inner_train,True,,True,0.9652130400807795,False
inner_2020,789,validation,random,237,138,2020-12-23,2019-08-02,inner_train,True,,False,1.121530603628821,False
inner_2020,789,validation,random,238,60,2020-12-24,2019-04-03,inner_train,True,,False,0.43057102923923996,False
inner_2020,789,validation,random,239,118,2020-12-25,2019-07-03,inner_train,True,,False,0.9166906518954825,False
inner_2020,789,validation,random,240,171,2020-12-28,2019-09-19,inner_train,True,,True,2.2035939268750577,False
inner_2020,789,validation,random,241,2,2020-12-29,2019-01-10,inner_train,True,,True,0.9237050383133827,False
inner_2020,789,validation,random,242,86,2020-12-30,2019-05-16,inner_train,True,,False,1.9464470618198897,False
