Date,Close_D,Open_D,High_D,Low_D,Volume_D,Change_pct_D,Close_W,Open_W,High_W,Low_W,Volume_W,Change_pct_W,Close_M,Open_M,High_M,Low_M,Volume_M,Change_pct_M,Target_Next_Close
2012-02-01,759.16,756.55,760.08,753.02,1790000.0,0.23,752.18,739.92,753.48,735.99,3050000000.0,1.71,757.45,727.22,757.45,722.68,14580000000.0,5.44,763.4
2012-02-02,763.4,763.43,769.03,762.25,1210000.0,0.56,752.18,739.92,753.48,735.99,3050000000.0,1.71,757.45,727.22,757.45,722.68,14580000000.0,5.44,768.96
2012-02-03,768.96,765.41,769.42,761.94,1070000.0,0.73,752.18,739.92,753.48,735.99,3050000000.0,1.71,757.45,727.22,757.45,722.68,14580000000.0,5.44,765.82
2012-02-06,765.82,774.3,775.68,765.82,935420.0,-0.41,768.96,751.83,769.42,749.14,6160000000.0,2.23,757.45,727.22,757.45,722.68,14580000000.0,5.44,770.95
2012-02-07,770.95,767.68,772.13,764.11,982840.0,0.67,768.96,751.83,769.42,749.14,6160000000.0,2.23,757.45,727.22,757.45,722.68,14580000000.0,5.44,783.39
2012-02-08,783.39,776.32,787.15,776.21,1400000.0,1.61,768.96,751.83,769.42,749.14,6160000000.0,2.23,757.45,727.22,757.45,722.68,14580000000.0,5.44,784.72
2012-02-09,784.72,784.24,787.65,779.31,1260000.0,0.17,768.96,751.83,769.42,749.14,6160000000.0,2.23,757.45,727.22,757.45,722.68,14580000000.0,5.44,781.21
2012-02-10,781.21,783.17,787.1,779.57,815650.0,-0.45,768.96,751.83,769.42,749.14,6160000000.0,2.23,757.45,727.22,757.45,722.68,14580000000.0,5.44,784.08
2012-02-13,784.08,782.79,786.57,781.09,762890.0,0.37,781.21,774.3,787.65,764.11,5390000000.0,1.59,757.45,727.22,757.45,722.68,14580000000.0,5.44,776.12
2012-02-14,776.12,781.86,787.35,773.24,1240000.0,-1.02,781.21,774.3,787.65,764.11,5390000000.0,1.59,757.45,727.22,757.45,722.68,14580000000.0,5.44,791.85
2012-02-15,791.85,782.11,793.21,782.11,2050000.0,2.03,781.21,774.3,787.65,764.11,5390000000.0,1.59,757.45,727.22,757.45,722.68,14580000000.0,5.44,787.13
2012-02-16,787.13,790.17,792.38,784.75,1360000.0,-0.6,781.21,774.3,787.65,764.11,5390000000.0,1.59,757.45,727.22,757.45,722.68,14580000000.0,5.44,794.86
2012-02-17,794.86,796.21,797.02,789.13,1150000.0,0.98,781.21,774.3,787.65,764.11,5390000000.0,1.59,757.45,727.22,757.45,722.68,14580000000.0,5.44,800.22
2012-02-20,800.22,799.6,801.66,796.53,1400000.0,0.67,794.86,782.79,797.02,773.24,6560000000.0,1.75,757.45,727.22,757.45,722.68,14580000000.0,5.44,803.66
2012-02-21,803.66,802.46,806.04,799.97,1020000.0,0.43,794.86,782.79,797.02,773.24,6560000000.0,1.75,757.45,727.22,757.45,722.68,14580000000.0,5.44,801.59
2012-02-22,801.59,806.61,809.71,801.38,5850000000.0,-0.26,794.86,782.79,797.02,773.24,6560000000.0,1.75,757.45,727.22,757.45,722.68,14580000000.0,5.44,803.61
2012-02-23,803.61,802.97,805.36,795.03,976320000.0,0.25,794.86,782.79,797.02,773.24,6560000000.0,1.75,757.45,727.22,757.45,722.68,14580000000.0,5.44,808.27
2012-02-24,808.27,806.13,809.32,804.66,698350000.0,0.58,794.86,782.79,797.02,773.24,6560000000.0,1.75,757.45,727.22,757.45,722.68,14580000000.0,5.44,799.19
2012-02-27,799.19,809.13,810.04,797.64,701400000.0,-1.12,808.27,799.6,809.71,795.03,9950000000.0,1.69,757.45,727.22,757.45,722.68,14580000000.0,5.44,807.69
2012-02-28,807.69,801.04,807.69,798.49,612980000.0,1.06,808.27,799.6,809.71,795.03,9950000000.0,1.69,757.45,727.22,757.45,722.68,14580000000.0,5.44,818.78
2012-02-29,818.78,810.78,818.78,810.29,1090000000.0,1.37,808.27,799.6,809.71,795.03,9950000000.0,1.69,757.45,727.22,757.45,722.68,14580000000.0,5.44,821.96
2012-03-01,821.96,817.39,823.2,815.57,1400000000.0,0.39,808.27,799.6,809.71,795.03,9950000000.0,1.69,818.78,756.55,818.78,753.02,28380000000.0,8.1,821.18
2012-03-02,821.18,825.27,827.85,820.56,1140000000.0,-0.09,808.27,799.6,809.71,795.03,9950000000.0,1.69,818.78,756.55,818.78,753.02,28380000000.0,8.1,814.68
2012-03-05,814.68,818.9,819.58,813.77,753750000.0,-0.79,821.18,809.13,827.85,797.64,4930000000.0,1.6,818.78,756.55,818.78,753.02,28380000000.0,8.1,810.79
2012-03-06,810.79,812.25,816.16,808.54,771010000.0,-0.48,821.18,809.13,827.85,797.64,4930000000.0,1.6,818.78,756.55,818.78,753.02,28380000000.0,8.1,823.07
2012-03-08,823.07,813.49,823.07,813.21,1510000000.0,1.51,821.18,809.13,827.85,797.64,4930000000.0,1.6,818.78,756.55,818.78,753.02,28380000000.0,8.1,814.89
2012-03-09,814.89,824.41,824.94,814.89,1910000000.0,-0.99,821.18,809.13,827.85,797.64,4930000000.0,1.6,818.78,756.55,818.78,753.02,28380000000.0,8.1,807.65
2012-03-12,807.65,817.53,820.02,804.49,1180000000.0,-0.89,814.89,818.9,824.94,808.54,4950000000.0,-0.77,818.78,756.55,818.78,753.02,28380000000.0,8.1,809.97
2012-03-13,809.97,812.13,813.09,802.71,1370000000.0,0.29,814.89,818.9,824.94,808.54,4950000000.0,-0.77,818.78,756.55,818.78,753.02,28380000000.0,8.1,818.14
2012-03-14,818.14,817.35,820.98,813.18,1020000000.0,1.01,814.89,818.9,824.94,808.54,4950000000.0,-0.77,818.78,756.55,818.78,753.02,28380000000.0,8.1,823.39
2012-03-15,823.39,819.82,826.05,819.41,1340000000.0,0.64,814.89,818.9,824.94,808.54,4950000000.0,-0.77,818.78,756.55,818.78,753.02,28380000000.0,8.1,838.44
2012-03-16,838.44,827.74,838.44,824.71,1920000000.0,1.83,814.89,818.9,824.94,808.54,4950000000.0,-0.77,818.78,756.55,818.78,753.02,28380000000.0,8.1,837.93
2012-03-19,837.93,843.59,847.87,837.93,1730000000.0,-0.06,838.44,817.53,838.44,802.71,6820000000.0,2.89,818.78,756.55,818.78,753.02,28380000000.0,8.1,843.65
2012-03-20,843.65,838.32,846.73,837.67,1030000000.0,0.68,838.44,817.53,838.44,802.71,6820000000.0,2.89,818.78,756.55,818.78,753.02,28380000000.0,8.1,852.14
2012-03-21,852.14,843.18,852.14,840.23,1720000000.0,1.01,838.44,817.53,838.44,802.71,6820000000.0,2.89,818.78,756.55,818.78,753.02,28380000000.0,8.1,839.22
2012-03-22,839.22,851.41,857.0,839.22,2570000000.0,-1.52,838.44,817.53,838.44,802.71,6820000000.0,2.89,818.78,756.55,818.78,753.02,28380000000.0,8.1,841.76
2012-03-23,841.76,840.48,844.12,830.1,1170000000.0,0.3,838.44,817.53,838.44,802.71,6820000000.0,2.89,818.78,756.55,818.78,753.02,28380000000.0,8.1,836.77
2012-03-26,836.77,842.99,845.08,835.96,745170000.0,-0.59,841.76,843.59,857.0,830.1,8220000000.000001,0.4,818.78,756.55,818.78,753.02,28380000000.0,8.1,852.25
2012-03-27,852.25,848.14,852.25,844.45,817760000.0,1.85,841.76,843.59,857.0,830.1,8220000000.000001,0.4,818.78,756.55,818.78,753.02,28380000000.0,8.1,849.51
2012-03-28,849.51,849.47,853.53,845.67,679890000.0,-0.32,841.76,843.59,857.0,830.1,8220000000.000001,0.4,818.78,756.55,818.78,753.02,28380000000.0,8.1,849.34
2012-03-29,849.34,844.82,850.73,841.55,716130000.0,-0.02,841.76,843.59,857.0,830.1,8220000000.000001,0.4,818.78,756.55,818.78,753.02,28380000000.0,8.1,842.91
2012-03-30,842.91,850.32,851.94,840.46,855680000.0,-0.76,841.76,843.59,857.0,830.1,8220000000.000001,0.4,818.78,756.55,818.78,753.02,28380000000.0,8.1,843.87
2012-04-02,843.87,842.04,847.13,841.08,448470000.0,0.11,842.91,842.99,853.53,835.96,3810000000.0,0.14,842.91,817.39,857.0,802.71,26340000000.0,2.95,853.51
2012-04-03,853.51,848.26,855.38,848.01,703850000.0,1.14,842.91,842.99,853.53,835.96,3810000000.0,0.14,842.91,817.39,857.0,802.71,26340000000.0,2.95,843.26
2012-04-04,843.26,851.28,853.32,843.26,706340000.0,-1.2,842.91,842.99,853.53,835.96,3810000000.0,0.14,842.91,817.39,857.0,802.71,26340000000.0,2.95,831.74
2012-04-05,831.74,841.62,842.45,827.91,760320000.0,-1.37,842.91,842.99,853.53,835.96,3810000000.0,0.14,842.91,817.39,857.0,802.71,26340000000.0,2.95,819.57
2012-04-10,819.57,825.28,826.57,813.38,697780000.0,-1.46,831.74,842.04,855.38,827.91,2620000000.0,-1.33,842.91,817.39,857.0,802.71,26340000000.0,2.95,810.76
2012-04-11,810.76,812.25,816.09,808.06,834390000.0,-1.07,831.74,842.04,855.38,827.91,2620000000.0,-1.33,842.91,817.39,857.0,802.71,26340000000.0,2.95,821.45
2012-04-12,821.45,813.41,821.45,813.41,469120000.0,1.32,831.74,842.04,855.38,827.91,2620000000.0,-1.33,842.91,817.39,857.0,802.71,26340000000.0,2.95,813.0
2012-04-17,813.0,829.87,829.87,809.76,640060000.0,-1.03,821.45,825.28,826.57,808.06,2000000000.0,-1.24,842.91,817.39,857.0,802.71,26340000000.0,2.95,818.87
2012-04-18,818.87,820.89,823.27,815.6,632290000.0,0.72,821.45,825.28,826.57,808.06,2000000000.0,-1.24,842.91,817.39,857.0,802.71,26340000000.0,2.95,832.66
2012-04-19,832.66,820.58,832.82,819.07,652360000.0,1.68,821.45,825.28,826.57,808.06,2000000000.0,-1.24,842.91,817.39,857.0,802.71,26340000000.0,2.95,839.45
2012-04-20,839.45,832.12,840.17,830.04,974840000.0,0.82,821.45,825.28,826.57,808.06,2000000000.0,-1.24,842.91,817.39,857.0,802.71,26340000000.0,2.95,834.68
2012-04-23,834.68,842.38,844.61,832.56,1470000000.0,-0.57,839.45,829.87,840.17,809.76,2900000000.0,2.19,842.91,817.39,857.0,802.71,26340000000.0,2.95,842.26
2012-04-24,842.26,838.06,842.26,834.69,885590000.0,0.91,839.45,829.87,840.17,809.76,2900000000.0,2.19,842.91,817.39,857.0,802.71,26340000000.0,2.95,842.33
2012-04-25,842.33,843.33,845.64,838.72,854770000.0,0.01,839.45,829.87,840.17,809.76,2900000000.0,2.19,842.91,817.39,857.0,802.71,26340000000.0,2.95,848.32
2012-04-26,848.32,843.86,851.26,843.86,799370000.0,0.71,839.45,829.87,840.17,809.76,2900000000.0,2.19,842.91,817.39,857.0,802.71,26340000000.0,2.95,850.11
2012-04-27,850.11,850.31,852.48,844.54,531960000.00000006,0.21,839.45,829.87,840.17,809.76,2900000000.0,2.19,842.91,817.39,857.0,802.71,26340000000.0,2.95,863.82
2012-04-30,863.82,855.09,863.82,854.89,852670000.0,1.61,850.11,842.38,852.48,832.56,4540000000.0,1.27,842.91,817.39,857.0,802.71,26340000000.0,2.95,871.94
2012-05-02,871.94,869.58,873.64,867.86,811380000.0,0.94,850.11,842.38,852.48,832.56,4540000000.0,1.27,863.82,842.04,863.82,808.06,12910000000.0,2.48,872.75
2012-05-03,872.75,872.92,879.5,869.33,1080000000.0,0.09,850.11,842.38,852.48,832.56,4540000000.0,1.27,863.82,842.04,863.82,808.06,12910000000.0,2.48,861.93
2012-05-04,861.93,872.66,872.66,861.01,1150000000.0,-1.24,850.11,842.38,852.48,832.56,4540000000.0,1.27,863.82,842.04,863.82,808.06,12910000000.0,2.48,864.17
2012-05-08,864.17,856.98,865.44,854.85,1160000000.0,0.26,861.93,855.09,879.5,854.89,3900000000.0,1.39,863.82,842.04,863.82,808.06,12910000000.0,2.48,845.27
2012-05-09,845.27,858.92,860.91,845.27,1620000000.0,-2.19,861.93,855.09,879.5,854.89,3900000000.0,1.39,863.82,842.04,863.82,808.06,12910000000.0,2.48,832.43
2012-05-10,832.43,840.01,840.65,828.49,1770000000.0,-1.52,861.93,855.09,879.5,854.89,3900000000.0,1.39,863.82,842.04,863.82,808.06,12910000000.0,2.48,833.65
2012-05-11,833.65,830.0,836.72,823.56,1880000000.0,0.15,861.93,855.09,879.5,854.89,3900000000.0,1.39,863.82,842.04,863.82,808.06,12910000000.0,2.48,815.21
2012-05-14,815.21,833.13,840.65,810.36,1180000000.0,-2.21,833.65,856.98,865.44,823.56,6440000000.0,-3.28,863.82,842.04,863.82,808.06,12910000000.0,2.48,830.41
2012-05-15,830.41,814.32,830.41,810.58,733550000.0,1.86,833.65,856.98,865.44,823.56,6440000000.0,-3.28,863.82,842.04,863.82,808.06,12910000000.0,2.48,820.4
2012-05-16,820.4,815.94,820.4,805.66,1100000000.0,-1.21,833.65,856.98,865.44,823.56,6440000000.0,-3.28,863.82,842.04,863.82,808.06,12910000000.0,2.48,821.87
2012-05-17,821.87,821.96,826.24,815.84,967990000.0,0.18,833.65,856.98,865.44,823.56,6440000000.0,-3.28,863.82,842.04,863.82,808.06,12910000000.0,2.48,806.71
2012-05-18,806.71,809.48,811.97,802.61,853760000.0,-1.84,833.65,856.98,865.44,823.56,6440000000.0,-3.28,863.82,842.04,863.82,808.06,12910000000.0,2.48,790.73
2012-05-21,790.73,805.2,806.19,790.73,684290000.0,-1.98,806.71,833.13,840.65,802.61,4840000000.0,-3.23,863.82,842.04,863.82,808.06,12910000000.0,2.48,786.06
2012-05-22,786.06,799.42,801.47,786.06,633520000.0,-0.59,806.71,833.13,840.65,802.61,4840000000.0,-3.23,863.82,842.04,863.82,808.06,12910000000.0,2.48,770.17
2012-05-23,770.17,781.38,783.73,768.13,725480000.0,-2.02,806.71,833.13,840.65,802.61,4840000000.0,-3.23,863.82,842.04,863.82,808.06,12910000000.0,2.48,783.86
2012-05-24,783.86,770.89,783.86,764.09,1180000000.0,1.78,806.71,833.13,840.65,802.61,4840000000.0,-3.23,863.82,842.04,863.82,808.06,12910000000.0,2.48,786.87
2012-05-25,786.87,777.8,788.69,774.76,534890000.0,0.38,806.71,833.13,840.65,802.61,4840000000.0,-3.23,863.82,842.04,863.82,808.06,12910000000.0,2.48,791.76
2012-05-28,791.76,784.1,791.78,778.9,444420000.0,0.62,786.87,805.2,806.19,764.09,3760000000.0,-2.46,863.82,842.04,863.82,808.06,12910000000.0,2.48,802.16
2012-05-29,802.16,792.07,804.46,791.87,846980000.0,1.31,786.87,805.2,806.19,764.09,3760000000.0,-2.46,863.82,842.04,863.82,808.06,12910000000.0,2.48,789.62
2012-05-30,789.62,795.05,797.18,788.76,534020000.0,-1.56,786.87,805.2,806.19,764.09,3760000000.0,-2.46,863.82,842.04,863.82,808.06,12910000000.0,2.48,791.54
2012-05-31,791.54,781.04,794.48,777.33,780570000.0,0.24,786.87,805.2,806.19,764.09,3760000000.0,-2.46,863.82,842.04,863.82,808.06,12910000000.0,2.48,772.39
2012-06-01,772.39,787.71,789.73,772.39,604790000.0,-2.42,786.87,805.2,806.19,764.09,3760000000.0,-2.46,791.54,869.58,879.5,764.09,20690000000.0,-8.37,761.66
2012-06-05,761.66,776.13,778.32,761.66,610650000.0,-1.39,772.39,784.1,804.46,772.39,3210000000.0,-1.84,791.54,869.58,879.5,764.09,20690000000.0,-8.37,775.6
2012-06-06,775.6,770.26,780.37,769.41,462020000.0,1.83,772.39,784.1,804.46,772.39,3210000000.0,-1.84,791.54,869.58,879.5,764.09,20690000000.0,-8.37,777.14
2012-06-07,777.14,785.73,789.06,773.83,647800000.0,0.2,772.39,784.1,804.46,772.39,3210000000.0,-1.84,791.54,869.58,879.5,764.09,20690000000.0,-8.37,783.68
2012-06-08,783.68,774.9,783.68,771.36,415090000.0,0.84,772.39,784.1,804.46,772.39,3210000000.0,-1.84,791.54,869.58,879.5,764.09,20690000000.0,-8.37,807.94
2012-06-11,807.94,796.74,807.94,796.74,731090000.0,3.1,783.68,776.13,789.06,761.66,2140000000.0,1.46,791.54,869.58,879.5,764.09,20690000000.0,-8.37,810.66
2012-06-12,810.66,799.98,810.66,797.65,614080000.0,0.34,783.68,776.13,789.06,761.66,2140000000.0,1.46,791.54,869.58,879.5,764.09,20690000000.0,-8.37,806.51
2012-06-13,806.51,811.33,813.62,801.63,551380000.0,-0.51,783.68,776.13,789.06,761.66,2140000000.0,1.46,791.54,869.58,879.5,764.09,20690000000.0,-8.37,801.72
2012-06-14,801.72,802.48,810.85,801.37,1150000000.0,-0.59,783.68,776.13,789.06,761.66,2140000000.0,1.46,791.54,869.58,879.5,764.09,20690000000.0,-8.37,812.56
2012-06-15,812.56,808.25,816.37,807.13,1530000000.0,1.35,783.68,776.13,789.06,761.66,2140000000.0,1.46,791.54,869.58,879.5,764.09,20690000000.0,-8.37,809.88
2012-06-18,809.88,822.5,824.79,807.17,952500000.0,-0.33,812.56,796.74,816.37,796.74,4570000000.0,3.69,791.54,869.58,879.5,764.09,20690000000.0,-8.37,816.9
2012-06-19,816.9,812.14,816.9,808.36,890240000.0,0.87,812.56,796.74,816.37,796.74,4570000000.0,3.69,791.54,869.58,879.5,764.09,20690000000.0,-8.37,816.68
2012-06-20,816.68,814.8,818.61,812.4,457660000.0,-0.03,812.56,796.74,816.37,796.74,4570000000.0,3.69,791.54,869.58,879.5,764.09,20690000000.0,-8.37,804.89
2012-06-21,804.89,809.94,811.07,802.9,495010000.0,-1.44,812.56,796.74,816.37,796.74,4570000000.0,3.69,791.54,869.58,879.5,764.09,20690000000.0,-8.37,800.07
2012-06-22,800.07,797.53,800.07,793.75,786740000.0,-0.6,812.56,796.74,816.37,796.74,4570000000.0,3.69,791.54,869.58,879.5,764.09,20690000000.0,-8.37,795.68
2012-06-25,795.68,798.85,803.97,795.68,693870000.0,-0.55,800.07,822.5,824.79,793.75,3580000000.0,-1.54,791.54,869.58,879.5,764.09,20690000000.0,-8.37,798.51
2012-06-26,798.51,795.05,801.32,794.04,429000000.0,0.36,800.07,822.5,824.79,793.75,3580000000.0,-1.54,791.54,869.58,879.5,764.09,20690000000.0,-8.37,809.75
2012-06-27,809.75,802.93,810.75,802.23,572350000.0,1.41,800.07,822.5,824.79,793.75,3580000000.0,-1.54,791.54,869.58,879.5,764.09,20690000000.0,-8.37,814.02
2012-06-28,814.02,813.42,819.99,805.27,604240000.0,0.53,800.07,822.5,824.79,793.75,3580000000.0,-1.54,791.54,869.58,879.5,764.09,20690000000.0,-8.37,814.38
2012-06-29,814.38,817.78,826.08,814.38,784500000.0,0.04,800.07,822.5,824.79,793.75,3580000000.0,-1.54,791.54,869.58,879.5,764.09,20690000000.0,-8.37,827.4
2012-07-02,827.4,824.57,828.45,821.44,571400000.0,1.6,814.38,798.85,826.08,794.04,3080000000.0,1.79,814.38,787.71,826.08,761.66,13980000000.0,2.89,834.48
2012-07-03,834.48,831.33,835.09,829.15,645070000.0,0.86,814.38,798.85,826.08,794.04,3080000000.0,1.79,814.38,787.71,826.08,761.66,13980000000.0,2.89,830.48
2012-07-04,830.48,837.86,838.44,827.47,860240000.0,-0.48,814.38,798.85,826.08,794.04,3080000000.0,1.79,814.38,787.71,826.08,761.66,13980000000.0,2.89,836.15
2012-07-05,836.15,829.59,836.15,826.64,676010000.0,0.68,814.38,798.85,826.08,794.04,3080000000.0,1.79,814.38,787.71,826.08,761.66,13980000000.0,2.89,833.94
2012-07-06,833.94,835.87,838.23,827.32,565290000.0,-0.26,814.38,798.85,826.08,794.04,3080000000.0,1.79,814.38,787.71,826.08,761.66,13980000000.0,2.89,823.21
2012-07-09,823.21,826.92,827.88,822.77,425890000.0,-1.29,833.94,824.57,838.44,821.44,3320000000.0,2.4,814.38,787.71,826.08,761.66,13980000000.0,2.89,837.67
2012-07-10,837.67,824.61,837.67,823.34,496400000.0,1.76,833.94,824.57,838.44,821.44,3320000000.0,2.4,814.38,787.71,826.08,761.66,13980000000.0,2.89,840.61
2012-07-11,840.61,834.49,842.1,833.29,574220000.0,0.35,833.94,824.57,838.44,821.44,3320000000.0,2.4,814.38,787.71,826.08,761.66,13980000000.0,2.89,828.66
2012-07-12,828.66,836.13,838.29,828.6,466410000.0,-1.42,833.94,824.57,838.44,821.44,3320000000.0,2.4,814.38,787.71,826.08,761.66,13980000000.0,2.89,841.59
2012-07-13,841.59,829.53,843.68,829.53,449090000.0,1.56,833.94,824.57,838.44,821.44,3320000000.0,2.4,814.38,787.71,826.08,761.66,13980000000.0,2.89,843.8
2012-07-16,843.8,843.33,848.33,840.48,552350000.0,0.26,841.59,826.92,843.68,822.77,2410000000.0,0.92,814.38,787.71,826.08,761.66,13980000000.0,2.89,851.44
2012-07-17,851.44,850.34,852.27,847.69,816700000.0,0.91,841.59,826.92,843.68,822.77,2410000000.0,0.92,814.38,787.71,826.08,761.66,13980000000.0,2.89,846.8
2012-07-18,846.8,849.29,851.39,843.38,799320000.0,-0.54,841.59,826.92,843.68,822.77,2410000000.0,0.92,814.38,787.71,826.08,761.66,13980000000.0,2.89,840.77
2012-07-19,840.77,853.39,853.64,838.53,993560000.0,-0.71,841.59,826.92,843.68,822.77,2410000000.0,0.92,814.38,787.71,826.08,761.66,13980000000.0,2.89,836.99
2012-07-20,836.99,843.54,845.5,834.19,565890000.0,-0.45,841.59,826.92,843.68,822.77,2410000000.0,0.92,814.38,787.71,826.08,761.66,13980000000.0,2.89,818.43
2012-07-23,818.43,820.99,825.41,817.16,590240000.0,-2.22,836.99,843.33,853.64,834.19,3730000000.0,-0.55,814.38,787.71,826.08,761.66,13980000000.0,2.89,819.59
2012-07-24,819.59,817.53,823.96,815.93,521170000.0,0.14,836.99,843.33,853.64,834.19,3730000000.0,-0.55,814.38,787.71,826.08,761.66,13980000000.0,2.89,820.13
2012-07-25,820.13,818.42,821.06,812.57,602190000.0,0.07,836.99,843.33,853.64,834.19,3730000000.0,-0.55,814.38,787.71,826.08,761.66,13980000000.0,2.89,808.79
2012-07-26,808.79,824.12,826.23,808.42,639030000.0,-1.38,836.99,843.33,853.64,834.19,3730000000.0,-0.55,814.38,787.71,826.08,761.66,13980000000.0,2.89,812.36
2012-07-27,812.36,821.21,821.64,808.9,743960000.0,0.44,836.99,843.33,853.64,834.19,3730000000.0,-0.55,814.38,787.71,826.08,761.66,13980000000.0,2.89,824.48
2012-07-30,824.48,816.32,824.48,815.85,417650000.0,1.49,812.36,820.99,826.23,808.42,3100000000.0,-2.94,814.38,787.71,826.08,761.66,13980000000.0,2.89,828.67
2012-07-31,828.67,828.66,829.16,820.84,704210000.0,0.51,812.36,820.99,826.23,808.42,3100000000.0,-2.94,814.38,787.71,826.08,761.66,13980000000.0,2.89,829.1
2012-08-01,829.1,826.78,830.29,824.39,775770000.0,0.05,812.36,820.99,826.23,808.42,3100000000.0,-2.94,828.67,824.57,853.64,808.42,13680000000.0,1.75,825.47
2012-08-03,825.47,823.69,826.99,816.83,912020000.0,-0.44,812.36,820.99,826.23,808.42,3100000000.0,-2.94,828.67,824.57,853.64,808.42,13680000000.0,1.75,833.52
2012-08-06,833.52,832.44,834.92,828.51,617580000.0,0.98,825.47,816.32,830.29,815.85,2810000000.0,1.61,828.67,824.57,853.64,808.42,13680000000.0,1.75,832.96
2012-08-07,832.96,836.09,836.84,831.55,593460000.0,-0.07,825.47,816.32,830.29,815.85,2810000000.0,1.61,828.67,824.57,853.64,808.42,13680000000.0,1.75,835.75
2012-08-08,835.75,836.79,839.53,834.71,1270000000.0,0.33,825.47,816.32,830.29,815.85,2810000000.0,1.61,828.67,824.57,853.64,808.42,13680000000.0,1.75,839.25
2012-08-09,839.25,840.39,843.39,833.79,1070000000.0,0.42,825.47,816.32,830.29,815.85,2810000000.0,1.61,828.67,824.57,853.64,808.42,13680000000.0,1.75,841.5
2012-08-10,841.5,838.26,841.5,833.82,481460000.0,0.27,825.47,816.32,830.29,815.85,2810000000.0,1.61,828.67,824.57,853.64,808.42,13680000000.0,1.75,848.99
2012-08-14,848.99,845.42,848.99,840.78,608050000.0,0.89,841.5,832.44,843.39,828.51,4040000000.0,1.94,828.67,824.57,853.64,808.42,13680000000.0,1.75,848.75
2012-08-15,848.75,845.54,848.89,841.48,621370000.0,-0.03,841.5,832.44,843.39,828.51,4040000000.0,1.94,828.67,824.57,853.64,808.42,13680000000.0,1.75,845.18
2012-08-16,845.18,849.85,851.22,845.18,758510000.0,-0.42,841.5,832.44,843.39,828.51,4040000000.0,1.94,828.67,824.57,853.64,808.42,13680000000.0,1.75,843.73
2012-08-17,843.73,849.45,849.46,840.87,664550000.0,-0.17,841.5,832.44,843.39,828.51,4040000000.0,1.94,828.67,824.57,853.64,808.42,13680000000.0,1.75,846.85
2012-08-20,846.85,842.03,847.76,838.96,391190000.0,0.37,843.73,845.42,851.22,840.78,2650000000.0,0.27,828.67,824.57,853.64,808.42,13680000000.0,1.75,848.17
2012-08-21,848.17,845.25,850.84,844.77,769210000.0,0.16,843.73,845.42,851.22,840.78,2650000000.0,0.27,828.67,824.57,853.64,808.42,13680000000.0,1.75,848.83
2012-08-22,848.83,846.25,849.58,844.86,662960000.0,0.08,843.73,845.42,851.22,840.78,2650000000.0,0.27,828.67,824.57,853.64,808.42,13680000000.0,1.75,852.17
2012-08-23,852.17,850.2,855.64,849.3,762960000.0,0.39,843.73,845.42,851.22,840.78,2650000000.0,0.27,828.67,824.57,853.64,808.42,13680000000.0,1.75,850.6
2012-08-24,850.6,847.31,851.26,845.71,836930000.0,-0.18,843.73,845.42,851.22,840.78,2650000000.0,0.27,828.67,824.57,853.64,808.42,13680000000.0,1.75,846.66
2012-08-27,846.66,852.16,853.93,846.66,548940000.0,-0.46,850.6,842.03,855.64,838.96,3420000000.0,0.81,828.67,824.57,853.64,808.42,13680000000.0,1.75,845.55
2012-08-28,845.55,846.94,850.84,845.44,836700000.0,-0.13,850.6,842.03,855.64,838.96,3420000000.0,0.81,828.67,824.57,853.64,808.42,13680000000.0,1.75,834.88
2012-08-29,834.88,845.34,847.96,834.88,873520000.0,-1.26,850.6,842.03,855.64,838.96,3420000000.0,0.81,828.67,824.57,853.64,808.42,13680000000.0,1.75,830.52
2012-08-30,830.52,831.61,832.38,825.35,905780000.0,-0.52,850.6,842.03,855.64,838.96,3420000000.0,0.81,828.67,824.57,853.64,808.42,13680000000.0,1.75,840.32
2012-08-31,840.32,829.25,840.32,827.67,1060000000.0,1.18,850.6,842.03,855.64,838.96,3420000000.0,0.81,828.67,824.57,853.64,808.42,13680000000.0,1.75,846.27
2012-09-03,846.27,842.89,849.05,840.97,860270000.0,0.71,840.32,852.16,853.93,825.35,4230000000.000001,-1.21,840.32,826.78,855.64,816.83,16030000000.000002,1.41,846.46
2012-09-04,846.46,849.88,850.56,843.01,943440000.0,0.02,840.32,852.16,853.93,825.35,4230000000.000001,-1.21,840.32,826.78,855.64,816.83,16030000000.000002,1.41,843.17
2012-09-05,843.17,841.76,847.19,841.01,888680000.0,-0.39,840.32,852.16,853.93,825.35,4230000000.000001,-1.21,840.32,826.78,855.64,816.83,16030000000.000002,1.41,850.5
2012-09-06,850.5,846.09,852.8,845.58,919960000.0,0.87,840.32,852.16,853.93,825.35,4230000000.000001,-1.21,840.32,826.78,855.64,816.83,16030000000.000002,1.41,851.95
2012-09-07,851.95,858.49,859.74,851.95,1060000000.0,0.17,840.32,852.16,853.93,825.35,4230000000.000001,-1.21,840.32,826.78,855.64,816.83,16030000000.000002,1.41,855.12
2012-09-10,855.12,854.56,858.27,854.17,790250000.0,0.37,851.95,842.89,859.74,840.97,4670000000.0,1.38,840.32,826.78,855.64,816.83,16030000000.000002,1.41,852.8
2012-09-11,852.8,854.59,856.43,850.17,1390000000.0,-0.27,851.95,842.89,859.74,840.97,4670000000.0,1.38,840.32,826.78,855.64,816.83,16030000000.000002,1.41,862.15
2012-09-12,862.15,858.15,862.15,856.0,925540000.0,1.1,851.95,842.89,859.74,840.97,4670000000.0,1.38,840.32,826.78,855.64,816.83,16030000000.000002,1.41,860.36
2012-09-13,860.36,863.31,863.43,856.88,1310000000.0,-0.21,851.95,842.89,859.74,840.97,4670000000.0,1.38,840.32,826.78,855.64,816.83,16030000000.000002,1.41,874.81
2012-09-14,874.81,872.85,877.34,869.82,1400000000.0,1.68,851.95,842.89,859.74,840.97,4670000000.0,1.38,840.32,826.78,855.64,816.83,16030000000.000002,1.41,876.61
2012-09-17,876.61,875.76,879.4,872.67,926510000.0,0.21,874.81,854.56,877.34,850.17,5820000000.0,2.68,840.32,826.78,855.64,816.83,16030000000.000002,1.41,870.49
2012-09-18,870.49,872.93,876.81,868.5,623980000.0,-0.7,874.81,854.56,877.34,850.17,5820000000.0,2.68,840.32,826.78,855.64,816.83,16030000000.000002,1.41,879.92
2012-09-19,879.92,871.04,880.25,870.93,1020000000.0,1.08,874.81,854.56,877.34,850.17,5820000000.0,2.68,840.32,826.78,855.64,816.83,16030000000.000002,1.41,877.22
2012-09-20,877.22,876.74,879.99,871.9,1000000000.0,-0.31,874.81,854.56,877.34,850.17,5820000000.0,2.68,840.32,826.78,855.64,816.83,16030000000.000002,1.41,878.85
2012-09-21,878.85,879.06,881.12,875.82,1010000000.0,0.19,874.81,854.56,877.34,850.17,5820000000.0,2.68,840.32,826.78,855.64,816.83,16030000000.000002,1.41,876.6
2012-09-24,876.6,875.96,879.56,873.45,1650000000.0,-0.26,878.85,875.76,881.12,868.5,4580000000.0,0.46,840.32,826.78,855.64,816.83,16030000000.000002,1.41,878.03
2012-09-25,878.03,878.59,880.07,875.59,1300000000.0,0.16,878.85,875.76,881.12,868.5,4580000000.0,0.46,840.32,826.78,855.64,816.83,16030000000.000002,1.41,868.98
2012-09-26,868.98,873.92,875.69,866.03,1750000000.0,-1.03,878.85,875.76,881.12,868.5,4580000000.0,0.46,840.32,826.78,855.64,816.83,16030000000.000002,1.41,876.67
2012-09-27,876.67,870.5,880.37,870.05,953380000.0,0.88,878.85,875.76,881.12,868.5,4580000000.0,0.46,840.32,826.78,855.64,816.83,16030000000.000002,1.41,886.58
2012-09-28,886.58,884.4,887.86,882.1,937540000.0,1.13,878.85,875.76,881.12,868.5,4580000000.0,0.46,840.32,826.78,855.64,816.83,16030000000.000002,1.41,884.21
2012-10-01,884.21,882.98,887.89,881.68,593830000.0,-0.27,886.58,875.96,887.86,866.03,6590000000.0,0.88,886.58,842.89,887.86,840.97,21660000000.0,5.51,887.5
2012-10-02,887.5,887.69,890.11,884.53,644960000.0,0.37,886.58,875.96,887.86,866.03,6590000000.0,0.88,886.58,842.89,887.86,840.97,21660000000.0,5.51,887.49
2012-10-03,887.49,888.82,891.0,884.37,842130000.0,0.0,886.58,875.96,887.86,866.03,6590000000.0,0.88,886.58,842.89,887.86,840.97,21660000000.0,5.51,886.98
2012-10-04,886.98,887.85,892.63,885.82,1120000000.0,-0.06,886.58,875.96,887.86,866.03,6590000000.0,0.88,886.58,842.89,887.86,840.97,21660000000.0,5.51,889.77
2012-10-05,889.77,890.16,892.45,887.74,857750000.0,0.31,886.58,875.96,887.86,866.03,6590000000.0,0.88,886.58,842.89,887.86,840.97,21660000000.0,5.51,883.05
2012-10-08,883.05,886.82,888.13,880.22,753830000.0,-0.76,889.77,882.98,892.63,881.68,4060000000.0,0.36,886.58,842.89,887.86,840.97,21660000000.0,5.51,874.48
2012-10-09,874.48,887.85,890.82,874.48,800820000.0,-0.97,889.77,882.98,892.63,881.68,4060000000.0,0.36,886.58,842.89,887.86,840.97,21660000000.0,5.51,872.13
2012-10-10,872.13,869.86,875.84,869.86,1030000000.0,-0.27,889.77,882.98,892.63,881.68,4060000000.0,0.36,886.58,842.89,887.86,840.97,21660000000.0,5.51,877.16
2012-10-11,877.16,872.83,877.42,865.81,1350000000.0,0.58,889.77,882.98,892.63,881.68,4060000000.0,0.36,886.58,842.89,887.86,840.97,21660000000.0,5.51,879.31
2012-10-12,879.31,879.68,882.96,878.15,843500000.0,0.25,889.77,882.98,892.63,881.68,4060000000.0,0.36,886.58,842.89,887.86,840.97,21660000000.0,5.51,874.48
2012-10-15,874.48,875.45,877.83,869.94,561320000.0,-0.55,879.31,886.82,890.82,865.81,4790000000.0,-1.18,886.58,842.89,887.86,840.97,21660000000.0,5.51,871.78
2012-10-16,871.78,878.28,879.26,871.13,864790000.0,-0.31,879.31,886.82,890.82,865.81,4790000000.0,-1.18,886.58,842.89,887.86,840.97,21660000000.0,5.51,881.67
2012-10-17,881.67,875.67,881.93,873.31,1140000000.0,1.13,879.31,886.82,890.82,865.81,4790000000.0,-1.18,886.58,842.89,887.86,840.97,21660000000.0,5.51,889.29
2012-10-18,889.29,885.64,889.78,882.0,1250000000.0,0.86,879.31,886.82,890.82,865.81,4790000000.0,-1.18,886.58,842.89,887.86,840.97,21660000000.0,5.51,886.76
2012-10-19,886.76,889.3,891.39,885.82,1310000000.0,-0.28,879.31,886.82,890.82,865.81,4790000000.0,-1.18,886.58,842.89,887.86,840.97,21660000000.0,5.51,887.97
2012-10-22,887.97,881.98,888.71,880.92,537240000.0,0.14,886.76,875.45,891.39,869.94,5120000000.0,0.85,886.58,842.89,887.86,840.97,21660000000.0,5.51,875.64
2012-10-24,875.64,882.76,885.45,873.21,1210000000.0,-1.39,886.76,875.45,891.39,869.94,5120000000.0,0.85,886.58,842.89,887.86,840.97,21660000000.0,5.51,877.61
2012-10-25,877.61,873.97,878.93,868.34,716720000.0,0.22,886.76,875.45,891.39,869.94,5120000000.0,0.85,886.58,842.89,887.86,840.97,21660000000.0,5.51,866.98
2012-10-26,866.98,873.8,874.99,859.29,750120000.0,-1.21,886.76,875.45,891.39,869.94,5120000000.0,0.85,886.58,842.89,887.86,840.97,21660000000.0,5.51,865.65
2012-10-29,865.65,866.74,868.23,861.56,611010000.0,-0.15,866.98,881.98,888.71,859.29,3210000000.0,-2.23,886.58,842.89,887.86,840.97,21660000000.0,5.51,876.66
2012-10-30,876.66,867.01,876.66,865.72,472710000.0,1.27,866.98,881.98,888.71,859.29,3210000000.0,-2.23,886.58,842.89,887.86,840.97,21660000000.0,5.51,879.06
2012-10-31,879.06,876.21,880.38,874.39,647010000.0,0.27,866.98,881.98,888.71,859.29,3210000000.0,-2.23,886.58,842.89,887.86,840.97,21660000000.0,5.51,877.71
2012-11-01,877.71,877.29,880.99,874.93,705370000.0,-0.15,866.98,881.98,888.71,859.29,3210000000.0,-2.23,879.06,882.98,892.63,859.29,18910000000.0,-0.85,883.54
2012-11-02,883.54,884.81,887.15,882.37,1100000000.0,0.66,866.98,881.98,888.71,859.29,3210000000.0,-2.23,879.06,882.98,892.63,859.29,18910000000.0,-0.85,883.43
2012-11-05,883.43,883.62,886.73,880.66,660440000.0,-0.01,883.54,866.74,887.15,861.56,3540000000.0,1.91,879.06,882.98,892.63,859.29,18910000000.0,-0.85,878.72
2012-11-06,878.72,884.21,888.42,876.61,609100000.0,-0.53,883.54,866.74,887.15,861.56,3540000000.0,1.91,879.06,882.98,892.63,859.29,18910000000.0,-0.85,877.02
2012-11-07,877.02,881.6,882.7,875.4,1040000000.0,-0.19,883.54,866.74,887.15,861.56,3540000000.0,1.91,879.06,882.98,892.63,859.29,18910000000.0,-0.85,872.18
2012-11-08,872.18,868.58,873.02,866.42,955200000.0,-0.55,883.54,866.74,887.15,861.56,3540000000.0,1.91,879.06,882.98,892.63,859.29,18910000000.0,-0.85,873.17
2012-11-09,873.17,871.7,877.28,869.5,774430000.0,0.11,883.54,866.74,887.15,861.56,3540000000.0,1.91,879.06,882.98,892.63,859.29,18910000000.0,-0.85,876.3
2012-11-12,876.3,875.24,877.55,872.08,896930000.0,0.36,873.17,883.62,888.42,866.42,4040000000.0,-1.17,879.06,882.98,892.63,859.29,18910000000.0,-0.85,871.41
2012-11-13,871.41,873.47,874.48,867.59,1270000000.0,-0.56,873.17,883.62,888.42,866.42,4040000000.0,-1.17,879.06,882.98,892.63,859.29,18910000000.0,-0.85,864.47
2012-11-14,864.47,872.78,874.61,864.08,964400000.0,-0.8,873.17,883.62,888.42,866.42,4040000000.0,-1.17,879.06,882.98,892.63,859.29,18910000000.0,-0.85,862.9
2012-11-15,862.9,861.09,863.71,855.61,937880000.0,-0.18,873.17,883.62,888.42,866.42,4040000000.0,-1.17,879.06,882.98,892.63,859.29,18910000000.0,-0.85,867.07
2012-11-16,867.07,862.47,867.29,861.52,501570000.0,0.48,873.17,883.62,888.42,866.42,4040000000.0,-1.17,879.06,882.98,892.63,859.29,18910000000.0,-0.85,869.41
2012-11-19,869.41,868.58,870.24,865.3,419940000.0,0.27,867.07,875.24,877.55,855.61,4570000000.0,-0.7,879.06,882.98,892.63,859.29,18910000000.0,-0.85,864.21
2012-11-20,864.21,873.8,875.02,862.27,509580000.0,-0.6,867.07,875.24,877.55,855.61,4570000000.0,-0.7,879.06,882.98,892.63,859.29,18910000000.0,-0.85,864.97
2012-11-21,864.97,865.29,866.41,858.55,476270000.0,0.09,867.07,875.24,877.55,855.61,4570000000.0,-0.7,879.06,882.98,892.63,859.29,18910000000.0,-0.85,867.4
2012-11-22,867.4,866.95,869.76,865.04,1040000000.0,0.28,867.07,875.24,877.55,855.61,4570000000.0,-0.7,879.06,882.98,892.63,859.29,18910000000.0,-0.85,869.72
2012-11-23,869.72,865.4,870.16,862.17,472530000.0,0.27,867.07,875.24,877.55,855.61,4570000000.0,-0.7,879.06,882.98,892.63,859.29,18910000000.0,-0.85,874.87
2012-11-26,874.87,873.88,876.64,871.59,549990000.0,0.59,869.72,868.58,875.02,858.55,2920000000.0,0.31,879.06,882.98,892.63,859.29,18910000000.0,-0.85,879.61
2012-11-27,879.61,876.75,880.61,875.49,695170000.0,0.54,869.72,868.58,875.02,858.55,2920000000.0,0.31,879.06,882.98,892.63,859.29,18910000000.0,-0.85,880.7
2012-11-28,880.7,877.93,882.73,875.52,560690000.0,0.12,869.72,868.58,875.02,858.55,2920000000.0,0.31,879.06,882.98,892.63,859.29,18910000000.0,-0.85,887.44
2012-11-29,887.44,883.62,888.84,883.09,993150000.0,0.77,869.72,868.58,875.02,858.55,2920000000.0,0.31,879.06,882.98,892.63,859.29,18910000000.0,-0.85,898.81
2012-11-30,898.81,890.94,902.18,890.32,1350000000.0,1.28,869.72,868.58,875.02,858.55,2920000000.0,0.31,879.06,882.98,892.63,859.29,18910000000.0,-0.85,904.43
2012-12-03,904.43,902.1,905.23,899.94,760060000.0,0.63,898.81,873.88,902.18,871.59,4150000000.000001,3.34,898.81,877.29,902.18,855.61,17490000000.0,2.25,901.85
2012-12-04,901.85,905.4,906.35,899.24,466520000.0,-0.29,898.81,873.88,902.18,871.59,4150000000.000001,3.34,898.81,877.29,902.18,855.61,17490000000.0,2.25,909.23
2012-12-06,909.23,906.55,911.88,905.73,738890000.0,0.82,898.81,873.88,902.18,871.59,4150000000.000001,3.34,898.81,877.29,902.18,855.61,17490000000.0,2.25,905.71
2012-12-07,905.71,910.27,911.57,902.08,535590000.00000006,-0.39,898.81,873.88,902.18,871.59,4150000000.000001,3.34,898.81,877.29,902.18,855.61,17490000000.0,2.25,911.37
2012-12-11,911.37,910.53,913.58,908.34,722970000.0,0.62,905.71,902.1,911.88,899.24,2500000000.0,0.77,898.81,877.29,902.18,855.61,17490000000.0,2.25,921.7
2012-12-12,921.7,915.97,922.08,914.16,873670000.0,1.13,905.71,902.1,911.88,899.24,2500000000.0,0.77,898.81,877.29,902.18,855.61,17490000000.0,2.25,920.41
2012-12-13,920.41,922.8,925.39,917.93,633050000.0,-0.14,905.71,902.1,911.88,899.24,2500000000.0,0.77,898.81,877.29,902.18,855.61,17490000000.0,2.25,922.86
2012-12-14,922.86,921.09,924.96,919.85,755950000.0,0.27,905.71,902.1,911.88,899.24,2500000000.0,0.77,898.81,877.29,902.18,855.61,17490000000.0,2.25,922.78
2012-12-17,922.78,925.22,928.59,921.33,633440000.0,-0.01,922.86,910.53,925.39,908.34,2990000000.0,1.89,898.81,877.29,902.18,855.61,17490000000.0,2.25,927.02
2012-12-18,927.02,926.41,928.05,915.88,728560000.0,0.46,922.86,910.53,925.39,908.34,2990000000.0,1.89,898.81,877.29,902.18,855.61,17490000000.0,2.25,938.71
2012-12-19,938.71,932.13,939.03,929.89,660550000.0,1.26,922.86,910.53,925.39,908.34,2990000000.0,1.89,898.81,877.29,902.18,855.61,17490000000.0,2.25,937.52
2012-12-20,937.52,937.83,939.64,933.07,597090000.0,-0.13,922.86,910.53,925.39,908.34,2990000000.0,1.89,898.81,877.29,902.18,855.61,17490000000.0,2.25,934.21
2012-12-21,934.21,932.63,936.13,930.26,470370000.0,-0.35,922.86,910.53,925.39,908.34,2990000000.0,1.89,898.81,877.29,902.18,855.61,17490000000.0,2.25,935.73
2012-12-24,935.73,933.75,935.73,930.58,493990000.0,0.16,934.21,925.22,939.64,915.88,3090000000.0,1.23,898.81,877.29,902.18,855.61,17490000000.0,2.25,937.42
2012-12-25,937.42,935.07,937.9,934.19,841280000.0,0.18,934.21,925.22,939.64,915.88,3090000000.0,1.23,898.81,877.29,902.18,855.61,17490000000.0,2.25,939.36
2012-12-26,939.36,937.81,941.69,936.58,605130000.0,0.21,934.21,925.22,939.64,915.88,3090000000.0,1.23,898.81,877.29,902.18,855.61,17490000000.0,2.25,951.29
2012-12-27,951.29,941.13,952.79,940.35,717190000.0,1.27,934.21,925.22,939.64,915.88,3090000000.0,1.23,898.81,877.29,902.18,855.61,17490000000.0,2.25,945.39
2012-12-28,945.39,954.69,955.6,945.39,710470000.0,-0.62,934.21,925.22,939.64,915.88,3090000000.0,1.23,898.81,877.29,902.18,855.61,17490000000.0,2.25,954.41
2013-01-02,954.41,952.24,958.8,951.73,940880000.0,0.95,945.39,933.75,955.6,930.58,3370000000.0,1.2,945.39,902.1,955.6,899.24,11940000000.0,5.18,953.05
2013-01-03,953.05,957.06,959.26,951.83,1230000000.0,-0.14,945.39,933.75,955.6,930.58,3370000000.0,1.2,945.39,902.1,955.6,899.24,11940000000.0,5.18,958.42
2013-01-04,958.42,950.42,958.42,946.31,1390000000.0,0.56,945.39,933.75,955.6,930.58,3370000000.0,1.2,945.39,902.1,955.6,899.24,11940000000.0,5.18,956.17
2013-01-07,956.17,963.14,964.01,956.17,902700000.0,-0.23,958.42,952.24,959.26,946.31,3560000000.0,1.38,945.39,902.1,955.6,899.24,11940000000.0,5.18,956.61
2013-01-08,956.61,955.62,960.48,950.65,1110000000.0,0.05,958.42,952.24,959.26,946.31,3560000000.0,1.38,945.39,902.1,955.6,899.24,11940000000.0,5.18,959.45
2013-01-09,959.45,960.62,964.79,959.15,1370000000.0,0.3,958.42,952.24,959.26,946.31,3560000000.0,1.38,945.39,902.1,955.6,899.24,11940000000.0,5.18,947.1
2013-01-10,947.1,961.32,963.35,945.57,1720000000.0,-1.29,958.42,952.24,959.26,946.31,3560000000.0,1.38,945.39,902.1,955.6,899.24,11940000000.0,5.18,950.08
2013-01-11,950.08,947.76,950.08,935.99,1130000000.0,0.31,958.42,952.24,959.26,946.31,3560000000.0,1.38,945.39,902.1,955.6,899.24,11940000000.0,5.18,957.21
2013-01-14,957.21,953.57,958.84,950.61,1790000000.0,0.75,950.08,963.14,964.79,935.99,6240000000.0,-0.87,945.39,902.1,955.6,899.24,11940000000.0,5.18,953.81
2013-01-15,953.81,961.6,962.35,949.9,1200000000.0,-0.36,950.08,963.14,964.79,935.99,6240000000.0,-0.87,945.39,902.1,955.6,899.24,11940000000.0,5.18,946.73
2013-01-16,946.73,954.92,955.92,944.2,859090000.0,-0.74,950.08,963.14,964.79,935.99,6240000000.0,-0.87,945.39,902.1,955.6,899.24,11940000000.0,5.18,949.84
2013-01-17,949.84,950.19,950.9,941.43,1080000000.0,0.33,950.08,963.14,964.79,935.99,6240000000.0,-0.87,945.39,902.1,955.6,899.24,11940000000.0,5.18,959.56
2013-01-18,959.56,955.26,961.12,953.87,1670000000.0,1.02,950.08,963.14,964.79,935.99,6240000000.0,-0.87,945.39,902.1,955.6,899.24,11940000000.0,5.18,963.1
2013-01-21,963.1,964.34,965.65,958.53,1820000000.0,0.37,959.56,953.57,962.35,941.43,6600000000.0,1.0,945.39,902.1,955.6,899.24,11940000000.0,5.18,960.22
2013-01-22,960.22,963.89,971.5,959.85,1360000000.0,-0.3,959.56,953.57,962.35,941.43,6600000000.0,1.0,945.39,902.1,955.6,899.24,11940000000.0,5.18,965.24
2013-01-23,965.24,965.32,967.66,953.4,1510000000.0,0.52,959.56,953.57,962.35,941.43,6600000000.0,1.0,945.39,902.1,955.6,899.24,11940000000.0,5.18,969.81
2013-01-24,969.81,970.42,972.3,963.15,1740000000.0,0.47,959.56,953.57,962.35,941.43,6600000000.0,1.0,945.39,902.1,955.6,899.24,11940000000.0,5.18,977.53
2013-01-25,977.53,971.13,978.99,970.08,1810000000.0,0.8,959.56,953.57,962.35,941.43,6600000000.0,1.0,945.39,902.1,955.6,899.24,11940000000.0,5.18,984.52
2013-01-28,984.52,981.33,985.48,978.37,2170000000.0,0.72,977.53,964.34,978.99,953.4,8240000000.0,1.87,945.39,902.1,955.6,899.24,11940000000.0,5.18,989.92
2013-01-29,989.92,986.83,990.78,982.43,2270000000.0,0.55,977.53,964.34,978.99,953.4,8240000000.0,1.87,945.39,902.1,955.6,899.24,11940000000.0,5.18,1000.25
2013-01-30,1000.25,993.4,1001.97,990.14,1890000000.0,1.04,977.53,964.34,978.99,953.4,8240000000.0,1.87,945.39,902.1,955.6,899.24,11940000000.0,5.18,988.21
2013-01-31,988.21,997.22,1000.59,985.87,2160000000.0,-1.2,977.53,964.34,978.99,953.4,8240000000.0,1.87,945.39,902.1,955.6,899.24,11940000000.0,5.18,1005.09
2013-02-01,1005.09,993.32,1005.52,992.01,1550000000.0,1.71,977.53,964.34,978.99,953.4,8240000000.0,1.87,988.21,952.24,1001.97,935.99,33130000000.000004,4.53,1009.27
2013-02-04,1009.27,1011.58,1014.12,1006.84,1490000000.0,0.42,1005.09,981.33,1005.52,978.37,10040000000.0,2.82,988.21,952.24,1001.97,935.99,33130000000.000004,4.53,1007.88
2013-02-05,1007.88,1000.9,1010.86,999.98,949980000.0,-0.14,1005.09,981.33,1005.52,978.37,10040000000.0,2.82,988.21,952.24,1001.97,935.99,33130000000.000004,4.53,1001.02
2013-02-06,1001.02,1008.47,1009.72,1000.04,1180000000.0,-0.68,1005.09,981.33,1005.52,978.37,10040000000.0,2.82,988.21,952.24,1001.97,935.99,33130000000.000004,4.53,999.93
2013-02-07,999.93,997.95,1002.63,988.59,958310000.0,-0.11,1005.09,981.33,1005.52,978.37,10040000000.0,2.82,988.21,952.24,1001.97,935.99,33130000000.000004,4.53,995.9
2013-02-08,995.9,999.08,1005.56,994.68,1820000000.0,-0.4,1005.09,981.33,1005.52,978.37,10040000000.0,2.82,988.21,952.24,1001.97,935.99,33130000000.000004,4.53,986.18
2013-02-11,986.18,997.75,998.59,986.18,1020000000.0,-0.98,995.9,1011.58,1014.12,988.59,6400000000.0,-0.91,988.21,952.24,1001.97,935.99,33130000000.000004,4.53,983.68
2013-02-12,983.68,984.54,990.07,982.12,1270000000.0,-0.25,995.9,1011.58,1014.12,988.59,6400000000.0,-0.91,988.21,952.24,1001.97,935.99,33130000000.000004,4.53,1004.05
2013-02-13,1004.05,989.51,1004.14,989.46,1840000000.0,2.07,995.9,1011.58,1014.12,988.59,6400000000.0,-0.91,988.21,952.24,1001.97,935.99,33130000000.000004,4.53,1012.43
2013-02-14,1012.43,1009.8,1013.06,1005.25,1280000000.0,0.83,995.9,1011.58,1014.12,988.59,6400000000.0,-0.91,988.21,952.24,1001.97,935.99,33130000000.000004,4.53,1006.06
2013-02-15,1006.06,1009.92,1011.09,1001.91,1400000000.0,-0.63,995.9,1011.58,1014.12,988.59,6400000000.0,-0.91,988.21,952.24,1001.97,935.99,33130000000.000004,4.53,1004.82
2013-02-18,1004.82,1006.91,1010.21,1003.58,1030000000.0,-0.12,1006.06,997.75,1013.06,982.12,6800000000.0,1.02,988.21,952.24,1001.97,935.99,33130000000.000004,4.53,1011.33
2013-02-19,1011.33,1007.87,1013.12,1005.52,929550000.0,0.65,1006.06,997.75,1013.06,982.12,6800000000.0,1.02,988.21,952.24,1001.97,935.99,33130000000.000004,4.53,1021.05
2013-02-20,1021.05,1016.16,1021.59,1013.48,897890000.0,0.96,1006.06,997.75,1013.06,982.12,6800000000.0,1.02,988.21,952.24,1001.97,935.99,33130000000.000004,4.53,1007.13
2013-02-21,1007.13,1013.92,1016.08,1005.62,977850000.0,-1.36,1006.06,997.75,1013.06,982.12,6800000000.0,1.02,988.21,952.24,1001.97,935.99,33130000000.000004,4.53,1014.25
2013-02-22,1014.25,1006.06,1016.86,1005.19,1340000000.0,0.71,1006.06,997.75,1013.06,982.12,6800000000.0,1.02,988.21,952.24,1001.97,935.99,33130000000.000004,4.53,1004.67
2013-02-26,1004.67,1011.98,1012.78,999.94,1230000000.0,-0.94,1014.25,1006.91,1021.59,1003.58,5170000000.0,0.81,988.21,952.24,1001.97,935.99,33130000000.000004,4.53,994.37
2013-02-27,994.37,1007.75,1009.74,994.37,981140000.0,-1.03,1014.25,1006.91,1021.59,1003.58,5170000000.0,0.81,988.21,952.24,1001.97,935.99,33130000000.000004,4.53,1014.03
2013-02-28,1014.03,1002.02,1014.03,996.91,1240000000.0,1.98,1014.25,1006.91,1021.59,1003.58,5170000000.0,0.81,988.21,952.24,1001.97,935.99,33130000000.000004,4.53,1013.15
2013-03-01,1013.15,1015.48,1020.35,1010.77,995980000.0,-0.09,1014.25,1006.91,1021.59,1003.58,5170000000.0,0.81,1014.03,993.32,1021.59,982.12,23370000000.0,2.61,1014.2
2013-03-04,1014.2,1013.8,1016.38,1007.79,1110000000.0,0.1,1013.15,1011.98,1020.35,994.37,4440000000.0,-0.11,1014.03,993.32,1021.59,982.12,23370000000.0,2.61,1018.94
2013-03-05,1018.94,1021.47,1023.53,1016.49,1270000000.0,0.47,1013.15,1011.98,1020.35,994.37,4440000000.0,-0.11,1014.03,993.32,1021.59,982.12,23370000000.0,2.61,1024.14
2013-03-06,1024.14,1025.15,1026.51,1020.77,996000000.0,0.51,1013.15,1011.98,1020.35,994.37,4440000000.0,-0.11,1014.03,993.32,1021.59,982.12,23370000000.0,2.61,1022.64
2013-03-07,1022.64,1024.64,1025.61,1018.73,1610000000.0,-0.15,1013.15,1011.98,1020.35,994.37,4440000000.0,-0.11,1014.03,993.32,1021.59,982.12,23370000000.0,2.61,1025.72
2013-03-08,1025.72,1029.83,1031.31,1022.68,1550000000.0,0.3,1013.15,1011.98,1020.35,994.37,4440000000.0,-0.11,1014.03,993.32,1021.59,982.12,23370000000.0,2.61,1032.33
2013-03-11,1032.33,1029.98,1035.21,1027.51,1820000000.0,0.64,1025.72,1013.8,1031.31,1007.79,6540000000.0,1.24,1014.03,993.32,1021.59,982.12,23370000000.0,2.61,1032.74
2013-03-12,1032.74,1035.11,1037.14,1028.02,1390000000.0,0.04,1025.72,1013.8,1031.31,1007.79,6540000000.0,1.24,1014.03,993.32,1021.59,982.12,23370000000.0,2.61,1033.34
2013-03-13,1033.34,1033.34,1035.8,1027.74,1060000000.0,0.06,1025.72,1013.8,1031.31,1007.79,6540000000.0,1.24,1014.03,993.32,1021.59,982.12,23370000000.0,2.61,1038.12
2013-03-14,1038.12,1031.59,1038.59,1028.59,1320000000.0,0.46,1025.72,1013.8,1031.31,1007.79,6540000000.0,1.24,1014.03,993.32,1021.59,982.12,23370000000.0,2.61,1045.26
2013-03-15,1045.26,1044.45,1046.88,1040.68,2060000000.0,0.69,1025.72,1013.8,1031.31,1007.79,6540000000.0,1.24,1014.03,993.32,1021.59,982.12,23370000000.0,2.61,1041.27
2013-03-18,1041.27,1038.18,1043.78,1037.04,1610000000.0,-0.38,1045.26,1029.98,1046.88,1027.51,7650000000.0,1.91,1014.03,993.32,1021.59,982.12,23370000000.0,2.61,1029.44
2013-03-19,1029.44,1045.86,1047.64,1021.25,2220000000.0,-1.14,1045.26,1029.98,1046.88,1027.51,7650000000.0,1.91,1014.03,993.32,1021.59,982.12,23370000000.0,2.61,1016.01
2013-03-20,1016.01,1029.96,1030.86,1012.07,2090000000.0,-1.3,1045.26,1029.98,1046.88,1027.51,7650000000.0,1.91,1014.03,993.32,1021.59,982.12,23370000000.0,2.61,1008.14
2013-03-21,1008.14,1018.36,1019.66,1005.11,1800000000.0,-0.77,1045.26,1029.98,1046.88,1027.51,7650000000.0,1.91,1014.03,993.32,1021.59,982.12,23370000000.0,2.61,977.04
2013-03-22,977.04,1003.43,1007.47,971.25,2870000000.0,-3.08,1045.26,1029.98,1046.88,1027.51,7650000000.0,1.91,1014.03,993.32,1021.59,982.12,23370000000.0,2.61,1002.43
2013-03-25,1002.43,987.29,1004.66,984.44,1300000000.0,2.6,977.04,1038.18,1047.64,971.25,10590000000.0,-6.53,1014.03,993.32,1021.59,982.12,23370000000.0,2.61,1015.99
2013-03-26,1015.99,1002.53,1018.49,997.63,1280000000.0,1.35,977.04,1038.18,1047.64,971.25,10590000000.0,-6.53,1014.03,993.32,1021.59,982.12,23370000000.0,2.61,1025.96
2013-03-27,1025.96,1021.61,1032.72,1020.81,1110000000.0,0.98,977.04,1038.18,1047.64,971.25,10590000000.0,-6.53,1014.03,993.32,1021.59,982.12,23370000000.0,2.61,1014.98
2013-03-28,1014.98,1022.91,1025.95,1012.06,1560000000.0,-1.07,977.04,1038.18,1047.64,971.25,10590000000.0,-6.53,1014.03,993.32,1021.59,982.12,23370000000.0,2.61,1024.92
2013-03-29,1024.92,1021.29,1029.33,1020.78,1010000000.0,0.98,977.04,1038.18,1047.64,971.25,10590000000.0,-6.53,1014.03,993.32,1021.59,982.12,23370000000.0,2.61,1017.35
2013-04-01,1017.35,1024.99,1025.31,1016.9,642380000.0,-0.74,1024.92,987.29,1032.72,984.44,6260000000.0,4.9,1024.92,1015.48,1047.64,971.25,32030000000.0,1.07,1021.89
2013-04-02,1021.89,1020.0,1024.49,1012.04,780040000.0,0.45,1024.92,987.29,1032.72,984.44,6260000000.0,4.9,1024.92,1015.48,1047.64,971.25,32030000000.0,1.07,1004.67
2013-04-03,1004.67,1027.22,1030.26,1003.4,1120000000.0,-1.69,1024.92,987.29,1032.72,984.44,6260000000.0,4.9,1024.92,1015.48,1047.64,971.25,32030000000.0,1.07,1010.71
2013-04-04,1010.71,982.66,1010.71,980.91,1130000000.0,0.6,1024.92,987.29,1032.72,984.44,6260000000.0,4.9,1024.92,1015.48,1047.64,971.25,32030000000.0,1.07,982.48
2013-04-05,982.48,1000.06,1001.92,980.14,915020000.0,-2.79,1024.92,987.29,1032.72,984.44,6260000000.0,4.9,1024.92,1015.48,1047.64,971.25,32030000000.0,1.07,971.41
2013-04-09,971.41,985.86,986.63,968.9,661340000.0,-1.13,982.48,1024.99,1030.26,980.14,4580000000.0,-4.14,1024.92,1015.48,1047.64,971.25,32030000000.0,1.07,984.77
2013-04-10,984.77,975.04,984.77,962.05,748340000.0,1.38,982.48,1024.99,1030.26,980.14,4580000000.0,-4.14,1024.92,1015.48,1047.64,971.25,32030000000.0,1.07,1002.02
2013-04-11,1002.02,991.67,1002.08,984.55,808000000.0,1.75,982.48,1024.99,1030.26,980.14,4580000000.0,-4.14,1024.92,1015.48,1047.64,971.25,32030000000.0,1.07,1007.45
2013-04-12,1007.45,1003.52,1010.6,999.42,633090000.0,0.54,982.48,1024.99,1030.26,980.14,4580000000.0,-4.14,1024.92,1015.48,1047.64,971.25,32030000000.0,1.07,1003.73
2013-04-17,1003.73,1005.11,1015.62,1001.27,1070000000.0,-0.37,1007.45,985.86,1010.6,962.05,2850000000.0,2.54,1024.92,1015.48,1047.64,971.25,32030000000.0,1.07,1008.83
2013-04-18,1008.83,1003.23,1009.05,994.49,894840000.0,0.51,1007.45,985.86,1010.6,962.05,2850000000.0,2.54,1024.92,1015.48,1047.64,971.25,32030000000.0,1.07,1018.36
2013-04-19,1018.36,1012.14,1022.82,1009.19,1160000000.0,0.94,1007.45,985.86,1010.6,962.05,2850000000.0,2.54,1024.92,1015.48,1047.64,971.25,32030000000.0,1.07,1027.92
2013-04-22,1027.92,1027.66,1028.66,1017.66,1140000000.0,0.94,1018.36,1005.11,1022.82,994.49,3130000000.0,1.08,1024.92,1015.48,1047.64,971.25,32030000000.0,1.07,1021.18
2013-04-23,1021.18,1025.61,1031.38,1018.81,1010000000.0,-0.66,1018.36,1005.11,1022.82,994.49,3130000000.0,1.08,1024.92,1015.48,1047.64,971.25,32030000000.0,1.07,1024.94
2013-04-24,1024.94,1026.0,1029.32,1021.68,1220000000.0,0.37,1018.36,1005.11,1022.82,994.49,3130000000.0,1.08,1024.92,1015.48,1047.64,971.25,32030000000.0,1.07,1039.46
2013-04-25,1039.46,1026.64,1040.12,1025.54,1100000000.0,1.42,1018.36,1005.11,1022.82,994.49,3130000000.0,1.08,1024.92,1015.48,1047.64,971.25,32030000000.0,1.07,1044.82
2013-04-26,1044.82,1044.99,1048.69,1039.59,868720000.0,0.52,1018.36,1005.11,1022.82,994.49,3130000000.0,1.08,1024.92,1015.48,1047.64,971.25,32030000000.0,1.07,1046.12
2013-04-29,1046.12,1049.61,1051.96,1039.44,1070000000.0,0.12,1044.82,1027.66,1048.69,1017.66,5340000000.0,2.6,1024.92,1015.48,1047.64,971.25,32030000000.0,1.07,1055.62
2013-04-30,1055.62,1051.99,1055.62,1046.08,903800000.0,0.91,1044.82,1027.66,1048.69,1017.66,5340000000.0,2.6,1024.92,1015.48,1047.64,971.25,32030000000.0,1.07,1050.48
2013-05-02,1050.48,1058.74,1059.98,1049.64,1220000000.0,-0.49,1044.82,1027.66,1048.69,1017.66,5340000000.0,2.6,1055.62,1024.99,1055.62,962.05,17870000000.0,3.0,1042.7
2013-05-03,1042.7,1054.92,1056.83,1040.99,1110000000.0,-0.74,1044.82,1027.66,1048.69,1017.66,5340000000.0,2.6,1055.62,1024.99,1055.62,962.05,17870000000.0,3.0,1061.37
2013-05-07,1061.37,1049.43,1061.37,1038.83,909320000.0,1.79,1042.7,1049.61,1059.98,1039.44,4310000000.0,-0.2,1055.62,1024.99,1055.62,962.05,17870000000.0,3.0,1071.05
2013-05-08,1071.05,1066.68,1076.58,1064.76,1090000000.0,0.91,1042.7,1049.61,1059.98,1039.44,4310000000.0,-0.2,1055.62,1024.99,1055.62,962.05,17870000000.0,3.0,1075.95
2013-05-09,1075.95,1073.77,1079.77,1067.7,1200000000.0,0.46,1042.7,1049.61,1059.98,1039.44,4310000000.0,-0.2,1055.62,1024.99,1055.62,962.05,17870000000.0,3.0,1076.13
2013-05-10,1076.13,1076.64,1079.54,1070.14,958690000.0,0.02,1042.7,1049.61,1059.98,1039.44,4310000000.0,-0.2,1055.62,1024.99,1055.62,962.05,17870000000.0,3.0,1071.68
2013-05-13,1071.68,1074.94,1077.93,1065.12,902800000.0,-0.41,1076.13,1049.43,1079.77,1038.83,4160000000.0,3.21,1055.62,1024.99,1055.62,962.05,17870000000.0,3.0,1074.35
2013-05-14,1074.35,1073.3,1079.77,1072.37,927670000.0,0.25,1076.13,1049.43,1079.77,1038.83,4160000000.0,3.21,1055.62,1024.99,1055.62,962.05,17870000000.0,3.0,1081.13
2013-05-15,1081.13,1080.46,1084.09,1078.51,882810000.0,0.63,1076.13,1049.43,1079.77,1038.83,4160000000.0,3.21,1055.62,1024.99,1055.62,962.05,17870000000.0,3.0,1072.89
2013-05-16,1072.89,1083.05,1084.81,1067.9,1220000000.0,-0.76,1076.13,1049.43,1079.77,1038.83,4160000000.0,3.21,1055.62,1024.99,1055.62,962.05,17870000000.0,3.0,1079.78
2013-05-17,1079.78,1070.43,1083.13,1067.09,939570000.0,0.64,1076.13,1049.43,1079.77,1038.83,4160000000.0,3.21,1055.62,1024.99,1055.62,962.05,17870000000.0,3.0,1092.27
2013-05-20,1092.27,1086.04,1094.62,1085.41,1060000000.0,1.16,1079.78,1074.94,1084.81,1065.12,4870000000.0,0.34,1055.62,1024.99,1055.62,962.05,17870000000.0,3.0,1091.2
2013-05-21,1091.2,1093.31,1096.29,1088.24,1050000000.0,-0.1,1079.78,1074.94,1084.81,1065.12,4870000000.0,0.34,1055.62,1024.99,1055.62,962.05,17870000000.0,3.0,1081.69
2013-05-22,1081.69,1089.41,1094.6,1081.2,1470000000.0,-0.87,1079.78,1074.94,1084.81,1065.12,4870000000.0,0.34,1055.62,1024.99,1055.62,962.05,17870000000.0,3.0,1064.49
2013-05-23,1064.49,1075.66,1079.68,1048.25,1790000000.0,-1.59,1079.78,1074.94,1084.81,1065.12,4870000000.0,0.34,1055.62,1024.99,1055.62,962.05,17870000000.0,3.0,1053.5
2013-05-27,1053.5,1057.67,1058.02,1047.82,1200000000.0,-1.03,1064.49,1086.04,1096.29,1048.25,5370000000.0,-1.42,1055.62,1024.99,1055.62,962.05,17870000000.0,3.0,1072.57
2013-05-28,1072.57,1053.45,1072.57,1052.52,1130000000.0,1.81,1064.49,1086.04,1096.29,1048.25,5370000000.0,-1.42,1055.62,1024.99,1055.62,962.05,17870000000.0,3.0,1058.59
2013-05-29,1058.59,1070.85,1075.93,1056.93,1240000000.0,-1.3,1064.49,1086.04,1096.29,1048.25,5370000000.0,-1.42,1055.62,1024.99,1055.62,962.05,17870000000.0,3.0,1044.4
2013-05-30,1044.4,1048.9,1056.26,1041.47,1060000000.0,-1.34,1064.49,1086.04,1096.29,1048.25,5370000000.0,-1.42,1055.62,1024.99,1055.62,962.05,17870000000.0,3.0,1029.01
2013-05-31,1029.01,1049.86,1054.27,1024.14,1820000000.0,-1.47,1064.49,1086.04,1096.29,1048.25,5370000000.0,-1.42,1055.62,1024.99,1055.62,962.05,17870000000.0,3.0,1015.37
2013-06-03,1015.37,1025.82,1032.75,1012.13,1310000000.0,-1.33,1029.01,1057.67,1075.93,1024.14,6450000000.0,-3.33,1029.01,1058.74,1096.29,1024.14,23180000000.0,-2.52,1028.91
2013-06-04,1028.91,1019.41,1029.97,1005.27,1220000000.0,1.33,1029.01,1057.67,1075.93,1024.14,6450000000.0,-3.33,1029.01,1058.74,1096.29,1024.14,23180000000.0,-2.52,1005.65
2013-06-05,1005.65,1022.27,1024.18,1005.65,993340000.0,-2.26,1029.01,1057.67,1075.93,1024.14,6450000000.0,-3.33,1029.01,1058.74,1096.29,1024.14,23180000000.0,-2.52,989.0
2013-06-06,989.0,997.2,999.82,983.87,2070000000.0,-1.66,1029.01,1057.67,1075.93,1024.14,6450000000.0,-3.33,1029.01,1058.74,1096.29,1024.14,23180000000.0,-2.52,1007.39
2013-06-07,1007.39,985.3,1008.31,984.49,1470000000.0,1.86,1029.01,1057.67,1075.93,1024.14,6450000000.0,-3.33,1029.01,1058.74,1096.29,1024.14,23180000000.0,-2.52,1014.27
2013-06-10,1014.27,1018.07,1023.03,1012.23,639050000.0,0.68,1007.39,1025.82,1032.75,983.87,7070000000.0,-2.1,1029.01,1058.74,1096.29,1024.14,23180000000.0,-2.52,962.73
2013-06-11,962.73,1006.4,1006.81,958.82,1340000000.0,-5.08,1007.39,1025.82,1032.75,983.87,7070000000.0,-2.1,1029.01,1058.74,1096.29,1024.14,23180000000.0,-2.52,950.87
2013-06-12,950.87,950.74,969.52,942.5,1430000000.0,-1.23,1007.39,1025.82,1032.75,983.87,7070000000.0,-2.1,1029.01,1058.74,1096.29,1024.14,23180000000.0,-2.52,938.26
2013-06-13,938.26,917.91,944.58,903.24,2160000000.0,-1.33,1007.39,1025.82,1032.75,983.87,7070000000.0,-2.1,1029.01,1058.74,1096.29,1024.14,23180000000.0,-2.52,978.87
2013-06-14,978.87,964.89,979.08,962.14,1500000000.0,4.33,1007.39,1025.82,1032.75,983.87,7070000000.0,-2.1,1029.01,1058.74,1096.29,1024.14,23180000000.0,-2.52,982.16
2013-06-17,982.16,982.57,985.27,966.77,897270000.0,0.34,978.87,1018.07,1023.03,903.24,7070000000.0,-2.83,1029.01,1058.74,1096.29,1024.14,23180000000.0,-2.52,950.53
2013-06-18,950.53,980.64,997.14,950.53,1230000000.0,-3.22,978.87,1018.07,1023.03,903.24,7070000000.0,-2.83,1029.01,1058.74,1096.29,1024.14,23180000000.0,-2.52,960.32
2013-06-19,960.32,962.23,966.1,942.3,1120000000.0,1.03,978.87,1018.07,1023.03,903.24,7070000000.0,-2.83,1029.01,1058.74,1096.29,1024.14,23180000000.0,-2.52,937.44
2013-06-20,937.44,932.01,944.24,927.56,1340000000.0,-2.38,978.87,1018.07,1023.03,903.24,7070000000.0,-2.83,1029.01,1058.74,1096.29,1024.14,23180000000.0,-2.52,940.65
2013-06-21,940.65,921.76,945.86,907.93,1900000000.0,0.34,978.87,1018.07,1023.03,903.24,7070000000.0,-2.83,1029.01,1058.74,1096.29,1024.14,23180000000.0,-2.52,916.55
2013-06-24,916.55,932.75,943.78,916.55,1030000000.0,-2.56,940.65,982.57,997.14,907.93,6480000000.0,-3.9,1029.01,1058.74,1096.29,1024.14,23180000000.0,-2.52,934.24
2013-06-25,934.24,923.73,941.53,899.82,1570000000.0,1.93,940.65,982.57,997.14,907.93,6480000000.0,-3.9,1029.01,1058.74,1096.29,1024.14,23180000000.0,-2.52,961.98
2013-06-26,961.98,945.77,963.07,937.81,1480000000.0,2.97,940.65,982.57,997.14,907.93,6480000000.0,-3.9,1029.01,1058.74,1096.29,1024.14,23180000000.0,-2.52,978.96
2013-06-27,978.96,981.25,989.45,958.05,1450000000.0,1.77,940.65,982.57,997.14,907.93,6480000000.0,-3.9,1029.01,1058.74,1096.29,1024.14,23180000000.0,-2.52,982.99
2013-06-28,982.99,992.16,994.32,978.22,1280000000.0,0.41,940.65,982.57,997.14,907.93,6480000000.0,-3.9,1029.01,1058.74,1096.29,1024.14,23180000000.0,-2.52,992.0
2013-07-02,992.0,992.28,1000.2,983.65,1140000000.0,0.92,982.99,932.75,994.32,899.82,6800000000.0,4.5,982.99,1025.82,1032.75,899.82,27420000000.0,-4.47,977.0
2013-07-03,977.0,984.84,992.06,969.35,1400000000.0,-1.51,982.99,932.75,994.32,899.82,6800000000.0,4.5,982.99,1025.82,1032.75,899.82,27420000000.0,-4.47,969.0
2013-07-04,969.0,981.96,984.4,964.01,1660000000.0,-0.82,982.99,932.75,994.32,899.82,6800000000.0,4.5,982.99,1025.82,1032.75,899.82,27420000000.0,-4.47,977.53
2013-07-05,977.53,978.22,980.64,969.26,892180000.0,0.88,982.99,932.75,994.32,899.82,6800000000.0,4.5,982.99,1025.82,1032.75,899.82,27420000000.0,-4.47,952.19
2013-07-08,952.19,965.5,970.15,952.14,1200000000.0,-2.59,977.53,992.28,1000.2,964.01,5090000000.0,-0.56,982.99,1025.82,1032.75,899.82,27420000000.0,-4.47,949.11
2013-07-09,949.11,954.46,963.5,948.47,1510000000.0,-0.32,977.53,992.28,1000.2,964.01,5090000000.0,-0.56,982.99,1025.82,1032.75,899.82,27420000000.0,-4.47,946.66
2013-07-10,946.66,951.65,955.69,936.62,1480000000.0,-0.26,977.53,992.28,1000.2,964.01,5090000000.0,-0.56,982.99,1025.82,1032.75,899.82,27420000000.0,-4.47,989.22
2013-07-11,989.22,962.41,989.22,961.68,1510000000.0,4.5,977.53,992.28,1000.2,964.01,5090000000.0,-0.56,982.99,1025.82,1032.75,899.82,27420000000.0,-4.47,991.6
2013-07-12,991.6,993.97,997.49,984.0,1120000000.0,0.24,977.53,992.28,1000.2,964.01,5090000000.0,-0.56,982.99,1025.82,1032.75,899.82,27420000000.0,-4.47,989.99
2013-07-15,989.99,999.2,999.53,986.02,1050000000.0,-0.16,991.6,965.5,997.49,936.62,6820000000.0,1.44,982.99,1025.82,1032.75,899.82,27420000000.0,-4.47,986.45
2013-07-16,986.45,987.71,990.11,975.11,964170000.0,-0.36,991.6,965.5,997.49,936.62,6820000000.0,1.44,982.99,1025.82,1032.75,899.82,27420000000.0,-4.47,991.41
2013-07-17,991.41,991.46,995.97,986.21,873100000.0,0.5,991.6,965.5,997.49,936.62,6820000000.0,1.44,982.99,1025.82,1032.75,899.82,27420000000.0,-4.47,1010.46
2013-07-18,1010.46,995.6,1011.41,994.48,1320000000.0,1.92,991.6,965.5,997.49,936.62,6820000000.0,1.44,982.99,1025.82,1032.75,899.82,27420000000.0,-4.47,1004.94
2013-07-19,1004.94,1011.56,1011.68,1000.5,1300000000.0,-0.55,991.6,965.5,997.49,936.62,6820000000.0,1.44,982.99,1025.82,1032.75,899.82,27420000000.0,-4.47,1027.39
2013-07-23,1027.39,1019.6,1027.39,1015.78,1330000000.0,2.23,1004.94,999.2,1011.68,975.11,5510000000.0,1.35,982.99,1025.82,1032.75,899.82,27420000000.0,-4.47,1017.9
2013-07-24,1017.9,1026.0,1030.2,1014.77,1430000000.0,-0.92,1004.94,999.2,1011.68,975.11,5510000000.0,1.35,982.99,1025.82,1032.75,899.82,27420000000.0,-4.47,987.42
2013-07-25,987.42,1012.12,1013.16,987.38,1690000000.0,-2.99,1004.94,999.2,1011.68,975.11,5510000000.0,1.35,982.99,1025.82,1032.75,899.82,27420000000.0,-4.47,1002.93
2013-07-26,1002.93,991.02,1002.93,979.99,1200000000.0,1.57,1004.94,999.2,1011.68,975.11,5510000000.0,1.35,982.99,1025.82,1032.75,899.82,27420000000.0,-4.47,986.13
2013-07-29,986.13,991.43,992.46,983.72,921980000.0,-1.68,1002.93,1019.6,1030.2,979.99,5650000000.0,-0.2,982.99,1025.82,1032.75,899.82,27420000000.0,-4.47,971.85
2013-07-30,971.85,989.77,994.44,971.42,802950000.0,-1.45,1002.93,1019.6,1030.2,979.99,5650000000.0,-0.2,982.99,1025.82,1032.75,899.82,27420000000.0,-4.47,966.03
2013-07-31,966.03,972.71,973.39,950.19,1250000000.0,-0.6,1002.93,1019.6,1030.2,979.99,5650000000.0,-0.2,982.99,1025.82,1032.75,899.82,27420000000.0,-4.47,977.47
2013-08-01,977.47,977.0,982.59,967.23,864120000.0,1.18,1002.93,1019.6,1030.2,979.99,5650000000.0,-0.2,966.03,992.28,1030.2,936.62,26040000000.0,-1.73,966.98
2013-08-02,966.98,979.06,980.66,956.64,1320000000.0,-1.07,1002.93,1019.6,1030.2,979.99,5650000000.0,-0.2,966.03,992.28,1030.2,936.62,26040000000.0,-1.73,970.19
2013-08-05,970.19,963.99,973.03,956.15,685270000.0,0.33,966.98,991.43,994.44,950.19,5160000000.0,-3.58,966.03,992.28,1030.2,936.62,26040000000.0,-1.73,973.34
2013-08-06,973.34,960.71,981.92,958.45,895430000.0,0.32,966.98,991.43,994.44,950.19,5160000000.0,-3.58,966.03,992.28,1030.2,936.62,26040000000.0,-1.73,972.45
2013-08-07,972.45,966.2,977.1,963.85,901080000.0,-0.09,966.98,991.43,994.44,950.19,5160000000.0,-3.58,966.03,992.28,1030.2,936.62,26040000000.0,-1.73,983.96
2013-08-08,983.96,979.25,990.36,978.6,1070000000.0,1.18,966.98,991.43,994.44,950.19,5160000000.0,-3.58,966.03,992.28,1030.2,936.62,26040000000.0,-1.73,969.7
2013-08-09,969.7,982.35,982.59,969.07,875680000.0,-1.45,966.98,991.43,994.44,950.19,5160000000.0,-3.58,966.03,992.28,1030.2,936.62,26040000000.0,-1.73,989.86
2013-08-13,989.86,977.87,989.86,976.77,1230000000.0,2.08,969.7,963.99,990.36,956.15,4430000000.0,0.28,966.03,992.28,1030.2,936.62,26040000000.0,-1.73,992.98
2013-08-14,992.98,987.88,993.13,985.17,932690000.0,0.32,969.7,963.99,990.36,956.15,4430000000.0,0.28,966.03,992.28,1030.2,936.62,26040000000.0,-1.73,986.83
2013-08-15,986.83,991.22,993.37,982.93,1110000000.0,-0.62,969.7,963.99,990.36,956.15,4430000000.0,0.28,966.03,992.28,1030.2,936.62,26040000000.0,-1.73,981.08
2013-08-16,981.08,978.05,986.18,977.47,1320000000.0,-0.58,969.7,963.99,990.36,956.15,4430000000.0,0.28,966.03,992.28,1030.2,936.62,26040000000.0,-1.73,947.7
2013-08-19,947.7,974.73,975.58,947.7,1540000000.0,-3.4,981.08,977.87,993.37,976.77,4600000000.0,1.17,966.03,992.28,1030.2,936.62,26040000000.0,-1.73,931.47
2013-08-20,931.47,934.72,935.88,917.1,2090000000.0,-1.71,981.08,977.87,993.37,976.77,4600000000.0,1.17,966.03,992.28,1030.2,936.62,26040000000.0,-1.73,918.82
2013-08-21,918.82,919.68,932.88,917.99,1960000000.0,-1.36,981.08,977.87,993.37,976.77,4600000000.0,1.17,966.03,992.28,1030.2,936.62,26040000000.0,-1.73,919.82
2013-08-22,919.82,908.93,922.74,898.52,2190000000.0,0.11,981.08,977.87,993.37,976.77,4600000000.0,1.17,966.03,992.28,1030.2,936.62,26040000000.0,-1.73,908.97
2013-08-23,908.97,932.17,933.35,908.58,2230000000.0,-1.18,981.08,977.87,993.37,976.77,4600000000.0,1.17,966.03,992.28,1030.2,936.62,26040000000.0,-1.73,903.47
2013-08-26,903.47,916.89,922.14,902.92,1460000000.0,-0.61,908.97,974.73,975.58,898.52,10010000000.0,-7.35,966.03,992.28,1030.2,936.62,26040000000.0,-1.73,883.9
2013-08-27,883.9,897.88,898.94,880.72,1850000000.0,-2.17,908.97,974.73,975.58,898.52,10010000000.0,-7.35,966.03,992.28,1030.2,936.62,26040000000.0,-1.73,873.62
2013-08-28,873.62,869.63,888.0,861.97,2380000000.0,-1.16,908.97,974.73,975.58,898.52,10010000000.0,-7.35,966.03,992.28,1030.2,936.62,26040000000.0,-1.73,885.07
2013-08-29,885.07,878.46,886.76,870.93,1380000000.0,1.31,908.97,974.73,975.58,898.52,10010000000.0,-7.35,966.03,992.28,1030.2,936.62,26040000000.0,-1.73,882.98
2013-08-30,882.98,891.07,891.51,876.91,1250000000.0,-0.24,908.97,974.73,975.58,898.52,10010000000.0,-7.35,966.03,992.28,1030.2,936.62,26040000000.0,-1.73,903.5
2013-09-02,903.5,886.37,903.5,883.75,1440000000.0,2.32,882.98,916.89,922.14,861.97,8310000000.000001,-2.86,882.98,977.0,993.37,861.97,29530000000.0,-8.6,898.13
2013-09-03,898.13,902.41,910.35,894.81,1370000000.0,-0.59,882.98,916.89,922.14,861.97,8310000000.000001,-2.86,882.98,977.0,993.37,861.97,29530000000.0,-8.6,889.33
2013-09-04,889.33,894.57,900.52,887.77,968680000.0,-0.98,882.98,916.89,922.14,861.97,8310000000.000001,-2.86,882.98,977.0,993.37,861.97,29530000000.0,-8.6,897.31
2013-09-05,897.31,893.49,906.88,891.07,1040000000.0,0.9,882.98,916.89,922.14,861.97,8310000000.000001,-2.86,882.98,977.0,993.37,861.97,29530000000.0,-8.6,913.56
2013-09-06,913.56,898.14,914.73,895.61,947780000.0,1.81,882.98,916.89,922.14,861.97,8310000000.000001,-2.86,882.98,977.0,993.37,861.97,29530000000.0,-8.6,951.35
2013-09-09,951.35,927.07,951.35,926.11,1460000000.0,4.14,913.56,886.37,914.73,883.75,5770000000.0,3.46,882.98,977.0,993.37,861.97,29530000000.0,-8.6,957.77
2013-09-10,957.77,958.49,972.79,950.23,3170000000.0,0.67,913.56,886.37,914.73,883.75,5770000000.0,3.46,882.98,977.0,993.37,861.97,29530000000.0,-8.6,970.21
2013-09-11,970.21,958.41,970.42,946.86,1690000000.0,1.3,913.56,886.37,914.73,883.75,5770000000.0,3.46,882.98,977.0,993.37,861.97,29530000000.0,-8.6,956.7
2013-09-12,956.7,971.36,977.18,956.7,1380000000.0,-1.39,913.56,886.37,914.73,883.75,5770000000.0,3.46,882.98,977.0,993.37,861.97,29530000000.0,-8.6,957.25
2013-09-13,957.25,949.98,968.34,948.8,1670000000.0,0.06,913.56,886.37,914.73,883.75,5770000000.0,3.46,882.98,977.0,993.37,861.97,29530000000.0,-8.6,989.37
2013-09-16,989.37,979.25,989.53,978.52,2330000000.0,3.36,957.25,927.07,977.18,926.11,9370000000.0,4.78,882.98,977.0,993.37,861.97,29530000000.0,-8.6,988.56
2013-09-17,988.56,988.25,992.52,982.14,1600000000.0,-0.08,957.25,927.07,977.18,926.11,9370000000.0,4.78,882.98,977.0,993.37,861.97,29530000000.0,-8.6,982.43
2013-09-18,982.43,987.38,993.04,977.35,1540000000.0,-0.62,957.25,927.07,977.18,926.11,9370000000.0,4.78,882.98,977.0,993.37,861.97,29530000000.0,-8.6,1019.09
2013-09-19,1019.09,1017.26,1023.56,1012.11,2330000000.0,3.73,957.25,927.07,977.18,926.11,9370000000.0,4.78,882.98,977.0,993.37,861.97,29530000000.0,-8.6,1017.3
2013-09-20,1017.3,1014.36,1018.72,1008.02,1770000000.0,-0.18,957.25,927.07,977.18,926.11,9370000000.0,4.78,882.98,977.0,993.37,861.97,29530000000.0,-8.6,983.2
2013-09-23,983.2,1006.56,1007.03,979.86,1570000000.0,-3.35,1017.3,979.25,1023.56,977.35,9580000000.0,6.27,882.98,977.0,993.37,861.97,29530000000.0,-8.6,968.7
2013-09-24,968.7,979.03,986.31,967.53,1290000000.0,-1.47,1017.3,979.25,1023.56,977.35,9580000000.0,6.27,882.98,977.0,993.37,861.97,29530000000.0,-8.6,982.96
2013-09-25,982.96,971.0,982.96,964.59,1090000000.0,1.47,1017.3,979.25,1023.56,977.35,9580000000.0,6.27,882.98,977.0,993.37,861.97,29530000000.0,-8.6,973.13
2013-09-26,973.13,973.21,985.46,972.51,1000000000.0,-1.0,1017.3,979.25,1023.56,977.35,9580000000.0,6.27,882.98,977.0,993.37,861.97,29530000000.0,-8.6,967.51
2013-09-27,967.51,979.3,981.39,964.39,857700000.0,-0.58,1017.3,979.25,1023.56,977.35,9580000000.0,6.27,882.98,977.0,993.37,861.97,29530000000.0,-8.6,940.88
2013-09-30,940.88,953.89,954.31,939.86,881940000.0,-2.75,967.51,1006.56,1007.03,964.39,5800000000.0,-4.89,882.98,977.0,993.37,861.97,29530000000.0,-8.6,959.71
2013-10-01,959.71,945.59,962.34,939.43,1060000000.0,2.0,967.51,1006.56,1007.03,964.39,5800000000.0,-4.89,940.88,886.37,1023.56,883.75,31410000000.0,6.56,959.29
2013-10-02,959.29,960.43,964.7,953.55,709230000.0,-0.04,967.51,1006.56,1007.03,964.39,5800000000.0,-4.89,940.88,886.37,1023.56,883.75,31410000000.0,6.56,974.66
2013-10-03,974.66,966.44,977.89,965.92,1290000000.0,1.6,967.51,1006.56,1007.03,964.39,5800000000.0,-4.89,940.88,886.37,1023.56,883.75,31410000000.0,6.56,973.12
2013-10-04,973.12,969.8,975.84,966.29,953950000.0,-0.16,967.51,1006.56,1007.03,964.39,5800000000.0,-4.89,940.88,886.37,1023.56,883.75,31410000000.0,6.56,962.87
2013-10-07,962.87,970.57,976.52,962.3,1380000000.0,-1.05,973.12,953.89,977.89,939.43,4890000000.0,0.58,940.88,886.37,1023.56,883.75,31410000000.0,6.56,978.53
2013-10-08,978.53,962.91,981.54,959.79,1090000000.0,1.63,973.12,953.89,977.89,939.43,4890000000.0,0.58,940.88,886.37,1023.56,883.75,31410000000.0,6.56,979.02
2013-10-09,979.02,979.87,980.75,973.3,906230000.0,0.05,973.12,953.89,977.89,939.43,4890000000.0,0.58,940.88,886.37,1023.56,883.75,31410000000.0,6.56,991.92
2013-10-10,991.92,981.2,995.0,979.84,1350000000.0,1.32,973.12,953.89,977.89,939.43,4890000000.0,0.58,940.88,886.37,1023.56,883.75,31410000000.0,6.56,996.01
2013-10-11,996.01,1004.42,1005.07,992.88,1290000000.0,0.41,973.12,953.89,977.89,939.43,4890000000.0,0.58,940.88,886.37,1023.56,883.75,31410000000.0,6.56,997.23
2013-10-14,997.23,990.16,998.42,984.19,2160000000.0,0.12,996.01,970.57,1005.07,959.79,6020000000.0,2.35,940.88,886.37,1023.56,883.75,31410000000.0,6.56,1006.65
2013-10-15,1006.65,1004.08,1009.38,1001.28,1730000000.0,0.94,996.01,970.57,1005.07,959.79,6020000000.0,2.35,940.88,886.37,1023.56,883.75,31410000000.0,6.56,999.59
2013-10-16,999.59,1005.22,1010.44,999.59,2320000000.0,-0.7,996.01,970.57,1005.07,959.79,6020000000.0,2.35,940.88,886.37,1023.56,883.75,31410000000.0,6.56,1002.85
2013-10-17,1002.85,1003.47,1011.19,997.75,2770000000.0,0.33,996.01,970.57,1005.07,959.79,6020000000.0,2.35,940.88,886.37,1023.56,883.75,31410000000.0,6.56,1014.42
2013-10-18,1014.42,1008.58,1014.87,1003.93,1310000000.0,1.15,996.01,970.57,1005.07,959.79,6020000000.0,2.35,940.88,886.37,1023.56,883.75,31410000000.0,6.56,988.5
2013-10-21,988.5,1013.57,1014.28,986.25,1500000000.0,-2.56,1014.42,990.16,1014.87,984.19,10290000000.0,1.85,940.88,886.37,1023.56,883.75,31410000000.0,6.56,994.7
2013-10-22,994.7,987.13,994.7,981.17,1270000000.0,0.63,1014.42,990.16,1014.87,984.19,10290000000.0,1.85,940.88,886.37,1023.56,883.75,31410000000.0,6.56,1001.3
2013-10-24,1001.3,986.34,1001.3,984.68,1020000000.0,0.66,1014.42,990.16,1014.87,984.19,10290000000.0,1.85,940.88,886.37,1023.56,883.75,31410000000.0,6.56,992.01
2013-10-25,992.01,999.47,999.77,989.83,1040000000.0,-0.93,1014.42,990.16,1014.87,984.19,10290000000.0,1.85,940.88,886.37,1023.56,883.75,31410000000.0,6.56,988.57
2013-10-28,988.57,995.08,998.55,984.47,623540000.0,-0.35,992.01,1013.57,1014.28,981.17,4830000000.0,-2.21,940.88,886.37,1023.56,883.75,31410000000.0,6.56,992.83
2013-10-29,992.83,988.16,993.63,985.33,772830000.0,0.43,992.01,1013.57,1014.28,981.17,4830000000.0,-2.21,940.88,886.37,1023.56,883.75,31410000000.0,6.56,977.09
2013-10-30,977.09,993.21,993.72,973.87,1250000000.0,-1.59,992.01,1013.57,1014.28,981.17,4830000000.0,-2.21,940.88,886.37,1023.56,883.75,31410000000.0,6.56,987.06
2013-10-31,987.06,971.42,987.06,968.53,1870000000.0,1.02,992.01,1013.57,1014.28,981.17,4830000000.0,-2.21,940.88,886.37,1023.56,883.75,31410000000.0,6.56,977.27
2013-11-01,977.27,977.54,980.08,971.46,1110000000.0,-0.99,992.01,1013.57,1014.28,981.17,4830000000.0,-2.21,987.06,945.59,1014.87,939.43,29670000000.0,4.91,949.84
2013-11-04,949.84,965.43,965.78,949.11,1320000000.0,-2.81,977.27,995.08,998.55,968.53,5630000000.0,-1.49,987.06,945.59,1014.87,939.43,29670000000.0,4.91,967.41
2013-11-05,967.41,954.97,969.49,954.25,1510000000.0,1.85,977.27,995.08,998.55,968.53,5630000000.0,-1.49,987.06,945.59,1014.87,939.43,29670000000.0,4.91,982.61
2013-11-06,982.61,969.8,983.65,962.4,1440000000.0,1.57,977.27,995.08,998.55,968.53,5630000000.0,-1.49,987.06,945.59,1014.87,939.43,29670000000.0,4.91,975.97
2013-11-07,975.97,980.49,986.31,971.77,1580000000.0,-0.68,977.27,995.08,998.55,968.53,5630000000.0,-1.49,987.06,945.59,1014.87,939.43,29670000000.0,4.91,960.68
2013-11-08,960.68,968.54,968.95,955.22,1390000000.0,-1.57,977.27,995.08,998.55,968.53,5630000000.0,-1.49,987.06,945.59,1014.87,939.43,29670000000.0,4.91,962.39
2013-11-11,962.39,944.72,964.47,941.84,1150000000.0,0.18,960.68,965.43,986.31,949.11,7240000000.0,-1.7,987.06,945.59,1014.87,939.43,29670000000.0,4.91,965.95
2013-11-12,965.95,970.04,974.2,963.65,913320000.0,0.37,960.68,965.43,986.31,949.11,7240000000.0,-1.7,987.06,945.59,1014.87,939.43,29670000000.0,4.91,957.5
2013-11-13,957.5,958.74,965.89,956.86,778580000.0,-0.87,960.68,965.43,986.31,949.11,7240000000.0,-1.7,987.06,945.59,1014.87,939.43,29670000000.0,4.91,966.27
2013-11-14,966.27,962.46,971.11,961.87,1060000000.0,0.92,960.68,965.43,986.31,949.11,7240000000.0,-1.7,987.06,945.59,1014.87,939.43,29670000000.0,4.91,971.07
2013-11-15,971.07,973.12,975.49,965.77,968120000.0,0.5,960.68,965.43,986.31,949.11,7240000000.0,-1.7,987.06,945.59,1014.87,939.43,29670000000.0,4.91,974.16
2013-11-18,974.16,977.78,978.68,972.34,971910000.0,0.32,971.07,944.72,975.49,941.84,4870000000.0,1.08,987.06,945.59,1014.87,939.43,29670000000.0,4.91,966.06
2013-11-19,966.06,972.29,972.8,963.46,688950000.0,-0.83,971.07,944.72,975.49,941.84,4870000000.0,1.08,987.06,945.59,1014.87,939.43,29670000000.0,4.91,960.66
2013-11-20,960.66,967.93,972.68,957.31,1510000000.0,-0.56,971.07,944.72,975.49,941.84,4870000000.0,1.08,987.06,945.59,1014.87,939.43,29670000000.0,4.91,940.41
2013-11-21,940.41,952.46,953.2,939.04,1220000000.0,-2.11,971.07,944.72,975.49,941.84,4870000000.0,1.08,987.06,945.59,1014.87,939.43,29670000000.0,4.91,927.07
2013-11-22,927.07,937.53,941.76,924.63,1290000000.0,-1.42,971.07,944.72,975.49,941.84,4870000000.0,1.08,987.06,945.59,1014.87,939.43,29670000000.0,4.91,923.3
2013-11-25,923.3,918.12,928.66,917.24,894310000.0,-0.41,927.07,977.78,978.68,924.63,5680000000.0,-4.53,987.06,945.59,1014.87,939.43,29670000000.0,4.91,927.55
2013-11-26,927.55,919.54,934.71,918.07,2660000000.0,0.46,927.07,977.78,978.68,924.63,5680000000.0,-4.53,987.06,945.59,1014.87,939.43,29670000000.0,4.91,937.53
2013-11-27,937.53,924.96,938.51,924.04,1370000000.0,1.08,927.07,977.78,978.68,924.63,5680000000.0,-4.53,987.06,945.59,1014.87,939.43,29670000000.0,4.91,927.29
2013-11-28,927.29,940.56,942.25,924.82,1080000000.0,-1.09,927.07,977.78,978.68,924.63,5680000000.0,-4.53,987.06,945.59,1014.87,939.43,29670000000.0,4.91,935.22
2013-11-29,935.22,924.34,935.83,920.7,936700000.0,0.86,927.07,977.78,978.68,924.63,5680000000.0,-4.53,987.06,945.59,1014.87,939.43,29670000000.0,4.91,938.8
2013-12-02,938.8,926.74,939.59,921.06,1160000000.0,0.38,935.22,918.12,942.25,917.24,6940000000.0,0.88,935.22,977.54,986.31,917.24,25840000000.0,-5.25,945.88
2013-12-03,945.88,938.24,952.77,937.46,1550000000.0,0.75,935.22,918.12,942.25,917.24,6940000000.0,0.88,935.22,977.54,986.31,917.24,25840000000.0,-5.25,939.42
2013-12-04,939.42,943.32,949.81,939.42,783810000.0,-0.68,935.22,918.12,942.25,917.24,6940000000.0,0.88,935.22,977.54,986.31,917.24,25840000000.0,-5.25,928.98
2013-12-06,928.98,936.76,939.51,923.1,1020000000.0,-1.11,935.22,918.12,942.25,917.24,6940000000.0,0.88,935.22,977.54,986.31,917.24,25840000000.0,-5.25,934.34
2013-12-09,934.34,935.98,942.05,925.08,910340000.0,0.58,928.98,926.74,952.77,921.06,4510000000.0,-0.67,935.22,977.54,986.31,917.24,25840000000.0,-5.25,935.79
2013-12-11,935.79,929.81,937.28,929.39,638420000.0,0.16,928.98,926.74,952.77,921.06,4510000000.0,-0.67,935.22,977.54,986.31,917.24,25840000000.0,-5.25,925.03
2013-12-12,925.03,931.54,934.96,925.03,986670000.0,-1.15,928.98,926.74,952.77,921.06,4510000000.0,-0.67,935.22,977.54,986.31,917.24,25840000000.0,-5.25,912.95
2013-12-13,912.95,923.87,926.03,909.99,901930000.0,-1.31,928.98,926.74,952.77,921.06,4510000000.0,-0.67,935.22,977.54,986.31,917.24,25840000000.0,-5.25,904.51
2013-12-16,904.51,909.99,911.11,902.11,709670000.0,-0.92,912.95,935.98,942.05,909.99,3440000000.0,-1.73,935.22,977.54,986.31,917.24,25840000000.0,-5.25,911.88
2013-12-17,911.88,910.16,914.24,908.74,885390000.0,0.81,912.95,935.98,942.05,909.99,3440000000.0,-1.73,935.22,977.54,986.31,917.24,25840000000.0,-5.25,922.32
2013-12-18,922.32,915.51,925.25,914.71,827880000.0,1.14,912.95,935.98,942.05,909.99,3440000000.0,-1.73,935.22,977.54,986.31,917.24,25840000000.0,-5.25,919.45
2013-12-19,919.45,922.46,925.26,916.5,848000000.0,-0.31,912.95,935.98,942.05,909.99,3440000000.0,-1.73,935.22,977.54,986.31,917.24,25840000000.0,-5.25,916.83
2013-12-20,916.83,918.72,919.22,907.92,676350000.0,-0.28,912.95,935.98,942.05,909.99,3440000000.0,-1.73,935.22,977.54,986.31,917.24,25840000000.0,-5.25,904.57
2013-12-23,904.57,916.16,917.11,901.41,668910000.0,-1.34,916.83,909.99,925.26,902.11,3950000000.0,0.42,935.22,977.54,986.31,917.24,25840000000.0,-5.25,905.31
2013-12-24,905.31,900.86,911.42,900.1,585010000.0,0.08,916.83,909.99,925.26,902.11,3950000000.0,0.42,935.22,977.54,986.31,917.24,25840000000.0,-5.25,909.6
2013-12-25,909.6,906.41,910.11,904.77,477400000.0,0.47,916.83,909.99,925.26,902.11,3950000000.0,0.42,935.22,977.54,986.31,917.24,25840000000.0,-5.25,891.45
2013-12-26,891.45,910.28,910.83,886.22,889220000.0,-2.0,916.83,909.99,925.26,902.11,3950000000.0,0.42,935.22,977.54,986.31,917.24,25840000000.0,-5.25,883.4
2013-12-27,883.4,888.91,889.61,875.17,1150000000.0,-0.9,916.83,909.99,925.26,902.11,3950000000.0,0.42,935.22,977.54,986.31,917.24,25840000000.0,-5.25,833.29
2014-01-02,833.29,878.09,878.8,833.29,1150000000.0,-5.67,883.4,916.16,917.11,875.17,3770000000.0,-3.65,883.4,926.74,952.77,875.17,15660000000.0,-5.54,829.89
2014-01-03,829.89,822.27,837.38,816.5,1320000000.0,-0.41,883.4,916.16,917.11,875.17,3770000000.0,-3.65,883.4,926.74,952.77,875.17,15660000000.0,-5.54,837.68
2014-01-06,837.68,829.46,838.87,815.56,1210000000.0,0.94,829.89,878.09,878.8,816.5,2470000000.0,-6.06,883.4,926.74,952.77,875.17,15660000000.0,-5.54,861.63
2014-01-07,861.63,842.15,861.71,840.12,1130000000.0,2.86,829.89,878.09,878.8,816.5,2470000000.0,-6.06,883.4,926.74,952.77,875.17,15660000000.0,-5.54,859.35
2014-01-08,859.35,861.4,871.47,854.5,1150000000.0,-0.26,829.89,878.09,878.8,816.5,2470000000.0,-6.06,883.4,926.74,952.77,875.17,15660000000.0,-5.54,860.0
2014-01-09,860.0,864.58,875.56,856.62,919860000.0,0.08,829.89,878.09,878.8,816.5,2470000000.0,-6.06,883.4,926.74,952.77,875.17,15660000000.0,-5.54,858.25
2014-01-10,858.25,850.59,861.79,845.18,718610000.0,-0.2,829.89,878.09,878.8,816.5,2470000000.0,-6.06,883.4,926.74,952.77,875.17,15660000000.0,-5.54,880.7
2014-01-13,880.7,849.36,880.7,849.21,986560000.0,2.62,858.25,829.46,875.56,815.56,5140000000.0,3.42,883.4,926.74,952.77,875.17,15660000000.0,-5.54,887.93
2014-01-14,887.93,874.54,892.46,872.68,1370000000.0,0.82,858.25,829.46,875.56,815.56,5140000000.0,3.42,883.4,926.74,952.77,875.17,15660000000.0,-5.54,871.02
2014-01-15,871.02,885.12,889.09,870.0,1030000000.0,-1.9,858.25,829.46,875.56,815.56,5140000000.0,3.42,883.4,926.74,952.77,875.17,15660000000.0,-5.54,888.02
2014-01-16,888.02,874.18,891.94,873.16,1530000000.0,1.95,858.25,829.46,875.56,815.56,5140000000.0,3.42,883.4,926.74,952.77,875.17,15660000000.0,-5.54,883.94
2014-01-17,883.94,890.86,891.7,876.5,1200000000.0,-0.46,858.25,829.46,875.56,815.56,5140000000.0,3.42,883.4,926.74,952.77,875.17,15660000000.0,-5.54,879.05
2014-01-20,879.05,879.66,885.32,877.28,611780000.0,-0.55,883.94,849.36,892.46,849.21,6120000000.0,2.99,883.4,926.74,952.77,875.17,15660000000.0,-5.54,880.84
2014-01-21,880.84,883.37,890.7,874.45,973170000.0,0.2,883.94,849.36,892.46,849.21,6120000000.0,2.99,883.4,926.74,952.77,875.17,15660000000.0,-5.54,879.59
2014-01-22,879.59,872.89,884.16,871.11,1050000000.0,-0.14,883.94,849.36,892.46,849.21,6120000000.0,2.99,883.4,926.74,952.77,875.17,15660000000.0,-5.54,894.11
2014-01-23,894.11,881.05,897.3,877.37,1360000000.0,1.65,883.94,849.36,892.46,849.21,6120000000.0,2.99,883.4,926.74,952.77,875.17,15660000000.0,-5.54,898.88
2014-01-24,898.88,898.91,903.86,892.58,1180000000.0,0.53,883.94,849.36,892.46,849.21,6120000000.0,2.99,883.4,926.74,952.77,875.17,15660000000.0,-5.54,878.55
2014-01-27,878.55,884.29,885.93,877.5,793470000.0,-2.26,898.88,879.66,903.86,871.11,5180000000.0,1.69,883.4,926.74,952.77,875.17,15660000000.0,-5.54,865.18
2014-01-28,865.18,877.11,878.0,861.99,930080000.0,-1.52,898.88,879.66,903.86,871.11,5180000000.0,1.69,883.4,926.74,952.77,875.17,15660000000.0,-5.54,863.61
2014-01-29,863.61,867.26,870.86,861.05,672500000.0,-0.18,898.88,879.66,903.86,871.11,5180000000.0,1.69,883.4,926.74,952.77,875.17,15660000000.0,-5.54,857.5
2014-01-30,857.5,857.09,860.67,852.59,554000000.0,-0.71,898.88,879.66,903.86,871.11,5180000000.0,1.69,883.4,926.74,952.77,875.17,15660000000.0,-5.54,866.34
2014-01-31,866.34,860.79,866.56,860.11,648080000.0,1.03,898.88,879.66,903.86,871.11,5180000000.0,1.69,883.4,926.74,952.77,875.17,15660000000.0,-5.54,879.72
2014-02-03,879.72,872.84,881.92,871.6,819460000.0,1.54,866.34,884.29,885.93,852.59,3600000000.0,-3.62,866.34,878.09,903.86,815.56,22510000000.0,-1.93,865.23
2014-02-04,865.23,869.97,871.46,863.07,783830000.0,-1.65,866.34,884.29,885.93,852.59,3600000000.0,-3.62,866.34,878.09,903.86,815.56,22510000000.0,-1.93,867.11
2014-02-05,867.11,869.99,873.18,860.83,747800000.0,0.22,866.34,884.29,885.93,852.59,3600000000.0,-3.62,866.34,878.09,903.86,815.56,22510000000.0,-1.93,878.27
2014-02-06,878.27,874.33,878.55,870.72,951210000.0,1.29,866.34,884.29,885.93,852.59,3600000000.0,-3.62,866.34,878.09,903.86,815.56,22510000000.0,-1.93,879.69
2014-02-07,879.69,884.09,886.82,878.81,1160000000.0,0.16,866.34,884.29,885.93,852.59,3600000000.0,-3.62,866.34,878.09,903.86,815.56,22510000000.0,-1.93,874.88
2014-02-10,874.88,882.98,884.75,872.85,902100000.0,-0.55,879.69,872.84,886.82,860.83,4460000000.0,1.54,866.34,878.09,903.86,815.56,22510000000.0,-1.93,879.09
2014-02-11,879.09,876.78,881.78,872.38,684470000.0,0.48,879.69,872.84,886.82,860.83,4460000000.0,1.54,866.34,878.09,903.86,815.56,22510000000.0,-1.93,892.57
2014-02-12,892.57,881.34,892.85,880.19,883910000.0,1.53,879.69,872.84,886.82,860.83,4460000000.0,1.54,866.34,878.09,903.86,815.56,22510000000.0,-1.93,890.01
2014-02-13,890.01,892.36,894.52,887.44,908580000.0,-0.29,879.69,872.84,886.82,860.83,4460000000.0,1.54,866.34,878.09,903.86,815.56,22510000000.0,-1.93,906.24
2014-02-17,906.24,895.41,906.82,893.1,1150000000.0,1.82,890.01,882.98,894.52,872.38,3380000000.0,1.17,866.34,878.09,903.86,815.56,22510000000.0,-1.93,901.09
2014-02-18,901.09,902.2,904.07,893.05,1050000000.0,-0.57,890.01,882.98,894.52,872.38,3380000000.0,1.17,866.34,878.09,903.86,815.56,22510000000.0,-1.93,896.85
2014-02-19,896.85,905.33,906.32,894.73,884520000.0,-0.47,890.01,882.98,894.52,872.38,3380000000.0,1.17,866.34,878.09,903.86,815.56,22510000000.0,-1.93,883.3
2014-02-20,883.3,890.78,893.31,880.72,934110000.0,-1.51,890.01,882.98,894.52,872.38,3380000000.0,1.17,866.34,878.09,903.86,815.56,22510000000.0,-1.93,883.06
2014-02-21,883.06,883.32,887.35,876.06,593830000.0,-0.03,890.01,882.98,894.52,872.38,3380000000.0,1.17,866.34,878.09,903.86,815.56,22510000000.0,-1.93,881.56
2014-02-24,881.56,878.83,884.11,875.33,517050000.0,-0.17,883.06,895.41,906.82,876.06,4600000000.0,-0.78,866.34,878.09,903.86,815.56,22510000000.0,-1.93,883.16
2014-02-25,883.16,884.89,890.31,879.63,550710000.0,0.18,883.06,895.41,906.82,876.06,4600000000.0,-0.78,866.34,878.09,903.86,815.56,22510000000.0,-1.93,883.56
2014-02-26,883.56,883.58,887.64,881.68,492670000.0,0.05,883.06,895.41,906.82,876.06,4600000000.0,-0.78,866.34,878.09,903.86,815.56,22510000000.0,-1.93,894.16
2014-02-27,894.16,884.79,896.74,884.0,711770000.0,1.2,883.06,895.41,906.82,876.06,4600000000.0,-0.78,866.34,878.09,903.86,815.56,22510000000.0,-1.93,899.51
2014-02-28,899.51,893.98,900.77,890.37,688150000.0,0.6,883.06,895.41,906.82,876.06,4600000000.0,-0.78,866.34,878.09,903.86,815.56,22510000000.0,-1.93,909.96
2014-03-03,909.96,903.53,915.81,903.32,1110000000.0,1.16,899.51,878.83,900.77,875.33,2960000000.0,1.86,899.51,872.84,906.82,860.83,15400000000.0,3.83,913.94
2014-03-04,913.94,913.67,918.15,912.63,696120000.0,0.44,899.51,878.83,900.77,875.33,2960000000.0,1.86,899.51,872.84,906.82,860.83,15400000000.0,3.83,917.59
2014-03-05,917.59,920.53,922.54,911.43,894090000.0,0.4,899.51,878.83,900.77,875.33,2960000000.0,1.86,899.51,872.84,906.82,860.83,15400000000.0,3.83,916.04
2014-03-06,916.04,917.85,918.28,912.71,970810000.0,-0.17,899.51,878.83,900.77,875.33,2960000000.0,1.86,899.51,872.84,906.82,860.83,15400000000.0,3.83,916.97
2014-03-07,916.97,917.98,920.28,914.15,624760000.0,0.1,899.51,878.83,900.77,875.33,2960000000.0,1.86,899.51,872.84,906.82,860.83,15400000000.0,3.83,912.28
2014-03-10,912.28,915.91,917.59,904.55,975160000.0,-0.51,916.97,903.53,922.54,903.32,4290000000.0,1.94,899.51,872.84,906.82,860.83,15400000000.0,3.83,923.94
2014-03-11,923.94,915.62,925.47,914.71,1050000000.0,1.28,916.97,903.53,922.54,903.32,4290000000.0,1.94,899.51,872.84,906.82,860.83,15400000000.0,3.83,917.68
2014-03-12,917.68,920.08,924.48,917.54,673170000.0,-0.68,916.97,903.53,922.54,903.32,4290000000.0,1.94,899.51,872.84,906.82,860.83,15400000000.0,3.83,928.86
2014-03-13,928.86,921.77,928.86,921.36,1290000000.0,1.22,916.97,903.53,922.54,903.32,4290000000.0,1.94,899.51,872.84,906.82,860.83,15400000000.0,3.83,928.1
2014-03-14,928.1,923.27,928.21,920.23,907250000.0,-0.08,916.97,903.53,922.54,903.32,4290000000.0,1.94,899.51,872.84,906.82,860.83,15400000000.0,3.83,931.77
2014-03-17,931.77,929.16,931.77,923.51,731530000.0,0.4,928.1,915.91,928.86,904.55,4890000000.0,1.21,899.51,872.84,906.82,860.83,15400000000.0,3.83,928.8
2014-03-18,928.8,933.47,934.71,928.12,1020000000.0,-0.32,928.1,915.91,928.86,904.55,4890000000.0,1.21,899.51,872.84,906.82,860.83,15400000000.0,3.83,922.81
2014-03-19,922.81,930.98,935.3,919.88,1100000000.0,-0.64,928.1,915.91,928.86,904.55,4890000000.0,1.21,899.51,872.84,906.82,860.83,15400000000.0,3.83,920.22
2014-03-20,920.22,917.35,920.22,912.26,957510000.0,-0.28,928.1,915.91,928.86,904.55,4890000000.0,1.21,899.51,872.84,906.82,860.83,15400000000.0,3.83,919.32
2014-03-21,919.32,920.8,921.76,913.3,1120000000.0,-0.1,928.1,915.91,928.86,904.55,4890000000.0,1.21,899.51,872.84,906.82,860.83,15400000000.0,3.83,912.35
2014-03-24,912.35,918.7,919.06,910.51,907480000.0,-0.76,919.32,929.16,935.3,912.26,4930000000.0,-0.95,899.51,872.84,906.82,860.83,15400000000.0,3.83,917.34
2014-03-25,917.34,913.68,917.37,906.28,712860000.0,0.55,919.32,929.16,935.3,912.26,4930000000.0,-0.95,899.51,872.84,906.82,860.83,15400000000.0,3.83,921.49
2014-03-26,921.49,920.34,923.76,918.45,599060000.0,0.45,919.32,929.16,935.3,912.26,4930000000.0,-0.95,899.51,872.84,906.82,860.83,15400000000.0,3.83,919.06
2014-03-27,919.06,922.49,925.84,917.51,485270000.0,-0.26,919.32,929.16,935.3,912.26,4930000000.0,-0.95,899.51,872.84,906.82,860.83,15400000000.0,3.83,929.84
2014-03-28,929.84,919.48,937.38,918.7,833960000.0,1.17,919.32,929.16,935.3,912.26,4930000000.0,-0.95,899.51,872.84,906.82,860.83,15400000000.0,3.83,935.76
2014-03-31,935.76,933.64,937.0,931.22,559200000.0,0.64,929.84,918.7,937.38,906.28,3540000000.0,1.14,899.51,872.84,906.82,860.83,15400000000.0,3.83,943.93
2014-04-01,943.93,936.78,943.93,933.96,654150000.0,0.87,929.84,918.7,937.38,906.28,3540000000.0,1.14,935.76,903.53,937.38,903.32,18210000000.0,4.03,950.66
2014-04-02,950.66,945.72,951.42,941.25,862700000.0,0.71,929.84,918.7,937.38,906.28,3540000000.0,1.14,935.76,903.53,937.38,903.32,18210000000.0,4.03,946.18
2014-04-03,946.18,949.39,951.58,943.37,784250000.0,-0.47,929.84,918.7,937.38,906.28,3540000000.0,1.14,935.76,903.53,937.38,903.32,18210000000.0,4.03,946.53
2014-04-04,946.53,946.84,951.17,943.48,624550000.0,0.04,929.84,918.7,937.38,906.28,3540000000.0,1.14,935.76,903.53,937.38,903.32,18210000000.0,4.03,936.94
2014-04-08,936.94,947.2,952.75,936.64,738040000.0,-1.01,946.53,933.64,951.58,931.22,3480000000.0,1.79,935.76,903.53,937.38,903.32,18210000000.0,4.03,938.35
2014-04-09,938.35,940.45,944.65,936.59,497480000.0,0.15,946.53,933.64,951.58,931.22,3480000000.0,1.79,935.76,903.53,937.38,903.32,18210000000.0,4.03,944.06
2014-04-10,944.06,940.25,944.26,936.04,560770000.0,0.61,946.53,933.64,951.58,931.22,3480000000.0,1.79,935.76,903.53,937.38,903.32,18210000000.0,4.03,943.45
2014-04-11,943.45,939.39,943.69,937.28,461570000.0,-0.06,946.53,933.64,951.58,931.22,3480000000.0,1.79,935.76,903.53,937.38,903.32,18210000000.0,4.03,952.63
2014-04-16,952.63,944.14,953.47,943.54,547870000.0,0.97,943.45,947.2,952.75,936.04,2260000000.0,-0.33,935.76,903.53,937.38,903.32,18210000000.0,4.03,957.23
2014-04-17,957.23,952.11,959.99,951.45,901350000.0,0.48,943.45,947.2,952.75,936.04,2260000000.0,-0.33,935.76,903.53,937.38,903.32,18210000000.0,4.03,957.17
2014-04-18,957.17,958.81,961.8,956.19,909660000.0,-0.01,943.45,947.2,952.75,936.04,2260000000.0,-0.33,935.76,903.53,937.38,903.32,18210000000.0,4.03,960.25
2014-04-21,960.25,957.66,963.24,954.71,536060000.0,0.32,957.17,944.14,961.8,943.54,2360000000.0,1.45,935.76,903.53,937.38,903.32,18210000000.0,4.03,961.2
2014-04-22,961.2,963.42,964.82,956.14,684810000.0,0.1,957.17,944.14,961.8,943.54,2360000000.0,1.45,935.76,903.53,937.38,903.32,18210000000.0,4.03,966.5
2014-04-23,966.5,963.94,968.43,963.15,647270000.0,0.55,957.17,944.14,961.8,943.54,2360000000.0,1.45,935.76,903.53,937.38,903.32,18210000000.0,4.03,964.83
2014-04-24,964.83,967.25,968.3,962.66,820910000.0,-0.17,957.17,944.14,961.8,943.54,2360000000.0,1.45,935.76,903.53,937.38,903.32,18210000000.0,4.03,953.36
2014-04-25,953.36,961.65,964.63,953.36,1060000000.0,-1.19,957.17,944.14,961.8,943.54,2360000000.0,1.45,935.76,903.53,937.38,903.32,18210000000.0,4.03,956.25
2014-04-28,956.25,954.61,960.96,954.31,540700000.0,0.3,953.36,957.66,968.43,953.36,3750000000.0,-0.4,935.76,903.53,937.38,903.32,18210000000.0,4.03,956.51
2014-04-29,956.51,954.06,958.54,950.91,441420000.0,0.03,953.36,957.66,968.43,953.36,3750000000.0,-0.4,935.76,903.53,937.38,903.32,18210000000.0,4.03,959.51
2014-04-30,959.51,958.06,962.75,956.93,609370000.0,0.31,953.36,957.66,968.43,953.36,3750000000.0,-0.4,935.76,903.53,937.38,903.32,18210000000.0,4.03,964.36
2014-05-02,964.36,960.73,964.71,959.89,899710000.0,0.51,953.36,957.66,968.43,953.36,3750000000.0,-0.4,959.51,936.78,968.43,933.96,12890000000.0,2.54,952.73
2014-05-06,952.73,966.21,968.39,952.67,867510000.0,-1.21,964.36,954.61,964.71,950.91,2490000000.0,1.15,959.51,936.78,968.43,933.96,12890000000.0,2.54,951.52
2014-05-07,951.52,943.08,952.4,940.57,1010000000.0,-0.13,964.36,954.61,964.71,950.91,2490000000.0,1.15,959.51,936.78,968.43,933.96,12890000000.0,2.54,935.41
2014-05-08,935.41,948.93,950.43,934.56,926550000.0,-1.69,964.36,954.61,964.71,950.91,2490000000.0,1.15,959.51,936.78,968.43,933.96,12890000000.0,2.54,935.41
2014-05-09,935.41,933.75,940.3,930.44,688330000.0,0.0,964.36,954.61,964.71,950.91,2490000000.0,1.15,959.51,936.78,968.43,933.96,12890000000.0,2.54,932.7
2014-05-12,932.7,934.86,936.89,930.0,540040000.0,-0.29,935.41,966.21,968.39,930.44,3490000000.0,-3.0,959.51,936.78,968.43,933.96,12890000000.0,2.54,946.78
2014-05-14,946.78,936.95,946.9,936.89,1080000000.0,1.51,935.41,966.21,968.39,930.44,3490000000.0,-3.0,959.51,936.78,968.43,933.96,12890000000.0,2.54,946.88
2014-05-15,946.88,945.45,948.08,940.88,911750000.0,0.01,935.41,966.21,968.39,930.44,3490000000.0,-3.0,959.51,936.78,968.43,933.96,12890000000.0,2.54,955.52
2014-05-16,955.52,943.04,957.89,941.85,996210000.0,0.91,935.41,966.21,968.39,930.44,3490000000.0,-3.0,959.51,936.78,968.43,933.96,12890000000.0,2.54,959.26
2014-05-19,959.26,955.03,959.34,953.71,426670000.0,0.39,955.52,934.86,957.89,930.0,3530000000.0,2.15,959.51,936.78,968.43,933.96,12890000000.0,2.54,946.5
2014-05-20,946.5,947.49,951.49,942.29,857260000.0,-1.33,955.52,934.86,957.89,930.0,3530000000.0,2.15,959.51,936.78,968.43,933.96,12890000000.0,2.54,950.46
2014-05-21,950.46,945.65,953.6,944.58,678550000.0,0.42,955.52,934.86,957.89,930.0,3530000000.0,2.15,959.51,936.78,968.43,933.96,12890000000.0,2.54,950.59
2014-05-22,950.59,955.47,959.47,948.62,876250000.0,0.01,955.52,934.86,957.89,930.0,3530000000.0,2.15,959.51,936.78,968.43,933.96,12890000000.0,2.54,944.13
2014-05-23,944.13,931.99,944.67,930.44,1100000000.0,-0.68,955.52,934.86,957.89,930.0,3530000000.0,2.15,959.51,936.78,968.43,933.96,12890000000.0,2.54,937.07
2014-05-26,937.07,944.18,944.41,931.43,819460000.0,-0.75,944.13,955.03,959.47,930.44,3940000000.0,-1.19,959.51,936.78,968.43,933.96,12890000000.0,2.54,938.09
2014-05-27,938.09,939.21,941.94,933.77,1040000000.0,0.11,944.13,955.03,959.47,930.44,3940000000.0,-1.19,959.51,936.78,968.43,933.96,12890000000.0,2.54,945.08
2014-05-28,945.08,943.07,950.01,942.01,1110000000.0,0.75,944.13,955.03,959.47,930.44,3940000000.0,-1.19,959.51,936.78,968.43,933.96,12890000000.0,2.54,948.66
2014-05-29,948.66,946.16,952.54,945.51,840390000.0,0.38,944.13,955.03,959.47,930.44,3940000000.0,-1.19,959.51,936.78,968.43,933.96,12890000000.0,2.54,952.2
2014-05-30,952.2,951.43,955.98,950.52,1350000000.0,0.37,944.13,955.03,959.47,930.44,3940000000.0,-1.19,959.51,936.78,968.43,933.96,12890000000.0,2.54,971.73
2014-06-02,971.73,958.66,972.53,957.87,1600000000.0,2.05,952.2,944.18,955.98,931.43,5160000000.0,0.85,952.2,960.73,968.39,930.0,17020000000.0,-0.76,982.07
2014-06-03,982.07,982.48,984.6,975.77,1470000000.0,1.06,952.2,944.18,955.98,931.43,5160000000.0,0.85,952.2,960.73,968.39,930.0,17020000000.0,-0.76,978.32
2014-06-04,978.32,983.54,985.16,976.92,1160000000.0,-0.38,952.2,944.18,955.98,931.43,5160000000.0,0.85,952.2,960.73,968.39,930.0,17020000000.0,-0.76,980.11
2014-06-05,980.11,981.65,982.5,974.12,802190000.0,0.18,952.2,944.18,955.98,931.43,5160000000.0,0.85,952.2,960.73,968.39,930.0,17020000000.0,-0.76,983.64
2014-06-06,983.64,986.46,987.31,980.89,973340000.0,0.36,952.2,944.18,955.98,931.43,5160000000.0,0.85,952.2,960.73,968.39,930.0,17020000000.0,-0.76,982.07
2014-06-09,982.07,988.24,988.96,979.54,743790000.0,-0.16,983.64,958.66,987.31,957.87,6010000000.0,3.3,952.2,960.73,968.39,930.0,17020000000.0,-0.76,990.66
2014-06-10,990.66,979.3,990.98,976.04,2490000000.0,0.87,983.64,958.66,987.31,957.87,6010000000.0,3.3,952.2,960.73,968.39,930.0,17020000000.0,-0.76,985.56
2014-06-11,985.56,990.05,990.67,979.59,2320000000.0,-0.51,983.64,958.66,987.31,957.87,6010000000.0,3.3,952.2,960.73,968.39,930.0,17020000000.0,-0.76,979.28
2014-06-12,979.28,983.49,987.6,979.28,1060000000.0,-0.64,983.64,958.66,987.31,957.87,6010000000.0,3.3,952.2,960.73,968.39,930.0,17020000000.0,-0.76,977.89
2014-06-13,977.89,978.17,983.84,976.25,1150000000.0,-0.14,983.64,958.66,987.31,957.87,6010000000.0,3.3,952.2,960.73,968.39,930.0,17020000000.0,-0.76,990.03
2014-06-16,990.03,980.89,992.17,980.82,609640000.0,1.24,977.89,988.24,990.98,976.04,7770000000.0,-0.58,952.2,960.73,968.39,930.0,17020000000.0,-0.76,988.25
2014-06-17,988.25,992.14,993.8,986.38,1080000000.0,-0.18,977.89,988.24,990.98,976.04,7770000000.0,-0.58,952.2,960.73,968.39,930.0,17020000000.0,-0.76,974.78
2014-06-18,974.78,988.2,989.36,972.91,959210000.0,-1.36,977.89,988.24,990.98,976.04,7770000000.0,-0.58,952.2,960.73,968.39,930.0,17020000000.0,-0.76,981.66
2014-06-19,981.66,977.76,982.71,970.36,1190000000.0,0.71,977.89,988.24,990.98,976.04,7770000000.0,-0.58,952.2,960.73,968.39,930.0,17020000000.0,-0.76,984.82
2014-06-20,984.82,983.66,985.87,979.17,810220000.0,0.32,977.89,988.24,990.98,976.04,7770000000.0,-0.58,952.2,960.73,968.39,930.0,17020000000.0,-0.76,985.71
2014-06-23,985.71,987.69,989.69,983.61,705740000.0,0.09,984.82,980.89,993.8,970.36,4650000000.0,0.71,952.2,960.73,968.39,930.0,17020000000.0,-0.76,979.83
2014-06-24,979.83,983.76,984.13,974.54,762300000.0,-0.6,984.82,980.89,993.8,970.36,4650000000.0,0.71,952.2,960.73,968.39,930.0,17020000000.0,-0.76,985.87
2014-06-25,985.87,981.21,986.83,978.49,853940000.0,0.62,984.82,980.89,993.8,970.36,4650000000.0,0.71,952.2,960.73,968.39,930.0,17020000000.0,-0.76,992.67
2014-06-26,992.67,988.73,993.48,988.01,637480000.0,0.69,984.82,980.89,993.8,970.36,4650000000.0,0.71,952.2,960.73,968.39,930.0,17020000000.0,-0.76,997.61
2014-06-27,997.61,994.7,1003.08,988.63,568190000.0,0.5,984.82,980.89,993.8,970.36,4650000000.0,0.71,952.2,960.73,968.39,930.0,17020000000.0,-0.76,999.62
2014-06-30,999.62,1001.5,1004.79,997.7,652010000.0,0.2,997.61,987.69,1003.08,974.54,3530000000.0,1.3,952.2,960.73,968.39,930.0,17020000000.0,-0.76,1002.53
2014-07-02,1002.53,1003.49,1005.29,998.94,1080000000.0,0.29,997.61,987.69,1003.08,974.54,3530000000.0,1.3,999.62,958.66,1004.79,957.87,22610000000.0,4.98,1002.99
2014-07-03,1002.99,1002.81,1005.51,999.16,811670000.0,0.05,997.61,987.69,1003.08,974.54,3530000000.0,1.3,999.62,958.66,1004.79,957.87,22610000000.0,4.98,1003.64
2014-07-04,1003.64,1006.53,1011.06,1003.53,1170000000.0,0.06,997.61,987.69,1003.08,974.54,3530000000.0,1.3,999.62,958.66,1004.79,957.87,22610000000.0,4.98,1009.18
2014-07-07,1009.18,1007.27,1012.04,1005.4,705820000.0,0.55,1003.64,1001.5,1011.06,997.7,3710000000.0,0.6,999.62,958.66,1004.79,957.87,22610000000.0,4.98,1013.82
2014-07-08,1013.82,1011.66,1017.93,1011.03,945040000.0,0.46,1003.64,1001.5,1011.06,997.7,3710000000.0,0.6,999.62,958.66,1004.79,957.87,22610000000.0,4.98,1013.12
2014-07-09,1013.12,1011.87,1017.3,1010.68,545600000.0,-0.07,1003.64,1001.5,1011.06,997.7,3710000000.0,0.6,999.62,958.66,1004.79,957.87,22610000000.0,4.98,1021.06
2014-07-10,1021.06,1017.62,1022.28,1016.56,855640000.0,0.78,1003.64,1001.5,1011.06,997.7,3710000000.0,0.6,999.62,958.66,1004.79,957.87,22610000000.0,4.98,1029.68
2014-07-14,1029.68,1026.26,1032.2,1024.79,1040000000.0,0.84,1021.06,1007.27,1022.28,1005.4,3050000000.0,1.74,999.62,958.66,1004.79,957.87,22610000000.0,4.98,1026.21
2014-07-15,1026.21,1032.55,1032.9,1023.47,1300000000.0,-0.34,1021.06,1007.27,1022.28,1005.4,3050000000.0,1.74,999.62,958.66,1004.79,957.87,22610000000.0,4.98,1029.54
2014-07-16,1029.54,1027.98,1033.44,1025.81,1340000000.0,0.32,1021.06,1007.27,1022.28,1005.4,3050000000.0,1.74,999.62,958.66,1004.79,957.87,22610000000.0,4.98,1033.07
2014-07-17,1033.07,1028.14,1033.07,1025.53,2120000000.0,0.34,1021.06,1007.27,1022.28,1005.4,3050000000.0,1.74,999.62,958.66,1004.79,957.87,22610000000.0,4.98,1030.19
2014-07-18,1030.19,1030.63,1034.91,1023.45,1900000000.0,-0.28,1021.06,1007.27,1022.28,1005.4,3050000000.0,1.74,999.62,958.66,1004.79,957.87,22610000000.0,4.98,1031.65
2014-07-21,1031.65,1031.97,1035.7,1029.4,917710000.0,0.14,1030.19,1026.26,1034.91,1023.45,7710000000.0,0.89,999.62,958.66,1004.79,957.87,22610000000.0,4.98,1019.72
2014-07-22,1019.72,1034.53,1035.93,1016.13,1550000000.0,-1.16,1030.19,1026.26,1034.91,1023.45,7710000000.0,0.89,999.62,958.66,1004.79,957.87,22610000000.0,4.98,1033.86
2014-07-23,1033.86,1024.79,1033.86,1024.0,866160000.0,1.39,1030.19,1026.26,1034.91,1023.45,7710000000.0,0.89,999.62,958.66,1004.79,957.87,22610000000.0,4.98,1034.98
2014-07-24,1034.98,1036.56,1036.95,1031.38,843880000.0,0.11,1030.19,1026.26,1034.91,1023.45,7710000000.0,0.89,999.62,958.66,1004.79,957.87,22610000000.0,4.98,1033.82
2014-07-25,1033.82,1035.21,1037.05,1028.82,919150000.0,-0.11,1030.19,1026.26,1034.91,1023.45,7710000000.0,0.89,999.62,958.66,1004.79,957.87,22610000000.0,4.98,1028.27
2014-07-28,1028.27,1034.64,1035.18,1024.99,1070000000.0,-0.54,1033.82,1031.97,1037.05,1016.13,5090000000.0,0.35,999.62,958.66,1004.79,957.87,22610000000.0,4.98,1018.53
2014-07-29,1018.53,1030.5,1034.86,1016.31,1150000000.0,-0.95,1033.82,1031.97,1037.05,1016.13,5090000000.0,0.35,999.62,958.66,1004.79,957.87,22610000000.0,4.98,1019.4
2014-07-30,1019.4,1019.08,1025.35,1006.9,1660000000.0,0.09,1033.82,1031.97,1037.05,1016.13,5090000000.0,0.35,999.62,958.66,1004.79,957.87,22610000000.0,4.98,1006.97
2014-07-31,1006.97,1015.79,1022.99,1005.54,1290000000.0,-1.22,1033.82,1031.97,1037.05,1016.13,5090000000.0,0.35,999.62,958.66,1004.79,957.87,22610000000.0,4.98,1005.23
2014-08-01,1005.23,997.61,1007.1,996.7,1240000000.0,-0.17,1033.82,1031.97,1037.05,1016.13,5090000000.0,0.35,1006.97,1003.49,1037.05,998.94,24080000000.0,0.74,1019.45
2014-08-04,1019.45,1008.42,1020.58,1006.19,1760000000.0,1.41,1005.23,1034.64,1035.18,996.7,6400000000.0,-2.77,1006.97,1003.49,1037.05,998.94,24080000000.0,0.74,1025.51
2014-08-05,1025.51,1021.52,1028.69,1019.43,1390000000.0,0.59,1005.23,1034.64,1035.18,996.7,6400000000.0,-2.77,1006.97,1003.49,1037.05,998.94,24080000000.0,0.74,1021.42
2014-08-06,1021.42,1024.42,1028.51,1019.99,2010000000.0,-0.4,1005.23,1034.64,1035.18,996.7,6400000000.0,-2.77,1006.97,1003.49,1037.05,998.94,24080000000.0,0.74,1021.71
2014-08-07,1021.71,1022.9,1023.72,1014.59,1320000000.0,0.03,1005.23,1034.64,1035.18,996.7,6400000000.0,-2.77,1006.97,1003.49,1037.05,998.94,24080000000.0,0.74,1018.47
2014-08-08,1018.47,1014.45,1019.85,1012.44,952970000.0,-0.32,1005.23,1034.64,1035.18,996.7,6400000000.0,-2.77,1006.97,1003.49,1037.05,998.94,24080000000.0,0.74,1038.63
2014-08-13,1038.63,1026.42,1039.61,1025.26,1680000000.0,1.98,1018.47,1008.42,1028.69,1006.19,7430000000.0,1.32,1006.97,1003.49,1037.05,998.94,24080000000.0,0.74,1036.64
2014-08-14,1036.64,1042.71,1044.4,1034.2,2010000000.0,-0.19,1018.47,1008.42,1028.69,1006.19,7430000000.0,1.32,1006.97,1003.49,1037.05,998.94,24080000000.0,0.74,1039.38
2014-08-15,1039.38,1037.66,1042.17,1031.52,1490000000.0,0.26,1018.47,1008.42,1028.69,1006.19,7430000000.0,1.32,1006.97,1003.49,1037.05,998.94,24080000000.0,0.74,1035.54
2014-08-18,1035.54,1040.19,1042.36,1033.03,1030000000.0,-0.37,1039.38,1026.42,1044.4,1025.26,5180000000.0,2.05,1006.97,1003.49,1037.05,998.94,24080000000.0,0.74,1035.7
2014-08-19,1035.7,1041.3,1042.06,1035.17,829050000.0,0.02,1039.38,1026.42,1044.4,1025.26,5180000000.0,2.05,1006.97,1003.49,1037.05,998.94,24080000000.0,0.74,1041.56
2014-08-20,1041.56,1037.76,1042.88,1037.76,1400000000.0,0.57,1039.38,1026.42,1044.4,1025.26,5180000000.0,2.05,1006.97,1003.49,1037.05,998.94,24080000000.0,0.74,1040.8
2014-08-21,1040.8,1040.01,1044.28,1038.77,2050000000.0,-0.07,1039.38,1026.42,1044.4,1025.26,5180000000.0,2.05,1006.97,1003.49,1037.05,998.94,24080000000.0,0.74,1043.55
2014-08-22,1043.55,1044.21,1046.05,1042.43,1600000000.0,0.26,1039.38,1026.42,1044.4,1025.26,5180000000.0,2.05,1006.97,1003.49,1037.05,998.94,24080000000.0,0.74,1048.53
2014-08-25,1048.53,1046.93,1051.48,1044.37,1080000000.0,0.48,1043.55,1040.19,1046.05,1033.03,6910000000.0,0.4,1006.97,1003.49,1037.05,998.94,24080000000.0,0.74,1046.19
2014-08-26,1046.19,1049.9,1051.55,1044.78,710610000.0,-0.22,1043.55,1040.19,1046.05,1033.03,6910000000.0,0.4,1006.97,1003.49,1037.05,998.94,24080000000.0,0.74,1049.71
2014-08-27,1049.71,1048.74,1054.11,1045.64,966610000.0,0.34,1043.55,1040.19,1046.05,1033.03,6910000000.0,0.4,1006.97,1003.49,1037.05,998.94,24080000000.0,0.74,1044.4
2014-08-28,1044.4,1050.94,1051.85,1039.0,773830000.0,-0.51,1043.55,1040.19,1046.05,1033.03,6910000000.0,0.4,1006.97,1003.49,1037.05,998.94,24080000000.0,0.74,1044.25
2014-08-29,1044.25,1040.35,1047.39,1039.37,1090000000.0,-0.01,1043.55,1040.19,1046.05,1033.03,6910000000.0,0.4,1006.97,1003.49,1037.05,998.94,24080000000.0,0.74,1046.14
2014-09-01,1046.14,1048.53,1051.06,1045.85,828170000.0,0.18,1044.25,1046.93,1054.11,1039.0,4620000000.0,0.07,1044.25,997.61,1054.11,996.7,25380000000.0,3.7,1047.85
2014-09-02,1047.85,1047.88,1051.42,1045.47,1050000000.0,0.16,1044.25,1046.93,1054.11,1039.0,4620000000.0,0.07,1044.25,997.61,1054.11,996.7,25380000000.0,3.7,1058.83
2014-09-03,1058.83,1051.77,1060.08,1049.78,930590000.0,1.05,1044.25,1046.93,1054.11,1039.0,4620000000.0,0.07,1044.25,997.61,1054.11,996.7,25380000000.0,3.7,1056.87
2014-09-04,1056.87,1060.1,1061.91,1054.58,1230000000.0,-0.19,1044.25,1046.93,1054.11,1039.0,4620000000.0,0.07,1044.25,997.61,1054.11,996.7,25380000000.0,3.7,1059.57
2014-09-05,1059.57,1058.92,1061.29,1055.09,903910000.0,0.26,1044.25,1046.93,1054.11,1039.0,4620000000.0,0.07,1044.25,997.61,1054.11,996.7,25380000000.0,3.7,1059.3
2014-09-08,1059.3,1062.71,1064.22,1059.13,681150000.0,-0.03,1059.57,1048.53,1061.91,1045.47,4950000000.0,1.47,1044.25,997.61,1054.11,996.7,25380000000.0,3.7,1058.47
2014-09-09,1058.47,1060.53,1063.12,1055.97,1740000000.0,-0.08,1059.57,1048.53,1061.91,1045.47,4950000000.0,1.47,1044.25,997.61,1054.11,996.7,25380000000.0,3.7,1057.77
2014-09-10,1057.77,1053.37,1060.14,1046.68,1550000000.0,-0.07,1059.57,1048.53,1061.91,1045.47,4950000000.0,1.47,1044.25,997.61,1054.11,996.7,25380000000.0,3.7,1056.05
2014-09-11,1056.05,1056.68,1062.37,1054.63,1520000000.0,-0.16,1059.57,1048.53,1061.91,1045.47,4950000000.0,1.47,1044.25,997.61,1054.11,996.7,25380000000.0,3.7,1056.21
2014-09-12,1056.21,1058.23,1059.2,1047.48,1220000000.0,0.02,1059.57,1048.53,1061.91,1045.47,4950000000.0,1.47,1044.25,997.61,1054.11,996.7,25380000000.0,3.7,1053.01
2014-09-15,1053.01,1052.74,1056.72,1050.39,571310000.0,-0.3,1056.21,1062.71,1064.22,1046.68,6720000000.0,-0.32,1044.25,997.61,1054.11,996.7,25380000000.0,3.7,1043.58
2014-09-16,1043.58,1055.8,1055.91,1043.58,822820000.0,-0.9,1056.21,1062.71,1064.22,1046.68,6720000000.0,-0.32,1044.25,997.61,1054.11,996.7,25380000000.0,3.7,1048.39
2014-09-17,1048.39,1047.67,1050.89,1042.67,917780000.0,0.46,1056.21,1062.71,1064.22,1046.68,6720000000.0,-0.32,1044.25,997.61,1054.11,996.7,25380000000.0,3.7,1056.78
2014-09-18,1056.78,1052.13,1057.23,1050.48,991350000.0,0.8,1056.21,1062.71,1064.22,1046.68,6720000000.0,-0.32,1044.25,997.61,1054.11,996.7,25380000000.0,3.7,1057.43
2014-09-19,1057.43,1061.45,1062.81,1055.31,1240000000.0,0.06,1056.21,1062.71,1064.22,1046.68,6720000000.0,-0.32,1044.25,997.61,1054.11,996.7,25380000000.0,3.7,1061.18
2014-09-22,1061.18,1056.51,1064.28,1055.2,743300000.0,0.35,1057.43,1052.74,1062.81,1042.67,4540000000.0,0.12,1044.25,997.61,1054.11,996.7,25380000000.0,3.7,1062.16
2014-09-23,1062.16,1063.88,1066.2,1058.4,629910000.0,0.09,1057.43,1052.74,1062.81,1042.67,4540000000.0,0.12,1044.25,997.61,1054.11,996.7,25380000000.0,3.7,1062.76
2014-09-24,1062.76,1064.41,1067.64,1060.9,1160000000.0,0.06,1057.43,1052.74,1062.81,1042.67,4540000000.0,0.12,1044.25,997.61,1054.11,996.7,25380000000.0,3.7,1063.18
2014-09-25,1063.18,1064.92,1067.88,1062.53,1710000000.0,0.04,1057.43,1052.74,1062.81,1042.67,4540000000.0,0.12,1044.25,997.61,1054.11,996.7,25380000000.0,3.7,1069.08
2014-09-26,1069.08,1062.81,1069.08,1062.01,656280000.0,0.55,1057.43,1052.74,1062.81,1042.67,4540000000.0,0.12,1044.25,997.61,1054.11,996.7,25380000000.0,3.7,1056.5
2014-09-29,1056.5,1068.82,1070.0,1050.84,1020000000.0,-1.18,1069.08,1056.51,1069.08,1055.2,4900000000.0,1.1,1044.25,997.61,1054.11,996.7,25380000000.0,3.7,1057.22
2014-09-30,1057.22,1056.73,1062.06,1053.13,897410000.0,0.07,1069.08,1056.51,1069.08,1055.2,4900000000.0,1.1,1044.25,997.61,1054.11,996.7,25380000000.0,3.7,1057.88
2014-10-01,1057.88,1059.84,1064.43,1056.12,1240000000.0,0.06,1069.08,1056.51,1069.08,1055.2,4900000000.0,1.1,1057.22,1048.53,1070.0,1042.67,23020000000.0,1.24,1047.78
2014-10-02,1047.78,1054.4,1058.48,1043.41,1150000000.0,-0.95,1069.08,1056.51,1069.08,1055.2,4900000000.0,1.1,1057.22,1048.53,1070.0,1042.67,23020000000.0,1.24,1047.12
2014-10-03,1047.12,1046.52,1050.31,1036.05,897180000.0,-0.06,1069.08,1056.51,1069.08,1055.2,4900000000.0,1.1,1057.22,1048.53,1070.0,1042.67,23020000000.0,1.24,1031.32
2014-10-06,1031.32,1048.67,1050.4,1029.29,1270000000.0,-1.51,1047.12,1068.82,1070.0,1036.05,5210000000.0,-2.05,1057.22,1048.53,1070.0,1042.67,23020000000.0,1.24,1028.87
2014-10-07,1028.87,1033.45,1037.47,1025.7,1170000000.0,-0.24,1047.12,1068.82,1070.0,1036.05,5210000000.0,-2.05,1057.22,1048.53,1070.0,1042.67,23020000000.0,1.24,1029.19
2014-10-08,1029.19,1020.7,1032.61,1020.15,898990000.0,0.03,1047.12,1068.82,1070.0,1036.05,5210000000.0,-2.05,1057.22,1048.53,1070.0,1042.67,23020000000.0,1.24,1041.7
2014-10-09,1041.7,1036.89,1043.12,1034.21,892250000.0,1.22,1047.12,1068.82,1070.0,1036.05,5210000000.0,-2.05,1057.22,1048.53,1070.0,1042.67,23020000000.0,1.24,1034.96
2014-10-10,1034.96,1030.96,1037.23,1029.72,615890000.0,-0.65,1047.12,1068.82,1070.0,1036.05,5210000000.0,-2.05,1057.22,1048.53,1070.0,1042.67,23020000000.0,1.24,1025.06
2014-10-13,1025.06,1028.33,1031.22,1023.62,618390000.0,-0.96,1034.96,1048.67,1050.4,1020.15,4850000000.0,-1.16,1057.22,1048.53,1070.0,1042.67,23020000000.0,1.24,1028.32
2014-10-14,1028.32,1026.64,1032.74,1026.1,764040000.0,0.32,1034.96,1048.67,1050.4,1020.15,4850000000.0,-1.16,1057.22,1048.53,1070.0,1042.67,23020000000.0,1.24,1026.57
2014-10-15,1026.57,1030.01,1034.76,1026.54,776160000.0,-0.17,1034.96,1048.67,1050.4,1020.15,4850000000.0,-1.16,1057.22,1048.53,1070.0,1042.67,23020000000.0,1.24,1012.23
2014-10-16,1012.23,1021.91,1025.45,1012.23,663790000.0,-1.4,1034.96,1048.67,1050.4,1020.15,4850000000.0,-1.16,1057.22,1048.53,1070.0,1042.67,23020000000.0,1.24,1014.58
2014-10-17,1014.58,1014.86,1018.0,1009.17,1030000000.0,0.23,1034.96,1048.67,1050.4,1020.15,4850000000.0,-1.16,1057.22,1048.53,1070.0,1042.67,23020000000.0,1.24,1014.52
2014-10-20,1014.52,1024.06,1025.02,1013.66,742720000.0,-0.01,1014.58,1028.33,1034.76,1009.17,3850000000.0,-1.97,1057.22,1048.53,1070.0,1042.67,23020000000.0,1.24,1014.79
2014-10-21,1014.79,1016.87,1017.66,1010.74,762790000.0,0.03,1014.58,1028.33,1034.76,1009.17,3850000000.0,-1.97,1057.22,1048.53,1070.0,1042.67,23020000000.0,1.24,1018.42
2014-10-22,1018.42,1019.93,1021.1,1011.47,641980000.0,0.36,1014.58,1028.33,1034.76,1009.17,3850000000.0,-1.97,1057.22,1048.53,1070.0,1042.67,23020000000.0,1.24,1022.37
2014-10-24,1022.37,1022.54,1024.69,1018.31,535580000.00000006,0.39,1014.58,1028.33,1034.76,1009.17,3850000000.0,-1.97,1057.22,1048.53,1070.0,1042.67,23020000000.0,1.24,1026.29
2014-10-27,1026.29,1023.36,1026.58,1019.43,605640000.0,0.38,1022.37,1024.06,1025.02,1010.74,2680000000.0,0.77,1057.22,1048.53,1070.0,1042.67,23020000000.0,1.24,1031.73
2014-10-28,1031.73,1026.7,1032.22,1023.6,784610000.0,0.53,1022.37,1024.06,1025.02,1010.74,2680000000.0,0.77,1057.22,1048.53,1070.0,1042.67,23020000000.0,1.24,1035.26
2014-10-29,1035.26,1037.47,1041.58,1033.68,646440000.0,0.34,1022.37,1024.06,1025.02,1010.74,2680000000.0,0.77,1057.22,1048.53,1070.0,1042.67,23020000000.0,1.24,1037.37
2014-10-30,1037.37,1037.5,1041.5,1034.15,533480000.0,0.2,1022.37,1024.06,1025.02,1010.74,2680000000.0,0.77,1057.22,1048.53,1070.0,1042.67,23020000000.0,1.24,1053.22
2014-10-31,1053.22,1041.57,1053.22,1038.47,648220000.0,1.53,1022.37,1024.06,1025.02,1010.74,2680000000.0,0.77,1057.22,1048.53,1070.0,1042.67,23020000000.0,1.24,1051.08
2014-11-03,1051.08,1058.45,1058.57,1047.36,674100000.0,-0.2,1053.22,1023.36,1053.22,1019.43,3220000000.0,3.02,1053.22,1059.84,1064.43,1009.17,17890000000.0,-0.38,1056.34
2014-11-04,1056.34,1053.99,1056.51,1049.16,688870000.0,0.5,1053.22,1023.36,1053.22,1019.43,3220000000.0,3.02,1053.22,1059.84,1064.43,1009.17,17890000000.0,-0.38,1050.6
2014-11-05,1050.6,1056.09,1057.36,1046.89,616980000.0,-0.54,1053.22,1023.36,1053.22,1019.43,3220000000.0,3.02,1053.22,1059.84,1064.43,1009.17,17890000000.0,-0.38,1053.45
2014-11-06,1053.45,1052.47,1056.85,1049.17,660740000.0,0.27,1053.22,1023.36,1053.22,1019.43,3220000000.0,3.02,1053.22,1059.84,1064.43,1009.17,17890000000.0,-0.38,1051.69
2014-11-07,1051.69,1056.51,1057.54,1048.56,773210000.0,-0.17,1053.22,1023.36,1053.22,1019.43,3220000000.0,3.02,1053.22,1059.84,1064.43,1009.17,17890000000.0,-0.38,1043.22
2014-11-10,1043.22,1054.14,1054.77,1043.14,569500000.0,-0.81,1051.69,1058.45,1058.57,1046.89,3410000000.0,-0.15,1053.22,1059.84,1064.43,1009.17,17890000000.0,-0.38,1047.51
2014-11-11,1047.51,1044.15,1050.6,1040.6,652850000.0,0.41,1051.69,1058.45,1058.57,1046.89,3410000000.0,-0.15,1053.22,1059.84,1064.43,1009.17,17890000000.0,-0.38,1043.18
2014-11-12,1043.18,1048.01,1050.83,1039.75,571820000.0,-0.41,1051.69,1058.45,1058.57,1046.89,3410000000.0,-0.15,1053.22,1059.84,1064.43,1009.17,17890000000.0,-0.38,1054.49
2014-11-13,1054.49,1042.71,1054.49,1039.03,596410000.0,1.08,1051.69,1058.45,1058.57,1046.89,3410000000.0,-0.15,1053.22,1059.84,1064.43,1009.17,17890000000.0,-0.38,1051.87
2014-11-14,1051.87,1055.88,1056.64,1049.96,596720000.0,-0.25,1051.69,1058.45,1058.57,1046.89,3410000000.0,-0.15,1053.22,1059.84,1064.43,1009.17,17890000000.0,-0.38,1046.33
2014-11-17,1046.33,1051.69,1052.8,1045.77,454670000.0,-0.53,1051.87,1054.14,1056.64,1039.03,2990000000.0,0.02,1053.22,1059.84,1064.43,1009.17,17890000000.0,-0.38,1056.37
2014-11-18,1056.37,1047.53,1060.8,1047.12,582610000.0,0.96,1051.87,1054.14,1056.64,1039.03,2990000000.0,0.02,1053.22,1059.84,1064.43,1009.17,17890000000.0,-0.38,1053.86
2014-11-19,1053.86,1059.41,1059.9,1052.46,481170000.0,-0.24,1051.87,1054.14,1056.64,1039.03,2990000000.0,0.02,1053.22,1059.84,1064.43,1009.17,17890000000.0,-0.38,1046.67
2014-11-20,1046.67,1055.68,1056.4,1045.61,878660000.0,-0.68,1051.87,1054.14,1056.64,1039.03,2990000000.0,0.02,1053.22,1059.84,1064.43,1009.17,17890000000.0,-0.38,1055.78
2014-11-21,1055.78,1045.74,1057.27,1045.15,1090000000.0,0.87,1051.87,1054.14,1056.64,1039.03,2990000000.0,0.02,1053.22,1059.84,1064.43,1009.17,17890000000.0,-0.38,1063.21
2014-11-24,1063.21,1061.67,1064.97,1060.02,726720000.0,0.7,1055.78,1051.69,1060.8,1045.15,3490000000.0,0.37,1053.22,1059.84,1064.43,1009.17,17890000000.0,-0.38,1070.59
2014-11-25,1070.59,1063.97,1070.59,1059.57,1160000000.0,0.69,1055.78,1051.69,1060.8,1045.15,3490000000.0,0.37,1053.22,1059.84,1064.43,1009.17,17890000000.0,-0.38,1069.11
2014-11-26,1069.11,1070.18,1073.79,1067.43,874310000.0,-0.14,1055.78,1051.69,1060.8,1045.15,3490000000.0,0.37,1053.22,1059.84,1064.43,1009.17,17890000000.0,-0.38,1074.8
2014-11-27,1074.8,1071.37,1076.94,1069.95,766880000.0,0.53,1055.78,1051.69,1060.8,1045.15,3490000000.0,0.37,1053.22,1059.84,1064.43,1009.17,17890000000.0,-0.38,1069.36
2014-11-28,1069.36,1071.15,1074.21,1067.2,688820000.0,-0.51,1055.78,1051.69,1060.8,1045.15,3490000000.0,0.37,1053.22,1059.84,1064.43,1009.17,17890000000.0,-0.38,1069.03
2014-12-01,1069.03,1065.86,1071.37,1061.74,940620000.0,-0.03,1069.36,1061.67,1076.94,1059.57,4220000000.0,1.29,1069.36,1058.45,1076.94,1039.03,14110000000.0,1.53,1069.54
2014-12-02,1069.54,1071.57,1073.54,1063.34,918600000.0,0.05,1069.36,1061.67,1076.94,1059.57,4220000000.0,1.29,1069.36,1058.45,1076.94,1039.03,14110000000.0,1.53,1068.93
2014-12-03,1068.93,1072.05,1074.5,1065.55,636570000.0,-0.06,1069.36,1061.67,1076.94,1059.57,4220000000.0,1.29,1069.36,1058.45,1076.94,1039.03,14110000000.0,1.53,1070.99
2014-12-04,1070.99,1070.18,1072.93,1066.81,706650000.0,0.19,1069.36,1061.67,1076.94,1059.57,4220000000.0,1.29,1069.36,1058.45,1076.94,1039.03,14110000000.0,1.53,1055.73
2014-12-08,1055.73,1072.45,1075.0,1053.75,920130000.0,-1.42,1070.99,1065.86,1074.5,1061.74,3200000000.0,0.15,1069.36,1058.45,1076.94,1039.03,14110000000.0,1.53,1040.98
2014-12-09,1040.98,1053.04,1054.88,1038.98,799050000.0,-1.4,1070.99,1065.86,1074.5,1061.74,3200000000.0,0.15,1069.36,1058.45,1076.94,1039.03,14110000000.0,1.53,1018.38
2014-12-11,1018.38,1030.09,1031.78,1004.02,1560000000.0,-2.17,1070.99,1065.86,1074.5,1061.74,3200000000.0,0.15,1069.36,1058.45,1076.94,1039.03,14110000000.0,1.53,1007.42
2014-12-12,1007.42,1015.56,1020.56,1006.98,968060000.0,-1.08,1070.99,1065.86,1074.5,1061.74,3200000000.0,0.15,1069.36,1058.45,1076.94,1039.03,14110000000.0,1.53,989.4
2014-12-15,989.4,989.18,994.83,912.67,2420000000.0,-1.79,1007.42,1072.45,1075.0,1004.02,4250000000.0,-5.94,1069.36,1058.45,1076.94,1039.03,14110000000.0,1.53,971.7
2014-12-16,971.7,960.62,983.76,944.81,1790000000.0,-1.79,1007.42,1072.45,1075.0,1004.02,4250000000.0,-5.94,1069.36,1058.45,1076.94,1039.03,14110000000.0,1.53,985.06
2014-12-17,985.06,973.91,990.66,970.66,1190000000.0,1.37,1007.42,1072.45,1075.0,1004.02,4250000000.0,-5.94,1069.36,1058.45,1076.94,1039.03,14110000000.0,1.53,1013.14
2014-12-18,1013.14,1003.61,1013.14,1000.16,925930000.0,2.85,1007.42,1072.45,1075.0,1004.02,4250000000.0,-5.94,1069.36,1058.45,1076.94,1039.03,14110000000.0,1.53,1011.06
2014-12-19,1011.06,1020.54,1021.42,1003.72,815950000.0,-0.21,1007.42,1072.45,1075.0,1004.02,4250000000.0,-5.94,1069.36,1058.45,1076.94,1039.03,14110000000.0,1.53,1028.22
2014-12-22,1028.22,1016.84,1028.22,1014.48,520490000.0,1.7,1011.06,989.18,1021.42,912.67,7140000000.0,0.36,1069.36,1058.45,1076.94,1039.03,14110000000.0,1.53,1023.37
2014-12-23,1023.37,1025.94,1030.01,1018.54,479180000.0,-0.47,1011.06,989.18,1021.42,912.67,7140000000.0,0.36,1069.36,1058.45,1076.94,1039.03,14110000000.0,1.53,1020.37
2014-12-24,1020.37,1027.45,1028.93,1020.27,428480000.0,-0.29,1011.06,989.18,1021.42,912.67,7140000000.0,0.36,1069.36,1058.45,1076.94,1039.03,14110000000.0,1.53,1005.28
2014-12-25,1005.28,1013.66,1013.81,998.24,575310000.0,-1.48,1011.06,989.18,1021.42,912.67,7140000000.0,0.36,1069.36,1058.45,1076.94,1039.03,14110000000.0,1.53,1010.61
2014-12-26,1010.61,1004.35,1011.73,995.93,532390000.0,0.53,1011.06,989.18,1021.42,912.67,7140000000.0,0.36,1069.36,1058.45,1076.94,1039.03,14110000000.0,1.53,1001.37
2014-12-29,1001.37,1015.04,1015.3,996.88,352610000.0,-0.91,1010.61,1016.84,1030.01,995.93,2540000000.0,-0.04,1069.36,1058.45,1076.94,1039.03,14110000000.0,1.53,1001.01
2014-12-30,1001.01,1000.32,1003.03,991.81,445480000.0,-0.04,1010.61,1016.84,1030.01,995.93,2540000000.0,-0.04,1069.36,1058.45,1076.94,1039.03,14110000000.0,1.53,987.4
2015-01-05,987.4,1002.19,1003.83,986.94,674130000.0,-1.36,1001.01,1015.04,1015.3,991.81,798090000.0,-0.95,1001.01,1065.86,1075.0,912.67,17920000000.0,-6.39,980.5
2015-01-06,980.5,974.75,981.66,967.74,1050000000.0,-0.7,1001.01,1015.04,1015.3,991.81,798090000.0,-0.95,1001.01,1065.86,1075.0,912.67,17920000000.0,-6.39,998.05
2015-01-07,998.05,980.88,998.1,980.18,784320000.0,1.79,1001.01,1015.04,1015.3,991.81,798090000.0,-0.95,1001.01,1065.86,1075.0,912.67,17920000000.0,-6.39,1013.24
2015-01-08,1013.24,1009.68,1015.52,1008.11,1070000000.0,1.52,1001.01,1015.04,1015.3,991.81,798090000.0,-0.95,1001.01,1065.86,1075.0,912.67,17920000000.0,-6.39,1017.87
2015-01-09,1017.87,1018.89,1019.91,1013.03,813370000.0,0.46,1001.01,1015.04,1015.3,991.81,798090000.0,-0.95,1001.01,1065.86,1075.0,912.67,17920000000.0,-6.39,1019.38
2015-01-12,1019.38,1014.95,1025.69,1010.78,803230000.0,0.15,1017.87,1002.19,1019.91,967.74,4390000000.0,1.68,1001.01,1065.86,1075.0,912.67,17920000000.0,-6.39,1020.22
2015-01-13,1020.22,1010.05,1023.08,1005.37,837960000.0,0.08,1017.87,1002.19,1019.91,967.74,4390000000.0,1.68,1001.01,1065.86,1075.0,912.67,17920000000.0,-6.39,1010.98
2015-01-14,1010.98,1023.22,1030.91,1009.73,744210000.0,-0.91,1017.87,1002.19,1019.91,967.74,4390000000.0,1.68,1001.01,1065.86,1075.0,912.67,17920000000.0,-6.39,1009.97
2015-01-15,1009.97,1015.62,1020.78,1008.99,553090000.0,-0.1,1017.87,1002.19,1019.91,967.74,4390000000.0,1.68,1001.01,1065.86,1075.0,912.67,17920000000.0,-6.39,1005.51
2015-01-16,1005.51,1003.45,1011.44,1002.71,512660000.0,-0.44,1017.87,1002.19,1019.91,967.74,4390000000.0,1.68,1001.01,1065.86,1075.0,912.67,17920000000.0,-6.39,1019.92
2015-01-19,1019.92,1013.63,1020.12,1010.54,528170000.0,1.43,1005.51,1014.95,1030.91,1002.71,3450000000.0,-1.21,1001.01,1065.86,1075.0,912.67,17920000000.0,-6.39,1018.99
2015-01-20,1018.99,1021.97,1024.53,1015.64,820530000.0,-0.09,1005.51,1014.95,1030.91,1002.71,3450000000.0,-1.21,1001.01,1065.86,1075.0,912.67,17920000000.0,-6.39,1019.07
2015-01-21,1019.07,1020.83,1022.06,1013.73,994260000.0,0.01,1005.51,1014.95,1030.91,1002.71,3450000000.0,-1.21,1001.01,1065.86,1075.0,912.67,17920000000.0,-6.39,1039.12
2015-01-22,1039.12,1027.23,1040.25,1023.73,1160000000.0,1.97,1005.51,1014.95,1030.91,1002.71,3450000000.0,-1.21,1001.01,1065.86,1075.0,912.67,17920000000.0,-6.39,1073.0
2015-01-23,1073.0,1046.98,1075.19,1046.4,1290000000.0,3.26,1005.51,1014.95,1030.91,1002.71,3450000000.0,-1.21,1001.01,1065.86,1075.0,912.67,17920000000.0,-6.39,1062.93
2015-01-26,1062.93,1075.58,1083.47,1062.68,1010000000.0,-0.94,1073.0,1013.63,1075.19,1010.54,4790000000.0,6.71,1001.01,1065.86,1075.0,912.67,17920000000.0,-6.39,1061.12
2015-01-27,1061.12,1062.67,1073.84,1058.75,1390000000.0,-0.17,1073.0,1013.63,1075.19,1010.54,4790000000.0,6.71,1001.01,1065.86,1075.0,912.67,17920000000.0,-6.39,1062.01
2015-01-28,1062.01,1064.6,1071.03,1055.1,883150000.0,0.08,1073.0,1013.63,1075.19,1010.54,4790000000.0,6.71,1001.01,1065.86,1075.0,912.67,17920000000.0,-6.39,1056.23
2015-01-29,1056.23,1061.59,1067.65,1052.86,943230000.0,-0.54,1073.0,1013.63,1075.19,1010.54,4790000000.0,6.71,1001.01,1065.86,1075.0,912.67,17920000000.0,-6.39,1050.29
2015-01-30,1050.29,1059.76,1060.92,1050.18,1100000000.0,-0.56,1073.0,1013.63,1075.19,1010.54,4790000000.0,6.71,1001.01,1065.86,1075.0,912.67,17920000000.0,-6.39,1051.38
2015-02-02,1051.38,1047.72,1053.1,1043.58,870120000.0,0.1,1050.29,1075.58,1083.47,1050.18,5330000000.0,-2.12,1050.29,1002.19,1083.47,967.74,17970000000.0,4.92,1068.91
2015-02-03,1068.91,1058.95,1070.92,1058.72,1350000000.0,1.67,1050.29,1075.58,1083.47,1050.18,5330000000.0,-2.12,1050.29,1002.19,1083.47,967.74,17970000000.0,4.92,1066.1
2015-02-04,1066.1,1080.05,1082.59,1066.1,1680000000.0,-0.26,1050.29,1075.58,1083.47,1050.18,5330000000.0,-2.12,1050.29,1002.19,1083.47,967.74,17970000000.0,4.92,1071.36
2015-02-05,1071.36,1061.39,1071.36,1055.58,1120000000.0,0.49,1050.29,1075.58,1083.47,1050.18,5330000000.0,-2.12,1050.29,1002.19,1083.47,967.74,17970000000.0,4.92,1074.39
2015-02-06,1074.39,1076.1,1077.04,1070.6,965890000.0,0.28,1050.29,1075.58,1083.47,1050.18,5330000000.0,-2.12,1050.29,1002.19,1083.47,967.74,17970000000.0,4.92,1063.8
2015-02-09,1063.8,1070.07,1074.63,1063.8,1350000000.0,-0.99,1074.39,1047.72,1082.59,1043.58,5980000000.0,2.29,1050.29,1002.19,1083.47,967.74,17970000000.0,4.92,1057.54
2015-02-10,1057.54,1062.62,1066.92,1056.44,1060000000.0,-0.59,1074.39,1047.72,1082.59,1043.58,5980000000.0,2.29,1050.29,1002.19,1083.47,967.74,17970000000.0,4.92,1064.61
2015-02-11,1064.61,1060.33,1066.0,1048.93,1210000000.0,0.67,1074.39,1047.72,1082.59,1043.58,5980000000.0,2.29,1050.29,1002.19,1083.47,967.74,17970000000.0,4.92,1070.5
2015-02-12,1070.5,1064.51,1070.5,1057.99,1210000000.0,0.55,1074.39,1047.72,1082.59,1043.58,5980000000.0,2.29,1050.29,1002.19,1083.47,967.74,17970000000.0,4.92,1071.02
2015-02-13,1071.02,1072.17,1074.59,1067.93,937100000.0,0.05,1074.39,1047.72,1082.59,1043.58,5980000000.0,2.29,1050.29,1002.19,1083.47,967.74,17970000000.0,4.92,1064.75
2015-02-16,1064.75,1070.37,1072.49,1064.69,483770000.0,-0.59,1071.02,1070.07,1074.63,1048.93,5770000000.0,-0.31,1050.29,1002.19,1083.47,967.74,17970000000.0,4.92,1050.81
2015-02-17,1050.81,1063.3,1065.61,1050.81,742950000.0,-1.31,1071.02,1070.07,1074.63,1048.93,5770000000.0,-0.31,1050.29,1002.19,1083.47,967.74,17970000000.0,4.92,1061.45
2015-02-18,1061.45,1053.0,1061.94,1052.55,560550000.0,1.01,1071.02,1070.07,1074.63,1048.93,5770000000.0,-0.31,1050.29,1002.19,1083.47,967.74,17970000000.0,4.92,1056.48
2015-02-19,1056.48,1060.0,1063.99,1055.07,923610000.0,-0.47,1071.02,1070.07,1074.63,1048.93,5770000000.0,-0.31,1050.29,1002.19,1083.47,967.74,17970000000.0,4.92,1058.77
2015-02-20,1058.77,1058.77,1062.73,1056.27,740020000.0,0.22,1071.02,1070.07,1074.63,1048.93,5770000000.0,-0.31,1050.29,1002.19,1083.47,967.74,17970000000.0,4.92,1049.93
2015-02-23,1049.93,1062.27,1063.26,1049.79,1530000000.0,-0.83,1058.77,1070.37,1072.49,1050.81,3450000000.0,-1.14,1050.29,1002.19,1083.47,967.74,17970000000.0,4.92,1052.61
2015-02-24,1052.61,1052.26,1058.17,1051.0,1400000000.0,0.26,1058.77,1070.37,1072.49,1050.81,3450000000.0,-1.14,1050.29,1002.19,1083.47,967.74,17970000000.0,4.92,1045.8
2015-02-25,1045.8,1054.21,1055.59,1041.96,2300000000.0,-0.65,1058.77,1070.37,1072.49,1050.81,3450000000.0,-1.14,1050.29,1002.19,1083.47,967.74,17970000000.0,4.92,1051.1
2015-02-26,1051.1,1046.05,1051.1,1031.37,1690000000.0,0.51,1058.77,1070.37,1072.49,1050.81,3450000000.0,-1.14,1050.29,1002.19,1083.47,967.74,17970000000.0,4.92,1042.8
2015-02-27,1042.8,1047.62,1050.62,1042.12,1200000000.0,-0.79,1058.77,1070.37,1072.49,1050.81,3450000000.0,-1.14,1050.29,1002.19,1083.47,967.74,17970000000.0,4.92,1039.47
2015-03-02,1039.47,1043.9,1045.39,1033.23,1450000000.0,-0.32,1042.8,1062.27,1063.26,1031.37,8119999999.999999,-1.51,1042.8,1047.72,1082.59,1031.37,23320000000.0,-0.71,1027.89
2015-03-03,1027.89,1037.64,1039.39,1027.89,1110000000.0,-1.11,1042.8,1062.27,1063.26,1031.37,8119999999.999999,-1.51,1042.8,1047.72,1082.59,1031.37,23320000000.0,-0.71,1022.09
2015-03-05,1022.09,1025.86,1026.93,1016.62,1520000000.0,-0.56,1042.8,1062.27,1063.26,1031.37,8119999999.999999,-1.51,1042.8,1047.72,1082.59,1031.37,23320000000.0,-0.71,1032.49
2015-03-06,1032.49,1022.24,1032.49,1020.59,1070000000.0,1.02,1042.8,1062.27,1063.26,1031.37,8119999999.999999,-1.51,1042.8,1047.72,1082.59,1031.37,23320000000.0,-0.71,1027.02
2015-03-09,1027.02,1025.51,1031.27,1021.47,1060000000.0,-0.53,1032.49,1043.9,1045.39,1016.62,5150000000.0,-0.99,1042.8,1047.72,1082.59,1031.37,23320000000.0,-0.71,1005.25
2015-03-10,1005.25,1027.77,1029.31,1005.25,1190000000.0,-2.12,1032.49,1043.9,1045.39,1016.62,5150000000.0,-0.99,1042.8,1047.72,1082.59,1031.37,23320000000.0,-0.71,1015.94
2015-03-11,1015.94,1001.88,1016.07,998.63,1550000000.0,1.06,1032.49,1043.9,1045.39,1016.62,5150000000.0,-0.99,1042.8,1047.72,1082.59,1031.37,23320000000.0,-0.71,1013.98
2015-03-12,1013.98,1014.17,1017.9,1006.31,1050000000.0,-0.19,1032.49,1043.9,1045.39,1016.62,5150000000.0,-0.99,1042.8,1047.72,1082.59,1031.37,23320000000.0,-0.71,1012.25
2015-03-13,1012.25,1016.55,1020.29,1010.55,997080000.0,-0.17,1032.49,1043.9,1045.39,1016.62,5150000000.0,-0.99,1042.8,1047.72,1082.59,1031.37,23320000000.0,-0.71,996.39
2015-03-16,996.39,1006.45,1007.66,993.95,1170000000.0,-1.57,1012.25,1025.51,1031.27,998.63,5850000000.0,-1.96,1042.8,1047.72,1082.59,1031.37,23320000000.0,-0.71,997.43
2015-03-17,997.43,1003.58,1005.45,996.87,1430000000.0,0.1,1012.25,1025.51,1031.27,998.63,5850000000.0,-1.96,1042.8,1047.72,1082.59,1031.37,23320000000.0,-0.71,1010.99
2015-03-18,1010.99,998.55,1012.4,997.3,1230000000.0,1.36,1012.25,1025.51,1031.27,998.63,5850000000.0,-1.96,1042.8,1047.72,1082.59,1031.37,23320000000.0,-0.71,1012.18
2015-03-19,1012.18,1020.44,1020.44,1009.63,1080000000.0,0.12,1012.25,1025.51,1031.27,998.63,5850000000.0,-1.96,1042.8,1047.72,1082.59,1031.37,23320000000.0,-0.71,1010.67
2015-03-20,1010.67,1013.31,1015.42,1002.18,1680000000.0,-0.15,1012.25,1025.51,1031.27,998.63,5850000000.0,-1.96,1042.8,1047.72,1082.59,1031.37,23320000000.0,-0.71,1006.03
2015-03-23,1006.03,1015.28,1017.45,1004.23,1420000000.0,-0.46,1010.67,1006.45,1020.44,993.95,6600000000.0,-0.16,1042.8,1047.72,1082.59,1031.37,23320000000.0,-0.71,1005.12
2015-03-24,1005.12,1005.09,1005.94,994.65,1330000000.0,-0.09,1010.67,1006.45,1020.44,993.95,6600000000.0,-0.16,1042.8,1047.72,1082.59,1031.37,23320000000.0,-0.71,1002.56
2015-03-25,1002.56,1005.46,1008.78,1002.56,846580000.0,-0.25,1010.67,1006.45,1020.44,993.95,6600000000.0,-0.16,1042.8,1047.72,1082.59,1031.37,23320000000.0,-0.71,992.82
2015-03-26,992.82,997.76,1003.01,992.49,1150000000.0,-0.97,1010.67,1006.45,1020.44,993.95,6600000000.0,-0.16,1042.8,1047.72,1082.59,1031.37,23320000000.0,-0.71,993.33
2015-03-27,993.33,991.74,995.17,986.78,1000000000.0,0.05,1010.67,1006.45,1020.44,993.95,6600000000.0,-0.16,1042.8,1047.72,1082.59,1031.37,23320000000.0,-0.71,993.27
2015-03-30,993.27,998.46,1000.68,993.12,919710000.0,-0.01,993.33,1015.28,1017.45,986.78,5760000000.0,-1.72,1042.8,1047.72,1082.59,1031.37,23320000000.0,-0.71,997.66
2015-03-31,997.66,997.28,1001.88,993.58,831540000.0,0.44,993.33,1015.28,1017.45,986.78,5760000000.0,-1.72,1042.8,1047.72,1082.59,1031.37,23320000000.0,-0.71,1010.04
2015-04-01,1010.04,998.13,1010.13,995.03,965190000.0,1.24,993.33,1015.28,1017.45,986.78,5760000000.0,-1.72,997.66,1043.9,1045.39,986.78,25100000000.0,-4.33,1015.3
2015-04-02,1015.3,1013.6,1020.45,1009.24,1010000000.0,0.52,993.33,1015.28,1017.45,986.78,5760000000.0,-1.72,997.66,1043.9,1045.39,986.78,25100000000.0,-4.33,1017.08
2015-04-03,1017.08,1016.82,1018.42,1012.88,653900000.0,0.18,993.33,1015.28,1017.45,986.78,5760000000.0,-1.72,997.66,1043.9,1045.39,986.78,25100000000.0,-4.33,1027.62
2015-04-07,1027.62,1024.32,1032.17,1022.23,829590000.0,1.04,1017.08,998.46,1020.45,993.12,4380000000.0,2.39,997.66,1043.9,1045.39,986.78,25100000000.0,-4.33,1023.97
2015-04-08,1023.97,1029.9,1033.19,1023.92,929980000.0,-0.36,1017.08,998.46,1020.45,993.12,4380000000.0,2.39,997.66,1043.9,1045.39,986.78,25100000000.0,-4.33,1023.65
2015-04-09,1023.65,1024.24,1027.84,1020.71,638550000.0,-0.03,1017.08,998.46,1020.45,993.12,4380000000.0,2.39,997.66,1043.9,1045.39,986.78,25100000000.0,-4.33,1025.38
2015-04-10,1025.38,1024.94,1026.56,1019.45,873280000.0,0.17,1017.08,998.46,1020.45,993.12,4380000000.0,2.39,997.66,1043.9,1045.39,986.78,25100000000.0,-4.33,1043.73
2015-04-16,1043.73,1035.9,1043.79,1031.09,984070000.0,1.79,1025.38,1024.32,1033.19,1019.45,3270000000.0,0.82,997.66,1043.9,1045.39,986.78,25100000000.0,-4.33,1039.53
2015-04-17,1039.53,1045.69,1046.62,1039.53,1770000000.0,-0.4,1025.38,1024.32,1033.19,1019.45,3270000000.0,0.82,997.66,1043.9,1045.39,986.78,25100000000.0,-4.33,1033.75
2015-04-20,1033.75,1038.24,1039.24,1031.02,1310000000.0,-0.56,1039.53,1035.9,1046.62,1031.09,2760000000.0,1.38,997.66,1043.9,1045.39,986.78,25100000000.0,-4.33,1040.23
2015-04-21,1040.23,1038.4,1042.31,1036.62,951360000.0,0.63,1039.53,1035.9,1046.62,1031.09,2760000000.0,1.38,997.66,1043.9,1045.39,986.78,25100000000.0,-4.33,1024.61
2015-04-22,1024.61,1040.82,1041.14,1024.61,1080000000.0,-1.5,1039.53,1035.9,1046.62,1031.09,2760000000.0,1.38,997.66,1043.9,1045.39,986.78,25100000000.0,-4.33,1019.38
2015-04-23,1019.38,1027.86,1032.91,1017.82,1290000000.0,-0.51,1039.53,1035.9,1046.62,1031.09,2760000000.0,1.38,997.66,1043.9,1045.39,986.78,25100000000.0,-4.33,1028.41
2015-04-24,1028.41,1023.0,1028.41,1020.33,834990000.0,0.89,1039.53,1035.9,1046.62,1031.09,2760000000.0,1.38,997.66,1043.9,1045.39,986.78,25100000000.0,-4.33,1023.45
2015-04-27,1023.45,1030.52,1033.32,1021.51,1060000000.0,-0.48,1028.41,1038.24,1042.31,1017.82,5460000000.0,-1.07,997.66,1043.9,1045.39,986.78,25100000000.0,-4.33,1011.87
2015-04-28,1011.87,1022.94,1023.25,1006.89,1400000000.0,-1.13,1028.41,1038.24,1042.31,1017.82,5460000000.0,-1.07,997.66,1043.9,1045.39,986.78,25100000000.0,-4.33,1003.48
2015-04-29,1003.48,1003.15,1009.51,997.02,1300000000.0,-0.83,1028.41,1038.24,1042.31,1017.82,5460000000.0,-1.07,997.66,1043.9,1045.39,986.78,25100000000.0,-4.33,1006.1
2015-04-30,1006.1,1002.45,1009.94,1001.99,1180000000.0,0.26,1028.41,1038.24,1042.31,1017.82,5460000000.0,-1.07,997.66,1043.9,1045.39,986.78,25100000000.0,-4.33,1003.19
2015-05-06,1003.19,1008.25,1010.04,998.01,1210000000.0,-0.29,1006.1,1030.52,1033.32,997.02,4940000000.0,-2.17,1006.1,998.13,1046.62,995.03,19060000000.0,0.85,990.69
2015-05-07,990.69,999.28,1005.45,990.69,1630000000.0,-1.25,1006.1,1030.52,1033.32,997.02,4940000000.0,-2.17,1006.1,998.13,1046.62,995.03,19060000000.0,0.85,1001.04
2015-05-08,1001.04,994.81,1005.24,989.06,1490000000.0,1.04,1006.1,1030.52,1033.32,997.02,4940000000.0,-2.17,1006.1,998.13,1046.62,995.03,19060000000.0,0.85,996.27
2015-05-11,996.27,1006.05,1009.07,996.27,958790000.0,-0.48,1001.04,1008.25,1010.04,989.06,4330000000.0,-0.5,1006.1,998.13,1046.62,995.03,19060000000.0,0.85,986.51
2015-05-12,986.51,995.53,997.04,981.55,1080000000.0,-0.98,1001.04,1008.25,1010.04,989.06,4330000000.0,-0.5,1006.1,998.13,1046.62,995.03,19060000000.0,0.85,994.61
2015-05-13,994.61,992.02,996.28,989.03,1060000000.0,0.82,1001.04,1008.25,1010.04,989.06,4330000000.0,-0.5,1006.1,998.13,1046.62,995.03,19060000000.0,0.85,993.03
2015-05-14,993.03,994.31,997.24,984.83,988340000.0,-0.16,1001.04,1008.25,1010.04,989.06,4330000000.0,-0.5,1006.1,998.13,1046.62,995.03,19060000000.0,0.85,1002.83
2015-05-15,1002.83,992.01,1002.83,990.07,807950000.0,0.99,1001.04,1008.25,1010.04,989.06,4330000000.0,-0.5,1006.1,998.13,1046.62,995.03,19060000000.0,0.85,1001.25
2015-05-18,1001.25,1001.13,1005.37,997.25,559510000.0,-0.16,1002.83,1006.05,1009.07,981.55,4900000000.0,0.18,1006.1,998.13,1046.62,995.03,19060000000.0,0.85,1012.71
2015-05-19,1012.71,1003.09,1014.41,1003.05,860960000.0,1.14,1002.83,1006.05,1009.07,981.55,4900000000.0,0.18,1006.1,998.13,1046.62,995.03,19060000000.0,0.85,1005.98
2015-05-20,1005.98,1012.51,1014.66,1005.73,1110000000.0,-0.66,1002.83,1006.05,1009.07,981.55,4900000000.0,0.18,1006.1,998.13,1046.62,995.03,19060000000.0,0.85,1010.71
2015-05-21,1010.71,1008.87,1013.09,1007.28,1080000000.0,0.47,1002.83,1006.05,1009.07,981.55,4900000000.0,0.18,1006.1,998.13,1046.62,995.03,19060000000.0,0.85,1007.68
2015-05-22,1007.68,1015.03,1017.93,1007.48,763420000.0,-0.3,1002.83,1006.05,1009.07,981.55,4900000000.0,0.18,1006.1,998.13,1046.62,995.03,19060000000.0,0.85,996.05
2015-05-25,996.05,1009.58,1011.17,996.05,552130000.0,-1.15,1007.68,1001.13,1017.93,997.25,4380000000.0,0.48,1006.1,998.13,1046.62,995.03,19060000000.0,0.85,989.31
2015-05-26,989.31,995.88,1000.21,988.88,728200000.0,-0.68,1007.68,1001.13,1017.93,997.25,4380000000.0,0.48,1006.1,998.13,1046.62,995.03,19060000000.0,0.85,991.39
2015-05-27,991.39,984.86,992.35,980.95,731920000.0,0.21,1007.68,1001.13,1017.93,997.25,4380000000.0,0.48,1006.1,998.13,1046.62,995.03,19060000000.0,0.85,985.15
2015-05-28,985.15,992.13,992.94,980.31,741370000.0,-0.63,1007.68,1001.13,1017.93,997.25,4380000000.0,0.48,1006.1,998.13,1046.62,995.03,19060000000.0,0.85,985.37
2015-05-29,985.37,987.14,990.18,982.78,861310000.0,0.02,1007.68,1001.13,1017.93,997.25,4380000000.0,0.48,1006.1,998.13,1046.62,995.03,19060000000.0,0.85,972.01
2015-06-02,972.01,981.6,983.14,971.92,835640000.0,-1.36,985.37,1009.58,1011.17,980.31,3610000000.0,-2.21,985.37,1008.25,1017.93,980.31,17230000000.0,-2.06,975.93
2015-06-03,975.93,975.58,979.97,972.75,759620000.0,0.4,985.37,1009.58,1011.17,980.31,3610000000.0,-2.21,985.37,1008.25,1017.93,980.31,17230000000.0,-2.06,981.86
2015-06-04,981.86,976.77,982.49,969.95,783460000.0,0.61,985.37,1009.58,1011.17,980.31,3610000000.0,-2.21,985.37,1008.25,1017.93,980.31,17230000000.0,-2.06,994.33
2015-06-05,994.33,981.42,995.99,981.23,986330000.0,1.27,985.37,1009.58,1011.17,980.31,3610000000.0,-2.21,985.37,1008.25,1017.93,980.31,17230000000.0,-2.06,993.57
2015-06-08,993.57,993.53,996.29,988.53,762990000.0,-0.08,994.33,981.6,995.99,969.95,3370000000.0,0.91,985.37,1008.25,1017.93,980.31,17230000000.0,-2.06,981.38
2015-06-09,981.38,990.44,991.05,980.94,1320000000.0,-1.23,994.33,981.6,995.99,969.95,3370000000.0,0.91,985.37,1008.25,1017.93,980.31,17230000000.0,-2.06,991.38
2015-06-10,991.38,984.69,996.13,984.43,767300000.0,1.02,994.33,981.6,995.99,969.95,3370000000.0,0.91,985.37,1008.25,1017.93,980.31,17230000000.0,-2.06,999.1
2015-06-11,999.1,998.46,1002.04,995.31,1880000000.0,0.78,994.33,981.6,995.99,969.95,3370000000.0,0.91,985.37,1008.25,1017.93,980.31,17230000000.0,-2.06,992.39
2015-06-12,992.39,998.91,999.91,992.04,806540000.0,-0.67,994.33,981.6,995.99,969.95,3370000000.0,0.91,985.37,1008.25,1017.93,980.31,17230000000.0,-2.06,986.87
2015-06-15,986.87,991.43,991.7,984.3,803930000.0,-0.56,992.39,993.53,1002.04,980.94,5540000000.0,-0.2,985.37,1008.25,1017.93,980.31,17230000000.0,-2.06,987.79
2015-06-16,987.79,987.36,992.27,986.87,620820000.0,0.09,992.39,993.53,1002.04,980.94,5540000000.0,-0.2,985.37,1008.25,1017.93,980.31,17230000000.0,-2.06,996.87
2015-06-17,996.87,990.97,998.7,988.63,807780000.0,0.92,992.39,993.53,1002.04,980.94,5540000000.0,-0.2,985.37,1008.25,1017.93,980.31,17230000000.0,-2.06,991.03
2015-06-18,991.03,997.97,998.86,989.49,1450000000.0,-0.59,992.39,993.53,1002.04,980.94,5540000000.0,-0.2,985.37,1008.25,1017.93,980.31,17230000000.0,-2.06,978.69
2015-06-19,978.69,990.33,990.96,976.31,1210000000.0,-1.25,992.39,993.53,1002.04,980.94,5540000000.0,-0.2,985.37,1008.25,1017.93,980.31,17230000000.0,-2.06,989.51
2015-06-22,989.51,980.31,994.2,979.81,791290000.0,1.11,978.69,991.43,998.86,976.31,4890000000.0,-1.38,985.37,1008.25,1017.93,980.31,17230000000.0,-2.06,988.05
2015-06-23,988.05,995.65,996.56,986.88,810500000.0,-0.15,978.69,991.43,998.86,976.31,4890000000.0,-1.38,985.37,1008.25,1017.93,980.31,17230000000.0,-2.06,999.93
2015-06-24,999.93,991.59,999.93,990.97,1190000000.0,1.2,978.69,991.43,998.86,976.31,4890000000.0,-1.38,985.37,1008.25,1017.93,980.31,17230000000.0,-2.06,1000.75
2015-06-25,1000.75,998.71,1004.12,995.32,935110000.0,0.08,978.69,991.43,998.86,976.31,4890000000.0,-1.38,985.37,1008.25,1017.93,980.31,17230000000.0,-2.06,999.11
2015-06-26,999.11,1001.34,1003.92,998.44,844800000.0,-0.16,978.69,991.43,998.86,976.31,4890000000.0,-1.38,985.37,1008.25,1017.93,980.31,17230000000.0,-2.06,995.93
2015-06-29,995.93,987.71,1000.67,984.9,1080000000.0,-0.32,999.11,980.31,1004.12,979.81,4570000000.0,2.09,985.37,1008.25,1017.93,980.31,17230000000.0,-2.06,989.21
2015-06-30,989.21,995.38,996.61,984.92,1300000000.0,-0.67,999.11,980.31,1004.12,979.81,4570000000.0,2.09,985.37,1008.25,1017.93,980.31,17230000000.0,-2.06,980.19
2015-07-02,980.19,989.01,989.41,978.42,1490000000.0,-0.91,999.11,980.31,1004.12,979.81,4570000000.0,2.09,989.21,981.6,1004.12,969.95,20760000000.0,0.39,979.1
2015-07-03,979.1,979.48,983.51,974.97,1140000000.0,-0.11,999.11,980.31,1004.12,979.81,4570000000.0,2.09,989.21,981.6,1004.12,969.95,20760000000.0,0.39,968.48
2015-07-06,968.48,971.78,973.35,964.82,1490000000.0,-1.08,979.1,987.71,1000.67,974.97,5010000000.0,-2.0,989.21,981.6,1004.12,969.95,20760000000.0,0.39,975.23
2015-07-07,975.23,970.38,976.09,968.31,1120000000.0,0.7,979.1,987.71,1000.67,974.97,5010000000.0,-2.0,989.21,981.6,1004.12,969.95,20760000000.0,0.39,964.62
2015-07-08,964.62,968.63,970.92,962.24,942690000.0,-1.09,979.1,987.71,1000.67,974.97,5010000000.0,-2.0,989.21,981.6,1004.12,969.95,20760000000.0,0.39,967.42
2015-07-09,967.42,963.93,971.87,958.5,1120000000.0,0.29,979.1,987.71,1000.67,974.97,5010000000.0,-2.0,989.21,981.6,1004.12,969.95,20760000000.0,0.39,977.57
2015-07-10,977.57,975.29,978.15,970.49,1170000000.0,1.05,979.1,987.71,1000.67,974.97,5010000000.0,-2.0,989.21,981.6,1004.12,969.95,20760000000.0,0.39,980.28
2015-07-13,980.28,975.47,983.13,973.39,918020000.0,0.28,977.57,971.78,978.15,958.5,5850000000.0,-0.16,989.21,981.6,1004.12,969.95,20760000000.0,0.39,977.29
2015-07-14,977.29,981.56,982.71,976.16,843940000.0,-0.31,977.57,971.78,978.15,958.5,5850000000.0,-0.16,989.21,981.6,1004.12,969.95,20760000000.0,0.39,976.71
2015-07-15,976.71,979.21,983.62,976.61,1090000000.0,-0.06,977.57,971.78,978.15,958.5,5850000000.0,-0.16,989.21,981.6,1004.12,969.95,20760000000.0,0.39,974.29
2015-07-16,974.29,977.6,979.75,969.61,2230000000.0,-0.25,977.57,971.78,978.15,958.5,5850000000.0,-0.16,989.21,981.6,1004.12,969.95,20760000000.0,0.39,972.51
2015-07-17,972.51,975.34,976.55,969.61,915460000.0,-0.18,977.57,971.78,978.15,958.5,5850000000.0,-0.16,989.21,981.6,1004.12,969.95,20760000000.0,0.39,964.19
2015-07-20,964.19,972.73,973.73,963.89,1000000000.0,-0.86,972.51,975.47,983.62,969.61,6000000000.0,-0.52,989.21,981.6,1004.12,969.95,20760000000.0,0.39,952.25
2015-07-21,952.25,964.92,965.28,948.36,2020000000.0,-1.24,972.51,975.47,983.62,969.61,6000000000.0,-0.52,989.21,981.6,1004.12,969.95,20760000000.0,0.39,953.4
2015-07-22,953.4,948.17,954.65,942.07,1980000000.0,0.12,972.51,975.47,983.62,969.61,6000000000.0,-0.52,989.21,981.6,1004.12,969.95,20760000000.0,0.39,948.67
2015-07-23,948.67,952.28,956.56,948.67,1130000000.0,-0.5,972.51,975.47,983.62,969.61,6000000000.0,-0.52,989.21,981.6,1004.12,969.95,20760000000.0,0.39,943.07
2015-07-24,943.07,945.88,946.85,939.91,935050000.0,-0.59,972.51,975.47,983.62,969.61,6000000000.0,-0.52,989.21,981.6,1004.12,969.95,20760000000.0,0.39,926.1
2015-07-27,926.1,938.01,939.52,923.35,1960000000.0,-1.8,943.07,972.73,973.73,939.91,7070000000.0,-3.03,989.21,981.6,1004.12,969.95,20760000000.0,0.39,926.83
2015-07-28,926.83,930.59,934.4,921.14,1750000000.0,0.08,943.07,972.73,973.73,939.91,7070000000.0,-3.03,989.21,981.6,1004.12,969.95,20760000000.0,0.39,933.59
2015-07-29,933.59,930.71,935.48,921.96,1410000000.0,0.73,943.07,972.73,973.73,939.91,7070000000.0,-3.03,989.21,981.6,1004.12,969.95,20760000000.0,0.39,950.42
2015-07-31,950.42,938.72,950.42,937.94,1160000000.0,1.8,943.07,972.73,973.73,939.91,7070000000.0,-3.03,989.21,981.6,1004.12,969.95,20760000000.0,0.39,949.76
2015-08-03,949.76,946.25,949.95,943.1,1030000000.0,-0.07,950.42,938.01,950.42,921.14,6280000000.0,0.78,950.42,989.01,989.41,921.14,27830000000.0,-3.92,941.36
2015-08-04,941.36,946.56,946.89,938.16,1130000000.0,-0.88,950.42,938.01,950.42,921.14,6280000000.0,0.78,950.42,989.01,989.41,921.14,27830000000.0,-3.92,943.86
2015-08-05,943.86,946.82,948.71,941.88,1050000000.0,0.27,950.42,938.01,950.42,921.14,6280000000.0,0.78,950.42,989.01,989.41,921.14,27830000000.0,-3.92,937.69
2015-08-06,937.69,942.63,945.07,936.16,617430000.0,-0.65,950.42,938.01,950.42,921.14,6280000000.0,0.78,950.42,989.01,989.41,921.14,27830000000.0,-3.92,935.41
2015-08-07,935.41,936.41,938.83,933.75,569840000.0,-0.24,950.42,938.01,950.42,921.14,6280000000.0,0.78,950.42,989.01,989.41,921.14,27830000000.0,-3.92,928.25
2015-08-10,928.25,929.88,932.32,926.75,888040000.0,-0.77,935.41,946.25,949.95,933.75,4390000000.0,-1.58,950.42,989.01,989.41,921.14,27830000000.0,-3.92,918.65
2015-08-11,918.65,929.79,931.84,918.65,812750000.0,-1.03,935.41,946.25,949.95,933.75,4390000000.0,-1.58,950.42,989.01,989.41,921.14,27830000000.0,-3.92,918.71
2015-08-13,918.71,912.21,918.71,901.58,1820000000.0,0.01,935.41,946.25,949.95,933.75,4390000000.0,-1.58,950.42,989.01,989.41,921.14,27830000000.0,-3.92,924.79
2015-08-14,924.79,917.15,926.5,913.35,1240000000.0,0.66,935.41,946.25,949.95,933.75,4390000000.0,-1.58,950.42,989.01,989.41,921.14,27830000000.0,-3.92,919.88
2015-08-17,919.88,923.89,927.38,919.88,1230000000.0,-0.53,924.79,929.88,932.32,901.58,4760000000.0,-1.14,950.42,989.01,989.41,921.14,27830000000.0,-3.92,894.25
2015-08-18,894.25,893.48,904.59,886.16,2650000000.0,-2.79,924.79,929.88,932.32,901.58,4760000000.0,-1.14,950.42,989.01,989.41,921.14,27830000000.0,-3.92,896.73
2015-08-19,896.73,896.65,901.03,891.14,1420000000.0,0.28,924.79,929.88,932.32,901.58,4760000000.0,-1.14,950.42,989.01,989.41,921.14,27830000000.0,-3.92,889.57
2015-08-20,889.57,890.97,895.94,887.98,1510000000.0,-0.8,924.79,929.88,932.32,901.58,4760000000.0,-1.14,950.42,989.01,989.41,921.14,27830000000.0,-3.92,885.8
2015-08-21,885.8,884.99,889.08,877.89,1520000000.0,-0.42,924.79,929.88,932.32,901.58,4760000000.0,-1.14,950.42,989.01,989.41,921.14,27830000000.0,-3.92,840.84
2015-08-24,840.84,861.72,863.75,840.84,2240000000.0,-5.08,885.8,923.89,927.38,877.89,8330000000.0,-4.22,950.42,989.01,989.41,921.14,27830000000.0,-3.92,861.52
2015-08-25,861.52,854.39,862.02,838.84,2370000000.0,2.46,885.8,923.89,927.38,877.89,8330000000.0,-4.22,950.42,989.01,989.41,921.14,27830000000.0,-3.92,857.24
2015-08-26,857.24,855.16,867.58,855.11,1900000000.0,-0.5,885.8,923.89,927.38,877.89,8330000000.0,-4.22,950.42,989.01,989.41,921.14,27830000000.0,-3.92,886.24
2015-08-27,886.24,871.41,887.22,869.28,2040000000.0,3.38,885.8,923.89,927.38,877.89,8330000000.0,-4.22,950.42,989.01,989.41,921.14,27830000000.0,-3.92,893.77
2015-08-28,893.77,899.46,903.7,887.16,1810000000.0,0.85,885.8,923.89,927.38,877.89,8330000000.0,-4.22,950.42,989.01,989.41,921.14,27830000000.0,-3.92,905.68
2015-08-31,905.68,894.15,905.68,890.99,1260000000.0,1.33,893.77,861.72,903.7,838.84,10360000000.0,0.9,950.42,989.01,989.41,921.14,27830000000.0,-3.92,888.92
2015-09-01,888.92,904.05,905.39,888.05,1470000000.0,-1.85,893.77,861.72,903.7,838.84,10360000000.0,0.9,905.68,946.25,949.95,838.84,29110000000.0,-4.71,897.69
2015-09-02,897.69,887.48,898.79,882.88,1690000000.0,0.99,893.77,861.72,903.7,838.84,10360000000.0,0.9,905.68,946.25,949.95,838.84,29110000000.0,-4.71,903.56
2015-09-03,903.56,901.65,906.35,900.53,1640000000.0,0.65,893.77,861.72,903.7,838.84,10360000000.0,0.9,905.68,946.25,949.95,838.84,29110000000.0,-4.71,892.34
2015-09-04,892.34,897.96,901.12,890.29,1210000000.0,-1.24,893.77,861.72,903.7,838.84,10360000000.0,0.9,905.68,946.25,949.95,838.84,29110000000.0,-4.71,891.87
2015-09-07,891.87,889.84,894.04,887.55,1080000000.0,-0.05,892.34,894.15,906.35,882.88,7270000000.0,-0.16,905.68,946.25,949.95,838.84,29110000000.0,-4.71,897.65
2015-09-08,897.65,891.31,897.65,882.2,1300000000.0,0.65,892.34,894.15,906.35,882.88,7270000000.0,-0.16,905.68,946.25,949.95,838.84,29110000000.0,-4.71,909.87
2015-09-09,909.87,906.75,911.61,902.54,2470000000.0,1.36,892.34,894.15,906.35,882.88,7270000000.0,-0.16,905.68,946.25,949.95,838.84,29110000000.0,-4.71,908.29
2015-09-10,908.29,901.09,908.29,900.04,1860000000.0,-0.17,892.34,894.15,906.35,882.88,7270000000.0,-0.16,905.68,946.25,949.95,838.84,29110000000.0,-4.71,897.13
2015-09-11,897.13,910.49,913.15,896.87,2100000000.0,-1.23,892.34,894.15,906.35,882.88,7270000000.0,-0.16,905.68,946.25,949.95,838.84,29110000000.0,-4.71,894.25
2015-09-14,894.25,896.97,898.91,889.17,1310000000.0,-0.32,897.13,889.84,913.15,882.2,8810000000.0,0.54,905.68,946.25,949.95,838.84,29110000000.0,-4.71,889.97
2015-09-15,889.97,893.53,896.78,887.44,1820000000.0,-0.48,897.13,889.84,913.15,882.2,8810000000.0,0.54,905.68,946.25,949.95,838.84,29110000000.0,-4.71,898.3
2015-09-16,898.3,893.18,898.3,888.78,1330000000.0,0.94,897.13,889.84,913.15,882.2,8810000000.0,0.54,905.68,946.25,949.95,838.84,29110000000.0,-4.71,904.51
2015-09-17,904.51,902.17,906.95,899.4,1120000000.0,0.69,897.13,889.84,913.15,882.2,8810000000.0,0.54,905.68,946.25,949.95,838.84,29110000000.0,-4.71,903.24
2015-09-18,903.24,907.38,910.08,900.65,1630000000.0,-0.14,897.13,889.84,913.15,882.2,8810000000.0,0.54,905.68,946.25,949.95,838.84,29110000000.0,-4.71,905.38
2015-09-21,905.38,898.33,907.0,896.2,991630000.0,0.24,903.24,896.97,910.08,887.44,7200000000.0,0.68,905.68,946.25,949.95,838.84,29110000000.0,-4.71,894.23
2015-09-22,894.23,907.52,908.23,892.45,1450000000.0,-1.23,903.24,896.97,910.08,887.44,7200000000.0,0.68,905.68,946.25,949.95,838.84,29110000000.0,-4.71,888.9
2015-09-23,888.9,888.09,892.8,881.31,1300000000.0,-0.6,903.24,896.97,910.08,887.44,7200000000.0,0.68,905.68,946.25,949.95,838.84,29110000000.0,-4.71,887.9
2015-09-24,887.9,886.39,890.14,880.46,1440000000.0,-0.11,903.24,896.97,910.08,887.44,7200000000.0,0.68,905.68,946.25,949.95,838.84,29110000000.0,-4.71,890.47
2015-09-25,890.47,889.24,893.79,882.89,1170000000.0,0.29,903.24,896.97,910.08,887.44,7200000000.0,0.68,905.68,946.25,949.95,838.84,29110000000.0,-4.71,872.24
2015-09-28,872.24,882.38,882.93,872.18,1060000000.0,-2.05,890.47,898.33,908.23,880.46,6350000000.0,-1.41,905.68,946.25,949.95,838.84,29110000000.0,-4.71,868.04
2015-09-29,868.04,865.1,877.75,864.22,1410000000.0,-0.48,890.47,898.33,908.23,880.46,6350000000.0,-1.41,905.68,946.25,949.95,838.84,29110000000.0,-4.71,868.71
2015-09-30,868.71,872.15,874.54,867.6,1310000000.0,0.08,890.47,898.33,908.23,880.46,6350000000.0,-1.41,905.68,946.25,949.95,838.84,29110000000.0,-4.71,867.23
2015-10-01,867.23,872.13,876.07,866.48,1230000000.0,-0.17,890.47,898.33,908.23,880.46,6350000000.0,-1.41,868.71,904.05,913.15,864.22,32130000000.000004,-4.08,868.39
2015-10-02,868.39,867.51,871.02,864.13,700610000.0,0.13,890.47,898.33,908.23,880.46,6350000000.0,-1.41,868.71,904.05,913.15,864.22,32130000000.000004,-4.08,881.81
2015-10-05,881.81,874.59,882.14,874.25,1220000000.0,1.55,868.39,882.38,882.93,864.13,5700000000.0,-2.48,868.71,904.05,913.15,864.22,32130000000.000004,-4.08,888.08
2015-10-06,888.08,885.24,889.09,881.34,1470000000.0,0.71,868.39,882.38,882.93,864.13,5700000000.0,-2.48,868.71,904.05,913.15,864.22,32130000000.000004,-4.08,908.45
2015-10-07,908.45,893.11,908.45,889.61,1780000000.0,2.29,868.39,882.38,882.93,864.13,5700000000.0,-2.48,868.71,904.05,913.15,864.22,32130000000.000004,-4.08,907.17
2015-10-08,907.17,907.65,915.52,905.42,2060000000.0,-0.14,868.39,882.38,882.93,864.13,5700000000.0,-2.48,868.71,904.05,913.15,864.22,32130000000.000004,-4.08,921.2
2015-10-09,921.2,917.05,925.41,916.06,2330000000.0,1.55,868.39,882.38,882.93,864.13,5700000000.0,-2.48,868.71,904.05,913.15,864.22,32130000000.000004,-4.08,920.43
2015-10-12,920.43,923.4,924.89,914.99,1610000000.0,-0.08,921.2,874.59,925.41,874.25,8860000000.0,6.08,868.71,904.05,913.15,864.22,32130000000.000004,-4.08,916.17
2015-10-13,916.17,916.33,918.29,908.91,1600000000.0,-0.46,921.2,874.59,925.41,874.25,8860000000.0,6.08,868.71,904.05,913.15,864.22,32130000000.000004,-4.08,909.47
2015-10-14,909.47,914.18,918.16,908.78,1200000000.0,-0.73,921.2,874.59,925.41,874.25,8860000000.0,6.08,868.71,904.05,913.15,864.22,32130000000.000004,-4.08,923.53
2015-10-15,923.53,914.88,924.87,914.28,1620000000.0,1.55,921.2,874.59,925.41,874.25,8860000000.0,6.08,868.71,904.05,913.15,864.22,32130000000.000004,-4.08,919.63
2015-10-16,919.63,926.62,927.27,917.68,1730000000.0,-0.42,921.2,874.59,925.41,874.25,8860000000.0,6.08,868.71,904.05,913.15,864.22,32130000000.000004,-4.08,916.82
2015-10-19,916.82,921.07,925.04,913.84,803320000.0,-0.31,919.63,923.4,927.27,908.78,7770000000.0,-0.17,868.71,904.05,913.15,864.22,32130000000.000004,-4.08,915.72
2015-10-20,915.72,915.05,921.28,914.42,741610000.0,-0.12,919.63,923.4,927.27,908.78,7770000000.0,-0.17,868.71,904.05,913.15,864.22,32130000000.000004,-4.08,914.31
2015-10-21,914.31,917.44,919.29,910.98,993010000.0,-0.15,919.63,923.4,927.27,908.78,7770000000.0,-0.17,868.71,904.05,913.15,864.22,32130000000.000004,-4.08,914.68
2015-10-22,914.68,913.89,915.91,912.25,1300000000.0,0.04,919.63,923.4,927.27,908.78,7770000000.0,-0.17,868.71,904.05,913.15,864.22,32130000000.000004,-4.08,921.25
2015-10-26,921.25,924.26,926.64,920.07,1410000000.0,0.72,914.68,921.07,925.04,910.98,3840000000.0,-0.54,868.71,904.05,913.15,864.22,32130000000.000004,-4.08,921.45
2015-10-27,921.45,919.24,924.9,917.56,925620000.0,0.02,914.68,921.07,925.04,910.98,3840000000.0,-0.54,868.71,904.05,913.15,864.22,32130000000.000004,-4.08,910.86
2015-10-28,910.86,919.43,920.89,909.05,1700000000.0,-1.15,914.68,921.07,925.04,910.98,3840000000.0,-0.54,868.71,904.05,913.15,864.22,32130000000.000004,-4.08,897.73
2015-10-29,897.73,910.26,912.16,896.1,1770000000.0,-1.44,914.68,921.07,925.04,910.98,3840000000.0,-0.54,868.71,904.05,913.15,864.22,32130000000.000004,-4.08,899.52
2015-10-30,899.52,898.71,904.1,896.81,1160000000.0,0.2,914.68,921.07,925.04,910.98,3840000000.0,-0.54,868.71,904.05,913.15,864.22,32130000000.000004,-4.08,915.6
2015-11-02,915.6,900.38,915.6,899.86,901500000.0,1.79,899.52,924.26,926.64,896.1,6960000000.0,-1.66,899.52,872.13,927.27,864.13,29360000000.0,3.55,913.52
2015-11-03,913.52,920.17,920.47,910.58,1520000000.0,-0.23,899.52,924.26,926.64,896.1,6960000000.0,-1.66,899.52,872.13,927.27,864.13,29360000000.0,3.55,921.61
2015-11-04,921.61,920.05,923.05,917.15,1280000000.0,0.89,899.52,924.26,926.64,896.1,6960000000.0,-1.66,899.52,872.13,927.27,864.13,29360000000.0,3.55,913.3
2015-11-05,913.3,918.7,923.03,912.26,2080000000.0,-0.9,899.52,924.26,926.64,896.1,6960000000.0,-1.66,899.52,872.13,927.27,864.13,29360000000.0,3.55,914.02
2015-11-06,914.02,911.51,915.43,908.91,2240000000.0,0.08,899.52,924.26,926.64,896.1,6960000000.0,-1.66,899.52,872.13,927.27,864.13,29360000000.0,3.55,903.93
2015-11-09,903.93,911.23,912.52,902.28,1400000000.0,-1.1,914.02,900.38,923.05,899.86,8029999999.999999,1.61,899.52,872.13,927.27,864.13,29360000000.0,3.55,898.99
2015-11-10,898.99,899.9,903.02,896.5,933650000.0,-0.55,914.02,900.38,923.05,899.86,8029999999.999999,1.61,899.52,872.13,927.27,864.13,29360000000.0,3.55,893.76
2015-11-11,893.76,899.1,901.32,893.76,1690000000.0,-0.58,914.02,900.38,923.05,899.86,8029999999.999999,1.61,899.52,872.13,927.27,864.13,29360000000.0,3.55,889.79
2015-11-12,889.79,887.34,892.11,884.34,1880000000.0,-0.44,914.02,900.38,923.05,899.86,8029999999.999999,1.61,899.52,872.13,927.27,864.13,29360000000.0,3.55,888.1
2015-11-13,888.1,886.84,891.24,885.27,2030000000.0,-0.19,914.02,900.38,923.05,899.86,8029999999.999999,1.61,899.52,872.13,927.27,864.13,29360000000.0,3.55,892.91
2015-11-16,892.91,879.74,892.91,878.37,1610000000.0,0.54,888.1,911.23,912.52,884.34,7930000000.0,-2.84,899.52,872.13,927.27,864.13,29360000000.0,3.55,892.68
2015-11-17,892.68,898.89,900.28,892.12,1710000000.0,-0.03,888.1,911.23,912.52,884.34,7930000000.0,-2.84,899.52,872.13,927.27,864.13,29360000000.0,3.55,882.73
2015-11-18,882.73,893.3,895.74,881.54,1580000000.0,-1.11,888.1,911.23,912.52,884.34,7930000000.0,-2.84,899.52,872.13,927.27,864.13,29360000000.0,3.55,888.57
2015-11-19,888.57,888.93,891.79,885.92,1960000000.0,0.66,888.1,911.23,912.52,884.34,7930000000.0,-2.84,899.52,872.13,927.27,864.13,29360000000.0,3.55,895.84
2015-11-20,895.84,890.08,897.83,886.81,1390000000.0,0.82,888.1,911.23,912.52,884.34,7930000000.0,-2.84,899.52,872.13,927.27,864.13,29360000000.0,3.55,895.29
2015-11-23,895.29,898.5,900.96,895.29,1190000000.0,-0.06,895.84,879.74,900.28,878.37,8250000000.0,0.87,899.52,872.13,927.27,864.13,29360000000.0,3.55,888.18
2015-11-24,888.18,896.37,899.41,886.96,1540000000.0,-0.79,895.84,879.74,900.28,878.37,8250000000.0,0.87,899.52,872.13,927.27,864.13,29360000000.0,3.55,886.19
2015-11-25,886.19,890.87,893.25,883.38,1280000000.0,-0.22,895.84,879.74,900.28,878.37,8250000000.0,0.87,899.52,872.13,927.27,864.13,29360000000.0,3.55,874.82
2015-11-26,874.82,888.01,889.93,872.94,1500000000.0,-1.28,895.84,879.74,900.28,878.37,8250000000.0,0.87,899.52,872.13,927.27,864.13,29360000000.0,3.55,872.72
2015-11-27,872.72,873.84,876.81,869.59,1340000000.0,-0.24,895.84,879.74,900.28,878.37,8250000000.0,0.87,899.52,872.13,927.27,864.13,29360000000.0,3.55,869.38
2015-11-30,869.38,870.09,878.35,865.15,1440000000.0,-0.38,872.72,898.5,900.96,869.59,6850000000.0,-2.58,899.52,872.13,927.27,864.13,29360000000.0,3.55,870.09
2015-12-01,870.09,872.53,873.51,865.92,1320000000.0,0.08,872.72,898.5,900.96,869.59,6850000000.0,-2.58,869.38,900.38,923.05,865.15,32500000000.0,-3.35,857.35
2015-12-02,857.35,869.31,876.2,857.02,1620000000.0,-1.46,872.72,898.5,900.96,869.59,6850000000.0,-2.58,869.38,900.38,923.05,865.15,32500000000.0,-3.35,861.42
2015-12-03,861.42,851.84,862.89,849.28,1650000000.0,0.47,872.72,898.5,900.96,869.59,6850000000.0,-2.58,869.38,900.38,923.05,865.15,32500000000.0,-3.35,855.76
2015-12-04,855.76,857.04,859.3,853.95,1240000000.0,-0.66,872.72,898.5,900.96,869.59,6850000000.0,-2.58,869.38,900.38,923.05,865.15,32500000000.0,-3.35,837.43
2015-12-08,837.43,848.6,849.42,837.3,1510000000.0,-2.14,855.76,870.09,878.35,849.28,7280000000.0,-1.94,869.38,900.38,923.05,865.15,32500000000.0,-3.35,830.85
2015-12-09,830.85,839.59,844.81,829.76,1140000000.0,-0.79,855.76,870.09,878.35,849.28,7280000000.0,-1.94,869.38,900.38,923.05,865.15,32500000000.0,-3.35,818.69
2015-12-11,818.69,830.94,831.59,816.6,1220000000.0,-1.46,855.76,870.09,878.35,849.28,7280000000.0,-1.94,869.38,900.38,923.05,865.15,32500000000.0,-3.35,810.64
2015-12-14,810.64,804.11,811.88,796.33,1550000000.0,-0.98,818.69,848.6,849.42,816.6,3880000000.0,-4.33,869.38,900.38,923.05,865.15,32500000000.0,-3.35,833.49
2015-12-15,833.49,817.44,833.57,813.17,2470000000.0,2.82,818.69,848.6,849.42,816.6,3880000000.0,-4.33,869.38,900.38,923.05,865.15,32500000000.0,-3.35,832.29
2015-12-16,832.29,835.87,839.26,829.72,1830000000.0,-0.14,818.69,848.6,849.42,816.6,3880000000.0,-4.33,869.38,900.38,923.05,865.15,32500000000.0,-3.35,836.95
2015-12-17,836.95,827.94,839.1,827.03,1930000000.0,0.56,818.69,848.6,849.42,816.6,3880000000.0,-4.33,869.38,900.38,923.05,865.15,32500000000.0,-3.35,816.37
2015-12-18,816.37,829.99,830.32,816.37,2470000000.0,-2.46,818.69,848.6,849.42,816.6,3880000000.0,-4.33,869.38,900.38,923.05,865.15,32500000000.0,-3.35,801.81
2015-12-21,801.81,803.7,813.32,799.21,2610000000.0,-1.78,816.37,804.11,839.26,796.33,10250000000.0,-0.28,869.38,900.38,923.05,865.15,32500000000.0,-3.35,802.23
2015-12-22,802.23,809.74,813.67,798.53,3110000000.0,0.05,816.37,804.11,839.26,796.33,10250000000.0,-0.28,869.38,900.38,923.05,865.15,32500000000.0,-3.35,810.78
2015-12-23,810.78,809.0,811.66,803.82,1620000000.0,1.07,816.37,804.11,839.26,796.33,10250000000.0,-0.28,869.38,900.38,923.05,865.15,32500000000.0,-3.35,816.42
2015-12-24,816.42,819.46,819.72,813.84,1300000000.0,0.7,816.37,804.11,839.26,796.33,10250000000.0,-0.28,869.38,900.38,923.05,865.15,32500000000.0,-3.35,815.07
2015-12-25,815.07,817.54,817.77,808.26,784430000.0,-0.17,816.37,804.11,839.26,796.33,10250000000.0,-0.28,869.38,900.38,923.05,865.15,32500000000.0,-3.35,815.37
2015-12-28,815.37,816.45,817.6,811.91,650210000.0,0.04,815.07,803.7,819.72,798.53,9420000000.0,-0.16,869.38,900.38,923.05,865.15,32500000000.0,-3.35,811.78
2015-12-29,811.78,811.59,814.52,805.87,983040000.0,-0.44,815.07,803.7,819.72,798.53,9420000000.0,-0.16,869.38,900.38,923.05,865.15,32500000000.0,-3.35,813.55
2015-12-30,813.55,812.43,818.27,812.08,756610000.0,0.22,815.07,803.7,819.72,798.53,9420000000.0,-0.16,869.38,900.38,923.05,865.15,32500000000.0,-3.35,794.95
2016-01-04,794.95,811.91,812.0,791.95,1050000000.0,-2.29,813.55,816.45,818.27,805.87,2390000000.0,-0.19,813.55,872.53,876.2,796.33,31770000000.0,-6.42,785.72
2016-01-05,785.72,797.7,799.26,784.37,1460000000.0,-1.16,813.55,816.45,818.27,805.87,2390000000.0,-0.19,813.55,872.53,876.2,796.33,31770000000.0,-6.42,790.02
2016-01-06,790.02,782.9,790.74,780.43,1620000000.0,0.55,813.55,816.45,818.27,805.87,2390000000.0,-0.19,813.55,872.53,876.2,796.33,31770000000.0,-6.42,761.75
2016-01-07,761.75,771.44,775.08,761.69,2120000000.0,-3.58,813.55,816.45,818.27,805.87,2390000000.0,-0.19,813.55,872.53,876.2,796.33,31770000000.0,-6.42,777.88
2016-01-08,777.88,767.73,779.65,764.58,1580000000.0,2.12,813.55,816.45,818.27,805.87,2390000000.0,-0.19,813.55,872.53,876.2,796.33,31770000000.0,-6.42,769.81
2016-01-11,769.81,768.73,770.38,757.91,1660000000.0,-1.04,777.88,811.91,812.0,761.69,7820000000.0,-4.38,813.55,872.53,876.2,796.33,31770000000.0,-6.42,786.13
2016-01-12,786.13,767.05,786.13,766.76,1920000000.0,2.12,777.88,811.91,812.0,761.69,7820000000.0,-4.38,813.55,872.53,876.2,796.33,31770000000.0,-6.42,803.9
2016-01-13,803.9,796.13,804.17,790.96,2560000000.0,2.26,777.88,811.91,812.0,761.69,7820000000.0,-4.38,813.55,872.53,876.2,796.33,31770000000.0,-6.42,789.91
2016-01-14,789.91,792.52,798.97,787.48,1980000000.0,-1.74,777.88,811.91,812.0,761.69,7820000000.0,-4.38,813.55,872.53,876.2,796.33,31770000000.0,-6.42,773.46
2016-01-15,773.46,793.02,796.42,772.5,1580000000.0,-2.08,777.88,811.91,812.0,761.69,7820000000.0,-4.38,813.55,872.53,876.2,796.33,31770000000.0,-6.42,771.71
2016-01-18,771.71,763.34,776.7,760.55,1250000000.0,-0.23,773.46,768.73,804.17,757.91,9700000000.0,-0.57,813.55,872.53,876.2,796.33,31770000000.0,-6.42,790.51
2016-01-19,790.51,773.75,792.74,773.5,1600000000.0,2.44,773.46,768.73,804.17,757.91,9700000000.0,-0.57,813.55,872.53,876.2,796.33,31770000000.0,-6.42,775.54
2016-01-20,775.54,778.34,781.44,772.34,1650000000.0,-1.89,773.46,768.73,804.17,757.91,9700000000.0,-0.57,813.55,872.53,876.2,796.33,31770000000.0,-6.42,775.07
2016-01-21,775.07,785.65,787.82,768.58,1380000000.0,-0.06,773.46,768.73,804.17,757.91,9700000000.0,-0.57,813.55,872.53,876.2,796.33,31770000000.0,-6.42,793.57
2016-01-22,793.57,786.85,797.31,781.11,1900000000.0,2.39,773.46,768.73,804.17,757.91,9700000000.0,-0.57,813.55,872.53,876.2,796.33,31770000000.0,-6.42,794.17
2016-01-25,794.17,800.21,806.12,793.07,2320000000.0,0.08,793.57,763.34,797.31,760.55,7780000000.0,2.6,813.55,872.53,876.2,796.33,31770000000.0,-6.42,794.42
2016-01-26,794.42,788.4,796.69,787.08,1950000000.0,0.03,793.57,763.34,797.31,760.55,7780000000.0,2.6,813.55,872.53,876.2,796.33,31770000000.0,-6.42,802.65
2016-01-27,802.65,801.22,807.59,799.74,2230000000.0,1.04,793.57,763.34,797.31,760.55,7780000000.0,2.6,813.55,872.53,876.2,796.33,31770000000.0,-6.42,813.29
2016-01-28,813.29,807.14,813.44,800.17,1700000000.0,1.33,793.57,763.34,797.31,760.55,7780000000.0,2.6,813.55,872.53,876.2,796.33,31770000000.0,-6.42,826.21
2016-01-29,826.21,815.62,826.21,812.61,1990000000.0,1.59,793.57,763.34,797.31,760.55,7780000000.0,2.6,813.55,872.53,876.2,796.33,31770000000.0,-6.42,821.82
2016-02-01,821.82,824.13,831.04,818.04,2280000000.0,-0.53,826.21,800.21,826.21,787.08,10190000000.0,4.11,826.21,811.91,826.21,757.91,35480000000.0,1.56,810.85
2016-02-02,810.85,819.86,823.85,810.57,1590000000.0,-1.33,826.21,800.21,826.21,787.08,10190000000.0,4.11,826.21,811.91,826.21,757.91,35480000000.0,1.56,816.62
2016-02-03,816.62,804.05,816.72,802.33,1450000000.0,0.71,826.21,800.21,826.21,787.08,10190000000.0,4.11,826.21,811.91,826.21,757.91,35480000000.0,1.56,821.3
2016-02-04,821.3,822.58,824.98,818.74,1350000000.0,0.57,826.21,800.21,826.21,787.08,10190000000.0,4.11,826.21,811.91,826.21,757.91,35480000000.0,1.56,828.28
2016-02-05,828.28,826.96,828.98,822.66,1190000000.0,0.85,826.21,800.21,826.21,787.08,10190000000.0,4.11,826.21,811.91,826.21,757.91,35480000000.0,1.56,825.48
2016-02-08,825.48,827.29,830.54,823.44,645710000.0,-0.34,828.28,824.13,831.04,802.33,7850000000.0,0.25,826.21,811.91,826.21,757.91,35480000000.0,1.56,821.52
2016-02-09,821.52,818.41,822.54,814.14,1040000000.0,-0.48,828.28,824.13,831.04,802.33,7850000000.0,0.25,826.21,811.91,826.21,757.91,35480000000.0,1.56,822.04
2016-02-10,822.04,818.24,823.77,814.7,1020000000.0,0.06,828.28,824.13,831.04,802.33,7850000000.0,0.25,826.21,811.91,826.21,757.91,35480000000.0,1.56,804.55
2016-02-11,804.55,817.41,823.4,804.55,1470000000.0,-2.13,828.28,824.13,831.04,802.33,7850000000.0,0.25,826.21,811.91,826.21,757.91,35480000000.0,1.56,804.38
2016-02-12,804.38,806.41,809.31,798.9,1180000000.0,-0.02,828.28,824.13,831.04,802.33,7850000000.0,0.25,826.21,811.91,826.21,757.91,35480000000.0,1.56,812.74
2016-02-15,812.74,812.34,817.3,809.46,861580000.0,1.04,804.38,827.29,830.54,798.9,5350000000.0,-2.89,826.21,811.91,826.21,757.91,35480000000.0,1.56,814.1
2016-02-16,814.1,818.95,821.21,812.3,928480000.0,0.17,804.38,827.29,830.54,798.9,5350000000.0,-2.89,826.21,811.91,826.21,757.91,35480000000.0,1.56,814.71
2016-02-17,814.71,811.69,815.06,803.75,1390000000.0,0.07,804.38,827.29,830.54,798.9,5350000000.0,-2.89,826.21,811.91,826.21,757.91,35480000000.0,1.56,822.03
2016-02-18,822.03,822.3,825.79,815.68,1430000000.0,0.9,804.38,827.29,830.54,798.9,5350000000.0,-2.89,826.21,811.91,826.21,757.91,35480000000.0,1.56,844.43
2016-02-19,844.43,821.76,844.45,820.99,1660000000.0,2.72,804.38,827.29,830.54,798.9,5350000000.0,-2.89,826.21,811.91,826.21,757.91,35480000000.0,1.56,848.5
2016-02-23,848.5,848.01,851.46,842.71,1640000000.0,0.48,844.43,812.34,844.45,803.75,6270000000.0,4.98,826.21,811.91,826.21,757.91,35480000000.0,1.56,851.36
2016-02-24,851.36,844.57,855.85,842.53,1280000000.0,0.34,844.43,812.34,844.45,803.75,6270000000.0,4.98,826.21,811.91,826.21,757.91,35480000000.0,1.56,851.17
2016-02-25,851.17,855.18,855.94,845.96,1330000000.0,-0.02,844.43,812.34,844.45,803.75,6270000000.0,4.98,826.21,811.91,826.21,757.91,35480000000.0,1.56,859.51
2016-02-26,859.51,854.87,860.26,853.16,1470000000.0,0.98,844.43,812.34,844.45,803.75,6270000000.0,4.98,826.21,811.91,826.21,757.91,35480000000.0,1.56,851.02
2016-02-29,851.02,859.14,859.86,851.02,1190000000.0,-0.99,859.51,848.01,860.26,842.53,5720000000.0,1.79,826.21,811.91,826.21,757.91,35480000000.0,1.56,865.4
2016-03-01,865.4,854.2,865.4,850.96,2480000000.0,1.69,859.51,848.01,860.26,842.53,5720000000.0,1.79,851.02,824.13,860.26,798.9,26390000000.0,3.0,879.95
2016-03-02,879.95,871.97,886.0,869.52,4640000000.0,1.68,859.51,848.01,860.26,842.53,5720000000.0,1.79,851.02,824.13,860.26,798.9,26390000000.0,3.0,890.96
2016-03-03,890.96,884.51,894.33,882.78,2690000000.0,1.25,859.51,848.01,860.26,842.53,5720000000.0,1.79,851.02,824.13,860.26,798.9,26390000000.0,3.0,889.89
2016-03-04,889.89,896.39,898.49,887.45,2570000000.0,-0.12,859.51,848.01,860.26,842.53,5720000000.0,1.79,851.02,824.13,860.26,798.9,26390000000.0,3.0,905.47
2016-03-07,905.47,895.56,905.56,894.81,4570000000.0,1.75,889.89,859.14,898.49,850.96,13580000000.0,3.53,851.02,824.13,860.26,798.9,26390000000.0,3.0,887.92
2016-03-08,887.92,901.13,906.53,886.78,3900000000.0,-1.94,889.89,859.14,898.49,850.96,13580000000.0,3.53,851.02,824.13,860.26,798.9,26390000000.0,3.0,900.49
2016-03-09,900.49,884.38,900.51,880.02,2590000000.0,1.42,889.89,859.14,898.49,850.96,13580000000.0,3.53,851.02,824.13,860.26,798.9,26390000000.0,3.0,887.86
2016-03-10,887.86,900.77,901.03,886.44,2840000000.0,-1.4,889.89,859.14,898.49,850.96,13580000000.0,3.53,851.02,824.13,860.26,798.9,26390000000.0,3.0,899.73
2016-03-11,899.73,893.19,902.97,892.35,2620000000.0,1.34,889.89,859.14,898.49,850.96,13580000000.0,3.53,851.02,824.13,860.26,798.9,26390000000.0,3.0,899.54
2016-03-14,899.54,905.62,910.48,897.9,2180000000.0,-0.02,899.73,895.56,906.53,880.02,16520000000.0,1.11,851.02,824.13,860.26,798.9,26390000000.0,3.0,889.12
2016-03-15,889.12,895.12,896.79,886.66,1600000000.0,-1.16,899.73,895.56,906.53,880.02,16520000000.0,1.11,851.02,824.13,860.26,798.9,26390000000.0,3.0,883.15
2016-03-16,883.15,892.34,897.06,877.2,2180000000.0,-0.67,899.73,895.56,906.53,880.02,16520000000.0,1.11,851.02,824.13,860.26,798.9,26390000000.0,3.0,886.31
2016-03-17,886.31,892.16,893.58,886.07,2020000000.0,0.36,899.73,895.56,906.53,880.02,16520000000.0,1.11,851.02,824.13,860.26,798.9,26390000000.0,3.0,888.84
2016-03-18,888.84,891.59,893.84,882.69,1840000000.0,0.29,899.73,895.56,906.53,880.02,16520000000.0,1.11,851.02,824.13,860.26,798.9,26390000000.0,3.0,898.86
2016-03-21,898.86,889.93,898.88,886.52,2040000000.0,1.13,888.84,905.62,910.48,877.2,9810000000.0,-1.21,851.02,824.13,860.26,798.9,26390000000.0,3.0,902.1
2016-03-22,902.1,905.63,906.43,896.59,1270000000.0,0.36,888.84,905.62,910.48,877.2,9810000000.0,-1.21,851.02,824.13,860.26,798.9,26390000000.0,3.0,913.76
2016-03-23,913.76,900.59,914.08,897.85,2480000000.0,1.29,888.84,905.62,910.48,877.2,9810000000.0,-1.21,851.02,824.13,860.26,798.9,26390000000.0,3.0,907.57
2016-03-24,907.57,909.03,913.64,905.92,1760000000.0,-0.68,888.84,905.62,910.48,877.2,9810000000.0,-1.21,851.02,824.13,860.26,798.9,26390000000.0,3.0,897.5
2016-03-25,897.5,908.57,910.86,897.5,1420000000.0,-1.11,888.84,905.62,910.48,877.2,9810000000.0,-1.21,851.02,824.13,860.26,798.9,26390000000.0,3.0,893.29
2016-03-28,893.29,897.65,900.74,891.23,1330000000.0,-0.47,897.5,889.93,914.08,886.52,8960000000.0,0.97,851.02,824.13,860.26,798.9,26390000000.0,3.0,895.07
2016-03-29,895.07,892.85,896.22,889.86,1110000000.0,0.2,897.5,889.93,914.08,886.52,8960000000.0,0.97,851.02,824.13,860.26,798.9,26390000000.0,3.0,908.79
2016-03-30,908.79,901.71,916.95,901.21,1880000000.0,1.53,897.5,889.93,914.08,886.52,8960000000.0,0.97,851.02,824.13,860.26,798.9,26390000000.0,3.0,905.93
2016-03-31,905.93,905.22,909.8,900.45,1130000000.0,-0.31,897.5,889.93,914.08,886.52,8960000000.0,0.97,851.02,824.13,860.26,798.9,26390000000.0,3.0,899.39
2016-04-01,899.39,902.6,903.9,895.26,1330000000.0,-0.72,897.5,889.93,914.08,886.52,8960000000.0,0.97,905.93,854.2,916.95,850.96,53130000000.0,6.45,897.12
2016-04-04,897.12,897.86,899.58,894.23,961600000.0,-0.25,899.39,897.65,916.95,889.86,6790000000.0,0.21,905.93,854.2,916.95,850.96,53130000000.0,6.45,874.04
2016-04-05,874.04,887.06,887.38,873.78,1890000000.0,-2.57,899.39,897.65,916.95,889.86,6790000000.0,0.21,905.93,854.2,916.95,850.96,53130000000.0,6.45,860.01
2016-04-07,860.01,874.48,876.91,860.01,1710000000.0,-1.61,899.39,897.65,916.95,889.86,6790000000.0,0.21,905.93,854.2,916.95,850.96,53130000000.0,6.45,870.6
2016-04-08,870.6,861.58,871.62,856.72,1420000000.0,1.23,899.39,897.65,916.95,889.86,6790000000.0,0.21,905.93,854.2,916.95,850.96,53130000000.0,6.45,868.59
2016-04-11,868.59,871.37,873.9,864.73,831520000.0,-0.23,870.6,897.86,899.58,856.72,5980000000.0,-3.2,905.93,854.2,916.95,850.96,53130000000.0,6.45,880.09
2016-04-12,880.09,873.09,880.84,871.88,1460000000.0,1.32,870.6,897.86,899.58,856.72,5980000000.0,-3.2,905.93,854.2,916.95,850.96,53130000000.0,6.45,890.08
2016-04-18,890.08,881.24,890.08,878.59,1970000000.0,1.14,880.09,871.37,880.84,864.73,2300000000.0,1.09,905.93,854.2,916.95,850.96,53130000000.0,6.45,904.35
2016-04-19,904.35,893.6,906.27,892.21,1780000000.0,1.6,880.09,871.37,880.84,864.73,2300000000.0,1.09,905.93,854.2,916.95,850.96,53130000000.0,6.45,902.84
2016-04-20,902.84,904.34,906.82,896.94,1870000000.0,-0.17,880.09,871.37,880.84,864.73,2300000000.0,1.09,905.93,854.2,916.95,850.96,53130000000.0,6.45,909.05
2016-04-21,909.05,910.26,916.09,907.04,1660000000.0,0.69,880.09,871.37,880.84,864.73,2300000000.0,1.09,905.93,854.2,916.95,850.96,53130000000.0,6.45,898.04
2016-04-22,898.04,910.18,910.67,898.04,1380000000.0,-1.21,880.09,871.37,880.84,864.73,2300000000.0,1.09,905.93,854.2,916.95,850.96,53130000000.0,6.45,895.77
2016-04-25,895.77,897.35,900.11,893.65,938670000.0,-0.25,898.04,881.24,916.09,878.59,8660000000.0,2.04,905.93,854.2,916.95,850.96,53130000000.0,6.45,903.05
2016-04-26,903.05,894.95,905.8,892.51,1420000000.0,0.81,898.04,881.24,916.09,878.59,8660000000.0,2.04,905.93,854.2,916.95,850.96,53130000000.0,6.45,897.16
2016-04-27,897.16,904.8,906.1,894.88,1300000000.0,-0.65,898.04,881.24,916.09,878.59,8660000000.0,2.04,905.93,854.2,916.95,850.96,53130000000.0,6.45,887.53
2016-04-28,887.53,900.91,902.99,885.27,1200000000.0,-1.07,898.04,881.24,916.09,878.59,8660000000.0,2.04,905.93,854.2,916.95,850.96,53130000000.0,6.45,891.83
2016-04-29,891.83,887.5,891.83,882.96,1820000000.0,0.48,898.04,881.24,916.09,878.59,8660000000.0,2.04,905.93,854.2,916.95,850.96,53130000000.0,6.45,886.63
2016-05-03,886.63,890.85,896.05,885.83,1390000000.0,-0.58,891.83,897.35,906.1,882.96,6680000000.0,-0.69,891.83,902.6,916.09,856.72,24960000000.0,-1.56,882.15
2016-05-04,882.15,882.4,883.32,877.22,959300000.0,-0.51,891.83,897.35,906.1,882.96,6680000000.0,-0.69,891.83,902.6,916.09,856.72,24960000000.0,-1.56,886.96
2016-05-09,886.96,882.58,887.07,876.92,1530000000.0,0.55,882.15,890.85,896.05,877.22,2350000000.0,-1.09,891.83,902.6,916.09,856.72,24960000000.0,-1.56,882.86
2016-05-10,882.86,880.83,885.15,877.62,1400000000.0,-0.46,882.15,890.85,896.05,877.22,2350000000.0,-1.09,891.83,902.6,916.09,856.72,24960000000.0,-1.56,874.54
2016-05-11,874.54,882.93,885.37,874.45,1550000000.0,-0.94,882.15,890.85,896.05,877.22,2350000000.0,-1.09,891.83,902.6,916.09,856.72,24960000000.0,-1.56,890.37
2016-05-12,890.37,877.21,890.44,876.08,1490000000.0,1.81,882.15,890.85,896.05,877.22,2350000000.0,-1.09,891.83,902.6,916.09,856.72,24960000000.0,-1.56,885.9
2016-05-13,885.9,890.6,894.58,885.57,1820000000.0,-0.5,882.15,890.85,896.05,877.22,2350000000.0,-1.09,891.83,902.6,916.09,856.72,24960000000.0,-1.56,889.02
2016-05-16,889.02,893.6,896.36,886.24,2190000000.0,0.35,885.9,882.58,894.58,874.45,7790000000.0,0.43,891.83,902.6,916.09,856.72,24960000000.0,-1.56,899.47
2016-05-17,899.47,896.84,903.42,894.61,2350000000.0,1.18,885.9,882.58,894.58,874.45,7790000000.0,0.43,891.83,902.6,916.09,856.72,24960000000.0,-1.56,894.93
2016-05-18,894.93,899.85,902.77,894.17,2190000000.0,-0.5,885.9,882.58,894.58,874.45,7790000000.0,0.43,891.83,902.6,916.09,856.72,24960000000.0,-1.56,883.91
2016-05-19,883.91,895.01,895.36,881.67,1680000000.0,-1.23,885.9,882.58,894.58,874.45,7790000000.0,0.43,891.83,902.6,916.09,856.72,24960000000.0,-1.56,881.8
2016-05-23,881.8,885.42,886.37,878.51,1140000000.0,-0.24,883.91,893.6,903.42,881.67,8410000000.0,-0.22,891.83,902.6,916.09,856.72,24960000000.0,-1.56,882.25
2016-05-24,882.25,881.71,884.34,876.84,877750000.0,0.05,883.91,893.6,903.42,881.67,8410000000.0,-0.22,891.83,902.6,916.09,856.72,24960000000.0,-1.56,891.68
2016-05-25,891.68,890.31,892.21,886.42,1080000000.0,1.07,883.91,893.6,903.42,881.67,8410000000.0,-0.22,891.83,902.6,916.09,856.72,24960000000.0,-1.56,893.78
2016-05-26,893.78,892.16,896.16,890.73,1180000000.0,0.24,883.91,893.6,903.42,881.67,8410000000.0,-0.22,891.83,902.6,916.09,856.72,24960000000.0,-1.56,903.13
2016-05-27,903.13,893.83,903.13,891.84,1140000000.0,1.05,883.91,893.6,903.42,881.67,8410000000.0,-0.22,891.83,902.6,916.09,856.72,24960000000.0,-1.56,911.91
2016-05-30,911.91,911.61,913.96,906.99,1410000000.0,0.97,903.13,885.42,903.13,876.84,5420000000.0,2.17,891.83,902.6,916.09,856.72,24960000000.0,-1.56,911.11
2016-05-31,911.11,913.89,914.56,907.41,2100000000.0,-0.09,903.13,885.42,903.13,876.84,5420000000.0,2.17,891.83,902.6,916.09,856.72,24960000000.0,-1.56,903.25
2016-06-01,903.25,909.37,913.52,903.25,1090000000.0,-0.86,903.13,885.42,903.13,876.84,5420000000.0,2.17,911.11,890.85,914.56,874.45,27490000000.0,2.16,907.14
2016-06-02,907.14,904.72,912.75,904.17,1360000000.0,0.43,903.13,885.42,903.13,876.84,5420000000.0,2.17,911.11,890.85,914.56,874.45,27490000000.0,2.16,916.77
2016-06-03,916.77,911.99,918.03,909.42,1780000000.0,1.06,903.13,885.42,903.13,876.84,5420000000.0,2.17,911.11,890.85,914.56,874.45,27490000000.0,2.16,920.9
2016-06-06,920.9,920.24,923.91,919.38,1250000000.0,0.45,916.77,911.61,918.03,903.25,7740000000.0,1.51,911.11,890.85,914.56,874.45,27490000000.0,2.16,921.02
2016-06-07,921.02,925.13,926.79,919.55,1410000000.0,0.01,916.77,911.61,918.03,903.25,7740000000.0,1.51,911.11,890.85,914.56,874.45,27490000000.0,2.16,923.13
2016-06-08,923.13,921.82,924.33,915.46,994790000.0,0.23,916.77,911.61,918.03,903.25,7740000000.0,1.51,911.11,890.85,914.56,874.45,27490000000.0,2.16,914.25
2016-06-09,914.25,925.93,927.2,914.25,944920000.0,-0.96,916.77,911.61,918.03,903.25,7740000000.0,1.51,911.11,890.85,914.56,874.45,27490000000.0,2.16,909.42
2016-06-10,909.42,913.23,916.49,909.42,854790000.0,-0.53,916.77,911.61,918.03,903.25,7740000000.0,1.51,911.11,890.85,914.56,874.45,27490000000.0,2.16,902.39
2016-06-13,902.39,901.99,906.37,898.28,2590000000.0,-0.77,909.42,920.24,927.2,909.42,5460000000.0,-0.8,911.11,890.85,914.56,874.45,27490000000.0,2.16,906.77
2016-06-14,906.77,902.3,908.14,901.85,1140000000.0,0.49,909.42,920.24,927.2,909.42,5460000000.0,-0.8,911.11,890.85,914.56,874.45,27490000000.0,2.16,911.4
2016-06-15,911.4,907.92,913.11,903.57,1280000000.0,0.51,909.42,920.24,927.2,909.42,5460000000.0,-0.8,911.11,890.85,914.56,874.45,27490000000.0,2.16,893.11
2016-06-16,893.11,905.93,906.81,891.96,1390000000.0,-2.01,909.42,920.24,927.2,909.42,5460000000.0,-0.8,911.11,890.85,914.56,874.45,27490000000.0,2.16,900.11
2016-06-17,900.11,897.0,900.78,892.77,997400000.0,0.78,909.42,920.24,927.2,909.42,5460000000.0,-0.8,911.11,890.85,914.56,874.45,27490000000.0,2.16,901.08
2016-06-20,901.08,903.32,904.58,898.92,1250000000.0,0.11,900.11,901.99,913.11,891.96,7400000000.0,-1.02,911.11,890.85,914.56,874.45,27490000000.0,2.16,907.65
2016-06-21,907.65,901.55,909.53,899.89,1460000000.0,0.73,900.11,901.99,913.11,891.96,7400000000.0,-1.02,911.11,890.85,914.56,874.45,27490000000.0,2.16,902.26
2016-06-22,902.26,907.97,910.14,900.09,1140000000.0,-0.59,900.11,901.99,913.11,891.96,7400000000.0,-1.02,911.11,890.85,914.56,874.45,27490000000.0,2.16,913.35
2016-06-23,913.35,902.23,914.25,896.66,1310000000.0,1.23,900.11,901.99,913.11,891.96,7400000000.0,-1.02,911.11,890.85,914.56,874.45,27490000000.0,2.16,892.63
2016-06-24,892.63,893.42,896.77,879.69,3350000000.0,-2.27,900.11,901.99,913.11,891.96,7400000000.0,-1.02,911.11,890.85,914.56,874.45,27490000000.0,2.16,897.24
2016-06-27,897.24,890.4,900.1,888.54,1490000000.0,0.52,892.63,903.32,914.25,879.69,8510000000.0,-0.83,911.11,890.85,914.56,874.45,27490000000.0,2.16,904.85
2016-06-28,904.85,898.68,906.06,896.38,1210000000.0,0.85,892.63,903.32,914.25,879.69,8510000000.0,-0.83,911.11,890.85,914.56,874.45,27490000000.0,2.16,908.89
2016-06-29,908.89,911.13,914.24,907.35,2180000000.0,0.45,892.63,903.32,914.25,879.69,8510000000.0,-0.83,911.11,890.85,914.56,874.45,27490000000.0,2.16,910.56
2016-06-30,910.56,914.96,915.68,904.8,1630000000.0,0.18,892.63,903.32,914.25,879.69,8510000000.0,-0.83,911.11,890.85,914.56,874.45,27490000000.0,2.16,918.54
2016-07-04,918.54,916.81,919.97,914.56,1280000000.0,0.88,910.56,890.4,915.68,888.54,6500000000.0,2.01,910.56,909.37,927.2,879.69,32090000000.000004,-0.06,913.48
2016-07-05,913.48,918.45,921.62,912.81,1470000000.0,-0.55,910.56,890.4,915.68,888.54,6500000000.0,2.01,910.56,909.37,927.2,879.69,32090000000.000004,-0.06,913.75
2016-07-06,913.75,908.48,917.24,908.04,1350000000.0,0.03,910.56,890.4,915.68,888.54,6500000000.0,2.01,910.56,909.37,927.2,879.69,32090000000.000004,-0.06,915.44
2016-07-07,915.44,918.48,921.9,915.32,3650000000.0,0.18,910.56,890.4,915.68,888.54,6500000000.0,2.01,910.56,909.37,927.2,879.69,32090000000.000004,-0.06,915.88
2016-07-08,915.88,914.74,917.62,910.03,1850000000.0,0.05,910.56,890.4,915.68,888.54,6500000000.0,2.01,910.56,909.37,927.2,879.69,32090000000.000004,-0.06,926.08
2016-07-11,926.08,922.34,928.03,921.14,2380000000.0,1.11,915.88,916.81,921.9,908.04,9610000000.0,0.58,910.56,909.37,927.2,879.69,32090000000.000004,-0.06,931.03
2016-07-12,931.03,929.43,932.99,923.88,2490000000.0,0.53,915.88,916.81,921.9,908.04,9610000000.0,0.58,910.56,909.37,927.2,879.69,32090000000.000004,-0.06,934.38
2016-07-13,934.38,935.58,937.7,931.52,2650000000.0,0.36,915.88,916.81,921.9,908.04,9610000000.0,0.58,910.56,909.37,927.2,879.69,32090000000.000004,-0.06,942.75
2016-07-14,942.75,935.36,942.95,931.65,2060000000.0,0.9,915.88,916.81,921.9,908.04,9610000000.0,0.58,910.56,909.37,927.2,879.69,32090000000.000004,-0.06,942.95
2016-07-15,942.95,945.01,948.38,941.5,1560000000.0,0.02,915.88,916.81,921.9,908.04,9610000000.0,0.58,910.56,909.37,927.2,879.69,32090000000.000004,-0.06,958.84
2016-07-20,958.84,949.51,958.84,948.08,1850000000.0,1.69,942.95,922.34,948.38,921.14,11140000000.0,2.96,910.56,909.37,927.2,879.69,32090000000.000004,-0.06,953.96
2016-07-21,953.96,959.17,963.9,953.68,1700000000.0,-0.51,942.95,922.34,948.38,921.14,11140000000.0,2.96,910.56,909.37,927.2,879.69,32090000000.000004,-0.06,958.98
2016-07-22,958.98,953.2,959.54,948.76,1540000000.0,0.53,942.95,922.34,948.38,921.14,11140000000.0,2.96,910.56,909.37,927.2,879.69,32090000000.000004,-0.06,959.62
2016-07-25,959.62,957.02,963.53,956.25,1950000000.0,0.07,958.98,949.51,963.9,948.08,5090000000.0,1.7,910.56,909.37,927.2,879.69,32090000000.000004,-0.06,952.66
2016-07-26,952.66,960.54,962.23,950.4,2100000000.0,-0.73,958.98,949.51,963.9,948.08,5090000000.0,1.7,910.56,909.37,927.2,879.69,32090000000.000004,-0.06,960.17
2016-07-27,960.17,957.9,961.83,956.92,1620000000.0,0.79,958.98,949.51,963.9,948.08,5090000000.0,1.7,910.56,909.37,927.2,879.69,32090000000.000004,-0.06,967.14
2016-07-28,967.14,960.01,968.63,955.16,1830000000.0,0.73,958.98,949.51,963.9,948.08,5090000000.0,1.7,910.56,909.37,927.2,879.69,32090000000.000004,-0.06,964.44
2016-07-29,964.44,968.29,971.32,963.98,1750000000.0,-0.28,958.98,949.51,963.9,948.08,5090000000.0,1.7,910.56,909.37,927.2,879.69,32090000000.000004,-0.06,956.31
2016-08-01,956.31,969.6,971.15,954.93,2150000000.0,-0.84,964.44,957.02,971.32,950.4,9250000000.0,0.57,964.44,916.81,971.32,908.04,35090000000.0,5.92,945.53
2016-08-02,945.53,952.25,955.76,944.59,1880000000.0,-1.13,964.44,957.02,971.32,950.4,9250000000.0,0.57,964.44,916.81,971.32,908.04,35090000000.0,5.92,953.09
2016-08-03,953.09,945.32,954.75,942.22,1670000000.0,0.8,964.44,957.02,971.32,950.4,9250000000.0,0.57,964.44,916.81,971.32,908.04,35090000000.0,5.92,953.56
2016-08-04,953.56,955.01,958.48,952.5,1350000000.0,0.05,964.44,957.02,971.32,950.4,9250000000.0,0.57,964.44,916.81,971.32,908.04,35090000000.0,5.92,962.62
2016-08-05,962.62,960.11,963.63,958.02,1410000000.0,0.95,964.44,957.02,971.32,950.4,9250000000.0,0.57,964.44,916.81,971.32,908.04,35090000000.0,5.92,983.07
2016-08-08,983.07,978.07,983.45,973.73,1940000000.0,2.12,962.62,969.6,971.15,942.22,8470000000.000001,-0.19,964.44,916.81,971.32,908.04,35090000000.0,5.92,986.05
2016-08-09,986.05,984.87,989.78,981.9,1930000000.0,0.3,962.62,969.6,971.15,942.22,8470000000.000001,-0.19,964.44,916.81,971.32,908.04,35090000000.0,5.92,986.58
2016-08-10,986.58,987.88,990.54,982.0,1690000000.0,0.05,962.62,969.6,971.15,942.22,8470000000.000001,-0.19,964.44,916.81,971.32,908.04,35090000000.0,5.92,990.71
2016-08-11,990.71,987.18,990.73,984.01,2000000000.0,0.42,962.62,969.6,971.15,942.22,8470000000.000001,-0.19,964.44,916.81,971.32,908.04,35090000000.0,5.92,989.06
2016-08-15,989.06,982.67,995.59,981.34,1820000000.0,-0.17,990.71,978.07,990.73,973.73,7560000000.0,2.92,964.44,916.81,971.32,908.04,35090000000.0,5.92,981.84
2016-08-16,981.84,991.54,994.7,978.4,1910000000.0,-0.73,990.71,978.07,990.73,973.73,7560000000.0,2.92,964.44,916.81,971.32,908.04,35090000000.0,5.92,976.9
2016-08-17,976.9,979.85,983.46,975.45,1670000000.0,-0.5,990.71,978.07,990.73,973.73,7560000000.0,2.92,964.44,916.81,971.32,908.04,35090000000.0,5.92,987.73
2016-08-18,987.73,980.27,990.1,979.2,1830000000.0,1.11,990.71,978.07,990.73,973.73,7560000000.0,2.92,964.44,916.81,971.32,908.04,35090000000.0,5.92,981.26
2016-08-19,981.26,989.33,991.05,979.28,1380000000.0,-0.66,990.71,978.07,990.73,973.73,7560000000.0,2.92,964.44,916.81,971.32,908.04,35090000000.0,5.92,982.53
2016-08-22,982.53,979.97,984.59,978.31,1680000000.0,0.13,981.26,982.67,995.59,975.45,8610000000.0,-0.95,964.44,916.81,971.32,908.04,35090000000.0,5.92,981.17
2016-08-23,981.17,976.28,982.21,973.04,1740000000.0,-0.14,981.26,982.67,995.59,975.45,8610000000.0,-0.95,964.44,916.81,971.32,908.04,35090000000.0,5.92,986.2
2016-08-24,986.2,981.0,988.24,978.34,1600000000.0,0.51,981.26,982.67,995.59,975.45,8610000000.0,-0.95,964.44,916.81,971.32,908.04,35090000000.0,5.92,983.53
2016-08-25,983.53,988.39,991.16,979.62,1640000000.0,-0.27,981.26,982.67,995.59,975.45,8610000000.0,-0.95,964.44,916.81,971.32,908.04,35090000000.0,5.92,987.29
2016-08-26,987.29,984.01,991.87,983.52,1130000000.0,0.38,981.26,982.67,995.59,975.45,8610000000.0,-0.95,964.44,916.81,971.32,908.04,35090000000.0,5.92,982.53
2016-08-29,982.53,988.51,989.74,979.32,1410000000.0,-0.48,987.29,979.97,991.87,973.04,7800000000.0,0.61,964.44,916.81,971.32,908.04,35090000000.0,5.92,983.07
2016-08-30,983.07,985.46,988.74,983.07,1120000000.0,0.05,987.29,979.97,991.87,973.04,7800000000.0,0.61,964.44,916.81,971.32,908.04,35090000000.0,5.92,983.26
2016-08-31,983.26,981.71,983.82,976.86,1290000000.0,0.02,987.29,979.97,991.87,973.04,7800000000.0,0.61,964.44,916.81,971.32,908.04,35090000000.0,5.92,978.17
2016-09-01,978.17,983.85,984.67,978.17,1630000000.0,-0.52,987.29,979.97,991.87,973.04,7800000000.0,0.61,983.26,969.6,995.59,942.22,36260000000.0,1.95,964.44
2016-09-02,964.44,977.47,978.07,961.14,2000000000.0,-1.4,987.29,979.97,991.87,973.04,7800000000.0,0.61,983.26,969.6,995.59,942.22,36260000000.0,1.95,949.11
2016-09-05,949.11,968.82,969.55,939.06,2290000000.0,-1.59,964.44,988.51,989.74,961.14,7450000000.0,-2.31,983.26,969.6,995.59,942.22,36260000000.0,1.95,950.22
2016-09-06,950.22,950.07,955.43,946.72,1620000000.0,0.12,964.44,988.51,989.74,961.14,7450000000.0,-2.31,983.26,969.6,995.59,942.22,36260000000.0,1.95,943.39
2016-09-07,943.39,952.51,959.61,943.18,1450000000.0,-0.72,964.44,988.51,989.74,961.14,7450000000.0,-2.31,983.26,969.6,995.59,942.22,36260000000.0,1.95,927.82
2016-09-08,927.82,944.81,945.81,924.36,2220000000.0,-1.65,964.44,988.51,989.74,961.14,7450000000.0,-2.31,983.26,969.6,995.59,942.22,36260000000.0,1.95,921.48
2016-09-09,921.48,927.59,930.92,915.62,1680000000.0,-0.68,964.44,988.51,989.74,961.14,7450000000.0,-2.31,983.26,969.6,995.59,942.22,36260000000.0,1.95,899.38
2016-09-12,899.38,907.68,913.48,899.06,1440000000.0,-2.4,921.48,968.82,969.55,915.62,9270000000.0,-4.45,983.26,969.6,995.59,942.22,36260000000.0,1.95,925.46
2016-09-13,925.46,913.5,928.18,910.82,1480000000.0,2.9,921.48,968.82,969.55,915.62,9270000000.0,-4.45,983.26,969.6,995.59,942.22,36260000000.0,1.95,930.95
2016-09-14,930.95,923.74,933.75,922.63,1040000000.0,0.59,921.48,968.82,969.55,915.62,9270000000.0,-4.45,983.26,969.6,995.59,942.22,36260000000.0,1.95,932.21
2016-09-15,932.21,931.36,936.7,928.37,1300000000.0,0.14,921.48,968.82,969.55,915.62,9270000000.0,-4.45,983.26,969.6,995.59,942.22,36260000000.0,1.95,943.94
2016-09-16,943.94,936.86,943.94,933.7,2180000000.0,1.26,921.48,968.82,969.55,915.62,9270000000.0,-4.45,983.26,969.6,995.59,942.22,36260000000.0,1.95,951.81
2016-09-19,951.81,946.16,952.61,943.64,1330000000.0,0.83,943.94,907.68,943.94,899.06,7450000000.0,2.44,983.26,969.6,995.59,942.22,36260000000.0,1.95,938.8
2016-09-20,938.8,949.41,949.77,933.77,1370000000.0,-1.37,943.94,907.68,943.94,899.06,7450000000.0,2.44,983.26,969.6,995.59,942.22,36260000000.0,1.95,948.33
2016-09-21,948.33,944.05,956.21,943.04,1890000000.0,1.02,943.94,907.68,943.94,899.06,7450000000.0,2.44,983.26,969.6,995.59,942.22,36260000000.0,1.95,961.13
2016-09-22,961.13,957.35,962.72,954.44,1570000000.0,1.35,943.94,907.68,943.94,899.06,7450000000.0,2.44,983.26,969.6,995.59,942.22,36260000000.0,1.95,951.73
2016-09-23,951.73,961.04,961.04,946.52,1410000000.0,-0.98,943.94,907.68,943.94,899.06,7450000000.0,2.44,983.26,969.6,995.59,942.22,36260000000.0,1.95,948.87
2016-09-26,948.87,942.81,950.52,940.53,952360000.0,-0.3,951.73,946.16,962.72,933.77,7580000000.0,0.83,983.26,969.6,995.59,942.22,36260000000.0,1.95,947.58
2016-09-27,947.58,951.88,955.09,947.58,849530000.0,-0.14,951.73,946.16,962.72,933.77,7580000000.0,0.83,983.26,969.6,995.59,942.22,36260000000.0,1.95,941.3
2016-09-28,941.3,946.7,949.24,938.82,1110000000.0,-0.66,951.73,946.16,962.72,933.77,7580000000.0,0.83,983.26,969.6,995.59,942.22,36260000000.0,1.95,949.91
2016-09-29,949.91,949.8,955.91,946.97,1430000000.0,0.91,951.73,946.16,962.72,933.77,7580000000.0,0.83,983.26,969.6,995.59,942.22,36260000000.0,1.95,944.42
2016-09-30,944.42,945.45,948.79,942.11,1140000000.0,-0.58,951.73,946.16,962.72,933.77,7580000000.0,0.83,983.26,969.6,995.59,942.22,36260000000.0,1.95,950.24
2016-10-03,950.24,949.75,952.83,947.88,1280000000.0,0.62,944.42,942.81,955.91,938.82,5480000000.0,-0.77,944.42,983.85,984.67,899.06,33410000000.0,-3.95,963.83
2016-10-04,963.83,953.21,964.94,951.65,1630000000.0,1.43,944.42,942.81,955.91,938.82,5480000000.0,-0.77,944.42,983.85,984.67,899.06,33410000000.0,-3.95,962.77
2016-10-05,962.77,965.61,966.51,960.06,1360000000.0,-0.11,944.42,942.81,955.91,938.82,5480000000.0,-0.77,944.42,983.85,984.67,899.06,33410000000.0,-3.95,963.65
2016-10-06,963.65,964.12,967.78,961.03,1770000000.0,0.09,944.42,942.81,955.91,938.82,5480000000.0,-0.77,944.42,983.85,984.67,899.06,33410000000.0,-3.95,957.23
2016-10-07,957.23,963.65,964.2,954.5,1370000000.0,-0.67,944.42,942.81,955.91,938.82,5480000000.0,-0.77,944.42,983.85,984.67,899.06,33410000000.0,-3.95,927.87
2016-10-10,927.87,924.39,936.6,922.3,2390000000.0,-3.07,957.23,949.75,967.78,947.88,7420000000.0,1.36,944.42,983.85,984.67,899.06,33410000000.0,-3.95,917.14
2016-10-11,917.14,933.67,934.89,910.55,1920000000.0,-1.16,957.23,949.75,967.78,947.88,7420000000.0,1.36,944.42,983.85,984.67,899.06,33410000000.0,-3.95,896.3
2016-10-12,896.3,910.77,912.6,850.23,4160000000.0,-2.27,957.23,949.75,967.78,947.88,7420000000.0,1.36,944.42,983.85,984.67,899.06,33410000000.0,-3.95,906.77
2016-10-13,906.77,883.77,906.77,863.11,3310000000.0,1.17,957.23,949.75,967.78,947.88,7420000000.0,1.36,944.42,983.85,984.67,899.06,33410000000.0,-3.95,943.85
2016-10-14,943.85,941.68,947.19,929.68,3310000000.0,4.09,957.23,949.75,967.78,947.88,7420000000.0,1.36,944.42,983.85,984.67,899.06,33410000000.0,-3.95,939.76
2016-10-17,939.76,937.61,944.46,932.02,1820000000.0,-0.43,943.85,924.39,947.19,850.23,15100000000.0,-1.4,944.42,983.85,984.67,899.06,33410000000.0,-3.95,937.67
2016-10-18,937.67,941.07,942.78,932.33,1620000000.0,-0.22,943.85,924.39,947.19,850.23,15100000000.0,-1.4,944.42,983.85,984.67,899.06,33410000000.0,-3.95,940.21
2016-10-19,940.21,932.25,944.93,930.38,1740000000.0,0.27,943.85,924.39,947.19,850.23,15100000000.0,-1.4,944.42,983.85,984.67,899.06,33410000000.0,-3.95,944.52
2016-10-20,944.52,947.47,949.71,944.16,1650000000.0,0.46,943.85,924.39,947.19,850.23,15100000000.0,-1.4,944.42,983.85,984.67,899.06,33410000000.0,-3.95,947.01
2016-10-21,947.01,945.48,948.3,942.24,1560000000.0,0.26,943.85,924.39,947.19,850.23,15100000000.0,-1.4,944.42,983.85,984.67,899.06,33410000000.0,-3.95,949.16
2016-10-25,949.16,949.75,950.94,943.82,1130000000.0,0.23,947.01,937.61,949.71,930.38,8380000000.000001,0.33,944.42,983.85,984.67,899.06,33410000000.0,-3.95,938.42
2016-10-26,938.42,948.02,949.07,938.42,1080000000.0,-1.13,947.01,937.61,949.71,930.38,8380000000.000001,0.33,944.42,983.85,984.67,899.06,33410000000.0,-3.95,941.27
2016-10-27,941.27,938.1,944.11,936.85,1220000000.0,0.3,947.01,937.61,949.71,930.38,8380000000.000001,0.33,944.42,983.85,984.67,899.06,33410000000.0,-3.95,938.72
2016-10-28,938.72,942.76,943.31,935.96,1030000000.0,-0.27,947.01,937.61,949.71,930.38,8380000000.000001,0.33,944.42,983.85,984.67,899.06,33410000000.0,-3.95,936.66
2016-10-31,936.66,937.37,939.35,934.67,848850000.0,-0.22,938.72,949.75,950.94,935.96,4460000000.0,-0.88,944.42,983.85,984.67,899.06,33410000000.0,-3.95,942.56
2016-11-01,942.56,939.53,944.4,938.73,1510000000.0,0.63,938.72,949.75,950.94,935.96,4460000000.0,-0.88,936.66,949.75,967.78,850.23,36220000000.0,-0.82,937.75
2016-11-02,937.75,940.8,940.97,934.74,1150000000.0,-0.51,938.72,949.75,950.94,935.96,4460000000.0,-0.88,936.66,949.75,967.78,850.23,36220000000.0,-0.82,932.36
2016-11-03,932.36,936.7,942.18,932.31,1270000000.0,-0.57,938.72,949.75,950.94,935.96,4460000000.0,-0.88,936.66,949.75,967.78,850.23,36220000000.0,-0.82,926.47
2016-11-04,926.47,928.19,931.06,923.23,1160000000.0,-0.63,938.72,949.75,950.94,935.96,4460000000.0,-0.88,936.66,949.75,967.78,850.23,36220000000.0,-0.82,938.33
2016-11-07,938.33,934.02,940.71,932.9,1230000000.0,1.28,926.47,937.37,944.4,923.23,5940000000.0,-1.3,936.66,949.75,967.78,850.23,36220000000.0,-0.82,945.39
2016-11-08,945.39,939.59,946.15,937.47,2240000000.0,0.75,926.47,937.37,944.4,923.23,5940000000.0,-1.3,936.66,949.75,967.78,850.23,36220000000.0,-0.82,944.07
2016-11-09,944.07,937.41,944.08,928.15,3900000000.0,-0.14,926.47,937.37,944.4,923.23,5940000000.0,-1.3,936.66,949.75,967.78,850.23,36220000000.0,-0.82,946.79
2016-11-10,946.79,950.72,952.98,946.22,2200000000.0,0.29,926.47,937.37,944.4,923.23,5940000000.0,-1.3,936.66,949.75,967.78,850.23,36220000000.0,-0.82,933.81
2016-11-11,933.81,942.45,942.94,932.93,2230000000.0,-1.37,926.47,937.37,944.4,923.23,5940000000.0,-1.3,936.66,949.75,967.78,850.23,36220000000.0,-0.82,914.45
2016-11-14,914.45,923.08,924.68,913.04,1330000000.0,-2.07,933.81,934.02,952.98,928.15,11800000000.0,0.79,936.66,949.75,967.78,850.23,36220000000.0,-0.82,920.17
2016-11-15,920.17,917.67,921.96,909.3,1580000000.0,0.63,933.81,934.02,952.98,928.15,11800000000.0,0.79,936.66,949.75,967.78,850.23,36220000000.0,-0.82,917.28
2016-11-16,917.28,925.72,928.19,917.24,1270000000.0,-0.31,933.81,934.02,952.98,928.15,11800000000.0,0.79,936.66,949.75,967.78,850.23,36220000000.0,-0.82,918.03
2016-11-17,918.03,919.03,919.98,912.03,1260000000.0,0.08,933.81,934.02,952.98,928.15,11800000000.0,0.79,936.66,949.75,967.78,850.23,36220000000.0,-0.82,917.2
2016-11-18,917.2,916.61,919.27,911.72,1030000000.0,-0.09,933.81,934.02,952.98,928.15,11800000000.0,0.79,936.66,949.75,967.78,850.23,36220000000.0,-0.82,919.41
2016-11-21,919.41,919.31,923.89,916.27,883310000.0,0.24,917.2,923.08,928.19,909.3,6470000000.0,-1.78,936.66,949.75,967.78,850.23,36220000000.0,-0.82,925.45
2016-11-22,925.45,925.19,928.44,923.97,1070000000.0,0.66,917.2,923.08,928.19,909.3,6470000000.0,-1.78,936.66,949.75,967.78,850.23,36220000000.0,-0.82,933.2
2016-11-23,933.2,928.96,933.22,927.08,1080000000.0,0.84,917.2,923.08,928.19,909.3,6470000000.0,-1.78,936.66,949.75,967.78,850.23,36220000000.0,-0.82,928.03
2016-11-24,928.03,931.72,933.48,927.01,1440000000.0,-0.55,917.2,923.08,928.19,909.3,6470000000.0,-1.78,936.66,949.75,967.78,850.23,36220000000.0,-0.82,935.46
2016-11-25,935.46,931.41,935.46,930.41,953480000.0,0.8,917.2,923.08,928.19,909.3,6470000000.0,-1.78,936.66,949.75,967.78,850.23,36220000000.0,-0.82,934.78
2016-11-28,934.78,936.51,937.73,933.44,895600000.0,-0.07,935.46,919.31,935.46,916.27,5420000000.0,1.99,936.66,949.75,967.78,850.23,36220000000.0,-0.82,932.48
2016-11-29,932.48,940.24,942.05,931.85,1090000000.0,-0.25,935.46,919.31,935.46,916.27,5420000000.0,1.99,936.66,949.75,967.78,850.23,36220000000.0,-0.82,943.18
2016-11-30,943.18,933.12,945.14,930.88,1210000000.0,1.15,935.46,919.31,935.46,916.27,5420000000.0,1.99,936.66,949.75,967.78,850.23,36220000000.0,-0.82,947.32
2016-12-01,947.32,950.36,954.22,946.37,1120000000.0,0.44,935.46,919.31,935.46,916.27,5420000000.0,1.99,943.18,939.53,952.98,909.3,31980000000.0,0.7,940.21
2016-12-02,940.21,948.23,952.01,937.68,758250000.0,-0.75,935.46,919.31,935.46,916.27,5420000000.0,1.99,943.18,939.53,952.98,909.3,31980000000.0,0.7,950.09
2016-12-06,950.09,942.64,950.09,939.29,755420000.0,1.05,940.21,936.51,954.22,930.88,5070000000.0,0.51,943.18,939.53,952.98,909.3,31980000000.0,0.7,951.71
2016-12-07,951.71,947.78,954.45,946.49,1010000000.0,0.17,940.21,936.51,954.22,930.88,5070000000.0,0.51,943.18,939.53,952.98,909.3,31980000000.0,0.7,953.68
2016-12-08,953.68,953.71,958.22,953.24,1200000000.0,0.21,940.21,936.51,954.22,930.88,5070000000.0,0.51,943.18,939.53,952.98,909.3,31980000000.0,0.7,954.37
2016-12-09,954.37,958.6,959.36,951.35,910750000.0,0.07,940.21,936.51,954.22,930.88,5070000000.0,0.51,943.18,939.53,952.98,909.3,31980000000.0,0.7,956.86
2016-12-13,956.86,955.22,959.08,950.12,1320000000.0,0.26,954.37,942.64,959.36,939.29,3880000000.0,1.51,943.18,939.53,952.98,909.3,31980000000.0,0.7,950.09
2016-12-14,950.09,956.6,957.42,948.52,993010000.0,-0.71,954.37,942.64,959.36,939.29,3880000000.0,1.51,943.18,939.53,952.98,909.3,31980000000.0,0.7,946.98
2016-12-15,946.98,945.76,950.22,944.23,1020000000.0,-0.33,954.37,942.64,959.36,939.29,3880000000.0,1.51,943.18,939.53,952.98,909.3,31980000000.0,0.7,946.62
2016-12-16,946.62,949.26,951.63,946.13,898940000.0,-0.04,954.37,942.64,959.36,939.29,3880000000.0,1.51,943.18,939.53,952.98,909.3,31980000000.0,0.7,948.14
2016-12-19,948.14,947.65,950.7,946.42,666870000.0,0.16,946.62,955.22,959.08,944.23,4230000000.000001,-0.81,943.18,939.53,952.98,909.3,31980000000.0,0.7,944.18
2016-12-20,944.18,949.21,949.52,940.86,655800000.0,-0.42,946.62,955.22,959.08,944.23,4230000000.000001,-0.81,943.18,939.53,952.98,909.3,31980000000.0,0.7,940.3
2016-12-21,940.3,945.4,946.97,940.07,489360000.0,-0.41,946.62,955.22,959.08,944.23,4230000000.000001,-0.81,943.18,939.53,952.98,909.3,31980000000.0,0.7,938.6
2016-12-22,938.6,940.7,941.29,936.0,482280000.0,-0.18,946.62,955.22,959.08,944.23,4230000000.000001,-0.81,943.18,939.53,952.98,909.3,31980000000.0,0.7,940.98
2016-12-23,940.98,938.85,943.81,936.2,628370000.0,0.25,946.62,955.22,959.08,944.23,4230000000.000001,-0.81,943.18,939.53,952.98,909.3,31980000000.0,0.7,945.45
2016-12-26,945.45,942.19,947.04,941.89,438100000.0,0.48,940.98,947.65,950.7,936.0,2920000000.0,-0.6,943.18,939.53,952.98,909.3,31980000000.0,0.7,945.88
2016-12-27,945.88,945.86,948.02,944.34,495140000.0,0.05,940.98,947.65,950.7,936.0,2920000000.0,-0.6,943.18,939.53,952.98,909.3,31980000000.0,0.7,951.39
2016-12-28,951.39,948.33,953.35,946.45,620270000.0,0.58,940.98,947.65,950.7,936.0,2920000000.0,-0.6,943.18,939.53,952.98,909.3,31980000000.0,0.7,961.96
2016-12-29,961.96,950.76,966.85,950.31,718650000.0,1.11,940.98,947.65,950.7,936.0,2920000000.0,-0.6,943.18,939.53,952.98,909.3,31980000000.0,0.7,964.84
2016-12-30,964.84,963.08,968.6,961.74,705940000.0,0.3,940.98,947.65,950.7,936.0,2920000000.0,-0.6,943.18,939.53,952.98,909.3,31980000000.0,0.7,980.93
2017-01-04,980.93,968.24,981.5,968.12,1980000000.0,1.67,964.84,942.19,968.6,941.89,2980000000.0,2.54,964.84,950.36,968.6,936.0,15890000000.0,2.3,985.53
2017-01-05,985.53,983.91,988.18,980.4,1990000000.0,0.47,964.84,942.19,968.6,941.89,2980000000.0,2.54,964.84,950.36,968.6,936.0,15890000000.0,2.3,983.91
2017-01-06,983.91,986.65,988.39,980.63,2100000000.0,-0.16,964.84,942.19,968.6,941.89,2980000000.0,2.54,964.84,950.36,968.6,936.0,15890000000.0,2.3,978.56
2017-01-09,978.56,984.33,984.99,976.03,1560000000.0,-0.54,983.91,968.24,988.39,968.12,6070000000.0,1.98,964.84,950.36,968.6,936.0,15890000000.0,2.3,983.72
2017-01-10,983.72,977.64,985.65,977.6,1670000000.0,0.53,983.91,968.24,988.39,968.12,6070000000.0,1.98,964.84,950.36,968.6,936.0,15890000000.0,2.3,981.9
2017-01-11,981.9,982.99,989.57,981.9,1500000000.0,-0.19,983.91,968.24,988.39,968.12,6070000000.0,1.98,964.84,950.36,968.6,936.0,15890000000.0,2.3,979.29
2017-01-12,979.29,987.07,987.25,977.98,1620000000.0,-0.27,983.91,968.24,988.39,968.12,6070000000.0,1.98,964.84,950.36,968.6,936.0,15890000000.0,2.3,983.23
2017-01-13,983.23,982.47,984.68,977.89,1080000000.0,0.4,983.91,968.24,988.39,968.12,6070000000.0,1.98,964.84,950.36,968.6,936.0,15890000000.0,2.3,979.74
2017-01-16,979.74,981.55,984.25,976.33,1080000000.0,-0.35,983.23,984.33,989.57,976.03,7430000000.0,-0.07,964.84,950.36,968.6,936.0,15890000000.0,2.3,976.82
2017-01-17,976.82,980.06,983.43,976.05,1450000000.0,-0.3,983.23,984.33,989.57,976.03,7430000000.0,-0.07,964.84,950.36,968.6,936.0,15890000000.0,2.3,972.59
2017-01-18,972.59,978.13,980.01,972.51,1790000000.0,-0.43,983.23,984.33,989.57,976.03,7430000000.0,-0.07,964.84,950.36,968.6,936.0,15890000000.0,2.3,969.19
2017-01-19,969.19,971.26,972.52,963.58,1570000000.0,-0.35,983.23,984.33,989.57,976.03,7430000000.0,-0.07,964.84,950.36,968.6,936.0,15890000000.0,2.3,972.72
2017-01-20,972.72,967.73,975.63,966.29,1890000000.0,0.36,983.23,984.33,989.57,976.03,7430000000.0,-0.07,964.84,950.36,968.6,936.0,15890000000.0,2.3,976.04
2017-01-23,976.04,975.9,977.74,973.27,1010000000.0,0.34,972.72,981.55,984.25,963.58,7780000000.0,-1.07,964.84,950.36,968.6,936.0,15890000000.0,2.3,984.23
2017-01-24,984.23,977.12,985.07,976.89,2940000000.0,0.84,972.72,981.55,984.25,963.58,7780000000.0,-1.07,964.84,950.36,968.6,936.0,15890000000.0,2.3,990.51
2017-01-25,990.51,987.34,992.74,984.83,2830000000.0,0.64,972.72,981.55,984.25,963.58,7780000000.0,-1.07,964.84,950.36,968.6,936.0,15890000000.0,2.3,998.44
2017-01-26,998.44,1000.98,1004.03,993.98,1910000000.0,0.8,972.72,981.55,984.25,963.58,7780000000.0,-1.07,964.84,950.36,968.6,936.0,15890000000.0,2.3,996.1
2017-01-27,996.1,997.54,998.24,993.03,940020000.0,-0.23,972.72,981.55,984.25,963.58,7780000000.0,-1.07,964.84,950.36,968.6,936.0,15890000000.0,2.3,994.76
2017-01-30,994.76,994.15,997.52,991.84,621540000.0,-0.13,996.1,975.9,1004.03,973.27,9630000000.0,2.4,964.84,950.36,968.6,936.0,15890000000.0,2.3,984.21
2017-01-31,984.21,991.02,991.68,982.97,1310000000.0,-1.06,996.1,975.9,1004.03,973.27,9630000000.0,2.4,964.84,950.36,968.6,936.0,15890000000.0,2.3,984.71
2017-02-01,984.71,982.22,987.18,979.1,1230000000.0,0.05,996.1,975.9,1004.03,973.27,9630000000.0,2.4,984.21,968.24,1004.03,963.58,32840000000.000004,2.01,982.41
2017-02-02,982.41,984.91,988.59,981.46,904010000.0,-0.23,996.1,975.9,1004.03,973.27,9630000000.0,2.4,984.21,968.24,1004.03,963.58,32840000000.000004,2.01,990.97
2017-02-03,990.97,982.49,993.43,980.49,1100000000.0,0.87,996.1,975.9,1004.03,973.27,9630000000.0,2.4,984.21,968.24,1004.03,963.58,32840000000.000004,2.01,996.4
2017-02-06,996.4,993.72,998.78,991.17,1300000000.0,0.55,990.97,994.15,997.52,979.1,5170000000.0,-0.52,984.21,968.24,1004.03,963.58,32840000000.000004,2.01,991.3
2017-02-07,991.3,994.49,997.32,988.97,933370000.0,-0.51,990.97,994.15,997.52,979.1,5170000000.0,-0.52,984.21,968.24,1004.03,963.58,32840000000.000004,2.01,996.23
2017-02-08,996.23,990.91,1000.71,989.9,1440000000.0,0.5,990.97,994.15,997.52,979.1,5170000000.0,-0.52,984.21,968.24,1004.03,963.58,32840000000.000004,2.01,990.33
2017-02-09,990.33,998.74,1000.66,990.15,1120000000.0,-0.59,990.97,994.15,997.52,979.1,5170000000.0,-0.52,984.21,968.24,1004.03,963.58,32840000000.000004,2.01,992.36
2017-02-10,992.36,995.08,995.91,990.36,1150000000.0,0.2,990.97,994.15,997.52,979.1,5170000000.0,-0.52,984.21,968.24,1004.03,963.58,32840000000.000004,2.01,981.66
2017-02-14,981.66,993.55,994.52,980.72,1090000000.0,-1.08,992.36,993.72,1000.71,988.97,5940000000.0,0.14,984.21,968.24,1004.03,963.58,32840000000.000004,2.01,984.6
2017-02-15,984.6,980.85,985.62,975.67,1660000000.0,0.3,992.36,993.72,1000.71,988.97,5940000000.0,0.14,984.21,968.24,1004.03,963.58,32840000000.000004,2.01,987.04
2017-02-16,987.04,985.39,990.11,983.72,1110000000.0,0.25,992.36,993.72,1000.71,988.97,5940000000.0,0.14,984.21,968.24,1004.03,963.58,32840000000.000004,2.01,988.95
2017-02-17,988.95,989.56,993.92,988.57,974680000.0,0.19,992.36,993.72,1000.71,988.97,5940000000.0,0.14,984.21,968.24,1004.03,963.58,32840000000.000004,2.01,989.74
2017-02-20,989.74,990.97,992.42,986.52,967240000.0,0.08,988.95,993.55,994.52,975.67,4840000000.0,-0.34,984.21,968.24,1004.03,963.58,32840000000.000004,2.01,981.03
2017-02-21,981.03,989.62,993.87,981.03,1060000000.0,-0.88,988.95,993.55,994.52,975.67,4840000000.0,-0.34,984.21,968.24,1004.03,963.58,32840000000.000004,2.01,987.05
2017-02-22,987.05,983.76,987.56,979.68,927520000.0,0.61,988.95,993.55,994.52,975.67,4840000000.0,-0.34,984.21,968.24,1004.03,963.58,32840000000.000004,2.01,982.64
2017-02-23,982.64,985.23,985.56,979.65,1520000000.0,-0.45,988.95,993.55,994.52,975.67,4840000000.0,-0.34,984.21,968.24,1004.03,963.58,32840000000.000004,2.01,981.51
2017-02-24,981.51,981.92,984.23,978.57,1050000000.0,-0.11,988.95,993.55,994.52,975.67,4840000000.0,-0.34,984.21,968.24,1004.03,963.58,32840000000.000004,2.01,976.06
2017-02-27,976.06,977.72,979.83,975.54,767560000.0,-0.56,981.51,990.97,993.87,978.57,5530000000.0,-0.75,984.21,968.24,1004.03,963.58,32840000000.000004,2.01,978.46
2017-02-28,978.46,978.0,981.18,977.39,761680000.0,0.25,981.51,990.97,993.87,978.57,5530000000.0,-0.75,984.21,968.24,1004.03,963.58,32840000000.000004,2.01,985.94
2017-03-01,985.94,981.19,986.01,979.67,1070000000.0,0.76,981.51,990.97,993.87,978.57,5530000000.0,-0.75,978.46,982.22,1000.71,975.54,21080000000.0,-0.58,985.93
2017-03-02,985.93,988.19,989.79,985.39,1080000000.0,0.0,981.51,990.97,993.87,978.57,5530000000.0,-0.75,978.46,982.22,1000.71,975.54,21080000000.0,-0.58,983.41
2017-03-03,983.41,983.41,985.74,982.05,1020000000.0,-0.26,981.51,990.97,993.87,978.57,5530000000.0,-0.75,978.46,982.22,1000.71,975.54,21080000000.0,-0.58,975.54
2017-03-06,975.54,981.46,982.1,973.12,836020000.0,-0.8,983.41,977.72,989.79,975.54,4700000000.0,0.19,978.46,982.22,1000.71,975.54,21080000000.0,-0.58,974.53
2017-03-07,974.53,975.37,978.89,972.94,710760000.0,-0.1,983.41,977.72,989.79,975.54,4700000000.0,0.19,978.46,982.22,1000.71,975.54,21080000000.0,-0.58,980.14
2017-03-08,980.14,974.31,980.71,968.1,1110000000.0,0.58,983.41,977.72,989.79,975.54,4700000000.0,0.19,978.46,982.22,1000.71,975.54,21080000000.0,-0.58,977.5
2017-03-09,977.5,977.33,979.51,973.94,718410000.0,-0.27,983.41,977.72,989.79,975.54,4700000000.0,0.19,978.46,982.22,1000.71,975.54,21080000000.0,-0.58,972.88
2017-03-10,972.88,976.89,977.45,970.11,794410000.0,-0.47,983.41,977.72,989.79,975.54,4700000000.0,0.19,978.46,982.22,1000.71,975.54,21080000000.0,-0.58,975.37
2017-03-13,975.37,972.25,975.88,968.15,938240000.0,0.26,972.88,981.46,982.1,968.1,4170000000.0,-1.07,978.46,982.22,1000.71,975.54,21080000000.0,-0.58,977.25
2017-03-14,977.25,975.16,980.35,973.36,925290000.0,0.19,972.88,981.46,982.1,968.1,4170000000.0,-1.07,978.46,982.22,1000.71,975.54,21080000000.0,-0.58,975.71
2017-03-15,975.71,976.7,978.63,973.43,969000000.0,-0.16,972.88,981.46,982.1,968.1,4170000000.0,-1.07,978.46,982.22,1000.71,975.54,21080000000.0,-0.58,986.7
2017-03-16,986.7,982.58,989.2,980.28,1620000000.0,1.13,972.88,981.46,982.1,968.1,4170000000.0,-1.07,978.46,982.22,1000.71,975.54,21080000000.0,-0.58,988.44
2017-03-17,988.44,988.28,989.58,984.14,1250000000.0,0.18,972.88,981.46,982.1,968.1,4170000000.0,-1.07,978.46,982.22,1000.71,975.54,21080000000.0,-0.58,989.53
2017-03-20,989.53,991.07,994.59,987.92,934670000.0,0.11,988.44,972.25,989.58,968.15,5700000000.0,1.6,978.46,982.22,1000.71,975.54,21080000000.0,-0.58,993.96
2017-03-21,993.96,991.29,996.44,989.89,995710000.0,0.45,988.44,972.25,989.58,968.15,5700000000.0,1.6,978.46,982.22,1000.71,975.54,21080000000.0,-0.58,992.07
2017-03-22,992.07,987.87,995.03,985.81,899210000.0,-0.19,988.44,972.25,989.58,968.15,5700000000.0,1.6,978.46,982.22,1000.71,975.54,21080000000.0,-0.58,993.25
2017-03-23,993.25,995.72,996.6,992.4,732530000.0,0.12,988.44,972.25,989.58,968.15,5700000000.0,1.6,978.46,982.22,1000.71,975.54,21080000000.0,-0.58,998.25
2017-03-24,998.25,993.32,999.93,992.16,1120000000.0,0.5,988.44,972.25,989.58,968.15,5700000000.0,1.6,978.46,982.22,1000.71,975.54,21080000000.0,-0.58,995.43
2017-03-27,995.43,997.73,999.94,994.2,651900000.0,-0.28,998.25,991.07,999.93,985.81,4690000000.0,0.99,978.46,982.22,1000.71,975.54,21080000000.0,-0.58,1000.4
2017-03-28,1000.4,997.38,1002.49,996.36,1070000000.0,0.5,998.25,991.07,999.93,985.81,4690000000.0,0.99,978.46,982.22,1000.71,975.54,21080000000.0,-0.58,997.63
2017-03-29,997.63,998.86,1001.37,995.63,860600000.0,-0.28,998.25,991.07,999.93,985.81,4690000000.0,0.99,978.46,982.22,1000.71,975.54,21080000000.0,-0.58,1001.52
2017-03-30,1001.52,997.96,1005.43,996.41,1130000000.0,0.39,998.25,991.07,999.93,985.81,4690000000.0,0.99,978.46,982.22,1000.71,975.54,21080000000.0,-0.58,996.44
2017-03-31,996.44,1002.97,1004.58,996.44,1280000000.0,-0.51,998.25,991.07,999.93,985.81,4690000000.0,0.99,978.46,982.22,1000.71,975.54,21080000000.0,-0.58,999.39
2017-04-03,999.39,998.92,1002.35,997.9,853260000.0,0.3,996.44,997.73,1005.43,994.2,5000000000.0,-0.18,996.44,981.19,1005.43,968.1,22730000000.0,1.84,1000.98
2017-04-04,1000.98,998.94,1002.48,996.97,951570000.0,0.16,996.44,997.73,1005.43,994.2,5000000000.0,-0.18,996.44,981.19,1005.43,968.1,22730000000.0,1.84,1000.13
2017-04-05,1000.13,1000.87,1002.47,996.2,1080000000.0,-0.08,996.44,997.73,1005.43,994.2,5000000000.0,-0.18,996.44,981.19,1005.43,968.1,22730000000.0,1.84,1003.26
2017-04-07,1003.26,998.53,1003.59,995.75,853720000.0,0.31,996.44,997.73,1005.43,994.2,5000000000.0,-0.18,996.44,981.19,1005.43,968.1,22730000000.0,1.84,1002.5
2017-04-10,1002.5,1000.6,1003.78,997.74,653600000.0,-0.08,1003.26,998.92,1003.59,995.75,3740000000.0,0.68,996.44,981.19,1005.43,968.1,22730000000.0,1.84,1003.25
2017-04-11,1003.25,1003.65,1006.9,1001.83,809930000.0,0.07,1003.26,998.92,1003.59,995.75,3740000000.0,0.68,996.44,981.19,1005.43,968.1,22730000000.0,1.84,1009.23
2017-04-12,1009.23,1005.3,1009.23,1004.7,715930000.0,0.6,1003.26,998.92,1003.59,995.75,3740000000.0,0.68,996.44,981.19,1005.43,968.1,22730000000.0,1.84,999.77
2017-04-17,999.77,1005.88,1006.04,998.52,596670000.0,-0.94,1009.23,1000.6,1009.23,997.74,2180000000.0,0.6,996.44,981.19,1005.43,968.1,22730000000.0,1.84,997.68
2017-04-18,997.68,1002.31,1004.78,997.62,980590000.0,-0.21,1009.23,1000.6,1009.23,997.74,2180000000.0,0.6,996.44,981.19,1005.43,968.1,22730000000.0,1.84,992.89
2017-04-19,992.89,997.01,998.39,992.71,1490000000.0,-0.48,1009.23,1000.6,1009.23,997.74,2180000000.0,0.6,996.44,981.19,1005.43,968.1,22730000000.0,1.84,993.86
2017-04-20,993.86,992.8,998.18,991.91,1180000000.0,0.1,1009.23,1000.6,1009.23,997.74,2180000000.0,0.6,996.44,981.19,1005.43,968.1,22730000000.0,1.84,995.83
2017-04-21,995.83,995.56,998.69,994.6,943040000.0,0.2,1009.23,1000.6,1009.23,997.74,2180000000.0,0.6,996.44,981.19,1005.43,968.1,22730000000.0,1.84,992.51
2017-04-24,992.51,996.31,997.62,990.36,844560000.0,-0.33,995.83,1005.88,1006.04,991.91,5190000000.0,-1.33,996.44,981.19,1005.43,968.1,22730000000.0,1.84,993.39
2017-04-25,993.39,994.19,996.76,987.25,1230000000.0,0.09,995.83,1005.88,1006.04,991.91,5190000000.0,-1.33,996.44,981.19,1005.43,968.1,22730000000.0,1.84,996.93
2017-04-26,996.93,993.71,998.89,991.47,1030000000.0,0.36,995.83,1005.88,1006.04,991.91,5190000000.0,-1.33,996.44,981.19,1005.43,968.1,22730000000.0,1.84,995.19
2017-04-27,995.19,996.13,997.36,992.55,705150000.0,-0.17,995.83,1005.88,1006.04,991.91,5190000000.0,-1.33,996.44,981.19,1005.43,968.1,22730000000.0,1.84,993.98
2017-04-28,993.98,996.6,997.2,992.2,1020000000.0,-0.12,995.83,1005.88,1006.04,991.91,5190000000.0,-1.33,996.44,981.19,1005.43,968.1,22730000000.0,1.84,992.82
2017-05-02,992.82,994.03,997.39,992.36,643940000.0,-0.12,993.98,996.31,998.89,987.25,4830000000.0,-0.19,993.98,998.92,1009.23,987.25,15940000000.0,-0.25,993.57
2017-05-03,993.57,993.77,997.19,992.85,632300000.0,0.08,993.98,996.31,998.89,987.25,4830000000.0,-0.19,993.98,998.92,1009.23,987.25,15940000000.0,-0.25,999.01
2017-05-04,999.01,994.79,1000.63,994.59,987410000.0,0.55,993.98,996.31,998.89,987.25,4830000000.0,-0.19,993.98,998.92,1009.23,987.25,15940000000.0,-0.25,997.24
2017-05-05,997.24,997.67,998.75,992.96,773580000.0,-0.18,993.98,996.31,998.89,987.25,4830000000.0,-0.19,993.98,998.92,1009.23,987.25,15940000000.0,-0.25,996.56
2017-05-08,996.56,996.87,998.7,994.42,760590000.0,-0.07,997.24,994.03,1000.63,992.36,3040000000.0,0.33,993.98,998.92,1009.23,987.25,15940000000.0,-0.25,993.46
2017-05-09,993.46,998.46,998.94,991.19,966950000.0,-0.31,997.24,994.03,1000.63,992.36,3040000000.0,0.33,993.98,998.92,1009.23,987.25,15940000000.0,-0.25,989.38
2017-05-11,989.38,994.54,995.7,986.24,1140000000.0,-0.41,997.24,994.03,1000.63,992.36,3040000000.0,0.33,993.98,998.92,1009.23,987.25,15940000000.0,-0.25,983.37
2017-05-12,983.37,989.56,989.56,979.4,1240000000.0,-0.61,997.24,994.03,1000.63,992.36,3040000000.0,0.33,993.98,998.92,1009.23,987.25,15940000000.0,-0.25,980.75
2017-05-15,980.75,982.29,983.19,976.94,1080000000.0,-0.27,983.37,996.87,998.94,979.4,4110000000.000001,-1.39,993.98,998.92,1009.23,987.25,15940000000.0,-0.25,984.66
2017-05-16,984.66,980.64,986.26,979.65,1350000000.0,0.4,983.37,996.87,998.94,979.4,4110000000.000001,-1.39,993.98,998.92,1009.23,987.25,15940000000.0,-0.25,983.98
2017-05-17,983.98,985.09,987.98,983.02,1330000000.0,-0.07,983.37,996.87,998.94,979.4,4110000000.000001,-1.39,993.98,998.92,1009.23,987.25,15940000000.0,-0.25,980.83
2017-05-18,980.83,981.39,984.28,979.23,793740000.0,-0.32,983.37,996.87,998.94,979.4,4110000000.000001,-1.39,993.98,998.92,1009.23,987.25,15940000000.0,-0.25,982.25
2017-05-19,982.25,981.71,984.97,979.92,783980000.0,0.14,983.37,996.87,998.94,979.4,4110000000.000001,-1.39,993.98,998.92,1009.23,987.25,15940000000.0,-0.25,987.38
2017-05-22,987.38,985.24,989.57,985.21,841450000.0,0.52,982.25,982.29,987.98,976.94,5340000000.0,-0.11,993.98,998.92,1009.23,987.25,15940000000.0,-0.25,990.69
2017-05-23,990.69,989.04,991.99,987.18,776500000.0,0.34,982.25,982.29,987.98,976.94,5340000000.0,-0.11,993.98,998.92,1009.23,987.25,15940000000.0,-0.25,991.62
2017-05-24,991.62,991.23,993.48,989.58,805490000.0,0.09,982.25,982.29,987.98,976.94,5340000000.0,-0.11,993.98,998.92,1009.23,987.25,15940000000.0,-0.25,992.43
2017-05-25,992.43,993.57,994.86,991.07,754160000.0,0.08,982.25,982.29,987.98,976.94,5340000000.0,-0.11,993.98,998.92,1009.23,987.25,15940000000.0,-0.25,991.97
2017-05-26,991.97,991.83,994.51,990.09,746370000.0,-0.05,982.25,982.29,987.98,976.94,5340000000.0,-0.11,993.98,998.92,1009.23,987.25,15940000000.0,-0.25,991.87
2017-05-29,991.87,991.79,993.9,989.92,655450000.0,-0.01,991.97,985.24,994.86,985.21,3920000000.0,0.99,993.98,998.92,1009.23,987.25,15940000000.0,-0.25,991.49
2017-05-30,991.49,993.01,993.91,990.93,482850000.0,-0.04,991.97,985.24,994.86,985.21,3920000000.0,0.99,993.98,998.92,1009.23,987.25,15940000000.0,-0.25,986.08
2017-05-31,986.08,993.7,995.34,984.18,1120000000.0,-0.55,991.97,985.24,994.86,985.21,3920000000.0,0.99,993.98,998.92,1009.23,987.25,15940000000.0,-0.25,987.79
2017-06-01,987.79,986.69,989.64,984.64,1060000000.0,0.17,991.97,985.24,994.86,985.21,3920000000.0,0.99,986.08,994.03,1000.63,976.94,18670000000.0,-0.79,990.22
2017-06-02,990.22,989.31,992.51,988.3,807130000.0,0.25,991.97,985.24,994.86,985.21,3920000000.0,0.99,986.08,994.03,1000.63,976.94,18670000000.0,-0.79,988.36
2017-06-05,988.36,993.57,994.33,985.89,896330000.0,-0.19,990.22,991.79,995.34,984.18,4130000000.0,-0.18,986.08,994.03,1000.63,976.94,18670000000.0,-0.79,990.04
2017-06-06,990.04,988.95,991.35,985.24,968970000.0,0.17,990.22,991.79,995.34,984.18,4130000000.0,-0.18,986.08,994.03,1000.63,976.94,18670000000.0,-0.79,987.95
2017-06-07,987.95,990.88,992.82,987.44,789310000.0,-0.21,990.22,991.79,995.34,984.18,4130000000.0,-0.18,986.08,994.03,1000.63,976.94,18670000000.0,-0.79,990.74
2017-06-08,990.74,988.68,991.81,985.51,845960000.0,0.28,990.22,991.79,995.34,984.18,4130000000.0,-0.18,986.08,994.03,1000.63,976.94,18670000000.0,-0.79,987.52
2017-06-09,987.52,990.71,991.04,985.79,862280000.0,-0.33,990.22,991.79,995.34,984.18,4130000000.0,-0.18,986.08,994.03,1000.63,976.94,18670000000.0,-0.79,984.87
2017-06-12,984.87,987.78,989.8,982.82,711620000.0,-0.27,987.52,993.57,994.33,985.24,4360000000.0,-0.27,986.08,994.03,1000.63,976.94,18670000000.0,-0.79,991.24
2017-06-13,991.24,986.35,992.22,985.03,917440000.0,0.65,987.52,993.57,994.33,985.24,4360000000.0,-0.27,986.08,994.03,1000.63,976.94,18670000000.0,-0.79,993.15
2017-06-14,993.15,991.66,994.72,989.09,715810000.0,0.19,987.52,993.57,994.33,985.24,4360000000.0,-0.27,986.08,994.03,1000.63,976.94,18670000000.0,-0.79,989.58
2017-06-15,989.58,990.99,994.3,989.22,640640000.0,-0.36,987.52,993.57,994.33,985.24,4360000000.0,-0.27,986.08,994.03,1000.63,976.94,18670000000.0,-0.79,992.1
2017-06-16,992.1,992.13,993.98,988.76,811460000.0,0.25,987.52,993.57,994.33,985.24,4360000000.0,-0.27,986.08,994.03,1000.63,976.94,18670000000.0,-0.79,995.9
2017-06-19,995.9,994.29,997.72,993.74,763120000.0,0.38,992.1,987.78,994.72,982.82,3800000000.0,0.46,986.08,994.03,1000.63,976.94,18670000000.0,-0.79,994.52
2017-06-20,994.52,997.42,997.81,993.0,715560000.0,-0.14,992.1,987.78,994.72,982.82,3800000000.0,0.46,986.08,994.03,1000.63,976.94,18670000000.0,-0.79,992.7
2017-06-21,992.7,992.4,993.92,989.73,920840000.0,-0.18,992.1,987.78,994.72,982.82,3800000000.0,0.46,986.08,994.03,1000.63,976.94,18670000000.0,-0.79,994.96
2017-06-22,994.96,993.05,997.51,992.47,1170000000.0,0.23,992.1,987.78,994.72,982.82,3800000000.0,0.46,986.08,994.03,1000.63,976.94,18670000000.0,-0.79,996.26
2017-06-23,996.26,996.12,998.28,994.93,1230000000.0,0.13,992.1,987.78,994.72,982.82,3800000000.0,0.46,986.08,994.03,1000.63,976.94,18670000000.0,-0.79,997.44
2017-06-26,997.44,998.82,1000.62,995.63,1080000000.0,0.12,996.26,994.29,998.28,989.73,4800000000.0,0.42,986.08,994.03,1000.63,976.94,18670000000.0,-0.79,999.6
2017-06-27,999.6,999.46,1001.15,997.04,730310000.0,0.22,996.26,994.29,998.28,989.73,4800000000.0,0.42,986.08,994.03,1000.63,976.94,18670000000.0,-0.79,997.33
2017-06-28,997.33,999.26,1000.19,995.38,803630000.0,-0.23,996.26,994.29,998.28,989.73,4800000000.0,0.42,986.08,994.03,1000.63,976.94,18670000000.0,-0.79,995.1
2017-06-29,995.1,1000.46,1003.26,993.77,1460000000.0,-0.22,996.26,994.29,998.28,989.73,4800000000.0,0.42,986.08,994.03,1000.63,976.94,18670000000.0,-0.79,994.35
2017-06-30,994.35,995.48,997.67,990.74,959300000.0,-0.08,996.26,994.29,998.28,989.73,4800000000.0,0.42,986.08,994.03,1000.63,976.94,18670000000.0,-0.79,999.16
2017-07-03,999.16,996.76,999.89,994.94,662810000.0,0.48,994.35,998.82,1003.26,990.74,5030000000.0,-0.19,994.35,986.69,1003.26,982.82,19860000000.0,0.84,995.39
2017-07-04,995.39,1001.13,1002.06,994.02,670820000.0,-0.38,994.35,998.82,1003.26,990.74,5030000000.0,-0.19,994.35,986.69,1003.26,982.82,19860000000.0,0.84,996.08
2017-07-05,996.08,996.39,998.84,994.13,692740000.0,0.07,994.35,998.82,1003.26,990.74,5030000000.0,-0.19,994.35,986.69,1003.26,982.82,19860000000.0,0.84,993.69
2017-07-06,993.69,995.93,996.57,988.89,986140000.0,-0.24,994.35,998.82,1003.26,990.74,5030000000.0,-0.19,994.35,986.69,1003.26,982.82,19860000000.0,0.84,992.88
2017-07-07,992.88,992.02,993.79,989.29,714950000.0,-0.08,994.35,998.82,1003.26,990.74,5030000000.0,-0.19,994.35,986.69,1003.26,982.82,19860000000.0,0.84,991.95
2017-07-11,991.95,993.13,994.6,988.87,924190000.0,-0.09,992.88,996.76,1002.06,988.89,3730000000.0,-0.15,994.35,986.69,1003.26,982.82,19860000000.0,0.84,996.09
2017-07-12,996.09,995.16,998.97,992.48,1210000000.0,0.42,992.88,996.76,1002.06,988.89,3730000000.0,-0.15,994.35,986.69,1003.26,982.82,19860000000.0,0.84,999.35
2017-07-13,999.35,1000.35,1002.66,996.7,1040000000.0,0.33,992.88,996.76,1002.06,988.89,3730000000.0,-0.15,994.35,986.69,1003.26,982.82,19860000000.0,0.84,999.3
2017-07-14,999.3,1000.55,1001.46,996.01,682720000.0,-0.01,992.88,996.76,1002.06,988.89,3730000000.0,-0.15,994.35,986.69,1003.26,982.82,19860000000.0,0.84,996.76
2017-07-17,996.76,1001.81,1002.79,995.29,674980000.0,-0.25,999.3,993.13,1002.66,988.87,3860000000.0,0.65,994.35,986.69,1003.26,982.82,19860000000.0,0.84,996.25
2017-07-18,996.25,997.64,998.38,993.31,975740000.0,-0.05,999.3,993.13,1002.66,988.87,3860000000.0,0.65,994.35,986.69,1003.26,982.82,19860000000.0,0.84,1000.22
2017-07-19,1000.22,998.65,1001.33,996.48,613170000.0,0.4,999.3,993.13,1002.66,988.87,3860000000.0,0.65,994.35,986.69,1003.26,982.82,19860000000.0,0.84,998.59
2017-07-20,998.59,1000.52,1001.81,997.99,831860000.0,-0.16,999.3,993.13,1002.66,988.87,3860000000.0,0.65,994.35,986.69,1003.26,982.82,19860000000.0,0.84,998.19
2017-07-21,998.19,999.93,1001.36,997.35,1160000000.0,-0.04,999.3,993.13,1002.66,988.87,3860000000.0,0.65,994.35,986.69,1003.26,982.82,19860000000.0,0.84,1000.91
2017-07-24,1000.91,998.74,1003.12,998.34,782730000.0,0.27,998.19,1001.81,1002.79,993.31,4260000000.0,-0.11,994.35,986.69,1003.26,982.82,19860000000.0,0.84,1005.53
2017-07-25,1005.53,1002.23,1006.36,1000.89,1220000000.0,0.46,998.19,1001.81,1002.79,993.31,4260000000.0,-0.11,994.35,986.69,1003.26,982.82,19860000000.0,0.84,1007.28
2017-07-26,1007.28,1006.47,1009.21,1005.18,945630000.0,0.17,998.19,1001.81,1002.79,993.31,4260000000.0,-0.11,994.35,986.69,1003.26,982.82,19860000000.0,0.84,1007.08
2017-07-27,1007.08,1008.35,1008.75,1004.22,707690000.0,-0.02,998.19,1001.81,1002.79,993.31,4260000000.0,-0.11,994.35,986.69,1003.26,982.82,19860000000.0,0.84,1003.96
2017-07-31,1003.96,1007.39,1007.97,998.29,1030000000.0,-0.31,1007.08,998.74,1009.21,998.34,3660000000.0,0.89,994.35,986.69,1003.26,982.82,19860000000.0,0.84,1002.77
2017-08-01,1002.77,1001.85,1004.96,999.3,842530000.0,-0.12,1007.08,998.74,1009.21,998.34,3660000000.0,0.89,1003.96,996.76,1009.21,988.87,16530000000.000002,0.97,1004.88
2017-08-02,1004.88,1005.83,1006.72,1002.59,905850000.0,0.21,1007.08,998.74,1009.21,998.34,3660000000.0,0.89,1003.96,996.76,1009.21,988.87,16530000000.000002,0.97,1002.69
2017-08-03,1002.69,1004.5,1006.96,1002.24,588860000.0,-0.22,1007.08,998.74,1009.21,998.34,3660000000.0,0.89,1003.96,996.76,1009.21,988.87,16530000000.000002,0.97,1002.19
2017-08-04,1002.19,1004.31,1005.35,1001.23,678830000.0,-0.05,1007.08,998.74,1009.21,998.34,3660000000.0,0.89,1003.96,996.76,1009.21,988.87,16530000000.000002,0.97,999.79
2017-08-07,999.79,1002.16,1003.2,998.38,661670000.0,-0.24,1002.19,1007.39,1007.97,998.29,4050000000.0,-0.49,1003.96,996.76,1009.21,988.87,16530000000.000002,0.97,1002.4
2017-08-08,1002.4,1000.98,1004.29,999.16,672710000.0,0.26,1002.19,1007.39,1007.97,998.29,4050000000.0,-0.49,1003.96,996.76,1009.21,988.87,16530000000.000002,0.97,999.47
2017-08-09,999.47,1002.63,1002.95,997.37,535940000.00000006,-0.29,1002.19,1007.39,1007.97,998.29,4050000000.0,-0.49,1003.96,996.76,1009.21,988.87,16530000000.000002,0.97,1000.34
2017-08-10,1000.34,1000.01,1001.73,996.2,615580000.0,0.09,1002.19,1007.39,1007.97,998.29,4050000000.0,-0.49,1003.96,996.76,1009.21,988.87,16530000000.000002,0.97,995.06
2017-08-11,995.06,997.47,998.07,991.42,884070000.0,-0.53,1002.19,1007.39,1007.97,998.29,4050000000.0,-0.49,1003.96,996.76,1009.21,988.87,16530000000.000002,0.97,999.16
2017-08-15,999.16,1000.08,1002.91,997.6,762350000.0,0.41,995.06,1002.16,1004.29,991.42,3370000000.0,-0.71,1003.96,996.76,1009.21,988.87,16530000000.000002,0.97,998.51
2017-08-16,998.51,998.13,999.71,995.02,923590000.0,-0.07,995.06,1002.16,1004.29,991.42,3370000000.0,-0.71,1003.96,996.76,1009.21,988.87,16530000000.000002,0.97,997.78
2017-08-17,997.78,999.45,1000.25,995.82,1280000000.0,-0.07,995.06,1002.16,1004.29,991.42,3370000000.0,-0.71,1003.96,996.76,1009.21,988.87,16530000000.000002,0.97,996.7
2017-08-18,996.7,996.55,998.4,994.05,860090000.0,-0.11,995.06,1002.16,1004.29,991.42,3370000000.0,-0.71,1003.96,996.76,1009.21,988.87,16530000000.000002,0.97,999.27
2017-08-21,999.27,998.7,1001.06,997.36,724450000.0,0.26,996.7,1000.08,1002.91,994.05,3830000000.0,0.16,1003.96,996.76,1009.21,988.87,16530000000.000002,0.97,1001.85
2017-08-22,1001.85,1000.97,1003.14,999.13,778430000.0,0.26,996.7,1000.08,1002.91,994.05,3830000000.0,0.16,1003.96,996.76,1009.21,988.87,16530000000.000002,0.97,1001.51
2017-08-23,1001.51,1003.1,1004.21,998.78,661890000.0,-0.03,996.7,1000.08,1002.91,994.05,3830000000.0,0.16,1003.96,996.76,1009.21,988.87,16530000000.000002,0.97,1003.56
2017-08-24,1003.56,1003.3,1005.06,1000.84,906790000.0,0.2,996.7,1000.08,1002.91,994.05,3830000000.0,0.16,1003.96,996.76,1009.21,988.87,16530000000.000002,0.97,1003.17
2017-08-25,1003.17,1003.81,1005.44,999.97,731330000.0,-0.04,996.7,1000.08,1002.91,994.05,3830000000.0,0.16,1003.96,996.76,1009.21,988.87,16530000000.000002,0.97,1010.57
2017-08-28,1010.57,1006.23,1013.78,1004.6,1190000000.0,0.74,1003.17,998.7,1005.44,997.36,3800000000.0,0.65,1003.96,996.76,1009.21,988.87,16530000000.000002,0.97,1034.76
2017-08-29,1034.76,1011.65,1038.13,1010.4,2360000000.0,2.39,1003.17,998.7,1005.44,997.36,3800000000.0,0.65,1003.96,996.76,1009.21,988.87,16530000000.000002,0.97,1034.65
2017-08-30,1034.65,1037.19,1044.36,1032.32,1310000000.0,-0.01,1003.17,998.7,1005.44,997.36,3800000000.0,0.65,1003.96,996.76,1009.21,988.87,16530000000.000002,0.97,1034.29
2017-08-31,1034.29,1031.96,1034.38,1028.29,1340000000.0,-0.03,1003.17,998.7,1005.44,997.36,3800000000.0,0.65,1003.96,996.76,1009.21,988.87,16530000000.000002,0.97,1033.85
2017-09-01,1033.85,1037.25,1038.85,1032.48,728340000.0,-0.04,1003.17,998.7,1005.44,997.36,3800000000.0,0.65,1034.29,1001.85,1044.36,991.42,20220000000.0,3.02,1033.9
2017-09-04,1033.9,1032.8,1034.92,1029.63,870350000.0,0.0,1033.85,1006.23,1044.36,1004.6,6930000000.0,3.06,1034.29,1001.85,1044.36,991.42,20220000000.0,3.02,1033.79
2017-09-05,1033.79,1034.74,1036.1,1030.63,1110000000.0,-0.01,1033.85,1006.23,1044.36,1004.6,6930000000.0,3.06,1034.29,1001.85,1044.36,991.42,20220000000.0,3.02,1033.92
2017-09-06,1033.92,1033.54,1034.08,1029.1,1310000000.0,0.01,1033.85,1006.23,1044.36,1004.6,6930000000.0,3.06,1034.29,1001.85,1044.36,991.42,20220000000.0,3.02,1041.78
2017-09-07,1041.78,1035.33,1043.04,1033.59,1490000000.0,0.76,1033.85,1006.23,1044.36,1004.6,6930000000.0,3.06,1034.29,1001.85,1044.36,991.42,20220000000.0,3.02,1046.26
2017-09-08,1046.26,1046.67,1054.7,1044.8,1740000000.0,0.43,1033.85,1006.23,1044.36,1004.6,6930000000.0,3.06,1034.29,1001.85,1044.36,991.42,20220000000.0,3.02,1047.31
2017-09-11,1047.31,1046.99,1051.51,1044.95,1170000000.0,0.1,1046.26,1032.8,1054.7,1029.1,6530000000.0,1.2,1034.29,1001.85,1044.36,991.42,20220000000.0,3.02,1050.24
2017-09-12,1050.24,1050.12,1052.9,1046.95,1130000000.0,0.28,1046.26,1032.8,1054.7,1029.1,6530000000.0,1.2,1034.29,1001.85,1044.36,991.42,20220000000.0,3.02,1049.16
2017-09-13,1049.16,1052.59,1055.76,1047.62,1370000000.0,-0.1,1046.26,1032.8,1054.7,1029.1,6530000000.0,1.2,1034.29,1001.85,1044.36,991.42,20220000000.0,3.02,1062.29
2017-09-14,1062.29,1051.39,1064.66,1049.53,1690000000.0,1.25,1046.26,1032.8,1054.7,1029.1,6530000000.0,1.2,1034.29,1001.85,1044.36,991.42,20220000000.0,3.02,1064.27
2017-09-15,1064.27,1062.62,1065.42,1058.04,1420000000.0,0.19,1046.26,1032.8,1054.7,1029.1,6530000000.0,1.2,1034.29,1001.85,1044.36,991.42,20220000000.0,3.02,1074.16
2017-09-18,1074.16,1066.64,1079.83,1066.17,2000000000.0,0.93,1064.27,1046.99,1065.42,1044.95,6780000000.0,1.72,1034.29,1001.85,1044.36,991.42,20220000000.0,3.02,1075.89
2017-09-19,1075.89,1075.6,1077.94,1068.0,1640000000.0,0.16,1064.27,1046.99,1065.42,1044.95,6780000000.0,1.72,1034.29,1001.85,1044.36,991.42,20220000000.0,3.02,1072.61
2017-09-20,1072.61,1074.21,1076.71,1067.81,1280000000.0,-0.3,1064.27,1046.99,1065.42,1044.95,6780000000.0,1.72,1034.29,1001.85,1044.36,991.42,20220000000.0,3.02,1070.39
2017-09-21,1070.39,1072.55,1075.99,1069.83,834530000.0,-0.21,1064.27,1046.99,1065.42,1044.95,6780000000.0,1.72,1034.29,1001.85,1044.36,991.42,20220000000.0,3.02,1061.16
2017-09-22,1061.16,1066.47,1070.01,1060.64,1330000000.0,-0.86,1064.27,1046.99,1065.42,1044.95,6780000000.0,1.72,1034.29,1001.85,1044.36,991.42,20220000000.0,3.02,1067.41
2017-09-25,1067.41,1062.45,1068.74,1059.45,1040000000.0,0.59,1061.16,1066.64,1079.83,1060.64,7080000000.0,-0.29,1034.29,1001.85,1044.36,991.42,20220000000.0,3.02,1069.07
2017-09-26,1069.07,1070.36,1073.28,1067.41,1020000000.0,0.16,1061.16,1066.64,1079.83,1060.64,7080000000.0,-0.29,1034.29,1001.85,1044.36,991.42,20220000000.0,3.02,1070.45
2017-09-27,1070.45,1069.4,1073.75,1063.8,1270000000.0,0.13,1061.16,1066.64,1079.83,1060.64,7080000000.0,-0.29,1034.29,1001.85,1044.36,991.42,20220000000.0,3.02,1066.16
2017-09-28,1066.16,1071.61,1073.23,1061.07,1170000000.0,-0.4,1061.16,1066.64,1079.83,1060.64,7080000000.0,-0.29,1034.29,1001.85,1044.36,991.42,20220000000.0,3.02,1068.92
2017-09-29,1068.92,1065.98,1072.06,1063.62,1050000000.0,0.26,1061.16,1066.64,1079.83,1060.64,7080000000.0,-0.29,1034.29,1001.85,1044.36,991.42,20220000000.0,3.02,1081.51
2017-10-02,1081.51,1071.88,1083.11,1071.65,1280000000.0,1.18,1068.92,1062.45,1073.75,1059.45,5550000000.0,0.73,1068.92,1037.25,1079.83,1029.1,26670000000.0,3.35,1081.07
2017-10-03,1081.07,1083.51,1084.35,1077.81,935760000.0,-0.04,1068.92,1062.45,1073.75,1059.45,5550000000.0,0.73,1068.92,1037.25,1079.83,1029.1,26670000000.0,3.35,1077.26
2017-10-04,1077.26,1083.73,1088.2,1074.65,1500000000.0,-0.35,1068.92,1062.45,1073.75,1059.45,5550000000.0,0.73,1068.92,1037.25,1079.83,1029.1,26670000000.0,3.35,1077.91
2017-10-05,1077.91,1078.52,1080.81,1075.14,1200000000.0,0.06,1068.92,1062.45,1073.75,1059.45,5550000000.0,0.73,1068.92,1037.25,1079.83,1029.1,26670000000.0,3.35,1081.63
2017-10-06,1081.63,1082.07,1085.89,1079.69,1310000000.0,0.35,1068.92,1062.45,1073.75,1059.45,5550000000.0,0.73,1068.92,1037.25,1079.83,1029.1,26670000000.0,3.35,1079.82
2017-10-09,1079.82,1082.86,1084.97,1079.15,776380000.0,-0.17,1081.63,1071.88,1088.2,1071.65,6230000000.0,1.19,1068.92,1037.25,1079.83,1029.1,26670000000.0,3.35,1092.02
2017-10-10,1092.02,1081.33,1093.5,1076.7,1380000000.0,1.13,1081.63,1071.88,1088.2,1071.65,6230000000.0,1.19,1068.92,1037.25,1079.83,1029.1,26670000000.0,3.35,1096.64
2017-10-11,1096.64,1097.65,1100.37,1093.72,1380000000.0,0.42,1081.63,1071.88,1088.2,1071.65,6230000000.0,1.19,1068.92,1037.25,1079.83,1029.1,26670000000.0,3.35,1094.33
2017-10-12,1094.33,1099.16,1100.66,1091.87,1170000000.0,-0.21,1081.63,1071.88,1088.2,1071.65,6230000000.0,1.19,1068.92,1037.25,1079.83,1029.1,26670000000.0,3.35,1105.49
2017-10-16,1105.49,1100.18,1107.12,1099.44,1270000000.0,1.02,1094.33,1082.86,1100.66,1076.7,4710000000.0,1.17,1068.92,1037.25,1079.83,1029.1,26670000000.0,3.35,1104.72
2017-10-17,1104.72,1105.2,1107.69,1100.02,1630000000.0,-0.07,1094.33,1082.86,1100.66,1076.7,4710000000.0,1.17,1068.92,1037.25,1079.83,1029.1,26670000000.0,3.35,1092.55
2017-10-18,1092.55,1103.79,1103.94,1091.67,1180000000.0,-1.1,1094.33,1082.86,1100.66,1076.7,4710000000.0,1.17,1068.92,1037.25,1079.83,1029.1,26670000000.0,3.35,1074.37
2017-10-19,1074.37,1091.8,1094.64,1072.75,1480000000.0,-1.66,1094.33,1082.86,1100.66,1076.7,4710000000.0,1.17,1068.92,1037.25,1079.83,1029.1,26670000000.0,3.35,1079.07
2017-10-20,1079.07,1066.12,1082.21,1065.27,1500000000.0,0.44,1094.33,1082.86,1100.66,1076.7,4710000000.0,1.17,1068.92,1037.25,1079.83,1029.1,26670000000.0,3.35,1082.98
2017-10-24,1082.98,1080.11,1087.1,1077.81,788080000.0,0.36,1079.07,1100.18,1107.69,1065.27,7040000000.0,-1.39,1068.92,1037.25,1079.83,1029.1,26670000000.0,3.35,1086.25
2017-10-25,1086.25,1087.59,1089.75,1083.73,768030000.0,0.3,1079.07,1100.18,1107.69,1065.27,7040000000.0,-1.39,1068.92,1037.25,1079.83,1029.1,26670000000.0,3.35,1090.66
2017-10-27,1090.66,1088.22,1096.06,1087.91,886460000.0,0.41,1079.07,1100.18,1107.69,1065.27,7040000000.0,-1.39,1068.92,1037.25,1079.83,1029.1,26670000000.0,3.35,1093.45
2017-10-30,1093.45,1093.21,1097.2,1081.64,1020000000.0,0.26,1090.66,1080.11,1096.06,1077.81,2440000000.0,1.07,1068.92,1037.25,1079.83,1029.1,26670000000.0,3.35,1094.74
2017-10-31,1094.74,1095.63,1099.57,1092.81,1060000000.0,0.12,1090.66,1080.11,1096.06,1077.81,2440000000.0,1.07,1068.92,1037.25,1079.83,1029.1,26670000000.0,3.35,1089.13
2017-11-01,1089.13,1099.65,1100.46,1088.31,1250000000.0,-0.51,1090.66,1080.11,1096.06,1077.81,2440000000.0,1.07,1094.74,1071.88,1107.69,1065.27,22510000000.0,2.42,1079.45
2017-11-02,1079.45,1089.24,1090.02,1079.41,1200000000.0,-0.89,1090.66,1080.11,1096.06,1077.81,2440000000.0,1.07,1094.74,1071.88,1107.69,1065.27,22510000000.0,2.42,1078.5
2017-11-03,1078.5,1083.0,1083.4,1076.09,1110000000.0,-0.09,1090.66,1080.11,1096.06,1077.81,2440000000.0,1.07,1094.74,1071.88,1107.69,1065.27,22510000000.0,2.42,1086.33
2017-11-06,1086.33,1079.68,1087.0,1073.89,1040000000.0,0.73,1078.5,1093.21,1100.46,1076.09,5650000000.0,-1.11,1094.74,1071.88,1107.69,1065.27,22510000000.0,2.42,1087.89
2017-11-07,1087.89,1089.43,1092.91,1086.55,907880000.0,0.14,1078.5,1093.21,1100.46,1076.09,5650000000.0,-1.11,1094.74,1071.88,1107.69,1065.27,22510000000.0,2.42,1089.02
2017-11-08,1089.02,1089.07,1092.77,1085.41,927120000.0,0.1,1078.5,1093.21,1100.46,1076.09,5650000000.0,-1.11,1094.74,1071.88,1107.69,1065.27,22510000000.0,2.42,1081.52
2017-11-09,1081.52,1091.7,1092.1,1080.33,917620000.0,-0.69,1078.5,1093.21,1100.46,1076.09,5650000000.0,-1.11,1094.74,1071.88,1107.69,1065.27,22510000000.0,2.42,1072.97
2017-11-10,1072.97,1081.15,1082.88,1072.31,986660000.0,-0.79,1078.5,1093.21,1100.46,1076.09,5650000000.0,-1.11,1094.74,1071.88,1107.69,1065.27,22510000000.0,2.42,1072.23
2017-11-13,1072.23,1070.79,1075.19,1066.35,825330000.0,-0.07,1072.97,1079.68,1092.91,1072.31,4780000000.0,-0.51,1094.74,1071.88,1107.69,1065.27,22510000000.0,2.42,1083.79
2017-11-14,1083.79,1074.56,1085.88,1071.21,827050000.0,1.08,1072.97,1079.68,1092.91,1072.31,4780000000.0,-0.51,1094.74,1071.88,1107.69,1065.27,22510000000.0,2.42,1075.03
2017-11-15,1075.03,1081.88,1082.88,1073.46,1040000000.0,-0.81,1072.97,1079.68,1092.91,1072.31,4780000000.0,-0.51,1094.74,1071.88,1107.69,1065.27,22510000000.0,2.42,1076.63
2017-11-16,1076.63,1076.94,1081.46,1076.38,1680000000.0,0.15,1072.97,1079.68,1092.91,1072.31,4780000000.0,-0.51,1094.74,1071.88,1107.69,1065.27,22510000000.0,2.42,1089.23
2017-11-17,1089.23,1084.38,1091.03,1080.43,1060000000.0,1.17,1072.97,1079.68,1092.91,1072.31,4780000000.0,-0.51,1094.74,1071.88,1107.69,1065.27,22510000000.0,2.42,1090.86
2017-11-20,1090.86,1092.98,1094.73,1089.87,734790000.0,0.15,1089.23,1070.79,1091.03,1066.35,5430000000.0,1.52,1094.74,1071.88,1107.69,1065.27,22510000000.0,2.42,1089.93
2017-11-21,1089.93,1092.91,1094.59,1086.96,1080000000.0,-0.09,1089.23,1070.79,1091.03,1066.35,5430000000.0,1.52,1094.74,1071.88,1107.69,1065.27,22510000000.0,2.42,1092.94
2017-11-22,1092.94,1093.87,1099.45,1091.5,896200000.0,0.28,1089.23,1070.79,1091.03,1066.35,5430000000.0,1.52,1094.74,1071.88,1107.69,1065.27,22510000000.0,2.42,1090.3
2017-11-23,1090.3,1095.19,1096.91,1089.57,1010000000.0,-0.24,1089.23,1070.79,1091.03,1066.35,5430000000.0,1.52,1094.74,1071.88,1107.69,1065.27,22510000000.0,2.42,1083.7
2017-11-24,1083.7,1089.36,1092.14,1080.15,1370000000.0,-0.61,1089.23,1070.79,1091.03,1066.35,5430000000.0,1.52,1094.74,1071.88,1107.69,1065.27,22510000000.0,2.42,1084.57
2017-11-27,1084.57,1081.72,1085.57,1078.19,761680000.0,0.08,1083.7,1092.98,1099.45,1080.15,5100000000.0,-0.51,1094.74,1071.88,1107.69,1065.27,22510000000.0,2.42,1091.06
2017-11-28,1091.06,1084.4,1091.06,1083.93,953870000.0,0.6,1083.7,1092.98,1099.45,1080.15,5100000000.0,-0.51,1094.74,1071.88,1107.69,1065.27,22510000000.0,2.42,1091.68
2017-11-29,1091.68,1093.12,1098.11,1090.3,1200000000.0,0.06,1083.7,1092.98,1099.45,1080.15,5100000000.0,-0.51,1094.74,1071.88,1107.69,1065.27,22510000000.0,2.42,1085.86
2017-11-30,1085.86,1088.97,1093.75,1082.86,1170000000.0,-0.53,1083.7,1092.98,1099.45,1080.15,5100000000.0,-0.51,1094.74,1071.88,1107.69,1065.27,22510000000.0,2.42,1089.24
2017-12-01,1089.24,1091.57,1092.82,1085.9,1110000000.0,0.31,1083.7,1092.98,1099.45,1080.15,5100000000.0,-0.51,1085.86,1099.65,1100.46,1066.35,22970000000.0,-0.81,1090.4
2017-12-04,1090.4,1093.58,1094.79,1086.33,695690000.0,0.11,1089.24,1081.72,1098.11,1078.19,5200000000.0,0.51,1085.86,1099.65,1100.46,1066.35,22970000000.0,-0.81,1090.79
2017-12-06,1090.79,1088.21,1091.26,1082.71,904250000.0,0.04,1089.24,1081.72,1098.11,1078.19,5200000000.0,0.51,1085.86,1099.65,1100.46,1066.35,22970000000.0,-0.81,1098.08
2017-12-07,1098.08,1090.44,1098.08,1087.66,899590000.0,0.67,1089.24,1081.72,1098.11,1078.19,5200000000.0,0.51,1085.86,1099.65,1100.46,1066.35,22970000000.0,-0.81,1100.68
2017-12-08,1100.68,1100.24,1105.04,1097.44,945580000.0,0.24,1089.24,1081.72,1098.11,1078.19,5200000000.0,0.51,1085.86,1099.65,1100.46,1066.35,22970000000.0,-0.81,1101.36
2017-12-12,1101.36,1103.0,1104.83,1098.7,739720000.0,0.06,1100.68,1093.58,1105.04,1082.71,3450000000.0,1.05,1085.86,1099.65,1100.46,1066.35,22970000000.0,-0.81,1104.15
2017-12-13,1104.15,1102.69,1106.29,1100.85,836790000.0,0.25,1100.68,1093.58,1105.04,1082.71,3450000000.0,1.05,1085.86,1099.65,1100.46,1066.35,22970000000.0,-0.81,1111.49
2017-12-14,1111.49,1105.79,1111.55,1103.71,827030000.0,0.66,1100.68,1093.58,1105.04,1082.71,3450000000.0,1.05,1085.86,1099.65,1100.46,1066.35,22970000000.0,-0.81,1113.3
2017-12-15,1113.3,1110.35,1113.55,1106.92,1030000000.0,0.16,1100.68,1093.58,1105.04,1082.71,3450000000.0,1.05,1085.86,1099.65,1100.46,1066.35,22970000000.0,-0.81,1117.82
2017-12-18,1117.82,1115.33,1120.45,1112.69,948640000.0,0.41,1113.3,1103.0,1113.55,1098.7,3430000000.0,1.15,1085.86,1099.65,1100.46,1066.35,22970000000.0,-0.81,1122.3
2017-12-19,1122.3,1119.87,1125.79,1119.2,1300000000.0,0.4,1113.3,1103.0,1113.55,1098.7,3430000000.0,1.15,1085.86,1099.65,1100.46,1066.35,22970000000.0,-0.81,1126.23
2017-12-20,1126.23,1122.98,1127.37,1118.73,1080000000.0,0.35,1113.3,1103.0,1113.55,1098.7,3430000000.0,1.15,1085.86,1099.65,1100.46,1066.35,22970000000.0,-0.81,1124.57
2017-12-21,1124.57,1126.95,1128.66,1122.86,751380000.0,-0.15,1113.3,1103.0,1113.55,1098.7,3430000000.0,1.15,1085.86,1099.65,1100.46,1066.35,22970000000.0,-0.81,1128.48
2017-12-22,1128.48,1126.11,1130.42,1123.05,873420000.0,0.35,1113.3,1103.0,1113.55,1098.7,3430000000.0,1.15,1085.86,1099.65,1100.46,1066.35,22970000000.0,-0.81,1135.7
2017-12-25,1135.7,1130.9,1137.99,1129.61,772370000.0,0.64,1128.48,1115.33,1130.42,1112.69,4950000000.0,1.36,1085.86,1099.65,1100.46,1066.35,22970000000.0,-0.81,1136.2
2017-12-26,1136.2,1135.62,1137.88,1129.15,758150000.0,0.04,1128.48,1115.33,1130.42,1112.69,4950000000.0,1.36,1085.86,1099.65,1100.46,1066.35,22970000000.0,-0.81,1136.92
2017-12-27,1136.92,1139.49,1145.14,1135.76,832130000.0,0.06,1128.48,1115.33,1130.42,1112.69,4950000000.0,1.36,1085.86,1099.65,1100.46,1066.35,22970000000.0,-0.81,1129.3
2017-12-28,1129.3,1139.05,1140.04,1123.4,1350000000.0,-0.67,1128.48,1115.33,1130.42,1112.69,4950000000.0,1.36,1085.86,1099.65,1100.46,1066.35,22970000000.0,-0.81,1135.14
2017-12-29,1135.14,1133.14,1136.54,1130.55,896640000.0,0.52,1128.48,1115.33,1130.42,1112.69,4950000000.0,1.36,1085.86,1099.65,1100.46,1066.35,22970000000.0,-0.81,1156.28
2018-01-03,1156.28,1139.7,1157.16,1138.2,2060000000.0,1.86,1135.14,1130.9,1145.14,1123.4,4610000000.0,0.59,1135.14,1091.57,1145.14,1082.71,17550000000.0,4.54,1167.29
2018-01-04,1167.29,1162.74,1167.8,1156.97,2110000000.0,0.95,1135.14,1130.9,1145.14,1123.4,4610000000.0,0.59,1135.14,1091.57,1145.14,1082.71,17550000000.0,4.54,1167.18
2018-01-05,1167.18,1169.49,1173.9,1163.09,1830000000.0,-0.01,1135.14,1130.9,1145.14,1123.4,4610000000.0,0.59,1135.14,1091.57,1145.14,1082.71,17550000000.0,4.54,1163.72
2018-01-08,1163.72,1168.99,1179.54,1163.72,1560000000.0,-0.3,1167.18,1139.7,1173.9,1138.2,6000000000.0,2.82,1135.14,1091.57,1145.14,1082.71,17550000000.0,4.54,1165.86
2018-01-09,1165.86,1164.6,1167.95,1156.48,1500000000.0,0.18,1167.18,1139.7,1173.9,1138.2,6000000000.0,2.82,1135.14,1091.57,1145.14,1082.71,17550000000.0,4.54,1164.68
2018-01-10,1164.68,1170.56,1175.28,1162.75,2250000000.0,-0.1,1167.18,1139.7,1173.9,1138.2,6000000000.0,2.82,1135.14,1091.57,1145.14,1082.71,17550000000.0,4.54,1170.56
2018-01-11,1170.56,1164.05,1171.7,1157.07,1550000000.0,0.5,1167.18,1139.7,1173.9,1138.2,6000000000.0,2.82,1135.14,1091.57,1145.14,1082.71,17550000000.0,4.54,1175.81
2018-01-12,1175.81,1176.1,1181.54,1174.8,1560000000.0,0.45,1167.18,1139.7,1173.9,1138.2,6000000000.0,2.82,1135.14,1091.57,1145.14,1082.71,17550000000.0,4.54,1188.44
2018-01-15,1188.44,1182.69,1191.78,1182.16,2020000000.0,1.07,1175.81,1168.99,1181.54,1156.48,8430000000.0,0.74,1135.14,1091.57,1145.14,1082.71,17550000000.0,4.54,1187.02
2018-01-16,1187.02,1194.16,1195.19,1184.83,1520000000.0,-0.12,1175.81,1168.99,1181.54,1156.48,8430000000.0,0.74,1135.14,1091.57,1145.14,1082.71,17550000000.0,4.54,1189.89
2018-01-17,1189.89,1184.66,1190.65,1181.69,1700000000.0,0.24,1175.81,1168.99,1181.54,1156.48,8430000000.0,0.74,1135.14,1091.57,1145.14,1082.71,17550000000.0,4.54,1182.7
2018-01-18,1182.7,1194.53,1195.75,1182.65,1830000000.0,-0.6,1175.81,1168.99,1181.54,1156.48,8430000000.0,0.74,1135.14,1091.57,1145.14,1082.71,17550000000.0,4.54,1183.6
2018-01-19,1183.6,1178.63,1183.6,1170.95,2000000000.0,0.08,1175.81,1168.99,1181.54,1156.48,8430000000.0,0.74,1135.14,1091.57,1145.14,1082.71,17550000000.0,4.54,1185.78
2018-01-22,1185.78,1182.14,1189.08,1178.78,1170000000.0,0.18,1183.6,1182.69,1195.75,1170.95,9070000000.0,0.66,1135.14,1091.57,1145.14,1082.71,17550000000.0,4.54,1192.74
2018-01-23,1192.74,1190.69,1195.6,1186.67,1830000000.0,0.59,1183.6,1182.69,1195.75,1170.95,9070000000.0,0.66,1135.14,1091.57,1145.14,1082.71,17550000000.0,4.54,1195.6
2018-01-24,1195.6,1191.27,1197.75,1189.01,1450000000.0,0.24,1183.6,1182.69,1195.75,1170.95,9070000000.0,0.66,1135.14,1091.57,1145.14,1082.71,17550000000.0,4.54,1181.56
2018-01-25,1181.56,1198.88,1202.06,1181.56,2090000000.0,-1.17,1183.6,1182.69,1195.75,1170.95,9070000000.0,0.66,1135.14,1091.57,1145.14,1082.71,17550000000.0,4.54,1189.45
2018-01-26,1189.45,1182.41,1189.85,1173.81,2010000000.0,0.67,1183.6,1182.69,1195.75,1170.95,9070000000.0,0.66,1135.14,1091.57,1145.14,1082.71,17550000000.0,4.54,1195.46
2018-01-29,1195.46,1194.95,1197.76,1190.74,1230000000.0,0.51,1189.45,1182.14,1202.06,1173.81,8550000000.000001,0.49,1135.14,1091.57,1145.14,1082.71,17550000000.0,4.54,1186.17
2018-01-30,1186.17,1192.89,1193.78,1182.6,1510000000.0,-0.78,1189.45,1182.14,1202.06,1173.81,8550000000.000001,0.49,1135.14,1091.57,1145.14,1082.71,17550000000.0,4.54,1186.16
2018-01-31,1186.16,1181.83,1192.44,1180.36,1380000000.0,0.0,1189.45,1182.14,1202.06,1173.81,8550000000.000001,0.49,1135.14,1091.57,1145.14,1082.71,17550000000.0,4.54,1191.83
2018-02-01,1191.83,1191.58,1194.61,1188.21,1310000000.0,0.48,1189.45,1182.14,1202.06,1173.81,8550000000.000001,0.49,1186.16,1139.7,1202.06,1138.2,36170000000.0,4.49,1188.12
2018-02-02,1188.12,1195.82,1198.35,1184.14,1530000000.0,-0.31,1189.45,1182.14,1202.06,1173.81,8550000000.000001,0.49,1186.16,1139.7,1202.06,1138.2,36170000000.0,4.49,1175.46
2018-02-05,1175.46,1168.66,1179.18,1167.74,2700000000.0,-1.07,1188.12,1194.95,1198.35,1180.36,6960000000.0,-0.11,1186.16,1139.7,1202.06,1138.2,36170000000.0,4.49,1161.67
2018-02-06,1161.67,1151.47,1164.18,1140.37,3030000000.0,-1.17,1188.12,1194.95,1198.35,1180.36,6960000000.0,-0.11,1186.16,1139.7,1202.06,1138.2,36170000000.0,4.49,1159.01
2018-02-07,1159.01,1170.19,1172.46,1156.18,1630000000.0,-0.23,1188.12,1194.95,1198.35,1180.36,6960000000.0,-0.11,1186.16,1139.7,1202.06,1138.2,36170000000.0,4.49,1156.96
2018-02-08,1156.96,1159.55,1165.05,1154.11,1210000000.0,-0.18,1188.12,1194.95,1198.35,1180.36,6960000000.0,-0.11,1186.16,1139.7,1202.06,1138.2,36170000000.0,4.49,1154.71
2018-02-09,1154.71,1143.32,1157.25,1142.57,1360000000.0,-0.19,1188.12,1194.95,1198.35,1180.36,6960000000.0,-0.11,1186.16,1139.7,1202.06,1138.2,36170000000.0,4.49,1163.81
2018-02-12,1163.81,1156.89,1164.11,1153.98,953430000.0,0.79,1154.71,1168.66,1179.18,1140.37,9930000000.0,-2.81,1186.16,1139.7,1202.06,1138.2,36170000000.0,4.49,1164.95
2018-02-13,1164.95,1167.6,1168.59,1162.24,1220000000.0,0.1,1154.71,1168.66,1179.18,1140.37,9930000000.0,-2.81,1186.16,1139.7,1202.06,1138.2,36170000000.0,4.49,1160.09
2018-02-14,1160.09,1169.04,1169.87,1159.98,1020000000.0,-0.42,1154.71,1168.66,1179.18,1140.37,9930000000.0,-2.81,1186.16,1139.7,1202.06,1138.2,36170000000.0,4.49,1168.97
2018-02-15,1168.97,1166.48,1170.0,1161.26,711900000.0,0.77,1154.71,1168.66,1179.18,1140.37,9930000000.0,-2.81,1186.16,1139.7,1202.06,1138.2,36170000000.0,4.49,1171.83
2018-02-16,1171.83,1171.85,1174.72,1169.23,644340000.0,0.24,1154.71,1168.66,1179.18,1140.37,9930000000.0,-2.81,1186.16,1139.7,1202.06,1138.2,36170000000.0,4.49,1174.97
2018-02-19,1174.97,1176.5,1181.3,1174.15,954310000.0,0.27,1171.83,1156.89,1174.72,1153.98,4540000000.0,1.48,1186.16,1139.7,1202.06,1138.2,36170000000.0,4.49,1169.1
2018-02-20,1169.1,1176.1,1178.52,1168.8,882910000.0,-0.5,1171.83,1156.89,1174.72,1153.98,4540000000.0,1.48,1186.16,1139.7,1202.06,1138.2,36170000000.0,4.49,1173.75
2018-02-21,1173.75,1178.1,1180.27,1170.06,3040000000.0,0.4,1171.83,1156.89,1174.72,1153.98,4540000000.0,1.48,1186.16,1139.7,1202.06,1138.2,36170000000.0,4.49,1171.45
2018-02-22,1171.45,1174.35,1181.76,1170.21,1540000000.0,-0.2,1171.83,1156.89,1174.72,1153.98,4540000000.0,1.48,1186.16,1139.7,1202.06,1138.2,36170000000.0,4.49,1183.47
2018-02-23,1183.47,1175.55,1184.93,1171.66,1090000000.0,1.03,1171.83,1156.89,1174.72,1153.98,4540000000.0,1.48,1186.16,1139.7,1202.06,1138.2,36170000000.0,4.49,1206.31
2018-02-26,1206.31,1185.73,1206.38,1183.57,1350000000.0,1.93,1183.47,1176.5,1184.93,1168.8,7500000000.0,0.99,1186.16,1139.7,1202.06,1138.2,36170000000.0,4.49,1205.9
2018-02-27,1205.9,1212.54,1223.67,1205.8,2090000000.0,-0.03,1183.47,1176.5,1184.93,1168.8,7500000000.0,0.99,1186.16,1139.7,1202.06,1138.2,36170000000.0,4.49,1205.57
2018-02-28,1205.57,1204.59,1214.22,1201.77,1430000000.0,-0.03,1183.47,1176.5,1184.93,1168.8,7500000000.0,0.99,1186.16,1139.7,1202.06,1138.2,36170000000.0,4.49,1193.17
2018-03-02,1193.17,1197.88,1201.62,1188.45,1400000000.0,-1.03,1183.47,1176.5,1184.93,1168.8,7500000000.0,0.99,1205.57,1191.58,1223.67,1140.37,29700000000.0,1.64,1189.54
2018-03-05,1189.54,1192.54,1195.81,1176.61,1180000000.0,-0.3,1193.17,1185.73,1223.67,1183.57,6280000000.0,0.82,1205.57,1191.58,1223.67,1140.37,29700000000.0,1.64,1182.24
2018-03-06,1182.24,1190.99,1196.52,1179.96,1770000000.0,-0.61,1193.17,1185.73,1223.67,1183.57,6280000000.0,0.82,1205.57,1191.58,1223.67,1140.37,29700000000.0,1.64,1170.0
2018-03-07,1170.0,1180.04,1181.08,1168.85,1520000000.0,-1.04,1193.17,1185.73,1223.67,1183.57,6280000000.0,0.82,1205.57,1191.58,1223.67,1140.37,29700000000.0,1.64,1169.75
2018-03-08,1169.75,1173.54,1182.05,1164.22,1420000000.0,-0.02,1193.17,1185.73,1223.67,1183.57,6280000000.0,0.82,1205.57,1191.58,1223.67,1140.37,29700000000.0,1.64,1172.17
2018-03-09,1172.17,1175.16,1176.5,1162.09,1300000000.0,0.21,1193.17,1185.73,1223.67,1183.57,6280000000.0,0.82,1205.57,1191.58,1223.67,1140.37,29700000000.0,1.64,1190.66
2018-03-12,1190.66,1183.58,1190.66,1178.45,1660000000.0,1.58,1172.17,1192.54,1196.52,1162.09,7180000000.0,-1.76,1205.57,1191.58,1223.67,1140.37,29700000000.0,1.64,1195.91
2018-03-13,1195.91,1187.79,1196.0,1184.3,1990000000.0,0.44,1172.17,1192.54,1196.52,1162.09,7180000000.0,-1.76,1205.57,1191.58,1223.67,1140.37,29700000000.0,1.64,1195.41
2018-03-14,1195.41,1192.35,1199.66,1190.48,2020000000.0,-0.04,1172.17,1192.54,1196.52,1162.09,7180000000.0,-1.76,1205.57,1191.58,1223.67,1140.37,29700000000.0,1.64,1195.26
2018-03-15,1195.26,1196.52,1200.41,1191.51,2050000000.0,-0.01,1172.17,1192.54,1196.52,1162.09,7180000000.0,-1.76,1205.57,1191.58,1223.67,1140.37,29700000000.0,1.64,1192.49
2018-03-16,1192.49,1191.6,1197.15,1188.92,1470000000.0,-0.23,1172.17,1192.54,1196.52,1162.09,7180000000.0,-1.76,1205.57,1191.58,1223.67,1140.37,29700000000.0,1.64,1184.63
2018-03-19,1184.63,1192.99,1193.37,1183.14,1200000000.0,-0.66,1192.49,1183.58,1200.41,1178.45,9200000000.0,1.73,1205.57,1191.58,1223.67,1140.37,29700000000.0,1.64,1183.87
2018-03-20,1183.87,1180.51,1187.89,1179.17,1160000000.0,-0.06,1192.49,1183.58,1200.41,1178.45,9200000000.0,1.73,1205.57,1191.58,1223.67,1140.37,29700000000.0,1.64,1183.0
2018-03-21,1183.0,1189.53,1191.09,1180.94,1280000000.0,-0.07,1192.49,1183.58,1200.41,1178.45,9200000000.0,1.73,1205.57,1191.58,1223.67,1140.37,29700000000.0,1.64,1182.23
2018-03-22,1182.23,1189.31,1193.4,1180.58,942120000.0,-0.07,1192.49,1183.58,1200.41,1178.45,9200000000.0,1.73,1205.57,1191.58,1223.67,1140.37,29700000000.0,1.64,1181.86
2018-03-23,1181.86,1169.67,1181.86,1168.81,980330000.0,-0.03,1192.49,1183.58,1200.41,1178.45,9200000000.0,1.73,1205.57,1191.58,1223.67,1140.37,29700000000.0,1.64,1187.86
2018-03-26,1187.86,1183.3,1188.12,1179.77,659280000.0,0.51,1181.86,1192.99,1193.4,1168.81,5560000000.0,-0.89,1205.57,1191.58,1223.67,1140.37,29700000000.0,1.64,1188.1
2018-03-27,1188.1,1192.26,1193.82,1186.21,1350000000.0,0.02,1181.86,1192.99,1193.4,1168.81,5560000000.0,-0.89,1205.57,1191.58,1223.67,1140.37,29700000000.0,1.64,1177.92
2018-03-28,1177.92,1186.23,1190.44,1175.21,1170000000.0,-0.86,1181.86,1192.99,1193.4,1168.81,5560000000.0,-0.89,1205.57,1191.58,1223.67,1140.37,29700000000.0,1.64,1164.1
2018-03-29,1164.1,1176.58,1180.63,1156.01,2670000000.0,-1.17,1181.86,1192.99,1193.4,1168.81,5560000000.0,-0.89,1205.57,1191.58,1223.67,1140.37,29700000000.0,1.64,1171.79
2018-03-30,1171.79,1169.93,1173.48,1155.88,1740000000.0,0.66,1181.86,1192.99,1193.4,1168.81,5560000000.0,-0.89,1205.57,1191.58,1223.67,1140.37,29700000000.0,1.64,1175.24
2018-04-02,1175.24,1170.17,1176.41,1168.0,1060000000.0,0.29,1171.79,1183.3,1193.82,1155.88,7580000000.0,-0.85,1171.79,1197.88,1201.62,1155.88,30930000000.0,-2.8,1165.17
2018-04-03,1165.17,1168.17,1174.1,1163.11,1640000000.0,-0.86,1171.79,1183.3,1193.82,1155.88,7580000000.0,-0.85,1171.79,1197.88,1201.62,1155.88,30930000000.0,-2.8,1136.72
2018-04-04,1136.72,1166.24,1170.25,1136.63,2840000000.0,-2.44,1171.79,1183.3,1193.82,1155.88,7580000000.0,-0.85,1171.79,1197.88,1201.62,1155.88,30930000000.0,-2.8,1147.21
2018-04-05,1147.21,1144.85,1149.65,1136.17,1380000000.0,0.92,1171.79,1183.3,1193.82,1155.88,7580000000.0,-0.85,1171.79,1197.88,1201.62,1155.88,30930000000.0,-2.8,1159.0
2018-04-09,1159.0,1146.71,1160.26,1144.88,1300000000.0,1.03,1147.21,1170.17,1176.41,1136.17,6930000000.0,-2.1,1171.79,1197.88,1201.62,1155.88,30930000000.0,-2.8,1164.71
2018-04-10,1164.71,1163.28,1166.33,1153.66,1280000000.0,0.49,1147.21,1170.17,1176.41,1136.17,6930000000.0,-2.1,1171.79,1197.88,1201.62,1155.88,30930000000.0,-2.8,1164.07
2018-04-11,1164.07,1166.69,1170.4,1159.51,1130000000.0,-0.05,1147.21,1170.17,1176.41,1136.17,6930000000.0,-2.1,1171.79,1197.88,1201.62,1155.88,30930000000.0,-2.8,1166.38
2018-04-12,1166.38,1165.43,1169.78,1159.85,874480000.0,0.2,1147.21,1170.17,1176.41,1136.17,6930000000.0,-2.1,1171.79,1197.88,1201.62,1155.88,30930000000.0,-2.8,1157.32
2018-04-17,1157.32,1166.08,1167.83,1155.26,1100000000.0,-0.78,1166.38,1146.71,1170.4,1144.88,4580000000.0,1.67,1171.79,1197.88,1201.62,1155.88,30930000000.0,-2.8,1170.16
2018-04-18,1170.16,1161.69,1170.33,1160.65,1340000000.0,1.11,1166.38,1146.71,1170.4,1144.88,4580000000.0,1.67,1171.79,1197.88,1201.62,1155.88,30930000000.0,-2.8,1188.65
2018-04-19,1188.65,1174.94,1188.87,1173.69,1660000000.0,1.58,1166.38,1146.71,1170.4,1144.88,4580000000.0,1.67,1171.79,1197.88,1201.62,1155.88,30930000000.0,-2.8,1194.87
2018-04-20,1194.87,1190.12,1198.48,1183.67,1900000000.0,0.52,1166.38,1146.71,1170.4,1144.88,4580000000.0,1.67,1171.79,1197.88,1201.62,1155.88,30930000000.0,-2.8,1185.35
2018-04-23,1185.35,1194.25,1198.11,1184.94,1140000000.0,-0.8,1194.87,1166.08,1198.48,1155.26,6000000000.0,2.44,1171.79,1197.88,1201.62,1155.88,30930000000.0,-2.8,1183.41
2018-04-24,1183.41,1190.19,1196.94,1180.11,1590000000.0,-0.16,1194.87,1166.08,1198.48,1155.26,6000000000.0,2.44,1171.79,1197.88,1201.62,1155.88,30930000000.0,-2.8,1176.61
2018-04-25,1176.61,1177.38,1182.74,1170.91,1550000000.0,-0.57,1194.87,1166.08,1198.48,1155.26,6000000000.0,2.44,1171.79,1197.88,1201.62,1155.88,30930000000.0,-2.8,1171.85
2018-04-26,1171.85,1176.92,1181.37,1168.9,1120000000.0,-0.4,1194.87,1166.08,1198.48,1155.26,6000000000.0,2.44,1171.79,1197.88,1201.62,1155.88,30930000000.0,-2.8,1177.59
2018-04-27,1177.59,1175.37,1177.59,1167.44,1290000000.0,0.49,1194.87,1166.08,1198.48,1155.26,6000000000.0,2.44,1171.79,1197.88,1201.62,1155.88,30930000000.0,-2.8,1177.02
2018-04-30,1177.02,1179.9,1181.22,1174.86,988430000.0,-0.05,1177.59,1194.25,1198.11,1167.44,6690000000.0,-1.45,1171.79,1197.88,1201.62,1155.88,30930000000.0,-2.8,1186.26
2018-05-02,1186.26,1174.72,1186.26,1170.47,1280000000.0,0.79,1177.59,1194.25,1198.11,1167.44,6690000000.0,-1.45,1177.02,1170.17,1198.48,1136.17,25180000000.0,0.45,1184.62
2018-05-03,1184.62,1182.77,1191.14,1182.25,1330000000.0,-0.14,1177.59,1194.25,1198.11,1167.44,6690000000.0,-1.45,1177.02,1170.17,1198.48,1136.17,25180000000.0,0.45,1175.71
2018-05-04,1175.71,1182.33,1185.94,1174.11,1660000000.0,-0.75,1177.59,1194.25,1198.11,1167.44,6690000000.0,-1.45,1177.02,1170.17,1198.48,1136.17,25180000000.0,0.45,1176.49
2018-05-07,1176.49,1180.38,1183.88,1172.78,1320000000.0,0.07,1175.71,1179.9,1191.14,1170.47,5260000000.0,-0.16,1177.02,1170.17,1198.48,1136.17,25180000000.0,0.45,1161.46
2018-05-08,1161.46,1177.05,1178.09,1157.97,1830000000.0,-1.28,1175.71,1179.9,1191.14,1170.47,5260000000.0,-0.16,1177.02,1170.17,1198.48,1136.17,25180000000.0,0.45,1159.19
2018-05-09,1159.19,1162.18,1164.17,1154.82,1770000000.0,-0.2,1175.71,1179.9,1191.14,1170.47,5260000000.0,-0.16,1177.02,1170.17,1198.48,1136.17,25180000000.0,0.45,1153.5
2018-05-10,1153.5,1163.51,1164.44,1151.19,1340000000.0,-0.49,1175.71,1179.9,1191.14,1170.47,5260000000.0,-0.16,1177.02,1170.17,1198.48,1136.17,25180000000.0,0.45,1168.31
2018-05-11,1168.31,1155.09,1168.31,1151.94,1360000000.0,1.28,1175.71,1179.9,1191.14,1170.47,5260000000.0,-0.16,1177.02,1170.17,1198.48,1136.17,25180000000.0,0.45,1172.57
2018-05-14,1172.57,1171.31,1174.6,1168.78,1450000000.0,0.36,1168.31,1180.38,1183.88,1151.19,7620000000.0,-0.63,1177.02,1170.17,1198.48,1136.17,25180000000.0,0.45,1168.56
2018-05-15,1168.56,1172.79,1174.17,1162.58,1630000000.0,-0.34,1168.31,1180.38,1183.88,1151.19,7620000000.0,-0.63,1177.02,1170.17,1198.48,1136.17,25180000000.0,0.45,1156.63
2018-05-16,1156.63,1161.43,1164.55,1154.17,1630000000.0,-1.02,1168.31,1180.38,1183.88,1151.19,7620000000.0,-0.63,1177.02,1170.17,1198.48,1136.17,25180000000.0,0.45,1158.8
2018-05-17,1158.8,1158.06,1164.17,1153.25,2080000000.0,0.19,1168.31,1180.38,1183.88,1151.19,7620000000.0,-0.63,1177.02,1170.17,1198.48,1136.17,25180000000.0,0.45,1161.26
2018-05-18,1161.26,1159.14,1164.06,1154.24,1630000000.0,0.21,1168.31,1180.38,1183.88,1151.19,7620000000.0,-0.63,1177.02,1170.17,1198.48,1136.17,25180000000.0,0.45,1171.03
2018-05-21,1171.03,1166.79,1173.65,1164.67,1280000000.0,0.84,1161.26,1171.31,1174.6,1153.25,8410000000.0,-0.6,1177.02,1170.17,1198.48,1136.17,25180000000.0,0.45,1165.04
2018-05-22,1165.04,1171.52,1173.15,1160.46,1320000000.0,-0.51,1161.26,1171.31,1174.6,1153.25,8410000000.0,-0.6,1177.02,1170.17,1198.48,1136.17,25180000000.0,0.45,1156.18
2018-05-23,1156.18,1160.03,1162.95,1152.06,1480000000.0,-0.76,1161.26,1171.31,1174.6,1153.25,8410000000.0,-0.6,1177.02,1170.17,1198.48,1136.17,25180000000.0,0.45,1139.91
2018-05-24,1139.91,1150.83,1154.32,1138.04,1580000000.0,-1.41,1161.26,1171.31,1174.6,1153.25,8410000000.0,-0.6,1177.02,1170.17,1198.48,1136.17,25180000000.0,0.45,1147.49
2018-05-25,1147.49,1142.62,1147.5,1134.68,1400000000.0,0.66,1161.26,1171.31,1174.6,1153.25,8410000000.0,-0.6,1177.02,1170.17,1198.48,1136.17,25180000000.0,0.45,1140.74
2018-05-28,1140.74,1142.83,1144.45,1137.24,1330000000.0,-0.59,1147.49,1166.79,1173.65,1134.68,7060000000.0,-1.19,1177.02,1170.17,1198.48,1136.17,25180000000.0,0.45,1133.06
2018-05-30,1133.06,1126.45,1134.81,1122.97,1850000000.0,-0.67,1147.49,1166.79,1173.65,1134.68,7060000000.0,-1.19,1177.02,1170.17,1198.48,1136.17,25180000000.0,0.45,1134.76
2018-05-31,1134.76,1137.35,1142.4,1131.22,2450000000.0,0.15,1147.49,1166.79,1173.65,1134.68,7060000000.0,-1.19,1177.02,1170.17,1198.48,1136.17,25180000000.0,0.45,1129.66
2018-06-01,1129.66,1134.55,1137.54,1125.68,1280000000.0,-0.45,1147.49,1166.79,1173.65,1134.68,7060000000.0,-1.19,1134.76,1174.72,1191.14,1122.97,32980000000.0,-3.59,1131.82
2018-06-04,1131.82,1128.6,1135.22,1126.03,1130000000.0,0.19,1129.66,1142.83,1144.45,1122.97,6910000000.0,-1.55,1134.76,1174.72,1191.14,1122.97,32980000000.0,-3.59,1141.39
2018-06-05,1141.39,1132.72,1143.14,1124.83,2150000000.0,0.85,1129.66,1142.83,1144.45,1122.97,6910000000.0,-1.55,1134.76,1174.72,1191.14,1122.97,32980000000.0,-3.59,1145.95
2018-06-06,1145.95,1145.24,1150.87,1140.96,1520000000.0,0.4,1129.66,1142.83,1144.45,1122.97,6910000000.0,-1.55,1134.76,1174.72,1191.14,1122.97,32980000000.0,-3.59,1141.12
2018-06-07,1141.12,1149.52,1152.4,1141.12,1250000000.0,-0.42,1129.66,1142.83,1144.45,1122.97,6910000000.0,-1.55,1134.76,1174.72,1191.14,1122.97,32980000000.0,-3.59,1130.91
2018-06-08,1130.91,1143.7,1143.87,1130.76,1050000000.0,-0.89,1129.66,1142.83,1144.45,1122.97,6910000000.0,-1.55,1134.76,1174.72,1191.14,1122.97,32980000000.0,-3.59,1131.83
2018-06-11,1131.83,1132.23,1135.66,1125.64,786530000.0,0.08,1130.91,1128.6,1152.4,1124.83,7110000000.0,0.11,1134.76,1174.72,1191.14,1122.97,32980000000.0,-3.59,1135.11
2018-06-12,1135.11,1133.8,1142.11,1132.71,1230000000.0,0.29,1130.91,1128.6,1152.4,1124.83,7110000000.0,0.11,1134.76,1174.72,1191.14,1122.97,32980000000.0,-3.59,1128.55
2018-06-13,1128.55,1134.21,1136.24,1126.58,1160000000.0,-0.58,1130.91,1128.6,1152.4,1124.83,7110000000.0,0.11,1134.76,1174.72,1191.14,1122.97,32980000000.0,-3.59,1121.7
2018-06-14,1121.7,1125.19,1126.28,1113.93,1310000000.0,-0.61,1130.91,1128.6,1152.4,1124.83,7110000000.0,0.11,1134.76,1174.72,1191.14,1122.97,32980000000.0,-3.59,1117.85
2018-06-15,1117.85,1118.75,1123.31,1109.92,1510000000.0,-0.34,1130.91,1128.6,1152.4,1124.83,7110000000.0,0.11,1134.76,1174.72,1191.14,1122.97,32980000000.0,-3.59,1100.25
2018-06-18,1100.25,1108.53,1110.29,1100.15,1170000000.0,-1.57,1117.85,1132.23,1142.11,1109.92,6000000000.0,-1.15,1134.76,1174.72,1191.14,1122.97,32980000000.0,-3.59,1071.96
2018-06-19,1071.96,1090.34,1096.99,1067.58,2320000000.0,-2.57,1117.85,1132.23,1142.11,1109.92,6000000000.0,-1.15,1134.76,1174.72,1191.14,1122.97,32980000000.0,-3.59,1090.62
2018-06-20,1090.62,1078.94,1093.2,1072.62,1530000000.0,1.74,1117.85,1132.23,1142.11,1109.92,6000000000.0,-1.15,1134.76,1174.72,1191.14,1122.97,32980000000.0,-3.59,1068.68
2018-06-21,1068.68,1090.03,1091.31,1064.13,1530000000.0,-2.01,1117.85,1132.23,1142.11,1109.92,6000000000.0,-1.15,1134.76,1174.72,1191.14,1122.97,32980000000.0,-3.59,1071.18
2018-06-22,1071.18,1075.98,1081.65,1065.54,1280000000.0,0.23,1117.85,1132.23,1142.11,1109.92,6000000000.0,-1.15,1134.76,1174.72,1191.14,1122.97,32980000000.0,-3.59,1061.68
2018-06-25,1061.68,1076.07,1080.45,1060.45,1070000000.0,-0.89,1071.18,1108.53,1110.29,1064.13,7830000000.0,-4.17,1134.76,1174.72,1191.14,1122.97,32980000000.0,-3.59,1065.2
2018-06-26,1065.2,1057.1,1069.64,1052.04,1290000000.0,0.33,1071.18,1108.53,1110.29,1064.13,7830000000.0,-4.17,1134.76,1174.72,1191.14,1122.97,32980000000.0,-3.59,1060.58
2018-06-27,1060.58,1071.28,1076.15,1057.06,1240000000.0,-0.43,1071.18,1108.53,1110.29,1064.13,7830000000.0,-4.17,1134.76,1174.72,1191.14,1122.97,32980000000.0,-3.59,1050.6
2018-06-28,1050.6,1064.31,1066.65,1050.5,1830000000.0,-0.94,1071.18,1108.53,1110.29,1064.13,7830000000.0,-4.17,1134.76,1174.72,1191.14,1122.97,32980000000.0,-3.59,1051.63
2018-06-29,1051.63,1054.99,1059.81,1043.32,1900000000.0,0.1,1071.18,1108.53,1110.29,1064.13,7830000000.0,-4.17,1134.76,1174.72,1191.14,1122.97,32980000000.0,-3.59,1058.12
2018-07-02,1058.12,1053.26,1058.16,1043.67,1260000000.0,0.62,1051.63,1076.07,1080.45,1043.32,7320000000.0,-1.83,1051.63,1134.55,1152.4,1043.32,29540000000.0,-7.33,1069.77
2018-07-03,1069.77,1056.91,1071.32,1052.26,1400000000.0,1.1,1051.63,1076.07,1080.45,1043.32,7320000000.0,-1.83,1051.63,1134.55,1152.4,1043.32,29540000000.0,-7.33,1073.2
2018-07-04,1073.2,1068.75,1076.41,1062.92,2210000000.0,0.32,1051.63,1076.07,1080.45,1043.32,7320000000.0,-1.83,1051.63,1134.55,1152.4,1043.32,29540000000.0,-7.33,1054.84
2018-07-05,1054.84,1071.1,1072.89,1051.51,2680000000.0,-1.71,1051.63,1076.07,1080.45,1043.32,7320000000.0,-1.83,1051.63,1134.55,1152.4,1043.32,29540000000.0,-7.33,1063.71
2018-07-06,1063.71,1052.82,1067.59,1043.87,2650000000.0,0.84,1051.63,1076.07,1080.45,1043.32,7320000000.0,-1.83,1051.63,1134.55,1152.4,1043.32,29540000000.0,-7.33,1069.83
2018-07-09,1069.83,1072.62,1075.12,1068.05,1380000000.0,0.58,1063.71,1053.26,1076.41,1043.67,10200000000.0,1.15,1051.63,1134.55,1152.4,1043.32,29540000000.0,-7.33,1085.36
2018-07-10,1085.36,1074.74,1085.52,1064.19,1500000000.0,1.45,1063.71,1053.26,1076.41,1043.67,10200000000.0,1.15,1051.63,1134.55,1152.4,1043.32,29540000000.0,-7.33,1078.82
2018-07-11,1078.82,1075.83,1083.06,1073.24,1010000000.0,-0.6,1063.71,1053.26,1076.41,1043.67,10200000000.0,1.15,1051.63,1134.55,1152.4,1043.32,29540000000.0,-7.33,1079.87
2018-07-12,1079.87,1076.52,1085.26,1075.62,1210000000.0,0.1,1063.71,1053.26,1076.41,1043.67,10200000000.0,1.15,1051.63,1134.55,1152.4,1043.32,29540000000.0,-7.33,1080.05
2018-07-13,1080.05,1082.95,1085.97,1077.31,1180000000.0,0.02,1063.71,1053.26,1076.41,1043.67,10200000000.0,1.15,1051.63,1134.55,1152.4,1043.32,29540000000.0,-7.33,1069.04
2018-07-16,1069.04,1075.03,1077.25,1065.12,959210000.0,-1.02,1080.05,1072.62,1085.97,1064.19,6290000000.0,1.54,1051.63,1134.55,1152.4,1043.32,29540000000.0,-7.33,1068.09
2018-07-17,1068.09,1066.12,1072.15,1060.52,1310000000.0,-0.09,1080.05,1072.62,1085.97,1064.19,6290000000.0,1.54,1051.63,1134.55,1152.4,1043.32,29540000000.0,-7.33,1077.22
2018-07-18,1077.22,1073.82,1078.83,1071.59,1350000000.0,0.85,1080.05,1072.62,1085.97,1064.19,6290000000.0,1.54,1051.63,1134.55,1152.4,1043.32,29540000000.0,-7.33,1084.85
2018-07-19,1084.85,1081.07,1087.98,1077.24,1190000000.0,0.71,1080.05,1072.62,1085.97,1064.19,6290000000.0,1.54,1051.63,1134.55,1152.4,1043.32,29540000000.0,-7.33,1103.32
2018-07-20,1103.32,1088.29,1106.2,1085.53,2720000000.0,1.7,1080.05,1072.62,1085.97,1064.19,6290000000.0,1.54,1051.63,1134.55,1152.4,1043.32,29540000000.0,-7.33,1107.43
2018-07-23,1107.43,1103.46,1112.38,1098.25,2030000000.0,0.37,1103.32,1075.03,1106.2,1060.52,7530000000.0,2.15,1051.63,1134.55,1152.4,1043.32,29540000000.0,-7.33,1105.93
2018-07-24,1105.93,1114.04,1116.02,1101.4,2110000000.0,-0.14,1103.32,1075.03,1106.2,1060.52,7530000000.0,2.15,1051.63,1134.55,1152.4,1043.32,29540000000.0,-7.33,1117.74
2018-07-25,1117.74,1108.65,1122.56,1108.46,1930000000.0,1.07,1103.32,1075.03,1106.2,1060.52,7530000000.0,2.15,1051.63,1134.55,1152.4,1043.32,29540000000.0,-7.33,1126.25
2018-07-26,1126.25,1126.22,1127.83,1116.47,1560000000.0,0.76,1103.32,1075.03,1106.2,1060.52,7530000000.0,2.15,1051.63,1134.55,1152.4,1043.32,29540000000.0,-7.33,1127.56
2018-07-31,1127.56,1127.71,1132.39,1121.62,1670000000.0,0.12,1126.25,1103.46,1127.83,1098.25,7640000000.0,2.08,1051.63,1134.55,1152.4,1043.32,29540000000.0,-7.33,1143.46
2018-08-01,1143.46,1129.93,1144.14,1127.6,1610000000.0,1.41,1126.25,1103.46,1127.83,1098.25,7640000000.0,2.08,1127.56,1053.26,1132.39,1043.67,33320000000.0,7.22,1132.47
2018-08-02,1132.47,1138.35,1140.17,1125.52,1190000000.0,-0.96,1126.25,1103.46,1127.83,1098.25,7640000000.0,2.08,1127.56,1053.26,1132.39,1043.67,33320000000.0,7.22,1133.78
2018-08-03,1133.78,1131.77,1137.32,1129.92,994020000.0,0.12,1126.25,1103.46,1127.83,1098.25,7640000000.0,2.08,1127.56,1053.26,1132.39,1043.67,33320000000.0,7.22,1122.94
2018-08-06,1122.94,1138.23,1140.76,1121.11,1440000000.0,-0.96,1133.78,1127.71,1144.14,1121.62,5460000000.0,0.67,1127.56,1053.26,1132.39,1043.67,33320000000.0,7.22,1131.25
2018-08-07,1131.25,1126.42,1134.54,1119.29,1120000000.0,0.74,1133.78,1127.71,1144.14,1121.62,5460000000.0,0.67,1127.56,1053.26,1132.39,1043.67,33320000000.0,7.22,1141.69
2018-08-08,1141.69,1132.27,1143.99,1130.82,1430000000.0,0.92,1133.78,1127.71,1144.14,1121.62,5460000000.0,0.67,1127.56,1053.26,1132.39,1043.67,33320000000.0,7.22,1141.63
2018-08-09,1141.63,1142.39,1147.45,1137.46,956060000.0,-0.01,1133.78,1127.71,1144.14,1121.62,5460000000.0,0.67,1127.56,1053.26,1132.39,1043.67,33320000000.0,7.22,1128.62
2018-08-10,1128.62,1137.7,1138.71,1128.09,1180000000.0,-1.14,1133.78,1127.71,1144.14,1121.62,5460000000.0,0.67,1127.56,1053.26,1132.39,1043.67,33320000000.0,7.22,1122.32
2018-08-14,1122.32,1119.14,1123.48,1113.42,1370000000.0,-0.56,1128.62,1138.23,1147.45,1119.29,6120000000.0,-0.46,1127.56,1053.26,1132.39,1043.67,33320000000.0,7.22,1107.78
2018-08-15,1107.78,1116.03,1117.64,1105.8,1760000000.0,-1.3,1128.62,1138.23,1147.45,1119.29,6120000000.0,-0.46,1127.56,1053.26,1132.39,1043.67,33320000000.0,7.22,1110.87
2018-08-16,1110.87,1106.0,1112.28,1098.99,1510000000.0,0.28,1128.62,1138.23,1147.45,1119.29,6120000000.0,-0.46,1127.56,1053.26,1132.39,1043.67,33320000000.0,7.22,1116.46
2018-08-17,1116.46,1116.23,1121.17,1115.3,1380000000.0,0.5,1128.62,1138.23,1147.45,1119.29,6120000000.0,-0.46,1127.56,1053.26,1132.39,1043.67,33320000000.0,7.22,1125.61
2018-08-20,1125.61,1123.56,1129.69,1120.44,2330000000.0,0.82,1116.46,1119.14,1123.48,1098.99,6020000000.0,-1.08,1127.56,1053.26,1132.39,1043.67,33320000000.0,7.22,1120.66
2018-08-21,1120.66,1127.36,1131.78,1116.15,1370000000.0,-0.44,1116.46,1119.14,1123.48,1098.99,6020000000.0,-1.08,1127.56,1053.26,1132.39,1043.67,33320000000.0,7.22,1124.34
2018-08-22,1124.34,1122.4,1131.04,1121.55,1050000000.0,0.33,1116.46,1119.14,1123.48,1098.99,6020000000.0,-1.08,1127.56,1053.26,1132.39,1043.67,33320000000.0,7.22,1129.73
2018-08-23,1129.73,1131.13,1134.03,1126.53,951850000.0,0.48,1116.46,1119.14,1123.48,1098.99,6020000000.0,-1.08,1127.56,1053.26,1132.39,1043.67,33320000000.0,7.22,1128.03
2018-08-24,1128.03,1126.29,1129.19,1122.84,760740000.0,-0.15,1116.46,1119.14,1123.48,1098.99,6020000000.0,-1.08,1127.56,1053.26,1132.39,1043.67,33320000000.0,7.22,1137.79
2018-08-27,1137.79,1132.83,1138.57,1131.75,1340000000.0,0.87,1128.03,1123.56,1134.03,1116.15,6460000000.0,1.04,1127.56,1053.26,1132.39,1043.67,33320000000.0,7.22,1139.3
2018-08-28,1139.3,1143.11,1146.83,1137.79,1220000000.0,0.13,1128.03,1123.56,1134.03,1116.15,6460000000.0,1.04,1127.56,1053.26,1132.39,1043.67,33320000000.0,7.22,1142.3
2018-08-29,1142.3,1141.67,1143.11,1136.38,895460000.0,0.26,1128.03,1123.56,1134.03,1116.15,6460000000.0,1.04,1127.56,1053.26,1132.39,1043.67,33320000000.0,7.22,1138.12
2018-08-30,1138.12,1144.9,1147.31,1138.12,1050000000.0,-0.37,1128.03,1123.56,1134.03,1116.15,6460000000.0,1.04,1127.56,1053.26,1132.39,1043.67,33320000000.0,7.22,1138.8
2018-08-31,1138.8,1132.84,1139.54,1131.43,1170000000.0,0.06,1128.03,1123.56,1134.03,1116.15,6460000000.0,1.04,1127.56,1053.26,1132.39,1043.67,33320000000.0,7.22,1137.68
2018-09-03,1137.68,1138.38,1142.34,1136.1,906970000.0,-0.1,1138.8,1132.83,1147.31,1131.43,5680000000.0,0.95,1138.8,1129.93,1147.45,1098.99,28080000000.0,1.0,1131.26
2018-09-04,1131.26,1138.28,1140.22,1130.75,1050000000.0,-0.56,1138.8,1132.83,1147.31,1131.43,5680000000.0,0.95,1138.8,1129.93,1147.45,1098.99,28080000000.0,1.0,1111.3
2018-09-05,1111.3,1126.34,1129.1,1110.87,1510000000.0,-1.76,1138.8,1132.83,1147.31,1131.43,5680000000.0,0.95,1138.8,1129.93,1147.45,1098.99,28080000000.0,1.0,1116.61
2018-09-06,1116.61,1110.48,1116.75,1104.03,1910000000.0,0.48,1138.8,1132.83,1147.31,1131.43,5680000000.0,0.95,1138.8,1129.93,1147.45,1098.99,28080000000.0,1.0,1112.49
2018-09-07,1112.49,1111.2,1117.26,1108.16,957790000.0,-0.37,1138.8,1132.83,1147.31,1131.43,5680000000.0,0.95,1138.8,1129.93,1147.45,1098.99,28080000000.0,1.0,1113.47
2018-09-10,1113.47,1110.12,1114.39,1105.08,772470000.0,0.09,1112.49,1138.38,1142.34,1104.03,6330000000.0,-2.31,1138.8,1129.93,1147.45,1098.99,28080000000.0,1.0,1096.63
2018-09-11,1096.63,1112.48,1115.91,1096.63,1060000000.0,-1.51,1112.49,1138.38,1142.34,1104.03,6330000000.0,-2.31,1138.8,1129.93,1147.45,1098.99,28080000000.0,1.0,1102.07
2018-09-12,1102.07,1095.82,1103.71,1090.92,1110000000.0,0.5,1112.49,1138.38,1142.34,1104.03,6330000000.0,-2.31,1138.8,1129.93,1147.45,1098.99,28080000000.0,1.0,1133.44
2018-09-13,1133.44,1111.61,1138.13,1111.42,1720000000.0,2.85,1112.49,1138.38,1142.34,1104.03,6330000000.0,-2.31,1138.8,1129.93,1147.45,1098.99,28080000000.0,1.0,1135.98
2018-09-14,1135.98,1138.42,1141.17,1132.12,1280000000.0,0.22,1112.49,1138.38,1142.34,1104.03,6330000000.0,-2.31,1138.8,1129.93,1147.45,1098.99,28080000000.0,1.0,1131.92
2018-09-17,1131.92,1132.31,1137.4,1126.31,1010000000.0,-0.36,1135.98,1110.12,1141.17,1090.92,5940000000.0,2.11,1138.8,1129.93,1147.45,1098.99,28080000000.0,1.0,1151.59
2018-09-18,1151.59,1131.03,1155.43,1129.98,2090000000.0,1.74,1135.98,1110.12,1141.17,1090.92,5940000000.0,2.11,1138.8,1129.93,1147.45,1098.99,28080000000.0,1.0,1155.35
2018-09-19,1155.35,1155.11,1165.88,1153.0,4010000000.0,0.33,1135.98,1110.12,1141.17,1090.92,5940000000.0,2.11,1138.8,1129.93,1147.45,1098.99,28080000000.0,1.0,1157.31
2018-09-20,1157.31,1161.64,1166.12,1155.87,1640000000.0,0.17,1135.98,1110.12,1141.17,1090.92,5940000000.0,2.11,1138.8,1129.93,1147.45,1098.99,28080000000.0,1.0,1159.54
2018-09-21,1159.54,1162.05,1166.78,1156.8,1830000000.0,0.19,1135.98,1110.12,1141.17,1090.92,5940000000.0,2.11,1138.8,1129.93,1147.45,1098.99,28080000000.0,1.0,1154.6
2018-09-24,1154.6,1154.66,1162.04,1153.73,1100000000.0,-0.43,1159.54,1132.31,1166.78,1126.31,10590000000.0,2.07,1138.8,1129.93,1147.45,1098.99,28080000000.0,1.0,1156.18
2018-09-25,1156.18,1158.0,1160.37,1152.87,865900000.0,0.14,1159.54,1132.31,1166.78,1126.31,10590000000.0,2.07,1138.8,1129.93,1147.45,1098.99,28080000000.0,1.0,1155.61
2018-09-26,1155.61,1159.06,1161.3,1152.5,1150000000.0,-0.05,1159.54,1132.31,1166.78,1126.31,10590000000.0,2.07,1138.8,1129.93,1147.45,1098.99,28080000000.0,1.0,1158.54
2018-09-27,1158.54,1157.19,1158.54,1142.8,1700000000.0,0.25,1159.54,1132.31,1166.78,1126.31,10590000000.0,2.07,1138.8,1129.93,1147.45,1098.99,28080000000.0,1.0,1158.75
2018-09-28,1158.75,1161.48,1162.14,1154.35,1050000000.0,0.02,1159.54,1132.31,1166.78,1126.31,10590000000.0,2.07,1138.8,1129.93,1147.45,1098.99,28080000000.0,1.0,1161.24
2018-10-01,1161.24,1163.05,1164.92,1159.23,1050000000.0,0.21,1158.75,1154.66,1162.14,1142.8,5880000000.0,-0.07,1158.75,1138.38,1166.78,1090.92,28740000000.0,1.75,1150.93
2018-10-02,1150.93,1158.74,1162.26,1149.16,1200000000.0,-0.89,1158.75,1154.66,1162.14,1142.8,5880000000.0,-0.07,1158.75,1138.38,1166.78,1090.92,28740000000.0,1.75,1147.75
2018-10-03,1147.75,1154.87,1157.21,1147.27,1340000000.0,-0.28,1158.75,1154.66,1162.14,1142.8,5880000000.0,-0.07,1158.75,1138.38,1166.78,1090.92,28740000000.0,1.75,1138.05
2018-10-04,1138.05,1143.0,1146.75,1132.09,1550000000.0,-0.85,1158.75,1154.66,1162.14,1142.8,5880000000.0,-0.07,1158.75,1138.38,1166.78,1090.92,28740000000.0,1.75,1131.13
2018-10-05,1131.13,1135.22,1140.11,1129.85,885420000.0,-0.61,1158.75,1154.66,1162.14,1142.8,5880000000.0,-0.07,1158.75,1138.38,1166.78,1090.92,28740000000.0,1.75,1115.02
2018-10-08,1115.02,1130.7,1137.01,1115.02,1410000000.0,-1.42,1131.13,1163.05,1164.92,1129.85,6030000000.0,-2.38,1158.75,1138.38,1166.78,1090.92,28740000000.0,1.75,1116.48
2018-10-09,1116.48,1117.32,1124.44,1110.95,1080000000.0,0.13,1131.13,1163.05,1164.92,1129.85,6030000000.0,-2.38,1158.75,1138.38,1166.78,1090.92,28740000000.0,1.75,1134.73
2018-10-10,1134.73,1125.64,1134.73,1124.23,920430000.0,1.63,1131.13,1163.05,1164.92,1129.85,6030000000.0,-2.38,1158.75,1138.38,1166.78,1090.92,28740000000.0,1.75,1105.61
2018-10-11,1105.61,1103.11,1110.43,1099.01,1720000000.0,-2.57,1131.13,1163.05,1164.92,1129.85,6030000000.0,-2.38,1158.75,1138.38,1166.78,1090.92,28740000000.0,1.75,1114.62
2018-10-12,1114.62,1111.56,1117.6,1109.04,791290000.0,0.81,1131.13,1163.05,1164.92,1129.85,6030000000.0,-2.38,1158.75,1138.38,1166.78,1090.92,28740000000.0,1.75,1115.21
2018-10-16,1115.21,1114.96,1118.47,1108.29,723830000.0,0.05,1114.62,1130.7,1137.01,1099.01,5920000000.0,-1.46,1158.75,1138.38,1166.78,1090.92,28740000000.0,1.75,1113.98
2018-10-17,1113.98,1123.35,1125.15,1113.98,1410000000.0,-0.11,1114.62,1130.7,1137.01,1099.01,5920000000.0,-1.46,1158.75,1138.38,1166.78,1090.92,28740000000.0,1.75,1105.93
2018-10-18,1105.93,1111.43,1113.87,1104.14,945690000.0,-0.72,1114.62,1130.7,1137.01,1099.01,5920000000.0,-1.46,1158.75,1138.38,1166.78,1090.92,28740000000.0,1.75,1096.19
2018-10-19,1096.19,1104.06,1105.52,1094.13,1110000000.0,-0.88,1114.62,1130.7,1137.01,1099.01,5920000000.0,-1.46,1158.75,1138.38,1166.78,1090.92,28740000000.0,1.75,1093.15
2018-10-22,1093.15,1098.45,1102.09,1088.66,768600000.0,-0.28,1096.19,1114.96,1125.15,1094.13,4190000000.000001,-1.65,1158.75,1138.38,1166.78,1090.92,28740000000.0,1.75,1067.15
2018-10-24,1067.15,1079.9,1085.5,1064.51,1310000000.0,-2.38,1096.19,1114.96,1125.15,1094.13,4190000000.000001,-1.65,1158.75,1138.38,1166.78,1090.92,28740000000.0,1.75,1083.5
2018-10-25,1083.5,1055.03,1085.99,1048.41,1630000000.0,1.53,1096.19,1114.96,1125.15,1094.13,4190000000.000001,-1.65,1158.75,1138.38,1166.78,1090.92,28740000000.0,1.75,1070.25
2018-10-26,1070.25,1078.0,1079.59,1067.5,778500000.0,-1.22,1096.19,1114.96,1125.15,1094.13,4190000000.000001,-1.65,1158.75,1138.38,1166.78,1090.92,28740000000.0,1.75,1077.41
2018-10-29,1077.41,1073.71,1084.31,1072.17,724380000.0,0.67,1070.25,1098.45,1102.09,1048.41,4490000000.0,-2.37,1158.75,1138.38,1166.78,1090.92,28740000000.0,1.75,1078.15
2018-10-30,1078.15,1078.67,1084.03,1074.89,626010000.0,0.07,1070.25,1098.45,1102.09,1048.41,4490000000.0,-2.37,1158.75,1138.38,1166.78,1090.92,28740000000.0,1.75,1102.49
2018-10-31,1102.49,1087.42,1102.65,1085.63,994000000.0,2.26,1070.25,1098.45,1102.09,1048.41,4490000000.0,-2.37,1158.75,1138.38,1166.78,1090.92,28740000000.0,1.75,1099.63
2018-11-01,1099.63,1104.04,1105.41,1093.79,1180000000.0,-0.26,1070.25,1098.45,1102.09,1048.41,4490000000.0,-2.37,1102.49,1163.05,1164.92,1048.41,22970000000.0,-4.86,1109.7
2018-11-02,1109.7,1104.61,1114.36,1101.74,1220000000.0,0.92,1070.25,1098.45,1102.09,1048.41,4490000000.0,-2.37,1102.49,1163.05,1164.92,1048.41,22970000000.0,-4.86,1102.09
2018-11-05,1102.09,1099.96,1103.5,1097.92,785460000.0,-0.69,1109.7,1073.71,1114.36,1072.17,4750000000.0,3.69,1102.49,1163.05,1164.92,1048.41,22970000000.0,-4.86,1101.89
2018-11-06,1101.89,1107.5,1113.19,1101.79,859270000.0,-0.02,1109.7,1073.71,1114.36,1072.17,4750000000.0,3.69,1102.49,1163.05,1164.92,1048.41,22970000000.0,-4.86,1108.12
2018-11-07,1108.12,1105.46,1108.12,1091.91,983290000.0,0.57,1109.7,1073.71,1114.36,1072.17,4750000000.0,3.69,1102.49,1163.05,1164.92,1048.41,22970000000.0,-4.86,1112.57
2018-11-08,1112.57,1115.88,1118.18,1111.69,961500000.0,0.4,1109.7,1073.71,1114.36,1072.17,4750000000.0,3.69,1102.49,1163.05,1164.92,1048.41,22970000000.0,-4.86,1102.77
2018-11-09,1102.77,1107.29,1108.91,1099.34,572010000.0,-0.88,1109.7,1073.71,1114.36,1072.17,4750000000.0,3.69,1102.49,1163.05,1164.92,1048.41,22970000000.0,-4.86,1094.78
2018-11-12,1094.78,1106.38,1106.97,1094.46,545140000.0,-0.72,1102.77,1099.96,1118.18,1091.91,4160000000.0,-0.62,1102.49,1163.05,1164.92,1048.41,22970000000.0,-4.86,1099.57
2018-11-13,1099.57,1088.27,1104.03,1086.66,936110000.0,0.44,1102.77,1099.96,1118.18,1091.91,4160000000.0,-0.62,1102.49,1163.05,1164.92,1048.41,22970000000.0,-4.86,1094.08
2018-11-14,1094.08,1094.56,1099.7,1088.56,807170000.0,-0.5,1102.77,1099.96,1118.18,1091.91,4160000000.0,-0.62,1102.49,1163.05,1164.92,1048.41,22970000000.0,-4.86,1086.32
2018-11-15,1086.32,1097.56,1098.6,1085.0,792690000.0,-0.71,1102.77,1099.96,1118.18,1091.91,4160000000.0,-0.62,1102.49,1163.05,1164.92,1048.41,22970000000.0,-4.86,1084.54
2018-11-16,1084.54,1087.21,1092.8,1082.6,750400000.0,-0.16,1102.77,1099.96,1118.18,1091.91,4160000000.0,-0.62,1102.49,1163.05,1164.92,1048.41,22970000000.0,-4.86,1087.15
2018-11-19,1087.15,1084.17,1089.91,1081.45,550040000.0,0.24,1084.54,1106.38,1106.97,1082.6,3830000000.0,-1.65,1102.49,1163.05,1164.92,1048.41,22970000000.0,-4.86,1071.83
2018-11-20,1071.83,1083.81,1084.09,1069.75,780920000.0,-1.41,1084.54,1106.38,1106.97,1082.6,3830000000.0,-1.65,1102.49,1163.05,1164.92,1048.41,22970000000.0,-4.86,1074.39
2018-11-21,1074.39,1065.46,1079.5,1062.21,959730000.0,0.24,1084.54,1106.38,1106.97,1082.6,3830000000.0,-1.65,1102.49,1163.05,1164.92,1048.41,22970000000.0,-4.86,1065.48
2018-11-22,1065.48,1073.45,1077.65,1064.38,867670000.0,-0.83,1084.54,1106.38,1106.97,1082.6,3830000000.0,-1.65,1102.49,1163.05,1164.92,1048.41,22970000000.0,-4.86,1077.93
2018-11-23,1077.93,1067.38,1079.6,1061.59,766390000.0,1.17,1084.54,1106.38,1106.97,1082.6,3830000000.0,-1.65,1102.49,1163.05,1164.92,1048.41,22970000000.0,-4.86,1084.72
2018-11-26,1084.72,1077.64,1086.33,1073.48,694910000.0,0.63,1077.93,1084.17,1089.91,1061.59,3920000000.0,-0.61,1102.49,1163.05,1164.92,1048.41,22970000000.0,-4.86,1086.51
2018-11-27,1086.51,1083.63,1088.92,1081.36,681670000.0,0.17,1077.93,1084.17,1089.91,1061.59,3920000000.0,-0.61,1102.49,1163.05,1164.92,1048.41,22970000000.0,-4.86,1090.57
2018-11-28,1090.57,1088.35,1094.17,1087.37,742580000.0,0.37,1077.93,1084.17,1089.91,1061.59,3920000000.0,-0.61,1102.49,1163.05,1164.92,1048.41,22970000000.0,-4.86,1087.85
2018-11-29,1087.85,1095.18,1098.9,1086.38,724470000.0,-0.25,1077.93,1084.17,1089.91,1061.59,3920000000.0,-0.61,1102.49,1163.05,1164.92,1048.41,22970000000.0,-4.86,1091.55
2018-11-30,1091.55,1091.47,1097.81,1085.36,1010000000.0,0.34,1077.93,1084.17,1089.91,1061.59,3920000000.0,-0.61,1102.49,1163.05,1164.92,1048.41,22970000000.0,-4.86,1117.86
2018-12-03,1117.86,1108.31,1120.7,1106.31,1320000000.0,2.41,1091.55,1077.64,1098.9,1073.48,3860000000.0,1.26,1091.55,1104.04,1118.18,1061.59,18180000000.0,-0.99,1118.59
2018-12-04,1118.59,1119.1,1122.34,1114.91,1130000000.0,0.07,1091.55,1077.64,1098.9,1073.48,3860000000.0,1.26,1091.55,1104.04,1118.18,1061.59,18180000000.0,-0.99,1103.85
2018-12-06,1103.85,1102.95,1107.87,1100.21,843460000.0,-1.32,1091.55,1077.64,1098.9,1073.48,3860000000.0,1.26,1091.55,1104.04,1118.18,1061.59,18180000000.0,-0.99,1099.57
2018-12-07,1099.57,1105.85,1107.91,1098.01,735010000.0,-0.39,1091.55,1077.64,1098.9,1073.48,3860000000.0,1.26,1091.55,1104.04,1118.18,1061.59,18180000000.0,-0.99,1086.83
2018-12-11,1086.83,1097.24,1098.18,1086.31,981030000.0,-1.16,1099.57,1108.31,1122.34,1098.01,4040000000.0,0.73,1091.55,1104.04,1118.18,1061.59,18180000000.0,-0.99,1089.2
2018-12-12,1089.2,1094.4,1096.38,1087.31,748840000.0,0.22,1099.57,1108.31,1122.34,1098.01,4040000000.0,0.73,1091.55,1104.04,1118.18,1061.59,18180000000.0,-0.99,1074.2
2018-12-13,1074.2,1092.27,1094.89,1072.54,1040000000.0,-1.38,1099.57,1108.31,1122.34,1098.01,4040000000.0,0.73,1091.55,1104.04,1118.18,1061.59,18180000000.0,-0.99,1071.65
2018-12-14,1071.65,1072.81,1078.9,1065.89,813060000.0,-0.24,1099.57,1108.31,1122.34,1098.01,4040000000.0,0.73,1091.55,1104.04,1118.18,1061.59,18180000000.0,-0.99,1068.52
2018-12-17,1068.52,1074.95,1077.35,1062.04,880630000.0,-0.29,1071.65,1097.24,1098.18,1065.89,3580000000.0,-2.54,1091.55,1104.04,1118.18,1061.59,18180000000.0,-0.99,1055.76
2018-12-18,1055.76,1063.25,1064.58,1053.34,788220000.0,-1.19,1071.65,1097.24,1098.18,1065.89,3580000000.0,-2.54,1091.55,1104.04,1118.18,1061.59,18180000000.0,-0.99,1068.47
2018-12-19,1068.47,1055.13,1069.24,1050.87,1050000000.0,1.2,1071.65,1097.24,1098.18,1065.89,3580000000.0,-2.54,1091.55,1104.04,1118.18,1061.59,18180000000.0,-0.99,1066.22
2018-12-20,1066.22,1063.33,1067.24,1056.07,850400000.0,-0.21,1071.65,1097.24,1098.18,1065.89,3580000000.0,-2.54,1091.55,1104.04,1118.18,1061.59,18180000000.0,-0.99,1067.01
2018-12-21,1067.01,1061.0,1072.02,1058.47,1260000000.0,0.07,1071.65,1097.24,1098.18,1065.89,3580000000.0,-2.54,1091.55,1104.04,1118.18,1061.59,18180000000.0,-0.99,1064.26
2018-12-24,1064.26,1061.48,1071.49,1060.55,664080000.0,-0.26,1067.01,1074.95,1077.35,1050.87,4830000000.0,-0.43,1091.55,1104.04,1118.18,1061.59,18180000000.0,-0.99,1040.06
2018-12-25,1040.06,1052.17,1052.51,1038.19,771750000.0,-2.27,1067.01,1074.95,1077.35,1050.87,4830000000.0,-0.43,1091.55,1104.04,1118.18,1061.59,18180000000.0,-0.99,1040.71
2018-12-26,1040.71,1040.17,1044.26,1034.62,819010000.0,0.06,1067.01,1074.95,1077.35,1050.87,4830000000.0,-0.43,1091.55,1104.04,1118.18,1061.59,18180000000.0,-0.99,1033.81
2018-12-27,1033.81,1061.32,1063.67,1031.45,1220000000.0,-0.66,1067.01,1074.95,1077.35,1050.87,4830000000.0,-0.43,1091.55,1104.04,1118.18,1061.59,18180000000.0,-0.99,1044.92
2018-12-28,1044.92,1035.67,1045.73,1034.58,854130000.0,1.07,1067.01,1074.95,1077.35,1050.87,4830000000.0,-0.43,1091.55,1104.04,1118.18,1061.59,18180000000.0,-0.99,1046.71
2019-01-02,1046.71,1048.13,1054.0,1044.96,790070000.0,0.17,1044.92,1061.48,1071.49,1031.45,4330000000.0,-2.07,1044.92,1108.31,1122.34,1031.45,16780000000.000002,-4.27,1041.49
2019-01-03,1041.49,1051.31,1055.91,1038.39,915780000.0,-0.5,1044.92,1061.48,1071.49,1031.45,4330000000.0,-2.07,1044.92,1108.31,1122.34,1031.45,16780000000.000002,-4.27,1054.29
2019-01-04,1054.29,1041.26,1055.23,1034.66,1190000000.0,1.23,1044.92,1061.48,1071.49,1031.45,4330000000.0,-2.07,1044.92,1108.31,1122.34,1031.45,16780000000.000002,-4.27,1066.99
2019-01-07,1066.99,1061.63,1071.14,1059.24,1110000000.0,1.2,1054.29,1048.13,1055.91,1034.66,2900000000.0,0.9,1044.92,1108.31,1122.34,1031.45,16780000000.000002,-4.27,1067.2
2019-01-08,1067.2,1067.45,1070.39,1062.44,797260000.0,0.02,1054.29,1048.13,1055.91,1034.66,2900000000.0,0.9,1044.92,1108.31,1122.34,1031.45,16780000000.000002,-4.27,1064.82
2019-01-09,1064.82,1075.28,1079.45,1061.87,1140000000.0,-0.22,1054.29,1048.13,1055.91,1034.66,2900000000.0,0.9,1044.92,1108.31,1122.34,1031.45,16780000000.000002,-4.27,1063.19
2019-01-10,1063.19,1064.02,1071.57,1055.49,1180000000.0,-0.15,1054.29,1048.13,1055.91,1034.66,2900000000.0,0.9,1044.92,1108.31,1122.34,1031.45,16780000000.000002,-4.27,1069.42
2019-01-11,1069.42,1065.76,1069.69,1061.51,1190000000.0,0.59,1054.29,1048.13,1055.91,1034.66,2900000000.0,0.9,1044.92,1108.31,1122.34,1031.45,16780000000.000002,-4.27,1058.27
2019-01-14,1058.27,1065.25,1066.63,1055.72,1080000000.0,-1.04,1069.42,1061.63,1079.45,1055.49,5420000000.0,1.44,1044.92,1108.31,1122.34,1031.45,16780000000.000002,-4.27,1054.01
2019-01-15,1054.01,1061.84,1064.69,1051.25,887580000.0,-0.4,1069.42,1061.63,1079.45,1055.49,5420000000.0,1.44,1044.92,1108.31,1122.34,1031.45,16780000000.000002,-4.27,1055.89
2019-01-16,1055.89,1057.36,1060.81,1046.53,1610000000.0,0.18,1069.42,1061.63,1079.45,1055.49,5420000000.0,1.44,1044.92,1108.31,1122.34,1031.45,16780000000.000002,-4.27,1057.92
2019-01-17,1057.92,1056.48,1062.89,1055.21,1230000000.0,0.19,1069.42,1061.63,1079.45,1055.49,5420000000.0,1.44,1044.92,1108.31,1122.34,1031.45,16780000000.000002,-4.27,1060.95
2019-01-18,1060.95,1061.31,1063.91,1055.68,1040000000.0,0.29,1069.42,1061.63,1079.45,1055.49,5420000000.0,1.44,1044.92,1108.31,1122.34,1031.45,16780000000.000002,-4.27,1064.57
2019-01-21,1064.57,1062.75,1069.92,1061.78,1030000000.0,0.34,1060.95,1065.25,1066.63,1046.53,5860000000.0,-0.79,1044.92,1108.31,1122.34,1031.45,16780000000.000002,-4.27,1073.73
2019-01-22,1073.73,1063.51,1073.73,1061.95,1150000000.0,0.86,1060.95,1065.25,1066.63,1046.53,5860000000.0,-0.79,1044.92,1108.31,1122.34,1031.45,16780000000.000002,-4.27,1082.61
2019-01-23,1082.61,1073.14,1086.22,1071.94,1580000000.0,0.83,1060.95,1065.25,1066.63,1046.53,5860000000.0,-0.79,1044.92,1108.31,1122.34,1031.45,16780000000.000002,-4.27,1083.97
2019-01-24,1083.97,1083.45,1090.12,1079.47,1330000000.0,0.13,1060.95,1065.25,1066.63,1046.53,5860000000.0,-0.79,1044.92,1108.31,1122.34,1031.45,16780000000.000002,-4.27,1086.11
2019-01-25,1086.11,1087.29,1090.33,1080.71,1420000000.0,0.2,1060.95,1065.25,1066.63,1046.53,5860000000.0,-0.79,1044.92,1108.31,1122.34,1031.45,16780000000.000002,-4.27,1086.46
2019-01-28,1086.46,1088.97,1093.38,1083.69,1140000000.0,0.03,1086.11,1062.75,1090.33,1061.78,6520000000.0,2.37,1044.92,1108.31,1122.34,1031.45,16780000000.000002,-4.27,1086.3
2019-01-29,1086.3,1084.56,1086.61,1079.53,1300000000.0,-0.01,1086.11,1062.75,1090.33,1061.78,6520000000.0,2.37,1044.92,1108.31,1122.34,1031.45,16780000000.000002,-4.27,1091.05
2019-01-30,1091.05,1088.06,1091.52,1083.07,1060000000.0,0.44,1086.11,1062.75,1090.33,1061.78,6520000000.0,2.37,1044.92,1108.31,1122.34,1031.45,16780000000.000002,-4.27,1096.5
2019-01-31,1096.5,1096.8,1102.66,1095.96,1320000000.0,0.5,1086.11,1062.75,1090.33,1061.78,6520000000.0,2.37,1044.92,1108.31,1122.34,1031.45,16780000000.000002,-4.27,1102.22
2019-02-01,1102.22,1098.26,1106.06,1095.78,960430000.0,0.52,1086.11,1062.75,1090.33,1061.78,6520000000.0,2.37,1096.5,1048.13,1102.66,1034.66,25510000000.0,4.94,1102.57
2019-02-04,1102.57,1104.63,1107.39,1101.29,639230000.0,0.03,1102.22,1088.97,1106.06,1079.53,5790000000.0,1.48,1096.5,1048.13,1102.66,1034.66,25510000000.0,4.94,1102.66
2019-02-05,1102.66,1101.53,1103.98,1096.9,683930000.0,0.01,1102.22,1088.97,1106.06,1079.53,5790000000.0,1.48,1096.5,1048.13,1102.66,1034.66,25510000000.0,4.94,1105.74
2019-02-06,1105.74,1103.64,1109.68,1101.59,846400000.0,0.28,1102.22,1088.97,1106.06,1079.53,5790000000.0,1.48,1096.5,1048.13,1102.66,1034.66,25510000000.0,4.94,1102.3
2019-02-07,1102.3,1106.68,1112.13,1099.56,976980000.0,-0.31,1102.22,1088.97,1106.06,1079.53,5790000000.0,1.48,1096.5,1048.13,1102.66,1034.66,25510000000.0,4.94,1101.55
2019-02-08,1101.55,1098.67,1106.75,1091.3,1570000000.0,-0.07,1102.22,1088.97,1106.06,1079.53,5790000000.0,1.48,1096.5,1048.13,1102.66,1034.66,25510000000.0,4.94,1091.82
2019-02-11,1091.82,1095.63,1098.66,1088.21,873650000.0,-0.88,1101.55,1104.63,1112.13,1091.3,4720000000.0,-0.06,1096.5,1048.13,1102.66,1034.66,25510000000.0,4.94,1093.16
2019-02-12,1093.16,1091.11,1096.89,1089.33,726710000.0,0.12,1101.55,1104.63,1112.13,1091.3,4720000000.0,-0.06,1096.5,1048.13,1102.66,1034.66,25510000000.0,4.94,1103.01
2019-02-13,1103.01,1098.67,1104.44,1095.46,964370000.0,0.9,1101.55,1104.63,1112.13,1091.3,4720000000.0,-0.06,1096.5,1048.13,1102.66,1034.66,25510000000.0,4.94,1100.41
2019-02-14,1100.41,1104.54,1105.64,1098.24,1260000000.0,-0.24,1101.55,1104.63,1112.13,1091.3,4720000000.0,-0.06,1096.5,1048.13,1102.66,1034.66,25510000000.0,4.94,1089.39
2019-02-15,1089.39,1098.7,1099.89,1086.88,1250000000.0,-1.0,1101.55,1104.63,1112.13,1091.3,4720000000.0,-0.06,1096.5,1048.13,1102.66,1034.66,25510000000.0,4.94,1088.97
2019-02-18,1088.97,1095.2,1097.16,1088.34,698350000.0,-0.04,1089.39,1095.63,1105.64,1086.88,5070000000.0,-1.1,1096.5,1048.13,1102.66,1034.66,25510000000.0,4.94,1095.88
2019-02-20,1095.88,1091.06,1097.31,1087.61,1050000000.0,0.63,1089.39,1095.63,1105.64,1086.88,5070000000.0,-1.1,1096.5,1048.13,1102.66,1034.66,25510000000.0,4.94,1096.79
2019-02-21,1096.79,1096.44,1100.63,1092.5,833570000.0,0.08,1089.39,1095.63,1105.64,1086.88,5070000000.0,-1.1,1096.5,1048.13,1102.66,1034.66,25510000000.0,4.94,1105.88
2019-02-22,1105.88,1094.71,1108.23,1094.28,944830000.0,0.83,1089.39,1095.63,1105.64,1086.88,5070000000.0,-1.1,1096.5,1048.13,1102.66,1034.66,25510000000.0,4.94,1114.72
2019-02-25,1114.72,1110.52,1117.58,1110.2,1260000000.0,0.8,1105.88,1095.2,1108.23,1087.61,3520000000.0,1.51,1096.5,1048.13,1102.66,1034.66,25510000000.0,4.94,1108.46
2019-02-26,1108.46,1109.6,1114.26,1106.71,1010000000.0,-0.56,1105.88,1095.2,1108.23,1087.61,3520000000.0,1.51,1096.5,1048.13,1102.66,1034.66,25510000000.0,4.94,1109.88
2019-02-27,1109.88,1108.48,1112.52,1105.61,1540000000.0,0.13,1105.88,1095.2,1108.23,1087.61,3520000000.0,1.51,1096.5,1048.13,1102.66,1034.66,25510000000.0,4.94,1099.3
2019-02-28,1099.3,1110.42,1110.87,1099.21,1230000000.0,-0.95,1105.88,1095.2,1108.23,1087.61,3520000000.0,1.51,1096.5,1048.13,1102.66,1034.66,25510000000.0,4.94,1091.76
2019-03-01,1091.76,1100.9,1102.15,1090.77,1580000000.0,-0.69,1105.88,1095.2,1108.23,1087.61,3520000000.0,1.51,1099.3,1098.26,1117.58,1086.88,19310000000.0,0.26,1087.22
2019-03-04,1087.22,1091.54,1094.28,1085.21,1080000000.0,-0.42,1091.76,1110.52,1117.58,1090.77,6610000000.0,-1.28,1099.3,1098.26,1117.58,1086.88,19310000000.0,0.26,1089.38
2019-03-05,1089.38,1086.09,1092.1,1082.7,912210000.0,0.2,1091.76,1110.52,1117.58,1090.77,6610000000.0,-1.28,1099.3,1098.26,1117.58,1086.88,19310000000.0,0.26,1078.65
2019-03-06,1078.65,1086.95,1089.21,1076.99,1040000000.0,-0.98,1091.76,1110.52,1117.58,1090.77,6610000000.0,-1.28,1099.3,1098.26,1117.58,1086.88,19310000000.0,0.26,1084.58
2019-03-07,1084.58,1078.38,1087.6,1077.19,841040000.0,0.55,1091.76,1110.52,1117.58,1090.77,6610000000.0,-1.28,1099.3,1098.26,1117.58,1086.88,19310000000.0,0.26,1082.08
2019-03-08,1082.08,1083.28,1087.94,1078.39,749210000.0,-0.23,1091.76,1110.52,1117.58,1090.77,6610000000.0,-1.28,1099.3,1098.26,1117.58,1086.88,19310000000.0,0.26,1079.36
2019-03-11,1079.36,1084.82,1087.29,1077.99,591350000.0,-0.25,1082.08,1091.54,1094.28,1076.99,4620000000.0,-0.89,1099.3,1098.26,1117.58,1086.88,19310000000.0,0.26,1079.46
2019-03-12,1079.46,1082.75,1084.82,1077.43,1260000000.0,0.01,1082.08,1091.54,1094.28,1076.99,4620000000.0,-0.89,1099.3,1098.26,1117.58,1086.88,19310000000.0,0.26,1089.1
2019-03-13,1089.1,1078.2,1089.1,1075.67,1030000000.0,0.89,1082.08,1091.54,1094.28,1076.99,4620000000.0,-0.89,1099.3,1098.26,1117.58,1086.88,19310000000.0,0.26,1087.12
2019-03-14,1087.12,1091.11,1092.14,1085.83,856370000.0,-0.18,1082.08,1091.54,1094.28,1076.99,4620000000.0,-0.89,1099.3,1098.26,1117.58,1086.88,19310000000.0,0.26,1080.01
2019-03-15,1080.01,1087.68,1089.48,1079.72,1000000000.0,-0.65,1082.08,1091.54,1094.28,1076.99,4620000000.0,-0.89,1099.3,1098.26,1117.58,1086.88,19310000000.0,0.26,1074.63
2019-03-18,1074.63,1082.45,1083.96,1070.63,920410000.0,-0.5,1080.01,1084.82,1092.14,1075.67,4740000000.0,-0.19,1099.3,1098.26,1117.58,1086.88,19310000000.0,0.26,1084.3
2019-03-19,1084.3,1074.91,1086.93,1074.15,721880000.0,0.9,1080.01,1084.82,1092.14,1075.67,4740000000.0,-0.19,1099.3,1098.26,1117.58,1086.88,19310000000.0,0.26,1081.97
2019-03-20,1081.97,1085.18,1088.68,1081.3,844330000.0,-0.21,1080.01,1084.82,1092.14,1075.67,4740000000.0,-0.19,1099.3,1098.26,1117.58,1086.88,19310000000.0,0.26,1087.41
2019-03-21,1087.41,1085.73,1092.41,1085.3,954440000.0,0.5,1080.01,1084.82,1092.14,1075.67,4740000000.0,-0.19,1099.3,1098.26,1117.58,1086.88,19310000000.0,0.26,1098.85
2019-03-22,1098.85,1089.77,1099.31,1087.54,1020000000.0,1.05,1080.01,1084.82,1092.14,1075.67,4740000000.0,-0.19,1099.3,1098.26,1117.58,1086.88,19310000000.0,0.26,1083.05
2019-03-25,1083.05,1087.35,1091.73,1076.7,1010000000.0,-1.44,1098.85,1082.45,1099.31,1070.63,4460000000.0,1.74,1099.3,1098.26,1117.58,1086.88,19310000000.0,0.26,1088.47
2019-03-26,1088.47,1083.4,1090.34,1080.5,882930000.0,0.5,1098.85,1082.45,1099.31,1070.63,4460000000.0,1.74,1099.3,1098.26,1117.58,1086.88,19310000000.0,0.26,1085.46
2019-03-27,1085.46,1087.86,1089.86,1080.41,739850000.0,-0.28,1098.85,1082.45,1099.31,1070.63,4460000000.0,1.74,1099.3,1098.26,1117.58,1086.88,19310000000.0,0.26,1088.36
2019-03-28,1088.36,1082.11,1091.44,1081.27,899800000.0,0.27,1098.85,1082.45,1099.31,1070.63,4460000000.0,1.74,1099.3,1098.26,1117.58,1086.88,19310000000.0,0.26,1090.94
2019-03-29,1090.94,1092.5,1095.49,1087.75,731050000.0,0.24,1098.85,1082.45,1099.31,1070.63,4460000000.0,1.74,1099.3,1098.26,1117.58,1086.88,19310000000.0,0.26,1095.08
2019-04-01,1095.08,1095.81,1100.65,1094.29,1070000000.0,0.38,1090.94,1087.35,1095.49,1076.7,4260000000.0,-0.72,1090.94,1100.9,1102.15,1070.63,19660000000.0,-0.76,1100.22
2019-04-02,1100.22,1099.87,1103.24,1096.85,824960000.0,0.47,1090.94,1087.35,1095.49,1076.7,4260000000.0,-0.72,1090.94,1100.9,1102.15,1070.63,19660000000.0,-0.76,1098.51
2019-04-03,1098.51,1101.29,1102.19,1095.17,1060000000.0,-0.16,1090.94,1087.35,1095.49,1076.7,4260000000.0,-0.72,1090.94,1100.9,1102.15,1070.63,19660000000.0,-0.76,1094.76
2019-04-04,1094.76,1098.39,1099.27,1090.64,787680000.0,-0.34,1090.94,1087.35,1095.49,1076.7,4260000000.0,-0.72,1090.94,1100.9,1102.15,1070.63,19660000000.0,-0.76,1096.13
2019-04-05,1096.13,1095.86,1099.59,1093.14,694000000.0,0.13,1090.94,1087.35,1095.49,1076.7,4260000000.0,-0.72,1090.94,1100.9,1102.15,1070.63,19660000000.0,-0.76,1105.37
2019-04-09,1105.37,1099.88,1107.62,1097.82,859000000.0,0.84,1096.13,1095.81,1103.24,1090.64,4430000000.0,0.48,1090.94,1100.9,1102.15,1070.63,19660000000.0,-0.76,1108.81
2019-04-10,1108.81,1106.61,1111.38,1105.4,1140000000.0,0.31,1096.13,1095.81,1103.24,1090.64,4430000000.0,0.48,1090.94,1100.9,1102.15,1070.63,19660000000.0,-0.76,1105.48
2019-04-11,1105.48,1107.78,1108.78,1103.44,1200000000.0,-0.3,1096.13,1095.81,1103.24,1090.64,4430000000.0,0.48,1090.94,1100.9,1102.15,1070.63,19660000000.0,-0.76,1105.42
2019-04-12,1105.42,1104.12,1107.26,1100.85,929840000.0,-0.01,1096.13,1095.81,1103.24,1090.64,4430000000.0,0.48,1090.94,1100.9,1102.15,1070.63,19660000000.0,-0.76,1112.52
2019-04-17,1112.52,1108.99,1116.23,1107.05,1080000000.0,0.64,1105.42,1099.88,1111.38,1097.82,4130000000.0,0.85,1090.94,1100.9,1102.15,1070.63,19660000000.0,-0.76,1114.04
2019-04-18,1114.04,1113.6,1116.32,1108.1,1090000000.0,0.14,1105.42,1099.88,1111.38,1097.82,4130000000.0,0.85,1090.94,1100.9,1102.15,1070.63,19660000000.0,-0.76,1113.14
2019-04-19,1113.14,1113.56,1117.38,1110.82,727340000.0,-0.08,1105.42,1099.88,1111.38,1097.82,4130000000.0,0.85,1090.94,1100.9,1102.15,1070.63,19660000000.0,-0.76,1113.03
2019-04-22,1113.03,1115.9,1121.14,1113.03,985840000.0,-0.01,1113.14,1108.99,1117.38,1107.05,2900000000.0,0.7,1090.94,1100.9,1102.15,1070.63,19660000000.0,-0.76,1111.33
2019-04-23,1111.33,1113.99,1117.15,1110.61,872310000.0,-0.15,1113.14,1108.99,1117.38,1107.05,2900000000.0,0.7,1090.94,1100.9,1102.15,1070.63,19660000000.0,-0.76,1113.76
2019-04-24,1113.76,1114.28,1116.5,1109.29,925830000.0,0.22,1113.14,1108.99,1117.38,1107.05,2900000000.0,0.7,1090.94,1100.9,1102.15,1070.63,19660000000.0,-0.76,1112.93
2019-04-25,1112.93,1113.17,1116.96,1110.86,630770000.0,-0.07,1113.14,1108.99,1117.38,1107.05,2900000000.0,0.7,1090.94,1100.9,1102.15,1070.63,19660000000.0,-0.76,1107.88
2019-04-26,1107.88,1112.74,1113.63,1104.35,853180000.0,-0.45,1113.14,1108.99,1117.38,1107.05,2900000000.0,0.7,1090.94,1100.9,1102.15,1070.63,19660000000.0,-0.76,1106.62
2019-04-29,1106.62,1106.03,1108.96,1103.42,1050000000.0,-0.11,1107.88,1115.9,1121.14,1104.35,4270000000.0,-0.47,1090.94,1100.9,1102.15,1070.63,19660000000.0,-0.76,1112.39
2019-04-30,1112.39,1107.22,1114.83,1106.88,935990000.0,0.52,1107.88,1115.9,1121.14,1104.35,4270000000.0,-0.47,1090.94,1100.9,1102.15,1070.63,19660000000.0,-0.76,1116.3
2019-05-02,1116.3,1115.35,1119.2,1114.16,845380000.0,0.35,1107.88,1115.9,1121.14,1104.35,4270000000.0,-0.47,1112.39,1095.81,1121.14,1090.64,17710000000.0,1.97,1116.18
2019-05-03,1116.18,1113.68,1118.65,1113.14,892940000.0,-0.01,1107.88,1115.9,1121.14,1104.35,4270000000.0,-0.47,1112.39,1095.81,1121.14,1090.64,17710000000.0,1.97,1108.83
2019-05-07,1108.83,1109.09,1113.37,1105.92,1180000000.0,-0.66,1116.18,1106.03,1119.2,1103.42,3720000000.0,0.75,1112.39,1095.81,1121.14,1090.64,17710000000.0,1.97,1098.65
2019-05-08,1098.65,1103.34,1104.89,1096.63,1550000000.0,-0.92,1116.18,1106.03,1119.2,1103.42,3720000000.0,0.75,1112.39,1095.81,1121.14,1090.64,17710000000.0,1.97,1092.97
2019-05-09,1092.97,1098.06,1103.02,1092.17,1010000000.0,-0.52,1116.18,1106.03,1119.2,1103.42,3720000000.0,0.75,1112.39,1095.81,1121.14,1090.64,17710000000.0,1.97,1095.38
2019-05-10,1095.38,1099.23,1100.9,1088.38,1000000000.0,0.22,1116.18,1106.03,1119.2,1103.42,3720000000.0,0.75,1112.39,1095.81,1121.14,1090.64,17710000000.0,1.97,1090.33
2019-05-13,1090.33,1095.02,1097.7,1085.68,1120000000.0,-0.46,1095.38,1109.09,1113.37,1088.38,4740000000.0,-1.86,1112.39,1095.81,1121.14,1090.64,17710000000.0,1.97,1086.59
2019-05-14,1086.59,1084.42,1090.67,1083.06,1460000000.0,-0.34,1095.38,1109.09,1113.37,1088.38,4740000000.0,-1.86,1112.39,1095.81,1121.14,1090.64,17710000000.0,1.97,1078.6
2019-05-15,1078.6,1088.71,1091.29,1078.6,1140000000.0,-0.74,1095.38,1109.09,1113.37,1088.38,4740000000.0,-1.86,1112.39,1095.81,1121.14,1090.64,17710000000.0,1.97,1073.25
2019-05-16,1073.25,1080.09,1082.52,1067.37,1300000000.0,-0.5,1095.38,1109.09,1113.37,1088.38,4740000000.0,-1.86,1112.39,1095.81,1121.14,1090.64,17710000000.0,1.97,1068.45
2019-05-17,1068.45,1076.63,1079.39,1067.11,961260000.0,-0.45,1095.38,1109.09,1113.37,1088.38,4740000000.0,-1.86,1112.39,1095.81,1121.14,1090.64,17710000000.0,1.97,1071.6
2019-05-21,1071.6,1069.54,1076.75,1065.17,1150000000.0,0.29,1068.45,1095.02,1097.7,1067.11,5980000000.0,-2.46,1112.39,1095.81,1121.14,1090.64,17710000000.0,1.97,1083.04
2019-05-22,1083.04,1076.35,1084.22,1076.22,963760000.0,1.07,1068.45,1095.02,1097.7,1067.11,5980000000.0,-2.46,1112.39,1095.81,1121.14,1090.64,17710000000.0,1.97,1070.49
2019-05-23,1070.49,1079.21,1082.57,1069.03,1010000000.0,-1.16,1068.45,1095.02,1097.7,1067.11,5980000000.0,-2.46,1112.39,1095.81,1121.14,1090.64,17710000000.0,1.97,1072.13
2019-05-24,1072.13,1065.77,1075.63,1061.58,1180000000.0,0.15,1068.45,1095.02,1097.7,1067.11,5980000000.0,-2.46,1112.39,1095.81,1121.14,1090.64,17710000000.0,1.97,1078.98
2019-05-27,1078.98,1075.76,1082.64,1070.97,1000000000.0,0.64,1072.13,1069.54,1084.22,1061.58,4300000000.0,0.34,1112.39,1095.81,1121.14,1090.64,17710000000.0,1.97,1084.58
2019-05-28,1084.58,1081.99,1085.97,1074.68,4220000000.0,0.52,1072.13,1069.54,1084.22,1061.58,4300000000.0,0.34,1112.39,1095.81,1121.14,1090.64,17710000000.0,1.97,1074.89
2019-05-29,1074.89,1084.46,1085.27,1073.94,993650000.0,-0.89,1072.13,1069.54,1084.22,1061.58,4300000000.0,0.34,1112.39,1095.81,1121.14,1090.64,17710000000.0,1.97,1076.85
2019-05-30,1076.85,1074.92,1082.52,1074.34,762650000.0,0.18,1072.13,1069.54,1084.22,1061.58,4300000000.0,0.34,1112.39,1095.81,1121.14,1090.64,17710000000.0,1.97,1074.87
2019-05-31,1074.87,1075.79,1081.32,1068.07,1040000000.0,-0.18,1072.13,1069.54,1084.22,1061.58,4300000000.0,0.34,1112.39,1095.81,1121.14,1090.64,17710000000.0,1.97,1088.03
2019-06-04,1088.03,1078.64,1090.7,1076.83,1350000000.0,1.22,1074.87,1075.76,1085.97,1068.07,8020000000.0,0.26,1074.87,1115.35,1119.2,1061.58,24780000000.0,-3.37,1095.47
2019-06-05,1095.47,1095.81,1098.76,1091.34,1270000000.0,0.68,1074.87,1075.76,1085.97,1068.07,8020000000.0,0.26,1074.87,1115.35,1119.2,1061.58,24780000000.0,-3.37,1097.14
2019-06-06,1097.14,1095.07,1099.2,1090.42,950280000.0,0.15,1074.87,1075.76,1085.97,1068.07,8020000000.0,0.26,1074.87,1115.35,1119.2,1061.58,24780000000.0,-3.37,1095.52
2019-06-07,1095.52,1099.81,1100.88,1093.35,642840000.0,-0.15,1074.87,1075.76,1085.97,1068.07,8020000000.0,0.26,1074.87,1115.35,1119.2,1061.58,24780000000.0,-3.37,1103.29
2019-06-10,1103.29,1101.87,1105.7,1101.0,932330000.0,0.71,1095.52,1078.64,1100.88,1076.83,4220000000.0,1.92,1074.87,1115.35,1119.2,1061.58,24780000000.0,-3.37,1108.53
2019-06-11,1108.53,1104.75,1112.21,1101.76,1200000000.0,0.47,1095.52,1078.64,1100.88,1076.83,4220000000.0,1.92,1074.87,1115.35,1119.2,1061.58,24780000000.0,-3.37,1108.2
2019-06-12,1108.2,1107.08,1109.4,1103.78,1160000000.0,-0.03,1095.52,1078.64,1100.88,1076.83,4220000000.0,1.92,1074.87,1115.35,1119.2,1061.58,24780000000.0,-3.37,1109.23
2019-06-13,1109.23,1106.55,1111.42,1101.08,1330000000.0,0.09,1095.52,1078.64,1100.88,1076.83,4220000000.0,1.92,1074.87,1115.35,1119.2,1061.58,24780000000.0,-3.37,1107.36
2019-06-14,1107.36,1108.14,1110.51,1103.08,1320000000.0,-0.17,1095.52,1078.64,1100.88,1076.83,4220000000.0,1.92,1074.87,1115.35,1119.2,1061.58,24780000000.0,-3.37,1103.64
2019-06-17,1103.64,1108.37,1112.02,1103.2,1900000000.0,-0.34,1107.36,1101.87,1112.21,1101.0,5940000000.0,1.08,1074.87,1115.35,1119.2,1061.58,24780000000.0,-3.37,1117.49
2019-06-18,1117.49,1103.1,1117.74,1101.7,1400000000.0,1.25,1107.36,1101.87,1112.21,1101.0,5940000000.0,1.08,1074.87,1115.35,1119.2,1061.58,24780000000.0,-3.37,1135.23
2019-06-19,1135.23,1125.76,1140.2,1123.18,2280000000.0,1.59,1107.36,1101.87,1112.21,1101.0,5940000000.0,1.08,1074.87,1115.35,1119.2,1061.58,24780000000.0,-3.37,1144.64
2019-06-20,1144.64,1139.15,1148.56,1135.93,1840000000.0,0.83,1107.36,1101.87,1112.21,1101.0,5940000000.0,1.08,1074.87,1115.35,1119.2,1061.58,24780000000.0,-3.37,1142.46
2019-06-21,1142.46,1147.97,1152.44,1140.21,2110000000.0,-0.19,1107.36,1101.87,1112.21,1101.0,5940000000.0,1.08,1074.87,1115.35,1119.2,1061.58,24780000000.0,-3.37,1141.98
2019-06-24,1141.98,1146.84,1148.18,1139.73,1140000000.0,-0.04,1142.46,1108.37,1152.44,1101.7,9520000000.0,3.17,1074.87,1115.35,1119.2,1061.58,24780000000.0,-3.37,1145.73
2019-06-25,1145.73,1141.48,1149.38,1135.08,1570000000.0,0.33,1142.46,1108.37,1152.44,1101.7,9520000000.0,3.17,1074.87,1115.35,1119.2,1061.58,24780000000.0,-3.37,1145.17
2019-06-26,1145.17,1141.8,1146.91,1139.77,1250000000.0,-0.05,1142.46,1108.37,1152.44,1101.7,9520000000.0,3.17,1074.87,1115.35,1119.2,1061.58,24780000000.0,-3.37,1152.36
2019-06-27,1152.36,1148.9,1155.69,1147.71,1180000000.0,0.63,1142.46,1108.37,1152.44,1101.7,9520000000.0,3.17,1074.87,1115.35,1119.2,1061.58,24780000000.0,-3.37,1150.85
2019-06-28,1150.85,1152.1,1155.09,1149.82,1310000000.0,-0.13,1142.46,1108.37,1152.44,1101.7,9520000000.0,3.17,1074.87,1115.35,1119.2,1061.58,24780000000.0,-3.37,1159.79
2019-07-01,1159.79,1162.32,1164.72,1158.28,1380000000.0,0.78,1150.85,1146.84,1155.69,1135.08,6450000000.0,0.73,1150.85,1078.64,1155.69,1076.83,26130000000.0,7.07,1152.63
2019-07-02,1152.63,1157.02,1160.16,1150.52,1220000000.0,-0.62,1150.85,1146.84,1155.69,1135.08,6450000000.0,0.73,1150.85,1078.64,1155.69,1076.83,26130000000.0,7.07,1154.77
2019-07-03,1154.77,1153.27,1158.18,1149.73,1240000000.0,0.19,1150.85,1146.84,1155.69,1135.08,6450000000.0,0.73,1150.85,1078.64,1155.69,1076.83,26130000000.0,7.07,1144.08
2019-07-04,1144.08,1156.88,1161.21,1137.41,1890000000.0,-0.93,1150.85,1146.84,1155.69,1135.08,6450000000.0,0.73,1150.85,1078.64,1155.69,1076.83,26130000000.0,7.07,1148.28
2019-07-05,1148.28,1144.47,1149.17,1140.05,1130000000.0,0.37,1150.85,1146.84,1155.69,1135.08,6450000000.0,0.73,1150.85,1078.64,1155.69,1076.83,26130000000.0,7.07,1145.56
2019-07-08,1145.56,1144.61,1148.53,1140.27,1080000000.0,-0.24,1148.28,1162.32,1164.72,1137.41,6850000000.0,-0.22,1150.85,1078.64,1155.69,1076.83,26130000000.0,7.07,1136.68
2019-07-09,1136.68,1142.44,1146.49,1136.56,1380000000.0,-0.78,1148.28,1162.32,1164.72,1137.41,6850000000.0,-0.22,1150.85,1078.64,1155.69,1076.83,26130000000.0,7.07,1151.09
2019-07-10,1151.09,1140.75,1153.02,1138.06,1740000000.0,1.27,1148.28,1162.32,1164.72,1137.41,6850000000.0,-0.22,1150.85,1078.64,1155.69,1076.83,26130000000.0,7.07,1150.2
2019-07-11,1150.2,1155.86,1157.57,1148.28,1870000000.0,-0.08,1148.28,1162.32,1164.72,1137.41,6850000000.0,-0.22,1150.85,1078.64,1155.69,1076.83,26130000000.0,7.07,1143.08
2019-07-12,1143.08,1153.51,1154.76,1140.54,1800000000.0,-0.62,1148.28,1162.32,1164.72,1137.41,6850000000.0,-0.22,1150.85,1078.64,1155.69,1076.83,26130000000.0,7.07,1142.6
2019-07-15,1142.6,1144.34,1149.35,1140.69,1190000000.0,-0.04,1143.08,1144.61,1157.57,1136.56,7880000000.0,-0.45,1150.85,1078.64,1155.69,1076.83,26130000000.0,7.07,1138.76
2019-07-17,1138.76,1140.72,1144.84,1137.97,1260000000.0,-0.34,1143.08,1144.61,1157.57,1136.56,7880000000.0,-0.45,1150.85,1078.64,1155.69,1076.83,26130000000.0,7.07,1140.37
2019-07-18,1140.37,1135.95,1142.74,1135.51,1040000000.0,0.14,1143.08,1144.61,1157.57,1136.56,7880000000.0,-0.45,1150.85,1078.64,1155.69,1076.83,26130000000.0,7.07,1147.9
2019-07-19,1147.9,1149.21,1150.79,1145.27,1310000000.0,0.66,1143.08,1144.61,1157.57,1136.56,7880000000.0,-0.45,1150.85,1078.64,1155.69,1076.83,26130000000.0,7.07,1140.67
2019-07-22,1140.67,1145.21,1147.59,1137.71,1480000000.0,-0.63,1147.9,1144.34,1150.79,1135.51,4800000000.0,0.42,1150.85,1078.64,1155.69,1076.83,26130000000.0,7.07,1139.56
2019-07-23,1139.56,1143.01,1144.44,1135.51,1470000000.0,-0.1,1147.9,1144.34,1150.79,1135.51,4800000000.0,0.42,1150.85,1078.64,1155.69,1076.83,26130000000.0,7.07,1138.31
2019-07-24,1138.31,1141.43,1143.3,1134.6,930090000.0,-0.11,1147.9,1144.34,1150.79,1135.51,4800000000.0,0.42,1150.85,1078.64,1155.69,1076.83,26130000000.0,7.07,1141.45
2019-07-25,1141.45,1139.65,1143.38,1137.59,1070000000.0,0.28,1147.9,1144.34,1150.79,1135.51,4800000000.0,0.42,1150.85,1078.64,1155.69,1076.83,26130000000.0,7.07,1131.41
2019-07-26,1131.41,1139.82,1140.47,1129.02,1060000000.0,-0.88,1147.9,1144.34,1150.79,1135.51,4800000000.0,0.42,1150.85,1078.64,1155.69,1076.83,26130000000.0,7.07,1126.43
2019-07-30,1126.43,1132.37,1135.14,1124.38,1050000000.0,-0.44,1131.41,1145.21,1147.59,1129.02,6000000000.0,-1.44,1150.85,1078.64,1155.69,1076.83,26130000000.0,7.07,1130.92
2019-07-31,1130.92,1124.85,1134.54,1123.89,932500000.0,0.4,1131.41,1145.21,1147.59,1129.02,6000000000.0,-1.44,1150.85,1078.64,1155.69,1076.83,26130000000.0,7.07,1124.54
2019-08-01,1124.54,1126.28,1128.7,1120.73,951750000.0,-0.56,1131.41,1145.21,1147.59,1129.02,6000000000.0,-1.44,1130.92,1162.32,1164.72,1123.89,27510000000.0,-1.73,1113.17
2019-08-02,1113.17,1110.65,1115.31,1103.58,1660000000.0,-1.01,1131.41,1145.21,1147.59,1129.02,6000000000.0,-1.44,1130.92,1162.32,1164.72,1123.89,27510000000.0,-1.73,1098.46
2019-08-05,1098.46,1105.37,1111.18,1097.85,1010000000.0,-1.32,1113.17,1132.37,1135.14,1103.58,4600000000.0,-1.61,1130.92,1162.32,1164.72,1123.89,27510000000.0,-1.73,1102.31
2019-08-06,1102.31,1089.84,1105.45,1086.45,1590000000.0,0.35,1113.17,1132.37,1135.14,1103.58,4600000000.0,-1.61,1130.92,1162.32,1164.72,1123.89,27510000000.0,-1.73,1100.8
2019-08-07,1100.8,1103.29,1110.41,1098.14,1900000000.0,-0.14,1113.17,1132.37,1135.14,1103.58,4600000000.0,-1.61,1130.92,1162.32,1164.72,1123.89,27510000000.0,-1.73,1096.27
2019-08-08,1096.27,1101.4,1103.29,1092.76,1190000000.0,-0.41,1113.17,1132.37,1135.14,1103.58,4600000000.0,-1.61,1130.92,1162.32,1164.72,1123.89,27510000000.0,-1.73,1087.14
2019-08-09,1087.14,1101.82,1104.56,1086.32,1330000000.0,-0.83,1113.17,1132.37,1135.14,1103.58,4600000000.0,-1.61,1130.92,1162.32,1164.72,1123.89,27510000000.0,-1.73,1065.58
2019-08-13,1065.58,1081.21,1082.92,1064.44,1540000000.0,-1.98,1087.14,1105.37,1111.18,1086.32,7020000000.0,-2.34,1130.92,1162.32,1164.72,1123.89,27510000000.0,-1.73,1065.92
2019-08-14,1065.92,1076.52,1081.74,1059.91,1520000000.0,0.03,1087.14,1105.37,1111.18,1086.32,7020000000.0,-2.34,1130.92,1162.32,1164.72,1123.89,27510000000.0,-1.73,1056.32
2019-08-15,1056.32,1055.51,1065.21,1046.62,2140000000.0,-0.9,1087.14,1105.37,1111.18,1086.32,7020000000.0,-2.34,1130.92,1162.32,1164.72,1123.89,27510000000.0,-1.73,1075.84
2019-08-16,1075.84,1059.72,1077.62,1056.89,1400000000.0,1.85,1087.14,1105.37,1111.18,1086.32,7020000000.0,-2.34,1130.92,1162.32,1164.72,1123.89,27510000000.0,-1.73,1079.75
2019-08-19,1079.75,1081.66,1084.91,1076.71,1390000000.0,0.36,1075.84,1081.21,1082.92,1046.62,6590000000.0,-1.04,1130.92,1162.32,1164.72,1123.89,27510000000.0,-1.73,1070.23
2019-08-20,1070.23,1083.71,1084.26,1067.35,1230000000.0,-0.88,1075.84,1081.21,1082.92,1046.62,6590000000.0,-1.04,1130.92,1162.32,1164.72,1123.89,27510000000.0,-1.73,1080.46
2019-08-21,1080.46,1072.95,1084.69,1068.52,1050000000.0,0.96,1075.84,1081.21,1082.92,1046.62,6590000000.0,-1.04,1130.92,1162.32,1164.72,1123.89,27510000000.0,-1.73,1077.88
2019-08-22,1077.88,1071.78,1080.68,1070.94,1450000000.0,-0.24,1075.84,1081.21,1082.92,1046.62,6590000000.0,-1.04,1130.92,1162.32,1164.72,1123.89,27510000000.0,-1.73,1088.69
2019-08-23,1088.69,1081.42,1088.9,1079.87,1190000000.0,1.0,1075.84,1081.21,1082.92,1046.62,6590000000.0,-1.04,1130.92,1162.32,1164.72,1123.89,27510000000.0,-1.73,1071.74
2019-08-26,1071.74,1069.03,1073.1,1060.5,1520000000.0,-1.56,1088.69,1081.66,1088.9,1067.35,6320000000.0,1.19,1130.92,1162.32,1164.72,1123.89,27510000000.0,-1.73,1065.29
2019-08-27,1065.29,1072.86,1077.08,1062.02,1840000000.0,-0.6,1088.69,1081.66,1088.9,1067.35,6320000000.0,1.19,1130.92,1162.32,1164.72,1123.89,27510000000.0,-1.73,1066.21
2019-08-28,1066.21,1068.05,1071.99,1064.53,1060000000.0,0.09,1088.69,1081.66,1088.9,1067.35,6320000000.0,1.19,1130.92,1162.32,1164.72,1123.89,27510000000.0,-1.73,1083.32
2019-08-29,1083.32,1069.89,1083.57,1068.52,1460000000.0,1.6,1088.69,1081.66,1088.9,1067.35,6320000000.0,1.19,1130.92,1162.32,1164.72,1123.89,27510000000.0,-1.73,1096.47
2019-08-30,1096.47,1089.45,1096.47,1085.56,1380000000.0,1.21,1088.69,1081.66,1088.9,1067.35,6320000000.0,1.19,1130.92,1162.32,1164.72,1123.89,27510000000.0,-1.73,1095.04
2019-09-02,1095.04,1092.95,1099.18,1088.88,1150000000.0,-0.13,1096.47,1069.03,1096.47,1060.5,7250000000.0,0.71,1096.47,1126.28,1128.7,1046.62,29790000000.0,-3.05,1085.8
2019-09-03,1085.8,1097.42,1099.63,1085.8,1150000000.0,-0.84,1096.47,1069.03,1096.47,1060.5,7250000000.0,0.71,1096.47,1126.28,1128.7,1046.62,29790000000.0,-3.05,1099.93
2019-09-04,1099.93,1092.64,1104.83,1089.86,1330000000.0,1.3,1096.47,1069.03,1096.47,1060.5,7250000000.0,0.71,1096.47,1126.28,1128.7,1046.62,29790000000.0,-3.05,1108.91
2019-09-05,1108.91,1109.5,1112.0,1103.7,1280000000.0,0.82,1096.47,1069.03,1096.47,1060.5,7250000000.0,0.71,1096.47,1126.28,1128.7,1046.62,29790000000.0,-3.05,1109.2
2019-09-06,1109.2,1114.82,1116.11,1106.88,1020000000.0,0.03,1096.47,1069.03,1096.47,1060.5,7250000000.0,0.71,1096.47,1126.28,1128.7,1046.62,29790000000.0,-3.05,1110.57
2019-09-09,1110.57,1111.17,1114.24,1106.01,1210000000.0,0.12,1109.2,1092.95,1116.11,1085.8,5930000000.0,1.16,1096.47,1126.28,1128.7,1046.62,29790000000.0,-3.05,1107.41
2019-09-10,1107.41,1114.05,1115.85,1104.27,1330000000.0,-0.28,1109.2,1092.95,1116.11,1085.8,5930000000.0,1.16,1096.47,1126.28,1128.7,1046.62,29790000000.0,-3.05,1115.39
2019-09-11,1115.39,1110.44,1115.91,1104.78,1820000000.0,0.72,1109.2,1092.95,1116.11,1085.8,5930000000.0,1.16,1096.47,1126.28,1128.7,1046.62,29790000000.0,-3.05,1103.91
2019-09-12,1103.91,1118.36,1118.99,1102.25,1600000000.0,-1.03,1109.2,1092.95,1116.11,1085.8,5930000000.0,1.16,1096.47,1126.28,1128.7,1046.62,29790000000.0,-3.05,1103.67
2019-09-13,1103.67,1106.12,1107.85,1098.89,1210000000.0,-0.02,1109.2,1092.95,1116.11,1085.8,5930000000.0,1.16,1096.47,1126.28,1128.7,1046.62,29790000000.0,-3.05,1106.03
2019-09-16,1106.03,1107.85,1109.68,1101.18,1190000000.0,0.21,1103.67,1111.17,1118.99,1098.89,7180000000.0,-0.5,1096.47,1126.28,1128.7,1046.62,29790000000.0,-3.05,1107.82
2019-09-17,1107.82,1104.87,1113.26,1103.19,1570000000.0,0.16,1103.67,1111.17,1118.99,1098.89,7180000000.0,-0.5,1096.47,1126.28,1128.7,1046.62,29790000000.0,-3.05,1100.54
2019-09-18,1100.54,1107.3,1108.43,1097.22,1330000000.0,-0.66,1103.67,1111.17,1118.99,1098.89,7180000000.0,-0.5,1096.47,1126.28,1128.7,1046.62,29790000000.0,-3.05,1090.34
2019-09-19,1090.34,1102.35,1106.01,1087.93,1520000000.0,-0.93,1103.67,1111.17,1118.99,1098.89,7180000000.0,-0.5,1096.47,1126.28,1128.7,1046.62,29790000000.0,-3.05,1089.04
2019-09-20,1089.04,1090.31,1093.41,1080.92,1660000000.0,-0.12,1103.67,1111.17,1118.99,1098.89,7180000000.0,-0.5,1096.47,1126.28,1128.7,1046.62,29790000000.0,-3.05,1078.65
2019-09-23,1078.65,1088.04,1088.74,1077.05,1110000000.0,-0.95,1089.04,1107.85,1113.26,1080.92,7270000000.0,-1.33,1096.47,1126.28,1128.7,1046.62,29790000000.0,-3.05,1084.56
2019-09-24,1084.56,1079.08,1087.73,1078.29,1590000000.0,0.55,1089.04,1107.85,1113.26,1080.92,7270000000.0,-1.33,1096.47,1126.28,1128.7,1046.62,29790000000.0,-3.05,1081.53
2019-09-25,1081.53,1079.4,1084.22,1077.05,1330000000.0,-0.28,1089.04,1107.85,1113.26,1080.92,7270000000.0,-1.33,1096.47,1126.28,1128.7,1046.62,29790000000.0,-3.05,1088.5
2019-09-26,1088.5,1086.04,1089.88,1083.09,1300000000.0,0.64,1089.04,1107.85,1113.26,1080.92,7270000000.0,-1.33,1096.47,1126.28,1128.7,1046.62,29790000000.0,-3.05,1094.73
2019-09-27,1094.73,1088.01,1099.45,1083.3,1090000000.0,0.57,1089.04,1107.85,1113.26,1080.92,7270000000.0,-1.33,1096.47,1126.28,1128.7,1046.62,29790000000.0,-3.05,1090.31
2019-09-30,1090.31,1093.95,1096.0,1086.86,896470000.0,-0.4,1094.73,1088.04,1099.45,1077.05,6410000000.0,0.52,1096.47,1126.28,1128.7,1046.62,29790000000.0,-3.05,1080.07
2019-10-01,1080.07,1090.54,1091.9,1079.2,716770000.0,-0.94,1094.73,1088.04,1099.45,1077.05,6410000000.0,0.52,1090.31,1092.95,1118.99,1077.05,27680000000.0,-0.56,1072.27
2019-10-02,1072.27,1075.27,1076.6,1068.03,836630000.0,-0.72,1094.73,1088.04,1099.45,1077.05,6410000000.0,0.52,1090.31,1092.95,1118.99,1077.05,27680000000.0,-0.56,1070.62
2019-10-03,1070.62,1066.55,1074.1,1065.55,773220000.0,-0.15,1094.73,1088.04,1099.45,1077.05,6410000000.0,0.52,1090.31,1092.95,1118.99,1077.05,27680000000.0,-0.56,1067.75
2019-10-04,1067.75,1072.57,1074.11,1065.65,840770000.0,-0.27,1094.73,1088.04,1099.45,1077.05,6410000000.0,0.52,1090.31,1092.95,1118.99,1077.05,27680000000.0,-0.56,1074.0
2019-10-07,1074.0,1072.78,1076.66,1069.14,858640000.0,0.59,1067.75,1093.95,1096.0,1065.55,4060000000.0,-2.46,1090.31,1092.95,1118.99,1077.05,27680000000.0,-0.56,1071.95
2019-10-08,1071.95,1079.41,1081.86,1070.1,796420000.0,-0.19,1067.75,1093.95,1096.0,1065.55,4060000000.0,-2.46,1090.31,1092.95,1118.99,1077.05,27680000000.0,-0.56,1076.56
2019-10-09,1076.56,1071.29,1078.1,1066.68,869370000.0,0.43,1067.75,1093.95,1096.0,1065.55,4060000000.0,-2.46,1090.31,1092.95,1118.99,1077.05,27680000000.0,-0.56,1067.54
2019-10-10,1067.54,1073.96,1075.22,1067.46,879360000.0,-0.84,1067.75,1093.95,1096.0,1065.55,4060000000.0,-2.46,1090.31,1092.95,1118.99,1077.05,27680000000.0,-0.56,1083.77
2019-10-11,1083.77,1073.15,1085.12,1072.81,1190000000.0,1.52,1067.75,1093.95,1096.0,1065.55,4060000000.0,-2.46,1090.31,1092.95,1118.99,1077.05,27680000000.0,-0.56,1085.38
2019-10-15,1085.38,1087.31,1089.67,1080.62,963070000.0,0.15,1083.77,1072.78,1085.12,1066.68,4590000000.0,1.5,1090.31,1092.95,1118.99,1077.05,27680000000.0,-0.56,1091.29
2019-10-16,1091.29,1087.84,1093.41,1086.72,1590000000.0,0.54,1083.77,1072.78,1085.12,1066.68,4590000000.0,1.5,1090.31,1092.95,1118.99,1077.05,27680000000.0,-0.56,1090.67
2019-10-17,1090.67,1095.38,1096.38,1087.74,1700000000.0,-0.06,1083.77,1072.78,1085.12,1066.68,4590000000.0,1.5,1090.31,1092.95,1118.99,1077.05,27680000000.0,-0.56,1089.28
2019-10-18,1089.28,1091.65,1094.74,1083.01,1810000000.0,-0.13,1083.77,1072.78,1085.12,1066.68,4590000000.0,1.5,1090.31,1092.95,1118.99,1077.05,27680000000.0,-0.56,1081.38
2019-10-21,1081.38,1088.23,1089.41,1079.8,1320000000.0,-0.73,1089.28,1087.31,1096.38,1080.62,6070000000.0,0.51,1090.31,1092.95,1118.99,1077.05,27680000000.0,-0.56,1089.35
2019-10-22,1089.35,1084.66,1090.19,1084.06,1040000000.0,0.74,1089.28,1087.31,1096.38,1080.62,6070000000.0,0.51,1090.31,1092.95,1118.99,1077.05,27680000000.0,-0.56,1083.43
2019-10-24,1083.43,1093.33,1094.66,1080.29,1540000000.0,-0.54,1089.28,1087.31,1096.38,1080.62,6070000000.0,0.51,1090.31,1092.95,1118.99,1077.05,27680000000.0,-0.56,1066.34
2019-10-25,1066.34,1083.17,1085.02,1065.08,1610000000.0,-1.58,1089.28,1087.31,1096.38,1080.62,6070000000.0,0.51,1090.31,1092.95,1118.99,1077.05,27680000000.0,-0.56,1070.68
2019-10-28,1070.68,1066.17,1073.49,1057.94,1200000000.0,0.41,1066.34,1088.23,1094.66,1065.08,5520000000.0,-2.11,1090.31,1092.95,1118.99,1077.05,27680000000.0,-0.56,1066.48
2019-10-29,1066.48,1074.5,1077.29,1064.36,1180000000.0,-0.39,1066.34,1088.23,1094.66,1065.08,5520000000.0,-2.11,1090.31,1092.95,1118.99,1077.05,27680000000.0,-0.56,1075.91
2019-10-30,1075.91,1069.02,1075.91,1064.61,1450000000.0,0.88,1066.34,1088.23,1094.66,1065.08,5520000000.0,-2.11,1090.31,1092.95,1118.99,1077.05,27680000000.0,-0.56,1073.26
2019-10-31,1073.26,1079.82,1081.76,1072.74,1380000000.0,-0.25,1066.34,1088.23,1094.66,1065.08,5520000000.0,-2.11,1090.31,1092.95,1118.99,1077.05,27680000000.0,-0.56,1068.71
2019-11-01,1068.71,1072.65,1075.43,1065.93,979380000.0,-0.42,1066.34,1088.23,1094.66,1065.08,5520000000.0,-2.11,1073.26,1090.54,1096.38,1057.94,24550000000.0,-1.56,1092.58
2019-11-04,1092.58,1076.72,1095.29,1075.76,1220000000.0,2.23,1068.71,1066.17,1081.76,1057.94,6180000000.0,0.22,1073.26,1090.54,1096.38,1057.94,24550000000.0,-1.56,1096.79
2019-11-05,1096.79,1097.78,1098.66,1089.13,1300000000.0,0.39,1068.71,1066.17,1081.76,1057.94,6180000000.0,0.22,1073.26,1090.54,1096.38,1057.94,24550000000.0,-1.56,1093.5
2019-11-06,1093.5,1096.32,1099.82,1091.5,1420000000.0,-0.3,1068.71,1066.17,1081.76,1057.94,6180000000.0,0.22,1073.26,1090.54,1096.38,1057.94,24550000000.0,-1.56,1106.15
2019-11-07,1106.15,1092.68,1106.64,1089.14,1430000000.0,1.16,1068.71,1066.17,1081.76,1057.94,6180000000.0,0.22,1073.26,1090.54,1096.38,1057.94,24550000000.0,-1.56,1103.55
2019-11-08,1103.55,1105.85,1107.13,1100.39,1360000000.0,-0.24,1068.71,1066.17,1081.76,1057.94,6180000000.0,0.22,1073.26,1090.54,1096.38,1057.94,24550000000.0,-1.56,1092.69
2019-11-11,1092.69,1098.91,1100.6,1089.82,1530000000.0,-0.98,1103.55,1076.72,1107.13,1075.76,6730000000.0,3.26,1073.26,1090.54,1096.38,1057.94,24550000000.0,-1.56,1095.68
2019-11-12,1095.68,1095.28,1101.81,1092.64,992150000.0,0.27,1103.55,1076.72,1107.13,1075.76,6730000000.0,3.26,1073.26,1090.54,1096.38,1057.94,24550000000.0,-1.56,1088.37
2019-11-13,1088.37,1091.9,1097.07,1084.58,916220000.0,-0.67,1103.55,1076.72,1107.13,1075.76,6730000000.0,3.26,1073.26,1090.54,1096.38,1057.94,24550000000.0,-1.56,1085.44
2019-11-14,1085.44,1089.47,1092.62,1081.89,1040000000.0,-0.27,1103.55,1076.72,1107.13,1075.76,6730000000.0,3.26,1073.26,1090.54,1096.38,1057.94,24550000000.0,-1.56,1081.78
2019-11-15,1081.78,1088.21,1089.77,1076.17,1680000000.0,-0.34,1103.55,1076.72,1107.13,1075.76,6730000000.0,3.26,1073.26,1090.54,1096.38,1057.94,24550000000.0,-1.56,1085.81
2019-11-18,1085.81,1084.34,1088.15,1077.73,1280000000.0,0.37,1081.78,1098.91,1101.81,1076.17,6160000000.0,-1.97,1073.26,1090.54,1096.38,1057.94,24550000000.0,-1.56,1084.27
2019-11-19,1084.27,1083.42,1086.89,1078.58,1360000000.0,-0.14,1081.78,1098.91,1101.81,1076.17,6160000000.0,-1.97,1073.26,1090.54,1096.38,1057.94,24550000000.0,-1.56,1075.77
2019-11-20,1075.77,1077.33,1080.51,1074.2,1630000000.0,-0.78,1081.78,1098.91,1101.81,1076.17,6160000000.0,-1.97,1073.26,1090.54,1096.38,1057.94,24550000000.0,-1.56,1073.1
2019-11-21,1073.1,1074.03,1075.35,1066.41,1780000000.0,-0.25,1081.78,1098.91,1101.81,1076.17,6160000000.0,-1.97,1073.26,1090.54,1096.38,1057.94,24550000000.0,-1.56,1077.51
2019-11-22,1077.51,1075.47,1079.03,1071.86,1360000000.0,0.41,1081.78,1098.91,1101.81,1076.17,6160000000.0,-1.97,1073.26,1090.54,1096.38,1057.94,24550000000.0,-1.56,1089.67
2019-11-25,1089.67,1081.87,1089.67,1079.97,1730000000.0,1.13,1077.51,1084.34,1088.15,1066.41,7410000000.0,-0.39,1073.26,1090.54,1096.38,1057.94,24550000000.0,-1.56,1083.7
2019-11-26,1083.7,1092.29,1094.05,1082.99,3020000000.0,-0.55,1077.51,1084.34,1088.15,1066.41,7410000000.0,-0.39,1073.26,1090.54,1096.38,1057.94,24550000000.0,-1.56,1084.13
2019-11-27,1084.13,1085.52,1087.82,1081.31,2020000000.0,0.04,1077.51,1084.34,1088.15,1066.41,7410000000.0,-0.39,1073.26,1090.54,1096.38,1057.94,24550000000.0,-1.56,1077.3
2019-11-28,1077.3,1083.92,1085.02,1074.97,1620000000.0,-0.63,1077.51,1084.34,1088.15,1066.41,7410000000.0,-0.39,1073.26,1090.54,1096.38,1057.94,24550000000.0,-1.56,1070.23
2019-11-29,1070.23,1073.66,1073.93,1062.23,1590000000.0,-0.66,1077.51,1084.34,1088.15,1066.41,7410000000.0,-0.39,1073.26,1090.54,1096.38,1057.94,24550000000.0,-1.56,1054.88
2019-12-02,1054.88,1068.96,1069.6,1051.89,1140000000.0,-1.43,1070.23,1081.87,1094.05,1062.23,9980000000.0,-0.68,1070.23,1072.65,1107.13,1062.23,31260000000.0,-0.28,1054.28
2019-12-03,1054.28,1049.45,1058.44,1048.25,1350000000.0,-0.06,1070.23,1081.87,1094.05,1062.23,9980000000.0,-0.68,1070.23,1072.65,1107.13,1062.23,31260000000.0,-0.28,1053.4
2019-12-04,1053.4,1049.74,1056.88,1045.39,1650000000.0,-0.08,1070.23,1081.87,1094.05,1062.23,9980000000.0,-0.68,1070.23,1072.65,1107.13,1062.23,31260000000.0,-0.28,1048.76
2019-12-06,1048.76,1057.54,1061.04,1047.89,1150000000.0,-0.44,1070.23,1081.87,1094.05,1062.23,9980000000.0,-0.68,1070.23,1072.65,1107.13,1062.23,31260000000.0,-0.28,1047.02
2019-12-09,1047.02,1049.48,1049.56,1041.28,1290000000.0,-0.17,1048.76,1068.96,1069.6,1045.39,5300000000.0,-2.01,1070.23,1072.65,1107.13,1062.23,31260000000.0,-0.28,1048.85
2019-12-11,1048.85,1049.2,1052.84,1043.54,1560000000.0,0.17,1048.76,1068.96,1069.6,1045.39,5300000000.0,-2.01,1070.23,1072.65,1107.13,1062.23,31260000000.0,-0.28,1057.87
2019-12-12,1057.87,1054.2,1062.31,1051.95,1590000000.0,0.86,1048.76,1068.96,1069.6,1045.39,5300000000.0,-2.01,1070.23,1072.65,1107.13,1062.23,31260000000.0,-0.28,1066.63
2019-12-13,1066.63,1069.18,1072.76,1062.63,1620000000.0,0.83,1048.76,1068.96,1069.6,1045.39,5300000000.0,-2.01,1070.23,1072.65,1107.13,1062.23,31260000000.0,-0.28,1048.08
2019-12-16,1048.08,1065.46,1066.21,1048.08,969060000.0,-1.74,1066.63,1049.48,1072.76,1041.28,6060000000.0,1.7,1070.23,1072.65,1107.13,1062.23,31260000000.0,-0.28,1049.84
2019-12-17,1049.84,1049.57,1054.45,1043.16,1430000000.0,0.17,1066.63,1049.48,1072.76,1041.28,6060000000.0,1.7,1070.23,1072.65,1107.13,1062.23,31260000000.0,-0.28,1062.62
2019-12-18,1062.62,1055.62,1064.39,1054.99,1380000000.0,1.22,1066.63,1049.48,1072.76,1041.28,6060000000.0,1.7,1070.23,1072.65,1107.13,1062.23,31260000000.0,-0.28,1068.39
2019-12-19,1068.39,1057.78,1071.73,1052.51,2770000000.0,0.54,1066.63,1049.48,1072.76,1041.28,6060000000.0,1.7,1070.23,1072.65,1107.13,1062.23,31260000000.0,-0.28,1067.62
2019-12-20,1067.62,1067.24,1070.42,1061.71,1750000000.0,-0.07,1066.63,1049.48,1072.76,1041.28,6060000000.0,1.7,1070.23,1072.65,1107.13,1062.23,31260000000.0,-0.28,1069.53
2019-12-23,1069.53,1069.11,1075.29,1067.13,1420000000.0,0.18,1067.62,1065.46,1071.73,1043.16,8310000000.000001,0.09,1070.23,1072.65,1107.13,1062.23,31260000000.0,-0.28,1065.23
2019-12-24,1065.23,1070.38,1071.83,1063.74,1270000000.0,-0.4,1067.62,1065.46,1071.73,1043.16,8310000000.000001,0.09,1070.23,1072.65,1107.13,1062.23,31260000000.0,-0.28,1067.99
2019-12-25,1067.99,1062.79,1069.6,1061.32,591910000.0,0.26,1067.62,1065.46,1071.73,1043.16,8310000000.000001,0.09,1070.23,1072.65,1107.13,1062.23,31260000000.0,-0.28,1070.74
2019-12-26,1070.74,1068.57,1071.84,1066.53,752040000.0,0.26,1067.62,1065.46,1071.73,1043.16,8310000000.000001,0.09,1070.23,1072.65,1107.13,1062.23,31260000000.0,-0.28,1068.72
2019-12-27,1068.72,1074.67,1077.51,1059.21,1030000000.0,-0.19,1067.62,1065.46,1071.73,1043.16,8310000000.000001,0.09,1070.23,1072.65,1107.13,1062.23,31260000000.0,-0.28,1068.5
2019-12-30,1068.5,1071.21,1072.95,1066.34,778800000.0,-0.02,1068.72,1069.11,1077.51,1059.21,5070000000.0,0.1,1070.23,1072.65,1107.13,1062.23,31260000000.0,-0.28,1081.0
2020-01-02,1081.0,1072.36,1083.41,1071.16,1750000000.0,1.17,1068.72,1069.11,1077.51,1059.21,5070000000.0,0.1,1068.5,1068.96,1077.51,1041.28,25510000000.0,-0.16,1079.5
2020-01-03,1079.5,1081.12,1086.71,1077.32,1480000000.0,-0.14,1068.72,1069.11,1077.51,1059.21,5070000000.0,0.1,1068.5,1068.96,1077.51,1041.28,25510000000.0,-0.16,1063.83
2020-01-06,1063.83,1072.49,1074.5,1061.17,2030000000.0,-1.45,1079.5,1071.21,1086.71,1066.34,4010000000.0,1.01,1068.5,1068.96,1077.51,1041.28,25510000000.0,-0.16,1075.07
2020-01-07,1075.07,1071.2,1075.2,1062.78,1580000000.0,1.06,1079.5,1071.21,1086.71,1066.34,4010000000.0,1.01,1068.5,1068.96,1077.51,1041.28,25510000000.0,-0.16,1057.19
2020-01-08,1057.19,1063.94,1066.77,1054.24,1970000000.0,-1.66,1079.5,1071.21,1086.71,1066.34,4010000000.0,1.01,1068.5,1068.96,1077.51,1041.28,25510000000.0,-0.16,1071.15
2020-01-09,1071.15,1066.38,1073.19,1061.88,1780000000.0,1.32,1079.5,1071.21,1086.71,1066.34,4010000000.0,1.01,1068.5,1068.96,1077.51,1041.28,25510000000.0,-0.16,1071.03
2020-01-10,1071.03,1073.46,1074.07,1065.68,1230000000.0,-0.01,1079.5,1071.21,1086.71,1066.34,4010000000.0,1.01,1068.5,1068.96,1077.51,1041.28,25510000000.0,-0.16,1074.25
2020-01-13,1074.25,1075.44,1077.54,1068.69,1140000000.0,0.3,1071.03,1072.49,1075.2,1054.24,8590000000.0,-0.78,1068.5,1068.96,1077.51,1041.28,25510000000.0,-0.16,1074.04
2020-01-14,1074.04,1076.57,1078.39,1067.77,1280000000.0,-0.02,1071.03,1072.49,1075.2,1054.24,8590000000.0,-0.78,1068.5,1068.96,1077.51,1041.28,25510000000.0,-0.16,1067.66
2020-01-15,1067.66,1069.78,1073.38,1063.7,1270000000.0,-0.59,1071.03,1072.49,1075.2,1054.24,8590000000.0,-0.78,1068.5,1068.96,1077.51,1041.28,25510000000.0,-0.16,1078.87
2020-01-16,1078.87,1068.58,1080.94,1067.44,1340000000.0,1.05,1071.03,1072.49,1075.2,1054.24,8590000000.0,-0.78,1068.5,1068.96,1077.51,1041.28,25510000000.0,-0.16,1081.22
2020-01-17,1081.22,1081.83,1084.23,1078.16,1360000000.0,0.22,1071.03,1072.49,1075.2,1054.24,8590000000.0,-0.78,1068.5,1068.96,1077.51,1041.28,25510000000.0,-0.16,1071.8
2020-01-20,1071.8,1077.28,1078.48,1069.72,1460000000.0,-0.87,1081.22,1075.44,1084.23,1063.7,6390000000.0,0.95,1068.5,1068.96,1077.51,1041.28,25510000000.0,-0.16,1062.26
2020-01-21,1062.26,1066.66,1070.09,1060.49,1760000000.0,-0.89,1081.22,1075.44,1084.23,1063.7,6390000000.0,0.95,1068.5,1068.96,1077.51,1041.28,25510000000.0,-0.16,1063.33
2020-01-22,1063.33,1066.02,1066.97,1056.99,1830000000.0,0.1,1081.22,1075.44,1084.23,1063.7,6390000000.0,0.95,1068.5,1068.96,1077.51,1041.28,25510000000.0,-0.16,1062.84
2020-01-23,1062.84,1060.05,1066.01,1056.94,1400000000.0,-0.05,1081.22,1075.44,1084.23,1063.7,6390000000.0,0.95,1068.5,1068.96,1077.51,1041.28,25510000000.0,-0.16,1059.82
2020-01-24,1059.82,1064.02,1064.79,1057.64,1130000000.0,-0.28,1081.22,1075.44,1084.23,1063.7,6390000000.0,0.95,1068.5,1068.96,1077.51,1041.28,25510000000.0,-0.16,1024.53
2020-01-27,1024.53,1041.33,1042.98,1019.61,1960000000.0,-3.33,1059.82,1077.28,1078.48,1056.94,7570000000.0,-1.98,1068.5,1068.96,1077.51,1041.28,25510000000.0,-0.16,1016.9
2020-01-28,1016.9,1020.87,1032.9,1011.96,1550000000.0,-0.74,1059.82,1077.28,1078.48,1056.94,7570000000.0,-1.98,1068.5,1068.96,1077.51,1041.28,25510000000.0,-0.16,1026.58
2020-01-29,1026.58,1024.56,1029.63,1015.42,1410000000.0,0.95,1059.82,1077.28,1078.48,1056.94,7570000000.0,-1.98,1068.5,1068.96,1077.51,1041.28,25510000000.0,-0.16,1024.76
2020-01-30,1024.76,1019.45,1026.74,1018.41,1080000000.0,-0.18,1059.82,1077.28,1078.48,1056.94,7570000000.0,-1.98,1068.5,1068.96,1077.51,1041.28,25510000000.0,-0.16,1018.08
2020-01-31,1018.08,1028.78,1031.37,1018.03,1270000000.0,-0.65,1059.82,1077.28,1078.48,1056.94,7570000000.0,-1.98,1068.5,1068.96,1077.51,1041.28,25510000000.0,-0.16,1005.79
2020-02-03,1005.79,1013.1,1018.89,1005.59,1080000000.0,-1.21,1018.08,1041.33,1042.98,1011.96,7260000000.0,-3.94,1018.08,1072.36,1086.71,1011.96,33050000000.0,-4.72,1023.89
2020-02-04,1023.89,1009.86,1024.88,1007.7,1440000000.0,1.8,1018.08,1041.33,1042.98,1011.96,7260000000.0,-3.94,1018.08,1072.36,1086.71,1011.96,33050000000.0,-4.72,1032.89
2020-02-05,1032.89,1024.78,1034.35,1020.48,1460000000.0,0.88,1018.08,1041.33,1042.98,1011.96,7260000000.0,-3.94,1018.08,1072.36,1086.71,1011.96,33050000000.0,-4.72,1032.07
2020-02-06,1032.07,1035.92,1038.72,1028.72,1590000000.0,-0.08,1018.08,1041.33,1042.98,1011.96,7260000000.0,-3.94,1018.08,1072.36,1086.71,1011.96,33050000000.0,-4.72,1030.9
2020-02-07,1030.9,1032.15,1034.3,1024.64,1250000000.0,-0.11,1018.08,1041.33,1042.98,1011.96,7260000000.0,-3.94,1018.08,1072.36,1086.71,1011.96,33050000000.0,-4.72,1021.95
2020-02-11,1021.95,1033.2,1034.14,1021.19,1170000000.0,-0.87,1030.9,1013.1,1038.72,1005.59,6820000000.0,1.26,1018.08,1072.36,1086.71,1011.96,33050000000.0,-4.72,1034.01
2020-02-12,1034.01,1027.66,1036.91,1025.87,1180000000.0,1.18,1030.9,1013.1,1038.72,1005.59,6820000000.0,1.26,1018.08,1072.36,1086.71,1011.96,33050000000.0,-4.72,1026.68
2020-02-13,1026.68,1032.93,1034.95,1025.1,940930000.0,-0.71,1030.9,1013.1,1038.72,1005.59,6820000000.0,1.26,1018.08,1072.36,1086.71,1011.96,33050000000.0,-4.72,1022.02
2020-02-14,1022.02,1030.08,1031.78,1019.94,1150000000.0,-0.45,1030.9,1013.1,1038.72,1005.59,6820000000.0,1.26,1018.08,1072.36,1086.71,1011.96,33050000000.0,-4.72,1025.18
2020-02-17,1025.18,1023.69,1028.12,1021.04,978280000.0,0.31,1022.02,1033.2,1036.91,1019.94,4450000000.0,-0.86,1018.08,1072.36,1086.71,1011.96,33050000000.0,-4.72,1015.09
2020-02-18,1015.09,1019.47,1020.52,1012.54,1020000000.0,-0.98,1022.02,1033.2,1036.91,1019.94,4450000000.0,-0.86,1018.08,1072.36,1086.71,1011.96,33050000000.0,-4.72,1011.38
2020-02-19,1011.38,1018.0,1022.72,1008.34,1380000000.0,-0.37,1022.02,1033.2,1036.91,1019.94,4450000000.0,-0.86,1018.08,1072.36,1086.71,1011.96,33050000000.0,-4.72,999.99
2020-02-20,999.99,1010.72,1011.09,994.55,1620000000.0,-1.13,1022.02,1033.2,1036.91,1019.94,4450000000.0,-0.86,1018.08,1072.36,1086.71,1011.96,33050000000.0,-4.72,1003.51
2020-02-21,1003.51,990.51,1003.66,989.65,1470000000.0,0.35,1022.02,1033.2,1036.91,1019.94,4450000000.0,-0.86,1018.08,1072.36,1086.71,1011.96,33050000000.0,-4.72,962.25
2020-02-24,962.25,987.78,988.8,962.25,1820000000.0,-4.11,1003.51,1023.69,1028.12,989.65,6460000000.0,-1.81,1018.08,1072.36,1086.71,1011.96,33050000000.0,-4.72,967.92
2020-02-25,967.92,964.38,974.46,952.09,2070000000.0,0.59,1003.51,1023.69,1028.12,989.65,6460000000.0,-1.81,1018.08,1072.36,1086.71,1011.96,33050000000.0,-4.72,917.49
2020-02-26,917.49,958.07,961.12,917.49,2660000000.0,-5.21,1003.51,1023.69,1028.12,989.65,6460000000.0,-1.81,1018.08,1072.36,1086.71,1011.96,33050000000.0,-4.72,938.77
2020-02-27,938.77,922.16,942.12,909.98,2000000000.0,2.32,1003.51,1023.69,1028.12,989.65,6460000000.0,-1.81,1018.08,1072.36,1086.71,1011.96,33050000000.0,-4.72,897.84
2020-02-28,897.84,903.7,911.85,894.31,2210000000.0,-4.36,1003.51,1023.69,1028.12,989.65,6460000000.0,-1.81,1018.08,1072.36,1086.71,1011.96,33050000000.0,-4.72,897.96
2020-03-02,897.96,911.75,915.2,884.05,1840000000.0,0.01,897.84,987.78,988.8,894.31,10750000000.0,-10.53,897.84,1013.1,1038.72,894.31,28480000000.0,-11.81,928.25
2020-03-03,928.25,915.55,933.11,910.0,1990000000.0,3.37,897.84,987.78,988.8,894.31,10750000000.0,-10.53,897.84,1013.1,1038.72,894.31,28480000000.0,-11.81,928.25
2020-03-04,928.25,917.65,931.33,915.15,1380000000.0,0.0,897.84,987.78,988.8,894.31,10750000000.0,-10.53,897.84,1013.1,1038.72,894.31,28480000000.0,-11.81,934.94
2020-03-05,934.94,937.25,948.74,934.94,1550000000.0,0.72,897.84,987.78,988.8,894.31,10750000000.0,-10.53,897.84,1013.1,1038.72,894.31,28480000000.0,-11.81,914.22
2020-03-06,914.22,921.45,922.41,910.15,1430000000.0,-2.22,897.84,987.78,988.8,894.31,10750000000.0,-10.53,897.84,1013.1,1038.72,894.31,28480000000.0,-11.81,827.85
2020-03-09,827.85,839.28,864.17,823.11,3050000000.0,-9.45,914.22,911.75,948.74,884.05,8189999999.999999,1.82,897.84,1013.1,1038.72,894.31,28480000000.0,-11.81,839.52
2020-03-10,839.52,833.45,852.25,830.31,2210000000.0,1.41,914.22,911.75,948.74,884.05,8189999999.999999,1.82,897.84,1013.1,1038.72,894.31,28480000000.0,-11.81,822.99
2020-03-11,822.99,836.9,848.23,812.0,1920000000.0,-1.97,914.22,911.75,948.74,884.05,8189999999.999999,1.82,897.84,1013.1,1038.72,894.31,28480000000.0,-11.81,726.73
2020-03-12,726.73,769.29,772.45,712.65,3330000000.0,-11.7,914.22,911.75,948.74,884.05,8189999999.999999,1.82,897.84,1013.1,1038.72,894.31,28480000000.0,-11.81,749.01
2020-03-13,749.01,653.63,777.49,628.97,4280000000.000001,3.07,914.22,911.75,948.74,884.05,8189999999.999999,1.82,897.84,1013.1,1038.72,894.31,28480000000.0,-11.81,689.47
2020-03-16,689.47,707.26,732.79,687.01,2490000000.0,-7.95,749.01,839.28,864.17,628.97,14800000000.0,-18.07,897.84,1013.1,1038.72,894.31,28480000000.0,-11.81,683.16
2020-03-17,683.16,690.68,710.79,683.16,2360000000.0,-0.92,749.01,839.28,864.17,628.97,14800000000.0,-18.07,897.84,1013.1,1038.72,894.31,28480000000.0,-11.81,693.14
2020-03-18,693.14,697.38,715.32,675.79,2140000000.0,1.46,749.01,839.28,864.17,628.97,14800000000.0,-18.07,897.84,1013.1,1038.72,894.31,28480000000.0,-11.81,691.99
2020-03-19,691.99,670.64,697.29,665.27,2300000000.0,-0.17,749.01,839.28,864.17,628.97,14800000000.0,-18.07,897.84,1013.1,1038.72,894.31,28480000000.0,-11.81,756.11
2020-03-20,756.11,718.02,761.08,710.41,3240000000.0,9.27,749.01,839.28,864.17,628.97,14800000000.0,-18.07,897.84,1013.1,1038.72,894.31,28480000000.0,-11.81,680.07
2020-03-23,680.07,693.19,711.63,679.35,2160000000.0,-10.06,756.11,707.26,761.08,665.27,12520000000.0,0.95,897.84,1013.1,1038.72,894.31,28480000000.0,-11.81,691.15
2020-03-24,691.15,712.99,715.76,681.94,2310000000.0,1.63,756.11,707.26,761.08,665.27,12520000000.0,0.95,897.84,1013.1,1038.72,894.31,28480000000.0,-11.81,728.53
2020-03-25,728.53,715.2,745.13,704.52,2430000000.0,5.41,756.11,707.26,761.08,665.27,12520000000.0,0.95,897.84,1013.1,1038.72,894.31,28480000000.0,-11.81,737.58
2020-03-26,737.58,724.06,746.55,721.66,2240000000.0,1.24,756.11,707.26,761.08,665.27,12520000000.0,0.95,897.84,1013.1,1038.72,894.31,28480000000.0,-11.81,740.05
2020-03-27,740.05,753.99,761.24,732.02,2280000000.0,0.33,756.11,707.26,761.08,665.27,12520000000.0,0.95,897.84,1013.1,1038.72,894.31,28480000000.0,-11.81,729.91
2020-03-30,729.91,730.57,736.34,719.39,1310000000.0,-1.37,740.05,693.19,761.24,679.35,11420000000.0,-2.12,897.84,1013.1,1038.72,894.31,28480000000.0,-11.81,756.91
2020-03-31,756.91,747.15,758.79,741.68,2130000000.0,3.7,740.05,693.19,761.24,679.35,11420000000.0,-2.12,897.84,1013.1,1038.72,894.31,28480000000.0,-11.81,740.46
2020-04-01,740.46,749.55,761.18,740.29,2010000000.0,-2.17,740.05,693.19,761.24,679.35,11420000000.0,-2.12,756.91,911.75,948.74,628.97,50360000000.0,-15.7,767.79
2020-04-02,767.79,747.35,772.59,741.04,4070000000.000001,3.69,740.05,693.19,761.24,679.35,11420000000.0,-2.12,756.91,911.75,948.74,628.97,50360000000.0,-15.7,766.67
2020-04-03,766.67,777.96,782.72,760.3,3790000000.0,-0.15,740.05,693.19,761.24,679.35,11420000000.0,-2.12,756.91,911.75,948.74,628.97,50360000000.0,-15.7,825.42
2020-04-07,825.42,804.69,830.44,793.47,3110000000.0,7.66,766.67,730.57,782.72,719.39,13300000000.0,3.6,756.91,911.75,948.74,628.97,50360000000.0,-15.7,815.05
2020-04-08,815.05,814.38,823.28,805.74,2610000000.0,-1.26,766.67,730.57,782.72,719.39,13300000000.0,3.6,756.91,911.75,948.74,628.97,50360000000.0,-15.7,816.47
2020-04-09,816.47,825.3,842.1,809.88,2680000000.0,0.17,766.67,730.57,782.72,719.39,13300000000.0,3.6,756.91,911.75,948.74,628.97,50360000000.0,-15.7,829.0
2020-04-10,829.0,812.42,829.13,811.16,1960000000.0,1.53,766.67,730.57,782.72,719.39,13300000000.0,3.6,756.91,911.75,948.74,628.97,50360000000.0,-15.7,833.16
2020-04-13,833.16,828.97,833.98,821.75,1670000000.0,0.5,829.0,804.69,842.1,793.47,10360000000.0,8.13,756.91,911.75,948.74,628.97,50360000000.0,-15.7,845.32
2020-04-14,845.32,844.94,854.07,834.11,2510000000.0,1.46,829.0,804.69,842.1,793.47,10360000000.0,8.13,756.91,911.75,948.74,628.97,50360000000.0,-15.7,828.38
2020-04-15,828.38,841.46,847.45,827.05,1960000000.0,-2.0,829.0,804.69,842.1,793.47,10360000000.0,8.13,756.91,911.75,948.74,628.97,50360000000.0,-15.7,801.61
2020-04-16,801.61,820.44,824.95,801.61,1890000000.0,-3.23,829.0,804.69,842.1,793.47,10360000000.0,8.13,756.91,911.75,948.74,628.97,50360000000.0,-15.7,833.49
2020-04-17,833.49,825.35,834.33,816.02,1590000000.0,3.98,829.0,804.69,842.1,793.47,10360000000.0,8.13,756.91,911.75,948.74,628.97,50360000000.0,-15.7,855.45
2020-04-20,855.45,835.76,862.09,831.68,1830000000.0,2.63,833.49,828.97,854.07,801.61,9610000000.0,0.54,756.91,911.75,948.74,628.97,50360000000.0,-15.7,842.65
2020-04-21,842.65,839.55,850.3,835.93,1750000000.0,-1.5,833.49,828.97,854.07,801.61,9610000000.0,0.54,756.91,911.75,948.74,628.97,50360000000.0,-15.7,848.81
2020-04-22,848.81,836.19,850.03,825.29,1950000000.0,0.73,833.49,828.97,854.07,801.61,9610000000.0,0.54,756.91,911.75,948.74,628.97,50360000000.0,-15.7,854.09
2020-04-23,854.09,851.45,859.57,845.89,1720000000.0,0.62,833.49,828.97,854.07,801.61,9610000000.0,0.54,756.91,911.75,948.74,628.97,50360000000.0,-15.7,842.03
2020-04-24,842.03,855.05,858.73,839.61,1570000000.0,-1.41,833.49,828.97,854.07,801.61,9610000000.0,0.54,756.91,911.75,948.74,628.97,50360000000.0,-15.7,848.4
2020-04-27,848.4,851.34,852.74,841.74,1050000000.0,0.76,842.03,835.76,862.09,825.29,8810000000.0,1.02,756.91,911.75,948.74,628.97,50360000000.0,-15.7,854.34
2020-04-28,854.34,848.62,861.27,843.27,1650000000.0,0.7,842.03,835.76,862.09,825.29,8810000000.0,1.02,756.91,911.75,948.74,628.97,50360000000.0,-15.7,857.63
2020-04-29,857.63,860.22,863.25,853.8,1180000000.0,0.39,842.03,835.76,862.09,825.29,8810000000.0,1.02,756.91,911.75,948.74,628.97,50360000000.0,-15.7,873.56
2020-04-30,873.56,870.04,873.56,865.34,2190000000.0,1.86,842.03,835.76,862.09,825.29,8810000000.0,1.02,756.91,911.75,948.74,628.97,50360000000.0,-15.7,856.57
2020-05-05,856.57,862.83,864.96,855.72,1480000000.0,-1.94,873.56,851.34,873.56,841.74,6080000000.0,3.74,873.56,749.55,873.56,740.29,44730000000.0,15.41,842.56
2020-05-07,842.56,852.75,855.67,838.04,1680000000.0,-1.64,873.56,851.34,873.56,841.74,6080000000.0,3.74,873.56,749.55,873.56,740.29,44730000000.0,15.41,848.27
2020-05-08,848.27,848.77,852.58,840.92,1230000000.0,0.68,873.56,851.34,873.56,841.74,6080000000.0,3.74,873.56,749.55,873.56,740.29,44730000000.0,15.41,864.32
2020-05-11,864.32,857.08,869.8,856.32,1800000000.0,1.89,848.27,862.83,864.96,838.04,4390000000.0,-2.9,873.56,749.55,873.56,740.29,44730000000.0,15.41,872.6
2020-05-12,872.6,862.68,875.14,860.78,1750000000.0,0.96,848.27,862.83,864.96,838.04,4390000000.0,-2.9,873.56,749.55,873.56,740.29,44730000000.0,15.41,867.36
2020-05-13,867.36,870.05,874.65,864.38,1900000000.0,-0.6,848.27,862.83,864.96,838.04,4390000000.0,-2.9,873.56,749.55,873.56,740.29,44730000000.0,15.41,856.11
2020-05-14,856.11,860.67,863.81,852.78,1300000000.0,-1.3,848.27,862.83,864.96,838.04,4390000000.0,-2.9,873.56,749.55,873.56,740.29,44730000000.0,15.41,854.57
2020-05-15,854.57,860.48,862.07,853.52,1260000000.0,-0.18,848.27,862.83,864.96,838.04,4390000000.0,-2.9,873.56,749.55,873.56,740.29,44730000000.0,15.41,858.94
2020-05-18,858.94,862.1,866.75,857.05,1770000000.0,0.51,854.57,857.08,875.14,852.78,8010000000.0,0.74,873.56,749.55,873.56,740.29,44730000000.0,15.41,875.44
2020-05-19,875.44,876.86,882.78,872.28,2530000000.0,1.92,854.57,857.08,875.14,852.78,8010000000.0,0.74,873.56,749.55,873.56,740.29,44730000000.0,15.41,883.08
2020-05-20,883.08,876.12,883.08,872.55,2650000000.0,0.87,854.57,857.08,875.14,852.78,8010000000.0,0.74,873.56,749.55,873.56,740.29,44730000000.0,15.41,881.97
2020-05-21,881.97,889.2,891.36,877.1,2500000000.0,-0.13,854.57,857.08,875.14,852.78,8010000000.0,0.74,873.56,749.55,873.56,740.29,44730000000.0,15.41,867.81
2020-05-22,867.81,872.31,873.76,855.96,2140000000.0,-1.61,854.57,857.08,875.14,852.78,8010000000.0,0.74,873.56,749.55,873.56,740.29,44730000000.0,15.41,878.06
2020-05-25,878.06,870.15,880.52,865.73,1960000000.0,1.18,867.81,862.1,891.36,855.96,11580000000.0,1.55,873.56,749.55,873.56,740.29,44730000000.0,15.41,888.53
2020-05-26,888.53,889.03,896.78,885.98,2370000000.0,1.19,867.81,862.1,891.36,855.96,11580000000.0,1.55,873.56,749.55,873.56,740.29,44730000000.0,15.41,895.13
2020-05-27,895.13,889.6,895.66,882.17,2980000000.0,0.74,867.81,862.1,891.36,855.96,11580000000.0,1.55,873.56,749.55,873.56,740.29,44730000000.0,15.41,888.84
2020-05-28,888.84,903.39,904.63,888.84,2550000000.0,-0.7,867.81,862.1,891.36,855.96,11580000000.0,1.55,873.56,749.55,873.56,740.29,44730000000.0,15.41,896.01
2020-05-29,896.01,886.46,896.1,879.17,3780000000.0,0.81,867.81,862.1,891.36,855.96,11580000000.0,1.55,873.56,749.55,873.56,740.29,44730000000.0,15.41,901.45
2020-06-01,901.45,905.1,909.52,898.81,1950000000.0,0.61,896.01,870.15,904.63,865.73,13640000000.0,3.25,896.01,862.83,904.63,838.04,37630000000.0,2.57,919.05
2020-06-02,919.05,908.03,919.05,904.53,2440000000.0,1.95,896.01,870.15,904.63,865.73,13640000000.0,3.25,896.01,862.83,904.63,838.04,37630000000.0,2.57,946.71
2020-06-04,946.71,936.95,949.26,933.68,3950000000.0,3.01,896.01,870.15,904.63,865.73,13640000000.0,3.25,896.01,862.83,904.63,838.04,37630000000.0,2.57,965.37
2020-06-05,965.37,949.46,968.33,939.26,3490000000.0,1.97,896.01,870.15,904.63,865.73,13640000000.0,3.25,896.01,862.83,904.63,838.04,37630000000.0,2.57,965.12
2020-06-08,965.12,975.69,979.98,959.34,3170000000.0,-0.03,965.37,905.1,968.33,898.81,11840000000.0,7.74,896.01,862.83,904.63,838.04,37630000000.0,2.57,941.69
2020-06-09,941.69,964.03,971.75,936.25,3000000000.0,-2.43,965.37,905.1,968.33,898.81,11840000000.0,7.74,896.01,862.83,904.63,838.04,37630000000.0,2.57,950.03
2020-06-10,950.03,948.31,954.26,937.47,2230000000.0,0.89,965.37,905.1,968.33,898.81,11840000000.0,7.74,896.01,862.83,904.63,838.04,37630000000.0,2.57,932.34
2020-06-11,932.34,945.65,951.6,923.35,2280000000.0,-1.86,965.37,905.1,968.33,898.81,11840000000.0,7.74,896.01,862.83,904.63,838.04,37630000000.0,2.57,920.52
2020-06-12,920.52,905.89,924.28,902.47,2340000000.0,-1.27,965.37,905.1,968.33,898.81,11840000000.0,7.74,896.01,862.83,904.63,838.04,37630000000.0,2.57,889.98
2020-06-15,889.98,912.11,916.98,886.27,2460000000.0,-3.32,920.52,975.69,979.98,902.47,13020000000.0,-4.65,896.01,862.83,904.63,838.04,37630000000.0,2.57,909.52
2020-06-16,909.52,915.72,916.97,905.63,1670000000.0,2.2,920.52,975.69,979.98,902.47,13020000000.0,-4.65,896.01,862.83,904.63,838.04,37630000000.0,2.57,914.49
2020-06-17,914.49,905.22,918.64,901.82,1960000000.0,0.55,920.52,975.69,979.98,902.47,13020000000.0,-4.65,896.01,862.83,904.63,838.04,37630000000.0,2.57,910.63
2020-06-18,910.63,900.29,914.53,899.26,1760000000.0,-0.42,920.52,975.69,979.98,902.47,13020000000.0,-4.65,896.01,862.83,904.63,838.04,37630000000.0,2.57,907.67
2020-06-19,907.67,912.93,915.59,905.09,1560000000.0,-0.33,920.52,975.69,979.98,902.47,13020000000.0,-4.65,896.01,862.83,904.63,838.04,37630000000.0,2.57,893.92
2020-06-22,893.92,899.01,905.79,890.73,1820000000.0,-1.51,907.67,912.11,918.64,886.27,9400000000.0,-1.4,896.01,862.83,904.63,838.04,37630000000.0,2.57,897.32
2020-06-23,897.32,899.23,901.29,892.77,1350000000.0,0.38,907.67,912.11,918.64,886.27,9400000000.0,-1.4,896.01,862.83,904.63,838.04,37630000000.0,2.57,880.2
2020-06-24,880.2,901.13,903.56,879.9,1590000000.0,-1.91,907.67,912.11,918.64,886.27,9400000000.0,-1.4,896.01,862.83,904.63,838.04,37630000000.0,2.57,874.96
2020-06-25,874.96,870.02,875.85,861.47,1820000000.0,-0.6,907.67,912.11,918.64,886.27,9400000000.0,-1.4,896.01,862.83,904.63,838.04,37630000000.0,2.57,878.61
2020-06-26,878.61,881.97,888.22,876.06,1110000000.0,0.42,907.67,912.11,918.64,886.27,9400000000.0,-1.4,896.01,862.83,904.63,838.04,37630000000.0,2.57,878.64
2020-06-29,878.64,871.03,878.76,865.37,1320000000.0,0.0,878.61,899.01,905.79,861.47,7690000000.0,-3.2,896.01,862.83,904.63,838.04,37630000000.0,2.57,885.15
2020-06-30,885.15,889.87,895.1,885.15,1510000000.0,0.74,878.61,899.01,905.79,861.47,7690000000.0,-3.2,896.01,862.83,904.63,838.04,37630000000.0,2.57,892.3
2020-07-01,892.3,889.71,892.96,878.59,1180000000.0,0.81,878.61,899.01,905.79,861.47,7690000000.0,-3.2,885.15,905.1,979.98,861.47,44780000000.0,-1.21,912.22
2020-07-02,912.22,898.28,914.19,895.86,1720000000.0,2.23,878.61,899.01,905.79,861.47,7690000000.0,-3.2,885.15,905.1,979.98,861.47,44780000000.0,-1.21,908.49
2020-07-03,908.49,914.01,915.5,907.29,1130000000.0,-0.41,878.61,899.01,905.79,861.47,7690000000.0,-3.2,885.15,905.1,979.98,861.47,44780000000.0,-1.21,907.9
2020-07-07,907.9,920.05,922.66,907.9,1620000000.0,-0.06,908.49,871.03,915.5,865.37,6850000000.0,3.4,885.15,905.1,979.98,861.47,44780000000.0,-1.21,898.45
2020-07-08,898.45,906.18,912.19,897.52,1270000000.0,-1.04,908.49,871.03,915.5,865.37,6850000000.0,3.4,885.15,905.1,979.98,861.47,44780000000.0,-1.21,899.93
2020-07-09,899.93,901.78,904.85,894.33,1640000000.0,0.16,908.49,871.03,915.5,865.37,6850000000.0,3.4,885.15,905.1,979.98,861.47,44780000000.0,-1.21,885.71
2020-07-10,885.71,892.86,896.94,882.13,1000000000.0,-1.58,908.49,871.03,915.5,865.37,6850000000.0,3.4,885.15,905.1,979.98,861.47,44780000000.0,-1.21,878.65
2020-07-13,878.65,894.04,895.19,876.3,1420000000.0,-0.8,885.71,920.05,922.66,882.13,5530000000.0,-2.51,885.15,905.1,979.98,861.47,44780000000.0,-1.21,879.13
2020-07-14,879.13,871.2,880.64,866.57,1290000000.0,0.05,885.71,920.05,922.66,882.13,5530000000.0,-2.51,885.15,905.1,979.98,861.47,44780000000.0,-1.21,888.98
2020-07-15,888.98,887.11,891.97,882.13,1300000000.0,1.12,885.71,920.05,922.66,882.13,5530000000.0,-2.51,885.15,905.1,979.98,861.47,44780000000.0,-1.21,883.16
2020-07-16,883.16,888.2,890.87,879.63,940820000.0,-0.65,885.71,920.05,922.66,882.13,5530000000.0,-2.51,885.15,905.1,979.98,861.47,44780000000.0,-1.21,892.09
2020-07-17,892.09,886.46,893.42,883.58,745200000.0,1.01,885.71,920.05,922.66,882.13,5530000000.0,-2.51,885.15,905.1,979.98,861.47,44780000000.0,-1.21,890.04
2020-07-20,890.04,890.77,896.79,885.54,1040000000.0,-0.23,892.09,894.04,895.19,866.57,5710000000.0,0.72,885.15,905.1,979.98,861.47,44780000000.0,-1.21,904.21
2020-07-21,904.21,896.86,906.57,895.92,1590000000.0,1.59,892.09,894.04,895.19,866.57,5710000000.0,0.72,885.15,905.1,979.98,861.47,44780000000.0,-1.21,889.48
2020-07-22,889.48,906.34,907.58,889.21,1290000000.0,-1.63,892.09,894.04,895.19,866.57,5710000000.0,0.72,885.15,905.1,979.98,861.47,44780000000.0,-1.21,890.7
2020-07-23,890.7,888.74,894.24,882.61,1560000000.0,0.14,892.09,894.04,895.19,866.57,5710000000.0,0.72,885.15,905.1,979.98,861.47,44780000000.0,-1.21,875.5
2020-07-24,875.5,881.01,882.71,872.38,1190000000.0,-1.71,892.09,894.04,895.19,866.57,5710000000.0,0.72,885.15,905.1,979.98,861.47,44780000000.0,-1.21,871.41
2020-07-29,871.41,878.2,881.21,870.06,1260000000.0,-0.47,875.5,890.77,907.58,872.38,6690000000.0,-1.86,885.15,905.1,979.98,861.47,44780000000.0,-1.21,854.12
2020-07-30,854.12,875.48,876.71,851.9,1360000000.0,-1.98,875.5,890.77,907.58,872.38,6690000000.0,-1.86,885.15,905.1,979.98,861.47,44780000000.0,-1.21,862.98
2020-07-31,862.98,852.92,863.07,844.39,1520000000.0,1.04,875.5,890.77,907.58,872.38,6690000000.0,-1.86,885.15,905.1,979.98,861.47,44780000000.0,-1.21,852.67
2020-08-03,852.67,858.84,859.45,847.64,1060000000.0,-1.19,862.98,878.2,881.21,844.39,4130000000.0,-1.43,862.98,889.71,922.66,844.39,26070000000.0,-2.5,860.32
2020-08-04,860.32,859.93,865.54,857.74,1110000000.0,0.9,862.98,878.2,881.21,844.39,4130000000.0,-1.43,862.98,889.71,922.66,844.39,26070000000.0,-2.5,865.49
2020-08-05,865.49,863.28,868.94,856.96,1280000000.0,0.6,862.98,878.2,881.21,844.39,4130000000.0,-1.43,862.98,889.71,922.66,844.39,26070000000.0,-2.5,864.05
2020-08-06,864.05,863.65,872.54,863.35,1130000000.0,-0.17,862.98,878.2,881.21,844.39,4130000000.0,-1.43,862.98,889.71,922.66,844.39,26070000000.0,-2.5,856.88
2020-08-07,856.88,862.48,863.57,854.28,809770000.0,-0.83,862.98,878.2,881.21,844.39,4130000000.0,-1.43,862.98,889.71,922.66,844.39,26070000000.0,-2.5,853.92
2020-08-10,853.92,858.65,860.91,853.82,664570000.0,-0.35,856.88,858.84,872.54,847.64,5380000000.0,-0.71,862.98,889.71,922.66,844.39,26070000000.0,-2.5,866.77
2020-08-11,866.77,863.19,870.99,861.13,1660000000.0,1.5,856.88,858.84,872.54,847.64,5380000000.0,-0.71,862.98,889.71,922.66,844.39,26070000000.0,-2.5,878.7
2020-08-13,878.7,876.64,880.89,874.82,1890000000.0,1.38,856.88,858.84,872.54,847.64,5380000000.0,-0.71,862.98,889.71,922.66,844.39,26070000000.0,-2.5,863.69
2020-08-14,863.69,877.43,879.38,861.87,1340000000.0,-1.71,856.88,858.84,872.54,847.64,5380000000.0,-0.71,862.98,889.71,922.66,844.39,26070000000.0,-2.5,861.25
2020-08-17,861.25,866.29,867.93,856.66,1330000000.0,-0.28,863.69,858.65,880.89,853.82,5560000000.0,0.79,862.98,889.71,922.66,844.39,26070000000.0,-2.5,867.86
2020-08-18,867.86,861.06,867.95,860.63,1120000000.0,0.77,863.69,858.65,880.89,853.82,5560000000.0,0.79,862.98,889.71,922.66,844.39,26070000000.0,-2.5,850.57
2020-08-19,850.57,868.69,869.55,846.43,1590000000.0,-1.99,863.69,858.65,880.89,853.82,5560000000.0,0.79,862.98,889.71,922.66,844.39,26070000000.0,-2.5,840.28
2020-08-20,840.28,841.66,847.32,838.1,1230000000.0,-1.21,863.69,858.65,880.89,853.82,5560000000.0,0.79,862.98,889.71,922.66,844.39,26070000000.0,-2.5,840.07
2020-08-21,840.07,847.14,848.96,838.21,852520000.0,-0.02,863.69,858.65,880.89,853.82,5560000000.0,0.79,862.98,889.71,922.66,844.39,26070000000.0,-2.5,852.29
2020-08-24,852.29,844.78,853.83,839.5,1190000000.0,1.45,840.07,866.29,869.55,838.1,6120000000.0,-2.73,862.98,889.71,922.66,844.39,26070000000.0,-2.5,853.89
2020-08-25,853.89,859.14,861.85,853.29,1220000000.0,0.19,840.07,866.29,869.55,838.1,6120000000.0,-2.73,862.98,889.71,922.66,844.39,26070000000.0,-2.5,856.64
2020-08-26,856.64,854.87,858.38,848.73,1110000000.0,0.32,840.07,866.29,869.55,838.1,6120000000.0,-2.73,862.98,889.71,922.66,844.39,26070000000.0,-2.5,858.66
2020-08-27,858.66,856.1,863.14,854.51,1200000000.0,0.24,840.07,866.29,869.55,838.1,6120000000.0,-2.73,862.98,889.71,922.66,844.39,26070000000.0,-2.5,855.29
2020-08-28,855.29,865.3,867.45,852.87,1430000000.0,-0.39,840.07,866.29,869.55,838.1,6120000000.0,-2.73,862.98,889.71,922.66,844.39,26070000000.0,-2.5,844.22
2020-08-31,844.22,859.55,863.28,843.49,1630000000.0,-1.29,855.29,844.78,867.45,839.5,6150000000.0,1.81,862.98,889.71,922.66,844.39,26070000000.0,-2.5,841.66
2020-09-01,841.66,846.41,849.17,838.14,1060000000.0,-0.3,855.29,844.78,867.45,839.5,6150000000.0,1.81,844.22,858.84,880.89,838.1,24850000000.0,-2.17,847.56
2020-09-02,847.56,840.34,848.12,837.36,997130000.0,0.7,855.29,844.78,867.45,839.5,6150000000.0,1.81,844.22,858.84,880.89,838.1,24850000000.0,-2.17,844.6
2020-09-03,844.6,850.08,851.65,841.6,970710000.0,-0.35,855.29,844.78,867.45,839.5,6150000000.0,1.81,844.22,858.84,880.89,838.1,24850000000.0,-2.17,832.91
2020-09-08,832.91,840.41,840.65,831.47,929270000.0,-1.38,844.6,859.55,863.28,837.36,4650000000.0,-1.25,844.22,858.84,880.89,838.1,24850000000.0,-2.17,831.54
2020-09-09,831.54,821.94,833.16,819.85,1060000000.0,-0.16,844.6,859.55,863.28,837.36,4650000000.0,-1.25,844.22,858.84,880.89,838.1,24850000000.0,-2.17,830.25
2020-09-10,830.25,832.31,835.2,826.35,805330000.0,-0.16,844.6,859.55,863.28,837.36,4650000000.0,-1.25,844.22,858.84,880.89,838.1,24850000000.0,-2.17,823.64
2020-09-11,823.64,829.0,833.53,822.5,718550000.0,-0.8,844.6,859.55,863.28,837.36,4650000000.0,-1.25,844.22,858.84,880.89,838.1,24850000000.0,-2.17,818.43
2020-09-14,818.43,827.99,829.15,817.09,738930000.0,-0.63,823.64,840.41,840.65,819.85,3520000000.0,-2.48,844.22,858.84,880.89,838.1,24850000000.0,-2.17,827.38
2020-09-15,827.38,822.26,828.44,819.13,752930000.0,1.09,823.64,840.41,840.65,819.85,3520000000.0,-2.48,844.22,858.84,880.89,838.1,24850000000.0,-2.17,832.88
2020-09-16,832.88,827.59,834.79,825.18,958010000.0,0.66,823.64,840.41,840.65,819.85,3520000000.0,-2.48,844.22,858.84,880.89,838.1,24850000000.0,-2.17,825.66
2020-09-17,825.66,828.74,831.22,822.17,792190000.0,-0.87,823.64,840.41,840.65,819.85,3520000000.0,-2.48,844.22,858.84,880.89,838.1,24850000000.0,-2.17,826.83
2020-09-18,826.83,827.91,831.07,821.19,1140000000.0,0.14,823.64,840.41,840.65,819.85,3520000000.0,-2.48,844.22,858.84,880.89,838.1,24850000000.0,-2.17,815.81
2020-09-21,815.81,830.08,831.47,814.24,790080000.0,-1.33,826.83,827.99,834.79,817.09,4380000000.0,0.39,844.22,858.84,880.89,838.1,24850000000.0,-2.17,808.83
2020-09-22,808.83,812.66,815.25,805.49,954370000.0,-0.86,826.83,827.99,834.79,817.09,4380000000.0,0.39,844.22,858.84,880.89,838.1,24850000000.0,-2.17,802.3
2020-09-23,802.3,811.27,812.14,801.8,964410000.0,-0.81,826.83,827.99,834.79,817.09,4380000000.0,0.39,844.22,858.84,880.89,838.1,24850000000.0,-2.17,787.21
2020-09-24,787.21,795.26,798.13,784.04,1310000000.0,-1.88,826.83,827.99,834.79,817.09,4380000000.0,0.39,844.22,858.84,880.89,838.1,24850000000.0,-2.17,786.03
2020-09-25,786.03,789.81,794.22,783.53,1080000000.0,-0.15,826.83,827.99,834.79,817.09,4380000000.0,0.39,844.22,858.84,880.89,838.1,24850000000.0,-2.17,802.03
2020-09-28,802.03,790.56,803.25,790.45,1050000000.0,2.04,786.03,830.08,831.47,783.53,5100000000.0,-4.93,844.22,858.84,880.89,838.1,24850000000.0,-2.17,796.43
2020-09-29,796.43,804.4,805.19,793.61,911710000.0,-0.7,786.03,830.08,831.47,783.53,5100000000.0,-4.93,844.22,858.84,880.89,838.1,24850000000.0,-2.17,781.06
2020-09-30,781.06,797.46,798.54,780.61,986580000.0,-1.93,786.03,830.08,831.47,783.53,5100000000.0,-4.93,844.22,858.84,880.89,838.1,24850000000.0,-2.17,788.02
2020-10-01,788.02,786.49,791.02,777.61,995650000.0,0.89,786.03,830.08,831.47,783.53,5100000000.0,-4.93,781.06,846.41,851.65,780.61,18970000000.0,-7.48,777.31
2020-10-02,777.31,785.07,785.75,772.78,1370000000.0,-1.36,786.03,830.08,831.47,783.53,5100000000.0,-4.93,781.06,846.41,851.65,780.61,18970000000.0,-7.48,781.81
2020-10-05,781.81,783.52,785.56,778.07,862930000.0,0.58,777.31,790.56,805.19,772.78,5310000000.0,-1.11,781.06,846.41,851.65,780.61,18970000000.0,-7.48,787.62
2020-10-06,787.62,788.32,792.25,785.1,1370000000.0,0.74,777.31,790.56,805.19,772.78,5310000000.0,-1.11,781.06,846.41,851.65,780.61,18970000000.0,-7.48,797.43
2020-10-07,797.43,785.08,798.08,782.21,1360000000.0,1.25,777.31,790.56,805.19,772.78,5310000000.0,-1.11,781.06,846.41,851.65,780.61,18970000000.0,-7.48,804.96
2020-10-08,804.96,801.81,810.61,799.45,1350000000.0,0.94,777.31,790.56,805.19,772.78,5310000000.0,-1.11,781.06,846.41,851.65,780.61,18970000000.0,-7.48,800.79
2020-10-09,800.79,808.18,809.17,797.89,983310000.0,-0.52,777.31,790.56,805.19,772.78,5310000000.0,-1.11,781.06,846.41,851.65,780.61,18970000000.0,-7.48,804.59
2020-10-12,804.59,801.79,808.69,797.87,954350000.0,0.47,800.79,783.52,810.61,778.07,5940000000.0,3.02,781.06,846.41,851.65,780.61,18970000000.0,-7.48,794.81
2020-10-14,794.81,800.31,801.91,790.4,1080000000.0,-1.22,800.79,783.52,810.61,778.07,5940000000.0,3.02,781.06,846.41,851.65,780.61,18970000000.0,-7.48,782.02
2020-10-15,782.02,787.6,790.65,779.99,1200000000.0,-1.61,800.79,783.52,810.61,778.07,5940000000.0,3.02,781.06,846.41,851.65,780.61,18970000000.0,-7.48,776.5
2020-10-16,776.5,783.74,785.44,771.77,1010000000.0,-0.71,800.79,783.52,810.61,778.07,5940000000.0,3.02,781.06,846.41,851.65,780.61,18970000000.0,-7.48,760.94
2020-10-19,760.94,768.22,769.28,757.33,1350000000.0,-2.0,776.5,801.79,808.69,771.77,4240000000.0,-3.03,781.06,846.41,851.65,780.61,18970000000.0,-7.48,760.71
2020-10-20,760.71,757.61,767.63,753.63,1190000000.0,-0.03,776.5,801.79,808.69,771.77,4240000000.0,-3.03,781.06,846.41,851.65,780.61,18970000000.0,-7.48,765.1
2020-10-21,765.1,765.4,769.14,760.64,1120000000.0,0.58,776.5,801.79,808.69,771.77,4240000000.0,-3.03,781.06,846.41,851.65,780.61,18970000000.0,-7.48,762.68
2020-10-22,762.68,762.96,771.22,755.75,1260000000.0,-0.32,776.5,801.79,808.69,771.77,4240000000.0,-3.03,781.06,846.41,851.65,780.61,18970000000.0,-7.48,757.85
2020-10-26,757.85,761.79,762.8,755.42,774730000.0,-0.63,762.68,768.22,771.22,753.63,4920000000.0,-1.78,781.06,846.41,851.65,780.61,18970000000.0,-7.48,758.72
2020-10-27,758.72,751.57,761.47,748.23,1030000000.0,0.11,762.68,768.22,771.22,753.63,4920000000.0,-1.78,781.06,846.41,851.65,780.61,18970000000.0,-7.48,756.02
2020-10-28,756.02,756.84,764.39,754.7,1340000000.0,-0.36,762.68,768.22,771.22,753.63,4920000000.0,-1.78,781.06,846.41,851.65,780.61,18970000000.0,-7.48,751.14
2020-10-29,751.14,750.49,755.49,746.81,1190000000.0,-0.65,762.68,768.22,771.22,753.63,4920000000.0,-1.78,781.06,846.41,851.65,780.61,18970000000.0,-7.48,746.26
2020-10-30,746.26,753.06,753.25,739.95,1450000000.0,-0.65,762.68,768.22,771.22,753.63,4920000000.0,-1.78,781.06,846.41,851.65,780.61,18970000000.0,-7.48,750.87
2020-11-02,750.87,747.17,751.63,743.57,967530000.0,0.62,746.26,761.79,764.39,739.95,5780000000.0,-2.15,746.26,786.49,810.61,739.95,23240000000.0,-4.46,766.0
2020-11-03,766.0,756.79,767.28,756.29,1260000000.0,2.01,746.26,761.79,764.39,739.95,5780000000.0,-2.15,746.26,786.49,810.61,739.95,23240000000.0,-4.46,765.09
2020-11-04,765.09,766.71,772.75,759.88,1260000000.0,-0.12,746.26,761.79,764.39,739.95,5780000000.0,-2.15,746.26,786.49,810.61,739.95,23240000000.0,-4.46,799.58
2020-11-05,799.58,774.29,801.95,772.36,2310000000.0,4.51,746.26,761.79,764.39,739.95,5780000000.0,-2.15,746.26,786.49,810.61,739.95,23240000000.0,-4.46,798.05
2020-11-06,798.05,800.01,805.38,790.93,2220000000.0,-0.19,746.26,761.79,764.39,739.95,5780000000.0,-2.15,746.26,786.49,810.61,739.95,23240000000.0,-4.46,819.07
2020-11-09,819.07,814.64,826.86,811.64,2250000000.0,2.63,798.05,747.17,805.38,743.57,8010000000.0,6.94,746.26,786.49,810.61,739.95,23240000000.0,-4.46,875.64
2020-11-10,875.64,861.56,879.64,846.56,5330000000.0,6.91,798.05,747.17,805.38,743.57,8010000000.0,6.94,746.26,786.49,810.61,739.95,23240000000.0,-4.46,878.09
2020-11-11,878.09,885.25,888.28,867.01,3350000000.0,0.28,798.05,747.17,805.38,743.57,8010000000.0,6.94,746.26,786.49,810.61,739.95,23240000000.0,-4.46,868.27
2020-11-12,868.27,873.24,873.75,860.82,2400000000.0,-1.12,798.05,747.17,805.38,743.57,8010000000.0,6.94,746.26,786.49,810.61,739.95,23240000000.0,-4.46,875.4
2020-11-13,875.4,862.37,880.98,859.95,3780000000.0,0.82,798.05,747.17,805.38,743.57,8010000000.0,6.94,746.26,786.49,810.61,739.95,23240000000.0,-4.46,878.24
2020-11-16,878.24,886.17,889.98,878.0,2770000000.0,0.32,875.4,814.64,888.28,811.64,17110000000.0,9.69,746.26,786.49,810.61,739.95,23240000000.0,-4.46,876.66
2020-11-17,876.66,882.56,889.17,872.64,3020000000.0,-0.18,875.4,814.64,888.28,811.64,17110000000.0,9.69,746.26,786.49,810.61,739.95,23240000000.0,-4.46,888.51
2020-11-18,888.51,872.85,888.51,868.84,1940000000.0,1.35,875.4,814.64,888.28,811.64,17110000000.0,9.69,746.26,786.49,810.61,739.95,23240000000.0,-4.46,889.7
2020-11-19,889.7,886.73,895.15,885.5,2130000000.0,0.13,875.4,814.64,888.28,811.64,17110000000.0,9.69,746.26,786.49,810.61,739.95,23240000000.0,-4.46,904.47
2020-11-20,904.47,888.78,905.3,886.94,3000000000.0,1.66,875.4,814.64,888.28,811.64,17110000000.0,9.69,746.26,786.49,810.61,739.95,23240000000.0,-4.46,927.63
2020-11-23,927.63,910.11,929.43,908.38,3760000000.0,2.56,904.47,886.17,905.3,868.84,12860000000.0,3.32,746.26,786.49,810.61,739.95,23240000000.0,-4.46,912.85
2020-11-24,912.85,934.92,937.36,912.03,3650000000.0,-1.59,904.47,886.17,905.3,868.84,12860000000.0,3.32,746.26,786.49,810.61,739.95,23240000000.0,-4.46,924.42
2020-11-25,924.42,924.77,933.87,904.71,3330000000.0,1.27,904.47,886.17,905.3,868.84,12860000000.0,3.32,746.26,786.49,810.61,739.95,23240000000.0,-4.46,933.6
2020-11-26,933.6,928.48,934.17,923.73,2030000000.0,0.99,904.47,886.17,905.3,868.84,12860000000.0,3.32,746.26,786.49,810.61,739.95,23240000000.0,-4.46,933.14
2020-11-27,933.14,930.56,938.34,927.77,2290000000.0,-0.05,904.47,886.17,905.3,868.84,12860000000.0,3.32,746.26,786.49,810.61,739.95,23240000000.0,-4.46,908.61
2020-11-30,908.61,924.36,929.03,908.39,6850000000.0,-2.63,933.14,910.11,938.34,904.71,15060000000.0,3.17,746.26,786.49,810.61,739.95,23240000000.0,-4.46,919.58
2020-12-01,919.58,915.65,926.91,915.07,3280000000.0,1.21,933.14,910.11,938.34,904.71,15060000000.0,3.17,908.61,747.17,938.34,743.57,59890000000.0,21.76,917.49
2020-12-02,917.49,914.8,926.81,913.81,2920000000.0,-0.23,933.14,910.11,938.34,904.71,15060000000.0,3.17,908.61,747.17,938.34,743.57,59890000000.0,21.76,931.1
2020-12-03,931.1,922.17,933.02,918.67,3030000000.0,1.48,933.14,910.11,938.34,904.71,15060000000.0,3.17,908.61,747.17,938.34,743.57,59890000000.0,21.76,940.17
2020-12-04,940.17,931.47,944.35,931.0,3650000000.0,0.97,933.14,910.11,938.34,904.71,15060000000.0,3.17,908.61,747.17,938.34,743.57,59890000000.0,21.76,955.75
2020-12-08,955.75,937.8,960.32,932.41,4880000000.0,1.66,940.17,924.36,944.35,908.39,19730000000.0,0.75,908.61,747.17,938.34,743.57,59890000000.0,21.76,958.49
2020-12-09,958.49,962.47,968.93,951.88,4150000000.000001,0.29,940.17,924.36,944.35,908.39,19730000000.0,0.75,908.61,747.17,938.34,743.57,59890000000.0,21.76,947.82
2020-12-14,947.82,962.45,965.84,945.14,4000000000.0,-1.11,958.49,937.8,968.93,932.41,9040000000.0,1.95,908.61,747.17,938.34,743.57,59890000000.0,21.76,949.28
2020-12-15,949.28,941.09,950.06,934.63,2830000000.0,0.15,958.49,937.8,968.93,932.41,9040000000.0,1.95,908.61,747.17,938.34,743.57,59890000000.0,21.76,950.9
2020-12-16,950.9,955.9,956.95,944.69,7240000000.0,0.17,958.49,937.8,968.93,932.41,9040000000.0,1.95,908.61,747.17,938.34,743.57,59890000000.0,21.76,948.99
2020-12-17,948.99,954.01,959.85,948.47,14380000000.0,-0.2,958.49,937.8,968.93,932.41,9040000000.0,1.95,908.61,747.17,938.34,743.57,59890000000.0,21.76,947.28
2020-12-18,947.28,949.32,953.6,940.86,3290000000.0,-0.18,958.49,937.8,968.93,932.41,9040000000.0,1.95,908.61,747.17,938.34,743.57,59890000000.0,21.76,892.0
2020-12-21,892.0,912.02,926.2,891.88,4920000000.0,-5.84,947.28,962.45,965.84,934.63,31740000000.0,-1.17,908.61,747.17,938.34,743.57,59890000000.0,21.76,906.0
2020-12-22,906.0,893.89,910.49,881.64,3700000000.0,1.57,947.28,962.45,965.84,934.63,31740000000.0,-1.17,908.61,747.17,938.34,743.57,59890000000.0,21.76,893.9
2020-12-23,893.9,903.99,916.35,893.87,4010000000.0,-1.34,947.28,962.45,965.84,934.63,31740000000.0,-1.17,908.61,747.17,938.34,743.57,59890000000.0,21.76,910.01
2020-12-24,910.01,896.75,913.11,890.63,3780000000.0,1.8,947.28,962.45,965.84,934.63,31740000000.0,-1.17,908.61,747.17,938.34,743.57,59890000000.0,21.76,918.35
2020-12-25,918.35,915.07,920.89,911.17,3320000000.0,0.92,947.28,962.45,965.84,934.63,31740000000.0,-1.17,908.61,747.17,938.34,743.57,59890000000.0,21.76,905.64
2020-12-28,905.64,925.42,925.75,905.13,2810000000.0,-1.38,918.35,912.02,926.2,881.64,19730000000.0,-3.05,908.61,747.17,938.34,743.57,59890000000.0,21.76,924.0
2020-12-29,924.0,910.61,924.16,907.95,2170000000.0,2.03,918.35,912.02,926.2,881.64,19730000000.0,-3.05,908.61,747.17,938.34,743.57,59890000000.0,21.76,910.45
2020-12-30,910.45,927.67,929.05,907.73,3080000000.0,-1.47,918.35,912.02,926.2,881.64,19730000000.0,-3.05,908.61,747.17,938.34,743.57,59890000000.0,21.76,924.36
2021-01-04,924.36,896.7,924.36,893.62,2760000000.0,1.53,910.45,925.42,929.05,905.13,8060000000.000001,-0.86,910.45,915.65,968.93,881.64,81440000000.0,0.2,953.99
2021-01-05,953.99,923.2,953.99,921.51,2930000000.0,3.21,910.45,925.42,929.05,905.13,8060000000.000001,-0.86,910.45,915.65,968.93,881.64,81440000000.0,0.2,940.41
2021-01-06,940.41,951.94,957.42,935.88,3410000000.0,-1.42,910.45,925.42,929.05,905.13,8060000000.000001,-0.86,910.45,915.65,968.93,881.64,81440000000.0,0.2,955.39
2021-01-07,955.39,952.69,959.29,946.05,4560000000.0,1.59,910.45,925.42,929.05,905.13,8060000000.000001,-0.86,910.45,915.65,968.93,881.64,81440000000.0,0.2,977.59
2021-01-08,977.59,965.7,977.59,964.91,3000000000.0,2.32,910.45,925.42,929.05,905.13,8060000000.000001,-0.86,910.45,915.65,968.93,881.64,81440000000.0,0.2,974.91
2021-01-11,974.91,978.89,988.32,968.69,1980000000.0,-0.27,977.59,896.7,977.59,893.62,16670000000.000002,7.37,910.45,915.65,968.93,881.64,81440000000.0,0.2,975.51
2021-01-12,975.51,973.75,978.64,967.01,1520000000.0,0.06,977.59,896.7,977.59,893.62,16670000000.000002,7.37,910.45,915.65,968.93,881.64,81440000000.0,0.2,980.75
2021-01-13,980.75,981.68,992.03,976.81,2320000000.0,0.54,977.59,896.7,977.59,893.62,16670000000.000002,7.37,910.45,915.65,968.93,881.64,81440000000.0,0.2,971.35
2021-01-14,971.35,978.11,984.91,969.64,1710000000.0,-0.96,977.59,896.7,977.59,893.62,16670000000.000002,7.37,910.45,915.65,968.93,881.64,81440000000.0,0.2,957.86
2021-01-15,957.86,971.49,977.38,954.3,1740000000.0,-1.39,977.59,896.7,977.59,893.62,16670000000.000002,7.37,910.45,915.65,968.93,881.64,81440000000.0,0.2,949.64
2021-01-18,949.64,951.27,954.98,943.94,1390000000.0,-0.86,957.86,978.89,992.03,954.3,9270000000.0,-2.02,910.45,915.65,968.93,881.64,81440000000.0,0.2,958.16
2021-01-19,958.16,956.2,964.13,955.68,1400000000.0,0.9,957.86,978.89,992.03,954.3,9270000000.0,-2.02,910.45,915.65,968.93,881.64,81440000000.0,0.2,952.86
2021-01-20,952.86,958.86,962.86,949.18,1890000000.0,-0.55,957.86,978.89,992.03,954.3,9270000000.0,-2.02,910.45,915.65,968.93,881.64,81440000000.0,0.2,951.58
2021-01-21,951.58,960.09,962.79,948.47,2530000000.0,-0.13,957.86,978.89,992.03,954.3,9270000000.0,-2.02,910.45,915.65,968.93,881.64,81440000000.0,0.2,939.73
2021-01-22,939.73,947.04,954.35,936.03,1980000000.0,-1.25,957.86,978.89,992.03,954.3,9270000000.0,-2.02,910.45,915.65,968.93,881.64,81440000000.0,0.2,942.0
2021-01-25,942.0,939.47,944.67,933.29,1530000000.0,0.24,939.73,951.27,964.13,936.03,9190000000.0,-1.89,910.45,915.65,968.93,881.64,81440000000.0,0.2,951.02
2021-01-26,951.02,937.58,952.25,932.19,1590000000.0,0.96,939.73,951.27,964.13,936.03,9190000000.0,-1.89,910.45,915.65,968.93,881.64,81440000000.0,0.2,936.76
2021-01-27,936.76,948.39,951.58,936.76,1230000000.0,-1.5,939.73,951.27,964.13,936.03,9190000000.0,-1.89,910.45,915.65,968.93,881.64,81440000000.0,0.2,916.91
2021-01-28,916.91,925.61,932.62,916.46,1920000000.0,-2.12,939.73,951.27,964.13,936.03,9190000000.0,-1.89,910.45,915.65,968.93,881.64,81440000000.0,0.2,916.66
2021-01-29,916.66,923.79,925.38,908.82,2140000000.0,-0.03,939.73,951.27,964.13,936.03,9190000000.0,-1.89,910.45,915.65,968.93,881.64,81440000000.0,0.2,922.89
2021-02-01,922.89,914.83,926.75,908.04,1740000000.0,0.68,916.66,939.47,952.25,908.82,8400000000.0,-2.45,916.66,896.7,992.03,893.62,43540000000.0,0.68,928.07
2021-02-02,928.07,933.33,937.2,924.15,1420000000.0,0.56,916.66,939.47,952.25,908.82,8400000000.0,-2.45,916.66,896.7,992.03,893.62,43540000000.0,0.68,923.94
2021-02-03,923.94,937.39,938.54,923.94,2120000000.0,-0.45,916.66,939.47,952.25,908.82,8400000000.0,-2.45,916.66,896.7,992.03,893.62,43540000000.0,0.68,923.52
2021-02-04,923.52,927.13,931.1,919.96,1800000000.0,-0.05,916.66,939.47,952.25,908.82,8400000000.0,-2.45,916.66,896.7,992.03,893.62,43540000000.0,0.68,933.55
2021-02-05,933.55,929.03,934.84,927.29,1800000000.0,1.09,916.66,939.47,952.25,908.82,8400000000.0,-2.45,916.66,896.7,992.03,893.62,43540000000.0,0.68,948.24
2021-02-08,948.24,942.44,949.1,940.46,3000000000.0,1.57,933.55,914.83,938.54,908.04,8880000000.0,1.84,916.66,896.7,992.03,893.62,43540000000.0,0.68,949.46
2021-02-09,949.46,954.11,958.2,948.22,2150000000.0,0.13,933.55,914.83,938.54,908.04,8880000000.0,1.84,916.66,896.7,992.03,893.62,43540000000.0,0.68,950.28
2021-02-10,950.28,955.13,957.03,946.65,1570000000.0,0.09,933.55,914.83,938.54,908.04,8880000000.0,1.84,916.66,896.7,992.03,893.62,43540000000.0,0.68,942.63
2021-02-11,942.63,953.27,953.96,939.09,1040000000.0,-0.81,933.55,914.83,938.54,908.04,8880000000.0,1.84,916.66,896.7,992.03,893.62,43540000000.0,0.68,949.89
2021-02-15,949.89,946.55,955.42,943.04,1090000000.0,0.77,942.63,942.44,958.2,939.09,7750000000.0,0.97,916.66,896.7,992.03,893.62,43540000000.0,0.68,950.0
2021-02-16,950.0,952.71,954.94,949.37,1140000000.0,0.01,942.63,942.44,958.2,939.09,7750000000.0,0.97,916.66,896.7,992.03,893.62,43540000000.0,0.68,942.16
2021-02-17,942.16,946.31,953.75,941.67,1670000000.0,-0.83,942.63,942.44,958.2,939.09,7750000000.0,0.97,916.66,896.7,992.03,893.62,43540000000.0,0.68,938.08
2021-02-18,938.08,945.24,949.22,938.05,1290000000.0,-0.43,942.63,942.44,958.2,939.09,7750000000.0,0.97,916.66,896.7,992.03,893.62,43540000000.0,0.68,930.51
2021-02-19,930.51,933.13,935.38,925.33,1780000000.0,-0.81,942.63,942.44,958.2,939.09,7750000000.0,0.97,916.66,896.7,992.03,893.62,43540000000.0,0.68,916.29
2021-02-22,916.29,933.25,934.1,915.41,1600000000.0,-1.53,930.51,946.55,955.42,925.33,6980000000.0,-1.29,916.66,896.7,992.03,893.62,43540000000.0,0.68,933.34
2021-02-23,933.34,924.03,938.33,922.76,1600000000.0,1.86,930.51,946.55,955.42,925.33,6980000000.0,-1.29,916.66,896.7,992.03,893.62,43540000000.0,0.68,926.74
2021-02-24,926.74,935.71,938.57,922.77,1540000000.0,-0.71,930.51,946.55,955.42,925.33,6980000000.0,-1.29,916.66,896.7,992.03,893.62,43540000000.0,0.68,929.95
2021-02-25,929.95,939.83,941.27,927.97,2430000000.0,0.35,930.51,946.55,955.42,925.33,6980000000.0,-1.29,916.66,896.7,992.03,893.62,43540000000.0,0.68,932.94
2021-03-01,932.94,928.25,936.97,924.02,1390000000.0,0.32,929.95,933.25,941.27,915.41,7170000000.0,-0.06,929.95,914.83,958.2,908.04,30780000000.0,1.45,933.35
2021-03-02,933.35,934.58,938.21,931.35,1440000000.0,0.04,929.95,933.25,941.27,915.41,7170000000.0,-0.06,929.95,914.83,958.2,908.04,30780000000.0,1.45,964.34
2021-03-03,964.34,938.15,964.34,937.97,2940000000.0,3.32,929.95,933.25,941.27,915.41,7170000000.0,-0.06,929.95,914.83,958.2,908.04,30780000000.0,1.45,953.61
2021-03-04,953.61,957.15,959.9,950.12,2330000000.0,-1.11,929.95,933.25,941.27,915.41,7170000000.0,-0.06,929.95,914.83,958.2,908.04,30780000000.0,1.45,958.33
2021-03-05,958.33,950.12,966.77,949.13,2420000000.0,0.49,929.95,933.25,941.27,915.41,7170000000.0,-0.06,929.95,914.83,958.2,908.04,30780000000.0,1.45,958.16
2021-03-08,958.16,968.9,971.51,955.09,2740000000.0,-0.02,958.33,928.25,966.77,924.02,10520000000.0,3.05,929.95,914.83,958.2,908.04,30780000000.0,1.45,961.27
2021-03-09,961.27,964.96,966.67,951.81,2130000000.0,0.32,958.33,928.25,966.77,924.02,10520000000.0,3.05,929.95,914.83,958.2,908.04,30780000000.0,1.45,975.73
2021-03-10,975.73,962.16,976.66,959.33,2590000000.0,1.5,958.33,928.25,966.77,924.02,10520000000.0,3.05,929.95,914.83,958.2,908.04,30780000000.0,1.45,978.7
2021-03-11,978.7,982.46,984.62,973.57,2480000000.0,0.3,958.33,928.25,966.77,924.02,10520000000.0,3.05,929.95,914.83,958.2,908.04,30780000000.0,1.45,973.16
2021-03-12,973.16,981.83,985.45,969.49,2100000000.0,-0.57,958.33,928.25,966.77,924.02,10520000000.0,3.05,929.95,914.83,958.2,908.04,30780000000.0,1.45,968.34
2021-03-15,968.34,975.43,977.83,965.77,1210000000.0,-0.5,973.16,968.9,985.45,951.81,12040000000.0,1.55,929.95,914.83,958.2,908.04,30780000000.0,1.45,965.26
2021-03-16,965.26,970.23,973.38,963.97,1330000000.0,-0.32,973.16,968.9,985.45,951.81,12040000000.0,1.55,929.95,914.83,958.2,908.04,30780000000.0,1.45,967.45
2021-03-17,967.45,963.35,970.93,960.5,1610000000.0,0.23,973.16,968.9,985.45,951.81,12040000000.0,1.55,929.95,914.83,958.2,908.04,30780000000.0,1.45,966.15
2021-03-18,966.15,976.51,979.53,965.74,1520000000.0,-0.13,973.16,968.9,985.45,951.81,12040000000.0,1.55,929.95,914.83,958.2,908.04,30780000000.0,1.45,959.41
2021-03-19,959.41,960.62,963.37,954.7,1570000000.0,-0.7,973.16,968.9,985.45,951.81,12040000000.0,1.55,929.95,914.83,958.2,908.04,30780000000.0,1.45,959.48
2021-03-22,959.48,958.28,963.97,952.19,1040000000.0,0.01,959.41,975.43,979.53,954.7,7240000000.0,-1.41,929.95,914.83,958.2,908.04,30780000000.0,1.45,957.73
2021-03-23,957.73,962.92,964.34,955.59,1620000000.0,-0.18,959.41,975.43,979.53,954.7,7240000000.0,-1.41,929.95,914.83,958.2,908.04,30780000000.0,1.45,961.59
2021-03-24,961.59,952.63,961.59,950.9,1480000000.0,0.4,959.41,975.43,979.53,954.7,7240000000.0,-1.41,929.95,914.83,958.2,908.04,30780000000.0,1.45,961.75
2021-03-25,961.75,964.35,967.5,960.03,2000000000.0,0.02,959.41,975.43,979.53,954.7,7240000000.0,-1.41,929.95,914.83,958.2,908.04,30780000000.0,1.45,963.66
2021-03-26,963.66,965.7,968.87,958.75,1450000000.0,0.2,959.41,975.43,979.53,954.7,7240000000.0,-1.41,929.95,914.83,958.2,908.04,30780000000.0,1.45,967.69
2021-03-29,967.69,968.29,975.11,966.74,1320000000.0,0.42,963.66,958.28,968.87,950.9,7580000000.0,0.44,929.95,914.83,958.2,908.04,30780000000.0,1.45,972.7
2021-03-30,972.7,971.49,976.17,968.91,2530000000.0,0.52,963.66,958.28,968.87,950.9,7580000000.0,0.44,929.95,914.83,958.2,908.04,30780000000.0,1.45,971.24
2021-03-31,971.24,974.15,975.28,969.28,1160000000.0,-0.15,963.66,958.28,968.87,950.9,7580000000.0,0.44,929.95,914.83,958.2,908.04,30780000000.0,1.45,975.66
2021-04-01,975.66,975.6,980.06,971.42,1400000000.0,0.46,963.66,958.28,968.87,950.9,7580000000.0,0.44,971.24,928.25,985.45,924.02,42380000000.0,4.44,976.13
2021-04-02,976.13,980.78,983.18,975.17,1120000000.0,0.05,963.66,958.28,968.87,950.9,7580000000.0,0.44,971.24,928.25,985.45,924.02,42380000000.0,4.44,964.71
2021-04-05,964.71,977.68,979.38,961.79,1190000000.0,-1.17,976.13,968.29,983.18,966.74,7530000000.0,1.29,971.24,928.25,985.45,924.02,42380000000.0,4.44,950.22
2021-04-07,950.22,956.32,960.28,949.45,1990000000.0,-1.5,976.13,968.29,983.18,966.74,7530000000.0,1.29,971.24,928.25,985.45,924.02,42380000000.0,4.44,950.04
2021-04-08,950.04,948.51,954.24,947.4,1140000000.0,-0.02,976.13,968.29,983.18,966.74,7530000000.0,1.29,971.24,928.25,985.45,924.02,42380000000.0,4.44,955.9
2021-04-09,955.9,952.33,960.11,951.97,1170000000.0,0.62,976.13,968.29,983.18,966.74,7530000000.0,1.29,971.24,928.25,985.45,924.02,42380000000.0,4.44,941.08
2021-04-12,941.08,952.53,953.0,938.94,1270000000.0,-1.55,955.9,977.68,979.38,947.4,5490000000.0,-2.07,971.24,928.25,985.45,924.02,42380000000.0,4.44,946.5
2021-04-16,946.5,945.53,947.07,937.1,1750000000.0,0.58,955.9,977.68,979.38,947.4,5490000000.0,-2.07,971.24,928.25,985.45,924.02,42380000000.0,4.44,960.33
2021-04-19,960.33,949.65,961.54,947.0,1300000000.0,1.46,946.5,952.53,953.0,937.1,3020000000.0,-0.98,971.24,928.25,985.45,924.02,42380000000.0,4.44,963.94
2021-04-20,963.94,958.88,965.01,956.46,1630000000.0,0.38,946.5,952.53,953.0,937.1,3020000000.0,-0.98,971.24,928.25,985.45,924.02,42380000000.0,4.44,961.89
2021-04-21,961.89,959.98,965.65,958.89,1300000000.0,-0.21,946.5,952.53,953.0,937.1,3020000000.0,-0.98,971.24,928.25,985.45,924.02,42380000000.0,4.44,952.58
2021-04-22,952.58,964.88,966.02,949.77,1620000000.0,-0.97,946.5,952.53,953.0,937.1,3020000000.0,-0.98,971.24,928.25,985.45,924.02,42380000000.0,4.44,942.63
2021-04-23,942.63,949.54,949.78,940.29,1560000000.0,-1.04,946.5,952.53,953.0,937.1,3020000000.0,-0.98,971.24,928.25,985.45,924.02,42380000000.0,4.44,943.92
2021-04-26,943.92,941.86,946.06,935.96,1420000000.0,0.14,942.63,949.65,966.02,940.29,7410000000.0,-0.41,971.24,928.25,985.45,924.02,42380000000.0,4.44,943.34
2021-04-27,943.34,945.76,949.44,938.95,1650000000.0,-0.06,942.63,949.65,966.02,940.29,7410000000.0,-0.41,971.24,928.25,985.45,924.02,42380000000.0,4.44,954.24
2021-04-28,954.24,946.51,955.32,944.21,1420000000.0,1.16,942.63,949.65,966.02,940.29,7410000000.0,-0.41,971.24,928.25,985.45,924.02,42380000000.0,4.44,964.55
2021-04-29,964.55,959.61,966.44,958.73,1530000000.0,1.08,942.63,949.65,966.02,940.29,7410000000.0,-0.41,971.24,928.25,985.45,924.02,42380000000.0,4.44,955.97
2021-04-30,955.97,964.17,965.24,955.45,1070000000.0,-0.89,942.63,949.65,966.02,940.29,7410000000.0,-0.41,971.24,928.25,985.45,924.02,42380000000.0,4.44,929.63
2021-05-05,929.63,953.45,954.62,928.03,1950000000.0,-2.76,955.97,941.86,966.44,935.96,7090000000.0,1.42,955.97,975.6,983.18,935.96,25520000000.0,-1.57,945.55
2021-05-06,945.55,932.35,949.14,930.77,1330000000.0,1.71,955.97,941.86,966.44,935.96,7090000000.0,1.42,955.97,975.6,983.18,935.96,25520000000.0,-1.57,955.8
2021-05-07,955.8,953.17,958.56,949.03,1050000000.0,1.08,955.97,941.86,966.44,935.96,7090000000.0,1.42,955.97,975.6,983.18,935.96,25520000000.0,-1.57,959.45
2021-05-10,959.45,965.46,965.58,950.64,925610000.0,0.38,955.8,953.45,958.56,928.03,4330000000.0,-0.02,955.97,975.6,983.18,935.96,25520000000.0,-1.57,956.97
2021-05-11,956.97,952.2,962.01,948.27,1610000000.0,-0.26,955.8,953.45,958.56,928.03,4330000000.0,-0.02,955.97,975.6,983.18,935.96,25520000000.0,-1.57,952.55
2021-05-12,952.55,955.02,956.92,942.52,1500000000.0,-0.46,955.8,953.45,958.56,928.03,4330000000.0,-0.02,955.97,975.6,983.18,935.96,25520000000.0,-1.57,938.33
2021-05-13,938.33,940.79,944.41,912.03,2420000000.0,-1.49,955.8,953.45,958.56,928.03,4330000000.0,-0.02,955.97,975.6,983.18,935.96,25520000000.0,-1.57,938.68
2021-05-14,938.68,941.96,944.15,928.1,1430000000.0,0.04,955.8,953.45,958.56,928.03,4330000000.0,-0.02,955.97,975.6,983.18,935.96,25520000000.0,-1.57,938.99
2021-05-17,938.99,934.61,942.97,927.06,1310000000.0,0.03,938.68,965.46,965.58,912.03,7890000000.0,-1.79,955.97,975.6,983.18,935.96,25520000000.0,-1.57,948.87
2021-05-18,948.87,946.09,951.89,944.88,1200000000.0,1.05,938.68,965.46,965.58,912.03,7890000000.0,-1.79,955.97,975.6,983.18,935.96,25520000000.0,-1.57,943.47
2021-05-19,943.47,943.94,949.25,941.38,1170000000.0,-0.57,938.68,965.46,965.58,912.03,7890000000.0,-1.79,955.97,975.6,983.18,935.96,25520000000.0,-1.57,938.31
2021-05-20,938.31,945.18,947.36,937.83,1340000000.0,-0.55,938.68,965.46,965.58,912.03,7890000000.0,-1.79,955.97,975.6,983.18,935.96,25520000000.0,-1.57,937.53
2021-05-21,937.53,941.28,941.77,931.84,1060000000.0,-0.08,938.68,965.46,965.58,912.03,7890000000.0,-1.79,955.97,975.6,983.18,935.96,25520000000.0,-1.57,934.83
2021-05-24,934.83,938.47,941.96,933.25,1220000000.0,-0.29,937.53,934.61,951.89,927.06,6080000000.0,-0.12,955.97,975.6,983.18,935.96,25520000000.0,-1.57,948.06
2021-05-25,948.06,942.82,949.91,940.3,1190000000.0,1.42,937.53,934.61,951.89,927.06,6080000000.0,-0.12,955.97,975.6,983.18,935.96,25520000000.0,-1.57,957.1
2021-05-27,957.1,948.71,961.21,946.73,2740000000.0,0.95,937.53,934.61,951.89,927.06,6080000000.0,-0.12,955.97,975.6,983.18,935.96,25520000000.0,-1.57,956.19
2021-05-28,956.19,962.07,965.22,954.83,1380000000.0,-0.1,937.53,934.61,951.89,927.06,6080000000.0,-0.12,955.97,975.6,983.18,935.96,25520000000.0,-1.57,962.58
2021-05-31,962.58,956.03,963.49,952.25,1050000000.0,0.67,956.19,938.47,965.22,933.25,6520000000.0,1.99,955.97,975.6,983.18,935.96,25520000000.0,-1.57,981.19
2021-06-01,981.19,968.66,982.49,964.72,1810000000.0,1.93,956.19,938.47,965.22,933.25,6520000000.0,1.99,962.58,953.45,965.58,912.03,25890000000.0,0.69,978.28
2021-06-02,978.28,984.63,986.37,975.07,1480000000.0,-0.3,956.19,938.47,965.22,933.25,6520000000.0,1.99,962.58,953.45,965.58,912.03,25890000000.0,0.69,972.32
2021-06-04,972.32,974.25,980.59,972.19,1390000000.0,-0.61,956.19,938.47,965.22,933.25,6520000000.0,1.99,962.58,953.45,965.58,912.03,25890000000.0,0.69,972.97
2021-06-07,972.97,976.48,981.93,971.75,1390000000.0,0.07,972.32,956.03,986.37,952.25,5730000000.0,1.69,962.58,953.45,965.58,912.03,25890000000.0,0.69,973.13
2021-06-08,973.13,973.86,977.28,967.19,1520000000.0,0.02,972.32,956.03,986.37,952.25,5730000000.0,1.69,962.58,953.45,965.58,912.03,25890000000.0,0.69,982.05
2021-06-09,982.05,976.13,983.58,975.98,1210000000.0,0.92,972.32,956.03,986.37,952.25,5730000000.0,1.69,962.58,953.45,965.58,912.03,25890000000.0,0.69,981.6
2021-06-10,981.6,985.82,989.23,980.02,1590000000.0,-0.05,972.32,956.03,986.37,952.25,5730000000.0,1.69,962.58,953.45,965.58,912.03,25890000000.0,0.69,990.78
2021-06-11,990.78,985.97,990.79,983.89,1360000000.0,0.94,972.32,956.03,986.37,952.25,5730000000.0,1.69,962.58,953.45,965.58,912.03,25890000000.0,0.69,988.38
2021-06-14,988.38,993.95,995.06,984.94,1210000000.0,-0.24,990.78,976.48,990.79,967.19,7060000000.0,1.9,962.58,953.45,965.58,912.03,25890000000.0,0.69,979.39
2021-06-15,979.39,988.2,989.5,976.81,1390000000.0,-0.91,990.78,976.48,990.79,967.19,7060000000.0,1.9,962.58,953.45,965.58,912.03,25890000000.0,0.69,980.13
2021-06-16,980.13,979.55,985.12,976.41,1450000000.0,0.08,990.78,976.48,990.79,967.19,7060000000.0,1.9,962.58,953.45,965.58,912.03,25890000000.0,0.69,973.93
2021-06-17,973.93,976.33,982.99,972.72,1220000000.0,-0.63,990.78,976.48,990.79,967.19,7060000000.0,1.9,962.58,953.45,965.58,912.03,25890000000.0,0.69,971.19
2021-06-18,971.19,974.78,976.97,965.61,1920000000.0,-0.28,990.78,976.48,990.79,967.19,7060000000.0,1.9,962.58,953.45,965.58,912.03,25890000000.0,0.69,962.99
2021-06-21,962.99,961.21,964.32,956.76,1230000000.0,-0.84,971.19,993.95,995.06,965.61,7190000000.0,-1.98,962.58,953.45,965.58,912.03,25890000000.0,0.69,961.99
2021-06-22,961.99,968.74,970.42,961.52,1040000000.0,-0.1,971.19,993.95,995.06,965.61,7190000000.0,-1.98,962.58,953.45,965.58,912.03,25890000000.0,0.69,959.0
2021-06-23,959.0,966.2,967.21,957.89,1340000000.0,-0.31,971.19,993.95,995.06,965.61,7190000000.0,-1.98,962.58,953.45,965.58,912.03,25890000000.0,0.69,956.14
2021-06-24,956.14,955.45,957.11,946.69,1520000000.0,-0.3,971.19,993.95,995.06,965.61,7190000000.0,-1.98,962.58,953.45,965.58,912.03,25890000000.0,0.69,954.78
2021-06-25,954.78,959.99,962.24,951.46,1130000000.0,-0.14,971.19,993.95,995.06,965.61,7190000000.0,-1.98,962.58,953.45,965.58,912.03,25890000000.0,0.69,950.26
2021-06-28,950.26,949.09,953.05,943.86,1340000000.0,-0.47,954.78,961.21,970.42,946.69,6260000000.0,-1.69,962.58,953.45,965.58,912.03,25890000000.0,0.69,957.39
2021-06-29,957.39,951.36,961.14,950.5,1400000000.0,0.75,954.78,961.21,970.42,946.69,6260000000.0,-1.69,962.58,953.45,965.58,912.03,25890000000.0,0.69,953.72
2021-06-30,953.72,960.77,963.16,950.64,1690000000.0,-0.38,954.78,961.21,970.42,946.69,6260000000.0,-1.69,962.58,953.45,965.58,912.03,25890000000.0,0.69,957.36
2021-07-01,957.36,955.95,960.45,951.61,1230000000.0,0.38,954.78,961.21,970.42,946.69,6260000000.0,-1.69,953.72,968.66,995.06,943.86,29630000000.0,-0.92,949.27
2021-07-02,949.27,954.76,958.89,945.86,1210000000.0,-0.85,954.78,961.21,970.42,946.69,6260000000.0,-1.69,953.72,968.66,995.06,943.86,29630000000.0,-0.92,950.33
2021-07-05,950.33,950.72,951.93,945.73,930660000.0,0.11,949.27,949.09,963.16,943.86,6880000000.0,-0.58,953.72,968.66,995.06,943.86,29630000000.0,-0.92,956.78
2021-07-06,956.78,955.26,960.0,954.4,927200000.0,0.68,949.27,949.09,963.16,943.86,6880000000.0,-0.58,953.72,968.66,995.06,943.86,29630000000.0,-0.92,948.23
2021-07-07,948.23,951.5,954.39,945.96,1660000000.0,-0.89,949.27,949.09,963.16,943.86,6880000000.0,-0.58,953.72,968.66,995.06,943.86,29630000000.0,-0.92,929.76
2021-07-08,929.76,940.33,942.61,927.15,2950000000.0,-1.95,949.27,949.09,963.16,943.86,6880000000.0,-0.58,953.72,968.66,995.06,943.86,29630000000.0,-0.92,934.18
2021-07-09,934.18,927.6,938.34,925.8,2080000000.0,0.48,949.27,949.09,963.16,943.86,6880000000.0,-0.58,953.72,968.66,995.06,943.86,29630000000.0,-0.92,932.24
2021-07-12,932.24,937.99,939.96,928.96,1270000000.0,-0.21,934.18,950.72,960.0,925.8,8550000000.000001,-1.59,953.72,968.66,995.06,943.86,29630000000.0,-0.92,944.31
2021-07-13,944.31,937.27,945.92,935.54,1190000000.0,1.29,934.18,950.72,960.0,925.8,8550000000.000001,-1.59,953.72,968.66,995.06,943.86,29630000000.0,-0.92,940.68
2021-07-14,940.68,943.5,945.17,936.74,1120000000.0,-0.38,934.18,950.72,960.0,925.8,8550000000.000001,-1.59,953.72,968.66,995.06,943.86,29630000000.0,-0.92,942.55
2021-07-15,942.55,944.05,948.17,940.61,1210000000.0,0.2,934.18,950.72,960.0,925.8,8550000000.000001,-1.59,953.72,968.66,995.06,943.86,29630000000.0,-0.92,942.35
2021-07-16,942.35,939.33,943.71,937.45,1400000000.0,-0.02,934.18,950.72,960.0,925.8,8550000000.000001,-1.59,953.72,968.66,995.06,943.86,29630000000.0,-0.92,930.44
2021-07-19,930.44,932.69,935.63,927.19,1070000000.0,-1.26,942.35,937.99,948.17,928.96,6180000000.0,0.87,953.72,968.66,995.06,943.86,29630000000.0,-0.92,920.4
2021-07-20,920.4,926.92,927.86,915.68,1550000000.0,-1.08,942.35,937.99,948.17,928.96,6180000000.0,0.87,953.72,968.66,995.06,943.86,29630000000.0,-0.92,922.25
2021-07-21,922.25,922.18,924.22,915.92,1530000000.0,0.2,942.35,937.99,948.17,928.96,6180000000.0,0.87,953.72,968.66,995.06,943.86,29630000000.0,-0.92,929.3
2021-07-22,929.3,928.54,930.73,924.98,1430000000.0,0.76,942.35,937.99,948.17,928.96,6180000000.0,0.87,953.72,968.66,995.06,943.86,29630000000.0,-0.92,923.24
2021-07-23,923.24,927.16,928.97,920.15,1420000000.0,-0.65,942.35,937.99,948.17,928.96,6180000000.0,0.87,953.72,968.66,995.06,943.86,29630000000.0,-0.92,917.72
2021-07-27,917.72,924.08,927.02,912.62,1180000000.0,-0.6,923.24,932.69,935.63,915.68,6990000000.0,-2.03,953.72,968.66,995.06,943.86,29630000000.0,-0.92,919.34
2021-07-29,919.34,920.52,923.04,914.37,1360000000.0,0.18,923.24,932.69,935.63,915.68,6990000000.0,-2.03,953.72,968.66,995.06,943.86,29630000000.0,-0.92,910.61
2021-07-30,910.61,917.78,919.49,908.2,1990000000.0,-0.95,923.24,932.69,935.63,915.68,6990000000.0,-2.03,953.72,968.66,995.06,943.86,29630000000.0,-0.92,914.26
2021-08-02,914.26,912.78,914.33,905.46,1210000000.0,0.4,910.61,924.08,927.02,908.2,4520000000.0,-1.37,910.61,955.95,960.45,908.2,28690000000.0,-4.52,922.36
2021-08-03,922.36,914.46,922.36,913.27,1220000000.0,0.89,910.61,924.08,927.02,908.2,4520000000.0,-1.37,910.61,955.95,960.45,908.2,28690000000.0,-4.52,925.63
2021-08-04,925.63,922.65,928.18,916.8,880910000.0,0.35,910.61,924.08,927.02,908.2,4520000000.0,-1.37,910.61,955.95,960.45,908.2,28690000000.0,-4.52,911.53
2021-08-05,911.53,924.15,926.13,911.0,1160000000.0,-1.52,910.61,924.08,927.02,908.2,4520000000.0,-1.37,910.61,955.95,960.45,908.2,28690000000.0,-4.52,908.5
2021-08-06,908.5,912.84,918.52,903.57,1230000000.0,-0.33,910.61,924.08,927.02,908.2,4520000000.0,-1.37,910.61,955.95,960.45,908.2,28690000000.0,-4.52,921.51
2021-08-09,921.51,912.95,924.09,910.17,1040000000.0,1.43,908.5,912.78,928.18,903.57,5710000000.0,-0.23,910.61,955.95,960.45,908.2,28690000000.0,-4.52,922.27
2021-08-10,922.27,923.79,928.22,920.08,1230000000.0,0.08,908.5,912.78,928.18,903.57,5710000000.0,-0.23,910.61,955.95,960.45,908.2,28690000000.0,-4.52,917.24
2021-08-11,917.24,927.17,928.68,916.48,1340000000.0,-0.55,908.5,912.78,928.18,903.57,5710000000.0,-0.23,910.61,955.95,960.45,908.2,28690000000.0,-4.52,917.54
2021-08-13,917.54,915.21,922.92,913.74,1300000000.0,0.03,908.5,912.78,928.18,903.57,5710000000.0,-0.23,910.61,955.95,960.45,908.2,28690000000.0,-4.52,922.42
2021-08-16,922.42,917.83,924.25,910.33,1290000000.0,0.53,917.54,912.95,928.68,910.17,4910000000.0,1.0,910.61,955.95,960.45,908.2,28690000000.0,-4.52,929.61
2021-08-17,929.61,926.16,931.35,922.09,1420000000.0,0.78,917.54,912.95,928.68,910.17,4910000000.0,1.0,910.61,955.95,960.45,908.2,28690000000.0,-4.52,933.97
2021-08-18,933.97,931.0,938.01,929.4,1320000000.0,0.47,917.54,912.95,928.68,910.17,4910000000.0,1.0,910.61,955.95,960.45,908.2,28690000000.0,-4.52,927.09
2021-08-19,927.09,929.68,934.23,926.58,1070000000.0,-0.74,917.54,912.95,928.68,910.17,4910000000.0,1.0,910.61,955.95,960.45,908.2,28690000000.0,-4.52,932.27
2021-08-20,932.27,931.05,933.88,927.53,1510000000.0,0.56,917.54,912.95,928.68,910.17,4910000000.0,1.0,910.61,955.95,960.45,908.2,28690000000.0,-4.52,954.17
2021-08-23,954.17,941.35,954.99,941.05,2440000000.0,2.35,932.27,917.83,938.01,910.33,6610000000.0,1.61,910.61,955.95,960.45,908.2,28690000000.0,-4.52,956.78
2021-08-24,956.78,959.28,966.08,955.41,1870000000.0,0.27,932.27,917.83,938.01,910.33,6610000000.0,1.61,910.61,955.95,960.45,908.2,28690000000.0,-4.52,965.45
2021-08-25,965.45,959.19,966.03,956.75,1420000000.0,0.91,932.27,917.83,938.01,910.33,6610000000.0,1.61,910.61,955.95,960.45,908.2,28690000000.0,-4.52,964.79
2021-08-26,964.79,965.5,966.91,961.05,976890000.0,-0.07,932.27,917.83,938.01,910.33,6610000000.0,1.61,910.61,955.95,960.45,908.2,28690000000.0,-4.52,972.16
2021-08-27,972.16,965.17,974.49,962.91,1590000000.0,0.76,932.27,917.83,938.01,910.33,6610000000.0,1.61,910.61,955.95,960.45,908.2,28690000000.0,-4.52,987.31
2021-08-30,987.31,978.82,989.24,978.18,1860000000.0,1.56,972.16,941.35,974.49,941.05,8300000000.000001,4.28,910.61,955.95,960.45,908.2,28690000000.0,-4.52,992.13
2021-08-31,992.13,985.48,995.78,982.19,1820000000.0,0.49,972.16,941.35,974.49,941.05,8300000000.000001,4.28,910.61,955.95,960.45,908.2,28690000000.0,-4.52,988.2
2021-09-01,988.2,994.57,997.23,984.22,1580000000.0,-0.4,972.16,941.35,974.49,941.05,8300000000.000001,4.28,992.13,912.78,995.78,903.57,29200000000.0,8.95,998.81
2021-09-02,998.81,987.99,1002.16,986.43,1510000000.0,1.07,972.16,941.35,974.49,941.05,8300000000.000001,4.28,992.13,912.78,995.78,903.57,29200000000.0,8.95,1000.64
2021-09-03,1000.64,1002.94,1005.67,995.68,935510000.0,0.18,972.16,941.35,974.49,941.05,8300000000.000001,4.28,992.13,912.78,995.78,903.57,29200000000.0,8.95,997.45
2021-09-06,997.45,1000.94,1002.92,994.38,898570000.0,-0.32,1000.64,978.82,1005.67,978.18,7700000000.0,2.93,992.13,912.78,995.78,903.57,29200000000.0,8.95,991.33
2021-09-07,991.33,1001.47,1005.63,989.87,1610000000.0,-0.61,1000.64,978.82,1005.67,978.18,7700000000.0,2.93,992.13,912.78,995.78,903.57,29200000000.0,8.95,992.35
2021-09-08,992.35,988.07,993.74,982.58,1170000000.0,0.1,1000.64,978.82,1005.67,978.18,7700000000.0,2.93,992.13,912.78,995.78,903.57,29200000000.0,8.95,981.86
2021-09-09,981.86,989.26,995.88,980.6,1340000000.0,-1.06,1000.64,978.82,1005.67,978.18,7700000000.0,2.93,992.13,912.78,995.78,903.57,29200000000.0,8.95,985.29
2021-09-10,985.29,984.41,989.09,975.61,1230000000.0,0.35,1000.64,978.82,1005.67,978.18,7700000000.0,2.93,992.13,912.78,995.78,903.57,29200000000.0,8.95,981.52
2021-09-13,981.52,983.44,990.15,977.93,1400000000.0,-0.38,985.29,1000.94,1005.63,975.61,6250000000.0,-1.53,992.13,912.78,995.78,903.57,29200000000.0,8.95,974.58
2021-09-14,974.58,985.46,985.46,972.94,1240000000.0,-0.71,985.29,1000.94,1005.63,975.61,6250000000.0,-1.53,992.13,912.78,995.78,903.57,29200000000.0,8.95,975.79
2021-09-15,975.79,974.63,978.9,971.53,950920000.0,0.12,985.29,1000.94,1005.63,975.61,6250000000.0,-1.53,992.13,912.78,995.78,903.57,29200000000.0,8.95,978.53
2021-09-16,978.53,979.77,981.37,975.17,1280000000.0,0.28,985.29,1000.94,1005.63,975.61,6250000000.0,-1.53,992.13,912.78,995.78,903.57,29200000000.0,8.95,974.71
2021-09-17,974.71,978.56,980.7,969.39,1880000000.0,-0.39,985.29,1000.94,1005.63,975.61,6250000000.0,-1.53,992.13,912.78,995.78,903.57,29200000000.0,8.95,960.58
2021-09-20,960.58,968.06,970.93,958.15,1060000000.0,-1.45,974.71,983.44,990.15,969.39,6740000000.0,-1.07,992.13,912.78,995.78,903.57,29200000000.0,8.95,967.39
2021-09-21,967.39,961.87,969.94,953.4,1140000000.0,0.71,974.71,983.44,990.15,969.39,6740000000.0,-1.07,992.13,912.78,995.78,903.57,29200000000.0,8.95,969.44
2021-09-22,969.44,966.67,973.35,964.01,1780000000.0,0.21,974.71,983.44,990.15,969.39,6740000000.0,-1.07,992.13,912.78,995.78,903.57,29200000000.0,8.95,981.73
2021-09-23,981.73,979.53,985.23,973.38,4240000000.0,1.27,974.71,983.44,990.15,969.39,6740000000.0,-1.07,992.13,912.78,995.78,903.57,29200000000.0,8.95,976.02
2021-09-27,976.02,985.52,987.63,972.88,3670000000.0,-0.58,981.73,968.06,985.23,953.4,8230000000.0,0.72,992.13,912.78,995.78,903.57,29200000000.0,8.95,972.95
2021-09-28,972.95,977.85,980.18,971.04,2530000000.0,-0.31,981.73,968.06,985.23,953.4,8230000000.0,0.72,992.13,912.78,995.78,903.57,29200000000.0,8.95,971.85
2021-09-29,971.85,964.19,976.19,963.42,2440000000.0,-0.11,981.73,968.06,985.23,953.4,8230000000.0,0.72,992.13,912.78,995.78,903.57,29200000000.0,8.95,964.35
2021-09-30,964.35,970.56,974.0,960.49,2060000000.0,-0.77,981.73,968.06,985.23,953.4,8230000000.0,0.72,992.13,912.78,995.78,903.57,29200000000.0,8.95,964.99
2021-10-01,964.99,960.35,968.09,956.65,1730000000.0,0.07,981.73,968.06,985.23,953.4,8230000000.0,0.72,964.35,994.57,1005.67,953.4,35930000000.0,-2.8,971.22
2021-10-04,971.22,968.74,975.23,968.06,1690000000.0,0.65,964.99,985.52,987.63,956.65,12420000000.0,-1.71,964.35,994.57,1005.67,953.4,35930000000.0,-2.8,978.86
2021-10-05,978.86,969.26,980.85,968.44,2160000000.0,0.79,964.99,985.52,987.63,956.65,12420000000.0,-1.71,964.35,994.57,1005.67,953.4,35930000000.0,-2.8,973.25
2021-10-06,973.25,980.05,982.33,971.54,2020000000.0,-0.57,964.99,985.52,987.63,956.65,12420000000.0,-1.71,964.35,994.57,1005.67,953.4,35930000000.0,-2.8,982.1
2021-10-07,982.1,977.83,985.78,975.52,3070000000.0,0.91,964.99,985.52,987.63,956.65,12420000000.0,-1.71,964.35,994.57,1005.67,953.4,35930000000.0,-2.8,985.71
2021-10-08,985.71,987.97,989.92,982.65,2080000000.0,0.37,964.99,985.52,987.63,956.65,12420000000.0,-1.71,964.35,994.57,1005.67,953.4,35930000000.0,-2.8,982.45
2021-10-11,982.45,988.75,991.44,979.85,2270000000.0,-0.33,985.71,968.74,989.92,968.06,11020000000.0,2.15,964.35,994.57,1005.67,953.4,35930000000.0,-2.8,989.66
2021-10-12,989.66,990.4,992.3,984.89,1960000000.0,0.73,985.71,968.74,989.92,968.06,11020000000.0,2.15,964.35,994.57,1005.67,953.4,35930000000.0,-2.8,987.28
2021-10-14,987.28,992.31,993.09,984.18,2260000000.0,-0.24,985.71,968.74,989.92,968.06,11020000000.0,2.15,964.35,994.57,1005.67,953.4,35930000000.0,-2.8,987.44
2021-10-15,987.44,990.72,994.78,984.39,1930000000.0,0.02,985.71,968.74,989.92,968.06,11020000000.0,2.15,964.35,994.57,1005.67,953.4,35930000000.0,-2.8,991.07
2021-10-18,991.07,989.77,994.6,987.62,1700000000.0,0.37,987.44,988.75,994.78,979.85,8420000000.0,0.18,964.35,994.57,1005.67,953.4,35930000000.0,-2.8,982.02
2021-10-19,982.02,994.39,995.31,978.97,2260000000.0,-0.91,987.44,988.75,994.78,979.85,8420000000.0,0.18,964.35,994.57,1005.67,953.4,35930000000.0,-2.8,985.86
2021-10-20,985.86,984.09,987.42,982.6,1360000000.0,0.39,987.44,988.75,994.78,979.85,8420000000.0,0.18,964.35,994.57,1005.67,953.4,35930000000.0,-2.8,988.81
2021-10-21,988.81,990.66,991.66,985.73,1340000000.0,0.3,987.44,988.75,994.78,979.85,8420000000.0,0.18,964.35,994.57,1005.67,953.4,35930000000.0,-2.8,982.81
2021-10-25,982.81,989.95,990.85,979.45,1340000000.0,-0.61,988.81,989.77,995.31,978.97,6670000000.0,0.14,964.35,994.57,1005.67,953.4,35930000000.0,-2.8,984.04
2021-10-26,984.04,983.08,985.79,976.85,1570000000.0,0.13,988.81,989.77,995.31,978.97,6670000000.0,0.14,964.35,994.57,1005.67,953.4,35930000000.0,-2.8,977.32
2021-10-27,977.32,980.9,982.9,976.53,1660000000.0,-0.68,988.81,989.77,995.31,978.97,6670000000.0,0.14,964.35,994.57,1005.67,953.4,35930000000.0,-2.8,976.67
2021-10-28,976.67,976.35,981.46,973.49,1350000000.0,-0.07,988.81,989.77,995.31,978.97,6670000000.0,0.14,964.35,994.57,1005.67,953.4,35930000000.0,-2.8,974.67
2021-10-29,974.67,977.62,979.99,972.47,1140000000.0,-0.2,988.81,989.77,995.31,978.97,6670000000.0,0.14,964.35,994.57,1005.67,953.4,35930000000.0,-2.8,970.42
2021-11-01,970.42,978.17,982.54,967.92,1280000000.0,-0.44,974.67,989.95,990.85,972.47,7070000000.0,-1.43,974.67,960.35,995.31,956.65,34910000000.0,1.07,975.13
2021-11-02,975.13,972.65,977.17,967.65,1330000000.0,0.49,974.67,989.95,990.85,972.47,7070000000.0,-1.43,974.67,960.35,995.31,956.65,34910000000.0,1.07,972.64
2021-11-03,972.64,976.72,978.8,969.53,2600000000.0,-0.26,974.67,989.95,990.85,972.47,7070000000.0,-1.43,974.67,960.35,995.31,956.65,34910000000.0,1.07,980.11
2021-11-04,980.11,973.63,981.7,968.95,1560000000.0,0.77,974.67,989.95,990.85,972.47,7070000000.0,-1.43,974.67,960.35,995.31,956.65,34910000000.0,1.07,980.03
2021-11-05,980.03,980.78,982.59,975.83,944990000.0,-0.01,974.67,989.95,990.85,972.47,7070000000.0,-1.43,974.67,960.35,995.31,956.65,34910000000.0,1.07,980.22
2021-11-08,980.22,983.65,986.82,976.63,1470000000.0,0.02,980.03,978.17,982.59,967.65,7710000000.0,0.55,974.67,960.35,995.31,956.65,34910000000.0,1.07,980.53
2021-11-09,980.53,980.38,983.65,977.14,1250000000.0,0.03,980.03,978.17,982.59,967.65,7710000000.0,0.55,974.67,960.35,995.31,956.65,34910000000.0,1.07,979.27
2021-11-10,979.27,977.1,981.85,975.13,1300000000.0,-0.13,980.03,978.17,982.59,967.65,7710000000.0,0.55,974.67,960.35,995.31,956.65,34910000000.0,1.07,979.88
2021-11-11,979.88,978.04,981.93,975.93,1350000000.0,0.06,980.03,978.17,982.59,967.65,7710000000.0,0.55,974.67,960.35,995.31,956.65,34910000000.0,1.07,979.59
2021-11-12,979.59,982.83,985.04,978.86,1190000000.0,-0.03,980.03,978.17,982.59,967.65,7710000000.0,0.55,974.67,960.35,995.31,956.65,34910000000.0,1.07,984.06
2021-11-15,984.06,981.27,986.79,980.98,1640000000.0,0.46,979.59,983.65,986.82,975.13,6560000000.0,-0.04,974.67,960.35,995.31,956.65,34910000000.0,1.07,986.51
2021-11-16,986.51,986.13,990.01,983.13,2130000000.0,0.25,979.59,983.65,986.82,975.13,6560000000.0,-0.04,974.67,960.35,995.31,956.65,34910000000.0,1.07,986.52
2021-11-17,986.52,987.92,991.63,984.92,3060000000.0,0.0,979.59,983.65,986.82,975.13,6560000000.0,-0.04,974.67,960.35,995.31,956.65,34910000000.0,1.07,989.18
2021-11-18,989.18,985.22,992.05,984.13,2590000000.0,0.27,979.59,983.65,986.82,975.13,6560000000.0,-0.04,974.67,960.35,995.31,956.65,34910000000.0,1.07,984.39
2021-11-19,984.39,990.63,992.86,982.23,2710000000.0,-0.48,979.59,983.65,986.82,975.13,6560000000.0,-0.04,974.67,960.35,995.31,956.65,34910000000.0,1.07,989.18
2021-11-22,989.18,987.02,992.11,984.81,3420000000.0,0.49,984.39,981.27,992.86,980.98,12120000000.0,0.49,974.67,960.35,995.31,956.65,34910000000.0,1.07,987.26
2021-11-23,987.26,991.08,992.04,984.91,1990000000.0,-0.19,984.39,981.27,992.86,980.98,12120000000.0,0.49,974.67,960.35,995.31,956.65,34910000000.0,1.07,989.19
2021-11-24,989.19,989.7,994.89,987.45,2280000000.0,0.2,984.39,981.27,992.86,980.98,12120000000.0,0.49,974.67,960.35,995.31,956.65,34910000000.0,1.07,987.6
2021-11-25,987.6,992.69,993.69,984.49,2220000000.0,-0.16,984.39,981.27,992.86,980.98,12120000000.0,0.49,974.67,960.35,995.31,956.65,34910000000.0,1.07,961.93
2021-11-26,961.93,980.33,981.54,959.97,4120000000.0,-2.6,984.39,981.27,992.86,980.98,12120000000.0,0.49,974.67,960.35,995.31,956.65,34910000000.0,1.07,948.28
2021-11-29,948.28,961.15,966.7,947.16,2550000000.0,-1.42,961.93,987.02,994.89,959.97,14030000000.0,-2.28,974.67,960.35,995.31,956.65,34910000000.0,1.07,935.08
2021-11-30,935.08,955.91,963.18,933.35,3650000000.0,-1.39,961.93,987.02,994.89,959.97,14030000000.0,-2.28,974.67,960.35,995.31,956.65,34910000000.0,1.07,947.82
2021-12-01,947.82,940.99,949.07,931.04,1900000000.0,1.36,961.93,987.02,994.89,959.97,14030000000.0,-2.28,935.08,978.17,994.89,933.35,46630000000.0,-4.06,947.84
2021-12-02,947.84,942.9,948.4,939.68,1250000000.0,0.0,961.93,987.02,994.89,959.97,14030000000.0,-2.28,935.08,978.17,994.89,933.35,46630000000.0,-4.06,943.76
2021-12-03,943.76,948.38,951.21,943.69,1150000000.0,-0.43,961.93,987.02,994.89,959.97,14030000000.0,-2.28,935.08,978.17,994.89,933.35,46630000000.0,-4.06,957.96
2021-12-07,957.96,952.43,959.75,948.48,1740000000.0,1.5,943.76,961.15,966.7,931.04,10500000000.0,-1.89,935.08,978.17,994.89,933.35,46630000000.0,-4.06,964.44
2021-12-08,964.44,963.35,966.39,957.97,2010000000.0,0.68,943.76,961.15,966.7,931.04,10500000000.0,-1.89,935.08,978.17,994.89,933.35,46630000000.0,-4.06,962.24
2021-12-09,962.24,966.18,967.51,958.05,1450000000.0,-0.23,943.76,961.15,966.7,931.04,10500000000.0,-1.89,935.08,978.17,994.89,933.35,46630000000.0,-4.06,966.81
2021-12-13,966.81,967.89,969.77,960.96,1210000000.0,0.47,962.24,952.43,967.51,948.48,5200000000.0,1.96,935.08,978.17,994.89,933.35,46630000000.0,-4.06,971.13
2021-12-14,971.13,962.36,971.36,959.5,1330000000.0,0.45,962.24,952.43,967.51,948.48,5200000000.0,1.96,935.08,978.17,994.89,933.35,46630000000.0,-4.06,964.12
2021-12-15,964.12,967.99,970.64,962.62,849100000.0,-0.72,962.24,952.43,967.51,948.48,5200000000.0,1.96,935.08,978.17,994.89,933.35,46630000000.0,-4.06,980.51
2021-12-16,980.51,968.68,980.62,963.72,1910000000.0,1.7,962.24,952.43,967.51,948.48,5200000000.0,1.96,935.08,978.17,994.89,933.35,46630000000.0,-4.06,977.86
2021-12-17,977.86,978.82,980.9,974.57,1770000000.0,-0.27,962.24,952.43,967.51,948.48,5200000000.0,1.96,935.08,978.17,994.89,933.35,46630000000.0,-4.06,959.26
2021-12-20,959.26,969.43,971.87,956.3,1740000000.0,-1.9,977.86,967.89,980.9,959.5,7080000000.0,1.62,935.08,978.17,994.89,933.35,46630000000.0,-4.06,962.82
2021-12-21,962.82,964.38,968.32,960.83,941560000.0,0.37,977.86,967.89,980.9,959.5,7080000000.0,1.62,935.08,978.17,994.89,933.35,46630000000.0,-4.06,965.38
2021-12-22,965.38,966.86,969.3,963.48,849400000.0,0.27,977.86,967.89,980.9,959.5,7080000000.0,1.62,935.08,978.17,994.89,933.35,46630000000.0,-4.06,975.92
2021-12-23,975.92,970.02,979.77,969.75,1650000000.0,1.09,977.86,967.89,980.9,959.5,7080000000.0,1.62,935.08,978.17,994.89,933.35,46630000000.0,-4.06,975.13
2021-12-24,975.13,977.15,978.57,972.61,1040000000.0,-0.08,977.86,967.89,980.9,959.5,7080000000.0,1.62,935.08,978.17,994.89,933.35,46630000000.0,-4.06,975.51
2021-12-27,975.51,977.89,978.5,972.06,801100000.0,0.04,975.13,969.43,979.77,956.3,6220000000.0,-0.28,935.08,978.17,994.89,933.35,46630000000.0,-4.06,982.48
2021-12-28,982.48,978.5,986.04,978.32,1950000000.0,0.71,975.13,969.43,979.77,956.3,6220000000.0,-0.28,935.08,978.17,994.89,933.35,46630000000.0,-4.06,989.3
2021-12-29,989.3,983.23,990.57,981.58,1850000000.0,0.69,975.13,969.43,979.77,956.3,6220000000.0,-0.28,935.08,978.17,994.89,933.35,46630000000.0,-4.06,990.75
2021-12-30,990.75,991.81,993.53,986.45,1540000000.0,0.15,975.13,969.43,979.77,956.3,6220000000.0,-0.28,935.08,978.17,994.89,933.35,46630000000.0,-4.06,999.46
