inner_fold,seed,anchor_split,strategy,anchor_index,source_index,anchor_date,source_date,source_partition,source_before_anchor,endpoint_gap_rows,regime_agreement,coverage_distance,same_year
inner_2020,42,train,matched,5,0,2019-01-15,2019-01-08,inner_train,True,5.0,True,2.4894806201076367,True
inner_2020,42,train,matched,6,1,2019-01-16,2019-01-09,inner_train,True,5.0,True,1.4799201556559574,True
inner_2020,42,train,matched,7,0,2019-01-17,2019-01-08,inner_train,True,7.0,True,2.5231723595644837,True
inner_2020,42,train,matched,8,1,2019-01-18,2019-01-09,inner_train,True,7.0,True,1.0554068525770983,True
inner_2020,42,train,matched,9,3,2019-01-21,2019-01-11,inner_train,True,6.0,True,0.4726738578016141,True
inner_2020,42,train,matched,10,3,2019-01-22,2019-01-11,inner_train,True,7.0,True,0.5144553918165693,True
inner_2020,42,train,matched,11,6,2019-01-23,2019-01-16,inner_train,True,5.0,True,0.8261396348798575,True
inner_2020,42,train,matched,17,12,2019-01-31,2019-01-24,inner_train,True,5.0,True,0.7202063286739513,True
inner_2020,42,train,matched,18,13,2019-02-01,2019-01-25,inner_train,True,5.0,True,0.13235145148467398,True
inner_2020,42,train,matched,19,12,2019-02-04,2019-01-24,inner_train,True,7.0,True,0.5915889508518579,True
inner_2020,42,train,matched,20,13,2019-02-05,2019-01-25,inner_train,True,7.0,True,0.019048194970694432,True
inner_2020,42,train,matched,21,14,2019-02-06,2019-01-28,inner_train,True,7.0,True,0.07786218233604147,True
inner_2020,42,train,matched,22,16,2019-02-07,2019-01-30,inner_train,True,6.0,True,0.14660347419187492,True
inner_2020,42,train,matched,23,18,2019-02-08,2019-02-01,inner_train,True,5.0,True,0.364973746753428,True
inner_2020,42,train,matched,24,16,2019-02-11,2019-01-30,inner_train,True,8.0,True,0.18232155679395445,True
inner_2020,42,train,matched,25,12,2019-02-12,2019-01-24,inner_train,True,13.0,True,0.34217025773585075,True
inner_2020,42,train,matched,26,12,2019-02-13,2019-01-24,inner_train,True,14.0,True,0.3307415619122285,True
inner_2020,42,train,matched,27,17,2019-02-14,2019-01-31,inner_train,True,10.0,True,0.3429447511268302,True
inner_2020,42,train,matched,28,5,2019-02-15,2019-01-15,inner_train,True,23.0,True,0.2102401464783017,True
inner_2020,42,train,matched,29,8,2019-02-18,2019-01-18,inner_train,True,21.0,True,0.09880058474409337,True
inner_2020,42,train,matched,30,5,2019-02-20,2019-01-15,inner_train,True,25.0,True,0.40296041049315523,True
inner_2020,42,train,matched,31,6,2019-02-21,2019-01-16,inner_train,True,25.0,True,0.22000383130954226,True
inner_2020,42,train,matched,32,20,2019-02-22,2019-02-05,inner_train,True,12.0,True,0.1010961168713691,True
inner_2020,42,train,matched,33,24,2019-02-25,2019-02-11,inner_train,True,9.0,True,0.13613217432457958,True
inner_2020,42,train,matched,34,19,2019-02-26,2019-02-04,inner_train,True,15.0,True,0.13493293454981092,True
inner_2020,42,train,matched,35,14,2019-02-27,2019-01-28,inner_train,True,21.0,True,0.20284319251475091,True
inner_2020,42,train,matched,36,28,2019-02-28,2019-02-15,inner_train,True,8.0,True,0.5205991355929704,True
inner_2020,42,train,matched,37,31,2019-03-01,2019-02-21,inner_train,True,6.0,True,0.3356882303090041,True
inner_2020,42,train,matched,43,38,2019-03-11,2019-03-04,inner_train,True,5.0,True,0.38014730012387465,True
inner_2020,42,train,matched,44,39,2019-03-12,2019-03-05,inner_train,True,5.0,True,0.13758566295256314,True
inner_2020,42,train,matched,45,31,2019-03-13,2019-02-21,inner_train,True,14.0,True,0.20607073700561784,True
inner_2020,42,train,matched,46,7,2019-03-14,2019-01-17,inner_train,True,39.0,True,0.16987561073390278,True
inner_2020,42,train,matched,47,31,2019-03-15,2019-02-21,inner_train,True,16.0,True,0.14660347419187536,True
inner_2020,42,train,matched,48,7,2019-03-18,2019-01-17,inner_train,True,41.0,True,0.15906469462968698,True
inner_2020,42,train,matched,49,30,2019-03-19,2019-02-20,inner_train,True,19.0,True,0.17683978046926052,True
inner_2020,42,train,matched,50,30,2019-03-20,2019-02-20,inner_train,True,20.0,True,0.07598590697792229,True
inner_2020,42,train,matched,51,8,2019-03-21,2019-01-18,inner_train,True,43.0,True,0.15206951362343357,True
inner_2020,42,train,matched,52,12,2019-03-22,2019-01-24,inner_train,True,40.0,True,0.235185046351023,True
inner_2020,42,train,matched,53,10,2019-03-25,2019-01-22,inner_train,True,43.0,True,0.03390155167568132,True
inner_2020,42,train,matched,54,47,2019-03-26,2019-03-15,inner_train,True,7.0,True,0.2596456402284977,True
inner_2020,42,train,matched,55,6,2019-03-27,2019-01-16,inner_train,True,49.0,True,0.09105873094696681,True
inner_2020,42,train,matched,56,37,2019-03-28,2019-03-01,inner_train,True,19.0,True,0.15760491469534532,True
inner_2020,42,train,matched,57,45,2019-03-29,2019-03-13,inner_train,True,12.0,True,0.3530971225908486,True
inner_2020,42,train,matched,58,14,2019-04-01,2019-01-28,inner_train,True,44.0,True,0.029852963149681333,True
inner_2020,42,train,matched,59,35,2019-04-02,2019-02-27,inner_train,True,24.0,True,0.15724187239693066,True
inner_2020,42,train,matched,60,21,2019-04-03,2019-02-06,inner_train,True,39.0,True,0.09396104208402667,True
inner_2020,42,train,matched,61,20,2019-04-04,2019-02-05,inner_train,True,41.0,True,0.10673319946979865,True
inner_2020,42,train,matched,62,8,2019-04-05,2019-01-18,inner_train,True,54.0,True,0.15236336925316252,True
inner_2020,42,train,matched,63,23,2019-04-09,2019-02-08,inner_train,True,40.0,True,0.2972515234679314,True
inner_2020,42,train,matched,64,26,2019-04-10,2019-02-13,inner_train,True,38.0,True,0.5538851132264382,True
inner_2020,42,train,matched,65,23,2019-04-11,2019-02-08,inner_train,True,42.0,True,0.6286086594223739,True
inner_2020,42,train,matched,66,25,2019-04-12,2019-02-12,inner_train,True,41.0,True,0.5151640253645886,True
inner_2020,42,train,matched,67,25,2019-04-17,2019-02-12,inner_train,True,42.0,True,0.39738098970820523,True
inner_2020,42,train,matched,68,26,2019-04-18,2019-02-13,inner_train,True,42.0,True,0.35855331969646853,True
inner_2020,42,train,matched,69,61,2019-04-19,2019-04-04,inner_train,True,8.0,True,0.07410797215372167,True
inner_2020,42,train,matched,70,23,2019-04-22,2019-02-08,inner_train,True,47.0,True,0.28464716875662655,True
inner_2020,42,train,matched,71,64,2019-04-23,2019-04-10,inner_train,True,7.0,True,0.3646431135879098,True
inner_2020,42,train,matched,72,13,2019-04-24,2019-01-25,inner_train,True,59.0,True,0.24219174628490414,True
inner_2020,42,train,matched,73,61,2019-04-25,2019-04-04,inner_train,True,12.0,True,0.09280010516587422,True
inner_2020,42,train,matched,74,20,2019-04-26,2019-02-05,inner_train,True,54.0,True,0.10536051565782634,True
inner_2020,42,train,matched,75,56,2019-04-29,2019-03-28,inner_train,True,19.0,True,0.07801636452830385,True
inner_2020,42,train,matched,76,14,2019-04-30,2019-01-28,inner_train,True,62.0,True,0.1451820098444978,True
inner_2020,42,train,matched,77,14,2019-05-02,2019-01-28,inner_train,True,63.0,True,0.19782574332991976,True
inner_2020,42,train,matched,78,21,2019-05-03,2019-02-06,inner_train,True,57.0,True,0.28900713438148884,True
inner_2020,42,train,matched,79,37,2019-05-07,2019-03-01,inner_train,True,42.0,True,0.2775468505577381,True
inner_2020,42,train,matched,80,37,2019-05-08,2019-03-01,inner_train,True,43.0,True,0.09352605801082392,True
inner_2020,42,train,matched,81,38,2019-05-09,2019-03-04,inner_train,True,43.0,True,0.16537199848018158,True
inner_2020,42,train,matched,82,39,2019-05-10,2019-03-05,inner_train,True,43.0,True,0.5859330962527958,True
inner_2020,42,train,matched,83,42,2019-05-13,2019-03-08,inner_train,True,41.0,True,0.9330316447550451,True
inner_2020,42,train,matched,84,44,2019-05-14,2019-03-12,inner_train,True,40.0,True,1.4680324633786723,True
inner_2020,42,train,matched,85,42,2019-05-15,2019-03-08,inner_train,True,43.0,True,1.5879576124947934,True
inner_2020,42,train,matched,86,38,2019-05-16,2019-03-04,inner_train,True,48.0,True,1.9568392195875042,True
inner_2020,42,train,matched,87,42,2019-05-17,2019-03-08,inner_train,True,45.0,True,1.7522606637860698,True
inner_2020,42,train,matched,88,42,2019-05-21,2019-03-08,inner_train,True,46.0,True,1.4901890562148892,True
inner_2020,42,train,matched,89,84,2019-05-22,2019-05-14,inner_train,True,5.0,True,0.19308052619547578,True
inner_2020,42,train,matched,90,84,2019-05-23,2019-05-14,inner_train,True,6.0,True,0.4214017003709767,True
inner_2020,42,train,matched,91,81,2019-05-24,2019-05-09,inner_train,True,10.0,True,0.12251359488407587,True
inner_2020,42,train,matched,92,42,2019-05-27,2019-03-08,inner_train,True,50.0,True,0.3253501069229392,True
inner_2020,42,train,matched,93,43,2019-05-28,2019-03-11,inner_train,True,50.0,True,0.25869453557852884,True
inner_2020,42,train,matched,94,41,2019-05-29,2019-03-07,inner_train,True,53.0,True,0.38077249551779246,True
inner_2020,42,train,matched,95,43,2019-05-30,2019-03-11,inner_train,True,52.0,True,0.3320178862718328,True
inner_2020,42,train,matched,96,41,2019-05-31,2019-03-07,inner_train,True,55.0,True,0.3442148997839949,True
inner_2020,42,train,matched,97,6,2019-06-04,2019-01-16,inner_train,True,91.0,True,0.12726177961092766,True
inner_2020,42,train,matched,98,37,2019-06-05,2019-03-01,inner_train,True,61.0,True,0.13434805253107873,True
inner_2020,42,train,matched,99,13,2019-06-06,2019-01-25,inner_train,True,86.0,True,0.09531017980432477,True
inner_2020,42,train,matched,100,25,2019-06-07,2019-02-12,inner_train,True,75.0,True,0.022989518224698635,True
inner_2020,42,train,matched,101,32,2019-06-10,2019-02-22,inner_train,True,69.0,True,0.09985951946747873,True
inner_2020,42,train,matched,102,63,2019-06-11,2019-04-09,inner_train,True,39.0,True,0.1208647021937912,True
inner_2020,42,train,matched,103,67,2019-06-12,2019-04-17,inner_train,True,36.0,True,0.2267733193647885,True
inner_2020,42,train,matched,104,68,2019-06-13,2019-04-18,inner_train,True,36.0,True,0.04445176257083361,True
inner_2020,42,train,matched,105,52,2019-06-14,2019-03-22,inner_train,True,53.0,True,0.08536837697210142,True
inner_2020,42,train,matched,106,63,2019-06-17,2019-04-09,inner_train,True,43.0,True,0.2291455699992082,True
inner_2020,42,train,matched,107,74,2019-06-18,2019-04-26,inner_train,True,33.0,True,0.15700374880966494,True
inner_2020,42,train,matched,108,74,2019-06-19,2019-04-26,inner_train,True,34.0,True,0.03774032798284699,True
inner_2020,42,train,matched,109,72,2019-06-20,2019-04-24,inner_train,True,37.0,True,0.09909090264423082,True
inner_2020,42,train,matched,110,61,2019-06-21,2019-04-04,inner_train,True,49.0,True,0.13126638599367046,True
inner_2020,42,train,matched,111,13,2019-06-24,2019-01-25,inner_train,True,98.0,True,0.07094282335603053,True
inner_2020,42,train,matched,112,73,2019-06-25,2019-04-25,inner_train,True,39.0,True,0.11114924383407088,True
inner_2020,42,train,matched,113,106,2019-06-26,2019-06-17,inner_train,True,7.0,True,0.1044350181368836,True
inner_2020,42,train,matched,114,69,2019-06-27,2019-04-19,inner_train,True,45.0,True,0.05541583914156911,True
inner_2020,42,train,matched,115,74,2019-06-28,2019-04-26,inner_train,True,41.0,True,0.09579106464167575,True
inner_2020,42,train,matched,116,25,2019-07-01,2019-02-12,inner_train,True,91.0,True,0.13631820353170188,True
inner_2020,42,train,matched,117,52,2019-07-02,2019-03-22,inner_train,True,65.0,True,0.06243294057321869,True
inner_2020,42,train,matched,118,12,2019-07-03,2019-01-24,inner_train,True,106.0,True,0.13353139262452274,True
inner_2020,42,train,matched,119,66,2019-07-04,2019-04-12,inner_train,True,53.0,True,0.0,True
inner_2020,42,train,matched,120,102,2019-07-05,2019-06-11,inner_train,True,18.0,True,0.1278333715098845,True
inner_2020,42,train,matched,121,63,2019-07-08,2019-04-09,inner_train,True,58.0,True,0.04082199452025481,True
inner_2020,42,train,matched,122,105,2019-07-09,2019-06-14,inner_train,True,17.0,True,0.09763846956391609,True
inner_2020,42,train,matched,123,100,2019-07-10,2019-06-07,inner_train,True,23.0,True,0.06744128079553269,True
inner_2020,42,train,matched,124,118,2019-07-11,2019-07-03,inner_train,True,6.0,True,0.09531017980432477,True
inner_2020,42,train,matched,125,100,2019-07-12,2019-06-07,inner_train,True,25.0,True,0.10380892496640737,True
inner_2020,42,train,matched,126,23,2019-07-15,2019-02-08,inner_train,True,103.0,True,0.09608687887249712,True
inner_2020,42,train,matched,127,7,2019-07-17,2019-01-17,inner_train,True,120.0,True,0.1663577058049408,True
inner_2020,42,train,matched,128,97,2019-07-18,2019-06-04,inner_train,True,31.0,True,0.13237688027769767,True
inner_2020,42,train,matched,129,56,2019-07-19,2019-03-28,inner_train,True,73.0,True,0.15906469462968742,True
inner_2020,42,train,matched,130,6,2019-07-22,2019-01-16,inner_train,True,124.0,True,0.08784960000601849,True
inner_2020,42,train,matched,131,98,2019-07-23,2019-06-05,inner_train,True,33.0,True,0.11332868530700324,True
inner_2020,42,train,matched,132,80,2019-07-24,2019-05-08,inner_train,True,52.0,True,0.11450971031141366,True
inner_2020,42,train,matched,133,36,2019-07-25,2019-02-28,inner_train,True,97.0,True,0.08654528516110327,True
inner_2020,42,train,matched,134,79,2019-07-26,2019-05-07,inner_train,True,55.0,True,0.016260520871780315,True
inner_2020,42,train,matched,135,91,2019-07-30,2019-05-24,inner_train,True,44.0,True,0.0,True
inner_2020,42,train,matched,136,44,2019-07-31,2019-03-12,inner_train,True,92.0,True,0.0816780310142673,True
inner_2020,42,train,matched,137,41,2019-08-01,2019-03-07,inner_train,True,96.0,True,0.3207429347126691,True
inner_2020,42,train,matched,138,93,2019-08-02,2019-05-28,inner_train,True,45.0,True,0.29423947299794007,True
inner_2020,42,train,matched,139,44,2019-08-05,2019-03-12,inner_train,True,95.0,True,0.28279208715758886,True
inner_2020,42,train,matched,140,44,2019-08-06,2019-03-12,inner_train,True,96.0,True,0.2586945355785284,True
inner_2020,42,train,matched,141,136,2019-08-07,2019-07-31,inner_train,True,5.0,True,0.2597082204093746,True
inner_2020,42,train,matched,142,44,2019-08-08,2019-03-12,inner_train,True,98.0,True,0.18970166409157718,True
inner_2020,42,train,matched,143,41,2019-08-09,2019-03-07,inner_train,True,102.0,True,0.07061756721395307,True
inner_2020,42,train,matched,144,136,2019-08-13,2019-07-31,inner_train,True,8.0,True,0.052277863887717047,True
inner_2020,42,train,matched,145,42,2019-08-14,2019-03-08,inner_train,True,103.0,True,0.4270769512236514,True
inner_2020,42,train,matched,146,82,2019-08-15,2019-05-10,inner_train,True,64.0,True,0.3763926851943711,True
inner_2020,42,train,matched,147,84,2019-08-16,2019-05-14,inner_train,True,63.0,True,0.2541821322475055,True
inner_2020,42,train,matched,148,89,2019-08-19,2019-05-22,inner_train,True,59.0,True,0.3016928095213798,True
inner_2020,42,train,matched,149,82,2019-08-20,2019-05-10,inner_train,True,67.0,True,0.2587422808099835,True
inner_2020,42,train,matched,150,82,2019-08-21,2019-05-10,inner_train,True,68.0,True,0.035657164567275856,True
inner_2020,42,train,matched,151,135,2019-08-22,2019-07-30,inner_train,True,16.0,True,0.06535518104412708,True
inner_2020,42,train,matched,152,43,2019-08-23,2019-03-11,inner_train,True,109.0,True,0.1371092139724066,True
inner_2020,42,train,matched,153,138,2019-08-26,2019-08-02,inner_train,True,15.0,True,0.5254012665412722,True
inner_2020,42,train,matched,154,96,2019-08-27,2019-05-31,inner_train,True,58.0,True,0.6838704696884546,True
inner_2020,42,train,matched,155,94,2019-08-28,2019-05-29,inner_train,True,61.0,True,0.7254224004346281,True
inner_2020,42,train,matched,156,96,2019-08-29,2019-05-31,inner_train,True,60.0,True,0.5885602898841293,True
inner_2020,42,train,matched,157,9,2019-08-30,2019-01-21,inner_train,True,148.0,True,0.8752746395016713,True
inner_2020,42,train,matched,158,2,2019-09-02,2019-01-10,inner_train,True,156.0,True,0.22870942839165487,True
inner_2020,42,train,matched,159,127,2019-09-03,2019-07-17,inner_train,True,32.0,True,0.03774032798284699,True
inner_2020,42,train,matched,160,61,2019-09-04,2019-04-04,inner_train,True,99.0,True,0.018692133012152556,True
inner_2020,42,train,matched,161,24,2019-09-05,2019-02-11,inner_train,True,137.0,True,0.06899287148695166,True
inner_2020,42,train,matched,162,21,2019-09-06,2019-02-06,inner_train,True,141.0,True,0.12570974039860694,True
inner_2020,42,train,matched,163,112,2019-09-09,2019-06-25,inner_train,True,51.0,True,0.15489251962389083,True
inner_2020,42,train,matched,164,112,2019-09-10,2019-06-25,inner_train,True,52.0,True,0.07208572677295377,True
inner_2020,42,train,matched,165,107,2019-09-11,2019-06-18,inner_train,True,58.0,True,0.06236224171497584,True
inner_2020,42,train,matched,166,109,2019-09-12,2019-06-20,inner_train,True,57.0,True,0.12260232209233246,True
inner_2020,42,train,matched,167,72,2019-09-13,2019-04-24,inner_train,True,95.0,True,0.019048194970694432,True
inner_2020,42,train,matched,168,158,2019-09-16,2019-09-02,inner_train,True,10.0,True,0.32634789795557095,True
inner_2020,42,train,matched,169,62,2019-09-17,2019-04-05,inner_train,True,107.0,True,0.279960026357871,True
inner_2020,42,train,matched,170,54,2019-09-18,2019-03-26,inner_train,True,116.0,True,0.3995999886557664,True
inner_2020,42,train,matched,171,1,2019-09-19,2019-01-09,inner_train,True,170.0,True,0.6079893722196386,True
inner_2020,42,train,matched,172,156,2019-09-20,2019-08-29,inner_train,True,16.0,True,0.5953248874661003,True
inner_2020,42,train,matched,173,155,2019-09-23,2019-08-28,inner_train,True,18.0,True,0.279960026357871,True
inner_2020,42,train,matched,174,156,2019-09-24,2019-08-29,inner_train,True,18.0,True,0.14933957673084786,True
inner_2020,42,train,matched,175,92,2019-09-25,2019-05-27,inner_train,True,83.0,True,0.4531098253139487,True
inner_2020,42,train,matched,176,91,2019-09-26,2019-05-24,inner_train,True,85.0,True,0.3496651384413041,True
inner_2020,42,train,matched,177,79,2019-09-27,2019-05-07,inner_train,True,98.0,True,0.15847851996076923,True
inner_2020,42,train,matched,178,133,2019-09-30,2019-07-25,inner_train,True,45.0,True,0.14909590916563387,True
inner_2020,42,train,matched,179,42,2019-10-01,2019-03-08,inner_train,True,137.0,True,0.27343004974457896,True
inner_2020,42,train,matched,180,151,2019-10-02,2019-08-22,inner_train,True,29.0,True,0.27329333499968156,True
inner_2020,42,train,matched,181,44,2019-10-03,2019-03-12,inner_train,True,137.0,True,0.12169693497751988,True
inner_2020,42,train,matched,182,94,2019-10-04,2019-05-29,inner_train,True,88.0,True,0.11778303565638337,True
inner_2020,42,train,matched,183,141,2019-10-07,2019-08-07,inner_train,True,42.0,True,0.18151995354461814,True
inner_2020,42,train,matched,184,141,2019-10-08,2019-08-07,inner_train,True,43.0,True,0.13451709994928196,True
inner_2020,42,train,matched,185,138,2019-10-09,2019-08-02,inner_train,True,47.0,True,0.1281751934239974,True
inner_2020,42,train,matched,186,137,2019-10-10,2019-08-01,inner_train,True,49.0,True,0.1704870991469516,True
inner_2020,42,train,matched,187,182,2019-10-11,2019-10-04,inner_train,True,5.0,True,0.058840500022933284,True
inner_2020,42,train,matched,188,31,2019-10-15,2019-02-21,inner_train,True,157.0,True,0.04445176257083405,True
inner_2020,42,train,matched,189,159,2019-10-16,2019-09-03,inner_train,True,30.0,True,0.05942342047080107,True
inner_2020,42,train,matched,190,2,2019-10-17,2019-01-10,inner_train,True,188.0,True,0.13976194237515882,True
inner_2020,42,train,matched,191,62,2019-10-18,2019-04-05,inner_train,True,129.0,True,0.11000089521432876,True
inner_2020,42,train,matched,192,127,2019-10-21,2019-07-17,inner_train,True,65.0,True,0.07696104113612856,True
inner_2020,42,train,matched,193,169,2019-10-22,2019-09-17,inner_train,True,24.0,True,0.09880058474409381,True
inner_2020,42,train,matched,194,9,2019-10-24,2019-01-21,inner_train,True,185.0,True,0.2231435513142097,True
inner_2020,42,train,matched,195,168,2019-10-25,2019-09-16,inner_train,True,27.0,True,0.0747656505726928,True
inner_2020,42,train,matched,196,138,2019-10-28,2019-08-02,inner_train,True,58.0,True,0.4775508348811184,True
inner_2020,42,train,matched,197,137,2019-10-29,2019-08-01,inner_train,True,60.0,True,0.44839015282519856,True
inner_2020,42,train,matched,198,96,2019-10-30,2019-05-31,inner_train,True,102.0,True,0.23508030551902248,True
inner_2020,42,train,matched,199,130,2019-10-31,2019-07-22,inner_train,True,69.0,True,0.03509131981126945,True
inner_2020,42,train,matched,200,57,2019-11-01,2019-03-29,inner_train,True,143.0,True,0.11658757825160926,True
inner_2020,42,train,matched,201,57,2019-11-04,2019-03-29,inner_train,True,144.0,True,0.3680349057286709,True
inner_2020,42,train,matched,202,36,2019-11-05,2019-02-28,inner_train,True,166.0,True,0.26216020365666237,True
inner_2020,42,train,matched,203,36,2019-11-06,2019-02-28,inner_train,True,167.0,True,0.35932395211030954,True
inner_2020,42,train,matched,204,76,2019-11-07,2019-04-30,inner_train,True,128.0,True,0.07878087785311383,True
inner_2020,42,train,matched,205,22,2019-11-08,2019-02-07,inner_train,True,183.0,True,0.0765400771223339,True
inner_2020,42,train,matched,206,77,2019-11-11,2019-05-02,inner_train,True,129.0,True,0.17922215205466774,True
inner_2020,42,train,matched,207,200,2019-11-12,2019-11-01,inner_train,True,7.0,True,0.2336148511815055,True
inner_2020,42,train,matched,208,200,2019-11-13,2019-11-01,inner_train,True,8.0,True,0.6238124871588813,True
inner_2020,42,train,matched,209,200,2019-11-14,2019-11-01,inner_train,True,9.0,True,0.9712137943122849,True
inner_2020,42,train,matched,210,200,2019-11-15,2019-11-01,inner_train,True,10.0,True,1.2142073337410784,True
inner_2020,42,train,matched,211,201,2019-11-18,2019-11-04,inner_train,True,10.0,True,0.9407337387268373,True
inner_2020,42,train,matched,212,200,2019-11-19,2019-11-01,inner_train,True,12.0,True,1.085367061918089,True
inner_2020,42,train,matched,213,208,2019-11-20,2019-11-13,inner_train,True,5.0,True,0.10689779497671292,True
inner_2020,42,train,matched,214,203,2019-11-21,2019-11-06,inner_train,True,11.0,True,0.24149268998240636,True
inner_2020,42,train,matched,215,207,2019-11-22,2019-11-12,inner_train,True,8.0,True,0.08701137698963013,True
inner_2020,42,train,matched,216,79,2019-11-25,2019-05-07,inner_train,True,137.0,True,0.054067221270275745,True
inner_2020,42,train,matched,217,98,2019-11-26,2019-06-05,inner_train,True,119.0,True,0.08686112531779733,True
inner_2020,42,train,matched,218,7,2019-11-27,2019-01-17,inner_train,True,211.0,True,0.054509405668372146,True
inner_2020,42,train,matched,219,8,2019-11-28,2019-01-18,inner_train,True,211.0,True,0.15236336925316252,True
inner_2020,42,train,matched,220,169,2019-11-29,2019-09-17,inner_train,True,51.0,True,0.0747656505726928,True
inner_2020,42,train,matched,221,198,2019-12-02,2019-10-30,inner_train,True,23.0,True,0.2267733193647885,True
inner_2020,42,train,matched,222,185,2019-12-03,2019-10-09,inner_train,True,37.0,True,0.19522496162986247,True
inner_2020,42,train,matched,223,184,2019-12-04,2019-10-08,inner_train,True,39.0,True,0.06519619955654221,True
inner_2020,42,train,matched,224,94,2019-12-06,2019-05-29,inner_train,True,130.0,True,0.08004270767353638,True
inner_2020,42,train,matched,225,185,2019-12-09,2019-10-09,inner_train,True,40.0,True,0.20264502976586884,True
inner_2020,42,train,matched,226,198,2019-12-11,2019-10-30,inner_train,True,28.0,True,0.11155248590574729,True
inner_2020,42,train,matched,227,94,2019-12-12,2019-05-29,inner_train,True,133.0,True,0.18540322333136272,True
inner_2020,42,train,matched,228,94,2019-12-13,2019-05-29,inner_train,True,134.0,True,0.20252426411147395,True
inner_2020,42,train,matched,229,196,2019-12-16,2019-10-28,inner_train,True,33.0,True,0.1898687624293376,True
inner_2020,42,train,matched,230,225,2019-12-17,2019-12-09,inner_train,True,5.0,True,0.11666758657251819,True
inner_2020,42,train,matched,231,152,2019-12-18,2019-08-23,inner_train,True,79.0,True,0.10975086395911937,True
inner_2020,42,train,matched,232,48,2019-12-19,2019-03-18,inner_train,True,184.0,True,0.07257069283483508,True
inner_2020,42,train,matched,233,80,2019-12-20,2019-05-08,inner_train,True,153.0,True,0.04668711397265257,True
inner_2020,42,train,matched,234,56,2019-12-23,2019-03-28,inner_train,True,178.0,True,0.04694739650898194,True
inner_2020,42,train,matched,235,177,2019-12-24,2019-09-27,inner_train,True,58.0,True,0.02898753687325195,True
inner_2020,42,train,matched,236,189,2019-12-25,2019-10-16,inner_train,True,47.0,True,0.057943035300366486,True
inner_2020,42,train,matched,237,75,2019-12-26,2019-04-29,inner_train,True,162.0,True,0.11583181552512123,True
inner_2020,42,train,matched,238,199,2019-12-27,2019-10-31,inner_train,True,39.0,True,0.03390155167568132,True
inner_2020,42,train,matched,239,199,2019-12-30,2019-10-31,inner_train,True,40.0,True,0.05310982531394792,True
inner_2020,42,train,random,5,0,2019-01-15,2019-01-08,inner_train,True,5.0,True,2.4894806201076367,True
inner_2020,42,train,random,6,0,2019-01-16,2019-01-08,inner_train,True,6.0,True,2.5955401920679613,True
inner_2020,42,train,random,7,2,2019-01-17,2019-01-10,inner_train,True,5.0,True,0.5421890734632466,True
inner_2020,42,train,random,8,2,2019-01-18,2019-01-10,inner_train,True,6.0,True,0.3346849260471174,True
inner_2020,42,train,random,9,2,2019-01-21,2019-01-10,inner_train,True,7.0,True,0.45798314239161053,True
inner_2020,42,train,random,10,2,2019-01-22,2019-01-10,inner_train,True,8.0,True,0.49976467640656574,True
inner_2020,42,train,random,11,6,2019-01-23,2019-01-16,inner_train,True,5.0,True,0.8261396348798575,True
inner_2020,42,train,random,17,1,2019-01-31,2019-01-09,inner_train,True,16.0,False,1.6028610754732453,True
inner_2020,42,train,random,18,9,2019-02-01,2019-01-21,inner_train,True,9.0,False,0.7586043972145893,True
inner_2020,42,train,random,19,3,2019-02-04,2019-01-11,inner_train,True,16.0,False,0.4035693729432648,True
inner_2020,42,train,random,20,1,2019-02-05,2019-01-09,inner_train,True,19.0,False,1.460871960685263,True
inner_2020,42,train,random,21,8,2019-02-06,2019-01-18,inner_train,True,13.0,False,0.6902583966540545,True
inner_2020,42,train,random,22,17,2019-02-07,2019-01-31,inner_train,True,5.0,True,0.07991209969320279,True
inner_2020,42,train,random,23,13,2019-02-08,2019-01-25,inner_train,True,10.0,True,0.232622295268754,True
inner_2020,42,train,random,24,15,2019-02-11,2019-01-29,inner_train,True,9.0,True,0.5461927676032823,True
inner_2020,42,train,random,25,15,2019-02-12,2019-01-29,inner_train,True,10.0,True,0.7430190106001189,True
inner_2020,42,train,random,26,17,2019-02-13,2019-01-31,inner_train,True,9.0,True,0.3894647667617228,True
inner_2020,42,train,random,27,11,2019-02-14,2019-01-23,inner_train,True,16.0,False,0.6061358035703153,True
inner_2020,42,train,random,28,3,2019-02-15,2019-01-11,inner_train,True,25.0,True,0.24116205681688774,True
inner_2020,42,train,random,29,20,2019-02-18,2019-02-05,inner_train,True,9.0,False,0.30666452336407124,True
inner_2020,42,train,random,30,11,2019-02-20,2019-01-23,inner_train,True,19.0,True,0.5355182363563622,True
inner_2020,42,train,random,31,13,2019-02-21,2019-01-25,inner_train,True,18.0,False,0.22000383130954226,True
inner_2020,42,train,random,32,10,2019-02-22,2019-01-22,inner_train,True,22.0,False,0.7146533857809088,True
inner_2020,42,train,random,33,5,2019-02-25,2019-01-15,inner_train,True,28.0,False,0.3745431977695781,True
inner_2020,42,train,random,34,27,2019-02-26,2019-02-14,inner_train,True,7.0,True,0.14289183538408645,True
inner_2020,42,train,random,35,24,2019-02-27,2019-02-11,inner_train,True,11.0,True,0.31334981920035876,True
inner_2020,42,train,random,36,20,2019-02-28,2019-02-05,inner_train,True,16.0,False,0.3715635564324824,True
inner_2020,42,train,random,37,13,2019-03-01,2019-01-25,inner_train,True,24.0,False,0.1926169606550543,True
inner_2020,42,train,random,43,32,2019-03-11,2019-02-22,inner_train,True,11.0,False,0.10802363307730989,True
inner_2020,42,train,random,44,21,2019-03-12,2019-02-06,inner_train,True,23.0,False,0.23967285326542065,True
inner_2020,42,train,random,45,18,2019-03-13,2019-02-01,inner_train,True,27.0,False,0.1462845457885984,True
inner_2020,42,train,random,46,18,2019-03-14,2019-02-01,inner_train,True,28.0,False,0.24121214572471006,True
inner_2020,42,train,random,47,9,2019-03-15,2019-01-21,inner_train,True,38.0,True,0.2596456402284977,True
inner_2020,42,train,random,48,4,2019-03-18,2019-01-14,inner_train,True,44.0,True,0.3508609740733122,True
inner_2020,42,train,random,49,24,2019-03-19,2019-02-11,inner_train,True,25.0,False,0.24613306953890834,True
inner_2020,42,train,random,50,40,2019-03-20,2019-03-06,inner_train,True,10.0,False,0.4072783452323452,True
inner_2020,42,train,random,51,2,2019-03-21,2019-01-10,inner_train,True,49.0,True,0.486754439670551,True
inner_2020,42,train,random,52,41,2019-03-22,2019-03-07,inner_train,True,11.0,False,0.16989903679539742,True
inner_2020,42,train,random,53,40,2019-03-25,2019-03-06,inner_train,True,13.0,False,0.9093702890295812,True
inner_2020,42,train,random,54,13,2019-03-26,2019-01-25,inner_train,True,41.0,False,0.6262529457299153,True
inner_2020,42,train,random,55,32,2019-03-27,2019-02-22,inner_train,True,23.0,False,0.09466522654107834,True
inner_2020,42,train,random,56,8,2019-03-28,2019-01-18,inner_train,True,48.0,True,0.6398275430271623,True
inner_2020,42,train,random,57,40,2019-03-29,2019-03-06,inner_train,True,17.0,False,0.2984929885559966,True
inner_2020,42,train,random,58,37,2019-04-01,2019-03-01,inner_train,True,21.0,False,0.2560449875085977,True
inner_2020,42,train,random,59,19,2019-04-02,2019-02-04,inner_train,True,40.0,True,0.30368241379822214,True
inner_2020,42,train,random,60,3,2019-04-03,2019-01-11,inner_train,True,57.0,False,0.581029882439239,True
inner_2020,42,train,random,61,55,2019-04-04,2019-03-27,inner_train,True,6.0,False,0.17874373544607103,True
inner_2020,42,train,random,62,25,2019-04-05,2019-02-12,inner_train,True,37.0,False,0.1771401980519567,True
inner_2020,42,train,random,63,52,2019-04-09,2019-03-22,inner_train,True,11.0,True,0.16779345623104502,True
inner_2020,42,train,random,64,40,2019-04-10,2019-03-06,inner_train,True,24.0,False,0.8610799999018006,True
inner_2020,42,train,random,65,47,2019-04-11,2019-03-15,inner_train,True,18.0,False,0.49462364918971025,True
inner_2020,42,train,random,66,47,2019-04-12,2019-03-15,inner_train,True,19.0,False,0.4036518709839836,True
inner_2020,42,train,random,67,12,2019-04-17,2019-01-24,inner_train,True,55.0,True,0.11155248590574729,True
inner_2020,42,train,random,68,23,2019-04-18,2019-02-08,inner_train,True,45.0,True,0.3924548713721494,True
inner_2020,42,train,random,69,30,2019-04-19,2019-02-20,inner_train,True,39.0,False,0.3091306158592646,True
inner_2020,42,train,random,70,32,2019-04-22,2019-02-22,inner_train,True,38.0,True,0.3101549283038394,True
inner_2020,42,train,random,71,2,2019-04-23,2019-01-10,inner_train,True,69.0,False,0.15879105938376092,True
inner_2020,42,train,random,72,37,2019-04-24,2019-03-01,inner_train,True,35.0,False,0.39671231699856957,True
inner_2020,42,train,random,73,10,2019-04-25,2019-01-22,inner_train,True,63.0,False,0.691696853982299,True
inner_2020,42,train,random,74,52,2019-04-26,2019-03-22,inner_train,True,22.0,True,0.23767165187711958,True
inner_2020,42,train,random,75,48,2019-04-29,2019-03-18,inner_train,True,27.0,True,0.17185025692665912,True
inner_2020,42,train,random,76,66,2019-04-30,2019-04-12,inner_train,True,10.0,True,1.1993425359417733,True
inner_2020,42,train,random,77,54,2019-05-02,2019-03-26,inner_train,True,23.0,False,1.1079800386717094,True
inner_2020,42,train,random,78,27,2019-05-03,2019-02-14,inner_train,True,51.0,True,0.7747560592662266,True
inner_2020,42,train,random,79,72,2019-05-07,2019-04-24,inner_train,True,7.0,False,0.635422995842104,True
inner_2020,42,train,random,80,31,2019-05-08,2019-02-21,inner_train,True,49.0,True,0.429214288319828,True
inner_2020,42,train,random,81,25,2019-05-09,2019-02-12,inner_train,True,56.0,False,0.3707795501202744,True
inner_2020,42,train,random,82,70,2019-05-10,2019-04-22,inner_train,True,12.0,False,1.1402849850686771,True
inner_2020,42,train,random,83,29,2019-05-13,2019-02-18,inner_train,True,54.0,False,1.495133141154041,True
inner_2020,42,train,random,84,6,2019-05-14,2019-01-16,inner_train,True,78.0,False,1.4941047036884472,True
inner_2020,42,train,random,85,38,2019-05-15,2019-03-04,inner_train,True,47.0,True,1.5432899930793802,True
inner_2020,42,train,random,86,65,2019-05-16,2019-04-11,inner_train,True,21.0,False,3.0991265717582754,True
inner_2020,42,train,random,87,15,2019-05-17,2019-01-29,inner_train,True,72.0,False,1.5007255823709937,True
inner_2020,42,train,random,88,38,2019-05-21,2019-03-04,inner_train,True,50.0,True,1.445521436799476,True
inner_2020,42,train,random,89,11,2019-05-22,2019-01-23,inner_train,True,78.0,False,2.2939270302509316,True
inner_2020,42,train,random,90,59,2019-05-23,2019-04-02,inner_train,True,31.0,False,0.7746970475240538,True
inner_2020,42,train,random,91,41,2019-05-24,2019-03-07,inner_train,True,50.0,True,0.3724042458472767,True
inner_2020,42,train,random,92,29,2019-05-27,2019-02-18,inner_train,True,63.0,False,0.34687094384211203,True
inner_2020,42,train,random,93,20,2019-05-28,2019-02-05,inner_train,True,73.0,False,0.08841095734405346,True
inner_2020,42,train,random,94,50,2019-05-29,2019-03-20,inner_train,True,44.0,False,0.35831832968246236,True
inner_2020,42,train,random,95,60,2019-05-30,2019-04-03,inner_train,True,35.0,False,0.4325772237266192,True
inner_2020,42,train,random,96,86,2019-05-31,2019-05-16,inner_train,True,10.0,True,2.5011407725498844,True
inner_2020,42,train,random,97,40,2019-06-04,2019-03-06,inner_train,True,57.0,False,0.334696037219957,True
inner_2020,42,train,random,98,15,2019-06-05,2019-01-29,inner_train,True,83.0,False,0.3555724079946323,True
inner_2020,42,train,random,99,79,2019-06-06,2019-05-07,inner_train,True,20.0,False,0.29792106975287513,True
inner_2020,42,train,random,100,60,2019-06-07,2019-04-03,inner_train,True,40.0,True,0.44986872083668006,True
inner_2020,42,train,random,101,67,2019-06-10,2019-04-17,inner_train,True,34.0,True,0.4324723095194756,True
inner_2020,42,train,random,102,9,2019-06-11,2019-01-21,inner_train,True,93.0,False,0.05715841383994835,True
inner_2020,42,train,random,103,30,2019-06-12,2019-02-20,inner_train,True,73.0,False,0.588628061670311,True
inner_2020,42,train,random,104,76,2019-06-13,2019-04-30,inner_train,True,28.0,True,1.0986122886681091,True
inner_2020,42,train,random,105,84,2019-06-14,2019-05-14,inner_train,True,21.0,False,1.84629734518768,True
inner_2020,42,train,random,106,44,2019-06-17,2019-03-12,inner_train,True,62.0,False,0.41191971788484416,True
inner_2020,42,train,random,107,82,2019-06-18,2019-05-10,inner_train,True,25.0,False,0.9913982043609599,True
inner_2020,42,train,random,108,87,2019-06-19,2019-05-17,inner_train,True,21.0,False,2.1507984804616678,True
inner_2020,42,train,random,109,40,2019-06-20,2019-03-06,inner_train,True,69.0,False,0.46707291749765467,True
inner_2020,42,train,random,110,95,2019-06-21,2019-05-30,inner_train,True,15.0,False,0.07922604776698083,True
inner_2020,42,train,random,111,30,2019-06-24,2019-02-20,inner_train,True,81.0,False,0.2937611185281632,True
inner_2020,42,train,random,112,25,2019-06-25,2019-02-12,inner_train,True,87.0,True,0.22314355131421015,True
inner_2020,42,train,random,113,74,2019-06-26,2019-04-26,inner_train,True,39.0,True,0.15700374880966494,True
inner_2020,42,train,random,114,70,2019-06-27,2019-04-22,inner_train,True,44.0,True,0.36130636865895127,True
inner_2020,42,train,random,115,15,2019-06-28,2019-01-29,inner_train,True,100.0,True,0.6353883464077534,True
inner_2020,42,train,random,116,93,2019-07-01,2019-05-28,inner_train,True,23.0,False,0.2839542023377666,True
inner_2020,42,train,random,117,22,2019-07-02,2019-02-07,inner_train,True,95.0,True,0.5925828371656121,True
inner_2020,42,train,random,118,91,2019-07-03,2019-05-24,inner_train,True,27.0,False,0.6439569363691744,True
inner_2020,42,train,random,119,0,2019-07-04,2019-01-08,inner_train,True,119.0,False,1.8252810155825598,True
inner_2020,42,train,random,120,92,2019-07-05,2019-05-27,inner_train,True,28.0,False,0.7180861289071978,True
inner_2020,42,train,random,121,92,2019-07-08,2019-05-27,inner_train,True,29.0,False,0.5102100497237769,True
inner_2020,42,train,random,122,92,2019-07-09,2019-05-27,inner_train,True,30.0,False,0.47098933657049535,True
inner_2020,42,train,random,123,79,2019-07-10,2019-05-07,inner_train,True,44.0,False,0.6038746381071785,True
inner_2020,42,train,random,124,56,2019-07-11,2019-03-28,inner_train,True,68.0,False,0.5837380763761191,True
inner_2020,42,train,random,125,85,2019-07-12,2019-05-15,inner_train,True,40.0,False,2.071357423279877,True
inner_2020,42,train,random,126,33,2019-07-15,2019-02-25,inner_train,True,93.0,True,0.28097063786379417,True
inner_2020,42,train,random,127,96,2019-07-17,2019-05-31,inner_train,True,31.0,False,0.1388364448542161,True
inner_2020,42,train,random,128,68,2019-07-18,2019-04-18,inner_train,True,60.0,False,0.4819763230002301,True
inner_2020,42,train,random,129,57,2019-07-19,2019-03-29,inner_train,True,72.0,True,0.28291448296830835,True
inner_2020,42,train,random,130,63,2019-07-22,2019-04-09,inner_train,True,67.0,False,0.6177234187427039,True
inner_2020,42,train,random,131,72,2019-07-23,2019-04-24,inner_train,True,59.0,False,0.2972515234679318,True
inner_2020,42,train,random,132,4,2019-07-24,2019-01-14,inner_train,True,128.0,True,0.6099198747496968,True
inner_2020,42,train,random,133,18,2019-07-25,2019-02-01,inner_train,True,115.0,False,0.20142172816737336,True
inner_2020,42,train,random,134,31,2019-07-26,2019-02-21,inner_train,True,103.0,True,0.5969745599949619,True
inner_2020,42,train,random,135,15,2019-07-30,2019-01-29,inner_train,True,120.0,False,0.3077009393422725,True
inner_2020,42,train,random,136,58,2019-07-31,2019-04-01,inner_train,True,78.0,False,0.3693601034660481,True
inner_2020,42,train,random,137,88,2019-08-01,2019-05-21,inner_train,True,49.0,True,2.2395020947020314,True
inner_2020,42,train,random,138,87,2019-08-02,2019-05-17,inner_train,True,51.0,True,2.390348067162988,True
inner_2020,42,train,random,139,63,2019-08-05,2019-04-09,inner_train,True,76.0,False,0.27315397188887136,True
inner_2020,42,train,random,140,116,2019-08-06,2019-07-01,inner_train,True,24.0,False,0.20585205420414887,True
inner_2020,42,train,random,141,77,2019-08-07,2019-05-02,inner_train,True,64.0,False,0.7970411040556611,True
inner_2020,42,train,random,142,10,2019-08-08,2019-01-22,inner_train,True,132.0,False,0.67116827384117,True
inner_2020,42,train,random,143,106,2019-08-09,2019-06-17,inner_train,True,37.0,False,0.3961996546623743,True
inner_2020,42,train,random,144,80,2019-08-13,2019-05-08,inner_train,True,64.0,False,0.25555079426898786,True
inner_2020,42,train,random,145,89,2019-08-14,2019-05-22,inner_train,True,56.0,True,0.8043216660831924,True
inner_2020,42,train,random,146,80,2019-08-15,2019-05-08,inner_train,True,66.0,False,0.8771679731068596,True
inner_2020,42,train,random,147,79,2019-08-16,2019-05-07,inner_train,True,68.0,False,0.8466913218837417,True
inner_2020,42,train,random,148,13,2019-08-19,2019-01-25,inner_train,True,135.0,False,1.1660945858496943,True
inner_2020,42,train,random,149,81,2019-08-20,2019-05-09,inner_train,True,68.0,True,0.8530436267332959,True
inner_2020,42,train,random,150,116,2019-08-21,2019-07-01,inner_train,True,34.0,False,1.095817689737094,True
inner_2020,42,train,random,151,44,2019-08-22,2019-03-12,inner_train,True,107.0,True,0.14677057252963577,True
inner_2020,42,train,random,152,89,2019-08-23,2019-05-22,inner_train,True,63.0,True,1.4932664806720592,True
inner_2020,42,train,random,153,4,2019-08-26,2019-01-14,inner_train,True,149.0,False,0.7255431660890226,True
inner_2020,42,train,random,154,52,2019-08-27,2019-03-22,inner_train,True,102.0,False,0.5850352626655511,True
inner_2020,42,train,random,155,65,2019-08-28,2019-04-11,inner_train,True,90.0,False,0.6466159074993518,True
inner_2020,42,train,random,156,149,2019-08-29,2019-08-20,inner_train,True,7.0,True,1.820533471099624,True
inner_2020,42,train,random,157,32,2019-08-30,2019-02-22,inner_train,True,125.0,False,1.3234081996430191,True
inner_2020,42,train,random,158,42,2019-09-02,2019-03-08,inner_train,True,116.0,False,0.6222362556392995,True
inner_2020,42,train,random,159,63,2019-09-03,2019-04-09,inner_train,True,96.0,False,0.3677247801253176,True
inner_2020,42,train,random,160,154,2019-09-04,2019-08-27,inner_train,True,6.0,False,0.8781227536842398,True
inner_2020,42,train,random,161,133,2019-09-05,2019-07-25,inner_train,True,28.0,False,0.461034959262975,True
inner_2020,42,train,random,162,5,2019-09-06,2019-01-15,inner_train,True,157.0,False,0.24609492513691267,True
inner_2020,42,train,random,163,37,2019-09-09,2019-03-01,inner_train,True,126.0,False,0.3833609838237053,True
inner_2020,42,train,random,164,131,2019-09-10,2019-07-23,inner_train,True,33.0,False,0.12306009275722696,True
inner_2020,42,train,random,165,9,2019-09-11,2019-01-21,inner_train,True,156.0,False,0.48884671704721505,True
inner_2020,42,train,random,166,138,2019-09-12,2019-08-02,inner_train,True,28.0,False,0.5294160480717904,True
inner_2020,42,train,random,167,45,2019-09-13,2019-03-13,inner_train,True,122.0,False,0.3661536878932763,True
inner_2020,42,train,random,168,150,2019-09-16,2019-08-21,inner_train,True,18.0,False,1.4165997106152197,True
inner_2020,42,train,random,169,48,2019-09-17,2019-03-18,inner_train,True,121.0,True,0.6776429940239805,True
inner_2020,42,train,random,170,72,2019-09-18,2019-04-24,inner_train,True,98.0,False,0.7836611881007776,True
inner_2020,42,train,random,171,110,2019-09-19,2019-06-21,inner_train,True,61.0,False,1.9063424034071264,True
inner_2020,42,train,random,172,21,2019-09-20,2019-02-06,inner_train,True,151.0,False,1.712875426408162,True
inner_2020,42,train,random,173,94,2019-09-23,2019-05-29,inner_train,True,79.0,True,0.44546237407675715,True
inner_2020,42,train,random,174,85,2019-09-24,2019-05-15,inner_train,True,89.0,True,2.526812259195042,True
inner_2020,42,train,random,175,134,2019-09-25,2019-07-26,inner_train,True,41.0,False,0.808922328492022,True
inner_2020,42,train,random,176,171,2019-09-26,2019-09-19,inner_train,True,5.0,False,2.617797586453934,True
inner_2020,42,train,random,177,114,2019-09-27,2019-06-27,inner_train,True,63.0,False,0.3982513707844726,True
inner_2020,42,train,random,178,71,2019-09-30,2019-04-23,inner_train,True,107.0,False,0.7695201593445189,True
inner_2020,42,train,random,179,71,2019-10-01,2019-04-23,inner_train,True,108.0,False,0.8574502318512209,True
inner_2020,42,train,random,180,73,2019-10-02,2019-04-25,inner_train,True,107.0,False,0.5892369914797655,True
inner_2020,42,train,random,181,144,2019-10-03,2019-08-13,inner_train,True,37.0,True,0.2556528298795042,True
inner_2020,42,train,random,182,57,2019-10-04,2019-03-29,inner_train,True,125.0,False,0.6081539677265528,True
inner_2020,42,train,random,183,29,2019-10-07,2019-02-18,inner_train,True,154.0,False,0.1217360211429761,True
inner_2020,42,train,random,184,60,2019-10-08,2019-04-03,inner_train,True,124.0,False,0.6216151625543178,True
inner_2020,42,train,random,185,4,2019-10-09,2019-01-14,inner_train,True,181.0,False,0.430903681746849,True
inner_2020,42,train,random,186,19,2019-10-10,2019-02-04,inner_train,True,167.0,False,0.5634180738851615,True
inner_2020,42,train,random,187,16,2019-10-11,2019-01-30,inner_train,True,171.0,False,0.37914779979079105,True
inner_2020,42,train,random,188,141,2019-10-15,2019-08-07,inner_train,True,47.0,False,0.13976194237515882,True
inner_2020,42,train,random,189,133,2019-10-16,2019-07-25,inner_train,True,56.0,True,0.5553456387342162,True
inner_2020,42,train,random,190,129,2019-10-17,2019-07-19,inner_train,True,61.0,True,0.5310445089101812,True
inner_2020,42,train,random,191,86,2019-10-18,2019-05-16,inner_train,True,105.0,False,2.6452492998631802,True
inner_2020,42,train,random,192,134,2019-10-21,2019-07-26,inner_train,True,58.0,True,0.5783404804500689,True
inner_2020,42,train,random,193,30,2019-10-22,2019-02-20,inner_train,True,163.0,True,0.32277339226305113,True
inner_2020,42,train,random,194,171,2019-10-24,2019-09-19,inner_train,True,23.0,True,1.238513030831471,True
inner_2020,42,train,random,195,95,2019-10-25,2019-05-30,inner_train,True,100.0,False,0.42858752552901835,True
inner_2020,42,train,random,196,180,2019-10-28,2019-10-02,inner_train,True,16.0,True,1.3253856080328985,True
inner_2020,42,train,random,197,29,2019-10-29,2019-02-18,inner_train,True,168.0,False,0.635601694913345,True
inner_2020,42,train,random,198,96,2019-10-30,2019-05-31,inner_train,True,102.0,True,0.23508030551902248,True
inner_2020,42,train,random,199,135,2019-10-31,2019-07-30,inner_train,True,64.0,False,0.12746463994228474,True
inner_2020,42,train,random,200,97,2019-11-01,2019-06-04,inner_train,True,103.0,True,0.5830133861494611,True
inner_2020,42,train,random,201,87,2019-11-04,2019-05-17,inner_train,True,114.0,False,1.281450507834705,True
inner_2020,42,train,random,202,32,2019-11-05,2019-02-22,inner_train,True,170.0,False,0.7348198769605139,True
inner_2020,42,train,random,203,75,2019-11-06,2019-04-29,inner_train,True,128.0,True,0.5745414381520981,True
inner_2020,42,train,random,204,47,2019-11-07,2019-03-15,inner_train,True,157.0,False,0.7169097871046759,True
inner_2020,42,train,random,205,60,2019-11-08,2019-04-03,inner_train,True,145.0,True,0.14179791186025703,True
inner_2020,42,train,random,206,138,2019-11-11,2019-08-02,inner_train,True,68.0,False,0.8042244073491376,True
inner_2020,42,train,random,207,127,2019-11-12,2019-07-17,inner_train,True,80.0,True,0.8137751683485597,True
inner_2020,42,train,random,208,123,2019-11-13,2019-07-10,inner_train,True,85.0,False,1.2902074822473932,True
inner_2020,42,train,random,209,74,2019-11-14,2019-04-26,inner_train,True,135.0,False,1.5513741114793391,True
inner_2020,42,train,random,210,197,2019-11-15,2019-10-29,inner_train,True,13.0,False,2.6312733535277224,True
inner_2020,42,train,random,211,18,2019-11-18,2019-02-01,inner_train,True,193.0,False,1.5155812212577584,True
inner_2020,42,train,random,212,71,2019-11-19,2019-04-23,inner_train,True,141.0,False,1.9968845150395858,True
inner_2020,42,train,random,213,24,2019-11-20,2019-02-11,inner_train,True,189.0,False,1.2447307967981036,True
inner_2020,42,train,random,214,71,2019-11-21,2019-04-23,inner_train,True,143.0,False,1.4090978501374671,True
inner_2020,42,train,random,215,202,2019-11-22,2019-11-05,inner_train,True,13.0,True,0.10536051565782678,True
inner_2020,42,train,random,216,77,2019-11-25,2019-05-02,inner_train,True,139.0,False,0.1425630646548699,True
inner_2020,42,train,random,217,193,2019-11-26,2019-10-22,inner_train,True,24.0,True,0.6588851169534231,True
inner_2020,42,train,random,218,105,2019-11-27,2019-06-14,inner_train,True,113.0,False,0.2641515750415868,True
inner_2020,42,train,random,219,150,2019-11-28,2019-08-21,inner_train,True,69.0,False,1.1366396842573487,True
inner_2020,42,train,random,220,98,2019-11-29,2019-06-05,inner_train,True,122.0,True,0.8217321492491427,True
inner_2020,42,train,random,221,57,2019-12-02,2019-03-29,inner_train,True,164.0,False,1.064262808653472,True
inner_2020,42,train,random,222,166,2019-12-03,2019-09-12,inner_train,True,56.0,False,0.45939561463354206,True
inner_2020,42,train,random,223,212,2019-12-04,2019-11-19,inner_train,True,11.0,False,2.0561459790763137,True
inner_2020,42,train,random,224,57,2019-12-06,2019-03-29,inner_train,True,167.0,False,0.6458942957093998,True
inner_2020,42,train,random,225,172,2019-12-09,2019-09-20,inner_train,True,53.0,True,0.8746968996774851,True
inner_2020,42,train,random,226,57,2019-12-11,2019-03-29,inner_train,True,169.0,False,0.7259370033829362,True
inner_2020,42,train,random,227,159,2019-12-12,2019-09-03,inner_train,True,68.0,False,0.03922071315328157,True
inner_2020,42,train,random,228,176,2019-12-13,2019-09-26,inner_train,True,52.0,True,1.1191852977858239,True
inner_2020,42,train,random,229,101,2019-12-16,2019-06-10,inner_train,True,128.0,False,0.4693768664549265,True
inner_2020,42,train,random,230,166,2019-12-17,2019-09-12,inner_train,True,64.0,False,0.27518190968754963,True
inner_2020,42,train,random,231,61,2019-12-18,2019-04-04,inner_train,True,170.0,False,0.06899287148695166,True
inner_2020,42,train,random,232,18,2019-12-19,2019-02-01,inner_train,True,214.0,False,0.15783053678565917,True
inner_2020,42,train,random,233,22,2019-12-20,2019-02-07,inner_train,True,211.0,False,0.029852963149681333,True
inner_2020,42,train,random,234,102,2019-12-23,2019-06-11,inner_train,True,132.0,False,0.7716502420478895,True
inner_2020,42,train,random,235,208,2019-12-24,2019-11-13,inner_train,True,27.0,True,0.7213180575266418,True
inner_2020,42,train,random,236,29,2019-12-25,2019-02-18,inner_train,True,207.0,True,0.2348185828947127,True
inner_2020,42,train,random,237,106,2019-12-26,2019-06-17,inner_train,True,131.0,False,0.5099001262450478,True
inner_2020,42,train,random,238,164,2019-12-27,2019-09-10,inner_train,True,74.0,False,0.1894436328683673,True
inner_2020,42,train,random,239,47,2019-12-30,2019-03-15,inner_train,True,192.0,True,0.43643840000475764,True
inner_2020,42,validation,matched,0,6,2020-01-02,2019-01-16,inner_train,True,,True,0.0,False
inner_2020,42,validation,matched,1,232,2020-01-03,2019-12-19,inner_train,True,,True,0.052592450119170575,False
inner_2020,42,validation,matched,2,191,2020-01-06,2019-10-18,inner_train,True,,True,0.08701137698963013,False
inner_2020,42,validation,matched,3,168,2020-01-07,2019-09-16,inner_train,True,,True,0.09531017980432521,False
inner_2020,42,validation,matched,4,190,2020-01-08,2019-10-17,inner_train,True,,True,0.04255961441879608,False
inner_2020,42,validation,matched,5,169,2020-01-09,2019-09-17,inner_train,True,,True,0.1753528874778616,False
inner_2020,42,validation,matched,6,9,2020-01-10,2019-01-21,inner_train,True,,True,0.11236914581230284,False
inner_2020,42,validation,matched,7,10,2020-01-13,2019-01-22,inner_train,True,,True,0.19671029424605413,False
inner_2020,42,validation,matched,8,54,2020-01-14,2019-03-26,inner_train,True,,True,0.14054002277899924,False
inner_2020,42,validation,matched,9,190,2020-01-15,2019-10-17,inner_train,True,,True,0.09763846956391609,False
inner_2020,42,validation,matched,10,220,2020-01-16,2019-11-29,inner_train,True,,True,0.09781331002244364,False
inner_2020,42,validation,matched,11,193,2020-01-17,2019-10-22,inner_train,True,,True,0.05001042057466165,False
inner_2020,42,validation,matched,12,169,2020-01-20,2019-09-17,inner_train,True,,True,0.10143389765485411,False
inner_2020,42,validation,matched,13,2,2020-01-21,2019-01-10,inner_train,True,,True,0.0964182131586866,False
inner_2020,42,validation,matched,14,195,2020-01-22,2019-10-25,inner_train,True,,True,0.1541506798272585,False
inner_2020,42,validation,matched,15,4,2020-01-23,2019-01-14,inner_train,True,,True,0.107630664192365,False
inner_2020,42,validation,matched,16,128,2020-01-24,2019-07-18,inner_train,True,,True,0.09873484068568894,False
inner_2020,42,validation,matched,17,227,2020-01-27,2019-12-12,inner_train,True,,True,0.12112193692189788,False
inner_2020,42,validation,matched,18,96,2020-01-28,2019-05-31,inner_train,True,,True,0.1419181113916239,False
inner_2020,42,validation,matched,19,93,2020-01-29,2019-05-28,inner_train,True,,True,0.23662690165149636,False
inner_2020,42,validation,matched,20,226,2020-01-30,2019-12-11,inner_train,True,,True,0.08515780834030684,False
inner_2020,42,validation,matched,21,226,2020-01-31,2019-12-11,inner_train,True,,True,0.1304964889293685,False
inner_2020,42,validation,matched,22,227,2020-02-03,2019-12-12,inner_train,True,,True,0.04082199452025481,False
inner_2020,42,validation,matched,23,227,2020-02-04,2019-12-12,inner_train,True,,True,0.2225279772719948,False
inner_2020,42,validation,matched,24,91,2020-02-05,2019-05-24,inner_train,True,,True,0.14286272005340672,False
inner_2020,42,validation,matched,25,231,2020-02-06,2019-12-18,inner_train,True,,True,0.1768194796399709,False
inner_2020,42,validation,matched,26,231,2020-02-07,2019-12-18,inner_train,True,,True,0.2038005884710783,False
inner_2020,42,validation,matched,27,179,2020-02-11,2019-10-01,inner_train,True,,True,0.2820860869476598,False
inner_2020,42,validation,matched,28,92,2020-02-12,2019-05-27,inner_train,True,,True,0.24265636553779135,False
inner_2020,42,validation,matched,29,92,2020-02-13,2019-05-27,inner_train,True,,True,0.1892419996385284,False
inner_2020,42,validation,matched,30,181,2020-02-14,2019-10-03,inner_train,True,,True,0.12370965432602299,False
inner_2020,42,validation,matched,31,180,2020-02-17,2019-10-02,inner_train,True,,True,0.08657229904624231,False
inner_2020,42,validation,matched,32,175,2020-02-18,2019-09-25,inner_train,True,,True,0.08734201015514831,False
inner_2020,42,validation,matched,33,174,2020-02-19,2019-09-24,inner_train,True,,True,0.12976948053675086,False
inner_2020,42,validation,matched,34,156,2020-02-20,2019-08-29,inner_train,True,,True,0.28817602158506395,False
inner_2020,42,validation,matched,35,175,2020-02-21,2019-09-25,inner_train,True,,True,0.25333259243714323,False
inner_2020,42,validation,matched,36,156,2020-02-24,2019-08-29,inner_train,True,,True,0.20953151293028238,False
inner_2020,42,validation,matched,37,183,2020-02-25,2019-10-07,inner_train,True,,True,0.08320270205960423,False
inner_2020,42,validation,matched,38,135,2020-02-26,2019-07-30,inner_train,True,,True,0.047871468652359805,False
inner_2020,42,validation,matched,39,81,2020-02-27,2019-05-09,inner_train,True,,True,0.06663715779449264,False
inner_2020,42,validation,matched,40,153,2020-02-28,2019-08-26,inner_train,True,,True,0.11570186945255889,False
inner_2020,42,validation,matched,41,174,2020-03-02,2019-09-24,inner_train,True,,True,0.32378707709389687,False
inner_2020,42,validation,matched,42,174,2020-03-03,2019-09-24,inner_train,True,,True,0.36890751237436703,False
inner_2020,42,validation,matched,43,154,2020-03-04,2019-08-27,inner_train,True,,True,0.3930425881096071,False
inner_2020,42,validation,matched,44,172,2020-03-05,2019-09-20,inner_train,True,,True,0.35256020982627234,False
inner_2020,42,validation,matched,45,229,2020-03-06,2019-12-16,inner_train,True,,True,0.4260096373397966,False
inner_2020,42,validation,matched,46,186,2020-03-09,2019-10-10,inner_train,True,,True,0.19474407679251193,False
inner_2020,42,validation,matched,47,223,2020-03-10,2019-12-04,inner_train,True,,True,0.12306009275722696,False
inner_2020,42,validation,matched,48,223,2020-03-11,2019-12-04,inner_train,True,,True,0.09328793442355732,False
inner_2020,42,validation,matched,49,223,2020-03-12,2019-12-04,inner_train,True,,True,0.1029365275393892,False
inner_2020,42,validation,matched,50,43,2020-03-13,2019-03-11,inner_train,True,,True,0.11690650665488711,False
inner_2020,42,validation,matched,51,151,2020-03-16,2019-08-22,inner_train,True,,True,0.058840500022933284,False
inner_2020,42,validation,matched,52,43,2020-03-17,2019-03-11,inner_train,True,,True,0.02197890671877545,False
inner_2020,42,validation,matched,53,142,2020-03-18,2019-08-08,inner_train,True,,True,0.055262678675049415,False
inner_2020,42,validation,matched,54,152,2020-03-19,2019-08-23,inner_train,True,,True,0.09466522654107834,False
inner_2020,42,validation,matched,55,184,2020-03-20,2019-10-08,inner_train,True,,True,0.0,False
inner_2020,42,validation,matched,56,196,2020-03-23,2019-10-28,inner_train,True,,True,0.1705336010419125,False
inner_2020,42,validation,matched,57,197,2020-03-24,2019-10-29,inner_train,True,,True,0.16989903679539742,False
inner_2020,42,validation,matched,58,222,2020-03-25,2019-12-03,inner_train,True,,True,0.6957479622600027,False
inner_2020,42,validation,matched,59,154,2020-03-26,2019-08-27,inner_train,True,,True,1.7004096906398272,False
inner_2020,42,validation,matched,60,196,2020-03-27,2019-10-28,inner_train,True,,True,1.5451323043030025,False
inner_2020,42,validation,matched,61,154,2020-03-30,2019-08-27,inner_train,True,,True,1.3521029963716114,False
inner_2020,42,validation,matched,62,155,2020-03-31,2019-08-28,inner_train,True,,True,0.5368011101692511,False
inner_2020,42,validation,matched,63,153,2020-04-01,2019-08-26,inner_train,True,,True,0.4792772660310649,False
inner_2020,42,validation,matched,64,141,2020-04-02,2019-08-07,inner_train,True,,True,0.1625189294977747,False
inner_2020,42,validation,matched,65,144,2020-04-03,2019-08-13,inner_train,True,,True,0.09729424394521402,False
inner_2020,42,validation,matched,66,217,2020-04-07,2019-11-26,inner_train,True,,True,0.1086603536603814,False
inner_2020,42,validation,matched,67,48,2020-04-08,2019-03-18,inner_train,True,,True,0.051390945869489,False
inner_2020,42,validation,matched,68,37,2020-04-09,2019-03-01,inner_train,True,,True,0.0,False
inner_2020,42,validation,matched,69,19,2020-04-10,2019-02-04,inner_train,True,,True,0.09237332013101529,False
inner_2020,42,validation,matched,70,33,2020-04-13,2019-02-25,inner_train,True,,True,0.08313964418406927,False
inner_2020,42,validation,matched,71,26,2020-04-14,2019-02-13,inner_train,True,,True,0.04879016416943216,False
inner_2020,42,validation,matched,72,32,2020-04-15,2019-02-22,inner_train,True,,True,0.08604472635853444,False
inner_2020,42,validation,matched,73,55,2020-04-16,2019-03-27,inner_train,True,,True,0.05299253014051031,False
inner_2020,42,validation,matched,74,236,2020-04-17,2019-12-25,inner_train,True,,True,0.09961573170093452,False
inner_2020,42,validation,matched,75,124,2020-04-20,2019-07-11,inner_train,True,,True,0.08734201015514742,False
inner_2020,42,validation,matched,76,125,2020-04-21,2019-07-12,inner_train,True,,True,0.04445176257083405,False
inner_2020,42,validation,matched,77,118,2020-04-22,2019-07-03,inner_train,True,,True,0.025317807984289953,False
inner_2020,42,validation,matched,78,64,2020-04-23,2019-04-10,inner_train,True,,True,0.6744368457017602,False
inner_2020,42,validation,matched,79,120,2020-04-24,2019-07-05,inner_train,True,,True,0.5177830356563833,False
inner_2020,42,validation,matched,80,120,2020-04-27,2019-07-05,inner_train,True,,True,0.5016101764107819,False
inner_2020,42,validation,matched,81,12,2020-04-28,2019-01-24,inner_train,True,,True,0.4689928714869511,False
inner_2020,42,validation,matched,82,102,2020-04-29,2019-06-11,inner_train,True,,True,0.4408219945202547,False
inner_2020,42,validation,matched,83,34,2020-04-30,2019-02-26,inner_train,True,,True,0.07430831273337635,False
inner_2020,42,validation,matched,84,19,2020-05-05,2019-02-04,inner_train,True,,True,0.10252569159503322,False
inner_2020,42,validation,matched,85,55,2020-05-07,2019-03-27,inner_train,True,,True,0.0936241020326678,False
inner_2020,42,validation,matched,86,46,2020-05-08,2019-03-14,inner_train,True,,True,0.05476872954176626,False
inner_2020,42,validation,matched,87,233,2020-05-11,2019-12-20,inner_train,True,,True,0.04668711397265257,False
inner_2020,42,validation,matched,88,233,2020-05-12,2019-12-20,inner_train,True,,True,0.1022569651274634,False
inner_2020,42,validation,matched,89,215,2020-05-13,2019-11-22,inner_train,True,,True,0.1757317471148987,False
inner_2020,42,validation,matched,90,203,2020-05-14,2019-11-06,inner_train,True,,True,0.1365120207626611,False
inner_2020,42,validation,matched,91,202,2020-05-15,2019-11-05,inner_train,True,,True,0.24680693026070966,False
inner_2020,42,validation,matched,92,201,2020-05-18,2019-11-04,inner_train,True,,True,0.2773968017916082,False
inner_2020,42,validation,matched,93,208,2020-05-19,2019-11-13,inner_train,True,,True,0.10247173175193591,False
inner_2020,42,validation,matched,94,206,2020-05-20,2019-11-11,inner_train,True,,True,0.48854389575992974,False
inner_2020,42,validation,matched,95,15,2020-05-21,2019-01-29,inner_train,True,,True,0.23922968906583408,False
inner_2020,42,validation,matched,96,202,2020-05-22,2019-11-05,inner_train,True,,True,0.09097177820572666,False
inner_2020,42,validation,matched,97,79,2020-05-25,2019-05-07,inner_train,True,,True,0.135376411598092,False
inner_2020,42,validation,matched,98,55,2020-05-26,2019-03-27,inner_train,True,,True,0.0936241020326678,False
inner_2020,42,validation,matched,99,35,2020-05-27,2019-02-27,inner_train,True,,True,0.10813444254055149,False
inner_2020,42,validation,matched,100,24,2020-05-28,2019-02-11,inner_train,True,,True,0.11551288712184427,False
inner_2020,42,validation,matched,101,25,2020-05-29,2019-02-12,inner_train,True,,True,0.0,False
inner_2020,42,validation,matched,102,19,2020-06-01,2019-02-04,inner_train,True,,True,0.0864940017948519,False
inner_2020,42,validation,matched,103,27,2020-06-02,2019-02-14,inner_train,True,,True,0.022472855852058604,False
inner_2020,42,validation,matched,104,118,2020-06-04,2019-07-03,inner_train,True,,True,0.08961215868968697,False
inner_2020,42,validation,matched,105,63,2020-06-05,2019-04-09,inner_train,True,,True,0.04082199452025481,False
inner_2020,42,validation,matched,106,52,2020-06-08,2019-03-22,inner_train,True,,True,0.06046519574993514,False
inner_2020,42,validation,matched,107,67,2020-06-09,2019-04-17,inner_train,True,,True,0.11778303565638337,False
inner_2020,42,validation,matched,108,122,2020-06-10,2019-07-09,inner_train,True,,True,0.03922071315328157,False
inner_2020,42,validation,matched,109,117,2020-06-11,2019-07-02,inner_train,True,,True,0.12540126654127226,False
inner_2020,42,validation,matched,110,101,2020-06-12,2019-06-10,inner_train,True,,True,0.056891069900379954,False
inner_2020,42,validation,matched,111,30,2020-06-15,2019-02-20,inner_train,True,,True,0.126991974741693,False
inner_2020,42,validation,matched,112,205,2020-06-16,2019-11-08,inner_train,True,,True,0.08404731405627963,False
inner_2020,42,validation,matched,113,19,2020-06-17,2019-02-04,inner_train,True,,True,0.0816780310142673,False
inner_2020,42,validation,matched,114,24,2020-06-18,2019-02-11,inner_train,True,,True,0.052592450119170575,False
inner_2020,42,validation,matched,115,234,2020-06-19,2019-12-23,inner_train,True,,True,0.03448617607116944,False
inner_2020,42,validation,matched,116,188,2020-06-22,2019-10-15,inner_train,True,,True,0.03509131981127034,False
inner_2020,42,validation,matched,117,188,2020-06-23,2019-10-15,inner_train,True,,True,0.02197890671877545,False
inner_2020,42,validation,matched,118,48,2020-06-24,2019-03-18,inner_train,True,,True,0.051390945869489,False
inner_2020,42,validation,matched,119,49,2020-06-25,2019-03-19,inner_train,True,,True,0.06252035698133396,False
inner_2020,42,validation,matched,120,51,2020-06-26,2019-03-21,inner_train,True,,True,0.11964870783933312,False
inner_2020,42,validation,matched,121,45,2020-06-29,2019-03-13,inner_train,True,,True,0.12380352343796641,False
inner_2020,42,validation,matched,122,48,2020-06-30,2019-03-18,inner_train,True,,True,0.13353139262452274,False
inner_2020,42,validation,matched,123,51,2020-07-01,2019-03-21,inner_train,True,,True,0.19788607333506603,False
inner_2020,42,validation,matched,124,100,2020-07-02,2019-06-07,inner_train,True,,True,0.11662092047620609,False
inner_2020,42,validation,matched,125,100,2020-07-03,2019-06-07,inner_train,True,,True,0.09763846956391609,False
inner_2020,42,validation,matched,126,11,2020-07-07,2019-01-23,inner_train,True,,True,0.0,False
inner_2020,42,validation,matched,127,9,2020-07-08,2019-01-21,inner_train,True,,True,0.1341194549760769,False
inner_2020,42,validation,matched,128,8,2020-07-09,2019-01-18,inner_train,True,,True,0.09880058474409337,False
inner_2020,42,validation,matched,129,194,2020-07-10,2019-10-24,inner_train,True,,True,0.13976194237515882,False
inner_2020,42,validation,matched,130,28,2020-07-13,2019-02-15,inner_train,True,,True,0.07410797215372167,False
inner_2020,42,validation,matched,131,177,2020-07-14,2019-09-27,inner_train,True,,True,0.09187716532053924,False
inner_2020,42,validation,matched,132,129,2020-07-15,2019-07-19,inner_train,True,,True,0.01709443335930061,False
inner_2020,42,validation,matched,133,199,2020-07-16,2019-10-31,inner_train,True,,True,0.08408311721054096,False
inner_2020,42,validation,matched,134,132,2020-07-17,2019-07-24,inner_train,True,,True,0.12323264042394833,False
inner_2020,42,validation,matched,135,177,2020-07-20,2019-09-27,inner_train,True,,True,0.031252543504104224,False
inner_2020,42,validation,matched,136,232,2020-07-21,2019-12-19,inner_train,True,,True,0.06669137449867213,False
inner_2020,42,validation,matched,137,188,2020-07-22,2019-10-15,inner_train,True,,True,0.09343787070092047,False
inner_2020,42,validation,matched,138,31,2020-07-23,2019-02-21,inner_train,True,,True,0.058080838035968974,False
inner_2020,42,validation,matched,139,30,2020-07-24,2019-02-20,inner_train,True,,True,0.09555651556120548,False
inner_2020,42,validation,matched,140,195,2020-07-29,2019-10-25,inner_train,True,,True,0.1732098764426988,False
inner_2020,42,validation,matched,141,196,2020-07-30,2019-10-28,inner_train,True,,True,0.14660347419187536,False
inner_2020,42,validation,matched,142,196,2020-07-31,2019-10-28,inner_train,True,,True,0.10536051565782634,False
inner_2020,42,validation,matched,143,225,2020-08-03,2019-12-09,inner_train,True,,True,0.1910552367627094,False
inner_2020,42,validation,matched,144,229,2020-08-04,2019-12-16,inner_train,True,,True,0.24116205681688818,False
inner_2020,42,validation,matched,145,197,2020-08-05,2019-10-29,inner_train,True,,True,0.16070808037341777,False
inner_2020,42,validation,matched,146,93,2020-08-06,2019-05-28,inner_train,True,,True,0.019802627296179764,False
inner_2020,42,validation,matched,147,44,2020-08-07,2019-03-12,inner_train,True,,True,0.07175403292827953,False
inner_2020,42,validation,matched,148,135,2020-08-10,2019-07-30,inner_train,True,,True,0.08404731405627963,False
inner_2020,42,validation,matched,149,37,2020-08-11,2019-03-01,inner_train,True,,True,0.019418085857101808,False
inner_2020,42,validation,matched,150,36,2020-08-13,2019-02-28,inner_train,True,,True,0.17105884141550698,False
inner_2020,42,validation,matched,151,36,2020-08-14,2019-02-28,inner_train,True,,True,0.23561321682065062,False
inner_2020,42,validation,matched,152,203,2020-08-17,2019-11-06,inner_train,True,,True,0.3283531121827088,False
inner_2020,42,validation,matched,153,36,2020-08-18,2019-02-28,inner_train,True,,True,0.353396252477034,False
inner_2020,42,validation,matched,154,215,2020-08-19,2019-11-22,inner_train,True,,True,0.3001045924503378,False
inner_2020,42,validation,matched,155,135,2020-08-20,2019-07-30,inner_train,True,,True,0.1872115420881464,False
inner_2020,42,validation,matched,156,38,2020-08-21,2019-03-04,inner_train,True,,True,0.1455669361358667,False
inner_2020,42,validation,matched,157,151,2020-08-24,2019-08-22,inner_train,True,,True,0.07696104113612856,False
inner_2020,42,validation,matched,158,140,2020-08-25,2019-08-06,inner_train,True,,True,0.08042156731057393,False
inner_2020,42,validation,matched,159,47,2020-08-26,2019-03-15,inner_train,True,,True,0.13517477836825265,False
inner_2020,42,validation,matched,160,194,2020-08-27,2019-10-24,inner_train,True,,True,0.28946619424528297,False
inner_2020,42,validation,matched,161,170,2020-08-28,2019-09-18,inner_train,True,,True,0.1690763300439344,False
inner_2020,42,validation,matched,162,223,2020-08-31,2019-12-04,inner_train,True,,True,0.09488921579053056,False
inner_2020,42,validation,matched,163,151,2020-09-01,2019-08-22,inner_train,True,,True,0.09658082800578027,False
inner_2020,42,validation,matched,164,231,2020-09-02,2019-12-18,inner_train,True,,True,0.06453852113757108,False
inner_2020,42,validation,matched,165,44,2020-09-03,2019-03-12,inner_train,True,,True,0.10300480196536732,False
inner_2020,42,validation,matched,166,135,2020-09-08,2019-07-30,inner_train,True,,True,0.09571594162770447,False
inner_2020,42,validation,matched,167,93,2020-09-09,2019-05-28,inner_train,True,,True,0.0,False
inner_2020,42,validation,matched,168,198,2020-09-10,2019-10-30,inner_train,True,,True,0.13749179384061927,False
inner_2020,42,validation,matched,169,95,2020-09-11,2019-05-30,inner_train,True,,True,0.020202707317519497,False
inner_2020,42,validation,matched,170,198,2020-09-14,2019-10-30,inner_train,True,,True,0.023530497410193973,False
inner_2020,42,validation,matched,171,198,2020-09-15,2019-10-30,inner_train,True,,True,0.04652001563489261,False
inner_2020,42,validation,matched,172,228,2020-09-16,2019-12-13,inner_train,True,,True,0.11551288712184427,False
inner_2020,42,validation,matched,173,198,2020-09-17,2019-10-30,inner_train,True,,True,0.08907963005368869,False
inner_2020,42,validation,matched,174,223,2020-09-18,2019-12-04,inner_train,True,,True,0.0921152889078054,False
inner_2020,42,validation,matched,175,182,2020-09-21,2019-10-04,inner_train,True,,True,0.06021318383490559,False
inner_2020,42,validation,matched,176,92,2020-09-22,2019-05-27,inner_train,True,,True,0.07145896398214546,False
inner_2020,42,validation,matched,177,91,2020-09-23,2019-05-24,inner_train,True,,True,0.029852963149681333,False
inner_2020,42,validation,matched,178,44,2020-09-24,2019-03-12,inner_train,True,,True,0.10725625082272572,False
inner_2020,42,validation,matched,179,152,2020-09-25,2019-08-23,inner_train,True,,True,0.07696104113612856,False
inner_2020,42,validation,matched,180,93,2020-09-28,2019-05-28,inner_train,True,,True,0.12120078016704428,False
inner_2020,42,validation,matched,181,187,2020-09-29,2019-10-11,inner_train,True,,True,0.022989518224698635,False
inner_2020,42,validation,matched,182,43,2020-09-30,2019-03-11,inner_train,True,,True,0.08651742785634653,False
inner_2020,42,validation,matched,183,138,2020-10-01,2019-08-02,inner_train,True,,True,0.08638461419882093,False
inner_2020,42,validation,matched,184,223,2020-10-02,2019-12-04,inner_train,True,,True,0.07696104113612856,False
inner_2020,42,validation,matched,185,153,2020-10-05,2019-08-26,inner_train,True,,True,0.21357410029805912,False
inner_2020,42,validation,matched,186,172,2020-10-06,2019-09-20,inner_train,True,,True,0.40385350421382293,False
inner_2020,42,validation,matched,187,155,2020-10-07,2019-08-28,inner_train,True,,True,1.203972804325936,False
inner_2020,42,validation,matched,188,155,2020-10-08,2019-08-28,inner_train,True,,True,0.860201265223111,False
inner_2020,42,validation,matched,189,155,2020-10-09,2019-08-28,inner_train,True,,True,1.2840155119994723,False
inner_2020,42,validation,matched,190,169,2020-10-12,2019-09-17,inner_train,True,,True,0.21834737905071666,False
inner_2020,42,validation,matched,191,196,2020-10-14,2019-10-28,inner_train,True,,True,0.13580154115906184,False
inner_2020,42,validation,matched,192,223,2020-10-15,2019-12-04,inner_train,True,,True,0.0921152889078054,False
inner_2020,42,validation,matched,193,183,2020-10-16,2019-10-07,inner_train,True,,True,0.06275121056347555,False
inner_2020,42,validation,matched,194,198,2020-10-19,2019-10-30,inner_train,True,,True,0.11155248590574729,False
inner_2020,42,validation,matched,195,221,2020-10-20,2019-12-02,inner_train,True,,True,0.04652001563489305,False
inner_2020,42,validation,matched,196,222,2020-10-21,2019-12-03,inner_train,True,,True,0.0,False
inner_2020,42,validation,matched,197,221,2020-10-22,2019-12-02,inner_train,True,,True,0.12136085700426724,False
inner_2020,42,validation,matched,198,186,2020-10-26,2019-10-10,inner_train,True,,True,0.06739159011997797,False
inner_2020,42,validation,matched,199,142,2020-10-27,2019-08-08,inner_train,True,,True,0.09531017980432477,False
inner_2020,42,validation,matched,200,38,2020-10-28,2019-03-04,inner_train,True,,True,0.02597548640326064,False
inner_2020,42,validation,matched,201,135,2020-10-29,2019-07-30,inner_train,True,,True,0.12924414061290257,False
inner_2020,42,validation,matched,202,91,2020-10-30,2019-05-24,inner_train,True,,True,0.06535518104412708,False
inner_2020,42,validation,matched,203,43,2020-11-02,2019-03-11,inner_train,True,,True,0.11690650665488711,False
inner_2020,42,validation,matched,204,181,2020-11-03,2019-10-03,inner_train,True,,True,0.11086259281180988,False
inner_2020,42,validation,matched,205,226,2020-11-04,2019-12-11,inner_train,True,,True,0.04255961441879608,False
inner_2020,42,validation,matched,206,158,2020-11-05,2019-09-02,inner_train,True,,True,0.08604472635853488,False
inner_2020,42,validation,matched,207,161,2020-11-06,2019-09-05,inner_train,True,,True,0.06187540371808753,False
inner_2020,42,validation,matched,208,27,2020-11-09,2019-02-14,inner_train,True,,True,0.04445176257083405,False
inner_2020,42,validation,matched,209,123,2020-11-10,2019-07-10,inner_train,True,,True,0.13353139262452274,False
inner_2020,42,validation,matched,210,35,2020-11-11,2019-02-27,inner_train,True,,True,0.15942773692810208,False
inner_2020,42,validation,matched,211,76,2020-11-12,2019-04-30,inner_train,True,,True,0.2901360614133486,False
inner_2020,42,validation,matched,212,76,2020-11-13,2019-04-30,inner_train,True,,True,0.4924764850977952,False
inner_2020,42,validation,matched,213,77,2020-11-16,2019-05-02,inner_train,True,,True,0.767255152713668,False
inner_2020,42,validation,matched,214,76,2020-11-17,2019-04-30,inner_train,True,,True,0.7891272275323353,False
inner_2020,42,validation,matched,215,15,2020-11-18,2019-01-29,inner_train,True,,True,0.5524195210648268,False
inner_2020,42,validation,matched,216,77,2020-11-19,2019-05-02,inner_train,True,,True,0.3768279219700439,False
inner_2020,42,validation,matched,217,206,2020-11-20,2019-11-11,inner_train,True,,True,0.11506932978478712,False
inner_2020,42,validation,matched,218,122,2020-11-23,2019-07-09,inner_train,True,,True,0.2076393647782444,False
inner_2020,42,validation,matched,219,27,2020-11-24,2019-02-14,inner_train,True,,True,0.23457224713783242,False
inner_2020,42,validation,matched,220,33,2020-11-25,2019-02-25,inner_train,True,,True,0.0794597872256686,False
inner_2020,42,validation,matched,221,18,2020-11-26,2019-02-01,inner_train,True,,True,0.11492996667397692,False
inner_2020,42,validation,matched,222,204,2020-11-27,2019-11-07,inner_train,True,,True,0.14855806469119814,False
inner_2020,42,validation,matched,223,206,2020-11-30,2019-11-11,inner_train,True,,True,0.18456182656317077,False
inner_2020,42,validation,matched,224,206,2020-12-01,2019-11-11,inner_train,True,,True,0.1386368719395894,False
inner_2020,42,validation,matched,225,35,2020-12-02,2019-02-27,inner_train,True,,True,0.04587045406609702,False
inner_2020,42,validation,matched,226,99,2020-12-03,2019-06-06,inner_train,True,,True,0.08491274033270901,False
inner_2020,42,validation,matched,227,21,2020-12-04,2019-02-06,inner_train,True,,True,0.07341893471172867,False
inner_2020,42,validation,matched,228,22,2020-12-08,2019-02-07,inner_train,True,,True,0.06433913922085077,False
inner_2020,42,validation,matched,229,18,2020-12-09,2019-02-01,inner_train,True,,True,0.029852963149681333,False
inner_2020,42,validation,matched,230,20,2020-12-14,2019-02-05,inner_train,True,,True,0.06453852113757108,False
inner_2020,42,validation,matched,231,18,2020-12-15,2019-02-01,inner_train,True,,True,0.08686112531779733,False
inner_2020,42,validation,matched,232,100,2020-12-16,2019-06-07,inner_train,True,,True,0.0,False
inner_2020,42,validation,matched,233,13,2020-12-17,2019-01-25,inner_train,True,,True,0.08358671610826551,False
inner_2020,42,validation,matched,234,78,2020-12-18,2019-05-03,inner_train,True,,True,0.08829260714567866,False
inner_2020,42,validation,matched,235,76,2020-12-21,2019-04-30,inner_train,True,,True,0.2602830982636668,False
inner_2020,42,validation,matched,236,200,2020-12-22,2019-11-01,inner_train,True,,True,0.12361395596717673,False
inner_2020,42,validation,matched,237,207,2020-12-23,2019-11-12,inner_train,True,,True,0.11558474943368635,False
inner_2020,42,validation,matched,238,207,2020-12-24,2019-11-12,inner_train,True,,True,0.08701137698963013,False
inner_2020,42,validation,matched,239,133,2020-12-25,2019-07-25,inner_train,True,,True,0.11918345601129454,False
inner_2020,42,validation,matched,240,37,2020-12-28,2019-03-01,inner_train,True,,True,0.0,False
inner_2020,42,validation,matched,241,133,2020-12-29,2019-07-25,inner_train,True,,True,0.07796154146971146,False
inner_2020,42,validation,matched,242,36,2020-12-30,2019-02-28,inner_train,True,,True,0.06106680621453009,False
inner_2020,42,validation,random,0,21,2020-01-02,2019-02-06,inner_train,True,,False,0.2657450935751955,False
inner_2020,42,validation,random,1,185,2020-01-03,2019-10-09,inner_train,True,,False,0.49140753790888914,False
inner_2020,42,validation,random,2,157,2020-01-06,2019-08-30,inner_train,True,,True,1.034306680537012,False
inner_2020,42,validation,random,3,105,2020-01-07,2019-06-14,inner_train,True,,False,0.26469255422708216,False
inner_2020,42,validation,random,4,103,2020-01-08,2019-06-12,inner_train,True,,False,0.44701411102103705,False
inner_2020,42,validation,random,5,206,2020-01-09,2019-11-11,inner_train,True,,False,1.099453685436301,False
inner_2020,42,validation,random,6,20,2020-01-10,2019-02-05,inner_train,True,,False,0.6615988228250198,False
inner_2020,42,validation,random,7,167,2020-01-13,2019-09-13,inner_train,True,,False,0.41494385206270845,False
inner_2020,42,validation,random,8,48,2020-01-14,2019-03-18,inner_train,True,,True,0.6179237593223581,False
inner_2020,42,validation,random,9,22,2020-01-15,2019-02-07,inner_train,True,,False,0.7405029672422345,False
inner_2020,42,validation,random,10,126,2020-01-16,2019-07-15,inner_train,True,,False,0.3068160270383249,False
inner_2020,42,validation,random,11,234,2020-01-17,2019-12-23,inner_train,True,,True,0.8659609215191306,False
inner_2020,42,validation,random,12,176,2020-01-20,2019-09-26,inner_train,True,,False,1.245937003424968,False
inner_2020,42,validation,random,13,182,2020-01-21,2019-10-04,inner_train,True,,False,0.3444048513469178,False
inner_2020,42,validation,random,14,172,2020-01-22,2019-09-20,inner_train,True,,False,0.6035989552412393,False
inner_2020,42,validation,random,15,188,2020-01-23,2019-10-15,inner_train,True,,True,0.2762533766281581,False
inner_2020,42,validation,random,16,123,2020-01-24,2019-07-10,inner_train,True,,False,0.3144933299024375,False
inner_2020,42,validation,random,17,30,2020-01-27,2019-02-20,inner_train,True,,False,0.507213593917291,False
inner_2020,42,validation,random,18,201,2020-01-28,2019-11-04,inner_train,True,,False,0.9886113934537808,False
inner_2020,42,validation,random,19,108,2020-01-29,2019-06-19,inner_train,True,,False,0.14310084364067288,False
inner_2020,42,validation,random,20,120,2020-01-30,2019-07-05,inner_train,True,,False,0.39531273664414623,False
inner_2020,42,validation,random,21,88,2020-01-31,2019-05-21,inner_train,True,,True,2.1568770744250223,False
inner_2020,42,validation,random,22,43,2020-02-03,2019-03-11,inner_train,True,,True,0.4322633012628887,False
inner_2020,42,validation,random,23,222,2020-02-04,2019-12-03,inner_train,True,,True,0.7462570058738933,False
inner_2020,42,validation,random,24,187,2020-02-05,2019-10-11,inner_train,True,,True,0.3278545054032409,False
inner_2020,42,validation,random,25,154,2020-02-06,2019-08-27,inner_train,True,,True,0.9319062065076622,False
inner_2020,42,validation,random,26,96,2020-02-07,2019-05-31,inner_train,True,,True,0.41793477361460507,False
inner_2020,42,validation,random,27,197,2020-02-11,2019-10-29,inner_train,True,,True,1.0809127115687085,False
inner_2020,42,validation,random,28,130,2020-02-12,2019-07-22,inner_train,True,,False,0.24154463668510084,False
inner_2020,42,validation,random,29,106,2020-02-13,2019-06-17,inner_train,True,,False,0.2177637034438873,False
inner_2020,42,validation,random,30,108,2020-02-14,2019-06-19,inner_train,True,,False,0.09382979463389063,False
inner_2020,42,validation,random,31,54,2020-02-17,2019-03-26,inner_train,True,,False,0.9858167945227652,False
inner_2020,42,validation,random,32,22,2020-02-18,2019-02-07,inner_train,True,,False,0.5493774010746004,False
inner_2020,42,validation,random,33,133,2020-02-19,2019-07-25,inner_train,True,,False,1.1660085288248165,False
inner_2020,42,validation,random,34,213,2020-02-20,2019-11-20,inner_train,True,,False,1.7500913124559299,False
inner_2020,42,validation,random,35,15,2020-02-21,2019-01-29,inner_train,True,,False,0.6665428668487654,False
inner_2020,42,validation,random,36,205,2020-02-24,2019-11-08,inner_train,True,,False,1.181643890165767,False
inner_2020,42,validation,random,37,198,2020-02-25,2019-10-30,inner_train,True,,True,0.22933552156213066,False
inner_2020,42,validation,random,38,66,2020-02-26,2019-04-12,inner_train,True,,False,0.9026106279700752,False
inner_2020,42,validation,random,39,151,2020-02-27,2019-08-22,inner_train,True,,True,0.04686300997884896,False
inner_2020,42,validation,random,40,39,2020-02-28,2019-03-05,inner_train,True,,True,0.9887871652357023,False
inner_2020,42,validation,random,41,181,2020-03-02,2019-10-03,inner_train,True,,True,1.0449450787420678,False
inner_2020,42,validation,random,42,168,2020-03-03,2019-09-16,inner_train,True,,False,0.8054651081081645,False
inner_2020,42,validation,random,43,85,2020-03-04,2019-05-15,inner_train,True,,True,3.164504603839822,False
inner_2020,42,validation,random,44,16,2020-03-05,2019-01-30,inner_train,True,,False,1.8156087487886658,False
inner_2020,42,validation,random,45,232,2020-03-06,2019-12-19,inner_train,True,,False,0.996871218533494,False
inner_2020,42,validation,random,46,106,2020-03-09,2019-06-17,inner_train,True,,False,0.5447543489855113,False
inner_2020,42,validation,random,47,214,2020-03-10,2019-11-21,inner_train,True,,False,1.591419406931422,False
inner_2020,42,validation,random,48,162,2020-03-11,2019-09-06,inner_train,True,,False,0.6699091719132739,False
inner_2020,42,validation,random,49,186,2020-03-12,2019-10-10,inner_train,True,,True,0.15700374880966494,False
inner_2020,42,validation,random,50,182,2020-03-13,2019-10-04,inner_train,True,,True,0.223308146821124,False
inner_2020,42,validation,random,51,46,2020-03-16,2019-03-14,inner_train,True,,False,0.2228630070565134,False
inner_2020,42,validation,random,52,87,2020-03-17,2019-05-17,inner_train,True,,True,2.065761437775756,False
inner_2020,42,validation,random,53,112,2020-03-18,2019-06-25,inner_train,True,,False,0.3249262456241526,False
inner_2020,42,validation,random,54,119,2020-03-19,2019-07-04,inner_train,True,,False,0.6501148646433377,False
inner_2020,42,validation,random,55,10,2020-03-20,2019-01-22,inner_train,True,,False,0.3849665865598233,False
inner_2020,42,validation,random,56,131,2020-03-23,2019-07-23,inner_train,True,,False,0.8253189536684289,False
inner_2020,42,validation,random,57,37,2020-03-24,2019-03-01,inner_train,True,,False,1.2468978490429699,False
inner_2020,42,validation,random,58,178,2020-03-25,2019-09-30,inner_train,True,,False,1.7346010553881062,False
inner_2020,42,validation,random,59,163,2020-03-26,2019-09-09,inner_train,True,,False,2.770466235628307,False
inner_2020,42,validation,random,60,221,2020-03-27,2019-12-02,inner_train,True,,True,1.699282984130261,False
inner_2020,42,validation,random,61,178,2020-03-30,2019-09-30,inner_train,True,,False,2.6129729343043584,False
inner_2020,42,validation,random,62,87,2020-03-31,2019-05-17,inner_train,True,,True,3.6376459275501913,False
inner_2020,42,validation,random,63,232,2020-04-01,2019-12-19,inner_train,True,,False,1.2783114838089387,False
inner_2020,42,validation,random,64,98,2020-04-02,2019-06-05,inner_train,True,,False,0.6101843920963157,False
inner_2020,42,validation,random,65,78,2020-04-03,2019-05-03,inner_train,True,,False,0.6386808828612378,False
inner_2020,42,validation,random,66,217,2020-04-07,2019-11-26,inner_train,True,,True,0.1086603536603814,False
inner_2020,42,validation,random,67,88,2020-04-08,2019-05-21,inner_train,True,,False,1.70973926991629,False
inner_2020,42,validation,random,68,18,2020-04-09,2019-02-01,inner_train,True,,False,0.13434805253107873,False
inner_2020,42,validation,random,69,112,2020-04-10,2019-06-25,inner_train,True,,True,0.2696635669491032,False
inner_2020,42,validation,random,70,190,2020-04-13,2019-10-17,inner_train,True,,False,0.4291131709730607,False
inner_2020,42,validation,random,71,45,2020-04-14,2019-03-13,inner_train,True,,False,0.3013809168099426,False
inner_2020,42,validation,random,72,111,2020-04-15,2019-06-24,inner_train,True,,True,0.2771318615566285,False
inner_2020,42,validation,random,73,31,2020-04-16,2019-02-21,inner_train,True,,True,0.14153221586804676,False
inner_2020,42,validation,random,74,164,2020-04-17,2019-09-10,inner_train,True,,False,0.23064399410733882,False
inner_2020,42,validation,random,75,114,2020-04-20,2019-06-27,inner_train,True,,True,0.3867729750960116,False
inner_2020,42,validation,random,76,79,2020-04-21,2019-05-07,inner_train,True,,False,0.6846940448488872,False
inner_2020,42,validation,random,77,54,2020-04-22,2019-03-26,inner_train,True,,False,0.13720112151348474,False
inner_2020,42,validation,random,78,135,2020-04-23,2019-07-30,inner_train,True,,False,1.675068726009667,False
inner_2020,42,validation,random,79,160,2020-04-24,2019-09-04,inner_train,True,,True,1.145718067569283,False
inner_2020,42,validation,random,80,225,2020-04-27,2019-12-09,inner_train,True,,False,0.5372011215134846,False
inner_2020,42,validation,random,81,104,2020-04-28,2019-06-13,inner_train,True,,True,0.514410351177744,False
inner_2020,42,validation,random,82,38,2020-04-29,2019-03-04,inner_train,True,,False,1.290972923889865,False
inner_2020,42,validation,random,83,199,2020-04-30,2019-10-31,inner_train,True,,False,0.18924199963852795,False
inner_2020,42,validation,random,84,151,2020-05-05,2019-08-22,inner_train,True,,False,0.15600424847658134,False
inner_2020,42,validation,random,85,168,2020-05-07,2019-09-16,inner_train,True,,True,0.6565895848261478,False
inner_2020,42,validation,random,86,23,2020-05-08,2019-02-08,inner_train,True,,False,0.06899287148695166,False
inner_2020,42,validation,random,87,74,2020-05-11,2019-04-26,inner_train,True,,False,0.3336191676388065,False
inner_2020,42,validation,random,88,184,2020-05-12,2019-10-08,inner_train,True,,False,0.7146114192282456,False
inner_2020,42,validation,random,89,199,2020-05-13,2019-10-31,inner_train,True,,True,0.30368241379822214,False
inner_2020,42,validation,random,90,104,2020-05-14,2019-06-13,inner_train,True,,False,1.3739332642963165,False
inner_2020,42,validation,random,91,193,2020-05-15,2019-10-22,inner_train,True,,True,1.4748772861657065,False
inner_2020,42,validation,random,92,202,2020-05-18,2019-11-05,inner_train,True,,True,0.36992017068875294,False
inner_2020,42,validation,random,93,92,2020-05-19,2019-05-27,inner_train,True,,False,1.1608775999420042,False
inner_2020,42,validation,random,94,215,2020-05-20,2019-11-22,inner_train,True,,False,0.2887145970659706,False
inner_2020,42,validation,random,95,69,2020-05-21,2019-04-19,inner_train,True,,True,0.8515622591736611,False
inner_2020,42,validation,random,96,57,2020-05-22,2019-03-29,inner_train,True,,True,0.36648331503725284,False
inner_2020,42,validation,random,97,163,2020-05-25,2019-09-09,inner_train,True,,False,0.4056667413380035,False
inner_2020,42,validation,random,98,152,2020-05-26,2019-08-23,inner_train,True,,False,0.0936241020326678,False
inner_2020,42,validation,random,99,33,2020-05-27,2019-02-25,inner_train,True,,True,0.2588616339162888,False
inner_2020,42,validation,random,100,199,2020-05-28,2019-10-31,inner_train,True,,False,0.2311430694171266,False
inner_2020,42,validation,random,101,47,2020-05-29,2019-03-15,inner_train,True,,False,0.1816947940031457,False
inner_2020,42,validation,random,102,193,2020-06-01,2019-10-22,inner_train,True,,False,0.5212243309868891,False
inner_2020,42,validation,random,103,1,2020-06-02,2019-01-09,inner_train,True,,False,1.2823891801984737,False
inner_2020,42,validation,random,104,191,2020-06-04,2019-10-18,inner_train,True,,False,0.13353139262452274,False
inner_2020,42,validation,random,105,188,2020-06-05,2019-10-15,inner_train,True,,False,0.31349975547772235,False
inner_2020,42,validation,random,106,187,2020-06-08,2019-10-11,inner_train,True,,False,0.04652001563489261,False
inner_2020,42,validation,random,107,159,2020-06-09,2019-09-03,inner_train,True,,False,0.6081101378740335,False
inner_2020,42,validation,random,108,113,2020-06-10,2019-06-26,inner_train,True,,True,0.20763936477824485,False
inner_2020,42,validation,random,109,169,2020-06-11,2019-09-17,inner_train,True,,False,0.3624477230244736,False
inner_2020,42,validation,random,110,66,2020-06-12,2019-04-12,inner_train,True,,True,0.5611673786268416,False
inner_2020,42,validation,random,111,187,2020-06-15,2019-10-11,inner_train,True,,False,0.09146572733901026,False
inner_2020,42,validation,random,112,133,2020-06-16,2019-07-25,inner_train,True,,False,0.20861003669804123,False
inner_2020,42,validation,random,113,110,2020-06-17,2019-06-21,inner_train,True,,True,0.25756869747793143,False
inner_2020,42,validation,random,114,121,2020-06-18,2019-07-08,inner_train,True,,True,0.48337536621162513,False
inner_2020,42,validation,random,115,136,2020-06-19,2019-07-31,inner_train,True,,False,0.22367532479124552,False
inner_2020,42,validation,random,116,8,2020-06-22,2019-01-18,inner_train,True,,True,0.2138699145288805,False
inner_2020,42,validation,random,117,33,2020-06-23,2019-02-25,inner_train,True,,False,0.1937502526175776,False
inner_2020,42,validation,random,118,58,2020-06-24,2019-04-01,inner_train,True,,False,0.29691574839872636,False
inner_2020,42,validation,random,119,27,2020-06-25,2019-02-14,inner_train,True,,False,0.08968089272337076,False
inner_2020,42,validation,random,120,105,2020-06-26,2019-06-14,inner_train,True,,False,0.34403888304239283,False
inner_2020,42,validation,random,121,160,2020-06-29,2019-09-04,inner_train,True,,False,0.33580653150398465,False
inner_2020,42,validation,random,122,157,2020-06-30,2019-08-30,inner_train,True,,True,1.2754687373539002,False
inner_2020,42,validation,random,123,113,2020-07-01,2019-06-26,inner_train,True,,False,0.3448404862917296,False
inner_2020,42,validation,random,124,205,2020-07-02,2019-11-08,inner_train,True,,True,0.46593030385809975,False
inner_2020,42,validation,random,125,135,2020-07-03,2019-07-30,inner_train,True,,False,0.5559460590464611,False
inner_2020,42,validation,random,126,19,2020-07-07,2019-02-04,inner_train,True,,False,0.8204631768750521,False
inner_2020,42,validation,random,127,183,2020-07-08,2019-10-07,inner_train,True,,False,0.21542150522029946,False
inner_2020,42,validation,random,128,137,2020-07-09,2019-08-01,inner_train,True,,False,0.1872115420881464,False
inner_2020,42,validation,random,129,152,2020-07-10,2019-08-23,inner_train,True,,False,0.684155469367981,False
inner_2020,42,validation,random,130,135,2020-07-13,2019-07-30,inner_train,True,,False,0.4224146664219379,False
inner_2020,42,validation,random,131,132,2020-07-14,2019-07-24,inner_train,True,,True,0.09288548403465624,False
inner_2020,42,validation,random,132,21,2020-07-15,2019-02-06,inner_train,True,,False,0.19240111489727907,False
inner_2020,42,validation,random,133,134,2020-07-16,2019-07-26,inner_train,True,,True,0.3381129260786726,False
inner_2020,42,validation,random,134,190,2020-07-17,2019-10-17,inner_train,True,,True,0.8637726975907092,False
inner_2020,42,validation,random,135,72,2020-07-20,2019-04-24,inner_train,True,,False,0.5401977020783209,False
inner_2020,42,validation,random,136,144,2020-07-21,2019-08-13,inner_train,True,,False,0.21259334041905698,False
inner_2020,42,validation,random,137,7,2020-07-22,2019-01-17,inner_train,True,,True,0.19662210693615112,False
inner_2020,42,validation,random,138,83,2020-07-23,2019-05-13,inner_train,True,,False,1.4475050921647865,False
inner_2020,42,validation,random,139,104,2020-07-24,2019-06-13,inner_train,True,,False,0.3315461182851571,False
inner_2020,42,validation,random,140,235,2020-07-29,2019-12-24,inner_train,True,,True,1.0388930539664871,False
inner_2020,42,validation,random,141,51,2020-07-30,2019-03-21,inner_train,True,,False,0.5974860619908324,False
inner_2020,42,validation,random,142,66,2020-07-31,2019-04-12,inner_train,True,,False,0.27589411669973884,False
inner_2020,42,validation,random,143,98,2020-08-03,2019-06-05,inner_train,True,,False,0.8958401214028648,False
inner_2020,42,validation,random,144,238,2020-08-04,2019-12-27,inner_train,True,,False,1.0873852260743262,False
inner_2020,42,validation,random,145,204,2020-08-05,2019-11-07,inner_train,True,,False,1.1509088144779511,False
inner_2020,42,validation,random,146,8,2020-08-06,2019-01-18,inner_train,True,,False,0.2972515234679314,False
inner_2020,42,validation,random,147,56,2020-08-07,2019-03-28,inner_train,True,,False,0.2609960325668079,False
inner_2020,42,validation,random,148,197,2020-08-10,2019-10-29,inner_train,True,,True,1.1154650930753687,False
inner_2020,42,validation,random,149,13,2020-08-11,2019-01-25,inner_train,True,,False,0.17319887479795248,False
inner_2020,42,validation,random,150,205,2020-08-13,2019-11-08,inner_train,True,,False,0.3143637458670092,False
inner_2020,42,validation,random,151,67,2020-08-14,2019-04-17,inner_train,True,,False,0.8200139014387351,False
inner_2020,42,validation,random,152,220,2020-08-17,2019-11-29,inner_train,True,,True,1.1168247125914084,False
inner_2020,42,validation,random,153,70,2020-08-18,2019-04-22,inner_train,True,,False,0.7156200364120036,False
inner_2020,42,validation,random,154,104,2020-08-19,2019-06-13,inner_train,True,,False,1.0167251291959252,False
inner_2020,42,validation,random,155,158,2020-08-20,2019-09-02,inner_train,True,,False,0.7532819398002495,False
inner_2020,42,validation,random,156,30,2020-08-21,2019-02-20,inner_train,True,,False,0.7172447321390054,False
inner_2020,42,validation,random,157,133,2020-08-24,2019-07-25,inner_train,True,,False,0.2378914079487653,False
inner_2020,42,validation,random,158,121,2020-08-25,2019-07-08,inner_train,True,,False,0.2690479929068883,False
inner_2020,42,validation,random,159,188,2020-08-26,2019-10-15,inner_train,True,,True,0.2742790423244408,False
inner_2020,42,validation,random,160,239,2020-08-27,2019-12-30,inner_train,True,,True,1.0180734261840976,False
inner_2020,42,validation,random,161,159,2020-08-28,2019-09-03,inner_train,True,,True,0.8326133087042829,False
inner_2020,42,validation,random,162,98,2020-08-31,2019-06-05,inner_train,True,,False,0.7422679778948957,False
inner_2020,42,validation,random,163,97,2020-09-01,2019-06-04,inner_train,True,,False,0.203523764444558,False
inner_2020,42,validation,random,164,100,2020-09-02,2019-06-07,inner_train,True,,False,0.3613153234952349,False
inner_2020,42,validation,random,165,195,2020-09-03,2019-10-25,inner_train,True,,False,0.6893806977644688,False
inner_2020,42,validation,random,166,77,2020-09-08,2019-05-02,inner_train,True,,False,0.32703747480992584,False
inner_2020,42,validation,random,167,40,2020-09-09,2019-03-06,inner_train,True,,True,0.35449866451613676,False
inner_2020,42,validation,random,168,80,2020-09-10,2019-05-08,inner_train,True,,False,0.7519876805828791,False
inner_2020,42,validation,random,169,5,2020-09-11,2019-01-15,inner_train,True,,False,0.13453089295760678,False
inner_2020,42,validation,random,170,25,2020-09-14,2019-02-12,inner_train,True,,False,0.21969981247075276,False
inner_2020,42,validation,random,171,21,2020-09-15,2019-02-06,inner_train,True,,False,0.7175505389420622,False
inner_2020,42,validation,random,172,185,2020-09-16,2019-10-09,inner_train,True,,True,0.3901976359773758,False
inner_2020,42,validation,random,173,173,2020-09-17,2019-09-23,inner_train,True,,True,0.42298951822469855,False
inner_2020,42,validation,random,174,167,2020-09-18,2019-09-13,inner_train,True,,False,0.2814124594381857,False
inner_2020,42,validation,random,175,110,2020-09-21,2019-06-21,inner_train,True,,False,0.1476359988060647,False
inner_2020,42,validation,random,176,172,2020-09-22,2019-09-20,inner_train,True,,True,1.3968295943581674,False
inner_2020,42,validation,random,177,38,2020-09-23,2019-03-04,inner_train,True,,True,0.2034217288340412,False
inner_2020,42,validation,random,178,216,2020-09-24,2019-11-25,inner_train,True,,False,0.26933293378358414,False
inner_2020,42,validation,random,179,120,2020-09-25,2019-07-05,inner_train,True,,False,0.7484098592349948,False
inner_2020,42,validation,random,180,225,2020-09-28,2019-12-09,inner_train,True,,True,0.5861750610077778,False
inner_2020,42,validation,random,181,36,2020-09-29,2019-02-28,inner_train,True,,False,0.6306000308072992,False
inner_2020,42,validation,random,182,119,2020-09-30,2019-07-04,inner_train,True,,False,0.6286086594223743,False
inner_2020,42,validation,random,183,167,2020-10-01,2019-09-13,inner_train,True,,False,0.4706544590767141,False
inner_2020,42,validation,random,184,118,2020-10-02,2019-07-03,inner_train,True,,False,0.12825433552367915,False
inner_2020,42,validation,random,185,107,2020-10-05,2019-06-18,inner_train,True,,False,0.7566749439387324,False
inner_2020,42,validation,random,186,39,2020-10-06,2019-03-05,inner_train,True,,True,1.7643154544011153,False
inner_2020,42,validation,random,187,91,2020-10-07,2019-05-24,inner_train,True,,True,2.49639109999361,False
inner_2020,42,validation,random,188,57,2020-10-08,2019-03-29,inner_train,True,,False,2.3115606690406754,False
inner_2020,42,validation,random,189,72,2020-10-09,2019-04-24,inner_train,True,,False,2.1540191412452083,False
inner_2020,42,validation,random,190,164,2020-10-12,2019-09-10,inner_train,True,,False,0.8979415932059589,False
inner_2020,42,validation,random,191,151,2020-10-14,2019-08-22,inner_train,True,,True,0.9162907318741551,False
inner_2020,42,validation,random,192,145,2020-10-15,2019-08-14,inner_train,True,,True,1.168021740040277,False
inner_2020,42,validation,random,193,86,2020-10-16,2019-05-16,inner_train,True,,True,2.652839469129856,False
inner_2020,42,validation,random,194,230,2020-10-19,2019-12-17,inner_train,True,,True,0.06899287148695121,False
inner_2020,42,validation,random,195,21,2020-10-20,2019-02-06,inner_train,True,,False,1.0373638895766364,False
inner_2020,42,validation,random,196,82,2020-10-21,2019-05-10,inner_train,True,,True,1.435084525289322,False
inner_2020,42,validation,random,197,28,2020-10-22,2019-02-15,inner_train,True,,False,0.6783758632396326,False
inner_2020,42,validation,random,198,81,2020-10-26,2019-05-09,inner_train,True,,True,0.6737290947028436,False
inner_2020,42,validation,random,199,230,2020-10-27,2019-12-17,inner_train,True,,True,0.3874466026054857,False
inner_2020,42,validation,random,200,87,2020-10-28,2019-05-17,inner_train,True,,True,1.7335685307739173,False
inner_2020,42,validation,random,201,218,2020-10-29,2019-11-27,inner_train,True,,False,0.3614711162022255,False
inner_2020,42,validation,random,202,118,2020-10-30,2019-07-03,inner_train,True,,False,0.6365768290715512,False
inner_2020,42,validation,random,203,167,2020-11-02,2019-09-13,inner_train,True,,False,0.334404989578696,False
inner_2020,42,validation,random,204,109,2020-11-03,2019-06-20,inner_train,True,,False,0.167468200088968,False
inner_2020,42,validation,random,205,63,2020-11-04,2019-04-09,inner_train,True,,False,0.1856604580594694,False
inner_2020,42,validation,random,206,183,2020-11-05,2019-10-07,inner_train,True,,False,0.12550508175029362,False
inner_2020,42,validation,random,207,232,2020-11-06,2019-12-19,inner_train,True,,False,0.16365809802803,False
inner_2020,42,validation,random,208,63,2020-11-09,2019-04-09,inner_train,True,,True,0.35432174999797716,False
inner_2020,42,validation,random,209,186,2020-11-10,2019-10-10,inner_train,True,,False,0.49198253596451114,False
inner_2020,42,validation,random,210,62,2020-11-11,2019-04-05,inner_train,True,,False,0.7386095546367026,False
inner_2020,42,validation,random,211,172,2020-11-12,2019-09-20,inner_train,True,,False,2.1663497537026872,False
inner_2020,42,validation,random,212,189,2020-11-13,2019-10-16,inner_train,True,,False,1.1431323036363361,False
inner_2020,42,validation,random,213,107,2020-11-16,2019-06-18,inner_train,True,,True,1.5303947050936477,False
inner_2020,42,validation,random,214,176,2020-11-17,2019-09-26,inner_train,True,,False,0.6883225284103696,False
inner_2020,42,validation,random,215,65,2020-11-18,2019-04-11,inner_train,True,,True,1.901574335235261,False
inner_2020,42,validation,random,216,19,2020-11-19,2019-02-04,inner_train,True,,True,0.8642314729166434,False
inner_2020,42,validation,random,217,23,2020-11-20,2019-02-08,inner_train,True,,True,0.7502174070899907,False
inner_2020,42,validation,random,218,107,2020-11-23,2019-06-18,inner_train,True,,True,0.5361434317502805,False
inner_2020,42,validation,random,219,216,2020-11-24,2019-11-25,inner_train,True,,False,0.7259370033829362,False
inner_2020,42,validation,random,220,30,2020-11-25,2019-02-20,inner_train,True,,False,0.3663004629092579,False
inner_2020,42,validation,random,221,109,2020-11-26,2019-06-20,inner_train,True,,True,0.3162997184386258,False
inner_2020,42,validation,random,222,168,2020-11-27,2019-09-16,inner_train,True,,False,0.967276286607023,False
inner_2020,42,validation,random,223,48,2020-11-30,2019-03-18,inner_train,True,,False,0.6216399901062801,False
inner_2020,42,validation,random,224,173,2020-12-01,2019-09-23,inner_train,True,,False,1.3240127779680648,False
inner_2020,42,validation,random,225,73,2020-12-02,2019-04-25,inner_train,True,,True,0.35231130065095906,False
inner_2020,42,validation,random,226,194,2020-12-03,2019-10-24,inner_train,True,,False,1.0296194171811588,False
inner_2020,42,validation,random,227,139,2020-12-04,2019-08-05,inner_train,True,,False,0.5958838751347382,False
inner_2020,42,validation,random,228,131,2020-12-08,2019-07-23,inner_train,True,,False,0.17734889612457616,False
inner_2020,42,validation,random,229,42,2020-12-09,2019-03-08,inner_train,True,,False,0.1482669067905733,False
inner_2020,42,validation,random,230,111,2020-12-14,2019-06-24,inner_train,True,,True,0.15452953946429604,False
inner_2020,42,validation,random,231,205,2020-12-15,2019-11-08,inner_train,True,,True,0.16372013084340908,False
inner_2020,42,validation,random,232,4,2020-12-16,2019-01-14,inner_train,True,,False,0.3273304766631182,False
inner_2020,42,validation,random,233,182,2020-12-17,2019-10-04,inner_train,True,,False,0.3144802656065053,False
inner_2020,42,validation,random,234,118,2020-12-18,2019-07-03,inner_train,True,,True,0.9301936370431463,False
inner_2020,42,validation,random,235,172,2020-12-21,2019-09-20,inner_train,True,,False,2.1364967905530055,False
inner_2020,42,validation,random,236,159,2020-12-22,2019-09-03,inner_train,True,,True,0.7415146011170779,False
inner_2020,42,validation,random,237,103,2020-12-23,2019-06-12,inner_train,True,,False,1.5990814385099394,False
inner_2020,42,validation,random,238,74,2020-12-24,2019-04-26,inner_train,True,,False,0.7267637913589295,False
inner_2020,42,validation,random,239,150,2020-12-25,2019-08-21,inner_train,True,,False,0.25144769942123757,False
inner_2020,42,validation,random,240,33,2020-12-28,2019-02-25,inner_train,True,,False,0.11946512183936786,False
inner_2020,42,validation,random,241,140,2020-12-29,2019-08-06,inner_train,True,,False,0.541770427615412,False
inner_2020,42,validation,random,242,22,2020-12-30,2019-02-07,inner_train,True,,False,0.15877817535930605,False
