inner_fold,seed,anchor_split,strategy,anchor_index,source_index,anchor_date,source_date,source_partition,source_before_anchor,endpoint_gap_rows,regime_agreement,coverage_distance,same_year
inner_2021,123,train,matched,5,0,2019-01-15,2019-01-08,inner_train,True,5.0,True,2.4894806201076367,True
inner_2021,123,train,matched,6,1,2019-01-16,2019-01-09,inner_train,True,5.0,True,1.4799201556559574,True
inner_2021,123,train,matched,7,0,2019-01-17,2019-01-08,inner_train,True,7.0,True,2.5231723595644837,True
inner_2021,123,train,matched,8,1,2019-01-18,2019-01-09,inner_train,True,7.0,True,1.0554068525770983,True
inner_2021,123,train,matched,9,4,2019-01-21,2019-01-14,inner_train,True,5.0,True,0.4488413824335158,True
inner_2021,123,train,matched,10,1,2019-01-22,2019-01-09,inner_train,True,9.0,True,1.009765571620894,True
inner_2021,123,train,matched,11,2,2019-01-23,2019-01-10,inner_train,True,9.0,True,0.5762258425010431,True
inner_2021,123,train,matched,17,12,2019-01-31,2019-01-24,inner_train,True,5.0,True,0.7202063286739513,True
inner_2021,123,train,matched,18,13,2019-02-01,2019-01-25,inner_train,True,5.0,True,0.13235145148467398,True
inner_2021,123,train,matched,19,13,2019-02-04,2019-01-25,inner_train,True,6.0,True,0.07125610365078705,True
inner_2021,123,train,matched,20,14,2019-02-05,2019-01-28,inner_train,True,6.0,True,0.30294954458256873,True
inner_2021,123,train,matched,21,14,2019-02-06,2019-01-28,inner_train,True,7.0,True,0.07786218233604147,True
inner_2021,123,train,matched,22,14,2019-02-07,2019-01-28,inner_train,True,8.0,True,0.11583181552512123,True
inner_2021,123,train,matched,23,18,2019-02-08,2019-02-01,inner_train,True,5.0,True,0.364973746753428,True
inner_2021,123,train,matched,24,17,2019-02-11,2019-01-31,inner_train,True,7.0,True,0.18120982794126395,True
inner_2021,123,train,matched,25,17,2019-02-12,2019-01-31,inner_train,True,8.0,True,0.37803607093810054,True
inner_2021,123,train,matched,26,13,2019-02-13,2019-01-25,inner_train,True,13.0,True,0.2665238469444349,True
inner_2021,123,train,matched,27,19,2019-02-14,2019-02-04,inner_train,True,8.0,True,0.21432737330473683,True
inner_2021,123,train,matched,28,4,2019-02-15,2019-01-14,inner_train,True,24.0,True,0.21732958144878944,True
inner_2021,123,train,matched,29,5,2019-02-18,2019-01-15,inner_train,True,24.0,True,0.3678690906818849,True
inner_2021,123,train,matched,30,5,2019-02-20,2019-01-15,inner_train,True,25.0,True,0.40296041049315523,True
inner_2021,123,train,matched,31,4,2019-02-21,2019-01-14,inner_train,True,27.0,True,0.3394322782496899,True
inner_2021,123,train,matched,32,24,2019-02-22,2019-02-11,inner_train,True,8.0,True,0.06187540371808753,True
inner_2021,123,train,matched,33,18,2019-02-25,2019-02-01,inner_train,True,15.0,True,0.13613217432458002,True
inner_2021,123,train,matched,34,27,2019-02-26,2019-02-14,inner_train,True,7.0,True,0.14289183538408645,True
inner_2021,123,train,matched,35,18,2019-02-27,2019-02-01,inner_train,True,17.0,True,0.12272945959170878,True
inner_2021,123,train,matched,36,7,2019-02-28,2019-01-17,inner_train,True,29.0,True,0.4248831939652655,True
inner_2021,123,train,matched,37,5,2019-03-01,2019-01-15,inner_train,True,32.0,True,0.3727590759760768,True
inner_2021,123,train,matched,43,38,2019-03-11,2019-03-04,inner_train,True,5.0,True,0.38014730012387465,True
inner_2021,123,train,matched,44,38,2019-03-12,2019-03-04,inner_train,True,6.0,True,0.25498415716986855,True
inner_2021,123,train,matched,45,7,2019-03-13,2019-01-17,inner_train,True,38.0,True,0.13844540742695166,True
inner_2021,123,train,matched,46,7,2019-03-14,2019-01-17,inner_train,True,39.0,True,0.16987561073390278,True
inner_2021,123,train,matched,47,8,2019-03-15,2019-01-18,inner_train,True,39.0,True,0.1604925863525426,True
inner_2021,123,train,matched,48,28,2019-03-18,2019-02-15,inner_train,True,20.0,True,0.13353139262452274,True
inner_2021,123,train,matched,49,37,2019-03-19,2019-03-01,inner_train,True,12.0,True,0.22946601705369662,True
inner_2021,123,train,matched,50,31,2019-03-20,2019-02-21,inner_train,True,19.0,True,0.14660347419187536,True
inner_2021,123,train,matched,51,31,2019-03-21,2019-02-21,inner_train,True,20.0,True,0.208363041085307,True
inner_2021,123,train,matched,52,27,2019-03-22,2019-02-14,inner_train,True,25.0,True,0.1420765311960981,True
inner_2021,123,train,matched,53,11,2019-03-25,2019-01-23,inner_train,True,42.0,True,0.04255961441879608,True
inner_2021,123,train,matched,54,47,2019-03-26,2019-03-15,inner_train,True,7.0,True,0.2596456402284977,True
inner_2021,123,train,matched,55,7,2019-03-27,2019-01-17,inner_train,True,48.0,True,0.0864940017948519,True
inner_2021,123,train,matched,56,37,2019-03-28,2019-03-01,inner_train,True,19.0,True,0.15760491469534532,True
inner_2021,123,train,matched,57,6,2019-03-29,2019-01-16,inner_train,True,51.0,True,0.33916402828692416,True
inner_2021,123,train,matched,58,35,2019-04-01,2019-02-27,inner_train,True,23.0,True,0.17299022936506958,True
inner_2021,123,train,matched,59,14,2019-04-02,2019-01-28,inner_train,True,45.0,True,0.045601320117820254,True
inner_2021,123,train,matched,60,22,2019-04-03,2019-02-07,inner_train,True,38.0,True,0.06525783473792313,True
inner_2021,123,train,matched,61,13,2019-04-04,2019-01-25,inner_train,True,48.0,True,0.08768500449910421,True
inner_2021,123,train,matched,62,8,2019-04-05,2019-01-18,inner_train,True,54.0,True,0.15236336925316252,True
inner_2021,123,train,matched,63,26,2019-04-09,2019-02-13,inner_train,True,37.0,True,0.2633499717922505,True
inner_2021,123,train,matched,64,12,2019-04-10,2019-01-24,inner_train,True,52.0,True,0.2231435513142097,True
inner_2021,123,train,matched,65,26,2019-04-11,2019-02-13,inner_train,True,39.0,True,0.594707107746693,True
inner_2021,123,train,matched,66,26,2019-04-12,2019-02-13,inner_train,True,40.0,True,0.5037353295409663,True
inner_2021,123,train,matched,67,12,2019-04-17,2019-01-24,inner_train,True,55.0,True,0.11155248590574729,True
inner_2021,123,train,matched,68,12,2019-04-18,2019-01-24,inner_train,True,56.0,True,0.13895146009386172,True
inner_2021,123,train,matched,69,61,2019-04-19,2019-04-04,inner_train,True,8.0,True,0.07410797215372167,True
inner_2021,123,train,matched,70,63,2019-04-22,2019-04-09,inner_train,True,7.0,True,0.2735973325700418,True
inner_2021,123,train,matched,71,64,2019-04-23,2019-04-10,inner_train,True,7.0,True,0.3646431135879098,True
inner_2021,123,train,matched,72,61,2019-04-24,2019-04-04,inner_train,True,11.0,True,0.19189100781010504,True
inner_2021,123,train,matched,73,24,2019-04-25,2019-02-11,inner_train,True,49.0,True,0.20136975176464933,True
inner_2021,123,train,matched,74,61,2019-04-26,2019-04-04,inner_train,True,13.0,True,0.07410797215372167,True
inner_2021,123,train,matched,75,48,2019-04-29,2019-03-18,inner_train,True,27.0,True,0.17185025692665912,True
inner_2021,123,train,matched,76,15,2019-04-30,2019-01-29,inner_train,True,61.0,True,0.05884050002293417,True
inner_2021,123,train,matched,77,14,2019-05-02,2019-01-28,inner_train,True,63.0,True,0.19782574332991976,True
inner_2021,123,train,matched,78,59,2019-05-03,2019-04-02,inner_train,True,19.0,True,0.2567462721632676,True
inner_2021,123,train,matched,79,6,2019-05-07,2019-01-16,inner_train,True,73.0,True,0.3932312495571999,True
inner_2021,123,train,matched,80,57,2019-05-08,2019-03-29,inner_train,True,23.0,True,0.12995357127663842,True
inner_2021,123,train,matched,81,38,2019-05-09,2019-03-04,inner_train,True,43.0,True,0.16537199848018158,True
inner_2021,123,train,matched,82,39,2019-05-10,2019-03-05,inner_train,True,43.0,True,0.5859330962527958,True
inner_2021,123,train,matched,83,42,2019-05-13,2019-03-08,inner_train,True,41.0,True,0.9330316447550451,True
inner_2021,123,train,matched,84,38,2019-05-14,2019-03-04,inner_train,True,46.0,True,1.2130483062088038,True
inner_2021,123,train,matched,85,44,2019-05-15,2019-03-12,inner_train,True,41.0,True,1.7982741502492487,True
inner_2021,123,train,matched,86,42,2019-05-16,2019-03-08,inner_train,True,44.0,True,2.0015068390029174,True
inner_2021,123,train,matched,87,39,2019-05-17,2019-03-05,inner_train,True,48.0,True,1.8645967931803216,True
inner_2021,123,train,matched,88,38,2019-05-21,2019-03-04,inner_train,True,50.0,True,1.445521436799476,True
inner_2021,123,train,matched,89,83,2019-05-22,2019-05-13,inner_train,True,6.0,True,0.2983669725517988,True
inner_2021,123,train,matched,90,84,2019-05-23,2019-05-14,inner_train,True,6.0,True,0.4214017003709767,True
inner_2021,123,train,matched,91,39,2019-05-24,2019-03-05,inner_train,True,52.0,True,0.17048709914695204,True
inner_2021,123,train,matched,92,43,2019-05-27,2019-03-11,inner_train,True,49.0,True,0.3171292737780824,True
inner_2021,123,train,matched,93,42,2019-05-28,2019-03-08,inner_train,True,51.0,True,0.3438479303789781,True
inner_2021,123,train,matched,94,81,2019-05-29,2019-05-09,inner_train,True,13.0,True,0.5024573740954739,True
inner_2021,123,train,matched,95,43,2019-05-30,2019-03-11,inner_train,True,52.0,True,0.3320178862718328,True
inner_2021,123,train,matched,96,41,2019-05-31,2019-03-07,inner_train,True,55.0,True,0.3442148997839949,True
inner_2021,123,train,matched,97,55,2019-06-04,2019-03-27,inner_train,True,42.0,True,0.10178269430994247,True
inner_2021,123,train,matched,98,56,2019-06-05,2019-03-28,inner_train,True,42.0,True,0.08296278846362926,True
inner_2021,123,train,matched,99,18,2019-06-06,2019-02-01,inner_train,True,81.0,True,0.03704127168034921,True
inner_2021,123,train,matched,100,23,2019-06-07,2019-02-08,inner_train,True,77.0,True,0.04546237407675724,True
inner_2021,123,train,matched,101,26,2019-06-10,2019-02-13,inner_train,True,75.0,True,0.04652001563489261,True
inner_2021,123,train,matched,102,66,2019-06-11,2019-04-12,inner_train,True,36.0,True,0.20116464459543426,True
inner_2021,123,train,matched,103,65,2019-06-12,2019-04-11,inner_train,True,38.0,True,0.07956182283618585,True
inner_2021,123,train,matched,104,64,2019-06-13,2019-04-10,inner_train,True,40.0,True,0.15088003095913605,True
inner_2021,123,train,matched,105,23,2019-06-14,2019-02-08,inner_train,True,82.0,True,0.11957034623047891,True
inner_2021,123,train,matched,106,68,2019-06-17,2019-04-18,inner_train,True,38.0,True,0.23922968906583408,True
inner_2021,123,train,matched,107,72,2019-06-18,2019-04-24,inner_train,True,35.0,True,0.03922071315328157,True
inner_2021,123,train,matched,108,72,2019-06-19,2019-04-24,inner_train,True,36.0,True,0.08004270767353638,True
inner_2021,123,train,matched,109,69,2019-06-20,2019-04-19,inner_train,True,40.0,True,0.05678852295354142,True
inner_2021,123,train,matched,110,74,2019-06-21,2019-04-26,inner_train,True,36.0,True,0.057158413839948796,True
inner_2021,123,train,matched,111,61,2019-06-24,2019-04-04,inner_train,True,50.0,True,0.05344045847946699,True
inner_2021,123,train,matched,112,13,2019-06-25,2019-01-25,inner_train,True,99.0,True,0.10603414316730086,True
inner_2021,123,train,matched,113,107,2019-06-26,2019-06-18,inner_train,True,6.0,True,0.08164398904050962,True
inner_2021,123,train,matched,114,69,2019-06-27,2019-04-19,inner_train,True,45.0,True,0.05541583914156911,True
inner_2021,123,train,matched,115,69,2019-06-28,2019-04-19,inner_train,True,46.0,True,0.09579106464167575,True
inner_2021,123,train,matched,116,25,2019-07-01,2019-02-12,inner_train,True,91.0,True,0.13631820353170188,True
inner_2021,123,train,matched,117,63,2019-07-02,2019-04-09,inner_train,True,54.0,True,0.10536051565782634,True
inner_2021,123,train,matched,118,12,2019-07-03,2019-01-24,inner_train,True,106.0,True,0.13353139262452274,True
inner_2021,123,train,matched,119,66,2019-07-04,2019-04-12,inner_train,True,53.0,True,0.0,True
inner_2021,123,train,matched,120,67,2019-07-05,2019-04-17,inner_train,True,53.0,True,0.04445176257083361,True
inner_2021,123,train,matched,121,102,2019-07-08,2019-06-11,inner_train,True,19.0,True,0.08004270767353638,True
inner_2021,123,train,matched,122,63,2019-07-09,2019-04-09,inner_train,True,59.0,True,0.08004270767353638,True
inner_2021,123,train,matched,123,23,2019-07-10,2019-02-08,inner_train,True,100.0,True,0.02197890671877545,True
inner_2021,123,train,matched,124,113,2019-07-11,2019-06-26,inner_train,True,11.0,True,0.08701137698963013,True
inner_2021,123,train,matched,125,25,2019-07-12,2019-02-12,inner_train,True,100.0,True,0.08081940674170873,True
inner_2021,123,train,matched,126,23,2019-07-15,2019-02-08,inner_train,True,103.0,True,0.09608687887249712,True
inner_2021,123,train,matched,127,6,2019-07-17,2019-01-16,inner_train,True,121.0,True,0.16179297665282588,True
inner_2021,123,train,matched,128,97,2019-07-18,2019-06-04,inner_train,True,31.0,True,0.13237688027769767,True
inner_2021,123,train,matched,129,7,2019-07-19,2019-01-17,inner_train,True,122.0,True,0.12861737782209337,True
inner_2021,123,train,matched,130,6,2019-07-22,2019-01-16,inner_train,True,124.0,True,0.08784960000601849,True
inner_2021,123,train,matched,131,55,2019-07-23,2019-03-27,inner_train,True,76.0,True,0.1461185081299945,True
inner_2021,123,train,matched,132,56,2019-07-24,2019-03-28,inner_train,True,76.0,True,0.05043085362689226,True
inner_2021,123,train,matched,133,56,2019-07-25,2019-03-28,inner_train,True,77.0,True,0.1184589397037441,True
inner_2021,123,train,matched,134,79,2019-07-26,2019-05-07,inner_train,True,55.0,True,0.016260520871780315,True
inner_2021,123,train,matched,135,81,2019-07-30,2019-05-09,inner_train,True,54.0,True,0.12251359488407587,True
inner_2021,123,train,matched,136,41,2019-07-31,2019-03-07,inner_train,True,95.0,True,0.13657553500575048,True
inner_2021,123,train,matched,137,94,2019-08-01,2019-05-29,inner_train,True,43.0,True,0.4344526449814161,True
inner_2021,123,train,matched,138,96,2019-08-02,2019-05-31,inner_train,True,42.0,True,0.28666941413739444,True
inner_2021,123,train,matched,139,96,2019-08-05,2019-05-31,inner_train,True,43.0,True,0.2796763786464238,True
inner_2021,123,train,matched,140,96,2019-08-06,2019-05-31,inner_train,True,44.0,True,0.25557882706736335,True
inner_2021,123,train,matched,141,96,2019-08-07,2019-05-31,inner_train,True,45.0,True,0.2704674395611142,True
inner_2021,123,train,matched,142,136,2019-08-08,2019-07-31,inner_train,True,6.0,True,0.10802363307730989,True
inner_2021,123,train,matched,143,41,2019-08-09,2019-03-07,inner_train,True,102.0,True,0.07061756721395307,True
inner_2021,123,train,matched,144,41,2019-08-13,2019-03-07,inner_train,True,103.0,True,0.1458409884515408,True
inner_2021,123,train,matched,145,90,2019-08-14,2019-05-23,inner_train,True,55.0,True,0.40923727402958887,True
inner_2021,123,train,matched,146,84,2019-08-15,2019-05-14,inner_train,True,62.0,True,0.40772627357130187,True
inner_2021,123,train,matched,147,90,2019-08-16,2019-05-23,inner_train,True,57.0,True,0.191462289188161,True
inner_2021,123,train,matched,148,89,2019-08-19,2019-05-22,inner_train,True,59.0,True,0.3016928095213798,True
inner_2021,123,train,matched,149,83,2019-08-20,2019-05-13,inner_train,True,66.0,True,0.20069239708651754,True
inner_2021,123,train,matched,150,90,2019-08-21,2019-05-23,inner_train,True,60.0,True,0.36829866823289104,True
inner_2021,123,train,matched,151,135,2019-08-22,2019-07-30,inner_train,True,16.0,True,0.06535518104412708,True
inner_2021,123,train,matched,152,93,2019-08-23,2019-05-28,inner_train,True,59.0,True,0.12158532160612223,True
inner_2021,123,train,matched,153,139,2019-08-26,2019-08-05,inner_train,True,14.0,True,0.5677934562310449,True
inner_2021,123,train,matched,154,138,2019-08-27,2019-08-02,inner_train,True,16.0,True,0.6480035886336046,True
inner_2021,123,train,matched,155,95,2019-08-28,2019-05-30,inner_train,True,60.0,True,0.8514022032951898,True
inner_2021,123,train,matched,156,95,2019-08-29,2019-05-30,inner_train,True,61.0,True,0.5910122731314158,True
inner_2021,123,train,matched,157,9,2019-08-30,2019-01-21,inner_train,True,148.0,True,0.8752746395016713,True
inner_2021,123,train,matched,158,2,2019-09-02,2019-01-10,inner_train,True,156.0,True,0.22870942839165487,True
inner_2021,123,train,matched,159,5,2019-09-03,2019-01-15,inner_train,True,154.0,True,0.05608946665104364,True
inner_2021,123,train,matched,160,61,2019-09-04,2019-04-04,inner_train,True,99.0,True,0.018692133012152556,True
inner_2021,123,train,matched,161,24,2019-09-05,2019-02-11,inner_train,True,137.0,True,0.06899287148695166,True
inner_2021,123,train,matched,162,16,2019-09-06,2019-01-30,inner_train,True,146.0,True,0.04959694113937152,True
inner_2021,123,train,matched,163,17,2019-09-09,2019-01-31,inner_train,True,146.0,True,0.1333827489973447,True
inner_2021,123,train,matched,164,69,2019-09-10,2019-04-19,inner_train,True,95.0,True,0.09180754925312273,True
inner_2021,123,train,matched,165,106,2019-09-11,2019-06-17,inner_train,True,59.0,True,0.0816780310142673,True
inner_2021,123,train,matched,166,109,2019-09-12,2019-06-20,inner_train,True,57.0,True,0.12260232209233246,True
inner_2021,123,train,matched,167,72,2019-09-13,2019-04-24,inner_train,True,95.0,True,0.019048194970694432,True
inner_2021,123,train,matched,168,158,2019-09-16,2019-09-02,inner_train,True,10.0,True,0.32634789795557095,True
inner_2021,123,train,matched,169,8,2019-09-17,2019-01-18,inner_train,True,161.0,True,0.28768207245178123,True
inner_2021,123,train,matched,170,53,2019-09-18,2019-03-25,inner_train,True,117.0,True,0.22495678843839073,True
inner_2021,123,train,matched,171,53,2019-09-19,2019-03-25,inner_train,True,118.0,True,1.2192102785769423,True
inner_2021,123,train,matched,172,155,2019-09-20,2019-08-28,inner_train,True,17.0,True,0.33493495730232636,True
inner_2021,123,train,matched,173,155,2019-09-23,2019-08-28,inner_train,True,18.0,True,0.279960026357871,True
inner_2021,123,train,matched,174,156,2019-09-24,2019-08-29,inner_train,True,18.0,True,0.14933957673084786,True
inner_2021,123,train,matched,175,92,2019-09-25,2019-05-27,inner_train,True,83.0,True,0.4531098253139487,True
inner_2021,123,train,matched,176,42,2019-09-26,2019-03-08,inner_train,True,134.0,True,0.3468357746784303,True
inner_2021,123,train,matched,177,57,2019-09-27,2019-03-29,inner_train,True,120.0,True,0.10441129869049348,True
inner_2021,123,train,matched,178,56,2019-09-30,2019-03-28,inner_train,True,122.0,True,0.0984400728132524,True
inner_2021,123,train,matched,179,91,2019-10-01,2019-05-24,inner_train,True,88.0,True,0.2214614651312239,True
inner_2021,123,train,matched,180,42,2019-10-02,2019-03-08,inner_train,True,138.0,True,0.31788181231541346,True
inner_2021,123,train,matched,181,93,2019-10-03,2019-05-28,inner_train,True,88.0,True,0.12615128532690045,True
inner_2021,123,train,matched,182,95,2019-10-04,2019-05-30,inner_train,True,87.0,True,0.1621188494764354,True
inner_2021,123,train,matched,183,96,2019-10-07,2019-05-31,inner_train,True,87.0,True,0.08894748601649605,True
inner_2021,123,train,matched,184,138,2019-10-08,2019-08-02,inner_train,True,46.0,True,0.10008345855698231,True
inner_2021,123,train,matched,185,141,2019-10-09,2019-08-07,inner_train,True,44.0,True,0.21455980762281834,True
inner_2021,123,train,matched,186,96,2019-10-10,2019-05-31,inner_train,True,90.0,True,0.3058493764072301,True
inner_2021,123,train,matched,187,142,2019-10-11,2019-08-08,inner_train,True,45.0,True,0.09146572733901026,True
inner_2021,123,train,matched,188,46,2019-10-15,2019-03-14,inner_train,True,142.0,True,0.06669137449867213,True
inner_2021,123,train,matched,189,127,2019-10-16,2019-07-17,inner_train,True,62.0,True,0.09716374845364806,True
inner_2021,123,train,matched,190,62,2019-10-17,2019-04-05,inner_train,True,128.0,True,0.04255961441879608,True
inner_2021,123,train,matched,191,2,2019-10-18,2019-01-10,inner_train,True,189.0,True,0.2072032231706915,True
inner_2021,123,train,matched,192,159,2019-10-21,2019-09-03,inner_train,True,33.0,True,0.03922071315328157,True
inner_2021,123,train,matched,193,168,2019-10-22,2019-09-16,inner_train,True,25.0,True,0.09880058474409381,True
inner_2021,123,train,matched,194,169,2019-10-24,2019-09-17,inner_train,True,25.0,True,0.13720112151348474,True
inner_2021,123,train,matched,195,62,2019-10-25,2019-04-05,inner_train,True,133.0,True,0.25714534859169946,True
inner_2021,123,train,matched,196,138,2019-10-28,2019-08-02,inner_train,True,58.0,True,0.4775508348811184,True
inner_2021,123,train,matched,197,185,2019-10-29,2019-10-09,inner_train,True,12.0,True,0.43144059451142525,True
inner_2021,123,train,matched,198,183,2019-10-30,2019-10-07,inner_train,True,15.0,True,0.14613281950252643,True
inner_2021,123,train,matched,199,56,2019-10-31,2019-03-28,inner_train,True,143.0,True,0.09237332013101529,True
inner_2021,123,train,matched,200,134,2019-11-01,2019-07-26,inner_train,True,66.0,True,0.07878087785311383,True
inner_2021,123,train,matched,201,57,2019-11-04,2019-03-29,inner_train,True,144.0,True,0.3680349057286709,True
inner_2021,123,train,matched,202,133,2019-11-05,2019-07-25,inner_train,True,69.0,True,0.280902385466403,True
inner_2021,123,train,matched,203,57,2019-11-06,2019-03-29,inner_train,True,146.0,True,0.37267528528517335,True
inner_2021,123,train,matched,204,59,2019-11-07,2019-04-02,inner_train,True,145.0,True,0.116818250246284,True
inner_2021,123,train,matched,205,22,2019-11-08,2019-02-07,inner_train,True,183.0,True,0.0765400771223339,True
inner_2021,123,train,matched,206,76,2019-11-11,2019-04-30,inner_train,True,130.0,True,0.2318658855400897,True
inner_2021,123,train,matched,207,202,2019-11-12,2019-11-05,inner_train,True,5.0,True,0.1923718926474569,True
inner_2021,123,train,matched,208,203,2019-11-13,2019-11-06,inner_train,True,5.0,True,0.3677247801253172,True
inner_2021,123,train,matched,209,202,2019-11-14,2019-11-05,inner_train,True,7.0,True,0.812289835732368,True
inner_2021,123,train,matched,210,201,2019-11-15,2019-11-04,inner_train,True,9.0,True,0.9627600062640167,True
inner_2021,123,train,matched,211,203,2019-11-18,2019-11-06,inner_train,True,8.0,True,0.9360933591703349,True
inner_2021,123,train,matched,212,207,2019-11-19,2019-11-12,inner_train,True,5.0,True,0.8517522107365836,True
inner_2021,123,train,matched,213,202,2019-11-20,2019-11-05,inner_train,True,11.0,True,0.5717863235556773,True
inner_2021,123,train,matched,214,203,2019-11-21,2019-11-06,inner_train,True,11.0,True,0.24149268998240636,True
inner_2021,123,train,matched,215,207,2019-11-22,2019-11-12,inner_train,True,8.0,True,0.08701137698963013,True
inner_2021,123,train,matched,216,132,2019-11-25,2019-07-24,inner_train,True,84.0,True,0.07341893471172867,True
inner_2021,123,train,matched,217,45,2019-11-26,2019-03-13,inner_train,True,172.0,True,0.05942342047080107,True
inner_2021,123,train,matched,218,159,2019-11-27,2019-09-03,inner_train,True,59.0,True,0.07410797215372167,True
inner_2021,123,train,matched,219,191,2019-11-28,2019-10-18,inner_train,True,28.0,True,0.11000089521432876,True
inner_2021,123,train,matched,220,169,2019-11-29,2019-09-17,inner_train,True,51.0,True,0.0747656505726928,True
inner_2021,123,train,matched,221,185,2019-12-02,2019-10-09,inner_train,True,36.0,True,0.19522496162986247,True
inner_2021,123,train,matched,222,196,2019-12-03,2019-10-28,inner_train,True,26.0,True,0.1541506798272585,True
inner_2021,123,train,matched,223,183,2019-12-04,2019-10-07,inner_train,True,40.0,True,0.1628346691204583,True
inner_2021,123,train,matched,224,182,2019-12-06,2019-10-04,inner_train,True,42.0,True,0.03774032798284699,True
inner_2021,123,train,matched,225,198,2019-12-09,2019-10-30,inner_train,True,27.0,True,0.07410797215372211,True
inner_2021,123,train,matched,226,183,2019-12-11,2019-10-07,inner_train,True,43.0,True,0.12550508175029362,True
inner_2021,123,train,matched,227,93,2019-12-12,2019-05-28,inner_train,True,134.0,True,0.13274677116410505,True
inner_2021,123,train,matched,228,221,2019-12-13,2019-12-02,inner_train,True,7.0,True,0.22884157242884795,True
inner_2021,123,train,matched,229,196,2019-12-16,2019-10-28,inner_train,True,33.0,True,0.1898687624293376,True
inner_2021,123,train,matched,230,183,2019-12-17,2019-10-07,inner_train,True,47.0,True,0.10357320508373036,True
inner_2021,123,train,matched,231,93,2019-12-18,2019-05-28,inner_train,True,138.0,True,0.12615128532690045,True
inner_2021,123,train,matched,232,46,2019-12-19,2019-03-14,inner_train,True,186.0,True,0.08338160893905089,True
inner_2021,123,train,matched,233,80,2019-12-20,2019-05-08,inner_train,True,153.0,True,0.04668711397265257,True
inner_2021,123,train,matched,234,98,2019-12-23,2019-06-05,inner_train,True,136.0,True,0.07020425867324853,True
inner_2021,123,train,matched,235,216,2019-12-24,2019-11-25,inner_train,True,19.0,True,0.07542376181724153,True
inner_2021,123,train,matched,236,192,2019-12-25,2019-10-21,inner_train,True,44.0,True,0.03774032798284699,True
inner_2021,123,train,matched,237,199,2019-12-26,2019-10-31,inner_train,True,38.0,True,0.06669137449867213,True
inner_2021,123,train,matched,238,131,2019-12-27,2019-07-23,inner_train,True,107.0,True,0.10178269430994158,True
inner_2021,123,train,matched,239,98,2019-12-30,2019-06-05,inner_train,True,141.0,True,0.06252035698133396,True
inner_2021,123,train,matched,240,131,2020-01-02,2019-07-23,inner_train,True,109.0,True,0.05505977718302768,False
inner_2021,123,train,matched,241,6,2020-01-03,2019-01-16,inner_train,True,235.0,True,0.03846628082779624,False
inner_2021,123,train,matched,242,191,2020-01-06,2019-10-18,inner_train,True,51.0,True,0.08701137698963013,False
inner_2021,123,train,matched,243,220,2020-01-07,2019-11-29,inner_train,True,23.0,True,0.07249550203815369,False
inner_2021,123,train,matched,244,190,2020-01-08,2019-10-17,inner_train,True,54.0,True,0.04255961441879608,False
inner_2021,123,train,matched,245,220,2020-01-09,2019-11-29,inner_train,True,25.0,True,0.1005872369051688,False
inner_2021,123,train,matched,246,194,2020-01-10,2019-10-24,inner_train,True,52.0,True,0.16874947924841077,False
inner_2021,123,train,matched,247,54,2020-01-13,2019-03-26,inner_train,True,193.0,True,0.06980953139350676,False
inner_2021,123,train,matched,248,195,2020-01-14,2019-10-25,inner_train,True,53.0,True,0.1450389994760024,False
inner_2021,123,train,matched,249,244,2020-01-15,2020-01-08,inner_train,True,5.0,True,0.14019808398271216,True
inner_2021,123,train,matched,250,242,2020-01-16,2020-01-06,inner_train,True,8.0,True,0.18232155679395445,True
inner_2021,123,train,matched,251,244,2020-01-17,2020-01-08,inner_train,True,7.0,True,0.23116986218843882,True
inner_2021,123,train,matched,252,246,2020-01-20,2020-01-10,inner_train,True,6.0,True,0.1465416293605375,True
inner_2021,123,train,matched,253,244,2020-01-21,2020-01-08,inner_train,True,9.0,True,0.18115944161377717,True
inner_2021,123,train,matched,254,245,2020-01-22,2020-01-09,inner_train,True,9.0,True,0.1466034741918758,True
inner_2021,123,train,matched,255,243,2020-01-23,2020-01-07,inner_train,True,12.0,True,0.16507975035944877,True
inner_2021,123,train,matched,256,241,2020-01-24,2020-01-03,inner_train,True,15.0,True,0.2803019651541585,True
inner_2021,123,train,matched,257,95,2020-01-27,2019-05-30,inner_train,True,162.0,True,0.18054535739269895,False
inner_2021,123,train,matched,258,94,2020-01-28,2019-05-29,inner_train,True,164.0,True,0.10536051565782634,False
inner_2021,123,train,matched,259,96,2020-01-29,2019-05-31,inner_train,True,163.0,True,0.24419696051204198,False
inner_2021,123,train,matched,260,95,2020-01-30,2019-05-30,inner_train,True,165.0,True,0.04082199452025481,False
inner_2021,123,train,matched,261,198,2020-01-31,2019-10-30,inner_train,True,63.0,True,0.15692974599752363,False
inner_2021,123,train,matched,262,95,2020-02-03,2019-05-30,inner_train,True,167.0,True,0.10024541499105588,False
inner_2021,123,train,matched,263,231,2020-02-04,2019-12-18,inner_train,True,32.0,True,0.14045183546909623,False
inner_2021,123,train,matched,264,231,2020-02-05,2019-12-18,inner_train,True,33.0,True,0.054067221270275745,False
inner_2021,123,train,matched,265,181,2020-02-06,2019-10-03,inner_train,True,84.0,True,0.1768194796399709,False
inner_2021,123,train,matched,266,259,2020-02-07,2020-01-29,inner_train,True,7.0,True,0.1737378131025631,True
inner_2021,123,train,matched,267,259,2020-02-11,2020-01-29,inner_train,True,8.0,True,0.13864649329129275,True
inner_2021,123,train,matched,268,262,2020-02-12,2020-02-03,inner_train,True,6.0,True,0.5060063373300419,True
inner_2021,123,train,matched,269,262,2020-02-13,2020-02-03,inner_train,True,7.0,True,0.07410797215372211,True
inner_2021,123,train,matched,270,265,2020-02-14,2020-02-06,inner_train,True,5.0,True,0.05310982531394792,True
inner_2021,123,train,matched,271,263,2020-02-17,2020-02-04,inner_train,True,8.0,True,0.3384056232855044,True
inner_2021,123,train,matched,272,266,2020-02-18,2020-02-07,inner_train,True,6.0,True,0.6038005884710782,True
inner_2021,123,train,matched,273,261,2020-02-19,2020-01-31,inner_train,True,12.0,True,0.5759588630061256,True
inner_2021,123,train,matched,274,263,2020-02-20,2020-02-04,inner_train,True,11.0,True,0.5847876492891477,True
inner_2021,123,train,matched,275,264,2020-02-21,2020-02-05,inner_train,True,11.0,True,0.5486216383481124,True
inner_2021,123,train,matched,276,258,2020-02-24,2020-01-28,inner_train,True,18.0,True,0.6910209737172957,True
inner_2021,123,train,matched,277,270,2020-02-25,2020-02-14,inner_train,True,7.0,True,0.20067069546215155,True
inner_2021,123,train,matched,278,270,2020-02-26,2020-02-14,inner_train,True,8.0,True,0.2006706954621511,True
inner_2021,123,train,matched,279,270,2020-02-27,2020-02-14,inner_train,True,9.0,True,0.32472334413213,True
inner_2021,123,train,matched,280,275,2020-02-28,2020-02-21,inner_train,True,5.0,True,0.6861155091962647,True
inner_2021,123,train,matched,281,272,2020-03-02,2020-02-18,inner_train,True,9.0,True,0.6449450787420679,True
inner_2021,123,train,matched,282,273,2020-03-03,2020-02-19,inner_train,True,9.0,True,0.3207820208781258,True
inner_2021,123,train,matched,283,273,2020-03-04,2020-02-19,inner_train,True,10.0,True,0.5079228641080293,True
inner_2021,123,train,matched,284,274,2020-03-05,2020-02-20,inner_train,True,10.0,True,1.1279266763368851,True
inner_2021,123,train,matched,285,260,2020-03-06,2020-01-30,inner_train,True,25.0,True,0.720735137078774,True
inner_2021,123,train,matched,286,281,2020-03-09,2020-03-02,inner_train,True,5.0,True,0.5375856629525635,True
inner_2021,123,train,matched,287,262,2020-03-10,2020-02-03,inner_train,True,25.0,True,0.395895657092014,True
inner_2021,123,train,matched,288,260,2020-03-11,2020-01-30,inner_train,True,28.0,True,0.38834406732805293,True
inner_2021,123,train,matched,289,258,2020-03-12,2020-01-28,inner_train,True,31.0,True,0.36624439495488303,True
inner_2021,123,train,matched,290,264,2020-03-13,2020-02-05,inner_train,True,26.0,True,0.1840207925469146,True
inner_2021,123,train,matched,291,278,2020-03-16,2020-02-26,inner_train,True,13.0,True,0.018349138668196652,True
inner_2021,123,train,matched,292,277,2020-03-17,2020-02-25,inner_train,True,15.0,True,0.19187794351417287,True
inner_2021,123,train,matched,293,270,2020-03-18,2020-02-14,inner_train,True,23.0,True,0.3612938897950273,True
inner_2021,123,train,matched,294,264,2020-03-19,2020-02-05,inner_train,True,30.0,True,0.19290366612449183,True
inner_2021,123,train,matched,295,289,2020-03-20,2020-03-12,inner_train,True,6.0,True,0.03774032798284699,True
inner_2021,123,train,matched,296,286,2020-03-23,2020-03-09,inner_train,True,10.0,True,0.16034265007517945,True
inner_2021,123,train,matched,297,287,2020-03-24,2020-03-10,inner_train,True,10.0,True,0.4931260466665899,True
inner_2021,123,train,matched,298,286,2020-03-25,2020-03-09,inner_train,True,12.0,True,0.8109302162163288,True
inner_2021,123,train,matched,299,276,2020-03-26,2020-02-24,inner_train,True,23.0,True,1.6750918826555372,True
inner_2021,123,train,matched,300,276,2020-03-27,2020-02-24,inner_train,True,24.0,True,1.4519483313413275,True
inner_2021,123,train,matched,301,284,2020-03-30,2020-03-05,inner_train,True,17.0,True,0.6076625214241154,True
inner_2021,123,train,matched,302,284,2020-03-31,2020-03-05,inner_train,True,18.0,True,0.04255961441879608,True
inner_2021,123,train,matched,303,280,2020-04-01,2020-02-28,inner_train,True,23.0,True,0.4390560525442,True
inner_2021,123,train,matched,304,286,2020-04-02,2020-03-09,inner_train,True,18.0,True,0.13208358579858004,True
inner_2021,123,train,matched,305,293,2020-04-03,2020-03-18,inner_train,True,12.0,True,0.11536283835571393,True
inner_2021,123,train,matched,306,244,2020-04-07,2020-01-08,inner_train,True,62.0,True,0.5863860290000273,True
inner_2021,123,train,matched,307,241,2020-04-08,2020-01-03,inner_train,True,66.0,True,0.13531551441802403,True
inner_2021,123,train,matched,308,244,2020-04-09,2020-01-08,inner_train,True,64.0,True,0.5479197481722311,True
inner_2021,123,train,matched,309,18,2020-04-10,2019-02-01,inner_train,True,291.0,True,0.10536051565782678,False
inner_2021,123,train,matched,310,24,2020-04-13,2019-02-11,inner_train,True,286.0,True,0.05299253014051031,False
inner_2021,123,train,matched,311,100,2020-04-14,2019-06-07,inner_train,True,211.0,True,0.10741198139089647,False
inner_2021,123,train,matched,312,123,2020-04-15,2019-07-10,inner_train,True,189.0,True,0.13353139262452274,False
inner_2021,123,train,matched,313,307,2020-04-16,2020-04-08,inner_train,True,6.0,True,0.09531017980432477,True
inner_2021,123,train,matched,314,255,2020-04-17,2020-01-23,inner_train,True,59.0,True,0.18856028988412943,True
inner_2021,123,train,matched,315,116,2020-04-20,2019-07-01,inner_train,True,199.0,True,0.06435249193044879,False
inner_2021,123,train,matched,316,105,2020-04-21,2019-06-14,inner_train,True,211.0,True,0.060729846207545624,False
inner_2021,123,train,matched,317,118,2020-04-22,2019-07-03,inner_train,True,199.0,True,0.025317807984289953,False
inner_2021,123,train,matched,318,65,2020-04-23,2019-04-11,inner_train,True,253.0,True,0.6336148511815054,False
inner_2021,123,train,matched,319,66,2020-04-24,2019-04-12,inner_train,True,253.0,True,0.4444517625708335,False
inner_2021,123,train,matched,320,311,2020-04-27,2020-04-14,inner_train,True,9.0,True,0.7943205435550991,True
inner_2021,123,train,matched,321,311,2020-04-28,2020-04-14,inner_train,True,10.0,True,0.6946025152963546,True
inner_2021,123,train,matched,322,317,2020-04-29,2020-04-22,inner_train,True,5.0,True,0.5208647021937911,True
inner_2021,123,train,matched,323,316,2020-04-30,2020-04-21,inner_train,True,7.0,True,0.22516171547044728,True
inner_2021,123,train,matched,324,310,2020-05-05,2020-04-13,inner_train,True,14.0,True,0.06252035698133396,True
inner_2021,123,train,matched,325,313,2020-05-07,2020-04-16,inner_train,True,12.0,True,0.10621121753813911,True
inner_2021,123,train,matched,326,240,2020-05-08,2020-01-02,inner_train,True,86.0,True,0.16362942378180234,True
inner_2021,123,train,matched,327,240,2020-05-11,2020-01-02,inner_train,True,87.0,True,0.20921045701028573,True
inner_2021,123,train,matched,328,306,2020-05-12,2020-04-07,inner_train,True,22.0,True,0.11062962833783851,True
inner_2021,123,train,matched,329,241,2020-05-13,2020-01-03,inner_train,True,88.0,True,0.4650896144433063,True
inner_2021,123,train,matched,330,307,2020-05-14,2020-04-08,inner_train,True,23.0,True,0.6875657707217502,True
inner_2021,123,train,matched,331,307,2020-05-15,2020-04-08,inner_train,True,24.0,True,0.8446439310163307,True
inner_2021,123,train,matched,332,307,2020-05-18,2020-04-08,inner_train,True,25.0,True,0.967757171444374,True
inner_2021,123,train,matched,333,327,2020-05-19,2020-05-11,inner_train,True,6.0,True,0.9728253684390649,True
inner_2021,123,train,matched,334,324,2020-05-20,2020-05-05,inner_train,True,10.0,True,0.8742311134335501,True
inner_2021,123,train,matched,335,312,2020-05-21,2020-04-15,inner_train,True,23.0,True,0.8042655444705962,True
inner_2021,123,train,matched,336,328,2020-05-22,2020-05-12,inner_train,True,8.0,True,0.44086703515908043,True
inner_2021,123,train,matched,337,308,2020-05-25,2020-04-09,inner_train,True,29.0,True,0.24475702773474728,True
inner_2021,123,train,matched,338,326,2020-05-26,2020-05-08,inner_train,True,12.0,True,0.10802363307730989,True
inner_2021,123,train,matched,339,309,2020-05-27,2020-04-10,inner_train,True,30.0,True,0.1683840489501729,True
inner_2021,123,train,matched,340,323,2020-05-28,2020-04-30,inner_train,True,17.0,True,0.08313964418406927,True
inner_2021,123,train,matched,341,315,2020-05-29,2020-04-20,inner_train,True,26.0,True,0.20067069546215066,True
inner_2021,123,train,matched,342,310,2020-06-01,2020-04-13,inner_train,True,32.0,True,0.08689408181619163,True
inner_2021,123,train,matched,343,311,2020-06-02,2020-04-14,inner_train,True,32.0,True,0.11778303565638337,True
inner_2021,123,train,matched,344,311,2020-06-04,2020-04-14,inner_train,True,33.0,True,0.23803216380796055,True
inner_2021,123,train,matched,345,317,2020-06-05,2020-04-22,inner_train,True,28.0,True,0.0,True
inner_2021,123,train,matched,346,317,2020-06-08,2020-04-22,inner_train,True,29.0,True,0.18743665746072535,True
inner_2021,123,train,matched,347,317,2020-06-09,2020-04-22,inner_train,True,30.0,True,0.28120735226897065,True
inner_2021,123,train,matched,348,317,2020-06-10,2020-04-22,inner_train,True,31.0,True,0.0,True
inner_2021,123,train,matched,349,316,2020-06-11,2020-04-21,inner_train,True,33.0,True,0.18297111836275004,True
inner_2021,123,train,matched,350,343,2020-06-12,2020-06-02,inner_train,True,7.0,True,0.07936392575243856,True
inner_2021,123,train,matched,351,326,2020-06-15,2020-05-08,inner_train,True,25.0,True,0.0,True
inner_2021,123,train,matched,352,339,2020-06-16,2020-05-27,inner_train,True,13.0,True,0.12991776812237665,True
inner_2021,123,train,matched,353,324,2020-06-17,2020-05-05,inner_train,True,29.0,True,0.10419305338190199,True
inner_2021,123,train,matched,354,324,2020-06-18,2020-05-05,inner_train,True,30.0,True,0.10252569159503322,True
inner_2021,123,train,matched,355,306,2020-06-19,2020-04-07,inner_train,True,49.0,True,0.13159985430536159,True
inner_2021,123,train,matched,356,325,2020-06-22,2020-05-07,inner_train,True,31.0,True,0.1550375978454861,True
inner_2021,123,train,matched,357,313,2020-06-23,2020-04-16,inner_train,True,44.0,True,0.11905936001598816,True
inner_2021,123,train,matched,358,313,2020-06-24,2020-04-16,inner_train,True,45.0,True,0.09531017980432477,True
inner_2021,123,train,matched,359,326,2020-06-25,2020-05-08,inner_train,True,33.0,True,0.07825219689974805,True
inner_2021,123,train,matched,360,326,2020-06-26,2020-05-08,inner_train,True,34.0,True,0.3142035168298394,True
inner_2021,123,train,matched,361,308,2020-06-29,2020-04-09,inner_train,True,53.0,True,0.1321717731084826,True
inner_2021,123,train,matched,362,326,2020-06-30,2020-05-08,inner_train,True,36.0,True,0.1335313926245223,True
inner_2021,123,train,matched,363,248,2020-07-01,2020-01-14,inner_train,True,115.0,True,0.14054002277899924,True
inner_2021,123,train,matched,364,350,2020-07-02,2020-06-12,inner_train,True,14.0,True,0.047628048989254435,True
inner_2021,123,train,matched,365,311,2020-07-03,2020-04-14,inner_train,True,54.0,True,0.06040912779556029,True
inner_2021,123,train,matched,366,245,2020-07-07,2020-01-09,inner_train,True,121.0,True,0.30323448545926546,True
inner_2021,123,train,matched,367,245,2020-07-08,2020-01-09,inner_train,True,122.0,True,0.20479441264601306,True
inner_2021,123,train,matched,368,359,2020-07-09,2020-06-25,inner_train,True,9.0,True,0.1494107432991969,True
inner_2021,123,train,matched,369,247,2020-07-10,2020-01-13,inner_train,True,122.0,True,0.07154715129204803,True
inner_2021,123,train,matched,370,242,2020-07-13,2020-01-06,inner_train,True,128.0,True,0.1670540846631665,True
inner_2021,123,train,matched,371,306,2020-07-14,2020-04-07,inner_train,True,65.0,True,0.2624549715290976,True
inner_2021,123,train,matched,372,327,2020-07-15,2020-05-11,inner_train,True,45.0,True,0.24023798467350943,True
inner_2021,123,train,matched,373,313,2020-07-16,2020-04-16,inner_train,True,60.0,True,0.18513252139960512,True
inner_2021,123,train,matched,374,355,2020-07-17,2020-06-19,inner_train,True,19.0,True,0.22090819991239075,True
inner_2021,123,train,matched,375,328,2020-07-20,2020-05-12,inner_train,True,47.0,True,0.2023404236844457,True
inner_2021,123,train,matched,376,357,2020-07-21,2020-06-23,inner_train,True,19.0,True,0.10536051565782634,True
inner_2021,123,train,matched,377,326,2020-07-22,2020-05-08,inner_train,True,51.0,True,0.10536051565782634,True
inner_2021,123,train,matched,378,359,2020-07-23,2020-06-25,inner_train,True,19.0,True,0.10178269430994247,True
inner_2021,123,train,matched,379,357,2020-07-24,2020-06-23,inner_train,True,22.0,True,0.14045183546909623,True
inner_2021,123,train,matched,380,246,2020-07-29,2020-01-10,inner_train,True,134.0,True,0.0,True
inner_2021,123,train,matched,381,296,2020-07-30,2020-03-23,inner_train,True,85.0,True,0.2555937579002805,True
inner_2021,123,train,matched,382,298,2020-07-31,2020-03-25,inner_train,True,84.0,True,0.43623676677491785,True
inner_2021,123,train,matched,383,287,2020-08-03,2020-03-10,inner_train,True,96.0,True,0.3418284358217383,True
inner_2021,123,train,matched,384,286,2020-08-04,2020-03-09,inner_train,True,98.0,True,0.38216954550464255,True
inner_2021,123,train,matched,385,287,2020-08-05,2020-03-10,inner_train,True,98.0,True,0.1625189294977747,True
inner_2021,123,train,matched,386,277,2020-08-06,2020-02-25,inner_train,True,109.0,True,0.14172815982870102,True
inner_2021,123,train,matched,387,290,2020-08-07,2020-03-13,inner_train,True,97.0,True,0.0,True
inner_2021,123,train,matched,388,264,2020-08-10,2020-02-05,inner_train,True,124.0,True,0.22691003410968635,True
inner_2021,123,train,matched,389,307,2020-08-11,2020-04-08,inner_train,True,82.0,True,0.11826392049373435,True
inner_2021,123,train,matched,390,336,2020-08-13,2020-05-22,inner_train,True,54.0,True,0.18207314044688205,True
inner_2021,123,train,matched,391,337,2020-08-14,2020-05-25,inner_train,True,54.0,True,0.19290366612449183,True
inner_2021,123,train,matched,392,306,2020-08-17,2020-04-07,inner_train,True,86.0,True,0.27329333499968156,True
inner_2021,123,train,matched,393,361,2020-08-18,2020-06-29,inner_train,True,32.0,True,0.3018081703751214,True
inner_2021,123,train,matched,394,328,2020-08-19,2020-05-12,inner_train,True,66.0,True,0.30907326243309896,True
inner_2021,123,train,matched,395,264,2020-08-20,2020-02-05,inner_train,True,131.0,True,0.3300742621415531,True
inner_2021,123,train,matched,396,264,2020-08-21,2020-02-05,inner_train,True,132.0,True,0.3538639793330818,True
inner_2021,123,train,matched,397,291,2020-08-24,2020-03-16,inner_train,True,106.0,True,0.13580154115906184,True
inner_2021,123,train,matched,398,386,2020-08-25,2020-08-06,inner_train,True,12.0,True,0.16292469132115528,True
inner_2021,123,train,matched,399,249,2020-08-26,2020-01-15,inner_train,True,150.0,True,0.12260232209233246,True
inner_2021,123,train,matched,400,380,2020-08-27,2020-07-29,inner_train,True,20.0,True,0.2675953138850433,True
inner_2021,123,train,matched,401,246,2020-08-28,2020-01-10,inner_train,True,155.0,True,0.31411532951993637,True
inner_2021,123,train,matched,402,288,2020-08-31,2020-03-11,inner_train,True,114.0,True,0.08004270767353638,True
inner_2021,123,train,matched,403,397,2020-09-01,2020-08-24,inner_train,True,6.0,True,0.09806121317621486,True
inner_2021,123,train,matched,404,290,2020-09-02,2020-03-13,inner_train,True,114.0,True,0.12891244676822833,True
inner_2021,123,train,matched,405,294,2020-09-03,2020-03-19,inner_train,True,111.0,True,0.12014431184206353,True
inner_2021,123,train,matched,406,278,2020-09-08,2020-02-26,inner_train,True,128.0,True,0.08388148398070161,True
inner_2021,123,train,matched,407,263,2020-09-09,2020-02-04,inner_train,True,144.0,True,0.12861737782209337,True
inner_2021,123,train,matched,408,260,2020-09-10,2020-01-30,inner_train,True,148.0,True,0.24116205681688818,True
inner_2021,123,train,matched,409,260,2020-09-11,2020-01-30,inner_train,True,149.0,True,0.06102470183777431,True
inner_2021,123,train,matched,410,260,2020-09-14,2020-01-30,inner_train,True,150.0,True,0.17317979683586016,True
inner_2021,123,train,matched,411,261,2020-09-15,2020-01-31,inner_train,True,150.0,True,0.11040973036263102,True
inner_2021,123,train,matched,412,277,2020-09-16,2020-02-25,inner_train,True,135.0,True,0.20479441264601306,True
inner_2021,123,train,matched,413,260,2020-09-17,2020-01-30,inner_train,True,153.0,True,0.10763066419236544,True
inner_2021,123,train,matched,414,295,2020-09-18,2020-03-20,inner_train,True,119.0,True,0.10536051565782634,True
inner_2021,123,train,matched,415,277,2020-09-21,2020-02-25,inner_train,True,138.0,True,0.06021318383490559,True
inner_2021,123,train,matched,416,263,2020-09-22,2020-02-04,inner_train,True,153.0,True,0.07145896398214457,True
inner_2021,123,train,matched,417,291,2020-09-23,2020-03-16,inner_train,True,126.0,True,0.036367644170875124,True
inner_2021,123,train,matched,418,264,2020-09-24,2020-02-05,inner_train,True,154.0,True,0.0685079054250699,True
inner_2021,123,train,matched,419,278,2020-09-25,2020-02-26,inner_train,True,141.0,True,0.08086949564953061,True
inner_2021,123,train,matched,420,290,2020-09-28,2020-03-13,inner_train,True,130.0,True,0.05942342047080107,True
inner_2021,123,train,matched,421,277,2020-09-29,2020-02-25,inner_train,True,144.0,True,0.08183001824763192,True
inner_2021,123,train,matched,422,294,2020-09-30,2020-03-19,inner_train,True,128.0,True,0.02150620522096336,True
inner_2021,123,train,matched,423,295,2020-10-01,2020-03-20,inner_train,True,128.0,True,0.13451709994928196,True
inner_2021,123,train,matched,424,414,2020-10-02,2020-09-18,inner_train,True,10.0,True,0.16907633004393396,True
inner_2021,123,train,matched,425,280,2020-10-05,2020-02-28,inner_train,True,145.0,True,0.1733528868111942,True
inner_2021,123,train,matched,426,302,2020-10-06,2020-03-31,inner_train,True,124.0,True,0.09385290880634667,True
inner_2021,123,train,matched,427,300,2020-10-07,2020-03-27,inner_train,True,127.0,True,0.2564295289476761,True
inner_2021,123,train,matched,428,284,2020-10-08,2020-03-05,inner_train,True,144.0,True,0.2808405406350638,True
inner_2021,123,train,matched,429,301,2020-10-09,2020-03-30,inner_train,True,128.0,True,0.2113090936672064,True
inner_2021,123,train,matched,430,254,2020-10-12,2020-01-22,inner_train,True,176.0,True,0.08701137698962969,True
inner_2021,123,train,matched,431,402,2020-10-14,2020-08-31,inner_train,True,29.0,True,0.13353139262452274,True
inner_2021,123,train,matched,432,410,2020-10-15,2020-09-14,inner_train,True,22.0,True,0.11488027599842221,True
inner_2021,123,train,matched,433,295,2020-10-16,2020-03-20,inner_train,True,138.0,True,0.11332868530700368,True
inner_2021,123,train,matched,434,412,2020-10-19,2020-09-16,inner_train,True,22.0,True,0.08701137698962969,True
inner_2021,123,train,matched,435,296,2020-10-20,2020-03-23,inner_train,True,139.0,True,0.18058393689541363,True
inner_2021,123,train,matched,436,385,2020-10-21,2020-08-05,inner_train,True,51.0,True,0.075507552508145,True
inner_2021,123,train,matched,437,385,2020-10-22,2020-08-05,inner_train,True,52.0,True,0.13889333576590834,True
inner_2021,123,train,matched,438,288,2020-10-26,2020-03-11,inner_train,True,150.0,True,0.0281708769666964,True
inner_2021,123,train,matched,439,293,2020-10-27,2020-03-18,inner_train,True,146.0,True,0.08499321283339256,True
inner_2021,123,train,matched,440,395,2020-10-28,2020-08-20,inner_train,True,45.0,True,0.11235355114879741,True
inner_2021,123,train,matched,441,395,2020-10-29,2020-08-20,inner_train,True,46.0,True,0.09400441248060076,True
inner_2021,123,train,matched,442,397,2020-10-30,2020-08-24,inner_train,True,45.0,True,0.07696104113612856,True
inner_2021,123,train,matched,443,387,2020-11-02,2020-08-07,inner_train,True,56.0,True,0.0,True
inner_2021,123,train,matched,444,290,2020-11-03,2020-03-13,inner_train,True,154.0,True,0.08689408181619163,True
inner_2021,123,train,matched,445,410,2020-11-04,2020-09-14,inner_train,True,35.0,True,0.04546237407675724,True
inner_2021,123,train,matched,446,377,2020-11-05,2020-07-22,inner_train,True,69.0,True,0.11778303565638337,True
inner_2021,123,train,matched,447,353,2020-11-06,2020-06-17,inner_train,True,94.0,True,0.10178269430994247,True
inner_2021,123,train,matched,448,353,2020-11-09,2020-06-17,inner_train,True,95.0,True,0.08819757971963549,True
inner_2021,123,train,matched,449,353,2020-11-10,2020-06-17,inner_train,True,96.0,True,0.05325490353554363,True
inner_2021,123,train,matched,450,352,2020-11-11,2020-06-16,inner_train,True,98.0,True,0.18121106250992725,True
inner_2021,123,train,matched,451,335,2020-11-12,2020-05-21,inner_train,True,116.0,True,0.05004094607108511,True
inner_2021,123,train,matched,452,335,2020-11-13,2020-05-21,inner_train,True,117.0,True,0.19440629600902692,True
inner_2021,123,train,matched,453,352,2020-11-16,2020-06-16,inner_train,True,101.0,True,1.123819102701456,True
inner_2021,123,train,matched,454,309,2020-11-17,2020-04-10,inner_train,True,145.0,True,1.1315137248624976,True
inner_2021,123,train,matched,455,450,2020-11-18,2020-11-11,inner_train,True,5.0,True,0.7339691750801998,True
inner_2021,123,train,matched,456,451,2020-11-19,2020-11-12,inner_train,True,5.0,True,0.16896576561239973,True
inner_2021,123,train,matched,457,334,2020-11-20,2020-05-20,inner_train,True,123.0,True,0.3734745659751426,True
inner_2021,123,train,matched,458,350,2020-11-23,2020-06-12,inner_train,True,108.0,True,0.16217699070148717,True
inner_2021,123,train,matched,459,311,2020-11-24,2020-04-14,inner_train,True,148.0,True,0.13926206733350766,True
inner_2021,123,train,matched,460,352,2020-11-25,2020-06-16,inner_train,True,108.0,True,0.10745915231474745,True
inner_2021,123,train,matched,461,352,2020-11-26,2020-06-16,inner_train,True,109.0,True,0.04803573184394638,True
inner_2021,123,train,matched,462,352,2020-11-27,2020-06-16,inner_train,True,110.0,True,0.12991776812237665,True
inner_2021,123,train,matched,463,456,2020-11-30,2020-11-19,inner_train,True,7.0,True,0.27146740631221755,True
inner_2021,123,train,matched,464,339,2020-12-01,2020-05-27,inner_train,True,125.0,True,0.23669651771891287,True
inner_2021,123,train,matched,465,450,2020-12-02,2020-11-11,inner_train,True,15.0,True,0.16989903679539786,True
inner_2021,123,train,matched,466,461,2020-12-03,2020-11-26,inner_train,True,5.0,True,0.10309550902697406,True
inner_2021,123,train,matched,467,461,2020-12-04,2020-11-26,inner_train,True,6.0,True,0.20406154343036054,True
inner_2021,123,train,matched,468,461,2020-12-08,2020-11-26,inner_train,True,7.0,True,0.15528126219754412,True
inner_2021,123,train,matched,469,462,2020-12-09,2020-11-27,inner_train,True,7.0,True,0.12957477377842075,True
inner_2021,123,train,matched,470,354,2020-12-14,2020-06-18,inner_train,True,116.0,True,0.05116678417168208,True
inner_2021,123,train,matched,471,354,2020-12-15,2020-06-18,inner_train,True,117.0,True,0.05116678417168208,True
inner_2021,123,train,matched,472,343,2020-12-16,2020-06-02,inner_train,True,129.0,True,0.08055369388802758,True
inner_2021,123,train,matched,473,352,2020-12-17,2020-06-16,inner_train,True,121.0,True,0.07967281678712945,True
inner_2021,123,train,matched,474,450,2020-12-18,2020-11-11,inner_train,True,24.0,True,0.21072103131565223,True
inner_2021,123,train,matched,475,463,2020-12-21,2020-11-30,inner_train,True,12.0,True,0.10227884912041851,True
inner_2021,123,train,matched,476,329,2020-12-22,2020-05-13,inner_train,True,147.0,True,0.15274222889020006,True
inner_2021,123,train,matched,477,331,2020-12-23,2020-05-15,inner_train,True,146.0,True,0.1416505170630269,True
inner_2021,123,train,matched,478,390,2020-12-24,2020-08-13,inner_train,True,88.0,True,0.07878087785311383,True
inner_2021,123,train,matched,479,375,2020-12-25,2020-07-20,inner_train,True,104.0,True,0.2194724043063676,True
inner_2021,123,train,matched,480,308,2020-12-28,2020-04-09,inner_train,True,172.0,True,0.0,True
inner_2021,123,train,matched,481,355,2020-12-29,2020-06-19,inner_train,True,126.0,True,0.14107859825990543,True
inner_2021,123,train,matched,482,328,2020-12-30,2020-05-12,inner_train,True,154.0,True,0.02666824708216131,True
inner_2021,123,train,random,5,0,2019-01-15,2019-01-08,inner_train,True,5.0,True,2.4894806201076367,True
inner_2021,123,train,random,6,0,2019-01-16,2019-01-08,inner_train,True,6.0,True,2.5955401920679613,True
inner_2021,123,train,random,7,2,2019-01-17,2019-01-10,inner_train,True,5.0,True,0.5421890734632466,True
inner_2021,123,train,random,8,2,2019-01-18,2019-01-10,inner_train,True,6.0,True,0.3346849260471174,True
inner_2021,123,train,random,9,0,2019-01-21,2019-01-08,inner_train,True,9.0,True,1.9692872463380457,True
inner_2021,123,train,random,10,5,2019-01-22,2019-01-15,inner_train,True,5.0,True,0.7287381256626482,True
inner_2021,123,train,random,11,1,2019-01-23,2019-01-09,inner_train,True,10.0,True,1.0862267377153714,True
inner_2021,123,train,random,17,3,2019-01-31,2019-01-11,inner_train,True,14.0,False,0.5321867507653582,True
inner_2021,123,train,random,18,2,2019-02-01,2019-01-10,inner_train,True,16.0,False,0.7469083574513982,True
inner_2021,123,train,random,19,5,2019-02-04,2019-01-15,inner_train,True,14.0,False,0.2513982189718096,True
inner_2021,123,train,random,20,2,2019-02-05,2019-01-10,inner_train,True,18.0,False,0.5955087109960298,True
inner_2021,123,train,random,21,5,2019-02-06,2019-01-15,inner_train,True,16.0,False,0.3718046655355196,True
inner_2021,123,train,random,22,14,2019-02-07,2019-01-28,inner_train,True,8.0,True,0.11583181552512123,True
inner_2021,123,train,random,23,8,2019-02-08,2019-01-18,inner_train,True,15.0,False,0.19189100781010504,True
inner_2021,123,train,random,24,18,2019-02-11,2019-02-01,inner_train,True,6.0,True,0.19062035960864998,True
inner_2021,123,train,random,25,9,2019-02-12,2019-01-21,inner_train,True,16.0,False,0.3711577946091027,True
inner_2021,123,train,random,26,6,2019-02-13,2019-01-16,inner_train,True,20.0,False,0.2665238469444349,True
inner_2021,123,train,random,27,18,2019-02-14,2019-02-01,inner_train,True,9.0,True,0.35235528279421624,True
inner_2021,123,train,random,28,19,2019-02-15,2019-02-04,inner_train,True,9.0,False,0.16240731612637704,True
inner_2021,123,train,random,29,21,2019-02-18,2019-02-06,inner_train,True,8.0,False,0.5914578119099612,True
inner_2021,123,train,random,30,23,2019-02-20,2019-02-08,inner_train,True,7.0,False,0.128181742877282,True
inner_2021,123,train,random,31,0,2019-02-21,2019-01-08,inner_train,True,31.0,True,2.375536360758419,True
inner_2021,123,train,random,32,14,2019-02-22,2019-01-28,inner_train,True,18.0,True,0.40404566145393783,True
inner_2021,123,train,random,33,7,2019-02-25,2019-01-17,inner_train,True,26.0,False,0.18983635329644066,True
inner_2021,123,train,random,34,7,2019-02-26,2019-01-17,inner_train,True,27.0,False,0.20162430904848305,True
inner_2021,123,train,random,35,7,2019-02-27,2019-01-17,inner_train,True,28.0,False,0.3274487435798603,True
inner_2021,123,train,random,36,26,2019-02-28,2019-02-13,inner_train,True,10.0,False,0.6190392084062228,True
inner_2021,123,train,random,37,26,2019-03-01,2019-02-13,inner_train,True,11.0,False,0.3822082459438967,True
inner_2021,123,train,random,43,8,2019-03-11,2019-01-18,inner_train,True,35.0,False,0.3254224004346278,True
inner_2021,123,train,random,44,16,2019-03-12,2019-01-30,inner_train,True,28.0,False,0.22705745063534577,True
inner_2021,123,train,random,45,30,2019-03-13,2019-02-20,inner_train,True,15.0,True,0.2766883042195709,True
inner_2021,123,train,random,46,6,2019-03-14,2019-01-16,inner_train,True,40.0,True,0.1744403398860177,True
inner_2021,123,train,random,47,27,2019-03-15,2019-02-14,inner_train,True,20.0,False,0.14660347419187536,True
inner_2021,123,train,random,48,19,2019-03-18,2019-02-04,inner_train,True,29.0,False,0.09237332013101485,True
inner_2021,123,train,random,49,41,2019-03-19,2019-03-07,inner_train,True,8.0,False,0.07839970765600812,True
inner_2021,123,train,random,50,34,2019-03-20,2019-02-26,inner_train,True,16.0,False,0.2894953095759618,True
inner_2021,123,train,random,51,10,2019-03-21,2019-01-22,inner_train,True,41.0,True,0.406430825228123,True
inner_2021,123,train,random,52,40,2019-03-22,2019-03-06,inner_train,True,12.0,False,0.4027514022365679,True
inner_2021,123,train,random,53,39,2019-03-25,2019-03-05,inner_train,True,14.0,False,0.9927518979686321,True
inner_2021,123,train,random,54,10,2019-03-26,2019-01-22,inner_train,True,44.0,True,0.208544751893057,True
inner_2021,123,train,random,55,26,2019-03-27,2019-02-13,inner_train,True,29.0,False,0.24104476164344968,True
inner_2021,123,train,random,56,41,2019-03-28,2019-03-07,inner_train,True,15.0,False,0.40749556565854617,True
inner_2021,123,train,random,57,12,2019-03-29,2019-01-24,inner_train,True,45.0,False,0.9364294371435875,True
inner_2021,123,train,random,58,13,2019-04-01,2019-01-25,inner_train,True,45.0,True,0.31375431276155563,True
inner_2021,123,train,random,59,9,2019-04-02,2019-01-21,inner_train,True,50.0,False,0.924258901523332,True
inner_2021,123,train,random,60,0,2019-04-03,2019-01-08,inner_train,True,60.0,False,2.7673242435591296,True
inner_2021,123,train,random,61,28,2019-04-04,2019-02-15,inner_train,True,33.0,False,0.11778303565638337,True
inner_2021,123,train,random,62,0,2019-04-05,2019-01-08,inner_train,True,62.0,True,2.163304842895192,True
inner_2021,123,train,random,63,34,2019-04-09,2019-02-26,inner_train,True,29.0,True,0.45276182281122956,True
inner_2021,123,train,random,64,24,2019-04-10,2019-02-11,inner_train,True,40.0,True,0.762140052046897,True
inner_2021,123,train,random,65,11,2019-04-11,2019-01-23,inner_train,True,54.0,False,0.23197146543777514,True
inner_2021,123,train,random,66,22,2019-04-12,2019-02-07,inner_train,True,44.0,True,0.9383287105721543,True
inner_2021,123,train,random,67,0,2019-04-17,2019-01-08,inner_train,True,67.0,False,1.9430640512389432,True
inner_2021,123,train,random,68,9,2019-04-18,2019-01-21,inner_train,True,59.0,False,0.16793899696711367,True
inner_2021,123,train,random,69,30,2019-04-19,2019-02-20,inner_train,True,39.0,False,0.3091306158592646,True
inner_2021,123,train,random,70,5,2019-04-22,2019-01-15,inner_train,True,65.0,False,0.3242396681855788,True
inner_2021,123,train,random,71,48,2019-04-23,2019-03-18,inner_train,True,23.0,False,0.42121346507630353,True
inner_2021,123,train,random,72,17,2019-04-24,2019-01-31,inner_train,True,55.0,True,0.3651326661021921,True
inner_2021,123,train,random,73,63,2019-04-25,2019-04-09,inner_train,True,10.0,True,0.38677297509601205,True
inner_2021,123,train,random,74,11,2019-04-26,2019-01-23,inner_train,True,63.0,False,0.7017309242513368,True
inner_2021,123,train,random,75,44,2019-04-29,2019-03-12,inner_train,True,31.0,False,0.11122563511022454,True
inner_2021,123,train,random,76,37,2019-04-30,2019-03-01,inner_train,True,39.0,False,0.3133989604569103,True
inner_2021,123,train,random,77,66,2019-05-02,2019-04-12,inner_train,True,11.0,True,1.2519862694271953,True
inner_2021,123,train,random,78,45,2019-05-03,2019-03-13,inner_train,True,33.0,False,0.5686853222606087,True
inner_2021,123,train,random,79,64,2019-05-07,2019-04-10,inner_train,True,15.0,False,1.213640209728073,True
inner_2021,123,train,random,80,35,2019-05-08,2019-02-27,inner_train,True,45.0,False,0.04587045406609702,True
inner_2021,123,train,random,81,16,2019-05-09,2019-01-30,inner_train,True,65.0,False,0.31666960932503274,True
inner_2021,123,train,random,82,14,2019-05-10,2019-01-28,inner_train,True,68.0,False,0.4260843953108999,True
inner_2021,123,train,random,83,68,2019-05-13,2019-04-18,inner_train,True,15.0,False,1.7944975894601787,True
inner_2021,123,train,random,84,16,2019-05-14,2019-01-30,inner_train,True,68.0,False,1.3700520550184687,True
inner_2021,123,train,random,85,59,2019-05-15,2019-04-02,inner_train,True,26.0,False,1.5263404347656069,True
inner_2021,123,train,random,86,43,2019-05-16,2019-03-11,inner_train,True,43.0,True,2.336986519711379,True
inner_2021,123,train,random,87,23,2019-05-17,2019-02-08,inner_train,True,64.0,False,2.221271737119054,True
inner_2021,123,train,random,88,34,2019-05-21,2019-02-26,inner_train,True,54.0,False,1.8036898302045752,True
inner_2021,123,train,random,89,67,2019-05-22,2019-04-17,inner_train,True,22.0,False,2.120263536200092,True
inner_2021,123,train,random,90,38,2019-05-23,2019-03-04,inner_train,True,52.0,True,0.7916466058378271,True
inner_2021,123,train,random,91,75,2019-05-24,2019-04-29,inner_train,True,16.0,False,0.07832419891583564,True
inner_2021,123,train,random,92,83,2019-05-27,2019-05-13,inner_train,True,9.0,True,1.148262197311929,True
inner_2021,123,train,random,93,26,2019-05-28,2019-02-13,inner_train,True,67.0,False,0.22924733425222765,True
inner_2021,123,train,random,94,47,2019-05-29,2019-03-15,inner_train,True,47.0,False,0.35831832968246236,True
inner_2021,123,train,random,95,47,2019-05-30,2019-03-15,inner_train,True,48.0,False,0.4026541435025144,True
inner_2021,123,train,random,96,49,2019-05-31,2019-03-19,inner_train,True,47.0,False,0.32735850946149414,True
inner_2021,123,train,random,97,6,2019-06-04,2019-01-16,inner_train,True,91.0,True,0.12726177961092766,True
inner_2021,123,train,random,98,34,2019-06-05,2019-02-26,inner_train,True,64.0,False,0.2094634474101298,True
inner_2021,123,train,random,99,55,2019-06-06,2019-03-27,inner_train,True,44.0,False,0.12078926510530996,True
inner_2021,123,train,random,100,88,2019-06-07,2019-05-21,inner_train,True,12.0,False,2.0046625036246306,True
inner_2021,123,train,random,101,23,2019-06-10,2019-02-08,inner_train,True,78.0,True,0.05756417566332894,True
inner_2021,123,train,random,102,63,2019-06-11,2019-04-09,inner_train,True,39.0,True,0.1208647021937912,True
inner_2021,123,train,random,103,75,2019-06-12,2019-04-29,inner_train,True,28.0,False,1.0165473356138057,True
inner_2021,123,train,random,104,92,2019-06-13,2019-05-27,inner_train,True,12.0,False,0.6906871547190834,True
inner_2021,123,train,random,105,17,2019-06-14,2019-01-31,inner_train,True,88.0,True,0.47513356131652085,True
inner_2021,123,train,random,106,68,2019-06-17,2019-04-18,inner_train,True,38.0,True,0.23922968906583408,True
inner_2021,123,train,random,107,32,2019-06-18,2019-02-22,inner_train,True,75.0,True,0.28501895503229724,True
inner_2021,123,train,random,108,45,2019-06-19,2019-03-13,inner_train,True,63.0,False,0.2670627852490455,True
inner_2021,123,train,random,109,1,2019-06-20,2019-01-09,inner_train,True,108.0,False,1.336819312015284,True
inner_2021,123,train,random,110,76,2019-06-21,2019-04-30,inner_train,True,34.0,True,0.6106504839248417,True
inner_2021,123,train,random,111,3,2019-06-24,2019-01-11,inner_train,True,108.0,False,0.4123855509527381,True
inner_2021,123,train,random,112,40,2019-06-25,2019-03-06,inner_train,True,72.0,False,0.4300062170242822,True
inner_2021,123,train,random,113,54,2019-06-26,2019-03-26,inner_train,True,59.0,False,0.3448404862917296,True
inner_2021,123,train,random,114,73,2019-06-27,2019-04-25,inner_train,True,41.0,True,0.07410797215372167,True
inner_2021,123,train,random,115,51,2019-06-28,2019-03-21,inner_train,True,64.0,False,0.2809023854664021,True
inner_2021,123,train,random,116,93,2019-07-01,2019-05-28,inner_train,True,23.0,False,0.2839542023377666,True
inner_2021,123,train,random,117,14,2019-07-02,2019-01-28,inner_train,True,103.0,True,0.7084146526907333,True
inner_2021,123,train,random,118,29,2019-07-03,2019-02-18,inner_train,True,89.0,False,0.13802129789737494,True
inner_2021,123,train,random,119,29,2019-07-04,2019-02-18,inner_train,True,90.0,False,0.44454645815063554,True
inner_2021,123,train,random,120,44,2019-07-05,2019-03-12,inner_train,True,76.0,False,0.7230001437096263,True
inner_2021,123,train,random,121,0,2019-07-08,2019-01-08,inner_train,True,121.0,False,2.1064883678515303,True
inner_2021,123,train,random,122,50,2019-07-09,2019-03-20,inner_train,True,72.0,False,0.13517477836825265,True
inner_2021,123,train,random,123,45,2019-07-10,2019-03-13,inner_train,True,78.0,False,0.19671029424605413,True
inner_2021,123,train,random,124,70,2019-07-11,2019-04-22,inner_train,True,54.0,True,0.1937913393016819,True
inner_2021,123,train,random,125,69,2019-07-12,2019-04-19,inner_train,True,56.0,True,0.12260232209233246,True
inner_2021,123,train,random,126,34,2019-07-15,2019-02-26,inner_train,True,92.0,True,0.2076393647782444,True
inner_2021,123,train,random,127,52,2019-07-17,2019-03-22,inner_train,True,75.0,False,0.31315230784281356,True
inner_2021,123,train,random,128,62,2019-07-18,2019-04-05,inner_train,True,66.0,True,0.28913450553209596,True
inner_2021,123,train,random,129,104,2019-07-19,2019-06-13,inner_train,True,25.0,False,0.7257784745303528,True
inner_2021,123,train,random,130,9,2019-07-22,2019-01-21,inner_train,True,121.0,True,0.7141025457359338,True
inner_2021,123,train,random,131,78,2019-07-23,2019-05-03,inner_train,True,53.0,False,0.49969245077365665,True
inner_2021,123,train,random,132,10,2019-07-24,2019-01-22,inner_train,True,122.0,True,1.1005427911981678,True
inner_2021,123,train,random,133,34,2019-07-25,2019-02-26,inner_train,True,99.0,False,0.41088517557750315,True
inner_2021,123,train,random,134,57,2019-07-26,2019-03-29,inner_train,True,77.0,True,0.07032774214205606,True
inner_2021,123,train,random,135,106,2019-07-30,2019-06-17,inner_train,True,29.0,False,0.5660703977121031,True
inner_2021,123,train,random,136,44,2019-07-31,2019-03-12,inner_train,True,92.0,True,0.0816780310142673,True
inner_2021,123,train,random,137,66,2019-08-01,2019-04-12,inner_train,True,71.0,False,0.25733491606248915,True
inner_2021,123,train,random,138,77,2019-08-02,2019-05-02,inner_train,True,61.0,False,0.883425718254482,True
inner_2021,123,train,random,139,102,2019-08-05,2019-06-11,inner_train,True,37.0,False,0.31237468504215293,True
inner_2021,123,train,random,140,53,2019-08-06,2019-03-25,inner_train,True,87.0,False,0.6360769540299,True
inner_2021,123,train,random,141,77,2019-08-07,2019-05-02,inner_train,True,64.0,False,0.7970411040556611,True
inner_2021,123,train,random,142,115,2019-08-08,2019-06-28,inner_train,True,27.0,False,0.1541506798272585,True
inner_2021,123,train,random,143,60,2019-08-09,2019-04-03,inner_train,True,83.0,False,0.2933478099874587,True
inner_2021,123,train,random,144,131,2019-08-13,2019-07-23,inner_train,True,13.0,False,0.29202047405037934,True
inner_2021,123,train,random,145,55,2019-08-14,2019-03-27,inner_train,True,90.0,False,0.6889448145888668,True
inner_2021,123,train,random,146,61,2019-08-15,2019-04-04,inner_train,True,85.0,False,1.1366791685919444,True
inner_2021,123,train,random,147,3,2019-08-16,2019-01-11,inner_train,True,144.0,False,1.6491684023890119,True
inner_2021,123,train,random,148,76,2019-08-19,2019-04-30,inner_train,True,72.0,False,0.7370112263933222,True
inner_2021,123,train,random,149,68,2019-08-20,2019-04-18,inner_train,True,81.0,False,1.5938051923736611,True
inner_2021,123,train,random,150,60,2019-08-21,2019-04-03,inner_train,True,90.0,False,0.5326202835934106,True
inner_2021,123,train,random,151,91,2019-08-22,2019-05-24,inner_train,True,60.0,True,0.06535518104412708,True
inner_2021,123,train,random,152,81,2019-08-23,2019-05-09,inner_train,True,71.0,True,0.141163484300447,True
inner_2021,123,train,random,153,140,2019-08-26,2019-08-06,inner_train,True,13.0,True,0.5918910078101054,True
inner_2021,123,train,random,154,60,2019-08-27,2019-04-03,inner_train,True,94.0,False,1.1188996766623602,True
inner_2021,123,train,random,155,65,2019-08-28,2019-04-11,inner_train,True,90.0,False,0.6466159074993518,True
inner_2021,123,train,random,156,123,2019-08-29,2019-07-10,inner_train,True,33.0,False,0.6411620568168876,True
inner_2021,123,train,random,157,74,2019-08-30,2019-04-26,inner_train,True,83.0,False,1.319143800856562,True
inner_2021,123,train,random,158,38,2019-09-02,2019-03-04,inner_train,True,120.0,False,0.6669038750547127,True
inner_2021,123,train,random,159,80,2019-09-03,2019-05-08,inner_train,True,79.0,True,0.3713594956216535,True
inner_2021,123,train,random,160,79,2019-09-04,2019-05-07,inner_train,True,81.0,False,0.46222412104415156,True
inner_2021,123,train,random,161,64,2019-09-05,2019-04-10,inner_train,True,97.0,True,0.6931471805599454,True
inner_2021,123,train,random,162,83,2019-09-06,2019-05-13,inner_train,True,79.0,False,1.0293850696426867,True
inner_2021,123,train,random,163,92,2019-09-09,2019-05-27,inner_train,True,71.0,False,0.10178269430994202,True
inner_2021,123,train,random,164,155,2019-09-10,2019-08-28,inner_train,True,9.0,False,1.0795942141552421,True
inner_2021,123,train,random,165,11,2019-09-11,2019-01-23,inner_train,True,154.0,False,0.6070894171566477,True
inner_2021,123,train,random,166,147,2019-09-12,2019-08-16,inner_train,True,19.0,False,1.5056257371739474,True
inner_2021,123,train,random,167,79,2019-09-13,2019-05-07,inner_train,True,88.0,False,0.6163748008714096,True
inner_2021,123,train,random,168,62,2019-09-16,2019-04-05,inner_train,True,106.0,True,0.279960026357871,True
inner_2021,123,train,random,169,100,2019-09-17,2019-06-07,inner_train,True,69.0,False,0.43411070618512904,True
inner_2021,123,train,random,170,19,2019-09-18,2019-02-04,inner_train,True,151.0,False,1.0201764763808763,True
inner_2021,123,train,random,171,124,2019-09-19,2019-07-11,inner_train,True,47.0,False,1.71948569144778,True
inner_2021,123,train,random,172,15,2019-09-20,2019-01-29,inner_train,True,157.0,False,1.9350541923122728,True
inner_2021,123,train,random,173,72,2019-09-23,2019-04-24,inner_train,True,101.0,False,0.5900436028878651,True
inner_2021,123,train,random,174,34,2019-09-24,2019-02-26,inner_train,True,140.0,False,0.6683662831524892,True
inner_2021,123,train,random,175,51,2019-09-25,2019-03-21,inner_train,True,124.0,False,0.7964152725882467,True
inner_2021,123,train,random,176,80,2019-09-26,2019-05-08,inner_train,True,96.0,False,0.32067760156805214,True
inner_2021,123,train,random,177,1,2019-09-27,2019-01-09,inner_train,True,176.0,True,1.8091786549534783,True
inner_2021,123,train,random,178,154,2019-09-30,2019-08-27,inner_train,True,24.0,False,1.260869937932747,True
inner_2021,123,train,random,179,132,2019-10-01,2019-07-24,inner_train,True,47.0,False,0.13593929169306218,True
inner_2021,123,train,random,180,168,2019-10-02,2019-09-16,inner_train,True,12.0,False,1.1583315233697324,True
inner_2021,123,train,random,181,13,2019-10-03,2019-01-25,inner_train,True,168.0,False,0.018692133012152556,True
inner_2021,123,train,random,182,31,2019-10-04,2019-02-21,inner_train,True,151.0,False,0.09393181983420362,True
inner_2021,123,train,random,183,87,2019-10-07,2019-05-17,inner_train,True,96.0,True,2.340842083349533,True
inner_2021,123,train,random,184,153,2019-10-08,2019-08-26,inner_train,True,31.0,True,0.42531780798428986,True
inner_2021,123,train,random,185,55,2019-10-09,2019-03-27,inner_train,True,130.0,False,0.5043947334357002,True
inner_2021,123,train,random,186,54,2019-10-10,2019-03-26,inner_train,True,132.0,False,0.05715841383994835,True
inner_2021,123,train,random,187,153,2019-10-11,2019-08-26,inner_train,True,34.0,True,0.5694181519580463,True
inner_2021,123,train,random,188,0,2019-10-15,2019-01-08,inner_train,True,188.0,True,2.4199881233292526,True
inner_2021,123,train,random,189,175,2019-10-16,2019-09-25,inner_train,True,14.0,False,0.5896208592755663,True
inner_2021,123,train,random,190,35,2019-10-17,2019-02-27,inner_train,True,155.0,False,0.7298758746679481,True
inner_2021,123,train,random,191,59,2019-10-18,2019-04-02,inner_train,True,132.0,False,0.7053596385894494,True
inner_2021,123,train,random,192,60,2019-10-21,2019-04-03,inner_train,True,132.0,False,0.37315380325581815,True
inner_2021,123,train,random,193,169,2019-10-22,2019-09-17,inner_train,True,24.0,True,0.09880058474409381,True
inner_2021,123,train,random,194,156,2019-10-24,2019-08-29,inner_train,True,38.0,False,0.7975910516772586,True
inner_2021,123,train,random,195,64,2019-10-25,2019-04-10,inner_train,True,131.0,False,0.1310282624064043,True
inner_2021,123,train,random,196,65,2019-10-28,2019-04-11,inner_train,True,131.0,False,0.07956182283618585,True
inner_2021,123,train,random,197,156,2019-10-29,2019-08-29,inner_train,True,41.0,True,0.9095089678812442,True
inner_2021,123,train,random,198,54,2019-10-30,2019-03-26,inner_train,True,144.0,False,0.29469070260625774,True
inner_2021,123,train,random,199,155,2019-10-31,2019-08-28,inner_train,True,44.0,False,1.2351362953479281,True
inner_2021,123,train,random,200,159,2019-11-01,2019-09-03,inner_train,True,41.0,True,0.6179006451499012,True
inner_2021,123,train,random,201,129,2019-11-04,2019-07-19,inner_train,True,72.0,True,0.6509493886969793,True
inner_2021,123,train,random,202,147,2019-11-05,2019-08-16,inner_train,True,55.0,False,0.6252470063224913,True
inner_2021,123,train,random,203,45,2019-11-06,2019-03-13,inner_train,True,158.0,True,0.7257724078760219,True
inner_2021,123,train,random,204,112,2019-11-07,2019-06-25,inner_train,True,92.0,True,0.3822540814098607,True
inner_2021,123,train,random,205,27,2019-11-08,2019-02-14,inner_train,True,178.0,True,0.429214288319828,True
inner_2021,123,train,random,206,11,2019-11-11,2019-01-23,inner_train,True,195.0,False,1.2286654169163072,True
inner_2021,123,train,random,207,86,2019-11-12,2019-05-16,inner_train,True,121.0,False,1.5485291593471087,True
inner_2021,123,train,random,208,60,2019-11-13,2019-04-03,inner_train,True,148.0,False,0.9077800422062459,True
inner_2021,123,train,random,209,31,2019-11-14,2019-02-21,inner_train,True,178.0,True,1.6469692321603606,True
inner_2021,123,train,random,210,108,2019-11-15,2019-06-19,inner_train,True,102.0,False,1.8321079788909795,True
inner_2021,123,train,random,211,180,2019-11-18,2019-10-02,inner_train,True,31.0,False,1.2017965249033402,True
inner_2021,123,train,random,212,51,2019-11-19,2019-03-21,inner_train,True,161.0,True,1.9694855408514718,True
inner_2021,123,train,random,213,37,2019-11-20,2019-03-01,inner_train,True,176.0,True,1.0707774896746658,True
inner_2021,123,train,random,214,182,2019-11-21,2019-10-04,inner_train,True,32.0,False,1.2223219429941325,True
inner_2021,123,train,random,215,6,2019-11-22,2019-01-16,inner_train,True,209.0,True,0.6023550807304088,True
inner_2021,123,train,random,216,124,2019-11-25,2019-07-11,inner_train,True,92.0,False,0.70758786471474,True
inner_2021,123,train,random,217,119,2019-11-26,2019-07-04,inner_train,True,98.0,False,0.8157495026522779,True
inner_2021,123,train,random,218,99,2019-11-27,2019-06-06,inner_train,True,119.0,False,0.18335124626197086,True
inner_2021,123,train,random,219,92,2019-11-28,2019-05-27,inner_train,True,127.0,False,0.45339357468011565,True
inner_2021,123,train,random,220,5,2019-11-29,2019-01-15,inner_train,True,215.0,True,0.5833211258041446,True
inner_2021,123,train,random,221,186,2019-12-02,2019-10-10,inner_train,True,35.0,True,0.1560042484765809,True
inner_2021,123,train,random,222,14,2019-12-03,2019-01-28,inner_train,True,208.0,False,1.0090001299784221,True
inner_2021,123,train,random,223,35,2019-12-04,2019-02-27,inner_train,True,188.0,False,0.770108221696074,True
inner_2021,123,train,random,224,193,2019-12-06,2019-10-22,inner_train,True,31.0,False,0.3066645233640708,True
inner_2021,123,train,random,225,79,2019-12-09,2019-05-07,inner_train,True,146.0,False,0.9656646827126814,True
inner_2021,123,train,random,226,101,2019-12-11,2019-06-10,inner_train,True,125.0,False,0.211714855490587,True
inner_2021,123,train,random,227,142,2019-12-12,2019-08-08,inner_train,True,85.0,True,0.3269027856050628,True
inner_2021,123,train,random,228,126,2019-12-13,2019-07-15,inner_train,True,102.0,False,0.3045458785037858,True
inner_2021,123,train,random,229,209,2019-12-16,2019-11-14,inner_train,True,20.0,False,2.116346098615287,True
inner_2021,123,train,random,230,211,2019-12-17,2019-11-18,inner_train,True,19.0,False,2.1036985193253956,True
inner_2021,123,train,random,231,59,2019-12-18,2019-04-02,inner_train,True,172.0,False,0.27931382278126415,True
inner_2021,123,train,random,232,174,2019-12-19,2019-09-24,inner_train,True,58.0,False,0.6769867833350331,True
inner_2021,123,train,random,233,157,2019-12-20,2019-08-30,inner_train,True,76.0,True,1.641475008721517,True
inner_2021,123,train,random,234,57,2019-12-23,2019-03-29,inner_train,True,177.0,True,0.13660831812900165,True
inner_2021,123,train,random,235,34,2019-12-24,2019-02-26,inner_train,True,201.0,False,0.4353580320962287,True
inner_2021,123,train,random,236,189,2019-12-25,2019-10-16,inner_train,True,47.0,True,0.057943035300366486,True
inner_2021,123,train,random,237,172,2019-12-26,2019-09-20,inner_train,True,65.0,False,1.571182981502945,True
inner_2021,123,train,random,238,87,2019-12-27,2019-05-17,inner_train,True,151.0,False,1.8318069703573308,True
inner_2021,123,train,random,239,68,2019-12-30,2019-04-18,inner_train,True,171.0,False,0.6949082611442434,True
inner_2021,123,train,random,240,162,2020-01-02,2019-09-06,inner_train,True,78.0,False,0.14003535317658855,False
inner_2021,123,train,random,241,57,2020-01-03,2019-03-29,inner_train,True,184.0,True,0.3776303091147204,False
inner_2021,123,train,random,242,110,2020-01-06,2019-06-21,inner_train,True,132.0,False,0.2276787064796011,False
inner_2021,123,train,random,243,54,2020-01-07,2019-03-26,inner_train,True,189.0,True,0.26503449302336923,False
inner_2021,123,train,random,244,148,2020-01-08,2019-08-19,inner_train,True,96.0,False,1.5983299350224636,False
inner_2021,123,train,random,245,89,2020-01-09,2019-05-22,inner_train,True,156.0,False,2.1647152987709255,False
inner_2021,123,train,random,246,161,2020-01-10,2019-09-05,inner_train,True,85.0,False,0.5533852381847866,False
inner_2021,123,train,random,247,79,2020-01-13,2019-05-07,inner_train,True,168.0,True,1.031318652934118,False
inner_2021,123,train,random,248,152,2020-01-14,2019-08-23,inner_train,True,96.0,False,0.6269970555280326,False
inner_2021,123,train,random,249,150,2020-01-15,2019-08-21,inner_train,True,99.0,False,1.276837768240061,False
inner_2021,123,train,random,250,110,2020-01-16,2019-06-21,inner_train,True,140.0,False,0.41000026327355554,False
inner_2021,123,train,random,251,134,2020-01-17,2019-07-26,inner_train,True,117.0,True,1.0403759400466277,False
inner_2021,123,train,random,252,44,2020-01-20,2019-03-12,inner_train,True,208.0,False,0.7421211851564049,False
inner_2021,123,train,random,253,186,2020-01-21,2019-10-10,inner_train,True,67.0,False,0.3044065153929756,False
inner_2021,123,train,random,254,179,2020-01-22,2019-10-01,inner_train,True,75.0,False,1.245215762859985,False
inner_2021,123,train,random,255,74,2020-01-23,2019-04-26,inner_train,True,181.0,False,0.3273967347383455,False
inner_2021,123,train,random,256,106,2020-01-24,2019-06-17,inner_train,True,150.0,False,0.18139605927301217,False
inner_2021,123,train,random,257,243,2020-01-27,2020-01-07,inner_train,True,14.0,False,0.36987416300546183,True
inner_2021,123,train,random,258,32,2020-01-28,2019-02-22,inner_train,True,226.0,False,0.28501895503229724,False
inner_2021,123,train,random,259,138,2020-01-29,2019-08-02,inner_train,True,121.0,True,0.5308663746494364,False
inner_2021,123,train,random,260,136,2020-01-30,2019-07-31,inner_train,True,124.0,True,0.3293547688523488,False
inner_2021,123,train,random,261,174,2020-01-31,2019-09-24,inner_train,True,87.0,True,0.5278333715098844,False
inner_2021,123,train,random,262,114,2020-02-03,2019-06-27,inner_train,True,148.0,False,0.17319887479795248,False
inner_2021,123,train,random,263,178,2020-02-04,2019-09-30,inner_train,True,85.0,False,0.29259608725421016,False
inner_2021,123,train,random,264,28,2020-02-05,2019-02-15,inner_train,True,236.0,False,0.24084312841361077,False
inner_2021,123,train,random,265,39,2020-02-06,2019-03-05,inner_train,True,226.0,True,0.4361020775700539,False
inner_2021,123,train,random,266,139,2020-02-07,2019-08-05,inner_train,True,127.0,True,0.47921256833104486,False
inner_2021,123,train,random,267,38,2020-02-11,2019-03-04,inner_train,True,229.0,True,0.5012561727498395,False
inner_2021,123,train,random,268,5,2020-02-12,2019-01-15,inner_train,True,263.0,False,0.36987416300546183,False
inner_2021,123,train,random,269,122,2020-02-13,2019-07-09,inner_train,True,147.0,False,0.44183275227903973,False
inner_2021,123,train,random,270,186,2020-02-14,2019-10-10,inner_train,True,84.0,True,0.5007752879124898,False
inner_2021,123,train,random,271,139,2020-02-17,2019-08-05,inner_train,True,132.0,True,0.6162836956406639,False
inner_2021,123,train,random,272,234,2020-02-18,2019-12-23,inner_train,True,38.0,False,0.5838635771457699,False
inner_2021,123,train,random,273,73,2020-02-19,2019-04-25,inner_train,True,200.0,False,0.6891345055320959,False
inner_2021,123,train,random,274,121,2020-02-20,2019-07-08,inner_train,True,153.0,False,0.7254224004346281,False
inner_2021,123,train,random,275,48,2020-02-21,2019-03-18,inner_train,True,227.0,False,0.6559333741372004,False
inner_2021,123,train,random,276,69,2020-02-24,2019-04-19,inner_train,True,207.0,False,0.8480247225269606,False
inner_2021,123,train,random,277,137,2020-02-25,2019-08-01,inner_train,True,140.0,True,0.31666960932503274,False
inner_2021,123,train,random,278,165,2020-02-26,2019-09-11,inner_train,True,113.0,False,0.436520898045476,False
inner_2021,123,train,random,279,181,2020-02-27,2019-10-03,inner_train,True,98.0,True,0.201013689806107,False
inner_2021,123,train,random,280,72,2020-02-28,2019-04-24,inner_train,True,208.0,False,0.8581088415935865,False
inner_2021,123,train,random,281,63,2020-03-02,2019-04-09,inner_train,True,218.0,False,0.5780231160337395,False
inner_2021,123,train,random,282,113,2020-03-03,2019-06-26,inner_train,True,169.0,False,0.7899609215721997,False
inner_2021,123,train,random,283,60,2020-03-04,2019-04-03,inner_train,True,223.0,False,1.5119422647719674,False
inner_2021,123,train,random,284,63,2020-03-05,2019-04-09,inner_train,True,221.0,False,1.161682281382002,False
inner_2021,123,train,random,285,268,2020-03-06,2020-02-12,inner_train,True,17.0,True,1.286164894879617,True
inner_2021,123,train,random,286,95,2020-03-09,2019-05-30,inner_train,True,191.0,True,0.5030454364470285,False
inner_2021,123,train,random,287,205,2020-03-10,2019-11-08,inner_train,True,82.0,False,0.8472978603872039,False
inner_2021,123,train,random,288,90,2020-03-11,2019-05-23,inner_train,True,198.0,True,1.6025768220541559,False
inner_2021,123,train,random,289,9,2020-03-12,2019-01-21,inner_train,True,280.0,False,0.2141621626496133,False
inner_2021,123,train,random,290,14,2020-03-13,2019-01-28,inner_train,True,276.0,False,0.329583142230379,False
inner_2021,123,train,random,291,281,2020-03-16,2020-03-02,inner_train,True,10.0,True,1.1402552585463925,True
inner_2021,123,train,random,292,105,2020-03-17,2019-06-14,inner_train,True,187.0,False,0.2750806455737771,False
inner_2021,123,train,random,293,2,2020-03-18,2019-01-10,inner_train,True,291.0,False,0.46124444915585405,False
inner_2021,123,train,random,294,109,2020-03-19,2019-06-20,inner_train,True,185.0,False,0.26324515548273686,False
inner_2021,123,train,random,295,77,2020-03-20,2019-05-02,inner_train,True,218.0,False,0.931558204004943,False
inner_2021,123,train,random,296,196,2020-03-23,2019-10-28,inner_train,True,100.0,True,0.1705336010419125,False
inner_2021,123,train,random,297,268,2020-03-24,2020-02-12,inner_train,True,29.0,True,1.3950280410886458,True
inner_2021,123,train,random,298,262,2020-03-25,2020-02-03,inner_train,True,36.0,True,1.1786549963416464,True
inner_2021,123,train,random,299,23,2020-03-26,2019-02-08,inner_train,True,276.0,False,2.4149030205422646,False
inner_2021,123,train,random,300,1,2020-03-27,2019-01-09,inner_train,True,299.0,False,0.9444616088408515,False
inner_2021,123,train,random,301,253,2020-03-30,2020-01-21,inner_train,True,48.0,False,1.6858238307562563,True
inner_2021,123,train,random,302,53,2020-03-31,2019-03-25,inner_train,True,249.0,False,0.7802972364012377,False
inner_2021,123,train,random,303,43,2020-04-01,2019-03-11,inner_train,True,260.0,True,1.2046996664656926,False
inner_2021,123,train,random,304,283,2020-04-02,2020-03-04,inner_train,True,21.0,True,0.8623252726691568,True
inner_2021,123,train,random,305,53,2020-04-03,2019-03-25,inner_train,True,252.0,False,0.7847705943941001,False
inner_2021,123,train,random,306,259,2020-04-07,2020-01-29,inner_train,True,47.0,False,0.4213041721379098,True
inner_2021,123,train,random,307,237,2020-04-08,2019-12-26,inner_train,True,70.0,True,0.2978344439157987,False
inner_2021,123,train,random,308,60,2020-04-09,2019-04-03,inner_train,True,248.0,False,0.23532396987108095,False
inner_2021,123,train,random,309,273,2020-04-10,2020-02-19,inner_train,True,36.0,False,0.9189322112989791,True
inner_2021,123,train,random,310,191,2020-04-13,2019-10-18,inner_train,True,119.0,False,0.361671890177528,False
inner_2021,123,train,random,311,141,2020-04-14,2019-08-07,inner_train,True,170.0,False,0.0,False
inner_2021,123,train,random,312,150,2020-04-15,2019-08-21,inner_train,True,162.0,False,0.7815163310100353,False
inner_2021,123,train,random,313,11,2020-04-16,2019-01-23,inner_train,True,302.0,True,0.747668019438362,False
inner_2021,123,train,random,314,269,2020-04-17,2020-02-13,inner_train,True,45.0,False,0.2552467966986276,True
inner_2021,123,train,random,315,98,2020-04-20,2019-06-05,inner_train,True,217.0,False,0.5881172980676372,False
inner_2021,123,train,random,316,86,2020-04-21,2019-05-16,inner_train,True,230.0,False,2.529358412358835,False
inner_2021,123,train,random,317,4,2020-04-22,2019-01-14,inner_train,True,313.0,False,0.31164026092003105,False
inner_2021,123,train,random,318,82,2020-04-23,2019-05-10,inner_train,True,236.0,False,2.2048315507954075,False
inner_2021,123,train,random,319,109,2020-04-24,2019-06-20,inner_train,True,210.0,True,1.0716100954155614,False
inner_2021,123,train,random,320,14,2020-04-27,2019-01-28,inner_train,True,306.0,True,1.3935359042808404,False
inner_2021,123,train,random,321,209,2020-04-28,2019-11-14,inner_train,True,112.0,False,2.43688192726104,False
inner_2021,123,train,random,322,45,2020-04-29,2019-03-13,inner_train,True,277.0,False,0.9959834321062973,False
inner_2021,123,train,random,323,84,2020-04-30,2019-05-14,inner_train,True,239.0,False,1.5604057835096872,False
inner_2021,123,train,random,324,153,2020-05-05,2019-08-26,inner_train,True,171.0,False,0.8413518674416882,False
inner_2021,123,train,random,325,209,2020-05-07,2019-11-14,inner_train,True,116.0,True,1.4825711915553108,False
inner_2021,123,train,random,326,59,2020-05-08,2019-04-02,inner_train,True,267.0,False,0.46163537957521905,False
inner_2021,123,train,random,327,299,2020-05-11,2020-03-26,inner_train,True,28.0,False,2.8567357728213043,True
inner_2021,123,train,random,328,167,2020-05-12,2019-09-13,inner_train,True,161.0,False,0.4879238594793063,False
inner_2021,123,train,random,329,151,2020-05-13,2019-08-22,inner_train,True,178.0,False,0.25378052077609947,False
inner_2021,123,train,random,330,243,2020-05-14,2020-01-07,inner_train,True,87.0,True,1.3212895308108945,True
inner_2021,123,train,random,331,67,2020-05-15,2019-04-17,inner_train,True,264.0,False,1.5139586362081778,False
inner_2021,123,train,random,332,92,2020-05-18,2019-05-27,inner_train,True,240.0,False,0.9634375102998569,False
inner_2021,123,train,random,333,303,2020-05-19,2020-04-01,inner_train,True,30.0,False,2.4858263945592745,True
inner_2021,123,train,random,334,232,2020-05-20,2019-12-19,inner_train,True,102.0,False,0.9165487630973645,False
inner_2021,123,train,random,335,313,2020-05-21,2020-04-16,inner_train,True,22.0,False,0.8056251639866359,True
inner_2021,123,train,random,336,208,2020-05-22,2019-11-13,inner_train,True,128.0,True,0.3739167503732377,False
inner_2021,123,train,random,337,44,2020-05-25,2019-03-12,inner_train,True,293.0,False,0.33436918642443425,False
inner_2021,123,train,random,338,252,2020-05-26,2020-01-20,inner_train,True,86.0,True,0.6604431541421376,True
inner_2021,123,train,random,339,301,2020-05-27,2020-03-30,inner_train,True,38.0,False,2.5542995326191855,True
inner_2021,123,train,random,340,41,2020-05-28,2019-03-07,inner_train,True,299.0,False,0.2090198900730722,False
inner_2021,123,train,random,341,98,2020-05-29,2019-06-05,inner_train,True,243.0,False,0.3874466026054866,False
inner_2021,123,train,random,342,264,2020-06-01,2020-02-05,inner_train,True,78.0,False,0.16492981408208562,True
inner_2021,123,train,random,343,43,2020-06-02,2019-03-11,inner_train,True,300.0,False,0.0984400728132524,False
inner_2021,123,train,random,344,330,2020-06-04,2020-05-14,inner_train,True,14.0,False,1.1601701816675427,True
inner_2021,123,train,random,345,40,2020-06-05,2019-03-06,inner_train,True,305.0,False,0.5297228639473581,False
inner_2021,123,train,random,346,8,2020-06-08,2019-01-18,inner_train,True,338.0,False,0.12289813632315383,False
inner_2021,123,train,random,347,260,2020-06-09,2020-01-30,inner_train,True,87.0,False,0.468644009729696,True
inner_2021,123,train,random,348,1,2020-06-10,2019-01-09,inner_train,True,347.0,False,0.9908683314395268,False
inner_2021,123,train,random,349,30,2020-06-11,2019-02-20,inner_train,True,319.0,False,0.11107722678919263,False
inner_2021,123,train,random,350,233,2020-06-12,2019-12-20,inner_train,True,117.0,False,0.407014295094994,False
inner_2021,123,train,random,351,264,2020-06-15,2020-02-05,inner_train,True,87.0,False,0.23638877806423064,True
inner_2021,123,train,random,352,308,2020-06-16,2020-04-09,inner_train,True,44.0,False,0.06745381770104819,True
inner_2021,123,train,random,353,83,2020-06-17,2019-05-13,inner_train,True,270.0,False,1.256774911838348,False
inner_2021,123,train,random,354,284,2020-06-18,2020-03-05,inner_train,True,70.0,False,1.685879642113882,True
inner_2021,123,train,random,355,146,2020-06-19,2019-08-15,inner_train,True,209.0,False,0.9183088960303922,False
inner_2021,123,train,random,356,272,2020-06-22,2020-02-18,inner_train,True,84.0,False,0.629335521562131,True
inner_2021,123,train,random,357,50,2020-06-23,2019-03-20,inner_train,True,307.0,True,0.16907633004393396,False
inner_2021,123,train,random,358,257,2020-06-24,2020-01-27,inner_train,True,101.0,False,0.4581770939909786,True
inner_2021,123,train,random,359,231,2020-06-25,2019-12-18,inner_train,True,128.0,False,0.26057375369370295,False
inner_2021,123,train,random,360,145,2020-06-26,2019-08-14,inner_train,True,215.0,False,1.1412986698995233,False
inner_2021,123,train,random,361,163,2020-06-29,2019-09-09,inner_train,True,198.0,False,0.457557683185684,False
inner_2021,123,train,random,362,62,2020-06-30,2019-04-05,inner_train,True,300.0,True,0.31121256986197476,False
inner_2021,123,train,random,363,141,2020-07-01,2019-08-07,inner_train,True,222.0,False,0.31093893461604827,False
inner_2021,123,train,random,364,219,2020-07-02,2019-11-28,inner_train,True,145.0,False,0.27077160030346414,False
inner_2021,123,train,random,365,290,2020-07-03,2020-03-13,inner_train,True,75.0,False,0.33004134629092263,True
inner_2021,123,train,random,366,216,2020-07-07,2019-11-25,inner_train,True,150.0,True,1.1653036631667817,False
inner_2021,123,train,random,367,166,2020-07-08,2019-09-12,inner_train,True,201.0,False,0.5471156251711915,False
inner_2021,123,train,random,368,261,2020-07-09,2020-01-31,inner_train,True,107.0,False,0.3777375918226382,True
inner_2021,123,train,random,369,252,2020-07-10,2020-01-20,inner_train,True,117.0,True,0.17552916623378945,True
inner_2021,123,train,random,370,345,2020-07-13,2020-06-05,inner_train,True,25.0,False,0.24686007793152642,True
inner_2021,123,train,random,371,286,2020-07-14,2020-03-09,inner_train,True,85.0,False,0.8472978603872034,True
inner_2021,123,train,random,372,26,2020-07-15,2019-02-13,inner_train,True,346.0,False,0.3398678256223513,False
inner_2021,123,train,random,373,226,2020-07-16,2019-12-11,inner_train,True,147.0,False,0.42563077770275903,False
inner_2021,123,train,random,374,263,2020-07-17,2020-02-04,inner_train,True,111.0,False,0.36781950849179834,True
inner_2021,123,train,random,375,356,2020-07-20,2020-06-22,inner_train,True,19.0,True,0.5086493443433953,True
inner_2021,123,train,random,376,282,2020-07-21,2020-03-03,inner_train,True,94.0,False,0.6823629109741809,True
inner_2021,123,train,random,377,205,2020-07-22,2019-11-08,inner_train,True,172.0,False,0.4782003964499144,False
inner_2021,123,train,random,378,16,2020-07-23,2019-01-30,inner_train,True,362.0,False,0.4021373180154897,False
inner_2021,123,train,random,379,82,2020-07-24,2019-05-10,inner_train,True,297.0,False,1.047968555849354,False
inner_2021,123,train,random,380,286,2020-07-29,2020-03-09,inner_train,True,94.0,False,0.24995480876486642,True
inner_2021,123,train,random,381,204,2020-07-30,2019-11-07,inner_train,True,177.0,False,1.37615541598894,False
inner_2021,123,train,random,382,259,2020-07-31,2020-01-29,inner_train,True,123.0,True,0.9655617808809378,True
inner_2021,123,train,random,383,92,2020-08-03,2019-05-27,inner_train,True,291.0,True,0.7846468954255372,False
inner_2021,123,train,random,384,301,2020-08-04,2020-03-30,inner_train,True,83.0,True,1.3686758669614458,True
inner_2021,123,train,random,385,31,2020-08-05,2019-02-21,inner_train,True,354.0,False,0.5806025015651506,False
inner_2021,123,train,random,386,371,2020-08-06,2020-07-14,inner_train,True,15.0,False,0.36464311358790935,True
inner_2021,123,train,random,387,289,2020-08-07,2020-03-12,inner_train,True,98.0,True,0.3664089904617973,True
inner_2021,123,train,random,388,262,2020-08-10,2020-02-03,inner_train,True,126.0,True,0.3963424261121622,True
inner_2021,123,train,random,389,101,2020-08-11,2019-06-10,inner_train,True,288.0,False,0.3551063161661059,False
inner_2021,123,train,random,390,308,2020-08-13,2020-04-09,inner_train,True,82.0,True,0.40788980387783313,True
inner_2021,123,train,random,391,121,2020-08-14,2019-07-08,inner_train,True,270.0,False,0.6565895848261478,False
inner_2021,123,train,random,392,328,2020-08-17,2020-05-12,inner_train,True,64.0,True,0.2727832610278984,True
inner_2021,123,train,random,393,384,2020-08-18,2020-08-04,inner_train,True,9.0,False,1.2158635508474576,True
inner_2021,123,train,random,394,334,2020-08-19,2020-05-20,inner_train,True,60.0,False,0.5438734778121912,True
inner_2021,123,train,random,395,156,2020-08-20,2019-08-29,inner_train,True,239.0,True,1.2192399075920464,False
inner_2021,123,train,random,396,354,2020-08-21,2020-06-18,inner_train,True,42.0,False,0.4322997916203155,True
inner_2021,123,train,random,397,173,2020-08-24,2019-09-23,inner_train,True,224.0,True,0.9281171208760512,False
inner_2021,123,train,random,398,323,2020-08-25,2020-04-30,inner_train,True,75.0,False,0.15370275148830226,True
inner_2021,123,train,random,399,363,2020-08-26,2020-07-01,inner_train,True,36.0,True,0.1764218346667663,True
inner_2021,123,train,random,400,152,2020-08-27,2019-08-23,inner_train,True,248.0,False,0.9227632463797724,False
inner_2021,123,train,random,401,313,2020-08-28,2020-04-16,inner_train,True,88.0,True,0.9162907318741551,True
inner_2021,123,train,random,402,391,2020-08-31,2020-08-14,inner_train,True,11.0,False,0.777454287019939,True
inner_2021,123,train,random,403,342,2020-09-01,2020-06-01,inner_train,True,61.0,False,0.16843244463328766,True
inner_2021,123,train,random,404,81,2020-09-02,2019-05-09,inner_train,True,323.0,True,0.14677057252963577,False
inner_2021,123,train,random,405,187,2020-09-03,2019-10-11,inner_train,True,218.0,True,0.2550951511208126,False
inner_2021,123,train,random,406,178,2020-09-08,2019-09-30,inner_train,True,228.0,False,0.15906469462968742,False
inner_2021,123,train,random,407,85,2020-09-09,2019-05-15,inner_train,True,322.0,True,1.9318055428737715,False
inner_2021,123,train,random,408,88,2020-09-10,2019-05-21,inner_train,True,320.0,True,2.2693550578517128,False
inner_2021,123,train,random,409,26,2020-09-11,2019-02-13,inner_train,True,383.0,False,0.32277339226305113,False
inner_2021,123,train,random,410,281,2020-09-14,2020-03-02,inner_train,True,129.0,True,0.7182212000164516,True
inner_2021,123,train,random,411,32,2020-09-15,2019-02-22,inner_train,True,379.0,False,0.3316611335248032,False
inner_2021,123,train,random,412,51,2020-09-16,2019-03-21,inner_train,True,361.0,False,0.436906633942983,False
inner_2021,123,train,random,413,56,2020-09-17,2019-03-28,inner_train,True,357.0,False,0.6245600708963739,False
inner_2021,123,train,random,414,213,2020-09-18,2019-11-20,inner_train,True,201.0,False,1.691017899426523,False
inner_2021,123,train,random,415,110,2020-09-21,2019-06-21,inner_train,True,305.0,False,0.1476359988060647,False
inner_2021,123,train,random,416,187,2020-09-22,2019-10-11,inner_train,True,229.0,True,0.2047944126460135,False
inner_2021,123,train,random,417,321,2020-09-23,2020-04-28,inner_train,True,96.0,False,1.1602864833975741,True
inner_2021,123,train,random,418,149,2020-09-24,2019-08-20,inner_train,True,269.0,True,0.8988969312294177,False
inner_2021,123,train,random,419,95,2020-09-25,2019-05-30,inner_train,True,324.0,True,0.31227512807059377,False
inner_2021,123,train,random,420,32,2020-09-28,2019-02-22,inner_train,True,388.0,False,0.1338859396943599,False
inner_2021,123,train,random,421,175,2020-09-29,2019-09-25,inner_train,True,246.0,True,0.6461330695389087,False
inner_2021,123,train,random,422,341,2020-09-30,2020-05-29,inner_train,True,81.0,False,0.11344463405778571,True
inner_2021,123,train,random,423,191,2020-10-01,2019-10-18,inner_train,True,232.0,False,0.3715635564324833,False
inner_2021,123,train,random,424,112,2020-10-02,2019-06-25,inner_train,True,312.0,False,0.4061146696769602,False
inner_2021,123,train,random,425,130,2020-10-05,2019-07-22,inner_train,True,295.0,False,1.1259370033829366,False
inner_2021,123,train,random,426,7,2020-10-06,2019-01-17,inner_train,True,419.0,False,1.5678949732276592,False
inner_2021,123,train,random,427,74,2020-10-07,2019-04-26,inner_train,True,353.0,False,2.1917594692280553,False
inner_2021,123,train,random,428,43,2020-10-08,2019-03-11,inner_train,True,385.0,True,1.87330573810952,False
inner_2021,123,train,random,429,113,2020-10-09,2019-06-26,inner_train,True,316.0,False,2.1147984280919268,False
inner_2021,123,train,random,430,401,2020-10-12,2020-08-28,inner_train,True,29.0,True,0.2643865098482592,True
inner_2021,123,train,random,431,363,2020-10-14,2020-07-01,inner_train,True,68.0,False,0.2315118009847259,True
inner_2021,123,train,random,432,323,2020-10-15,2020-04-30,inner_train,True,109.0,False,0.4382549309311554,True
inner_2021,123,train,random,433,426,2020-10-16,2020-10-06,inner_train,True,7.0,True,1.2253189536684284,True
inner_2021,123,train,random,434,132,2020-10-19,2019-07-24,inner_train,True,302.0,False,0.6525180686712075,False
inner_2021,123,train,random,435,159,2020-10-20,2019-09-03,inner_train,True,276.0,False,0.6094697573900731,False
inner_2021,123,train,random,436,16,2020-10-21,2019-01-30,inner_train,True,420.0,False,0.8491514290365263,False
inner_2021,123,train,random,437,199,2020-10-22,2019-10-31,inner_train,True,238.0,False,0.969400557188103,False
inner_2021,123,train,random,438,223,2020-10-26,2019-12-04,inner_train,True,215.0,True,0.12145881139025372,False
inner_2021,123,train,random,439,145,2020-10-27,2019-08-14,inner_train,True,294.0,True,0.7317849732653592,False
inner_2021,123,train,random,440,291,2020-10-28,2020-03-16,inner_train,True,149.0,True,0.14107859825990543,True
inner_2021,123,train,random,441,159,2020-10-29,2019-09-03,inner_train,True,282.0,False,0.43557908835594716,False
inner_2021,123,train,random,442,195,2020-10-30,2019-10-25,inner_train,True,247.0,False,0.8622235106038794,False
inner_2021,123,train,random,443,301,2020-11-02,2020-03-30,inner_train,True,142.0,True,2.253536828924298,True
inner_2021,123,train,random,444,305,2020-11-03,2020-04-03,inner_train,True,139.0,True,0.309887584364271,True
inner_2021,123,train,random,445,324,2020-11-04,2020-05-05,inner_train,True,121.0,False,0.4461711538776374,True
inner_2021,123,train,random,446,305,2020-11-05,2020-04-03,inner_train,True,141.0,False,0.39376906834497305,True
inner_2021,123,train,random,447,140,2020-11-06,2019-08-06,inner_train,True,307.0,False,0.18147085491364168,False
inner_2021,123,train,random,448,101,2020-11-09,2019-06-10,inner_train,True,347.0,True,0.04445176257083405,False
inner_2021,123,train,random,449,64,2020-11-10,2019-04-10,inner_train,True,385.0,True,0.7432969642454172,False
inner_2021,123,train,random,450,144,2020-11-11,2019-08-13,inner_train,True,306.0,False,0.35271454272263547,False
inner_2021,123,train,random,451,316,2020-11-12,2020-04-21,inner_train,True,135.0,True,1.010682216161408,True
inner_2021,123,train,random,452,377,2020-11-13,2020-07-22,inner_train,True,75.0,False,1.190549783993796,True
inner_2021,123,train,random,453,197,2020-11-16,2019-10-29,inner_train,True,256.0,False,2.2102966589035726,False
inner_2021,123,train,random,454,34,2020-11-17,2019-02-26,inner_train,True,420.0,True,1.2953225829141632,False
inner_2021,123,train,random,455,413,2020-11-18,2020-09-17,inner_train,True,42.0,False,1.4495892114922038,True
inner_2021,123,train,random,456,372,2020-11-19,2020-07-15,inner_train,True,84.0,False,0.7852110362339215,True
inner_2021,123,train,random,457,185,2020-11-20,2019-10-09,inner_train,True,272.0,False,1.0474689305579221,False
inner_2021,123,train,random,458,280,2020-11-23,2020-02-28,inner_train,True,178.0,False,0.6225427702808193,True
inner_2021,123,train,random,459,12,2020-11-24,2019-01-24,inner_train,True,447.0,True,0.2104924337606513,False
inner_2021,123,train,random,460,187,2020-11-25,2019-10-11,inner_train,True,273.0,False,0.33077421550657515,False
inner_2021,123,train,random,461,331,2020-11-26,2020-05-15,inner_train,True,130.0,False,0.7263800105225964,True
inner_2021,123,train,random,462,340,2020-11-27,2020-05-28,inner_train,True,122.0,True,0.2382423467135535,True
inner_2021,123,train,random,463,452,2020-11-30,2020-11-13,inner_train,True,11.0,True,0.3344722359545469,True
inner_2021,123,train,random,464,230,2020-12-01,2019-12-17,inner_train,True,234.0,False,0.9475432753782589,False
inner_2021,123,train,random,465,214,2020-12-02,2019-11-21,inner_train,True,251.0,False,0.7441215465442181,False
inner_2021,123,train,random,466,248,2020-12-03,2020-01-14,inner_train,True,218.0,False,0.8326990609660516,True
inner_2021,123,train,random,467,441,2020-12-04,2020-10-29,inner_train,True,26.0,False,0.17386842108289624,True
inner_2021,123,train,random,468,56,2020-12-08,2019-03-28,inner_train,True,412.0,False,0.01709443335930061,False
inner_2021,123,train,random,469,75,2020-12-09,2019-04-29,inner_train,True,394.0,False,0.09634270441851411,False
inner_2021,123,train,random,470,373,2020-12-14,2020-07-16,inner_train,True,97.0,False,0.19024762206637513,True
inner_2021,123,train,random,471,99,2020-12-15,2019-06-06,inner_train,True,372.0,True,0.04981985363744812,False
inner_2021,123,train,random,472,295,2020-12-16,2020-03-20,inner_train,True,177.0,False,0.17174644171763775,True
inner_2021,123,train,random,473,160,2020-12-17,2019-09-04,inner_train,True,313.0,True,0.15257958759521717,False
inner_2021,123,train,random,474,354,2020-12-18,2020-06-18,inner_train,True,120.0,True,0.4721360788158111,True
inner_2021,123,train,random,475,191,2020-12-21,2019-10-18,inner_train,True,284.0,False,1.0967201405160716,False
inner_2021,123,train,random,476,77,2020-12-22,2019-05-02,inner_train,True,399.0,False,0.09763846956391609,False
inner_2021,123,train,random,477,425,2020-12-23,2020-10-05,inner_train,True,52.0,False,1.7579193816930512,True
inner_2021,123,train,random,478,4,2020-12-24,2019-01-14,inner_train,True,474.0,True,0.9465298619049101,False
inner_2021,123,train,random,479,461,2020-12-25,2020-11-26,inner_train,True,18.0,False,0.31785415080677826,True
inner_2021,123,train,random,480,21,2020-12-28,2019-02-06,inner_train,True,459.0,False,0.20803576832223758,False
inner_2021,123,train,random,481,243,2020-12-29,2020-01-07,inner_train,True,238.0,True,0.9260333280729736,True
inner_2021,123,train,random,482,436,2020-12-30,2020-10-21,inner_train,True,46.0,False,1.0165473356138057,True
inner_2021,123,validation,matched,0,339,2021-01-04,2020-05-27,inner_train,True,,True,0.02666824708216131,False
inner_2021,123,validation,matched,1,466,2021-01-05,2020-12-03,inner_train,True,,True,0.047006042375930424,False
inner_2021,123,validation,matched,2,467,2021-01-06,2020-12-04,inner_train,True,,True,0.07006756261671665,False
inner_2021,123,validation,matched,3,19,2021-01-07,2019-02-04,inner_train,True,,True,0.019418085857101808,False
inner_2021,123,validation,matched,4,110,2021-01-08,2019-06-21,inner_train,True,,True,0.0816780310142673,False
inner_2021,123,validation,matched,5,116,2021-01-11,2019-07-01,inner_train,True,,True,0.022989518224698635,False
inner_2021,123,validation,matched,6,122,2021-01-12,2019-07-09,inner_train,True,,True,0.025317807984289953,False
inner_2021,123,validation,matched,7,118,2021-01-13,2019-07-03,inner_train,True,,True,0.0246926125903717,False
inner_2021,123,validation,matched,8,471,2021-01-14,2020-12-15,inner_train,True,,True,0.019048194970694432,False
inner_2021,123,validation,matched,9,205,2021-01-15,2019-11-08,inner_train,True,,True,0.018018505502678472,False
inner_2021,123,validation,matched,10,99,2021-01-18,2019-06-06,inner_train,True,,True,0.029852963149681333,False
inner_2021,123,validation,matched,11,76,2021-01-19,2019-04-30,inner_train,True,,True,0.10544912493527514,False
inner_2021,123,validation,matched,12,464,2021-01-20,2020-12-01,inner_train,True,,True,0.12154243858028879,False
inner_2021,123,validation,matched,13,450,2021-01-21,2020-11-11,inner_train,True,,True,0.11387120532573514,False
inner_2021,123,validation,matched,14,463,2021-01-22,2020-11-30,inner_train,True,,True,0.10623925033651549,False
inner_2021,123,validation,matched,15,77,2021-01-25,2019-05-02,inner_train,True,,True,0.015267472130788384,False
inner_2021,123,validation,matched,16,21,2021-01-26,2019-02-06,inner_train,True,,True,0.08455738802806279,False
inner_2021,123,validation,matched,17,48,2021-01-27,2019-03-18,inner_train,True,,True,0.08004270767353638,False
inner_2021,123,validation,matched,18,351,2021-01-28,2020-06-15,inner_train,True,,True,0.03390155167568132,False
inner_2021,123,validation,matched,19,54,2021-01-29,2019-03-26,inner_train,True,,True,0.06980953139350676,False
inner_2021,123,validation,matched,20,157,2021-02-01,2019-08-30,inner_train,True,,True,0.4080658898082219,False
inner_2021,123,validation,matched,21,170,2021-02-02,2019-09-18,inner_train,True,,True,0.5230600927572273,False
inner_2021,123,validation,matched,22,1,2021-02-03,2019-01-09,inner_train,True,,True,0.24294617861038947,False
inner_2021,123,validation,matched,23,1,2021-02-04,2019-01-09,inner_train,True,,True,0.39441527192157944,False
inner_2021,123,validation,matched,24,157,2021-02-05,2019-08-30,inner_train,True,,True,0.2876820724517808,False
inner_2021,123,validation,matched,25,252,2021-02-08,2020-01-20,inner_train,True,,True,0.32571944484495097,False
inner_2021,123,validation,matched,26,430,2021-02-09,2020-10-12,inner_train,True,,True,0.2755286864015005,False
inner_2021,123,validation,matched,27,366,2021-02-10,2020-07-07,inner_train,True,,True,0.06669137449867213,False
inner_2021,123,validation,matched,28,351,2021-02-11,2020-06-15,inner_train,True,,True,0.04546237407675724,False
inner_2021,123,validation,matched,29,351,2021-02-15,2020-06-15,inner_train,True,,True,0.055262678675049415,False
inner_2021,123,validation,matched,30,307,2021-02-16,2020-04-08,inner_train,True,,True,0.020619287202735315,False
inner_2021,123,validation,matched,31,48,2021-02-17,2019-03-18,inner_train,True,,True,0.05280210751241299,False
inner_2021,123,validation,matched,32,48,2021-02-18,2019-03-18,inner_train,True,,True,0.06453852113757108,False
inner_2021,123,validation,matched,33,247,2021-02-19,2020-01-13,inner_train,True,,True,0.09639184567506565,False
inner_2021,123,validation,matched,34,361,2021-02-22,2020-06-29,inner_train,True,,True,0.07154715129204803,False
inner_2021,123,validation,matched,35,481,2021-02-23,2020-12-29,inner_train,True,,True,0.03448617607116944,False
inner_2021,123,validation,matched,36,390,2021-02-24,2020-08-13,inner_train,True,,True,0.10177039607781246,False
inner_2021,123,validation,matched,37,133,2021-02-25,2019-07-25,inner_train,True,,True,0.05129329438755015,False
inner_2021,123,validation,matched,38,390,2021-03-01,2020-08-13,inner_train,True,,True,0.07061756721395307,False
inner_2021,123,validation,matched,39,37,2021-03-02,2019-03-01,inner_train,True,,True,0.04758896282379821,False
inner_2021,123,validation,matched,40,365,2021-03-03,2020-07-03,inner_train,True,,True,0.16430305129127643,False
inner_2021,123,validation,matched,41,349,2021-03-04,2020-06-11,inner_train,True,,True,0.06899287148695166,False
inner_2021,123,validation,matched,42,311,2021-03-05,2020-04-14,inner_train,True,,True,0.05921935965997127,False
inner_2021,123,validation,matched,43,365,2021-03-08,2020-07-03,inner_train,True,,True,0.03636764417087468,False
inner_2021,123,validation,matched,44,103,2021-03-09,2019-06-12,inner_train,True,,True,0.09531017980432477,False
inner_2021,123,validation,matched,45,64,2021-03-10,2019-04-10,inner_train,True,,True,0.23934552589048996,False
inner_2021,123,validation,matched,46,66,2021-03-11,2019-04-12,inner_train,True,,True,0.0984400728132524,False
inner_2021,123,validation,matched,47,67,2021-03-12,2019-04-17,inner_train,True,,True,0.09971802825874443,False
inner_2021,123,validation,matched,48,25,2021-03-15,2019-02-12,inner_train,True,,True,0.022989518224698635,False
inner_2021,123,validation,matched,49,99,2021-03-16,2019-06-06,inner_train,True,,True,0.0,False
inner_2021,123,validation,matched,50,355,2021-03-17,2020-06-19,inner_train,True,,True,0.03571808260207909,False
inner_2021,123,validation,matched,51,159,2021-03-18,2019-09-03,inner_train,True,,True,0.019418085857101808,False
inner_2021,123,validation,matched,52,75,2021-03-19,2019-04-29,inner_train,True,,True,0.01769957709940062,False
inner_2021,123,validation,matched,53,6,2021-03-22,2019-01-16,inner_train,True,,True,0.03846628082779624,False
inner_2021,123,validation,matched,54,8,2021-03-23,2019-01-18,inner_train,True,,True,0.0246926125903717,False
inner_2021,123,validation,matched,55,62,2021-03-24,2019-04-05,inner_train,True,,True,0.08004270767353638,False
inner_2021,123,validation,matched,56,240,2021-03-25,2020-01-02,inner_train,True,,True,0.03278982282299081,False
inner_2021,123,validation,matched,57,4,2021-03-26,2019-01-14,inner_train,True,,True,0.08338160893905089,False
inner_2021,123,validation,matched,58,190,2021-03-29,2019-10-17,inner_train,True,,True,0.04445176257083361,False
inner_2021,123,validation,matched,59,165,2021-03-30,2019-09-11,inner_train,True,,True,0.04255961441879608,False
inner_2021,123,validation,matched,60,60,2021-03-31,2019-04-03,inner_train,True,,True,0.0478660920260543,False
inner_2021,123,validation,matched,61,471,2021-04-01,2020-12-15,inner_train,True,,True,0.05116678417168208,False
inner_2021,123,validation,matched,62,340,2021-04-02,2020-05-28,inner_train,True,,True,0.05005567046720083,False
inner_2021,123,validation,matched,63,358,2021-04-05,2020-06-24,inner_train,True,,True,0.05942342047080107,False
inner_2021,123,validation,matched,64,351,2021-04-07,2020-06-15,inner_train,True,,True,0.03278982282299081,False
inner_2021,123,validation,matched,65,433,2021-04-08,2020-10-16,inner_train,True,,True,0.04082199452025481,False
inner_2021,123,validation,matched,66,183,2021-04-09,2019-10-07,inner_train,True,,True,0.0,False
inner_2021,123,validation,matched,67,409,2021-04-12,2020-09-11,inner_train,True,,True,0.07696104113612856,False
inner_2021,123,validation,matched,68,135,2021-04-16,2019-07-30,inner_train,True,,True,0.0640788566845214,False
inner_2021,123,validation,matched,69,216,2021-04-19,2019-11-25,inner_train,True,,True,0.044171218313137306,False
inner_2021,123,validation,matched,70,178,2021-04-20,2019-09-30,inner_train,True,,True,0.044491723409217254,False
inner_2021,123,validation,matched,71,202,2021-04-21,2019-11-05,inner_train,True,,True,0.09531017980432477,False
inner_2021,123,validation,matched,72,57,2021-04-22,2019-03-29,inner_train,True,,True,0.05914767250269426,False
inner_2021,123,validation,matched,73,56,2021-04-23,2019-03-28,inner_train,True,,True,0.05043085362689226,False
inner_2021,123,validation,matched,74,80,2021-04-26,2019-05-08,inner_train,True,,True,0.047006042375930424,False
inner_2021,123,validation,matched,75,46,2021-04-27,2019-03-14,inner_train,True,,True,0.05325490353554363,False
inner_2021,123,validation,matched,76,246,2021-04-28,2020-01-10,inner_train,True,,True,0.13406392126052058,False
inner_2021,123,validation,matched,77,248,2021-04-29,2020-01-14,inner_train,True,,True,0.04255961441879608,False
inner_2021,123,validation,matched,78,10,2021-04-30,2019-01-22,inner_train,True,,True,0.07835331424651493,False
inner_2021,123,validation,matched,79,399,2021-05-05,2020-08-26,inner_train,True,,True,0.09038406146826894,False
inner_2021,123,validation,matched,80,379,2021-05-06,2020-07-24,inner_train,True,,True,0.1118483001365691,False
inner_2021,123,validation,matched,81,30,2021-05-07,2019-02-20,inner_train,True,,True,0.05859416426605302,False
inner_2021,123,validation,matched,82,361,2021-05-10,2020-06-29,inner_train,True,,True,0.07430472572051539,False
inner_2021,123,validation,matched,83,480,2021-05-11,2020-12-28,inner_train,True,,True,0.08879549878313098,False
inner_2021,123,validation,matched,84,329,2021-05-12,2020-05-13,inner_train,True,,True,0.17124511318655866,False
inner_2021,123,validation,matched,85,331,2021-05-13,2020-05-15,inner_train,True,,True,0.21827999133547094,False
inner_2021,123,validation,matched,86,211,2021-05-14,2019-11-18,inner_train,True,,True,0.24387253347051985,False
inner_2021,123,validation,matched,87,209,2021-05-17,2019-11-14,inner_train,True,,True,0.2556995927217578,False
inner_2021,123,validation,matched,88,213,2021-05-18,2019-11-20,inner_train,True,,True,0.6714071939235398,False
inner_2021,123,validation,matched,89,210,2021-05-19,2019-11-15,inner_train,True,,True,0.1506230773499624,False
inner_2021,123,validation,matched,90,210,2021-05-20,2019-11-15,inner_train,True,,True,0.16295083175525704,False
inner_2021,123,validation,matched,91,209,2021-05-21,2019-11-14,inner_train,True,,True,0.12169693497751943,False
inner_2021,123,validation,matched,92,214,2021-05-24,2019-11-21,inner_train,True,,True,0.1050695642446593,False
inner_2021,123,validation,matched,93,330,2021-05-25,2020-05-14,inner_train,True,,True,0.05003317240902927,False
inner_2021,123,validation,matched,94,207,2021-05-27,2019-11-12,inner_train,True,,True,0.07241257756847785,False
inner_2021,123,validation,matched,95,450,2021-05-28,2020-11-11,inner_train,True,,True,0.06168545215516508,False
inner_2021,123,validation,matched,96,467,2021-05-31,2020-12-04,inner_train,True,,True,0.054067221270275745,False
inner_2021,123,validation,matched,97,474,2021-06-01,2020-12-18,inner_train,True,,True,0.08948889212558608,False
inner_2021,123,validation,matched,98,466,2021-06-02,2020-12-03,inner_train,True,,True,0.047006042375930424,False
inner_2021,123,validation,matched,99,469,2021-06-04,2020-12-09,inner_train,True,,True,0.03704127168034921,False
inner_2021,123,validation,matched,100,99,2021-06-07,2019-06-06,inner_train,True,,True,0.058268908123976004,False
inner_2021,123,validation,matched,101,12,2021-06-08,2019-01-24,inner_train,True,,True,0.0,False
inner_2021,123,validation,matched,102,65,2021-06-09,2019-04-11,inner_train,True,,True,0.21868920096482958,False
inner_2021,123,validation,matched,103,103,2021-06-10,2019-06-12,inner_train,True,,True,0.17800189564943825,False
inner_2021,123,validation,matched,104,68,2021-06-11,2019-04-18,inner_train,True,,True,0.055569851154810834,False
inner_2021,123,validation,matched,105,117,2021-06-14,2019-07-02,inner_train,True,,True,0.0246926125903717,False
inner_2021,123,validation,matched,106,121,2021-06-15,2019-07-08,inner_train,True,,True,0.03922071315328157,False
inner_2021,123,validation,matched,107,117,2021-06-16,2019-07-02,inner_train,True,,True,0.025317807984289953,False
inner_2021,123,validation,matched,108,378,2021-06-17,2020-07-23,inner_train,True,,True,0.059357162395573315,False
inner_2021,123,validation,matched,109,379,2021-06-18,2020-07-24,inner_train,True,,True,0.08653049215227915,False
inner_2021,123,validation,matched,110,248,2021-06-21,2020-01-14,inner_train,True,,True,0.06995858860691051,False
inner_2021,123,validation,matched,111,368,2021-06-22,2020-07-09,inner_train,True,,True,0.047628048989254435,False
inner_2021,123,validation,matched,112,30,2021-06-23,2019-02-20,inner_train,True,,True,0.03509131981127034,False
inner_2021,123,validation,matched,113,46,2021-06-24,2019-03-14,inner_train,True,,True,0.09097177820572666,False
inner_2021,123,validation,matched,114,438,2021-06-25,2020-10-26,inner_train,True,,True,0.03774032798284699,False
inner_2021,123,validation,matched,115,140,2021-06-28,2019-08-06,inner_train,True,,True,0.04879016416943216,False
inner_2021,123,validation,matched,116,399,2021-06-29,2020-08-26,inner_train,True,,True,0.03774032798284699,False
inner_2021,123,validation,matched,117,424,2021-06-30,2020-10-02,inner_train,True,,True,0.07598590697792229,False
inner_2021,123,validation,matched,118,186,2021-07-01,2019-10-10,inner_train,True,,True,0.04082199452025481,False
inner_2021,123,validation,matched,119,187,2021-07-02,2019-10-11,inner_train,True,,True,0.07061756721395307,False
inner_2021,123,validation,matched,120,141,2021-07-05,2019-08-07,inner_train,True,,True,0.05978393240164204,False
inner_2021,123,validation,matched,121,51,2021-07-06,2019-03-21,inner_train,True,,True,0.05264373348542195,False
inner_2021,123,validation,matched,122,423,2021-07-07,2020-10-01,inner_train,True,,True,0.03390155167568132,False
inner_2021,123,validation,matched,123,185,2021-07-08,2019-10-09,inner_train,True,,True,0.06513930217096142,False
inner_2021,123,validation,matched,124,296,2021-07-09,2020-03-23,inner_train,True,,True,0.07333127308554976,False
inner_2021,123,validation,matched,125,437,2021-07-12,2020-10-22,inner_train,True,,True,0.14623445688077608,False
inner_2021,123,validation,matched,126,402,2021-07-13,2020-08-31,inner_train,True,,True,0.18232155679395445,False
inner_2021,123,validation,matched,127,141,2021-07-14,2019-08-07,inner_train,True,,True,0.09200918248296208,False
inner_2021,123,validation,matched,128,37,2021-07-15,2019-03-01,inner_train,True,,True,0.1476359988060647,False
inner_2021,123,validation,matched,129,391,2021-07-16,2020-08-14,inner_train,True,,True,0.1268667208787897,False
inner_2021,123,validation,matched,130,440,2021-07-19,2020-10-28,inner_train,True,,True,0.06371581438610763,False
inner_2021,123,validation,matched,131,39,2021-07-20,2019-03-05,inner_train,True,,True,0.054067221270275745,False
inner_2021,123,validation,matched,132,143,2021-07-21,2019-08-09,inner_train,True,,True,0.06062462181643502,False
inner_2021,123,validation,matched,133,141,2021-07-22,2019-08-07,inner_train,True,,True,0.06669137449867213,False
inner_2021,123,validation,matched,134,280,2021-07-23,2020-02-28,inner_train,True,,True,0.1521506791605911,False
inner_2021,123,validation,matched,135,153,2021-07-27,2019-08-26,inner_train,True,,True,0.1727521057778043,False
inner_2021,123,validation,matched,136,280,2021-07-29,2020-02-28,inner_train,True,,True,0.16151842916419135,False
inner_2021,123,validation,matched,137,281,2021-07-30,2020-03-02,inner_train,True,,True,0.28376817313064473,False
inner_2021,123,validation,matched,138,155,2021-08-02,2019-08-28,inner_train,True,,True,0.12128566620758585,False
inner_2021,123,validation,matched,139,432,2021-08-03,2020-10-15,inner_train,True,,True,0.06787742240308603,False
inner_2021,123,validation,matched,140,297,2021-08-04,2020-03-24,inner_train,True,,True,0.15942773692810208,False
inner_2021,123,validation,matched,141,196,2021-08-05,2019-10-28,inner_train,True,,True,0.05129329438755059,False
inner_2021,123,validation,matched,142,197,2021-08-06,2019-10-29,inner_train,True,,True,0.06453852113757108,False
inner_2021,123,validation,matched,143,285,2021-08-09,2020-03-06,inner_train,True,,True,0.1466034741918758,False
inner_2021,123,validation,matched,144,287,2021-08-10,2020-03-10,inner_train,True,,True,0.12136085700426724,False
inner_2021,123,validation,matched,145,141,2021-08-11,2019-08-07,inner_train,True,,True,0.08519484606323191,False
inner_2021,123,validation,matched,146,41,2021-08-13,2019-03-07,inner_train,True,,True,0.14188058723544383,False
inner_2021,123,validation,matched,147,391,2021-08-16,2020-08-14,inner_train,True,,True,0.09337407077745885,False
inner_2021,123,validation,matched,148,392,2021-08-17,2020-08-17,inner_train,True,,True,0.14924068632970267,False
inner_2021,123,validation,matched,149,329,2021-08-18,2020-05-13,inner_train,True,,True,0.058621817221463424,False
inner_2021,123,validation,matched,150,482,2021-08-19,2020-12-30,inner_train,True,,True,0.13930417171026432,False
inner_2021,123,validation,matched,151,359,2021-08-20,2020-06-25,inner_train,True,,True,0.06252035698133396,False
inner_2021,123,validation,matched,152,121,2021-08-23,2019-07-08,inner_train,True,,True,0.05264373348542195,False
inner_2021,123,validation,matched,153,65,2021-08-24,2019-04-11,inner_train,True,,True,0.11105853677246413,False
inner_2021,123,validation,matched,154,103,2021-08-25,2019-06-12,inner_train,True,,True,0.5573456394008836,False
inner_2021,123,validation,matched,155,66,2021-08-26,2019-04-12,inner_train,True,,True,0.3866220203066848,False
inner_2021,123,validation,matched,156,103,2021-08-27,2019-06-12,inner_train,True,,True,0.34377153910282443,False
inner_2021,123,validation,matched,157,64,2021-08-30,2019-04-10,inner_train,True,,True,0.4026120391257577,False
inner_2021,123,validation,matched,158,12,2021-08-31,2019-01-24,inner_train,True,,True,0.0281708769666964,False
inner_2021,123,validation,matched,159,346,2021-09-01,2020-06-08,inner_train,True,,True,0.03509131981127034,False
inner_2021,123,validation,matched,160,117,2021-09-02,2019-07-02,inner_train,True,,True,0.0779615414697119,False
inner_2021,123,validation,matched,161,349,2021-09-03,2020-06-11,inner_train,True,,True,0.03509131981127034,False
inner_2021,123,validation,matched,162,340,2021-09-06,2020-05-28,inner_train,True,,True,0.07904320734045278,False
inner_2021,123,validation,matched,163,349,2021-09-07,2020-06-11,inner_train,True,,True,0.05129329438755059,False
inner_2021,123,validation,matched,164,345,2021-09-08,2020-06-05,inner_train,True,,True,0.06519619955654221,False
inner_2021,123,validation,matched,165,122,2021-09-09,2019-07-09,inner_train,True,,True,0.0,False
inner_2021,123,validation,matched,166,121,2021-09-10,2019-07-08,inner_train,True,,True,0.02597548640326064,False
inner_2021,123,validation,matched,167,347,2021-09-13,2020-06-09,inner_train,True,,True,0.04445176257083361,False
inner_2021,123,validation,matched,168,367,2021-09-14,2020-07-08,inner_train,True,,True,0.07696104113612856,False
inner_2021,123,validation,matched,169,10,2021-09-15,2019-01-22,inner_train,True,,True,0.10899028370840469,False
inner_2021,123,validation,matched,170,9,2021-09-16,2019-01-21,inner_train,True,,True,0.04082199452025481,False
inner_2021,123,validation,matched,171,53,2021-09-17,2019-03-25,inner_train,True,,True,0.12487332988140798,False
inner_2021,123,validation,matched,172,196,2021-09-20,2019-10-28,inner_train,True,,True,0.06252035698133396,False
inner_2021,123,validation,matched,173,430,2021-09-21,2020-10-12,inner_train,True,,True,0.14660347419187536,False
inner_2021,123,validation,matched,174,369,2021-09-22,2020-07-10,inner_train,True,,True,0.06062462181643502,False
inner_2021,123,validation,matched,175,400,2021-09-23,2020-08-27,inner_train,True,,True,0.06899287148695166,False
inner_2021,123,validation,matched,176,51,2021-09-27,2019-03-21,inner_train,True,,True,0.06376661835898911,False
inner_2021,123,validation,matched,177,368,2021-09-28,2020-07-09,inner_train,True,,True,0.10178269430994247,False
inner_2021,123,validation,matched,178,46,2021-09-29,2019-03-14,inner_train,True,,True,0.09097177820572666,False
inner_2021,123,validation,matched,179,29,2021-09-30,2019-02-18,inner_train,True,,True,0.06899287148695166,False
inner_2021,123,validation,matched,180,293,2021-10-01,2020-03-18,inner_train,True,,True,0.04652001563489261,False
inner_2021,123,validation,matched,181,8,2021-10-04,2019-01-18,inner_train,True,,True,0.07410797215372167,False
inner_2021,123,validation,matched,182,400,2021-10-05,2020-08-27,inner_train,True,,True,0.1598487009418963,False
inner_2021,123,validation,matched,183,10,2021-10-06,2019-01-22,inner_train,True,,True,0.31411532951993637,False
inner_2021,123,validation,matched,184,11,2021-10-07,2019-01-23,inner_train,True,,True,0.24273068458951474,False
inner_2021,123,validation,matched,185,65,2021-10-08,2019-04-11,inner_train,True,,True,0.21641905243029047,False
inner_2021,123,validation,matched,186,66,2021-10-11,2019-04-12,inner_train,True,,True,0.4787373092144902,False
inner_2021,123,validation,matched,187,119,2021-10-12,2019-07-04,inner_train,True,,True,0.142891835384086,False
inner_2021,123,validation,matched,188,64,2021-10-14,2019-04-10,inner_train,True,,True,0.34854481785548197,False
inner_2021,123,validation,matched,189,65,2021-10-15,2019-04-11,inner_train,True,,True,0.06453852113757108,False
inner_2021,123,validation,matched,190,103,2021-10-18,2019-06-12,inner_train,True,,True,0.44015066609605435,False
inner_2021,123,validation,matched,191,66,2021-10-19,2019-04-12,inner_train,True,,True,0.2245031708302494,False
inner_2021,123,validation,matched,192,119,2021-10-20,2019-07-04,inner_train,True,,True,0.04255961441879608,False
inner_2021,123,validation,matched,193,349,2021-10-21,2020-06-11,inner_train,True,,True,0.02666824708216131,False
inner_2021,123,validation,matched,194,367,2021-10-25,2020-07-08,inner_train,True,,True,0.09352605801082303,False
inner_2021,123,validation,matched,195,359,2021-10-26,2020-06-25,inner_train,True,,True,0.155362654281757,False
inner_2021,123,validation,matched,196,362,2021-10-27,2020-06-30,inner_train,True,,True,0.07956182283618585,False
inner_2021,123,validation,matched,197,49,2021-10-28,2019-03-19,inner_train,True,,True,0.12361395596717673,False
inner_2021,123,validation,matched,198,308,2021-10-29,2020-04-09,inner_train,True,,True,0.18073299410881694,False
inner_2021,123,validation,matched,199,361,2021-11-01,2020-06-29,inner_train,True,,True,0.10653629474683823,False
inner_2021,123,validation,matched,200,359,2021-11-02,2020-06-25,inner_train,True,,True,0.11014840597058839,False
inner_2021,123,validation,matched,201,360,2021-11-03,2020-06-26,inner_train,True,,True,0.09105996551562967,False
inner_2021,123,validation,matched,202,367,2021-11-04,2020-07-08,inner_train,True,,True,0.09180754925312273,False
inner_2021,123,validation,matched,203,401,2021-11-05,2020-08-28,inner_train,True,,True,0.1351747783682531,False
inner_2021,123,validation,matched,204,245,2021-11-08,2020-01-09,inner_train,True,,True,0.027398974188114433,False
inner_2021,123,validation,matched,205,399,2021-11-09,2020-08-26,inner_train,True,,True,0.08923113372794322,False
inner_2021,123,validation,matched,206,217,2021-11-10,2019-11-26,inner_train,True,,True,0.019048194970694432,False
inner_2021,123,validation,matched,207,325,2021-11-11,2020-05-07,inner_train,True,,True,0.0,False
inner_2021,123,validation,matched,208,336,2021-11-12,2020-05-22,inner_train,True,,True,0.15279106031121925,False
inner_2021,123,validation,matched,209,394,2021-11-15,2020-08-19,inner_train,True,,True,0.11728908652310066,False
inner_2021,123,validation,matched,210,329,2021-11-16,2020-05-13,inner_train,True,,True,0.1686227124357922,False
inner_2021,123,validation,matched,211,339,2021-11-17,2020-05-27,inner_train,True,,True,0.23891990341119884,False
inner_2021,123,validation,matched,212,206,2021-11-18,2019-11-11,inner_train,True,,True,0.23180161405732402,False
inner_2021,123,validation,matched,213,10,2021-11-19,2019-01-22,inner_train,True,,True,0.15237448042600255,False
inner_2021,123,validation,matched,214,11,2021-11-22,2019-01-23,inner_train,True,,True,0.32277339226305113,False
inner_2021,123,validation,matched,215,401,2021-11-23,2020-08-28,inner_train,True,,True,0.213412143863986,False
inner_2021,123,validation,matched,216,66,2021-11-24,2019-04-12,inner_train,True,,True,0.532804530484766,False
inner_2021,123,validation,matched,217,53,2021-11-25,2019-03-25,inner_train,True,,True,0.21122090635730384,False
inner_2021,123,validation,matched,218,62,2021-11-26,2019-04-05,inner_train,True,,True,0.08845004350950925,False
inner_2021,123,validation,matched,219,386,2021-11-29,2020-08-06,inner_train,True,,True,0.05657035148839418,False
inner_2021,123,validation,matched,220,226,2021-11-30,2019-12-11,inner_train,True,,True,0.04546237407675724,False
inner_2021,123,validation,matched,221,413,2021-12-01,2020-09-17,inner_train,True,,True,0.06381151274495345,False
inner_2021,123,validation,matched,222,414,2021-12-02,2020-09-18,inner_train,True,,True,0.0246926125903717,False
inner_2021,123,validation,matched,223,438,2021-12-03,2020-10-26,inner_train,True,,True,0.06820825002653352,False
inner_2021,123,validation,matched,224,288,2021-12-07,2020-03-11,inner_train,True,,True,0.14953173397096364,False
inner_2021,123,validation,matched,225,438,2021-12-08,2020-10-26,inner_train,True,,True,0.12136085700426724,False
inner_2021,123,validation,matched,226,437,2021-12-09,2020-10-22,inner_train,True,,True,0.19452474600855663,False
inner_2021,123,validation,matched,227,400,2021-12-13,2020-08-27,inner_train,True,,True,0.11855973472455528,False
inner_2021,123,validation,matched,228,430,2021-12-14,2020-10-12,inner_train,True,,True,0.47223898064755465,False
inner_2021,123,validation,matched,229,401,2021-12-15,2020-08-28,inner_train,True,,True,0.22825865198098017,False
inner_2021,123,validation,matched,230,65,2021-12-16,2019-04-11,inner_train,True,,True,0.07729167430164674,False
inner_2021,123,validation,matched,231,121,2021-12-17,2019-07-08,inner_train,True,,True,0.025317807984289953,False
inner_2021,123,validation,matched,232,236,2021-12-20,2019-12-25,inner_train,True,,True,0.05657035148839418,False
inner_2021,123,validation,matched,233,307,2021-12-21,2020-04-08,inner_train,True,,True,0.05942342047080107,False
inner_2021,123,validation,matched,234,480,2021-12-22,2020-12-28,inner_train,True,,True,0.02898753687325195,False
inner_2021,123,validation,matched,235,338,2021-12-23,2020-05-26,inner_train,True,,True,0.05325490353554363,False
inner_2021,123,validation,matched,236,359,2021-12-24,2020-06-25,inner_train,True,,True,0.03278982282299081,False
inner_2021,123,validation,matched,237,47,2021-12-27,2019-03-15,inner_train,True,,True,0.11732941804824248,False
inner_2021,123,validation,matched,238,400,2021-12-28,2020-08-27,inner_train,True,,True,0.6086388651113284,False
inner_2021,123,validation,matched,239,319,2021-12-29,2020-04-24,inner_train,True,,True,0.40831006024039596,False
inner_2021,123,validation,random,0,7,2021-01-04,2019-01-17,inner_train,True,,False,0.300780496497699,False
inner_2021,123,validation,random,1,329,2021-01-05,2020-05-13,inner_train,True,,False,0.23543138210790282,False
inner_2021,123,validation,random,2,286,2021-01-06,2020-03-09,inner_train,True,,False,1.0191481173138626,False
inner_2021,123,validation,random,3,25,2021-01-07,2019-02-12,inner_train,True,,True,0.268836778973109,False
inner_2021,123,validation,random,4,439,2021-01-08,2020-10-27,inner_train,True,,False,0.2818961353847369,False
inner_2021,123,validation,random,5,106,2021-01-11,2019-06-17,inner_train,True,,True,0.1493395767308483,False
inner_2021,123,validation,random,6,123,2021-01-12,2019-07-10,inner_train,True,,True,0.2138699145288805,False
inner_2021,123,validation,random,7,89,2021-01-13,2019-05-22,inner_train,True,,False,1.906828799012843,False
inner_2021,123,validation,random,8,161,2021-01-14,2019-09-05,inner_train,True,,True,0.19180030074849874,False
inner_2021,123,validation,random,9,84,2021-01-15,2019-05-14,inner_train,True,,False,1.30291275218084,False
inner_2021,123,validation,random,10,167,2021-01-18,2019-09-13,inner_train,True,,True,0.3483066942682158,False
inner_2021,123,validation,random,11,392,2021-01-19,2020-08-17,inner_train,True,,False,0.3316371873838988,False
inner_2021,123,validation,random,12,218,2021-01-20,2019-11-27,inner_train,True,,False,0.5076612818533963,False
inner_2021,123,validation,random,13,445,2021-01-21,2020-11-04,inner_train,True,,False,0.7989423843358967,False
inner_2021,123,validation,random,14,217,2021-01-22,2019-11-26,inner_train,True,,False,0.554796501499474,False
inner_2021,123,validation,random,15,133,2021-01-25,2019-07-25,inner_train,True,,False,0.13268644115895833,False
inner_2021,123,validation,random,16,380,2021-01-26,2020-07-29,inner_train,True,,False,1.0309494993989725,False
inner_2021,123,validation,random,17,395,2021-01-27,2020-08-20,inner_train,True,,False,0.3219441360583035,False
inner_2021,123,validation,random,18,416,2021-01-28,2020-09-22,inner_train,True,,False,0.21741287660522524,False
inner_2021,123,validation,random,19,429,2021-01-29,2020-10-09,inner_train,True,,False,1.7581234841531943,False
inner_2021,123,validation,random,20,12,2021-02-01,2019-01-24,inner_train,True,,False,0.6174455301995714,False
inner_2021,123,validation,random,21,247,2021-02-02,2020-01-13,inner_train,True,,True,0.9108256237659909,False
inner_2021,123,validation,random,22,129,2021-02-03,2019-07-19,inner_train,True,,True,1.5287895936769504,False
inner_2021,123,validation,random,23,118,2021-02-04,2019-07-03,inner_train,True,,False,1.4106014113453962,False
inner_2021,123,validation,random,24,116,2021-02-05,2019-07-01,inner_train,True,,False,1.339821229284349,False
inner_2021,123,validation,random,25,398,2021-02-08,2020-08-25,inner_train,True,,False,0.8217645583820388,False
inner_2021,123,validation,random,26,382,2021-02-09,2020-07-31,inner_train,True,,False,0.22146146513122478,False
inner_2021,123,validation,random,27,103,2021-02-10,2019-06-12,inner_train,True,,False,0.24484191377528886,False
inner_2021,123,validation,random,28,197,2021-02-11,2019-10-29,inner_train,True,,False,0.752222615389551,False
inner_2021,123,validation,random,29,358,2021-02-15,2020-06-24,inner_train,True,,True,0.1701510211736994,False
inner_2021,123,validation,random,30,71,2021-02-16,2019-04-23,inner_train,True,,False,0.4519851237430572,False
inner_2021,123,validation,random,31,304,2021-02-17,2020-04-02,inner_train,True,,False,0.390478451592569,False
inner_2021,123,validation,random,32,211,2021-02-18,2019-11-18,inner_train,True,,True,1.7470235753866632,False
inner_2021,123,validation,random,33,447,2021-02-19,2020-11-06,inner_train,True,,False,0.3525583743728373,False
inner_2021,123,validation,random,34,357,2021-02-22,2020-06-23,inner_train,True,,True,0.2525907526405109,False
inner_2021,123,validation,random,35,112,2021-02-23,2019-06-25,inner_train,True,,False,0.3755859082244304,False
inner_2021,123,validation,random,36,403,2021-02-24,2020-09-01,inner_train,True,,False,0.5031035776720798,False
inner_2021,123,validation,random,37,385,2021-02-25,2020-08-05,inner_train,True,,False,1.08308621813919,False
inner_2021,123,validation,random,38,102,2021-03-01,2019-06-11,inner_train,True,,False,1.0220511675533088,False
inner_2021,123,validation,random,39,250,2021-03-02,2020-01-16,inner_train,True,,True,0.7548407495652851,False
inner_2021,123,validation,random,40,383,2021-03-03,2020-08-03,inner_train,True,,False,0.55206858230004,False
inner_2021,123,validation,random,41,111,2021-03-04,2019-06-24,inner_train,True,,True,0.40364857718176683,False
inner_2021,123,validation,random,42,118,2021-03-05,2019-07-03,inner_train,True,,True,0.20763936477824485,False
inner_2021,123,validation,random,43,80,2021-03-08,2019-05-08,inner_train,True,,False,0.6213012400905877,False
inner_2021,123,validation,random,44,3,2021-03-09,2019-01-11,inner_train,True,,False,0.5653138090500609,False
inner_2021,123,validation,random,45,240,2021-03-10,2020-01-02,inner_train,True,,False,1.059754486061363,False
inner_2021,123,validation,random,46,7,2021-03-11,2019-01-17,inner_train,True,,False,0.796331416795176,False
inner_2021,123,validation,random,47,281,2021-03-12,2020-03-02,inner_train,True,,False,0.4408219945202547,False
inner_2021,123,validation,random,48,200,2021-03-15,2019-11-01,inner_train,True,,False,0.7338362758840447,False
inner_2021,123,validation,random,49,89,2021-03-16,2019-05-22,inner_train,True,,False,1.3724772155667493,False
inner_2021,123,validation,random,50,174,2021-03-17,2019-09-24,inner_train,True,,False,0.8348173201206923,False
inner_2021,123,validation,random,51,7,2021-03-18,2019-01-17,inner_train,True,,True,0.109199291964992,False
inner_2021,123,validation,random,52,69,2021-03-19,2019-04-19,inner_train,True,,False,0.24400700894911953,False
inner_2021,123,validation,random,53,227,2021-03-22,2019-12-12,inner_train,True,,False,0.2017396426510567,False
inner_2021,123,validation,random,54,37,2021-03-23,2019-03-01,inner_train,True,,True,0.5155050894879492,False
inner_2021,123,validation,random,55,351,2021-03-24,2020-06-15,inner_train,True,,True,0.18856321771743056,False
inner_2021,123,validation,random,56,124,2021-03-25,2019-07-11,inner_train,True,,False,0.40121365925080665,False
inner_2021,123,validation,random,57,443,2021-03-26,2020-11-02,inner_train,True,,False,0.2151113796169457,False
inner_2021,123,validation,random,58,81,2021-03-29,2019-05-09,inner_train,True,,False,0.6349311251618608,False
inner_2021,123,validation,random,59,302,2021-03-30,2020-03-31,inner_train,True,,False,1.3873866535578854,False
inner_2021,123,validation,random,60,248,2021-03-31,2020-01-14,inner_train,True,,False,0.8379374176276397,False
inner_2021,123,validation,random,61,442,2021-04-01,2020-10-30,inner_train,True,,False,0.17851927084421604,False
inner_2021,123,validation,random,62,298,2021-04-02,2020-03-25,inner_train,True,,False,1.4877409774565806,False
inner_2021,123,validation,random,63,417,2021-04-05,2020-09-23,inner_train,True,,False,0.07410797215372211,False
inner_2021,123,validation,random,64,224,2021-04-07,2019-12-06,inner_train,True,,False,0.17589066646366414,False
inner_2021,123,validation,random,65,105,2021-04-08,2019-06-14,inner_train,True,,False,0.10357320508373036,False
inner_2021,123,validation,random,66,91,2021-04-09,2019-05-24,inner_train,True,,True,0.5324155616362667,False
inner_2021,123,validation,random,67,418,2021-04-12,2020-09-24,inner_train,True,,True,0.23346051828514236,False
inner_2021,123,validation,random,68,98,2021-04-16,2019-06-05,inner_train,True,,False,0.1119503253368812,False
inner_2021,123,validation,random,69,352,2021-04-19,2020-06-16,inner_train,True,,False,0.20183034971266256,False
inner_2021,123,validation,random,70,254,2021-04-20,2020-01-22,inner_train,True,,True,1.2017774137625001,False
inner_2021,123,validation,random,71,134,2021-04-21,2019-07-26,inner_train,True,,True,0.3330150162373555,False
inner_2021,123,validation,random,72,198,2021-04-22,2019-10-30,inner_train,True,,False,0.8966371617913778,False
inner_2021,123,validation,random,73,384,2021-04-23,2020-08-04,inner_train,True,,False,1.1962878481565524,False
inner_2021,123,validation,random,74,218,2021-04-26,2019-11-27,inner_train,True,,True,0.2502454810920014,False
inner_2021,123,validation,random,75,417,2021-04-27,2020-09-23,inner_train,True,,False,0.2059757476918449,False
inner_2021,123,validation,random,76,456,2021-04-28,2020-11-19,inner_train,True,,False,1.6732659539680728,False
inner_2021,123,validation,random,77,144,2021-04-29,2019-08-13,inner_train,True,,False,0.5635761891515196,False
inner_2021,123,validation,random,78,253,2021-04-30,2020-01-21,inner_train,True,,True,0.39279625235272686,False
inner_2021,123,validation,random,79,254,2021-05-05,2020-01-22,inner_train,True,,True,0.3787968610260033,False
inner_2021,123,validation,random,80,262,2021-05-06,2020-02-03,inner_train,True,,False,0.3677247801253176,False
inner_2021,123,validation,random,81,34,2021-05-07,2019-02-26,inner_train,True,,False,0.2043004635127299,False
inner_2021,123,validation,random,82,178,2021-05-10,2019-09-30,inner_train,True,,True,0.4045464125910918,False
inner_2021,123,validation,random,83,281,2021-05-11,2020-03-02,inner_train,True,,False,1.1094835998796388,False
inner_2021,123,validation,random,84,443,2021-05-12,2020-11-02,inner_train,True,,False,0.6435502394205734,False
inner_2021,123,validation,random,85,114,2021-05-13,2019-06-27,inner_train,True,,False,1.1203860882176704,False
inner_2021,123,validation,random,86,311,2021-05-14,2020-04-14,inner_train,True,,False,1.7193741503857796,False
inner_2021,123,validation,random,87,369,2021-05-17,2020-07-10,inner_train,True,,True,2.3922995482415423,False
inner_2021,123,validation,random,88,446,2021-05-18,2020-11-05,inner_train,True,,True,2.2446420576936794,False
inner_2021,123,validation,random,89,83,2021-05-19,2019-05-13,inner_train,True,,False,0.46829318289103483,False
inner_2021,123,validation,random,90,325,2021-05-20,2020-05-07,inner_train,True,,True,1.5626138992288472,False
inner_2021,123,validation,random,91,151,2021-05-21,2019-08-22,inner_train,True,,False,1.1324256530338883,False
inner_2021,123,validation,random,92,212,2021-05-24,2019-11-19,inner_train,True,,True,0.4827171006574593,False
inner_2021,123,validation,random,93,6,2021-05-25,2019-01-16,inner_train,True,,True,0.7544375074936087,False
inner_2021,123,validation,random,94,348,2021-05-27,2020-06-10,inner_train,True,,False,1.1657116306673552,False
inner_2021,123,validation,random,95,15,2021-05-28,2019-01-29,inner_train,True,,True,0.27578728479963166,False
inner_2021,123,validation,random,96,180,2021-05-31,2019-10-02,inner_train,True,,False,0.16103934082244376,False
inner_2021,123,validation,random,97,239,2021-06-01,2019-12-30,inner_train,True,,False,0.30713963418207957,False
inner_2021,123,validation,random,98,323,2021-06-02,2020-04-30,inner_train,True,,True,0.25749303132884727,False
inner_2021,123,validation,random,99,226,2021-06-04,2019-12-11,inner_train,True,,False,0.5119361180500182,False
inner_2021,123,validation,random,100,405,2021-06-07,2020-09-03,inner_train,True,,False,0.15357908792830077,False
inner_2021,123,validation,random,101,61,2021-06-08,2019-04-04,inner_train,True,,True,0.5469646703818642,False
inner_2021,123,validation,random,102,126,2021-06-09,2019-07-15,inner_train,True,,True,0.7951687949522572,False
inner_2021,123,validation,random,103,124,2021-06-10,2019-07-11,inner_train,True,,True,0.5912471910765644,False
inner_2021,123,validation,random,104,183,2021-06-11,2019-10-07,inner_train,True,,False,0.32845437629648133,False
inner_2021,123,validation,random,105,1,2021-06-14,2019-01-09,inner_train,True,,False,1.08009946516747,False
inner_2021,123,validation,random,106,207,2021-06-15,2019-11-12,inner_train,True,,False,1.139197568783188,False
inner_2021,123,validation,random,107,184,2021-06-16,2019-10-08,inner_train,True,,False,0.0,False
inner_2021,123,validation,random,108,282,2021-06-17,2020-03-03,inner_train,True,,False,0.625988503446441,False
inner_2021,123,validation,random,109,278,2021-06-18,2020-02-26,inner_train,True,,False,0.556864754563533,False
inner_2021,123,validation,random,110,135,2021-06-21,2019-07-30,inner_train,True,,False,0.7627404723591411,False
inner_2021,123,validation,random,111,206,2021-06-22,2019-11-11,inner_train,True,,False,0.6806104513819609,False
inner_2021,123,validation,random,112,243,2021-06-23,2020-01-07,inner_train,True,,True,0.2911724773915494,False
inner_2021,123,validation,random,113,403,2021-06-24,2020-09-01,inner_train,True,,False,0.2760944572793931,False
inner_2021,123,validation,random,114,37,2021-06-25,2019-03-01,inner_train,True,,False,0.6359887667199966,False
inner_2021,123,validation,random,115,297,2021-06-28,2020-03-24,inner_train,True,,True,0.8498009906053223,False
inner_2021,123,validation,random,116,38,2021-06-29,2019-03-04,inner_train,True,,False,0.6931471805599454,False
inner_2021,123,validation,random,117,128,2021-06-30,2019-07-18,inner_train,True,,False,0.294460174830661,False
inner_2021,123,validation,random,118,214,2021-07-01,2019-11-21,inner_train,True,,False,1.5632485299647256,False
inner_2021,123,validation,random,119,391,2021-07-02,2020-08-14,inner_train,True,,False,0.49325047894448293,False
inner_2021,123,validation,random,120,162,2021-07-05,2019-09-06,inner_train,True,,False,0.4657480715113542,False
inner_2021,123,validation,random,121,241,2021-07-06,2020-01-03,inner_train,True,,True,0.3372568580816311,False
inner_2021,123,validation,random,122,279,2021-07-07,2020-02-27,inner_train,True,,True,0.46373401623214017,False
inner_2021,123,validation,random,123,366,2021-07-08,2020-07-07,inner_train,True,,False,0.3614051183141336,False
inner_2021,123,validation,random,124,191,2021-07-09,2019-10-18,inner_train,True,,False,0.3746934494414109,False
inner_2021,123,validation,random,125,273,2021-07-12,2020-02-19,inner_train,True,,True,0.8715552199371546,False
inner_2021,123,validation,random,126,405,2021-07-13,2020-09-03,inner_train,True,,True,0.7922380832041762,False
inner_2021,123,validation,random,127,211,2021-07-14,2019-11-18,inner_train,True,,False,1.9218731173419172,False
inner_2021,123,validation,random,128,452,2021-07-15,2020-11-13,inner_train,True,,False,0.9535114443607702,False
inner_2021,123,validation,random,129,191,2021-07-16,2019-10-18,inner_train,True,,True,0.44802472252696024,False
inner_2021,123,validation,random,130,209,2021-07-19,2019-11-14,inner_train,True,,False,1.183649331354022,False
inner_2021,123,validation,random,131,10,2021-07-20,2019-01-22,inner_train,True,,False,1.0129175675632265,False
inner_2021,123,validation,random,132,257,2021-07-21,2020-01-27,inner_train,True,,True,0.5956607213330254,False
inner_2021,123,validation,random,133,226,2021-07-22,2019-12-11,inner_train,True,,True,0.3737164097935839,False
inner_2021,123,validation,random,134,200,2021-07-23,2019-11-01,inner_train,True,,False,1.4726368022648484,False
inner_2021,123,validation,random,135,301,2021-07-27,2020-03-30,inner_train,True,,True,1.3019532126861395,False
inner_2021,123,validation,random,136,264,2021-07-29,2020-02-05,inner_train,True,,True,1.0990123000123435,False
inner_2021,123,validation,random,137,456,2021-07-30,2020-11-19,inner_train,True,,False,2.168576133772398,False
inner_2021,123,validation,random,138,196,2021-08-02,2019-10-28,inner_train,True,,True,0.6363887780642306,False
inner_2021,123,validation,random,139,210,2021-08-03,2019-11-15,inner_train,True,,False,2.2423923734350932,False
inner_2021,123,validation,random,140,392,2021-08-04,2020-08-17,inner_train,True,,False,1.507364170482897,False
inner_2021,123,validation,random,141,234,2021-08-05,2019-12-23,inner_train,True,,False,1.1330984647392794,False
inner_2021,123,validation,random,142,120,2021-08-06,2019-07-05,inner_train,True,,False,0.32892503098583026,False
inner_2021,123,validation,random,143,250,2021-08-09,2020-01-16,inner_train,True,,False,0.5773863902843299,False
inner_2021,123,validation,random,144,244,2021-08-10,2020-01-08,inner_train,True,,False,0.3272129112084161,False
inner_2021,123,validation,random,145,197,2021-08-11,2019-10-29,inner_train,True,,True,0.6286086594223743,False
inner_2021,123,validation,random,146,256,2021-08-13,2020-01-24,inner_train,True,,False,0.6567795363890703,False
inner_2021,123,validation,random,147,279,2021-08-16,2020-02-27,inner_train,True,,False,0.2767720798816833,False
inner_2021,123,validation,random,148,468,2021-08-17,2020-12-08,inner_train,True,,False,0.3768235321447806,False
inner_2021,123,validation,random,149,33,2021-08-18,2019-02-25,inner_train,True,,False,0.41884323405434065,False
inner_2021,123,validation,random,150,440,2021-08-19,2020-10-28,inner_train,True,,False,0.1029365275393892,False
inner_2021,123,validation,random,151,235,2021-08-20,2019-12-24,inner_train,True,,True,0.4720276542250077,False
inner_2021,123,validation,random,152,183,2021-08-23,2019-10-07,inner_train,True,,False,0.1895029162026196,False
inner_2021,123,validation,random,153,294,2021-08-24,2020-03-19,inner_train,True,,False,0.7591051483517424,False
inner_2021,123,validation,random,154,55,2021-08-25,2019-03-27,inner_train,True,,False,1.4111160142937047,False
inner_2021,123,validation,random,155,359,2021-08-26,2020-06-25,inner_train,True,,False,0.9805792217565172,False
inner_2021,123,validation,random,156,45,2021-08-27,2019-03-13,inner_train,True,,False,1.2090879049927064,False
inner_2021,123,validation,random,157,207,2021-08-30,2019-11-12,inner_train,True,,False,1.9123874570166697,False
inner_2021,123,validation,random,158,97,2021-08-31,2019-06-04,inner_train,True,,False,0.4418327522790393,False
inner_2021,123,validation,random,159,146,2021-09-01,2019-08-15,inner_train,True,,False,1.3529022770615802,False
inner_2021,123,validation,random,160,227,2021-09-02,2019-12-12,inner_train,True,,False,0.37954651909048476,False
inner_2021,123,validation,random,161,2,2021-09-03,2019-01-10,inner_train,True,,False,0.49517751239966,False
inner_2021,123,validation,random,162,429,2021-09-06,2020-10-09,inner_train,True,,False,2.4920926592333945,False
inner_2021,123,validation,random,163,365,2021-09-07,2020-07-03,inner_train,True,,True,0.025317807984289953,False
inner_2021,123,validation,random,164,462,2021-09-08,2020-11-27,inner_train,True,,True,0.7308875085427924,False
inner_2021,123,validation,random,165,37,2021-09-09,2019-03-01,inner_train,True,,False,0.5655155100626108,False
inner_2021,123,validation,random,166,85,2021-09-10,2019-05-15,inner_train,True,,False,2.339373701178715,False
inner_2021,123,validation,random,167,236,2021-09-13,2019-12-25,inner_train,True,,False,0.6510815152744325,False
inner_2021,123,validation,random,168,413,2021-09-14,2020-09-17,inner_train,True,,False,0.24149268998240592,False
inner_2021,123,validation,random,169,147,2021-09-15,2019-08-16,inner_train,True,,False,2.0546335104971765,False
inner_2021,123,validation,random,170,144,2021-09-16,2019-08-13,inner_train,True,,False,0.620734602991468,False
inner_2021,123,validation,random,171,406,2021-09-17,2020-09-08,inner_train,True,,False,1.0804590939605672,False
inner_2021,123,validation,random,172,0,2021-09-20,2019-01-08,inner_train,True,,False,1.6537703748928207,False
inner_2021,123,validation,random,173,459,2021-09-21,2020-11-24,inner_train,True,,False,0.5877866649021191,False
inner_2021,123,validation,random,174,91,2021-09-22,2019-05-24,inner_train,True,,False,0.950482096622435,False
inner_2021,123,validation,random,175,154,2021-09-23,2019-08-27,inner_train,True,,False,0.7321338350226143,False
inner_2021,123,validation,random,176,156,2021-09-27,2019-08-29,inner_train,True,,False,0.8499168706789981,False
inner_2021,123,validation,random,177,433,2021-09-28,2020-10-16,inner_train,True,,False,0.23920893119600617,False
inner_2021,123,validation,random,178,396,2021-09-29,2020-08-21,inner_train,True,,False,0.6264558060612728,False
inner_2021,123,validation,random,179,163,2021-09-30,2019-09-09,inner_train,True,,False,0.44746387001646504,False
inner_2021,123,validation,random,180,164,2021-10-01,2019-09-10,inner_train,True,,False,0.443531988031999,False
inner_2021,123,validation,random,181,392,2021-10-04,2020-08-17,inner_train,True,,True,0.777849345752077,False
inner_2021,123,validation,random,182,136,2021-10-05,2019-07-31,inner_train,True,,False,1.0524852419181614,False
inner_2021,123,validation,random,183,385,2021-10-06,2020-08-05,inner_train,True,,False,0.3483066942682158,False
inner_2021,123,validation,random,184,394,2021-10-07,2020-08-19,inner_train,True,,True,1.4160665194535604,False
inner_2021,123,validation,random,185,316,2021-10-08,2020-04-21,inner_train,True,,True,0.693147180559945,False
inner_2021,123,validation,random,186,359,2021-10-11,2020-06-25,inner_train,True,,False,1.0726945106643226,False
inner_2021,123,validation,random,187,110,2021-10-12,2019-06-21,inner_train,True,,True,0.7315838874010177,False
inner_2021,123,validation,random,188,271,2021-10-14,2020-02-17,inner_train,True,,False,1.5285176268192049,False
inner_2021,123,validation,random,189,66,2021-10-15,2019-04-12,inner_train,True,,True,0.15551029934329774,False
inner_2021,123,validation,random,190,27,2021-10-18,2019-02-14,inner_train,True,,True,1.0993962949803184,False
inner_2021,123,validation,random,191,204,2021-10-19,2019-11-07,inner_train,True,,True,1.3450648289189089,False
inner_2021,123,validation,random,192,142,2021-10-20,2019-08-08,inner_train,True,,False,0.5640701382848028,False
inner_2021,123,validation,random,193,73,2021-10-21,2019-04-25,inner_train,True,,True,0.4334819730616193,False
inner_2021,123,validation,random,194,254,2021-10-25,2020-01-22,inner_train,True,,True,0.4449239448487119,False
inner_2021,123,validation,random,195,421,2021-10-26,2020-09-29,inner_train,True,,False,0.25714534859169946,False
inner_2021,123,validation,random,196,120,2021-10-27,2019-07-05,inner_train,True,,False,0.5108256237659905,False
inner_2021,123,validation,random,197,86,2021-10-28,2019-05-16,inner_train,True,,False,2.475291191088559,False
inner_2021,123,validation,random,198,419,2021-10-29,2020-09-25,inner_train,True,,False,0.359252264953033,False
inner_2021,123,validation,random,199,14,2021-11-01,2019-01-28,inner_train,True,,False,0.466630944767096,False
inner_2021,123,validation,random,200,283,2021-11-02,2020-03-04,inner_train,True,,False,1.1787485462373093,False
inner_2021,123,validation,random,201,270,2021-11-03,2020-02-14,inner_train,True,,False,0.5291747624341876,False
inner_2021,123,validation,random,202,225,2021-11-04,2019-12-09,inner_train,True,,False,0.1485778084955931,False
inner_2021,123,validation,random,203,207,2021-11-05,2019-11-12,inner_train,True,,True,1.749120943781402,False
inner_2021,123,validation,random,204,13,2021-11-08,2019-01-25,inner_train,True,,False,0.669528929211737,False
inner_2021,123,validation,random,205,414,2021-11-09,2020-09-18,inner_train,True,,False,0.06551460711062651,False
inner_2021,123,validation,random,206,32,2021-11-10,2019-02-22,inner_train,True,,False,0.18468283297963461,False
inner_2021,123,validation,random,207,77,2021-11-11,2019-05-02,inner_train,True,,False,0.5373328836462865,False
inner_2021,123,validation,random,208,425,2021-11-12,2020-10-05,inner_train,True,,False,1.7173014896329386,False
inner_2021,123,validation,random,209,174,2021-11-15,2019-09-24,inner_train,True,,False,1.1669511551433072,False
inner_2021,123,validation,random,210,221,2021-11-16,2019-12-02,inner_train,True,,False,1.2501621867953112,False
inner_2021,123,validation,random,211,309,2021-11-17,2020-04-10,inner_train,True,,True,0.29298712468147414,False
inner_2021,123,validation,random,212,272,2021-11-18,2020-02-18,inner_train,True,,False,0.8727173351173318,False
inner_2021,123,validation,random,213,449,2021-11-19,2020-11-10,inner_train,True,,False,0.7432969642454172,False
inner_2021,123,validation,random,214,452,2021-11-22,2020-11-13,inner_train,True,,False,2.070472871697076,False
inner_2021,123,validation,random,215,126,2021-11-23,2019-07-15,inner_train,True,,False,0.9234231304759364,False
inner_2021,123,validation,random,216,368,2021-11-24,2020-07-09,inner_train,True,,False,0.9773509886354015,False
inner_2021,123,validation,random,217,332,2021-11-25,2020-05-18,inner_train,True,,True,2.0645158914631607,False
inner_2021,123,validation,random,218,119,2021-11-26,2019-07-04,inner_train,True,,False,0.3312177728436323,False
inner_2021,123,validation,random,219,71,2021-11-29,2019-04-23,inner_train,True,,False,0.2719337154836414,False
inner_2021,123,validation,random,220,393,2021-11-30,2020-08-18,inner_train,True,,False,0.7175561454388699,False
inner_2021,123,validation,random,221,357,2021-12-01,2020-06-23,inner_train,True,,False,0.19388237919503082,False
inner_2021,123,validation,random,222,181,2021-12-02,2019-10-03,inner_train,True,,True,0.4985555311741763,False
inner_2021,123,validation,random,223,141,2021-12-03,2019-08-07,inner_train,True,,True,0.31093893461604827,False
inner_2021,123,validation,random,224,333,2021-12-07,2020-05-19,inner_train,True,,False,1.8614413781569996,False
inner_2021,123,validation,random,225,117,2021-12-08,2019-07-02,inner_train,True,,False,0.25489224962879,False
inner_2021,123,validation,random,226,223,2021-12-09,2019-12-04,inner_train,True,,True,0.2702903297399115,False
inner_2021,123,validation,random,227,111,2021-12-13,2019-06-24,inner_train,True,,False,0.9810382612683135,False
inner_2021,123,validation,random,228,298,2021-12-14,2020-03-25,inner_train,True,,False,0.1031842362352311,False
inner_2021,123,validation,random,229,179,2021-12-15,2019-10-01,inner_train,True,,False,1.6247053845648884,False
inner_2021,123,validation,random,230,321,2021-12-16,2020-04-28,inner_train,True,,True,0.5740227539792593,False
inner_2021,123,validation,random,231,158,2021-12-17,2019-09-02,inner_train,True,,False,0.24464975653517307,False
inner_2021,123,validation,random,232,302,2021-12-20,2020-03-31,inner_train,True,,False,1.5015319987714442,False
inner_2021,123,validation,random,233,295,2021-12-21,2020-03-20,inner_train,True,,False,0.5260930958967793,False
inner_2021,123,validation,random,234,217,2021-12-22,2019-11-26,inner_train,True,,True,0.08004270767353683,False
inner_2021,123,validation,random,235,263,2021-12-23,2020-02-04,inner_train,True,,False,0.3335843083672665,False
inner_2021,123,validation,random,236,86,2021-12-24,2019-05-16,inner_train,True,,False,2.446987414925707,False
inner_2021,123,validation,random,237,362,2021-12-27,2020-06-30,inner_train,True,,True,0.31585294941847764,False
inner_2021,123,validation,random,238,347,2021-12-28,2020-06-09,inner_train,True,,False,0.7866220203066847,False
inner_2021,123,validation,random,239,142,2021-12-29,2019-08-08,inner_train,True,,False,1.4593915755148283,False
