regime,feature,consensus_normalized_rank,normalized_rank_std,contributing_cells,consensus_rank,selection_fold
bear,Close_D,0.0,0.0,5,1,fold_1
bear,WMA_60,0.057851239669421496,0.057555323459438514,5,2,fold_1
bear,SMA_60,0.07107438016528926,0.058904230351092435,5,3,fold_1
bear,WMA_5,0.07272727272727272,0.07142905929365918,5,4,fold_1
bear,WMA_10,0.08925619834710743,0.04725943291072991,5,5,fold_1
bear,Close_M,0.09586776859504133,0.07896779626837193,5,6,fold_1
bear,SMA_5,0.09586776859504133,0.06830067276494012,5,7,fold_1
bear,Close_D_lag1,0.10247933884297522,0.08067910652473244,5,8,fold_1
bear,VMD_Denoised_Close,0.12231404958677686,0.09733137534173412,5,9,fold_1
bear,Direction_lag1,0.14049586776859505,0.0884336138803004,5,10,fold_1
bear,Close_W_lag2,0.15041322314049588,0.06570117988215468,5,11,fold_1
bear,Close_W_lag1,0.16033057851239668,0.1616964905969666,5,12,fold_1
bear,WilliamsR_14,0.16198347107438016,0.06879886078766087,5,13,fold_1
bear,Low_D,0.1669421487603306,0.08793015588939099,5,14,fold_1
bear,Open_W,0.1669421487603306,0.14042292710376605,5,15,fold_1
bear,Close_D_lag20,0.1933884297520661,0.12837879372372663,5,16,fold_1
bear,Close_D_lag60,0.20495867768595039,0.21790616195275364,5,17,fold_1
bear,StochK_14,0.2115702479338843,0.13217974197371737,5,18,fold_1
bear,Low_M,0.21322314049586777,0.11737283073485735,5,19,fold_1
bear,Close_D_lag5,0.21487603305785125,0.07619458229167674,5,20,fold_1
bear,SMA_20,0.21487603305785125,0.20652890908429422,5,21,fold_1
bear,WMA_20,0.2231404958677686,0.18736833138437411,5,22,fold_1
bear,Low_W,0.228099173553719,0.09789115781709777,5,23,fold_1
bear,Close_M_lag3,0.22975206611570248,0.1529930427024738,5,24,fold_1
bear,SMA_10,0.23305785123966943,0.24421452643624209,5,25,fold_1
bear,Open_M,0.23801652892561984,0.12249818616767597,5,26,fold_1
bear,High_W,0.24462809917355371,0.28668276733016057,5,27,fold_1
bear,Direction_lag2,0.24628099173553722,0.11352737072062792,5,28,fold_1
bear,Close_D_lag3,0.256198347107438,0.11861735615212664,5,29,fold_1
bear,Close_M_lag1,0.256198347107438,0.31442995669002977,5,30,fold_1
bear,Close_W_lag4,0.259504132231405,0.254969058282858,5,31,fold_1
bear,Direction_lag5,0.27107438016528923,0.1039484144365628,5,32,fold_1
bear,Close_W,0.2727272727272727,0.14644665410470536,5,33,fold_1
bear,Momentum_60,0.27272727272727276,0.09761166785965054,5,34,fold_1
bear,VMD_IMF_1,0.27603305785123966,0.15099334137665166,5,35,fold_1
bear,High_M,0.287603305785124,0.2196233371431217,5,36,fold_1
bear,High_D,0.31074380165289256,0.1831841998156116,5,37,fold_1
bear,MinusDI_14,0.31239669421487604,0.10766029136847648,5,38,fold_1
bear,PlusDI_14,0.3140495867768595,0.07840357835128213,5,39,fold_1
bear,Close_D_lag10,0.32727272727272727,0.2034132619226583,5,40,fold_1
bear,Return_60D,0.3404958677685951,0.15355007157016318,5,41,fold_1
bear,Close_Position_W,0.3421487603305785,0.12877719788947078,5,42,fold_1
bear,RSI_14,0.34710743801652894,0.11225684055542252,5,43,fold_1
bear,Close_D_lag2,0.3603305785123967,0.1850390891607797,5,44,fold_1
bear,Down_Ratio_5,0.3785123966942149,0.15663282962621003,5,45,fold_1
bear,Open_D,0.3785123966942149,0.27802271983358673,5,46,fold_1
bear,Close_to_SMA_60,0.3884297520661157,0.10518943852361866,5,47,fold_1
bear,Body_to_Range_D,0.41652892561983473,0.2776047697155813,5,48,fold_1
bear,ADX_14,0.4214876033057851,0.28365293060711594,5,49,fold_1
bear,Volume_MA_20,0.4446280991735537,0.18822302709760627,5,50,fold_1
bear,Body_M,0.4462809917355372,0.26023217345179817,5,51,fold_1
bear,ROC_20,0.4644628099173554,0.10670442493606219,5,52,fold_1
bear,Direction_lag3,0.4727272727272728,0.18749587341496393,5,53,fold_1
bear,MACD_Signal_9,0.487603305785124,0.2009981240828977,5,54,fold_1
bear,Up_Ratio_5,0.5041322314049588,0.29149077832311404,5,55,fold_1
bear,Volume_Change_1D,0.5107438016528926,0.11516996701913947,5,56,fold_1
bear,Close_Position_D,0.512396694214876,0.1820997069134769,5,57,fold_1
bear,StochD_3,0.5140495867768595,0.2675057377302372,5,58,fold_1
bear,Return_20D,0.515702479338843,0.08777466477587936,5,59,fold_1
bear,Close_Position_M,0.5206611570247934,0.21661723011704392,5,60,fold_1
bear,VMD_Noise_Energy_Ratio,0.5371900826446281,0.21669604301036186,5,61,fold_1
bear,Momentum_20,0.5388429752066115,0.251448912431819,5,62,fold_1
bear,Change_pct_M,0.5570247933884297,0.2179218335815238,5,63,fold_1
bear,VMD_IMF_2,0.5603305785123968,0.21178643397022434,5,64,fold_1
bear,Volatility_5,0.5669421487603306,0.1671997031339839,5,65,fold_1
bear,Volume_Ratio_20,0.5669421487603306,0.13308094866515,5,66,fold_1
bear,CCI_20,0.5702479338842975,0.23593557724992065,5,67,fold_1
bear,Volatility_10,0.5735537190082645,0.19640926647951007,5,68,fold_1
bear,Down_Ratio_10,0.578512396694215,0.20850373242219614,5,69,fold_1
bear,Body_abs_D,0.5834710743801652,0.1819683827374927,5,70,fold_1
bear,MACD_12_26,0.5867768595041323,0.18999279227392804,5,71,fold_1
bear,Up_Ratio_20,0.5884297520661157,0.18418816011889325,5,72,fold_1
bear,VMD_IMF_4,0.596694214876033,0.11322615668299608,5,73,fold_1
bear,Body_W,0.6115702479338843,0.20702438098967518,5,74,fold_1
bear,Volume_D_lag5,0.6297520661157024,0.14017951744407275,5,75,fold_1
bear,Change_pct_D,0.6495867768595042,0.16933075578944798,5,76,fold_1
bear,Change_pct_D_lag5,0.6495867768595042,0.18760512614254996,5,77,fold_1
bear,ROC_60,0.6611570247933884,0.11496221275407896,5,78,fold_1
bear,Change_pct_D_lag10,0.6677685950413224,0.1953457492530782,5,79,fold_1
bear,Close_to_SMA_10,0.6710743801652892,0.2094352503843248,5,80,fold_1
bear,Close_to_SMA_20,0.6760330578512397,0.2393414684116994,5,81,fold_1
bear,Up_Ratio_10,0.6776859504132231,0.1547243407177608,5,82,fold_1
bear,Volatility_60,0.6809917355371902,0.21188316219356862,5,83,fold_1
bear,Volume_Change_5D,0.6809917355371902,0.13524459447488682,5,84,fold_1
bear,Volume_Ratio_5,0.6942148760330579,0.25372035426460743,5,85,fold_1
bear,Return_5D,0.6975206611570248,0.09026821435314479,5,86,fold_1
bear,ROC_10,0.7041322314049587,0.17574375793071145,5,87,fold_1
bear,Ratio_Close_D_to_M,0.7041322314049587,0.16625749468407255,5,88,fold_1
bear,Change_pct_D_lag2,0.7057851239669422,0.09683891130202994,5,89,fold_1
bear,Volatility_20,0.7090909090909091,0.15793559253674386,5,90,fold_1
bear,Down_Ratio_20,0.7107438016528926,0.14760802561563433,5,91,fold_1
bear,Upper_Shadow_D,0.7107438016528926,0.1898129599645596,5,92,fold_1
bear,Volume_MA_5,0.7107438016528926,0.20842182170113213,5,93,fold_1
bear,Spread_M,0.7123966942148761,0.2200117351000227,5,94,fold_1
bear,Return_10D,0.7239669421487603,0.23321312452501589,5,95,fold_1
bear,Volume_W,0.7272727272727273,0.1993774889556168,5,96,fold_1
bear,Momentum_5,0.7305785123966942,0.20223463033630132,5,97,fold_1
bear,Change_pct_D_lag3,0.7355371900826446,0.1619497350600448,5,98,fold_1
bear,MACD_Histogram,0.7388429752066116,0.18064989038840593,5,99,fold_1
bear,Return_1D,0.7388429752066116,0.09469934883061959,5,100,fold_1
bear,Ratio_Close_D_to_W,0.743801652892562,0.26728862196357406,5,101,fold_1
bear,Volume_D_lag2,0.7537190082644628,0.08536834055283789,5,102,fold_1
bear,Spread_W,0.7636363636363637,0.14546393658639206,5,103,fold_1
bear,Volume_D_lag3,0.7702479338842976,0.21379256402651273,5,104,fold_1
bear,Return_3D,0.775206611570248,0.12109623811947283,5,105,fold_1
bear,Volume_M,0.7801652892561983,0.22892711161014084,5,106,fold_1
bear,Volume_D_lag1,0.7867768595041322,0.149035558067436,5,107,fold_1
bear,ROC_5,0.7917355371900826,0.08231338577182637,5,108,fold_1
bear,Spread_D,0.7983471074380166,0.11783744543892606,5,109,fold_1
bear,Volume_D_lag10,0.7983471074380166,0.16872463015107236,5,110,fold_1
bear,Volume_D,0.8016528925619835,0.10138714170566365,5,111,fold_1
bear,Momentum_10,0.8132231404958677,0.13217974197371743,5,112,fold_1
bear,Close_to_SMA_5,0.8214876033057852,0.15178288391470177,5,113,fold_1
bear,Change_pct_W,0.8347107438016529,0.09090909090909091,5,114,fold_1
bear,Change_pct_D_lag1,0.8413223140495868,0.18758692177337005,5,115,fold_1
bear,Change_pct_D_lag20,0.8446280991735537,0.05647718863890872,5,116,fold_1
bear,VMD_IMF_3,0.8694214876033058,0.13697583589406742,5,117,fold_1
bear,Volume_D_lag20,0.8826446280991735,0.11561389761397388,5,118,fold_1
bear,Ratio_Volume_D_to_W,0.9041322314049587,0.0954178670900602,5,119,fold_1
bear,Volume_Change_20D,0.9074380165289255,0.08395652958148957,5,120,fold_1
bear,Body_D,0.9206611570247935,0.05890423035109242,5,121,fold_1
bear,Lower_Shadow_D,0.947107438016529,0.07218997620470234,5,122,fold_1
bull,Close_D,0.0,0.0,5,1,fold_1
bull,WMA_5,0.05454545454545454,0.04511518698828489,5,2,fold_1
bull,WMA_60,0.0628099173553719,0.06754650162546298,5,3,fold_1
bull,WMA_10,0.07107438016528926,0.04073969435988839,5,4,fold_1
bull,Close_D_lag1,0.07272727272727272,0.06084351179935855,5,5,fold_1
bull,SMA_5,0.07603305785123968,0.061955916740467146,5,6,fold_1
bull,SMA_60,0.08429752066115703,0.06749592393089394,5,7,fold_1
bull,VMD_Denoised_Close,0.09090909090909091,0.0626683920995996,5,8,fold_1
bull,Close_M,0.09421487603305785,0.0787512677657626,5,9,fold_1
bull,Low_D,0.143801652892562,0.10199164144776779,5,10,fold_1
bull,Close_W_lag2,0.14710743801652892,0.07331654583873347,5,11,fold_1
bull,Close_W_lag1,0.15041322314049585,0.14937887931959076,5,12,fold_1
bull,Direction_lag1,0.1537190082644628,0.09451886582145982,5,13,fold_1
bull,Open_W,0.15702479338842976,0.10583676425508841,5,14,fold_1
bull,Close_D_lag20,0.18512396694214878,0.11505129623335442,5,15,fold_1
bull,WMA_20,0.19834710743801653,0.13816738427521064,5,16,fold_1
bull,Close_D_lag5,0.20826446280991737,0.0837528995712941,5,17,fold_1
bull,SMA_10,0.21487603305785125,0.17286364184588338,5,18,fold_1
bull,Low_W,0.21983471074380168,0.09875946609117127,5,19,fold_1
bull,WilliamsR_14,0.22148760330578515,0.08616470425770816,5,20,fold_1
bull,Close_D_lag60,0.228099173553719,0.17073668110567575,5,21,fold_1
bull,Low_M,0.24297520661157024,0.11355744818061267,5,22,fold_1
bull,High_W,0.24628099173553716,0.3006833734789378,5,23,fold_1
bull,Close_W_lag4,0.24958677685950414,0.23798209117257468,5,24,fold_1
bull,High_D,0.24958677685950414,0.12928008064966265,5,25,fold_1
bull,Direction_lag2,0.2545454545454545,0.10509199576206169,5,26,fold_1
bull,Close_M_lag1,0.2611570247933884,0.3149508598538337,5,27,fold_1
bull,Momentum_60,0.26280991735537185,0.089470205637847,5,28,fold_1
bull,Close_W,0.2628099173553719,0.18006290213750278,5,29,fold_1
bull,Close_D_lag3,0.2644628099173554,0.15361677930116618,5,30,fold_1
bull,Close_M_lag3,0.26776859504132233,0.17429985225076455,5,31,fold_1
bull,SMA_20,0.27603305785123966,0.280419933521461,5,32,fold_1
bull,Close_D_lag2,0.2793388429752066,0.14614318577773566,5,33,fold_1
bull,StochK_14,0.28264462809917357,0.13907890226752154,5,34,fold_1
bull,High_M,0.2909090909090909,0.1848359625109812,5,35,fold_1
bull,Direction_lag5,0.2975206611570248,0.12492740874240474,5,36,fold_1
bull,VMD_IMF_1,0.2975206611570248,0.17638385099514914,5,37,fold_1
bull,Open_M,0.3223140495867769,0.1596132885605617,5,38,fold_1
bull,PlusDI_14,0.32561983471074385,0.06549293473110396,5,39,fold_1
bull,Return_60D,0.3355371900826446,0.18896545569623538,5,40,fold_1
bull,Open_D,0.343801652892562,0.24590075478426193,5,41,fold_1
bull,Close_D_lag10,0.3487603305785124,0.2234005218962698,5,42,fold_1
bull,ADX_14,0.35041322314049583,0.3076001527498373,5,43,fold_1
bull,Down_Ratio_5,0.36198347107438017,0.16366975199901193,5,44,fold_1
bull,Close_Position_W,0.371900826446281,0.09015464557550176,5,45,fold_1
bull,RSI_14,0.3851239669421488,0.160743270516873,5,46,fold_1
bull,MinusDI_14,0.3933884297520661,0.17498426558984131,5,47,fold_1
bull,Body_M,0.40826446280991735,0.2758771272348069,5,48,fold_1
bull,Body_to_Range_D,0.4297520661157025,0.24682949624905917,5,49,fold_1
bull,Close_to_SMA_60,0.4380165289256198,0.1387839307747658,5,50,fold_1
bull,Volume_MA_20,0.4380165289256198,0.14737648347212404,5,51,fold_1
bull,Up_Ratio_20,0.4429752066115703,0.16535122805187683,5,52,fold_1
bull,Volume_Change_1D,0.45785123966942143,0.10544884567098566,5,53,fold_1
bull,Volume_Ratio_20,0.4644628099173554,0.1006094399572443,5,54,fold_1
bull,Up_Ratio_5,0.47107438016528924,0.25559780320978703,5,55,fold_1
bull,Down_Ratio_10,0.48925619834710743,0.2119476231510056,5,56,fold_1
bull,MACD_Signal_9,0.49421487603305786,0.20845458985190468,5,57,fold_1
bull,ROC_20,0.5206611570247934,0.13364431098178703,5,58,fold_1
bull,VMD_Noise_Energy_Ratio,0.5206611570247934,0.20874927174074523,5,59,fold_1
bull,Volatility_60,0.5206611570247934,0.23199452640691243,5,60,fold_1
bull,Direction_lag3,0.5305785123966942,0.23371047478781246,5,61,fold_1
bull,Close_Position_M,0.5338842975206612,0.1939597409812359,5,62,fold_1
bull,Return_20D,0.5371900826446281,0.09072106776900887,5,63,fold_1
bull,Change_pct_M,0.540495867768595,0.23004321881265197,5,64,fold_1
bull,Close_Position_D,0.547107438016529,0.1548787672743468,5,65,fold_1
bull,VMD_IMF_2,0.5487603305785124,0.18623486049458707,5,66,fold_1
bull,Down_Ratio_20,0.5570247933884298,0.1997710594580233,5,67,fold_1
bull,StochD_3,0.5619834710743802,0.2338273446412414,5,68,fold_1
bull,Body_abs_D,0.575206611570248,0.1447579110466864,5,69,fold_1
bull,Momentum_20,0.5801652892561984,0.23962667045331473,5,70,fold_1
bull,Volatility_10,0.5867768595041323,0.21865713314583393,5,71,fold_1
bull,Volume_D_lag5,0.5917355371900826,0.1156434323947888,5,72,fold_1
bull,VMD_IMF_4,0.5950413223140496,0.11511064691887701,5,73,fold_1
bull,Volume_Change_5D,0.5983471074380166,0.16617531104351757,5,74,fold_1
bull,Volatility_5,0.6033057851239669,0.18340777703448055,5,75,fold_1
bull,Up_Ratio_10,0.6132231404958678,0.18053642870628955,5,76,fold_1
bull,Volatility_20,0.6181818181818182,0.19011857367947915,5,77,fold_1
bull,CCI_20,0.6247933884297521,0.23026579107629178,5,78,fold_1
bull,ROC_60,0.6396694214876033,0.10593352194488825,5,79,fold_1
bull,MACD_12_26,0.6462809917355372,0.20331250408839607,5,80,fold_1
bull,Body_W,0.6595041322314049,0.2009471459891455,5,81,fold_1
bull,Volume_Ratio_5,0.662809917355372,0.24019605861605542,5,82,fold_1
bull,Volume_MA_5,0.6727272727272727,0.21340884987212447,5,83,fold_1
bull,Volume_D_lag1,0.6859504132231404,0.22572727741731674,5,84,fold_1
bull,Spread_M,0.6991735537190082,0.19404775647833794,5,85,fold_1
bull,Volume_W,0.7024793388429752,0.21535230117017165,5,86,fold_1
bull,Ratio_Close_D_to_M,0.7041322314049587,0.15130965277812644,5,87,fold_1
bull,MACD_Histogram,0.7123966942148761,0.21267146262316197,5,88,fold_1
bull,Change_pct_D_lag5,0.715702479338843,0.15223221255876448,5,89,fold_1
bull,Change_pct_D_lag10,0.7173553719008264,0.1564146475595455,5,90,fold_1
bull,Upper_Shadow_D,0.7173553719008264,0.2002661980940292,5,91,fold_1
bull,Volume_D_lag2,0.7173553719008264,0.0643885989447354,5,92,fold_1
bull,ROC_10,0.7206611570247934,0.18948883172509604,5,93,fold_1
bull,Spread_W,0.7322314049586777,0.13922615366108734,5,94,fold_1
bull,Volume_M,0.737190082644628,0.24104761904633396,5,95,fold_1
bull,Return_5D,0.7421487603305785,0.07046635949518086,5,96,fold_1
bull,Close_to_SMA_10,0.7471074380165289,0.19013653565917624,5,97,fold_1
bull,Close_to_SMA_20,0.7471074380165289,0.21792183358152384,5,98,fold_1
bull,Return_10D,0.7520661157024794,0.2163806191997694,5,99,fold_1
bull,Change_pct_D,0.7537190082644628,0.15997660507877146,5,100,fold_1
bull,Momentum_5,0.7537190082644628,0.21097864082921206,5,101,fold_1
bull,Volume_D_lag3,0.7586776859504132,0.24782366696186856,5,102,fold_1
bull,Volume_D_lag10,0.7652892561983471,0.1271760929697279,5,103,fold_1
bull,Change_pct_D_lag2,0.7702479338842976,0.08556812631765143,5,104,fold_1
bull,Volume_D,0.7768595041322314,0.1289626986308036,5,105,fold_1
bull,Ratio_Close_D_to_W,0.7785123966942149,0.2119476231510056,5,106,fold_1
bull,Change_pct_D_lag3,0.7818181818181819,0.15401641894560755,5,107,fold_1
bull,Momentum_10,0.8148760330578512,0.1225260615090694,5,108,fold_1
bull,Spread_D,0.8264462809917354,0.09690941652527749,5,109,fold_1
bull,ROC_5,0.8297520661157025,0.06255930865380353,5,110,fold_1
bull,Return_1D,0.8330578512396695,0.0892791522367365,5,111,fold_1
bull,VMD_IMF_3,0.8347107438016529,0.14206705320389332,5,112,fold_1
bull,Ratio_Volume_D_to_W,0.8380165289256197,0.13473862714011736,5,113,fold_1
bull,Return_3D,0.8446280991735537,0.07606000241218873,5,114,fold_1
bull,Change_pct_W,0.8462809917355372,0.08500754294627302,5,115,fold_1
bull,Volume_Change_20D,0.8462809917355372,0.10013309904701462,5,116,fold_1
bull,Close_to_SMA_5,0.8561983471074381,0.13346531727726516,5,117,fold_1
bull,Change_pct_D_lag1,0.8710743801652893,0.13600001607090395,5,118,fold_1
bull,Change_pct_D_lag20,0.8793388429752067,0.03437460221997591,5,119,fold_1
bull,Volume_D_lag20,0.9024793388429753,0.08831768599928956,5,120,fold_1
bull,Lower_Shadow_D,0.9438016528925621,0.07583517188069065,5,121,fold_1
bull,Body_D,0.9636363636363636,0.04156950856184889,5,122,fold_1
global,Close_D,0.0,0.0,5,1,fold_1
global,WMA_5,0.057851239669421496,0.04711468698756769,5,2,fold_1
global,WMA_60,0.05950413223140496,0.060843511799358554,5,3,fold_1
global,WMA_10,0.07768595041322315,0.0447351028189235,5,4,fold_1
global,SMA_5,0.08099173553719008,0.06800000803545195,5,5,fold_1
global,SMA_60,0.08264462809917356,0.06688600849685392,5,6,fold_1
global,Close_D_lag1,0.08429752066115703,0.0709493422523463,5,7,fold_1
global,Close_M,0.09090909090909091,0.07551928463841763,5,8,fold_1
global,VMD_Denoised_Close,0.10413223140495868,0.07588019128025143,5,9,fold_1
global,Close_W_lag2,0.13884297520661157,0.06358804648486395,5,10,fold_1
global,Close_W_lag1,0.14214876033057852,0.14042292710376603,5,11,fold_1
global,Direction_lag1,0.14380165289256197,0.08480643657762181,5,12,fold_1
global,Low_D,0.15206611570247935,0.09139614083272234,5,13,fold_1
global,Open_W,0.15702479338842976,0.10995152641033115,5,14,fold_1
global,Close_D_lag20,0.19504132231404958,0.12500939108224154,5,15,fold_1
global,Close_D_lag60,0.2,0.17622889041087947,5,16,fold_1
global,WMA_20,0.20165289256198346,0.1458156674212845,5,17,fold_1
global,WilliamsR_14,0.20330578512396694,0.08067910652473244,5,18,fold_1
global,Close_D_lag5,0.20495867768595044,0.07650768139526028,5,19,fold_1
global,SMA_10,0.20826446280991737,0.18418816011889322,5,20,fold_1
global,Low_W,0.2165289256198347,0.09556092244338683,5,21,fold_1
global,Low_M,0.228099173553719,0.11430681257533953,5,22,fold_1
global,Close_M_lag3,0.2363636363636364,0.1409327189903617,5,23,fold_1
global,SMA_20,0.2396694214876033,0.2318472750265378,5,24,fold_1
global,High_W,0.2429752066115703,0.2918186382240124,5,25,fold_1
global,Direction_lag2,0.24628099173553722,0.09228855719103225,5,26,fold_1
global,Close_M_lag1,0.24793388429752067,0.30505832769077273,5,27,fold_1
global,Close_W_lag4,0.2512396694214876,0.2435283522084217,5,28,fold_1
global,StochK_14,0.2512396694214876,0.12377395446473599,5,29,fold_1
global,Close_D_lag3,0.2545454545454545,0.12539126661176977,5,30,fold_1
global,Close_W,0.2611570247933884,0.16285396056536575,5,31,fold_1
global,High_D,0.2644628099173554,0.137423877258809,5,32,fold_1
global,Open_M,0.26776859504132233,0.122665343197223,5,33,fold_1
global,VMD_IMF_1,0.27438016528925624,0.16040298271416967,5,34,fold_1
global,Direction_lag5,0.27603305785123966,0.11430681257533955,5,35,fold_1
global,High_M,0.284297520661157,0.2142871778809775,5,36,fold_1
global,Momentum_60,0.287603305785124,0.10043957753665679,5,37,fold_1
global,Close_D_lag2,0.31239669421487604,0.16687258185583972,5,38,fold_1
global,Close_D_lag10,0.31900826446280994,0.19994193542755753,5,39,fold_1
global,Open_D,0.3404958677685951,0.26312938636791827,5,40,fold_1
global,Close_Position_W,0.3421487603305785,0.10148814170584299,5,41,fold_1
global,PlusDI_14,0.36198347107438017,0.053047294333491604,5,42,fold_1
global,Down_Ratio_5,0.36363636363636365,0.16497904774939776,5,43,fold_1
global,MinusDI_14,0.37024793388429755,0.12741754131212757,5,44,fold_1
global,Return_60D,0.37024793388429755,0.18034716727601982,5,45,fold_1
global,ADX_14,0.3884297520661157,0.3085645405387516,5,46,fold_1
global,Body_to_Range_D,0.3950413223140496,0.27111973013115237,5,47,fold_1
global,RSI_14,0.40165289256198344,0.14213915016524753,5,48,fold_1
global,Body_M,0.42809917355371896,0.2730651550861163,5,49,fold_1
global,Volume_MA_20,0.4330578512396694,0.160743270516873,5,50,fold_1
global,Close_to_SMA_60,0.4545454545454545,0.13080323794499515,5,51,fold_1
global,Direction_lag3,0.4776859504132231,0.2108167107717155,5,52,fold_1
global,Volume_Change_1D,0.4776859504132232,0.11516996701913947,5,53,fold_1
global,Up_Ratio_5,0.48429752066115694,0.27113232599773596,5,54,fold_1
global,Volume_Ratio_20,0.512396694214876,0.11511064691887704,5,55,fold_1
global,Close_Position_D,0.515702479338843,0.17063664202688988,5,56,fold_1
global,Close_Position_M,0.515702479338843,0.20748575394869986,5,57,fold_1
global,VMD_Noise_Energy_Ratio,0.5157024793388431,0.2008791550733136,5,58,fold_1
global,MACD_Signal_9,0.5173553719008265,0.21010273587044154,5,59,fold_1
global,Down_Ratio_10,0.5190082644628099,0.21427124041653386,5,60,fold_1
global,Up_Ratio_20,0.5239669421487603,0.18660124853417057,5,61,fold_1
global,ROC_20,0.5305785123966942,0.1453230058865009,5,62,fold_1
global,Change_pct_M,0.5355371900826447,0.22094110449380308,5,63,fold_1
global,Return_20D,0.5520661157024793,0.08851081478010107,5,64,fold_1
global,StochD_3,0.5537190082644627,0.24627544505374116,5,65,fold_1
global,Body_abs_D,0.575206611570248,0.16617531104351754,5,66,fold_1
global,Volatility_5,0.575206611570248,0.1637948977433057,5,67,fold_1
global,VMD_IMF_2,0.5768595041322314,0.19074623657440093,5,68,fold_1
global,VMD_IMF_4,0.5768595041322314,0.11910579107638938,5,69,fold_1
global,Volatility_10,0.578512396694215,0.19513585046475365,5,70,fold_1
global,Volatility_60,0.5900826446280991,0.22982043099642147,5,71,fold_1
global,Momentum_20,0.5933884297520662,0.23704749940230202,5,72,fold_1
global,Volume_D_lag5,0.6049586776859505,0.1350930032509259,5,73,fold_1
global,CCI_20,0.6132231404958677,0.22703970022091263,5,74,fold_1
global,Body_W,0.6165289256198347,0.20977739851845695,5,75,fold_1
global,Down_Ratio_20,0.6247933884297521,0.17769555999384795,5,76,fold_1
global,Up_Ratio_10,0.6363636363636364,0.16394078037088738,5,77,fold_1
global,Volume_Change_5D,0.6413223140495867,0.1441669152293934,5,78,fold_1
global,MACD_12_26,0.6495867768595042,0.19597409674540645,5,79,fold_1
global,ROC_60,0.6611570247933884,0.09276836496133739,5,80,fold_1
global,Change_pct_D_lag5,0.662809917355372,0.17486712783337588,5,81,fold_1
global,Change_pct_D_lag10,0.6826446280991736,0.17979718252083038,5,82,fold_1
global,Volume_Ratio_5,0.684297520661157,0.25415070819077945,5,83,fold_1
global,Volatility_20,0.6892561983471074,0.16648329050903146,5,84,fold_1
global,Spread_M,0.6909090909090909,0.2283296236759826,5,85,fold_1
global,Change_pct_D,0.6975206611570248,0.17644192612738033,5,86,fold_1
global,Upper_Shadow_D,0.6991735537190082,0.19067460824420931,5,87,fold_1
global,Volume_MA_5,0.7008264462809917,0.2191563509946079,5,88,fold_1
global,Close_to_SMA_10,0.7123966942148761,0.2084545898519047,5,89,fold_1
global,Volume_W,0.7256198347107438,0.2044849230076624,5,90,fold_1
global,Change_pct_D_lag2,0.7272727272727273,0.08608539940495726,5,91,fold_1
global,Return_5D,0.7272727272727273,0.0764183554087063,5,92,fold_1
global,MACD_Histogram,0.7289256198347107,0.20154108809510968,5,93,fold_1
global,ROC_10,0.7289256198347107,0.17680929232384618,5,94,fold_1
global,Close_to_SMA_20,0.7305785123966941,0.2283296236759826,5,95,fold_1
global,Ratio_Close_D_to_M,0.7322314049586777,0.1567635931076959,5,96,fold_1
global,Momentum_5,0.7388429752066116,0.20391630430798197,5,97,fold_1
global,Volume_D_lag1,0.7388429752066116,0.18959693604028433,5,98,fold_1
global,Spread_W,0.743801652892562,0.14206705320389326,5,99,fold_1
global,Volume_D_lag2,0.743801652892562,0.06401625365632095,5,100,fold_1
global,Ratio_Close_D_to_W,0.7504132231404959,0.2561583546498578,5,101,fold_1
global,Return_10D,0.7520661157024794,0.21982538972347745,5,102,fold_1
global,Volume_M,0.7537190082644628,0.23531234737354156,5,103,fold_1
global,Change_pct_D_lag3,0.7603305785123966,0.16152744037762037,5,104,fold_1
global,Volume_D_lag3,0.7669421487603306,0.22779054458884906,5,105,fold_1
global,Volume_D_lag10,0.775206611570248,0.1475386011269078,5,106,fold_1
global,Return_1D,0.7834710743801653,0.08395652958148961,5,107,fold_1
global,Volume_D,0.7983471074380166,0.11204368482699056,5,108,fold_1
global,Return_3D,0.803305785123967,0.09715578188221878,5,109,fold_1
global,Spread_D,0.8132231404958677,0.11519961561456413,5,110,fold_1
global,ROC_5,0.8181818181818181,0.08160503164517148,5,111,fold_1
global,Change_pct_W,0.8297520661157025,0.10737442491842458,5,112,fold_1
global,Momentum_10,0.8363636363636363,0.11442625546328261,5,113,fold_1
global,Close_to_SMA_5,0.8413223140495868,0.14892094176341972,5,114,fold_1
global,VMD_IMF_3,0.8413223140495868,0.1439061081631664,5,115,fold_1
global,Change_pct_D_lag1,0.859504132231405,0.15886266765901724,5,116,fold_1
global,Change_pct_D_lag20,0.859504132231405,0.03554679862414308,5,117,fold_1
global,Ratio_Volume_D_to_W,0.8727272727272727,0.10800865621622842,5,118,fold_1
global,Volume_Change_20D,0.8793388429752067,0.08835634552663862,5,119,fold_1
global,Volume_D_lag20,0.8809917355371901,0.1041453487737082,5,120,fold_1
global,Body_D,0.947107438016529,0.04769103486364798,5,121,fold_1
global,Lower_Shadow_D,0.9487603305785124,0.07515664492158453,5,122,fold_1
sideway,Close_D,0.0,0.0,5,1,fold_1
sideway,WMA_5,0.05289256198347107,0.0415695085618489,5,2,fold_1
sideway,WMA_60,0.05950413223140496,0.060843511799358554,5,3,fold_1
sideway,SMA_5,0.07107438016528926,0.05802806506294862,5,4,fold_1
sideway,WMA_10,0.07603305785123968,0.0423024260894867,5,5,fold_1
sideway,Close_D_lag1,0.08264462809917356,0.07109359724828618,5,6,fold_1
sideway,SMA_60,0.08264462809917356,0.06454751798269963,5,7,fold_1
sideway,Close_M,0.08429752066115703,0.06998004340501339,5,8,fold_1
sideway,VMD_Denoised_Close,0.10247933884297522,0.07336311081379222,5,9,fold_1
sideway,Close_W_lag1,0.1322314049586777,0.12601612133865212,5,10,fold_1
sideway,Close_W_lag2,0.13388429752066117,0.062230911064518016,5,11,fold_1
sideway,Direction_lag1,0.14545454545454545,0.08560802752118057,5,12,fold_1
sideway,Open_W,0.14710743801652892,0.09715578188221881,5,13,fold_1
sideway,Low_D,0.1487603305785124,0.08726740529728462,5,14,fold_1
sideway,WMA_20,0.18347107438016527,0.13993568438863824,5,15,fold_1
sideway,Close_D_lag20,0.1884297520661157,0.11546611039056516,5,16,fold_1
sideway,SMA_10,0.19008264462809915,0.15137734780177026,5,17,fold_1
sideway,Close_D_lag5,0.19504132231404958,0.07289612254942131,5,18,fold_1
sideway,Close_D_lag60,0.19834710743801653,0.17443694974549948,5,19,fold_1
sideway,Low_W,0.20826446280991737,0.08966085193464805,5,20,fold_1
sideway,SMA_20,0.21983471074380168,0.21010273587044154,5,21,fold_1
sideway,WilliamsR_14,0.2231404958677686,0.07275544157710334,5,22,fold_1
sideway,Close_M_lag3,0.22644628099173553,0.12308224258599315,5,23,fold_1
sideway,Low_M,0.22644628099173553,0.10131975243819445,5,24,fold_1
sideway,High_W,0.2347107438016529,0.27320269105976047,5,25,fold_1
sideway,Close_D_lag3,0.23801652892561984,0.11967786829236864,5,26,fold_1
sideway,Close_M_lag1,0.23801652892561984,0.29274169201645234,5,27,fold_1
sideway,Close_W_lag4,0.2396694214876033,0.22268088570756162,5,28,fold_1
sideway,Direction_lag2,0.2396694214876033,0.07275544157710334,5,29,fold_1
sideway,VMD_IMF_1,0.2512396694214876,0.13101193889613352,5,30,fold_1
sideway,Close_W,0.256198347107438,0.17365207759876608,5,31,fold_1
sideway,High_D,0.2628099173553719,0.12277665478382732,5,32,fold_1
sideway,Open_M,0.26942148760330575,0.11549568296382264,5,33,fold_1
sideway,Direction_lag5,0.27603305785123966,0.11696477893349932,5,34,fold_1
sideway,StochK_14,0.284297520661157,0.1278456568948908,5,35,fold_1
sideway,High_M,0.28429752066115704,0.22226642397482252,5,36,fold_1
sideway,Close_D_lag2,0.2892561983471075,0.16247605992840908,5,37,fold_1
sideway,Close_D_lag10,0.31404958677685946,0.18645477971369384,5,38,fold_1
sideway,Close_Position_W,0.315702479338843,0.08063676639768906,5,39,fold_1
sideway,Momentum_60,0.31735537190082647,0.10365231137264891,5,40,fold_1
sideway,Open_D,0.3256198347107438,0.23892732074715226,5,41,fold_1
sideway,Down_Ratio_5,0.37024793388429755,0.16502044256820234,5,42,fold_1
sideway,Body_to_Range_D,0.38181818181818183,0.2697938915881077,5,43,fold_1
sideway,ADX_14,0.4033057851239669,0.3005697751623372,5,44,fold_1
sideway,Volume_MA_20,0.41487603305785126,0.14544045761979793,5,45,fold_1
sideway,MinusDI_14,0.4198347107438017,0.14139237546111041,5,46,fold_1
sideway,Return_60D,0.4314049586776859,0.2129923794536978,5,47,fold_1
sideway,Body_M,0.4380165289256198,0.27216320330702665,5,48,fold_1
sideway,PlusDI_14,0.43966942148760335,0.05207267438685412,5,49,fold_1
sideway,Volume_Change_1D,0.46280991735537186,0.15103856927683526,5,50,fold_1
sideway,Up_Ratio_5,0.4743801652892562,0.27339012860855033,5,51,fold_1
sideway,Direction_lag3,0.4826446280991735,0.23063626753793884,5,52,fold_1
sideway,VMD_Noise_Energy_Ratio,0.487603305785124,0.19178184108879817,5,53,fold_1
sideway,RSI_14,0.4909090909090909,0.19254602140064087,5,54,fold_1
sideway,Close_Position_D,0.49256198347107444,0.17113625263530294,5,55,fold_1
sideway,Volume_Ratio_20,0.5008264462809917,0.11158555144509186,5,56,fold_1
sideway,Down_Ratio_10,0.5024793388429752,0.22140432627108064,5,57,fold_1
sideway,Close_Position_M,0.5074380165289256,0.20002731867243995,5,58,fold_1
sideway,Up_Ratio_20,0.5256198347107438,0.19245731912413144,5,59,fold_1
sideway,Close_to_SMA_60,0.5322314049586777,0.15828118505618663,5,60,fold_1
sideway,Change_pct_M,0.543801652892562,0.23378352529276514,5,61,fold_1
sideway,Volatility_5,0.543801652892562,0.17786844366697,5,62,fold_1
sideway,Body_abs_D,0.5537190082644627,0.15626173885280198,5,63,fold_1
sideway,StochD_3,0.5702479338842975,0.2541238324218479,5,64,fold_1
sideway,Body_W,0.5735537190082645,0.21026521577707766,5,65,fold_1
sideway,Volatility_60,0.5752066115702479,0.21940553396423298,5,66,fold_1
sideway,ROC_20,0.575206611570248,0.17576318893944246,5,67,fold_1
sideway,VMD_IMF_4,0.575206611570248,0.12930649398749058,5,68,fold_1
sideway,Volume_D_lag5,0.575206611570248,0.1374984088799036,5,69,fold_1
sideway,Volatility_10,0.5818181818181818,0.18669273319355403,5,70,fold_1
sideway,MACD_Signal_9,0.5900826446280991,0.19562526397197505,5,71,fold_1
sideway,Down_Ratio_20,0.6,0.1913896852268396,5,72,fold_1
sideway,Return_20D,0.6082644628099174,0.06729323301098278,5,73,fold_1
sideway,Up_Ratio_10,0.6115702479338843,0.170576590417771,5,74,fold_1
sideway,Volume_Change_5D,0.6181818181818182,0.15869059864815604,5,75,fold_1
sideway,CCI_20,0.6247933884297521,0.22539418983206724,5,76,fold_1
sideway,Change_pct_D_lag5,0.6297520661157024,0.17863479122124026,5,77,fold_1
sideway,VMD_IMF_2,0.6446280991735538,0.21191539512327418,5,78,fold_1
sideway,Momentum_20,0.6545454545454545,0.22362970554430037,5,79,fold_1
sideway,Change_pct_D_lag10,0.656198347107438,0.17203189535946095,5,80,fold_1
sideway,Spread_M,0.656198347107438,0.25974616286090096,5,81,fold_1
sideway,Upper_Shadow_D,0.6661157024793388,0.2035810808291195,5,82,fold_1
sideway,Volume_Ratio_5,0.6661157024793388,0.2587582057238725,5,83,fold_1
sideway,Change_pct_D,0.6892561983471074,0.19527580805883743,5,84,fold_1
sideway,Return_5D,0.7074380165289256,0.08358963840324152,5,85,fold_1
sideway,Volatility_20,0.7074380165289257,0.16042427184860733,5,86,fold_1
sideway,Spread_W,0.7090909090909091,0.15119676038549543,5,87,fold_1
sideway,Volume_MA_5,0.7090909090909091,0.2223278744664514,5,88,fold_1
sideway,Change_pct_D_lag2,0.7173553719008264,0.09412058497525908,5,89,fold_1
sideway,MACD_12_26,0.7173553719008264,0.18822302709760627,5,90,fold_1
sideway,Volume_M,0.7206611570247934,0.24567844645107004,5,91,fold_1
sideway,ROC_60,0.7223140495867769,0.08025470007477829,5,92,fold_1
sideway,Momentum_5,0.7305785123966941,0.20715630668793886,5,93,fold_1
sideway,Volume_D_lag2,0.7322314049586777,0.055624193951946614,5,94,fold_1
sideway,Volume_W,0.7322314049586777,0.2075680340621567,5,95,fold_1
sideway,MACD_Histogram,0.7338842975206612,0.2035643051642376,5,96,fold_1
sideway,Close_to_SMA_10,0.7371900826446282,0.17564657064355185,5,97,fold_1
sideway,Volume_D_lag1,0.7404958677685951,0.17731077054272307,5,98,fold_1
sideway,Ratio_Close_D_to_W,0.743801652892562,0.25772671288450705,5,99,fold_1
sideway,Change_pct_D_lag3,0.7454545454545455,0.15465811070514468,5,100,fold_1
sideway,Volume_D_lag10,0.7454545454545455,0.15674180676986466,5,101,fold_1
sideway,ROC_10,0.7537190082644628,0.15355007157016318,5,102,fold_1
sideway,Volume_D_lag3,0.7537190082644628,0.23283208102047634,5,103,fold_1
sideway,Close_to_SMA_20,0.7586776859504132,0.2182976151514739,5,104,fold_1
sideway,Ratio_Close_D_to_M,0.7636363636363637,0.1613793761701604,5,105,fold_1
sideway,Return_10D,0.7735537190082644,0.21396820304222938,5,106,fold_1
sideway,Return_1D,0.7801652892561983,0.08560802752118053,5,107,fold_1
sideway,Volume_D,0.7834710743801653,0.11262131177592175,5,108,fold_1
sideway,Return_3D,0.7983471074380166,0.10816663298080263,5,109,fold_1
sideway,VMD_IMF_3,0.8,0.15901307530393505,5,110,fold_1
sideway,Change_pct_W,0.8066115702479338,0.13524459447488685,5,111,fold_1
sideway,ROC_5,0.8231404958677686,0.10098213153127888,5,112,fold_1
sideway,Spread_D,0.824793388429752,0.1142769323467346,5,113,fold_1
sideway,Close_to_SMA_5,0.8330578512396695,0.16900775929929152,5,114,fold_1
sideway,Change_pct_D_lag20,0.8413223140495868,0.047976612475041286,5,115,fold_1
sideway,Momentum_10,0.849586776859504,0.11155494232328565,5,116,fold_1
sideway,Change_pct_D_lag1,0.8545454545454545,0.15935633112767542,5,117,fold_1
sideway,Volume_D_lag20,0.8545454545454545,0.12811250263897997,5,118,fold_1
sideway,Ratio_Volume_D_to_W,0.8661157024793388,0.11635001798597067,5,119,fold_1
sideway,Volume_Change_20D,0.8776859504132231,0.09265786061602617,5,120,fold_1
sideway,Lower_Shadow_D,0.9438016528925621,0.07606000241218869,5,121,fold_1
sideway,Body_D,0.9504132231404959,0.040063469896002714,5,122,fold_1
bear,Close_D,0.0,0.0,5,1,fold_2
bear,Close_D_lag1,0.0628099173553719,0.042383079024654824,5,2,fold_2
bear,SMA_60,0.06446280991735538,0.05647718863890872,5,3,fold_2
bear,WMA_60,0.12892561983471076,0.22064722771524287,5,4,fold_2
bear,WilliamsR_14,0.1322314049586777,0.060449334042676835,5,5,fold_2
bear,WMA_5,0.13719008264462812,0.11370771614125748,5,6,fold_2
bear,SMA_5,0.143801652892562,0.13861157418996234,5,7,fold_2
bear,StochK_14,0.14545454545454545,0.12098338046390283,5,8,fold_2
bear,VMD_Denoised_Close,0.15206611570247935,0.08969893257001743,5,9,fold_2
bear,WMA_10,0.15206611570247935,0.1633773724714257,5,10,fold_2
bear,Close_D_lag60,0.16033057851239668,0.08235486392299579,5,11,fold_2
bear,Low_D,0.16198347107438016,0.09379346088668501,5,12,fold_2
bear,Close_D_lag20,0.16363636363636364,0.13471327888909068,5,13,fold_2
bear,Close_W_lag2,0.18512396694214878,0.10098213153127886,5,14,fold_2
bear,Low_W,0.19008264462809918,0.09109672597127522,5,15,fold_2
bear,Close_M_lag1,0.1950413223140496,0.12112443610288437,5,16,fold_2
bear,StochD_3,0.19834710743801653,0.06840060064978036,5,17,fold_2
bear,Low_M,0.20330578512396694,0.10942223664570966,5,18,fold_2
bear,Close_W_lag4,0.20495867768595044,0.1767126910532773,5,19,fold_2
bear,Close_D_lag2,0.21983471074380168,0.10249266775489253,5,20,fold_2
bear,Close_D_lag5,0.22975206611570248,0.07978524552824574,5,21,fold_2
bear,Open_W,0.23140495867768593,0.19231531038380326,5,22,fold_2
bear,Direction_lag5,0.2330578512396694,0.10328925487582144,5,23,fold_2
bear,High_M,0.23305785123966943,0.1554290382015618,5,24,fold_2
bear,SMA_10,0.24132231404958676,0.274437413125664,5,25,fold_2
bear,Direction_lag1,0.24628099173553716,0.15922769690965016,5,26,fold_2
bear,Direction_lag2,0.24628099173553722,0.16860314354214825,5,27,fold_2
bear,High_W,0.24793388429752067,0.17007533576245187,5,28,fold_2
bear,Close_W_lag1,0.2528925619834711,0.35798577434047324,5,29,fold_2
bear,WMA_20,0.25950413223140495,0.1700351715546035,5,30,fold_2
bear,SMA_20,0.2628099173553719,0.26182830350249026,5,31,fold_2
bear,High_D,0.2644628099173553,0.22321700555486784,5,32,fold_2
bear,Close_D_lag10,0.26611570247933886,0.1416337007356375,5,33,fold_2
bear,Close_D_lag3,0.27272727272727276,0.2192809778747372,5,34,fold_2
bear,VMD_IMF_1,0.28264462809917357,0.15761091133429697,5,35,fold_2
bear,Close_M,0.29256198347107437,0.32398380796037335,5,36,fold_2
bear,PlusDI_14,0.30413223140495865,0.13254095997837656,5,37,fold_2
bear,Up_Ratio_20,0.3041322314049587,0.15209755334394748,5,38,fold_2
bear,Body_to_Range_D,0.32066115702479336,0.11292413918939508,5,39,fold_2
bear,Close_M_lag3,0.3239669421487603,0.17329772541035315,5,40,fold_2
bear,Direction_lag3,0.32561983471074385,0.1289097256572683,5,41,fold_2
bear,Down_Ratio_10,0.33884297520661155,0.12749792248381414,5,42,fold_2
bear,RSI_14,0.3487603305785124,0.12374636022641185,5,43,fold_2
bear,MinusDI_14,0.35041322314049583,0.07405807212304084,5,44,fold_2
bear,Close_W,0.35206611570247937,0.27624824590925345,5,45,fold_2
bear,Down_Ratio_5,0.36528925619834707,0.1953457492530782,5,46,fold_2
bear,Open_D,0.38347107438016526,0.3325149893681451,5,47,fold_2
bear,Close_Position_D,0.39173553719008264,0.14273854200439368,5,48,fold_2
bear,Down_Ratio_20,0.3950413223140496,0.2059825134502397,5,49,fold_2
bear,ADX_14,0.3983471074380165,0.17191274593132008,5,50,fold_2
bear,Volatility_60,0.41652892561983473,0.1953632306392381,5,51,fold_2
bear,Open_M,0.41818181818181815,0.32884878042643195,5,52,fold_2
bear,Up_Ratio_5,0.42809917355371907,0.3156440601913853,5,53,fold_2
bear,Up_Ratio_10,0.4413223140495868,0.19439941997174107,5,54,fold_2
bear,Close_Position_M,0.4429752066115702,0.10577220995554484,5,55,fold_2
bear,VMD_Noise_Energy_Ratio,0.44958677685950416,0.15312691442944595,5,56,fold_2
bear,Body_M,0.4776859504132231,0.05677872409030637,5,57,fold_2
bear,Volatility_5,0.4991735537190083,0.1807443873820466,5,58,fold_2
bear,Close_Position_W,0.5008264462809917,0.20206569318348902,5,59,fold_2
bear,Return_60D,0.5256198347107438,0.22645231336599217,5,60,fold_2
bear,Momentum_60,0.5322314049586777,0.21139907848554254,5,61,fold_2
bear,Return_20D,0.5338842975206612,0.1335931943951087,5,62,fold_2
bear,Close_to_SMA_60,0.5371900826446281,0.09830890292041586,5,63,fold_2
bear,Momentum_20,0.540495867768595,0.2058332447305229,5,64,fold_2
bear,Volatility_20,0.540495867768595,0.21091388372491524,5,65,fold_2
bear,Spread_M,0.5454545454545454,0.2255002256139215,5,66,fold_2
bear,Volume_Change_1D,0.568595041322314,0.22771557156091932,5,67,fold_2
bear,Volatility_10,0.578512396694215,0.24200909858423675,5,68,fold_2
bear,Body_abs_D,0.5867768595041323,0.16300068531666134,5,69,fold_2
bear,Change_pct_M,0.5900826446280992,0.22862856282426497,5,70,fold_2
bear,Volume_Change_5D,0.6066115702479339,0.1481391991367569,5,71,fold_2
bear,Change_pct_D_lag5,0.6099173553719008,0.15040414103903899,5,72,fold_2
bear,CCI_20,0.6165289256198347,0.2435283522084217,5,73,fold_2
bear,MACD_12_26,0.6347107438016529,0.195083340480272,5,74,fold_2
bear,Momentum_10,0.6429752066115701,0.24253065533255766,5,75,fold_2
bear,Volume_MA_5,0.6462809917355372,0.2255305123947463,5,76,fold_2
bear,Close_to_SMA_20,0.6578512396694215,0.17488665624125777,5,77,fold_2
bear,VMD_IMF_3,0.6595041322314049,0.14187461552232886,5,78,fold_2
bear,Change_pct_D,0.6628099173553719,0.1794930212837546,5,79,fold_2
bear,MACD_Signal_9,0.6661157024793388,0.1308815398005233,5,80,fold_2
bear,ROC_20,0.6661157024793388,0.20079413405326396,5,81,fold_2
bear,Volume_Ratio_20,0.6694214876033058,0.04924122019757433,5,82,fold_2
bear,Volume_W,0.6727272727272727,0.2555042584063785,5,83,fold_2
bear,Volume_Ratio_5,0.684297520661157,0.21403203603978374,5,84,fold_2
bear,Change_pct_D_lag2,0.6892561983471074,0.10081289707092167,5,85,fold_2
bear,Close_to_SMA_5,0.6909090909090909,0.16053067517120867,5,86,fold_2
bear,VMD_IMF_2,0.6925619834710744,0.14707493372907496,5,87,fold_2
bear,MACD_Histogram,0.6942148760330579,0.15853988506818903,5,88,fold_2
bear,Volume_D_lag1,0.7041322314049587,0.16829904335435034,5,89,fold_2
bear,ROC_60,0.7057851239669422,0.1376225385511887,5,90,fold_2
bear,Momentum_5,0.7173553719008264,0.2702997397712429,5,91,fold_2
bear,Volume_MA_20,0.7256198347107439,0.13343972714813002,5,92,fold_2
bear,ROC_10,0.7289256198347107,0.2346583575573902,5,93,fold_2
bear,Body_W,0.7388429752066117,0.07565482638906318,5,94,fold_2
bear,Ratio_Close_D_to_M,0.7388429752066117,0.20649583535374594,5,95,fold_2
bear,Return_10D,0.7454545454545455,0.123884269954071,5,96,fold_2
bear,Volume_D_lag3,0.7487603305785124,0.15730727093137342,5,97,fold_2
bear,Volume_D_lag2,0.7537190082644628,0.1191057910763894,5,98,fold_2
bear,ROC_5,0.7586776859504132,0.06698804670796511,5,99,fold_2
bear,VMD_IMF_4,0.7619834710743801,0.22408736965398116,5,100,fold_2
bear,Volume_D,0.768595041322314,0.13080323794499515,5,101,fold_2
bear,Volume_D_lag5,0.771900826446281,0.16389911286980235,5,102,fold_2
bear,Change_pct_D_lag10,0.7735537190082644,0.22211272336590504,5,103,fold_2
bear,Change_pct_D_lag1,0.7768595041322314,0.12230288088387387,5,104,fold_2
bear,Close_to_SMA_10,0.7768595041322314,0.161738725543644,5,105,fold_2
bear,Spread_D,0.7768595041322314,0.10003073088355542,5,106,fold_2
bear,Spread_W,0.7851239669421488,0.14609644239391478,5,107,fold_2
bear,Upper_Shadow_D,0.7966942148760331,0.18196838273749272,5,108,fold_2
bear,Return_1D,0.8066115702479338,0.10973389275008064,5,109,fold_2
bear,Return_3D,0.8082644628099173,0.14834653191720584,5,110,fold_2
bear,Change_pct_D_lag3,0.8082644628099175,0.17901673476446028,5,111,fold_2
bear,Volume_M,0.8165289256198347,0.1505176279193218,5,112,fold_2
bear,Ratio_Volume_D_to_W,0.8314049586776859,0.1358744041330738,5,113,fold_2
bear,Ratio_Close_D_to_W,0.8363636363636363,0.2028921411855393,5,114,fold_2
bear,Change_pct_D_lag20,0.8446280991735537,0.1032892548758214,5,115,fold_2
bear,Return_5D,0.8512396694214877,0.10189114054494174,5,116,fold_2
bear,Body_D,0.8545454545454545,0.17644192612738027,5,117,fold_2
bear,Volume_Change_20D,0.8826446280991735,0.0843623150755362,5,118,fold_2
bear,Volume_D_lag20,0.884297520661157,0.1493331487569641,5,119,fold_2
bear,Change_pct_W,0.8892561983471075,0.03723596802006219,5,120,fold_2
bear,Volume_D_lag10,0.9140495867768594,0.07123756013061146,5,121,fold_2
bear,Lower_Shadow_D,0.9338842975206612,0.06939196538738292,5,122,fold_2
bull,Close_D,0.0,0.0,5,1,fold_2
bull,Close_D_lag1,0.0628099173553719,0.05469551110008032,5,2,fold_2
bull,SMA_60,0.06446280991735538,0.05647718863890872,5,3,fold_2
bull,VMD_Denoised_Close,0.1140495867768595,0.060279611665489154,5,4,fold_2
bull,WMA_60,0.13388429752066117,0.2268139622203561,5,5,fold_2
bull,WMA_5,0.13553719008264462,0.12027562090728193,5,6,fold_2
bull,Low_D,0.14545454545454545,0.10365231137264891,5,7,fold_2
bull,SMA_5,0.14710743801652892,0.13496654716849815,5,8,fold_2
bull,WMA_10,0.15206611570247935,0.17817537822428914,5,9,fold_2
bull,Close_D_lag20,0.16528925619834708,0.1407387302969124,5,10,fold_2
bull,WilliamsR_14,0.1669421487603306,0.06621892768267812,5,11,fold_2
bull,StochK_14,0.17024793388429751,0.1458156674212845,5,12,fold_2
bull,Close_D_lag60,0.17851239669421487,0.1039812627276139,5,13,fold_2
bull,Low_W,0.19669421487603306,0.10892173208176262,5,14,fold_2
bull,Close_M_lag1,0.20826446280991737,0.14066591556566252,5,15,fold_2
bull,Close_D_lag2,0.2165289256198347,0.10145448621106715,5,16,fold_2
bull,Close_D_lag5,0.2214876033057851,0.0723789555233432,5,17,fold_2
bull,Close_W_lag2,0.2231404958677686,0.16057321675806155,5,18,fold_2
bull,Direction_lag1,0.2231404958677686,0.13389960120677397,5,19,fold_2
bull,High_M,0.22479338842975208,0.15443713886675145,5,20,fold_2
bull,StochD_3,0.228099173553719,0.09789115781709778,5,21,fold_2
bull,Direction_lag5,0.23140495867768598,0.12763177860727684,5,22,fold_2
bull,Direction_lag2,0.2330578512396694,0.19083573418012037,5,23,fold_2
bull,Low_M,0.23305785123966943,0.12980732623336902,5,24,fold_2
bull,SMA_10,0.23305785123966943,0.28403793645870995,5,25,fold_2
bull,Close_W_lag4,0.23801652892561984,0.1857574756639511,5,26,fold_2
bull,High_D,0.2512396694214876,0.2522083327294105,5,27,fold_2
bull,MinusDI_14,0.2512396694214876,0.05147904628891714,5,28,fold_2
bull,Open_W,0.2545454545454545,0.18288567168924827,5,29,fold_2
bull,WMA_20,0.2578512396694215,0.1646060259356636,5,30,fold_2
bull,Close_W_lag1,0.2611570247933884,0.3569348677689624,5,31,fold_2
bull,High_W,0.27107438016528923,0.20094714598914556,5,32,fold_2
bull,Close_D_lag10,0.27272727272727276,0.1203323948641408,5,33,fold_2
bull,Close_D_lag3,0.2793388429752066,0.273939205556562,5,34,fold_2
bull,Body_to_Range_D,0.2975206611570248,0.12160280140134015,5,35,fold_2
bull,SMA_20,0.2991735537190083,0.2882746036581581,5,36,fold_2
bull,VMD_IMF_1,0.31570247933884293,0.1868572927082655,5,37,fold_2
bull,Direction_lag3,0.31900826446280994,0.1337209492243364,5,38,fold_2
bull,Close_M,0.3239669421487603,0.33628341886687596,5,39,fold_2
bull,RSI_14,0.3355371900826446,0.1648340840191206,5,40,fold_2
bull,Up_Ratio_20,0.33884297520661155,0.11904843215609862,5,41,fold_2
bull,Close_W,0.3404958677685951,0.2811982712031037,5,42,fold_2
bull,Close_Position_M,0.3553719008264463,0.12722978775488142,5,43,fold_2
bull,PlusDI_14,0.3553719008264463,0.05127964316525147,5,44,fold_2
bull,Close_M_lag3,0.3669421487603306,0.1891460937794445,5,45,fold_2
bull,Volatility_60,0.3768595041322314,0.19874271841695743,5,46,fold_2
bull,Open_D,0.3785123966942149,0.3147773212444169,5,47,fold_2
bull,Close_Position_D,0.39008264462809916,0.15130965277812639,5,48,fold_2
bull,ADX_14,0.4,0.2017273944476826,5,49,fold_2
bull,Body_M,0.4,0.13101193889613352,5,50,fold_2
bull,Down_Ratio_5,0.4033057851239669,0.17815621030661502,5,51,fold_2
bull,VMD_Noise_Energy_Ratio,0.40991735537190077,0.15279201518527763,5,52,fold_2
bull,Down_Ratio_10,0.4214876033057851,0.1479546594212244,5,53,fold_2
bull,Down_Ratio_20,0.43966942148760335,0.22853892213749272,5,54,fold_2
bull,Open_M,0.4545454545454545,0.3723138202730878,5,55,fold_2
bull,Volatility_5,0.4661157024793388,0.1897769730536352,5,56,fold_2
bull,Up_Ratio_5,0.47603305785123967,0.2998417267988301,5,57,fold_2
bull,Up_Ratio_10,0.4793388429752066,0.20218396401198457,5,58,fold_2
bull,Return_20D,0.4958677685950413,0.1289626986308036,5,59,fold_2
bull,Momentum_20,0.5074380165289256,0.19058503497471793,5,60,fold_2
bull,Close_Position_W,0.5190082644628099,0.20406697521551193,5,61,fold_2
bull,Change_pct_M,0.5305785123966942,0.17968318239364223,5,62,fold_2
bull,Volume_Change_1D,0.5305785123966943,0.23998269636868153,5,63,fold_2
bull,Return_60D,0.5371900826446281,0.2616064758899903,5,64,fold_2
bull,Momentum_60,0.5570247933884298,0.2224200183708564,5,65,fold_2
bull,Volatility_20,0.5619834710743802,0.22580291061676447,5,66,fold_2
bull,Volatility_10,0.5669421487603306,0.19466275068346828,5,67,fold_2
bull,Volume_Change_5D,0.5669421487603306,0.14848459293537655,5,68,fold_2
bull,Spread_M,0.5702479338842975,0.2546608088947207,5,69,fold_2
bull,Body_abs_D,0.5785123966942148,0.16014729235600084,5,70,fold_2
bull,Close_to_SMA_60,0.5801652892561984,0.10509199576206175,5,71,fold_2
bull,MACD_12_26,0.6016528925619834,0.21065465623875643,5,72,fold_2
bull,Change_pct_D_lag5,0.6016528925619835,0.1661547587818543,5,73,fold_2
bull,Close_to_SMA_20,0.6297520661157024,0.17844351288046198,5,74,fold_2
bull,CCI_20,0.6363636363636364,0.2242092556405047,5,75,fold_2
bull,MACD_Signal_9,0.6446280991735537,0.15615242667513377,5,76,fold_2
bull,ROC_20,0.6446280991735537,0.20669419835371572,5,77,fold_2
bull,Momentum_10,0.6479338842975206,0.2431072896742086,5,78,fold_2
bull,Volume_Ratio_20,0.6512396694214876,0.06874920443995182,5,79,fold_2
bull,Volume_MA_5,0.6545454545454545,0.23826892036089115,5,80,fold_2
bull,Ratio_Close_D_to_M,0.662809917355372,0.23363740144244122,5,81,fold_2
bull,Volume_W,0.6677685950413224,0.2386269720165471,5,82,fold_2
bull,Change_pct_D,0.6710743801652892,0.1786347912212403,5,83,fold_2
bull,Volume_Ratio_5,0.6776859504132231,0.21431904925437914,5,84,fold_2
bull,VMD_IMF_2,0.6826446280991736,0.1546801905269011,5,85,fold_2
bull,MACD_Histogram,0.6859504132231404,0.15993390479639363,5,86,fold_2
bull,Change_pct_D_lag2,0.7008264462809917,0.10829284846479137,5,87,fold_2
bull,ROC_60,0.7024793388429752,0.19053127079997523,5,88,fold_2
bull,Spread_W,0.7041322314049587,0.1132261566829961,5,89,fold_2
bull,Volume_D_lag1,0.7057851239669422,0.16190755515698277,5,90,fold_2
bull,Close_to_SMA_5,0.7074380165289256,0.15924914316160413,5,91,fold_2
bull,Return_10D,0.7272727272727273,0.11643803969921797,5,92,fold_2
bull,Momentum_5,0.7305785123966941,0.263790467668173,5,93,fold_2
bull,Volume_MA_20,0.7322314049586777,0.15860449413902356,5,94,fold_2
bull,ROC_10,0.7371900826446282,0.24175496142910718,5,95,fold_2
bull,Spread_D,0.7421487603305785,0.09117167187121729,5,96,fold_2
bull,Volume_D_lag2,0.7421487603305785,0.10361935880104121,5,97,fold_2
bull,VMD_IMF_3,0.750413223140496,0.1315062762374617,5,98,fold_2
bull,ROC_5,0.7537190082644628,0.09004093355348662,5,99,fold_2
bull,Volume_D_lag5,0.7537190082644628,0.1682990433543503,5,100,fold_2
bull,Body_W,0.7619834710743801,0.07515664492158454,5,101,fold_2
bull,VMD_IMF_4,0.7636363636363637,0.22471133650783992,5,102,fold_2
bull,Volume_D,0.7652892561983471,0.12864453359352537,5,103,fold_2
bull,Change_pct_D_lag10,0.771900826446281,0.21547912821365675,5,104,fold_2
bull,Upper_Shadow_D,0.7818181818181819,0.18036610235584272,5,105,fold_2
bull,Volume_D_lag3,0.7818181818181819,0.18093323330899674,5,106,fold_2
bull,Change_pct_D_lag1,0.7851239669421488,0.12465374486775502,5,107,fold_2
bull,Close_to_SMA_10,0.7884297520661157,0.17750326953605872,5,108,fold_2
bull,Ratio_Volume_D_to_W,0.8016528925619835,0.16025387958401088,5,109,fold_2
bull,Change_pct_D_lag3,0.8198347107438018,0.1689066962278257,5,110,fold_2
bull,Change_pct_D_lag20,0.8297520661157025,0.09102171836203876,5,111,fold_2
bull,Volume_M,0.8314049586776859,0.16264412416773372,5,112,fold_2
bull,Return_3D,0.8330578512396695,0.13734930519366761,5,113,fold_2
bull,Volume_Change_20D,0.8363636363636363,0.12319317748240714,5,114,fold_2
bull,Ratio_Close_D_to_W,0.8380165289256197,0.1889654556962354,5,115,fold_2
bull,Return_1D,0.8396694214876034,0.11475408236502337,5,116,fold_2
bull,Body_D,0.8578512396694216,0.1746717236737467,5,117,fold_2
bull,Return_5D,0.8677685950413224,0.13287549744473995,5,118,fold_2
bull,Volume_D_lag20,0.8743801652892562,0.14042292710376605,5,119,fold_2
bull,Volume_D_lag10,0.887603305785124,0.0811012920684105,5,120,fold_2
bull,Change_pct_W,0.8991735537190083,0.05207267438685409,5,121,fold_2
bull,Lower_Shadow_D,0.9404958677685951,0.06250469554112076,5,122,fold_2
global,Close_D,0.0,0.0,5,1,fold_2
global,Close_D_lag1,0.0628099173553719,0.05213821585318183,5,2,fold_2
global,SMA_60,0.06611570247933884,0.05695887914086869,5,3,fold_2
global,VMD_Denoised_Close,0.12892561983471076,0.06879886078766086,5,4,fold_2
global,WMA_60,0.12892561983471076,0.22064722771524287,5,5,fold_2
global,WMA_5,0.143801652892562,0.1150512962333544,5,6,fold_2
global,Low_D,0.1487603305785124,0.10791375915041815,5,7,fold_2
global,SMA_5,0.15041322314049585,0.13796950750446463,5,8,fold_2
global,WilliamsR_14,0.15041322314049588,0.06304869792648149,5,9,fold_2
global,WMA_10,0.15702479338842973,0.1738486278344019,5,10,fold_2
global,StochK_14,0.15867768595041323,0.14066591556566252,5,11,fold_2
global,Close_D_lag60,0.16033057851239668,0.08480643657762184,5,12,fold_2
global,Close_D_lag20,0.16198347107438016,0.1389806479972093,5,13,fold_2
global,Low_W,0.19008264462809915,0.09830890292041584,5,14,fold_2
global,Close_M_lag1,0.1950413223140496,0.12837879372372665,5,15,fold_2
global,Close_W_lag2,0.20495867768595044,0.13534556096485467,5,16,fold_2
global,StochD_3,0.20495867768595044,0.07142905929365918,5,17,fold_2
global,Low_M,0.2115702479338843,0.12013356863035388,5,18,fold_2
global,Close_D_lag2,0.2165289256198347,0.10295809257783428,5,19,fold_2
global,Close_W_lag4,0.21983471074380168,0.18046074795313957,5,20,fold_2
global,Direction_lag1,0.22644628099173553,0.1453465038260007,5,21,fold_2
global,Direction_lag5,0.22644628099173553,0.12335939277385316,5,22,fold_2
global,Close_D_lag5,0.22975206611570248,0.06698804670796508,5,23,fold_2
global,Direction_lag2,0.23140495867768593,0.18340777703448055,5,24,fold_2
global,High_M,0.2330578512396694,0.15976298954073404,5,25,fold_2
global,SMA_10,0.2396694214876033,0.2794684036183623,5,26,fold_2
global,Open_W,0.24297520661157024,0.1882411699505182,5,27,fold_2
global,WMA_20,0.2512396694214876,0.16689304572026833,5,28,fold_2
global,High_D,0.2545454545454545,0.2440046780374778,5,29,fold_2
global,High_W,0.2578512396694215,0.19226203006407067,5,30,fold_2
global,Close_W_lag1,0.259504132231405,0.3557848839998807,5,31,fold_2
global,Close_D_lag10,0.26776859504132233,0.1320504960818787,5,32,fold_2
global,Close_D_lag3,0.2809917355371901,0.2618022158918538,5,33,fold_2
global,SMA_20,0.2892561983471075,0.28712318621554067,5,34,fold_2
global,VMD_IMF_1,0.3008264462809917,0.17469127392549225,5,35,fold_2
global,Body_to_Range_D,0.30082644628099175,0.11534774428011836,5,36,fold_2
global,Direction_lag3,0.31404958677685946,0.13041102345503716,5,37,fold_2
global,Close_M,0.315702479338843,0.33881273801793144,5,38,fold_2
global,PlusDI_14,0.32561983471074385,0.06652764230577886,5,39,fold_2
global,Up_Ratio_20,0.32892561983471075,0.13292689001964342,5,40,fold_2
global,MinusDI_14,0.3322314049586777,0.05796918319586838,5,41,fold_2
global,Close_M_lag3,0.3487603305785124,0.18767792596141053,5,42,fold_2
global,Close_W,0.3537190082644628,0.283737195277392,5,43,fold_2
global,RSI_14,0.3636363636363636,0.16693396592334012,5,44,fold_2
global,Close_Position_D,0.37024793388429755,0.1430731045909439,5,45,fold_2
global,ADX_14,0.3785123966942149,0.17738779520775608,5,46,fold_2
global,Open_D,0.3785123966942149,0.3232345406468728,5,47,fold_2
global,Down_Ratio_10,0.3884297520661157,0.1476080256156343,5,48,fold_2
global,Down_Ratio_5,0.3884297520661157,0.18909192047351323,5,49,fold_2
global,Close_Position_M,0.39008264462809916,0.12525501614600382,5,50,fold_2
global,Down_Ratio_20,0.41818181818181815,0.21697953239491122,5,51,fold_2
global,Volatility_60,0.42809917355371907,0.20647929650182295,5,52,fold_2
global,Open_M,0.4297520661157025,0.3529128838478706,5,53,fold_2
global,VMD_Noise_Energy_Ratio,0.4545454545454545,0.1494474489258275,5,54,fold_2
global,Up_Ratio_5,0.46280991735537197,0.3165947323864124,5,55,fold_2
global,Up_Ratio_10,0.4644628099173554,0.19190644990016517,5,56,fold_2
global,Body_M,0.4661157024793388,0.09251031615838493,5,57,fold_2
global,Return_60D,0.487603305785124,0.26439823591812217,5,58,fold_2
global,Volatility_5,0.49586776859504134,0.19399495197199182,5,59,fold_2
global,Close_Position_W,0.49752066115702476,0.18813228658850123,5,60,fold_2
global,Momentum_60,0.49752066115702487,0.2089454954454279,5,61,fold_2
global,Momentum_20,0.5322314049586777,0.19891447777700483,5,62,fold_2
global,Return_20D,0.5355371900826447,0.12429708106129406,5,63,fold_2
global,Close_to_SMA_60,0.5487603305785124,0.10689628201325635,5,64,fold_2
global,Volume_Change_1D,0.5504132231404959,0.23583423345726906,5,65,fold_2
global,Spread_M,0.5553719008264463,0.23819724544414111,5,66,fold_2
global,Volatility_20,0.575206611570248,0.22087926819130627,5,67,fold_2
global,Volume_Change_5D,0.5768595041322314,0.15153518525205187,5,68,fold_2
global,Change_pct_M,0.578512396694215,0.19705155400936142,5,69,fold_2
global,Body_abs_D,0.5818181818181818,0.1641073445798351,5,70,fold_2
global,Change_pct_D_lag5,0.5884297520661157,0.16241299100194861,5,71,fold_2
global,Volatility_10,0.5933884297520662,0.21892248437053471,5,72,fold_2
global,MACD_12_26,0.6148760330578512,0.20483534012244153,5,73,fold_2
global,Volume_MA_5,0.6429752066115701,0.2321711047856976,5,74,fold_2
global,MACD_Signal_9,0.6446280991735538,0.1508122941396253,5,75,fold_2
global,CCI_20,0.6512396694214877,0.24062221553983132,5,76,fold_2
global,Momentum_10,0.656198347107438,0.23597899698048178,5,77,fold_2
global,Close_to_SMA_20,0.6595041322314049,0.17398608088516718,5,78,fold_2
global,ROC_60,0.6595041322314049,0.17719517076696048,5,79,fold_2
global,Change_pct_D,0.6611570247933884,0.18228714876126265,5,80,fold_2
global,Volume_Ratio_20,0.6644628099173554,0.05593032831632603,5,81,fold_2
global,ROC_20,0.6694214876033058,0.20710684439903587,5,82,fold_2
global,Volume_W,0.6710743801652892,0.24981380949960816,5,83,fold_2
global,Change_pct_D_lag2,0.6809917355371902,0.11112552934857263,5,84,fold_2
global,VMD_IMF_3,0.6826446280991736,0.1490584707523385,5,85,fold_2
global,Volume_Ratio_5,0.6826446280991736,0.2146056786184064,5,86,fold_2
global,Close_to_SMA_5,0.6909090909090909,0.1658667597263088,5,87,fold_2
global,VMD_IMF_2,0.7008264462809917,0.16377404676012106,5,88,fold_2
global,MACD_Histogram,0.7090909090909091,0.1629378194589589,5,89,fold_2
global,Volume_D_lag1,0.7090909090909091,0.16584616922784617,5,90,fold_2
global,Momentum_5,0.7190082644628099,0.2726020248342255,5,91,fold_2
global,Volume_MA_20,0.7206611570247934,0.1549889777538698,5,92,fold_2
global,Ratio_Close_D_to_M,0.7239669421487603,0.22652770449015228,5,93,fold_2
global,Body_W,0.7388429752066117,0.07123756013061139,5,94,fold_2
global,ROC_10,0.7454545454545455,0.22734033554887462,5,95,fold_2
global,VMD_IMF_4,0.7487603305785124,0.2296717857244211,5,96,fold_2
global,Return_10D,0.7504132231404959,0.10781877856066406,5,97,fold_2
global,Volume_D_lag2,0.7520661157024794,0.11010671565681174,5,98,fold_2
global,Volume_D_lag5,0.7520661157024794,0.16570196409721838,5,99,fold_2
global,Spread_W,0.7537190082644628,0.12137792316654862,5,100,fold_2
global,Volume_D_lag3,0.7553719008264463,0.17498426558984126,5,101,fold_2
global,Spread_D,0.7570247933884298,0.09613101503203536,5,102,fold_2
global,ROC_5,0.7619834710743801,0.09627301070032042,5,103,fold_2
global,Volume_D,0.7619834710743801,0.14590931911200622,5,104,fold_2
global,Change_pct_D_lag1,0.771900826446281,0.1240495592470003,5,105,fold_2
global,Change_pct_D_lag10,0.771900826446281,0.21524126620472367,5,106,fold_2
global,Upper_Shadow_D,0.7884297520661157,0.1842993736704088,5,107,fold_2
global,Close_to_SMA_10,0.7917355371900826,0.15265784977214966,5,108,fold_2
global,Change_pct_D_lag3,0.8049586776859504,0.17711806233390684,5,109,fold_2
global,Ratio_Volume_D_to_W,0.8115702479338843,0.15232191923276,5,110,fold_2
global,Return_1D,0.8181818181818181,0.11406755158547321,5,111,fold_2
global,Volume_M,0.8181818181818181,0.15283671081741268,5,112,fold_2
global,Return_3D,0.8214876033057852,0.14593272264397356,5,113,fold_2
global,Ratio_Close_D_to_W,0.8380165289256197,0.19290042262340706,5,114,fold_2
global,Body_D,0.8396694214876034,0.18064989038840593,5,115,fold_2
global,Change_pct_D_lag20,0.8396694214876034,0.08520817466963304,5,116,fold_2
global,Return_5D,0.859504132231405,0.11731462451717678,5,117,fold_2
global,Volume_Change_20D,0.866115702479339,0.09715578188221888,5,118,fold_2
global,Volume_D_lag20,0.8826446280991735,0.14983541730128386,5,119,fold_2
global,Change_pct_W,0.8859504132231406,0.03937563388288133,5,120,fold_2
global,Volume_D_lag10,0.9090909090909092,0.07085300908876963,5,121,fold_2
global,Lower_Shadow_D,0.9388429752066116,0.06283166217768003,5,122,fold_2
sideway,Close_D,0.0,0.0,5,1,fold_2
sideway,SMA_60,0.06115702479338843,0.05311163310102357,5,2,fold_2
sideway,Close_D_lag1,0.06776859504132231,0.059135682049581216,5,3,fold_2
sideway,WMA_60,0.12892561983471076,0.22524262355184343,5,4,fold_2
sideway,VMD_Denoised_Close,0.13719008264462812,0.07075654477026115,5,5,fold_2
sideway,Close_D_lag60,0.13884297520661157,0.07717433077638845,5,6,fold_2
sideway,WMA_5,0.14545454545454545,0.11827136409916242,5,7,fold_2
sideway,Low_D,0.1487603305785124,0.10305755300280929,5,8,fold_2
sideway,SMA_5,0.15041322314049585,0.1305942034719222,5,9,fold_2
sideway,Close_D_lag20,0.15867768595041323,0.12861798431378876,5,10,fold_2
sideway,StochK_14,0.15867768595041323,0.12525501614600382,5,11,fold_2
sideway,WMA_10,0.16033057851239668,0.17913115902335647,5,12,fold_2
sideway,WilliamsR_14,0.16198347107438016,0.07632892488607483,5,13,fold_2
sideway,Low_W,0.19008264462809915,0.09934558082786205,5,14,fold_2
sideway,Close_M_lag1,0.1933884297520661,0.13410348347363057,5,15,fold_2
sideway,Close_D_lag2,0.21322314049586777,0.09941430832195419,5,16,fold_2
sideway,Low_M,0.21487603305785125,0.10979611781476382,5,17,fold_2
sideway,Direction_lag5,0.21652892561983475,0.11824248572878954,5,18,fold_2
sideway,Close_W_lag2,0.21818181818181817,0.1573072709313734,5,19,fold_2
sideway,Direction_lag1,0.21818181818181817,0.14189868450469256,5,20,fold_2
sideway,StochD_3,0.22148760330578515,0.09320907226361444,5,21,fold_2
sideway,Direction_lag2,0.22644628099173553,0.18121613320549745,5,22,fold_2
sideway,High_M,0.228099173553719,0.16316820918956748,5,23,fold_2
sideway,Close_D_lag5,0.23140495867768598,0.06481151711305008,5,24,fold_2
sideway,Close_W_lag4,0.23140495867768598,0.1889112305894622,5,25,fold_2
sideway,SMA_10,0.23471074380165285,0.27370223927553267,5,26,fold_2
sideway,Open_W,0.24793388429752064,0.1912468837257212,5,27,fold_2
sideway,WMA_20,0.2578512396694215,0.17584089150245102,5,28,fold_2
sideway,High_D,0.25785123966942153,0.25287095462167636,5,29,fold_2
sideway,High_W,0.25950413223140495,0.19457501337758112,5,30,fold_2
sideway,Close_W_lag1,0.2611570247933884,0.3560727281320743,5,31,fold_2
sideway,Close_D_lag10,0.26776859504132233,0.1379942576181276,5,32,fold_2
sideway,Body_to_Range_D,0.287603305785124,0.11201320089639591,5,33,fold_2
sideway,Close_D_lag3,0.2892561983471074,0.265172086068338,5,34,fold_2
sideway,SMA_20,0.2909090909090909,0.28785967485024777,5,35,fold_2
sideway,VMD_IMF_1,0.2909090909090909,0.16082822996810983,5,36,fold_2
sideway,Direction_lag3,0.3008264462809917,0.11608555239284882,5,37,fold_2
sideway,Close_M,0.31239669421487604,0.3398191944234058,5,38,fold_2
sideway,Up_Ratio_20,0.34049586776859503,0.12539126661176977,5,39,fold_2
sideway,Close_M_lag3,0.3404958677685951,0.1969128585468076,5,40,fold_2
sideway,PlusDI_14,0.3404958677685951,0.05707866661101489,5,41,fold_2
sideway,Close_Position_D,0.343801652892562,0.14452180273254225,5,42,fold_2
sideway,ADX_14,0.3487603305785124,0.15399424395176353,5,43,fold_2
sideway,Close_W,0.35041322314049583,0.2849502405224456,5,44,fold_2
sideway,MinusDI_14,0.37355371900826445,0.10279211134370984,5,45,fold_2
sideway,Open_D,0.37355371900826445,0.3198357785020723,5,46,fold_2
sideway,Close_Position_M,0.38347107438016526,0.1267726571652583,5,47,fold_2
sideway,Down_Ratio_5,0.39834710743801655,0.18813228658850123,5,48,fold_2
sideway,Down_Ratio_20,0.41487603305785126,0.21617534692022156,5,49,fold_2
sideway,RSI_14,0.41487603305785126,0.251245106509241,5,50,fold_2
sideway,Down_Ratio_10,0.42148760330578516,0.16559888354970145,5,51,fold_2
sideway,Open_M,0.42644628099173554,0.3593188465244473,5,52,fold_2
sideway,Return_60D,0.4429752066115702,0.2764953816232965,5,53,fold_2
sideway,Momentum_60,0.4512396694214876,0.21745119340882874,5,54,fold_2
sideway,Close_Position_W,0.4661157024793388,0.19788168534778428,5,55,fold_2
sideway,Up_Ratio_5,0.4677685950413223,0.30782211854055624,5,56,fold_2
sideway,Volatility_60,0.4776859504132231,0.18894738238973366,5,57,fold_2
sideway,Up_Ratio_10,0.487603305785124,0.19963425337489527,5,58,fold_2
sideway,Body_M,0.49752066115702476,0.12498206961080122,5,59,fold_2
sideway,VMD_Noise_Energy_Ratio,0.5173553719008265,0.15110638574479343,5,60,fold_2
sideway,Volatility_5,0.5322314049586777,0.2109948269998469,5,61,fold_2
sideway,Spread_M,0.543801652892562,0.23414843595923127,5,62,fold_2
sideway,Volume_Change_1D,0.543801652892562,0.24104761904633404,5,63,fold_2
sideway,Close_to_SMA_60,0.5537190082644627,0.12492740874240474,5,64,fold_2
sideway,Return_20D,0.5603305785123966,0.10411255225304808,5,65,fold_2
sideway,Momentum_20,0.5636363636363637,0.1928827180276538,5,66,fold_2
sideway,Change_pct_D_lag5,0.5669421487603306,0.16116761991024636,5,67,fold_2
sideway,Volume_Change_5D,0.5702479338842975,0.15864755223514437,5,68,fold_2
sideway,Body_abs_D,0.5719008264462809,0.17844351288046198,5,69,fold_2
sideway,Change_pct_M,0.5834710743801652,0.2061648062288235,5,70,fold_2
sideway,ROC_60,0.5851239669421487,0.1806309850573523,5,71,fold_2
sideway,MACD_12_26,0.5900826446280992,0.21745119340882876,5,72,fold_2
sideway,Volatility_20,0.6148760330578512,0.2182350298247428,5,73,fold_2
sideway,Volume_MA_5,0.6247933884297521,0.23885584340066784,5,74,fold_2
sideway,MACD_Signal_9,0.6429752066115701,0.17270552277154497,5,75,fold_2
sideway,VMD_IMF_3,0.6429752066115703,0.13622582568026143,5,76,fold_2
sideway,Volatility_10,0.6446280991735537,0.20776537338804188,5,77,fold_2
sideway,Change_pct_D,0.6512396694214877,0.18948883172509604,5,78,fold_2
sideway,Close_to_SMA_20,0.6611570247933884,0.1812538198302588,5,79,fold_2
sideway,Change_pct_D_lag2,0.6644628099173554,0.1234977346282191,5,80,fold_2
sideway,Volume_Ratio_20,0.6661157024793388,0.05311163310102354,5,81,fold_2
sideway,Momentum_10,0.6661157024793389,0.23423592992851486,5,82,fold_2
sideway,Volume_Ratio_5,0.6694214876033058,0.22075554362302616,5,83,fold_2
sideway,Volume_W,0.6727272727272727,0.2565047487968152,5,84,fold_2
sideway,CCI_20,0.6776859504132231,0.23470201357294093,5,85,fold_2
sideway,Close_to_SMA_5,0.684297520661157,0.1629378194589589,5,86,fold_2
sideway,Volume_D_lag1,0.6975206611570248,0.1743977900301681,5,87,fold_2
sideway,Volume_MA_20,0.6991735537190082,0.16730179736291118,5,88,fold_2
sideway,ROC_20,0.7008264462809917,0.21884447329141934,5,89,fold_2
sideway,Body_W,0.7123966942148761,0.08354877326347183,5,90,fold_2
sideway,Momentum_5,0.7140495867768595,0.2766805885444751,5,91,fold_2
sideway,VMD_IMF_4,0.7140495867768595,0.24366854469727023,5,92,fold_2
sideway,VMD_IMF_2,0.7223140495867769,0.17922645676857887,5,93,fold_2
sideway,Volume_D_lag3,0.7256198347107438,0.18034716727601977,5,94,fold_2
sideway,MACD_Histogram,0.7371900826446282,0.1572855599008468,5,95,fold_2
sideway,ROC_5,0.7404958677685951,0.1267726571652583,5,96,fold_2
sideway,Change_pct_D_lag1,0.7421487603305785,0.13747356949592712,5,97,fold_2
sideway,Volume_D_lag5,0.743801652892562,0.17266597037831555,5,98,fold_2
sideway,Volume_D_lag2,0.7454545454545454,0.11708151027885216,5,99,fold_2
sideway,Ratio_Close_D_to_M,0.7586776859504132,0.22605987421569224,5,100,fold_2
sideway,Volume_D,0.7586776859504132,0.1471909875100376,5,101,fold_2
sideway,Change_pct_D_lag10,0.7619834710743801,0.2098425063407938,5,102,fold_2
sideway,Spread_D,0.7619834710743801,0.09484348795335389,5,103,fold_2
sideway,Return_10D,0.7636363636363637,0.11400765788137782,5,104,fold_2
sideway,Spread_W,0.7801652892561983,0.09361123133649005,5,105,fold_2
sideway,ROC_10,0.7801652892561984,0.20130372154237403,5,106,fold_2
sideway,Upper_Shadow_D,0.7818181818181819,0.19719015191924136,5,107,fold_2
sideway,Change_pct_D_lag3,0.7900826446280992,0.19395974098123583,5,108,fold_2
sideway,Close_to_SMA_10,0.8033057851239669,0.13241206666773753,5,109,fold_2
sideway,Ratio_Volume_D_to_W,0.8082644628099175,0.1538833210504212,5,110,fold_2
sideway,Return_1D,0.8082644628099175,0.11590890676316008,5,111,fold_2
sideway,Return_3D,0.8132231404958677,0.14733013137678913,5,112,fold_2
sideway,Change_pct_D_lag20,0.8198347107438018,0.09466327975719903,5,113,fold_2
sideway,Body_D,0.8214876033057852,0.18337053309521256,5,114,fold_2
sideway,Volume_M,0.8214876033057852,0.14859954579995435,5,115,fold_2
sideway,Ratio_Close_D_to_W,0.8413223140495868,0.19137184086661,5,116,fold_2
sideway,Return_5D,0.8446280991735537,0.14776988924683307,5,117,fold_2
sideway,Volume_Change_20D,0.8661157024793388,0.0962730107003204,5,118,fold_2
sideway,Volume_D_lag20,0.8793388429752067,0.15379452512782238,5,119,fold_2
sideway,Change_pct_W,0.8826446280991735,0.04653120086036116,5,120,fold_2
sideway,Volume_D_lag10,0.912396694214876,0.06417609473823863,5,121,fold_2
sideway,Lower_Shadow_D,0.9371900826446282,0.05861363050081701,5,122,fold_2
bear,Close_D,0.0,0.0,5,1,fold_3
bear,WMA_60,0.07603305785123968,0.06517931951448051,5,2,fold_3
bear,Close_D_lag1,0.10743801652892562,0.10535164284282614,5,3,fold_3
bear,Low_D,0.11239669421487604,0.10430917670064115,5,4,fold_3
bear,SMA_60,0.15041322314049588,0.2145101780521027,5,5,fold_3
bear,Close_D_lag2,0.15867768595041323,0.05074407085292149,5,6,fold_3
bear,WMA_5,0.16694214876033056,0.20077712552889704,5,7,fold_3
bear,Low_W,0.17024793388429754,0.13612551209841,5,8,fold_3
bear,StochD_3,0.20165289256198346,0.07677503578508159,5,9,fold_3
bear,VMD_Denoised_Close,0.20165289256198346,0.19067460824420934,5,10,fold_3
bear,High_D,0.21487603305785125,0.23287607939843588,5,11,fold_3
bear,SMA_5,0.23140495867768598,0.221141953062143,5,12,fold_3
bear,High_M,0.2396694214876033,0.07345615220921975,5,13,fold_3
bear,Close_W_lag2,0.24462809917355371,0.30581862671057025,5,14,fold_3
bear,Close_W_lag1,0.24462809917355374,0.277358622504814,5,15,fold_3
bear,SMA_10,0.2528925619834711,0.31738119729631215,5,16,fold_3
bear,Close_D_lag5,0.256198347107438,0.07133337397368623,5,17,fold_3
bear,StochK_14,0.2628099173553719,0.2112213031501473,5,18,fold_3
bear,Close_M_lag3,0.26776859504132233,0.17183326708013208,5,19,fold_3
bear,Direction_lag1,0.26942148760330575,0.34298018516749057,5,20,fold_3
bear,Direction_lag2,0.26942148760330575,0.21737265431087596,5,21,fold_3
bear,Direction_lag5,0.2727272727272727,0.22618069724634726,5,22,fold_3
bear,WMA_10,0.27603305785123966,0.26694342808587335,5,23,fold_3
bear,Close_W_lag4,0.2809917355371901,0.18963295711708705,5,24,fold_3
bear,Direction_lag3,0.28760330578512394,0.19656569174197727,5,25,fold_3
bear,Close_M_lag1,0.29421487603305785,0.16159085493494565,5,26,fold_3
bear,WMA_20,0.2975206611570248,0.16886625406365743,5,27,fold_3
bear,Open_W,0.2991735537190082,0.20722223804119572,5,28,fold_3
bear,Close_W,0.30247933884297523,0.31091300123638843,5,29,fold_3
bear,Close_D_lag3,0.30743801652892566,0.2379820911725747,5,30,fold_3
bear,Return_60D,0.31239669421487604,0.23841220555055728,5,31,fold_3
bear,Open_D,0.315702479338843,0.3513320248049921,5,32,fold_3
bear,WilliamsR_14,0.3239669421487603,0.19376596615870895,5,33,fold_3
bear,ADX_14,0.32892561983471075,0.18584937567237514,5,34,fold_3
bear,SMA_20,0.3338842975206612,0.22455930933631582,5,35,fold_3
bear,MACD_12_26,0.33719008264462813,0.21427124041653386,5,36,fold_3
bear,Volatility_5,0.34545454545454546,0.2996594383243182,5,37,fold_3
bear,High_W,0.34710743801652894,0.2749098740244611,5,38,fold_3
bear,VMD_Noise_Energy_Ratio,0.34710743801652894,0.16456452687388326,5,39,fold_3
bear,Close_M,0.3487603305785124,0.298116941504677,5,40,fold_3
bear,MACD_Signal_9,0.3537190082644628,0.124571528472177,5,41,fold_3
bear,Close_D_lag60,0.35371900826446284,0.2289867746582245,5,42,fold_3
bear,ROC_60,0.371900826446281,0.21998068849927546,5,43,fold_3
bear,Close_D_lag20,0.3785123966942149,0.18213721071511307,5,44,fold_3
bear,Momentum_60,0.39669421487603307,0.20883105402468227,5,45,fold_3
bear,Spread_M,0.40495867768595045,0.20677679344126948,5,46,fold_3
bear,PlusDI_14,0.40991735537190077,0.2516661234969915,5,47,fold_3
bear,Close_Position_M,0.4198347107438017,0.2656481699698289,5,48,fold_3
bear,VMD_IMF_1,0.424793388429752,0.2703755353720516,5,49,fold_3
bear,Body_M,0.42809917355371907,0.18612480344144458,5,50,fold_3
bear,Change_pct_M,0.42809917355371907,0.10245934222393356,5,51,fold_3
bear,Return_20D,0.42809917355371907,0.2045684100984751,5,52,fold_3
bear,Volatility_10,0.4330578512396694,0.3266606681736952,5,53,fold_3
bear,MinusDI_14,0.43966942148760335,0.2070573702944802,5,54,fold_3
bear,Low_M,0.4462809917355372,0.2190472443090673,5,55,fold_3
bear,Down_Ratio_5,0.46115702479338844,0.275802843574913,5,56,fold_3
bear,Close_to_SMA_60,0.47107438016528924,0.2978074834169793,5,57,fold_3
bear,Close_D_lag10,0.4727272727272728,0.18325875586257953,5,58,fold_3
bear,Close_Position_D,0.4743801652892562,0.26501749680953185,5,59,fold_3
bear,RSI_14,0.4776859504132231,0.1944696763600021,5,60,fold_3
bear,ROC_5,0.4826446280991735,0.2153998700625171,5,61,fold_3
bear,Open_M,0.4859504132231405,0.34766778855101965,5,62,fold_3
bear,Momentum_20,0.48925619834710743,0.23603687753003516,5,63,fold_3
bear,Close_Position_W,0.49752066115702476,0.16387827514638595,5,64,fold_3
bear,Close_to_SMA_20,0.4991735537190083,0.19501330517358842,5,65,fold_3
bear,Close_to_SMA_5,0.5024793388429752,0.15997660507877143,5,66,fold_3
bear,ROC_20,0.5024793388429752,0.22499990513700008,5,67,fold_3
bear,Down_Ratio_20,0.5074380165289256,0.3039704923866571,5,68,fold_3
bear,Volatility_20,0.5206611570247934,0.18452159968401738,5,69,fold_3
bear,Change_pct_D,0.5371900826446281,0.25026452776407804,5,70,fold_3
bear,Up_Ratio_5,0.5371900826446281,0.20486868192133123,5,71,fold_3
bear,Up_Ratio_20,0.540495867768595,0.2342359299285149,5,72,fold_3
bear,Body_to_Range_D,0.5504132231404959,0.2687285110213446,5,73,fold_3
bear,Spread_W,0.5570247933884298,0.2472856539689167,5,74,fold_3
bear,VMD_IMF_2,0.5586776859504132,0.31091300123638843,5,75,fold_3
bear,Volatility_60,0.5603305785123966,0.2657766949035517,5,76,fold_3
bear,Momentum_5,0.5834710743801652,0.22103382651138156,5,77,fold_3
bear,CCI_20,0.6,0.18742300288231858,5,78,fold_3
bear,Momentum_10,0.6033057851239669,0.1960089458782053,5,79,fold_3
bear,Return_10D,0.6115702479338843,0.2429948831072588,5,80,fold_3
bear,Volume_W,0.6115702479338843,0.20486868192133123,5,81,fold_3
bear,Down_Ratio_10,0.6247933884297521,0.24148641539239793,5,82,fold_3
bear,Change_pct_D_lag1,0.631404958677686,0.13712534567395046,5,83,fold_3
bear,Change_pct_D_lag5,0.6330578512396694,0.22072460164465238,5,84,fold_3
bear,Return_3D,0.6347107438016529,0.18381696232097314,5,85,fold_3
bear,Body_W,0.6462809917355372,0.13318355542570143,5,86,fold_3
bear,Change_pct_D_lag2,0.6462809917355372,0.1670771077100943,5,87,fold_3
bear,Up_Ratio_10,0.6462809917355372,0.2615673103121243,5,88,fold_3
bear,Body_abs_D,0.6578512396694215,0.2532892691419064,5,89,fold_3
bear,Volume_MA_5,0.6661157024793388,0.2029931076716023,5,90,fold_3
bear,Change_pct_D_lag10,0.6727272727272727,0.21058979950808165,5,91,fold_3
bear,Return_5D,0.6727272727272727,0.20274059717745224,5,92,fold_3
bear,Return_1D,0.6776859504132231,0.23773801427508304,5,93,fold_3
bear,Change_pct_W,0.6793388429752066,0.27654478226360907,5,94,fold_3
bear,Ratio_Close_D_to_W,0.687603305785124,0.23385655297870359,5,95,fold_3
bear,Close_to_SMA_10,0.6975206611570248,0.11623255201156471,5,96,fold_3
bear,MACD_Histogram,0.7107438016528926,0.08528829520888553,5,97,fold_3
bear,Ratio_Close_D_to_M,0.7173553719008264,0.24019605861605542,5,98,fold_3
bear,ROC_10,0.7206611570247934,0.14042292710376605,5,99,fold_3
bear,Volume_M,0.7223140495867769,0.10800865621622834,5,100,fold_3
bear,Volume_MA_20,0.7256198347107439,0.1813856613542963,5,101,fold_3
bear,Body_D,0.7289256198347107,0.20128675607763166,5,102,fold_3
bear,Volume_Ratio_5,0.7520661157024794,0.17482806447360474,5,103,fold_3
bear,Change_pct_D_lag3,0.7553719008264463,0.15567054119631207,5,104,fold_3
bear,Change_pct_D_lag20,0.7603305785123966,0.15092547411363366,5,105,fold_3
bear,VMD_IMF_4,0.7867768595041322,0.24309324169582733,5,106,fold_3
bear,VMD_IMF_3,0.7884297520661157,0.12983363230846595,5,107,fold_3
bear,Volume_D_lag1,0.7933884297520661,0.09459110034925287,5,108,fold_3
bear,Spread_D,0.7966942148760331,0.09214042136971065,5,109,fold_3
bear,Upper_Shadow_D,0.8082644628099173,0.13445953355382953,5,110,fold_3
bear,Volume_D_lag3,0.8181818181818181,0.18927243786113696,5,111,fold_3
bear,Volume_Change_1D,0.8297520661157025,0.0873847265314797,5,112,fold_3
bear,Volume_Change_5D,0.8396694214876034,0.186234860494587,5,113,fold_3
bear,Volume_D_lag2,0.8561983471074381,0.10013309904701462,5,114,fold_3
bear,Volume_D_lag5,0.8561983471074381,0.15860449413902358,5,115,fold_3
bear,Volume_Change_20D,0.8727272727272727,0.10496193136103488,5,116,fold_3
bear,Volume_D,0.887603305785124,0.10973389275008064,5,117,fold_3
bear,Volume_Ratio_20,0.9140495867768597,0.10926607524653494,5,118,fold_3
bear,Ratio_Volume_D_to_W,0.9388429752066116,0.03486780679294049,5,119,fold_3
bear,Volume_D_lag10,0.9404958677685951,0.1057399180268559,5,120,fold_3
bear,Volume_D_lag20,0.9504132231404959,0.03920178917564105,5,121,fold_3
bear,Lower_Shadow_D,0.9834710743801652,0.019381883305055483,5,122,fold_3
bull,Close_D,0.0,0.0,5,1,fold_3
bull,WMA_60,0.02809917355371901,0.025871860896691783,5,2,fold_3
bull,VMD_Noise_Energy_Ratio,0.0743801652892562,0.14783920512395302,5,3,fold_3
bull,Close_D_lag1,0.16363636363636364,0.09941430832195419,5,4,fold_3
bull,Low_W,0.17024793388429754,0.10030348048561172,5,5,fold_3
bull,SMA_60,0.18016528925619837,0.3428706402383207,5,6,fold_3
bull,Close_M_lag3,0.19008264462809915,0.13145432826931294,5,7,fold_3
bull,Low_D,0.19834710743801653,0.11962078368702583,5,8,fold_3
bull,High_M,0.20661157024793386,0.10239265862284187,5,9,fold_3
bull,Close_D_lag2,0.2165289256198347,0.03980692422741255,5,10,fold_3
bull,Spread_M,0.228099173553719,0.2561050216585136,5,11,fold_3
bull,Close_W_lag2,0.2512396694214876,0.24338807896816264,5,12,fold_3
bull,Volatility_60,0.256198347107438,0.27466131170055974,5,13,fold_3
bull,Direction_lag1,0.2628099173553719,0.18176182447370098,5,14,fold_3
bull,Close_M_lag1,0.2644628099173554,0.2004025727765643,5,15,fold_3
bull,VMD_Denoised_Close,0.26611570247933886,0.21806282755783074,5,16,fold_3
bull,SMA_10,0.26776859504132233,0.302901299863817,5,17,fold_3
bull,Close_W_lag1,0.26942148760330575,0.21212478978056962,5,18,fold_3
bull,Close_D_lag5,0.2743801652892562,0.13993568438863824,5,19,fold_3
bull,WMA_5,0.28264462809917357,0.3183374096340478,5,20,fold_3
bull,Body_M,0.29421487603305785,0.2869209155414641,5,21,fold_3
bull,Close_W_lag4,0.30082644628099175,0.26125377431652835,5,22,fold_3
bull,Close_D_lag20,0.3041322314049587,0.14660979994645232,5,23,fold_3
bull,WMA_10,0.3041322314049587,0.25374727276813286,5,24,fold_3
bull,WMA_20,0.3041322314049587,0.1591204222919961,5,25,fold_3
bull,Low_M,0.30578512396694213,0.20784754280924447,5,26,fold_3
bull,StochD_3,0.3074380165289256,0.1333117028193667,5,27,fold_3
bull,SMA_5,0.31239669421487604,0.35534307013552496,5,28,fold_3
bull,SMA_20,0.3305785123966942,0.22413308466645648,5,29,fold_3
bull,High_D,0.3322314049586777,0.25049639946392255,5,30,fold_3
bull,Volume_MA_5,0.33719008264462813,0.3446588170308328,5,31,fold_3
bull,Change_pct_M,0.33884297520661155,0.19160368792346494,5,32,fold_3
bull,Close_D_lag60,0.3404958677685951,0.13483997249264842,5,33,fold_3
bull,Return_60D,0.3421487603305785,0.2133288225509499,5,34,fold_3
bull,Volatility_20,0.343801652892562,0.16306352693770057,5,35,fold_3
bull,Open_W,0.34710743801652894,0.2040335024070828,5,36,fold_3
bull,Open_M,0.35041322314049583,0.29766984322317674,5,37,fold_3
bull,Open_D,0.3603305785123967,0.3664709207132728,5,38,fold_3
bull,Close_W,0.36528925619834707,0.3508943368004979,5,39,fold_3
bull,Close_M,0.3669421487603306,0.28958658817307714,5,40,fold_3
bull,High_W,0.368595041322314,0.28005434308285787,5,41,fold_3
bull,Volume_MA_20,0.3801652892561983,0.1835008538113596,5,42,fold_3
bull,Direction_lag3,0.3834710743801653,0.15752421665703664,5,43,fold_3
bull,ROC_60,0.3884297520661157,0.2879545684327991,5,44,fold_3
bull,MACD_12_26,0.3900826446280992,0.2983459627733816,5,45,fold_3
bull,Volatility_10,0.3933884297520661,0.28650402626450855,5,46,fold_3
bull,Volatility_5,0.3933884297520661,0.20624761331985542,5,47,fold_3
bull,Direction_lag2,0.39669421487603307,0.2155900406734807,5,48,fold_3
bull,Volume_W,0.4,0.2253184194363295,5,49,fold_3
bull,MACD_Signal_9,0.40826446280991735,0.19658306464330974,5,50,fold_3
bull,ADX_14,0.41652892561983473,0.3158171225360672,5,51,fold_3
bull,ROC_5,0.4380165289256198,0.16173872554364402,5,52,fold_3
bull,Momentum_60,0.43966942148760335,0.18157384032528467,5,53,fold_3
bull,ROC_20,0.4413223140495868,0.2424038934610107,5,54,fold_3
bull,Close_D_lag3,0.44958677685950416,0.28218027682043967,5,55,fold_3
bull,Direction_lag5,0.45123966942148763,0.28296584135271036,5,56,fold_3
bull,Return_20D,0.4545454545454545,0.2999783704608518,5,57,fold_3
bull,Ratio_Close_D_to_M,0.46115702479338844,0.18876655415193588,5,58,fold_3
bull,StochK_14,0.46115702479338844,0.3372467947770469,5,59,fold_3
bull,VMD_IMF_2,0.4793388429752066,0.20603224565814726,5,60,fold_3
bull,MACD_Histogram,0.487603305785124,0.11962078368702588,5,61,fold_3
bull,Close_to_SMA_20,0.48925619834710743,0.20128675607763166,5,62,fold_3
bull,VMD_IMF_1,0.4909090909090909,0.33507275596937197,5,63,fold_3
bull,Momentum_20,0.49421487603305786,0.21876643439392274,5,64,fold_3
bull,Volume_D_lag1,0.5107438016528926,0.2671224731878412,5,65,fold_3
bull,Close_Position_D,0.512396694214876,0.24264327695707769,5,66,fold_3
bull,Close_to_SMA_5,0.515702479338843,0.14686580582432707,5,67,fold_3
bull,VMD_IMF_3,0.515702479338843,0.1487144098086026,5,68,fold_3
bull,WilliamsR_14,0.5190082644628099,0.30091044145683515,5,69,fold_3
bull,Volume_M,0.5371900826446281,0.20184586350115394,5,70,fold_3
bull,Close_Position_M,0.5586776859504132,0.23438168063014786,5,71,fold_3
bull,Momentum_10,0.5586776859504132,0.19351906303428304,5,72,fold_3
bull,Close_to_SMA_60,0.5603305785123966,0.3385102175807961,5,73,fold_3
bull,PlusDI_14,0.5603305785123966,0.34559884684369235,5,74,fold_3
bull,Close_D_lag10,0.5636363636363637,0.23283208102047634,5,75,fold_3
bull,Volume_D_lag2,0.5801652892561984,0.2765447822636091,5,76,fold_3
bull,Volume_D,0.5917355371900826,0.27513338811949156,5,77,fold_3
bull,Close_Position_W,0.5933884297520662,0.15997660507877148,5,78,fold_3
bull,Return_10D,0.5950413223140496,0.16724054830452945,5,79,fold_3
bull,Up_Ratio_5,0.6148760330578512,0.19917183909278766,5,80,fold_3
bull,Down_Ratio_20,0.6165289256198347,0.245135725268715,5,81,fold_3
bull,Momentum_5,0.6165289256198347,0.22448325714145118,5,82,fold_3
bull,Change_pct_D,0.6181818181818182,0.23062145990622399,5,83,fold_3
bull,Volume_D_lag3,0.6181818181818182,0.3394672741063484,5,84,fold_3
bull,Change_pct_D_lag10,0.628099173553719,0.21288011359324394,5,85,fold_3
bull,Change_pct_W,0.631404958677686,0.2766188666822075,5,86,fold_3
bull,Spread_W,0.631404958677686,0.1973632624362244,5,87,fold_3
bull,Change_pct_D_lag20,0.6347107438016529,0.18575747566395107,5,88,fold_3
bull,Down_Ratio_5,0.6380165289256199,0.26299956772744076,5,89,fold_3
bull,Close_to_SMA_10,0.6413223140495867,0.2538280111504385,5,90,fold_3
bull,MinusDI_14,0.6611570247933884,0.22481769435926355,5,91,fold_3
bull,Body_to_Range_D,0.662809917355372,0.23180308137203462,5,92,fold_3
bull,Body_W,0.6826446280991736,0.1614851501712724,5,93,fold_3
bull,Volume_D_lag5,0.6826446280991736,0.14333542736316554,5,94,fold_3
bull,Return_5D,0.6859504132231404,0.25087783862248825,5,95,fold_3
bull,Change_pct_D_lag2,0.6925619834710743,0.11605613012589726,5,96,fold_3
bull,Return_3D,0.6925619834710744,0.22522746131403207,5,97,fold_3
bull,Up_Ratio_20,0.6942148760330579,0.22329348902655036,5,98,fold_3
bull,ROC_10,0.7024793388429752,0.16876510625340607,5,99,fold_3
bull,RSI_14,0.7140495867768595,0.1990860889535858,5,100,fold_3
bull,Up_Ratio_10,0.71900826446281,0.2250454347800017,5,101,fold_3
bull,Volume_Ratio_5,0.7223140495867769,0.14511135320472043,5,102,fold_3
bull,Change_pct_D_lag1,0.7239669421487603,0.13712534567395038,5,103,fold_3
bull,Change_pct_D_lag5,0.7421487603305785,0.21625432085589963,5,104,fold_3
bull,Down_Ratio_10,0.743801652892562,0.24537244362485164,5,105,fold_3
bull,Body_D,0.7487603305785124,0.1566546311197565,5,106,fold_3
bull,Body_abs_D,0.7603305785123966,0.1856287392166628,5,107,fold_3
bull,Ratio_Close_D_to_W,0.7702479338842976,0.19181745186639393,5,108,fold_3
bull,Return_1D,0.771900826446281,0.21364875197868036,5,109,fold_3
bull,Volume_D_lag10,0.7834710743801653,0.17131575577581035,5,110,fold_3
bull,CCI_20,0.7884297520661157,0.1487144098086026,5,111,fold_3
bull,Change_pct_D_lag3,0.8214876033057852,0.14225923057034667,5,112,fold_3
bull,VMD_IMF_4,0.8314049586776859,0.23152299232916532,5,113,fold_3
bull,Upper_Shadow_D,0.8363636363636363,0.11001362837880158,5,114,fold_3
bull,Spread_D,0.8446280991735537,0.05272442283549283,5,115,fold_3
bull,Volume_Change_5D,0.8561983471074381,0.13600001607090392,5,116,fold_3
bull,Volume_Change_1D,0.859504132231405,0.08387513690158858,5,117,fold_3
bull,Volume_Change_20D,0.8809917355371901,0.10848189635114322,5,118,fold_3
bull,Volume_Ratio_20,0.9057851239669421,0.05802806506294865,5,119,fold_3
bull,Volume_D_lag20,0.9190082644628099,0.0883176859992896,5,120,fold_3
bull,Ratio_Volume_D_to_W,0.9487603305785124,0.0457913890155209,5,121,fold_3
bull,Lower_Shadow_D,0.9917355371900827,0.010121858441252816,5,122,fold_3
global,Close_D,0.0,0.0,5,1,fold_3
global,WMA_60,0.046280991735537194,0.045865907191773914,5,2,fold_3
global,VMD_Noise_Energy_Ratio,0.08760330578512396,0.17740704614874364,5,3,fold_3
global,Close_D_lag1,0.13884297520661157,0.106383894248139,5,4,fold_3
global,Low_D,0.1487603305785124,0.10121858441252803,5,5,fold_3
global,SMA_60,0.1487603305785124,0.26824516309285096,5,6,fold_3
global,Low_W,0.1834710743801653,0.11367767843999603,5,7,fold_3
global,Close_D_lag2,0.18512396694214878,0.059767552832279476,5,8,fold_3
global,WMA_5,0.2115702479338843,0.26821969960016523,5,9,fold_3
global,VMD_Denoised_Close,0.22479338842975208,0.20573367208352997,5,10,fold_3
global,StochD_3,0.23305785123966943,0.08126955219133566,5,11,fold_3
global,High_M,0.2396694214876033,0.0944104104032716,5,12,fold_3
global,Close_M_lag3,0.2528925619834711,0.15512112697022104,5,13,fold_3
global,Direction_lag1,0.256198347107438,0.275778077908489,5,14,fold_3
global,Close_W_lag1,0.2644628099173554,0.26983186309610757,5,15,fold_3
global,High_D,0.2644628099173554,0.2641397820577998,5,16,fold_3
global,SMA_5,0.26776859504132233,0.2809674272421892,5,17,fold_3
global,SMA_10,0.2727272727272727,0.3202412689255795,5,18,fold_3
global,Close_W_lag2,0.27438016528925624,0.3219642093785531,5,19,fold_3
global,Spread_M,0.27438016528925624,0.26500461030072014,5,20,fold_3
global,WMA_10,0.27768595041322314,0.25597164056428445,5,21,fold_3
global,Close_D_lag5,0.28429752066115704,0.09397533707239557,5,22,fold_3
global,Close_M_lag1,0.28429752066115704,0.17731077054272312,5,23,fold_3
global,Close_D_lag60,0.2909090909090909,0.1506310292975111,5,24,fold_3
global,Direction_lag2,0.29421487603305785,0.2318178135263202,5,25,fold_3
global,Return_60D,0.30082644628099175,0.20458510342830813,5,26,fold_3
global,Body_M,0.30743801652892555,0.18957892293530423,5,27,fold_3
global,Direction_lag3,0.31074380165289256,0.1878779800116737,5,28,fold_3
global,WMA_20,0.31074380165289256,0.14997210769063618,5,29,fold_3
global,Open_W,0.31404958677685946,0.21998068849927546,5,30,fold_3
global,Close_W_lag4,0.315702479338843,0.2463031772136234,5,31,fold_3
global,Volatility_60,0.32231404958677684,0.2763965538543908,5,32,fold_3
global,Direction_lag5,0.3223140495867769,0.25135382356604213,5,33,fold_3
global,Close_W,0.3338842975206612,0.3211251648361093,5,34,fold_3
global,Close_D_lag20,0.3355371900826446,0.1661753110435176,5,35,fold_3
global,StochK_14,0.3355371900826446,0.2626877412357362,5,36,fold_3
global,Open_D,0.34545454545454546,0.3606848663908496,5,37,fold_3
global,SMA_20,0.35371900826446284,0.2554908920670947,5,38,fold_3
global,Close_M,0.3553719008264463,0.28329151241326633,5,39,fold_3
global,High_W,0.3603305785123967,0.2903521151906951,5,40,fold_3
global,ROC_60,0.3603305785123967,0.2530869452266085,5,41,fold_3
global,Low_M,0.36363636363636365,0.2121569859998915,5,42,fold_3
global,Change_pct_M,0.371900826446281,0.14073873029691242,5,43,fold_3
global,MACD_12_26,0.371900826446281,0.2464833601984585,5,44,fold_3
global,Close_D_lag3,0.375206611570248,0.2629476223254474,5,45,fold_3
global,Volatility_5,0.38181818181818183,0.27042605397028247,5,46,fold_3
global,ADX_14,0.3867768595041322,0.2588109919760992,5,47,fold_3
global,MACD_Signal_9,0.4,0.17312027732596583,5,48,fold_3
global,Momentum_60,0.4016528925619835,0.20290897242213432,5,49,fold_3
global,WilliamsR_14,0.4115702479338843,0.25110914399779094,5,50,fold_3
global,Volatility_20,0.4132231404958677,0.16785203315363556,5,51,fold_3
global,Open_M,0.41818181818181815,0.32345633568199206,5,52,fold_3
global,Volatility_10,0.42809917355371907,0.29633602541082843,5,53,fold_3
global,Volume_MA_5,0.4429752066115702,0.28775288216437994,5,54,fold_3
global,Volume_W,0.4462809917355372,0.22955280020382063,5,55,fold_3
global,Volume_MA_20,0.45785123966942154,0.21705821373788775,5,56,fold_3
global,VMD_IMF_1,0.46115702479338844,0.3039592573145834,5,57,fold_3
global,Close_Position_D,0.48429752066115705,0.25085061220332705,5,58,fold_3
global,ROC_5,0.48429752066115705,0.20416736071402372,5,59,fold_3
global,Return_20D,0.487603305785124,0.24355639716184094,5,60,fold_3
global,ROC_20,0.48925619834710743,0.25755439577894157,5,61,fold_3
global,VMD_IMF_2,0.5041322314049588,0.20833987877612448,5,62,fold_3
global,Close_Position_M,0.5074380165289256,0.26255770422898767,5,63,fold_3
global,Volume_M,0.5107438016528926,0.1556486018626543,5,64,fold_3
global,Momentum_20,0.5206611570247934,0.21271963101212812,5,65,fold_3
global,Close_to_SMA_5,0.5223140495867769,0.1656401234665529,5,66,fold_3
global,PlusDI_14,0.5421487603305785,0.30615345250339515,5,67,fold_3
global,Close_D_lag10,0.5454545454545455,0.19592181142363138,5,68,fold_3
global,Close_Position_W,0.5454545454545455,0.1761901289696516,5,69,fold_3
global,Down_Ratio_5,0.547107438016529,0.27387686588719407,5,70,fold_3
global,Close_to_SMA_60,0.5570247933884298,0.3165731579046411,5,71,fold_3
global,Close_to_SMA_20,0.5586776859504132,0.21476475185840718,5,72,fold_3
global,MinusDI_14,0.5603305785123966,0.23610920826366993,5,73,fold_3
global,Change_pct_D,0.5636363636363637,0.24954025071245217,5,74,fold_3
global,Up_Ratio_5,0.5719008264462809,0.20162579414184334,5,75,fold_3
global,Spread_W,0.5851239669421487,0.21387241782380165,5,76,fold_3
global,Down_Ratio_20,0.5933884297520662,0.2856564676538324,5,77,fold_3
global,MACD_Histogram,0.5933884297520662,0.10970276698211645,5,78,fold_3
global,Momentum_10,0.6082644628099174,0.20240342648482249,5,79,fold_3
global,Body_to_Range_D,0.6148760330578512,0.26340179725275964,5,80,fold_3
global,Up_Ratio_20,0.6297520661157024,0.21315265668268016,5,81,fold_3
global,Volume_D_lag1,0.6297520661157024,0.1931481165635331,5,82,fold_3
global,VMD_IMF_3,0.6396694214876033,0.12677265716525832,5,83,fold_3
global,Ratio_Close_D_to_M,0.6413223140495867,0.24783744680935688,5,84,fold_3
global,Change_pct_D_lag10,0.6446280991735537,0.223904416266844,5,85,fold_3
global,Return_10D,0.6446280991735537,0.20184586350115394,5,86,fold_3
global,Momentum_5,0.6446280991735538,0.22843429687744224,5,87,fold_3
global,RSI_14,0.6512396694214877,0.20984250634079385,5,88,fold_3
global,Change_pct_D_lag2,0.6727272727272727,0.1676077069205511,5,89,fold_3
global,Close_to_SMA_10,0.6793388429752066,0.18474355838456877,5,90,fold_3
global,CCI_20,0.684297520661157,0.15288139338255893,5,91,fold_3
global,Change_pct_D_lag20,0.6859504132231405,0.17638385099514914,5,92,fold_3
global,Change_pct_W,0.6859504132231405,0.2720376957129387,5,93,fold_3
global,Change_pct_D_lag1,0.6909090909090909,0.14129572994369297,5,94,fold_3
global,Return_3D,0.6909090909090909,0.21595406625559757,5,95,fold_3
global,Body_W,0.6942148760330579,0.14841557847990058,5,96,fold_3
global,Change_pct_D_lag5,0.6975206611570248,0.23026579107629175,5,97,fold_3
global,Up_Ratio_10,0.6991735537190082,0.2515303885626277,5,98,fold_3
global,Volume_D_lag2,0.6991735537190082,0.21492370736226318,5,99,fold_3
global,Body_abs_D,0.7041322314049587,0.23224463948642526,5,100,fold_3
global,Down_Ratio_10,0.7041322314049587,0.23371047478781243,5,101,fold_3
global,Return_5D,0.7107438016528926,0.23228874913314376,5,102,fold_3
global,Volume_D_lag3,0.7140495867768595,0.2751954431506435,5,103,fold_3
global,Return_1D,0.7305785123966941,0.24134495535132536,5,104,fold_3
global,Volume_D_lag5,0.7305785123966941,0.160743270516873,5,105,fold_3
global,Volume_D,0.7355371900826446,0.19670463199027946,5,106,fold_3
global,Volume_Ratio_5,0.7388429752066116,0.16379489774330572,5,107,fold_3
global,Body_D,0.7504132231404959,0.17369140543928813,5,108,fold_3
global,ROC_10,0.7520661157024794,0.15283671081741262,5,109,fold_3
global,Ratio_Close_D_to_W,0.7636363636363637,0.21650684386805147,5,110,fold_3
global,VMD_IMF_4,0.8082644628099173,0.241472273117466,5,111,fold_3
global,Change_pct_D_lag3,0.8115702479338843,0.13635111387530804,5,112,fold_3
global,Upper_Shadow_D,0.8363636363636363,0.11824248572878956,5,113,fold_3
global,Spread_D,0.8446280991735537,0.0536872124592123,5,114,fold_3
global,Volume_Change_5D,0.8462809917355372,0.1665858238010751,5,115,fold_3
global,Volume_D_lag10,0.8495867768595042,0.16512388421477261,5,116,fold_3
global,Volume_Change_1D,0.8561983471074381,0.09397533707239558,5,117,fold_3
global,Volume_D_lag20,0.9041322314049587,0.08931739561062016,5,118,fold_3
global,Volume_Change_20D,0.9057851239669421,0.11534774428011837,5,119,fold_3
global,Volume_Ratio_20,0.9322314049586776,0.05141266451238281,5,120,fold_3
global,Ratio_Volume_D_to_W,0.9520661157024793,0.04310216466249683,5,121,fold_3
global,Lower_Shadow_D,0.9917355371900827,0.01012185844125282,5,122,fold_3
sideway,Close_D,0.0,0.0,5,1,fold_3
sideway,WMA_60,0.04462809917355372,0.04944884397240196,5,2,fold_3
sideway,VMD_Noise_Energy_Ratio,0.08264462809917356,0.16631910576444717,5,3,fold_3
sideway,SMA_60,0.13553719008264462,0.24317751739317475,5,4,fold_3
sideway,Close_D_lag60,0.1669421487603306,0.11322615668299606,5,5,fold_3
sideway,Close_D_lag1,0.17024793388429751,0.13811794165982355,5,6,fold_3
sideway,Low_D,0.18181818181818182,0.09295224693555365,5,7,fold_3
sideway,Direction_lag1,0.20330578512396694,0.20888010802544293,5,8,fold_3
sideway,Close_D_lag2,0.20661157024793386,0.07415024150796017,5,9,fold_3
sideway,Low_W,0.20991735537190084,0.11827136409916242,5,10,fold_3
sideway,Spread_M,0.21652892561983475,0.30215626516530986,5,11,fold_3
sideway,Volatility_60,0.22148760330578515,0.2347311130725969,5,12,fold_3
sideway,VMD_Denoised_Close,0.22479338842975208,0.18658294621952362,5,13,fold_3
sideway,WMA_5,0.22644628099173553,0.27956614547799785,5,14,fold_3
sideway,Return_60D,0.24297520661157024,0.16648329050903146,5,15,fold_3
sideway,High_M,0.26776859504132233,0.09214042136971064,5,16,fold_3
sideway,Body_M,0.26942148760330575,0.19138968522683958,5,17,fold_3
sideway,StochD_3,0.2710743801652893,0.07331654583873348,5,18,fold_3
sideway,SMA_5,0.2727272727272727,0.2565313751267563,5,19,fold_3
sideway,ROC_60,0.2793388429752066,0.21892248437053471,5,20,fold_3
sideway,Close_M_lag1,0.2809917355371901,0.16703622257361767,5,21,fold_3
sideway,Direction_lag3,0.28264462809917357,0.19056711526850798,5,22,fold_3
sideway,Direction_lag2,0.284297520661157,0.2290016879914428,5,23,fold_3
sideway,SMA_10,0.28760330578512394,0.30317176763095466,5,24,fold_3
sideway,Close_M_lag3,0.287603305785124,0.20779824505558217,5,25,fold_3
sideway,High_D,0.287603305785124,0.27912603757710175,5,26,fold_3
sideway,WMA_10,0.287603305785124,0.2682069669472612,5,27,fold_3
sideway,Close_W_lag1,0.29256198347107437,0.2725143170584696,5,28,fold_3
sideway,Volume_MA_20,0.3008264462809917,0.224939184610962,5,29,fold_3
sideway,Direction_lag5,0.30578512396694213,0.24116093324652685,5,30,fold_3
sideway,Close_D_lag20,0.31074380165289256,0.17769555999384792,5,31,fold_3
sideway,WMA_20,0.31074380165289256,0.14297759516468503,5,32,fold_3
sideway,Close_D_lag5,0.3107438016528926,0.11564343239478879,5,33,fold_3
sideway,Close_W_lag2,0.31900826446280994,0.3725705631606492,5,34,fold_3
sideway,Volume_M,0.32066115702479336,0.15097072234553427,5,35,fold_3
sideway,Close_M,0.3322314049586777,0.2510411351283592,5,36,fold_3
sideway,Close_W_lag4,0.3338842975206612,0.26533945612937304,5,37,fold_3
sideway,Low_M,0.33884297520661155,0.24151469745789184,5,38,fold_3
sideway,Close_W,0.34214876033057856,0.2828451272815403,5,39,fold_3
sideway,Open_W,0.343801652892562,0.2325532313166306,5,40,fold_3
sideway,StochK_14,0.35537190082644626,0.2774447988693309,5,41,fold_3
sideway,Volume_MA_5,0.35702479338842974,0.23268535967436615,5,42,fold_3
sideway,Volume_W,0.36528925619834707,0.20589959974344274,5,43,fold_3
sideway,High_W,0.3652892561983471,0.2990890707618105,5,44,fold_3
sideway,Volatility_20,0.37355371900826445,0.19630491372275244,5,45,fold_3
sideway,Momentum_60,0.3785123966942149,0.1925282842147158,5,46,fold_3
sideway,Open_D,0.38016528925619836,0.35971780484000604,5,47,fold_3
sideway,Open_M,0.3884297520661157,0.3165947323864125,5,48,fold_3
sideway,Close_D_lag3,0.39669421487603307,0.27115751597558546,5,49,fold_3
sideway,SMA_20,0.39834710743801655,0.33173351945261753,5,50,fold_3
sideway,Change_pct_M,0.4033057851239669,0.1915502096637109,5,51,fold_3
sideway,Close_Position_D,0.424793388429752,0.24331791202261355,5,52,fold_3
sideway,WilliamsR_14,0.42809917355371907,0.2751830332639085,5,53,fold_3
sideway,Volatility_5,0.43966942148760335,0.2582165244765296,5,54,fold_3
sideway,MACD_Signal_9,0.4462809917355372,0.2112698021680036,5,55,fold_3
sideway,ADX_14,0.4479338842975206,0.2660335584939025,5,56,fold_3
sideway,MACD_12_26,0.44958677685950416,0.27276483588050193,5,57,fold_3
sideway,VMD_IMF_2,0.47438016528925625,0.1842993736704088,5,58,fold_3
sideway,Volatility_10,0.47438016528925625,0.2916430448281122,5,59,fold_3
sideway,VMD_IMF_1,0.5041322314049587,0.33330487322439306,5,60,fold_3
sideway,ROC_5,0.515702479338843,0.1990003018642605,5,61,fold_3
sideway,Close_Position_W,0.5256198347107437,0.1708366616032679,5,62,fold_3
sideway,ROC_20,0.5355371900826447,0.22703970022091266,5,63,fold_3
sideway,Down_Ratio_5,0.5454545454545455,0.2730401411021784,5,64,fold_3
sideway,Close_to_SMA_5,0.547107438016529,0.14199491963579852,5,65,fold_3
sideway,Close_Position_M,0.5537190082644627,0.2516254107047658,5,66,fold_3
sideway,Close_D_lag10,0.5553719008264463,0.1986395915129714,5,67,fold_3
sideway,Up_Ratio_5,0.5553719008264463,0.19777810947816646,5,68,fold_3
sideway,Change_pct_D,0.568595041322314,0.2564248532182388,5,69,fold_3
sideway,MACD_Histogram,0.5768595041322314,0.16625749468407253,5,70,fold_3
sideway,Momentum_20,0.578512396694215,0.11134044285378082,5,71,fold_3
sideway,Change_pct_D_lag10,0.5818181818181818,0.23648497145757907,5,72,fold_3
sideway,Volume_D_lag1,0.5867768595041323,0.21638061919976936,5,73,fold_3
sideway,Return_20D,0.5884297520661157,0.19517084927240028,5,74,fold_3
sideway,Spread_W,0.5900826446280991,0.17331743064953334,5,75,fold_3
sideway,Body_to_Range_D,0.596694214876033,0.24734088864773124,5,76,fold_3
sideway,Volume_D_lag5,0.596694214876033,0.1501769099966923,5,77,fold_3
sideway,Change_pct_D_lag20,0.6049586776859505,0.21307253313863858,5,78,fold_3
sideway,Close_to_SMA_60,0.6231404958677687,0.3187769469224762,5,79,fold_3
sideway,Down_Ratio_20,0.6297520661157024,0.26532658525763647,5,80,fold_3
sideway,MinusDI_14,0.631404958677686,0.2201048486268407,5,81,fold_3
sideway,Change_pct_D_lag2,0.6347107438016529,0.14247512026122283,5,82,fold_3
sideway,Volume_D_lag2,0.6413223140495867,0.23270003597194133,5,83,fold_3
sideway,VMD_IMF_3,0.6446280991735537,0.16036039596638224,5,84,fold_3
sideway,Momentum_10,0.6495867768595042,0.17527676749164697,5,85,fold_3
sideway,Volume_D_lag3,0.6545454545454545,0.30714462140012083,5,86,fold_3
sideway,Close_to_SMA_20,0.6694214876033058,0.1994631138206144,5,87,fold_3
sideway,Momentum_5,0.6809917355371902,0.22862856282426494,5,88,fold_3
sideway,Change_pct_D_lag1,0.6859504132231404,0.1266918158409578,5,89,fold_3
sideway,Volume_Ratio_5,0.687603305785124,0.20910887454259763,5,90,fold_3
sideway,Close_to_SMA_10,0.6925619834710744,0.19394213308859534,5,91,fold_3
sideway,Change_pct_D_lag5,0.6942148760330579,0.2539221734832598,5,92,fold_3
sideway,Up_Ratio_20,0.6942148760330579,0.18981295996455955,5,93,fold_3
sideway,CCI_20,0.7008264462809917,0.14259491774329883,5,94,fold_3
sideway,Volume_D,0.7008264462809917,0.18204343672407752,5,95,fold_3
sideway,Body_abs_D,0.7123966942148761,0.23047333126360098,5,96,fold_3
sideway,Body_D,0.7173553719008264,0.17748402903201477,5,97,fold_3
sideway,PlusDI_14,0.7173553719008264,0.24337404719743422,5,98,fold_3
sideway,Down_Ratio_10,0.7206611570247934,0.24830550661595271,5,99,fold_3
sideway,Ratio_Close_D_to_M,0.7223140495867769,0.25928558465827584,5,100,fold_3
sideway,Return_5D,0.7223140495867769,0.22272688940306484,5,101,fold_3
sideway,Body_W,0.7239669421487603,0.14285811858731834,5,102,fold_3
sideway,Change_pct_W,0.7239669421487603,0.2838094022248079,5,103,fold_3
sideway,Return_3D,0.7272727272727273,0.24669110010907935,5,104,fold_3
sideway,Volume_D_lag10,0.7305785123966941,0.21220527116973112,5,105,fold_3
sideway,Up_Ratio_10,0.7454545454545455,0.22286484351316593,5,106,fold_3
sideway,Return_1D,0.7487603305785123,0.24485694009348788,5,107,fold_3
sideway,Return_10D,0.7504132231404959,0.10797703312779877,5,108,fold_3
sideway,Volume_Change_1D,0.775206611570248,0.10702399565738627,5,109,fold_3
sideway,Volume_D_lag20,0.7818181818181819,0.15401641894560758,5,110,fold_3
sideway,Ratio_Close_D_to_W,0.7884297520661157,0.21532058273695295,5,111,fold_3
sideway,VMD_IMF_4,0.7933884297520661,0.23155249134085787,5,112,fold_3
sideway,Change_pct_D_lag3,0.7983471074380165,0.14333542736316562,5,113,fold_3
sideway,ROC_10,0.8,0.14030127506056864,5,114,fold_3
sideway,Volume_Change_5D,0.8,0.13660134552988024,5,115,fold_3
sideway,RSI_14,0.8066115702479338,0.1924573191241315,5,116,fold_3
sideway,Spread_D,0.8198347107438018,0.07378087312616742,5,117,fold_3
sideway,Upper_Shadow_D,0.849586776859504,0.09448272784811768,5,118,fold_3
sideway,Volume_Change_20D,0.8710743801652893,0.13787046261911903,5,119,fold_3
sideway,Volume_Ratio_20,0.9140495867768597,0.07075654477026114,5,120,fold_3
sideway,Ratio_Volume_D_to_W,0.9239669421487603,0.03849856098794088,5,121,fold_3
sideway,Lower_Shadow_D,0.9900826446280991,0.010775541165624184,5,122,fold_3
