model,selection_fold,regime,feature,importance,normalized_rank,available_sequences,explained_sequences,rseed,nsamples,runtime_seconds,fallback
cnn,fold_1,bear,Open_D,0.0166130972142624,0.8016528925619835,78,78,1598879163,200,1.0483956999960355,none
cnn,fold_1,bear,High_D,0.082823806252623,0.3388429752066115,78,78,1598879163,200,1.0483956999960355,none
cnn,fold_1,bear,Low_D,0.1042868583594472,0.3140495867768595,78,78,1598879163,200,1.0483956999960355,none
cnn,fold_1,bear,Close_D,7.330969515528817,0.0,78,78,1598879163,200,1.0483956999960355,none
cnn,fold_1,bear,Volume_D,0.0086554211473005,0.9256198347107438,78,78,1598879163,200,1.0483956999960355,none
cnn,fold_1,bear,Change_pct_D,0.0436294900395494,0.512396694214876,78,78,1598879163,200,1.0483956999960355,none
cnn,fold_1,bear,Open_W,0.1249776042483925,0.2892561983471074,78,78,1598879163,200,1.0483956999960355,none
cnn,fold_1,bear,High_W,0.5208486114461452,0.0330578512396694,78,78,1598879163,200,1.0483956999960355,none
cnn,fold_1,bear,Low_W,0.2703162183710493,0.1322314049586777,78,78,1598879163,200,1.0483956999960355,none
cnn,fold_1,bear,Close_W,0.1494515957119755,0.2727272727272727,78,78,1598879163,200,1.0483956999960355,none
cnn,fold_1,bear,Volume_W,0.0391473851962496,0.5619834710743802,78,78,1598879163,200,1.0483956999960355,none
cnn,fold_1,bear,Change_pct_W,0.0118908867962283,0.8677685950413223,78,78,1598879163,200,1.0483956999960355,none
cnn,fold_1,bear,Open_M,0.062050230560361,0.4380165289256198,78,78,1598879163,200,1.0483956999960355,none
cnn,fold_1,bear,High_M,0.1697554707145079,0.2396694214876033,78,78,1598879163,200,1.0483956999960355,none
cnn,fold_1,bear,Low_M,0.0663925842149183,0.4132231404958678,78,78,1598879163,200,1.0483956999960355,none
cnn,fold_1,bear,Close_M,0.2192335274548102,0.1818181818181818,78,78,1598879163,200,1.0483956999960355,none
cnn,fold_1,bear,Volume_M,0.0050278888637223,0.9834710743801652,78,78,1598879163,200,1.0483956999960355,none
cnn,fold_1,bear,Change_pct_M,0.1516142448638605,0.2644628099173554,78,78,1598879163,200,1.0483956999960355,none
cnn,fold_1,bear,Close_D_lag1,0.5219806253814544,0.024793388429752,78,78,1598879163,200,1.0483956999960355,none
cnn,fold_1,bear,Close_D_lag2,0.0643523283481884,0.4297520661157025,78,78,1598879163,200,1.0483956999960355,none
cnn,fold_1,bear,Close_D_lag3,0.2022866046318832,0.2066115702479339,78,78,1598879163,200,1.0483956999960355,none
cnn,fold_1,bear,Close_D_lag5,0.2401338533761027,0.1570247933884297,78,78,1598879163,200,1.0483956999960355,none
cnn,fold_1,bear,Close_D_lag10,0.0419201869178859,0.5537190082644629,78,78,1598879163,200,1.0483956999960355,none
cnn,fold_1,bear,Close_D_lag20,0.5538985916914848,0.0082644628099173,78,78,1598879163,200,1.0483956999960355,none
cnn,fold_1,bear,Close_D_lag60,0.4787806069030641,0.0413223140495867,78,78,1598879163,200,1.0483956999960355,none
cnn,fold_1,bear,Change_pct_D_lag1,0.0045668992089391,0.9917355371900828,78,78,1598879163,200,1.0483956999960355,none
cnn,fold_1,bear,Change_pct_D_lag2,0.0240124679613611,0.7355371900826446,78,78,1598879163,200,1.0483956999960355,none
cnn,fold_1,bear,Change_pct_D_lag3,0.0161490100261901,0.8099173553719008,78,78,1598879163,200,1.0483956999960355,none
cnn,fold_1,bear,Change_pct_D_lag5,0.0094677871508851,0.9173553719008264,78,78,1598879163,200,1.0483956999960355,none
cnn,fold_1,bear,Change_pct_D_lag10,0.0334908775726104,0.6198347107438017,78,78,1598879163,200,1.0483956999960355,none
cnn,fold_1,bear,Change_pct_D_lag20,0.0152023109962078,0.8181818181818182,78,78,1598879163,200,1.0483956999960355,none
cnn,fold_1,bear,Volume_D_lag1,0.0113130130055558,0.8842975206611571,78,78,1598879163,200,1.0483956999960355,none
cnn,fold_1,bear,Volume_D_lag2,0.0266559992186639,0.6776859504132231,78,78,1598879163,200,1.0483956999960355,none
cnn,fold_1,bear,Volume_D_lag3,0.0388130399953367,0.5702479338842975,78,78,1598879163,200,1.0483956999960355,none
cnn,fold_1,bear,Volume_D_lag5,0.0202605551856342,0.7933884297520661,78,78,1598879163,200,1.0483956999960355,none
cnn,fold_1,bear,Volume_D_lag10,0.0278692570688364,0.6611570247933884,78,78,1598879163,200,1.0483956999960355,none
cnn,fold_1,bear,Volume_D_lag20,0.0139582681112007,0.8429752066115702,78,78,1598879163,200,1.0483956999960355,none
cnn,fold_1,bear,Close_W_lag1,0.5305746609201798,0.0165289256198347,78,78,1598879163,200,1.0483956999960355,none
cnn,fold_1,bear,Close_W_lag2,0.2654536479773621,0.140495867768595,78,78,1598879163,200,1.0483956999960355,none
cnn,fold_1,bear,Close_W_lag4,0.2042897637742452,0.1983471074380165,78,78,1598879163,200,1.0483956999960355,none
cnn,fold_1,bear,Close_M_lag1,0.0235126773114591,0.7520661157024794,78,78,1598879163,200,1.0483956999960355,none
cnn,fold_1,bear,Close_M_lag3,0.0572554218523108,0.4545454545454545,78,78,1598879163,200,1.0483956999960355,none
cnn,fold_1,bear,Return_1D,0.011667251514291,0.8760330578512396,78,78,1598879163,200,1.0483956999960355,none
cnn,fold_1,bear,Return_3D,0.0252621711747337,0.7107438016528925,78,78,1598879163,200,1.0483956999960355,none
cnn,fold_1,bear,Return_5D,0.031598844679574,0.6446280991735537,78,78,1598879163,200,1.0483956999960355,none
cnn,fold_1,bear,Return_10D,0.0566007754165102,0.4628099173553719,78,78,1598879163,200,1.0483956999960355,none
cnn,fold_1,bear,Return_20D,0.0322863101260235,0.6363636363636364,78,78,1598879163,200,1.0483956999960355,none
cnn,fold_1,bear,Return_60D,0.2163971001957319,0.1900826446280991,78,78,1598879163,200,1.0483956999960355,none
cnn,fold_1,bear,SMA_5,0.4092121241536612,0.0909090909090909,78,78,1598879163,200,1.0483956999960355,none
cnn,fold_1,bear,SMA_10,0.3813267802485289,0.1074380165289256,78,78,1598879163,200,1.0483956999960355,none
cnn,fold_1,bear,SMA_20,0.3865611091160621,0.0991735537190082,78,78,1598879163,200,1.0483956999960355,none
cnn,fold_1,bear,SMA_60,0.4339951116400651,0.0743801652892562,78,78,1598879163,200,1.0483956999960355,none
cnn,fold_1,bear,Close_to_SMA_5,0.0054663611775542,0.9669421487603306,78,78,1598879163,200,1.0483956999960355,none
cnn,fold_1,bear,Close_to_SMA_10,0.0068624142608171,0.9421487603305784,78,78,1598879163,200,1.0483956999960355,none
cnn,fold_1,bear,Close_to_SMA_20,0.0032081472677506,1.0,78,78,1598879163,200,1.0483956999960355,none
cnn,fold_1,bear,Close_to_SMA_60,0.0701994055513051,0.3884297520661157,78,78,1598879163,200,1.0483956999960355,none
cnn,fold_1,bear,Volatility_5,0.0218102636281704,0.768595041322314,78,78,1598879163,200,1.0483956999960355,none
cnn,fold_1,bear,Volatility_10,0.0680441332543313,0.4049586776859504,78,78,1598879163,200,1.0483956999960355,none
cnn,fold_1,bear,Volatility_20,0.0264419533707018,0.6859504132231405,78,78,1598879163,200,1.0483956999960355,none
cnn,fold_1,bear,Volatility_60,0.023191941629102,0.7603305785123967,78,78,1598879163,200,1.0483956999960355,none
cnn,fold_1,bear,Momentum_5,0.0281495401046745,0.6528925619834711,78,78,1598879163,200,1.0483956999960355,none
cnn,fold_1,bear,Momentum_10,0.0268464837790209,0.6694214876033058,78,78,1598879163,200,1.0483956999960355,none
cnn,fold_1,bear,Momentum_20,0.0435925375597994,0.5206611570247934,78,78,1598879163,200,1.0483956999960355,none
cnn,fold_1,bear,Momentum_60,0.1753691796037109,0.2231404958677686,78,78,1598879163,200,1.0483956999960355,none
cnn,fold_1,bear,ROC_5,0.0099978560704369,0.9090909090909092,78,78,1598879163,200,1.0483956999960355,none
cnn,fold_1,bear,ROC_10,0.023825192774189,0.743801652892562,78,78,1598879163,200,1.0483956999960355,none
cnn,fold_1,bear,ROC_20,0.0544444655025823,0.4710743801652892,78,78,1598879163,200,1.0483956999960355,none
cnn,fold_1,bear,ROC_60,0.0432487822067252,0.5371900826446281,78,78,1598879163,200,1.0483956999960355,none
cnn,fold_1,bear,Ratio_Close_D_to_W,0.0421359681959821,0.5454545454545454,78,78,1598879163,200,1.0483956999960355,none
cnn,fold_1,bear,Ratio_Close_D_to_M,0.0139339154577917,0.8512396694214877,78,78,1598879163,200,1.0483956999960355,none
cnn,fold_1,bear,Ratio_Volume_D_to_W,0.020501235090658,0.7851239669421488,78,78,1598879163,200,1.0483956999960355,none
cnn,fold_1,bear,Spread_D,0.0147754934382057,0.8264462809917356,78,78,1598879163,200,1.0483956999960355,none
cnn,fold_1,bear,Body_D,0.0062487670332467,0.950413223140496,78,78,1598879163,200,1.0483956999960355,none
cnn,fold_1,bear,Body_abs_D,0.0575547157195241,0.4462809917355372,78,78,1598879163,200,1.0483956999960355,none
cnn,fold_1,bear,Upper_Shadow_D,0.0453201844196195,0.5041322314049587,78,78,1598879163,200,1.0483956999960355,none
cnn,fold_1,bear,Lower_Shadow_D,0.0085473713874294,0.9338842975206612,78,78,1598879163,200,1.0483956999960355,none
cnn,fold_1,bear,Body_to_Range_D,0.1641582959093517,0.2479338842975206,78,78,1598879163,200,1.0483956999960355,none
cnn,fold_1,bear,Close_Position_D,0.0262911265785098,0.7024793388429752,78,78,1598879163,200,1.0483956999960355,none
cnn,fold_1,bear,Spread_W,0.0341268195923172,0.6033057851239669,78,78,1598879163,200,1.0483956999960355,none
cnn,fold_1,bear,Body_W,0.0685856400385045,0.396694214876033,78,78,1598879163,200,1.0483956999960355,none
cnn,fold_1,bear,Close_Position_W,0.0819123587640859,0.3471074380165289,78,78,1598879163,200,1.0483956999960355,none
cnn,fold_1,bear,Spread_M,0.0356150024119454,0.5950413223140496,78,78,1598879163,200,1.0483956999960355,none
cnn,fold_1,bear,Body_M,0.0122045631408867,0.859504132231405,78,78,1598879163,200,1.0483956999960355,none
cnn,fold_1,bear,Close_Position_M,0.0243712138648963,0.7272727272727273,78,78,1598879163,200,1.0483956999960355,none
cnn,fold_1,bear,Volume_MA_5,0.0329324293027149,0.628099173553719,78,78,1598879163,200,1.0483956999960355,none
cnn,fold_1,bear,Volume_MA_20,0.1222613431756494,0.2975206611570248,78,78,1598879163,200,1.0483956999960355,none
cnn,fold_1,bear,Volume_Ratio_5,0.0458047612416824,0.4876033057851239,78,78,1598879163,200,1.0483956999960355,none
cnn,fold_1,bear,Volume_Ratio_20,0.0645919982481968,0.4214876033057851,78,78,1598879163,200,1.0483956999960355,none
cnn,fold_1,bear,Volume_Change_1D,0.0543915215470732,0.4793388429752066,78,78,1598879163,200,1.0483956999960355,none
cnn,fold_1,bear,Volume_Change_5D,0.014185374601612,0.8347107438016529,78,78,1598879163,200,1.0483956999960355,none
cnn,fold_1,bear,Volume_Change_20D,0.005374194642186,0.975206611570248,78,78,1598879163,200,1.0483956999960355,none
cnn,fold_1,bear,Direction_lag1,0.2383989117599663,0.1652892561983471,78,78,1598879163,200,1.0483956999960355,none
cnn,fold_1,bear,Direction_lag2,0.1561074720456814,0.256198347107438,78,78,1598879163,200,1.0483956999960355,none
cnn,fold_1,bear,Direction_lag3,0.0378213637274548,0.5867768595041323,78,78,1598879163,200,1.0483956999960355,none
cnn,fold_1,bear,Direction_lag5,0.3206489216775084,0.1239669421487603,78,78,1598879163,200,1.0483956999960355,none
cnn,fold_1,bear,Up_Ratio_5,0.1333918329898435,0.2809917355371901,78,78,1598879163,200,1.0483956999960355,none
cnn,fold_1,bear,Up_Ratio_10,0.0264232275796326,0.6942148760330579,78,78,1598879163,200,1.0483956999960355,none
cnn,fold_1,bear,Up_Ratio_20,0.0817971614680386,0.3553719008264462,78,78,1598879163,200,1.0483956999960355,none
cnn,fold_1,bear,Down_Ratio_5,0.0761873269328414,0.3801652892561983,78,78,1598879163,200,1.0483956999960355,none
cnn,fold_1,bear,Down_Ratio_10,0.0106161544869139,0.8925619834710744,78,78,1598879163,200,1.0483956999960355,none
cnn,fold_1,bear,Down_Ratio_20,0.0252116661502511,0.71900826446281,78,78,1598879163,200,1.0483956999960355,none
cnn,fold_1,bear,WMA_5,0.4445330952413571,0.0578512396694214,78,78,1598879163,200,1.0483956999960355,none
cnn,fold_1,bear,WMA_10,0.3671312730663862,0.1157024793388429,78,78,1598879163,200,1.0483956999960355,none
cnn,fold_1,bear,WMA_20,0.4096567092033533,0.0826446280991735,78,78,1598879163,200,1.0483956999960355,none
cnn,fold_1,bear,WMA_60,0.2531859180855136,0.1487603305785124,78,78,1598879163,200,1.0483956999960355,none
cnn,fold_1,bear,StochK_14,0.0952009263987234,0.3223140495867768,78,78,1598879163,200,1.0483956999960355,none
cnn,fold_1,bear,StochD_3,0.0215020555654262,0.7768595041322314,78,78,1598879163,200,1.0483956999960355,none
cnn,fold_1,bear,RSI_14,0.0454063672805823,0.4958677685950413,78,78,1598879163,200,1.0483956999960355,none
cnn,fold_1,bear,MACD_12_26,0.0102615181951751,0.9008264462809916,78,78,1598879163,200,1.0483956999960355,none
cnn,fold_1,bear,MACD_Signal_9,0.0881692229599465,0.3305785123966942,78,78,1598879163,200,1.0483956999960355,none
cnn,fold_1,bear,MACD_Histogram,0.0433298428853446,0.5289256198347108,78,78,1598879163,200,1.0483956999960355,none
cnn,fold_1,bear,WilliamsR_14,0.171150481829544,0.2314049586776859,78,78,1598879163,200,1.0483956999960355,none
cnn,fold_1,bear,CCI_20,0.0770425003946468,0.371900826446281,78,78,1598879163,200,1.0483956999960355,none
cnn,fold_1,bear,ADX_14,0.2297669044404756,0.1735537190082644,78,78,1598879163,200,1.0483956999960355,none
cnn,fold_1,bear,PlusDI_14,0.077768484938035,0.3636363636363636,78,78,1598879163,200,1.0483956999960355,none
cnn,fold_1,bear,MinusDI_14,0.1767285482463928,0.2148760330578512,78,78,1598879163,200,1.0483956999960355,none
cnn,fold_1,bear,VMD_IMF_1,0.4411152885820812,0.0661157024793388,78,78,1598879163,200,1.0483956999960355,none
cnn,fold_1,bear,VMD_IMF_2,0.1165509811257018,0.3057851239669421,78,78,1598879163,200,1.0483956999960355,none
cnn,fold_1,bear,VMD_IMF_3,0.0061206748360702,0.9586776859504132,78,78,1598879163,200,1.0483956999960355,none
cnn,fold_1,bear,VMD_IMF_4,0.0385305359952011,0.5785123966942148,78,78,1598879163,200,1.0483956999960355,none
cnn,fold_1,bear,VMD_Denoised_Close,0.467029774787191,0.0495867768595041,78,78,1598879163,200,1.0483956999960355,none
cnn,fold_1,bear,VMD_Noise_Energy_Ratio,0.0335536563914222,0.6115702479338843,78,78,1598879163,200,1.0483956999960355,none
cnn,fold_1,bull,Open_D,0.0261782786796484,0.71900826446281,72,72,7236537,200,0.9788316000049236,none
cnn,fold_1,bull,High_D,0.0910763943763514,0.3553719008264462,72,72,7236537,200,0.9788316000049236,none
cnn,fold_1,bull,Low_D,0.1165040508636997,0.3223140495867768,72,72,7236537,200,0.9788316000049236,none
cnn,fold_1,bull,Close_D,11.02763420370304,0.0,72,72,7236537,200,0.9788316000049236,none
cnn,fold_1,bull,Volume_D,0.0107869180874738,0.8925619834710744,72,72,7236537,200,0.9788316000049236,none
cnn,fold_1,bull,Change_pct_D,0.0345796321092103,0.6528925619834711,72,72,7236537,200,0.9788316000049236,none
cnn,fold_1,bull,Open_W,0.1241179216897257,0.3057851239669421,72,72,7236537,200,0.9788316000049236,none
cnn,fold_1,bull,High_W,0.5342516750821636,0.024793388429752,72,72,7236537,200,0.9788316000049236,none
cnn,fold_1,bull,Low_W,0.2855146596867902,0.140495867768595,72,72,7236537,200,0.9788316000049236,none
cnn,fold_1,bull,Close_W,0.1654766665875084,0.2396694214876033,72,72,7236537,200,0.9788316000049236,none
cnn,fold_1,bull,Volume_W,0.0462559059092787,0.5371900826446281,72,72,7236537,200,0.9788316000049236,none
cnn,fold_1,bull,Change_pct_W,0.0108737021394395,0.8842975206611571,72,72,7236537,200,0.9788316000049236,none
cnn,fold_1,bull,Open_M,0.0465561841971541,0.5289256198347108,72,72,7236537,200,0.9788316000049236,none
cnn,fold_1,bull,High_M,0.1573144924568219,0.2727272727272727,72,72,7236537,200,0.9788316000049236,none
cnn,fold_1,bull,Low_M,0.059430936930494,0.4380165289256198,72,72,7236537,200,0.9788316000049236,none
cnn,fold_1,bull,Close_M,0.2123434653298722,0.1983471074380165,72,72,7236537,200,0.9788316000049236,none
cnn,fold_1,bull,Volume_M,0.0055946813496967,0.9669421487603306,72,72,7236537,200,0.9788316000049236,none
cnn,fold_1,bull,Change_pct_M,0.1960363440173346,0.2231404958677686,72,72,7236537,200,0.9788316000049236,none
cnn,fold_1,bull,Close_D_lag1,0.5859762575684322,0.0082644628099173,72,72,7236537,200,0.9788316000049236,none
cnn,fold_1,bull,Close_D_lag2,0.0697089330946457,0.4049586776859504,72,72,7236537,200,0.9788316000049236,none
cnn,fold_1,bull,Close_D_lag3,0.2210684376303106,0.1900826446280991,72,72,7236537,200,0.9788316000049236,none
cnn,fold_1,bull,Close_D_lag5,0.2446846097060996,0.1570247933884297,72,72,7236537,200,0.9788316000049236,none
cnn,fold_1,bull,Close_D_lag10,0.0408574788093675,0.5950413223140496,72,72,7236537,200,0.9788316000049236,none
cnn,fold_1,bull,Close_D_lag20,0.4981241234888633,0.0413223140495867,72,72,7236537,200,0.9788316000049236,none
cnn,fold_1,bull,Close_D_lag60,0.3862926405188369,0.0991735537190082,72,72,7236537,200,0.9788316000049236,none
cnn,fold_1,bull,Change_pct_D_lag1,0.0040635247261974,0.9917355371900828,72,72,7236537,200,0.9788316000049236,none
cnn,fold_1,bull,Change_pct_D_lag2,0.0195242165280842,0.8016528925619835,72,72,7236537,200,0.9788316000049236,none
cnn,fold_1,bull,Change_pct_D_lag3,0.0135199061407293,0.859504132231405,72,72,7236537,200,0.9788316000049236,none
cnn,fold_1,bull,Change_pct_D_lag5,0.0080456517205588,0.9338842975206612,72,72,7236537,200,0.9788316000049236,none
cnn,fold_1,bull,Change_pct_D_lag10,0.0279603430320365,0.7024793388429752,72,72,7236537,200,0.9788316000049236,none
cnn,fold_1,bull,Change_pct_D_lag20,0.0128334047033727,0.8760330578512396,72,72,7236537,200,0.9788316000049236,none
cnn,fold_1,bull,Volume_D_lag1,0.0147567819329986,0.8264462809917356,72,72,7236537,200,0.9788316000049236,none
cnn,fold_1,bull,Volume_D_lag2,0.0330364339511234,0.6611570247933884,72,72,7236537,200,0.9788316000049236,none
cnn,fold_1,bull,Volume_D_lag3,0.0488970850370757,0.4876033057851239,72,72,7236537,200,0.9788316000049236,none
cnn,fold_1,bull,Volume_D_lag5,0.0241895345717832,0.7520661157024794,72,72,7236537,200,0.9788316000049236,none
cnn,fold_1,bull,Volume_D_lag10,0.0312182070914281,0.6776859504132231,72,72,7236537,200,0.9788316000049236,none
cnn,fold_1,bull,Volume_D_lag20,0.0146146773938473,0.8429752066115702,72,72,7236537,200,0.9788316000049236,none
cnn,fold_1,bull,Close_W_lag1,0.5623336180216736,0.0165289256198347,72,72,7236537,200,0.9788316000049236,none
cnn,fold_1,bull,Close_W_lag2,0.2824371164690496,0.1487603305785124,72,72,7236537,200,0.9788316000049236,none
cnn,fold_1,bull,Close_W_lag4,0.2010471002767897,0.2148760330578512,72,72,7236537,200,0.9788316000049236,none
cnn,fold_1,bull,Close_M_lag1,0.0247063299741689,0.743801652892562,72,72,7236537,200,0.9788316000049236,none
cnn,fold_1,bull,Close_M_lag3,0.045046330362028,0.5537190082644629,72,72,7236537,200,0.9788316000049236,none
cnn,fold_1,bull,Return_1D,0.0094764833972304,0.9090909090909092,72,72,7236537,200,0.9788316000049236,none
cnn,fold_1,bull,Return_3D,0.0227266941517256,0.768595041322314,72,72,7236537,200,0.9788316000049236,none
cnn,fold_1,bull,Return_5D,0.0293635484534257,0.6859504132231405,72,72,7236537,200,0.9788316000049236,none
cnn,fold_1,bull,Return_10D,0.0526569172291326,0.4628099173553719,72,72,7236537,200,0.9788316000049236,none
cnn,fold_1,bull,Return_20D,0.031964309999426,0.6694214876033058,72,72,7236537,200,0.9788316000049236,none
cnn,fold_1,bull,Return_60D,0.2406069290746624,0.1652892561983471,72,72,7236537,200,0.9788316000049236,none
cnn,fold_1,bull,SMA_5,0.4429898221446718,0.0578512396694214,72,72,7236537,200,0.9788316000049236,none
cnn,fold_1,bull,SMA_10,0.4041560696205124,0.0826446280991735,72,72,7236537,200,0.9788316000049236,none
cnn,fold_1,bull,SMA_20,0.3827626416873601,0.1157024793388429,72,72,7236537,200,0.9788316000049236,none
cnn,fold_1,bull,SMA_60,0.3854230169672519,0.1074380165289256,72,72,7236537,200,0.9788316000049236,none
cnn,fold_1,bull,Close_to_SMA_5,0.004322094654371,0.9834710743801652,72,72,7236537,200,0.9788316000049236,none
cnn,fold_1,bull,Close_to_SMA_10,0.0065135507479395,0.9586776859504132,72,72,7236537,200,0.9788316000049236,none
cnn,fold_1,bull,Close_to_SMA_20,0.0026684361171618,1.0,72,72,7236537,200,0.9788316000049236,none
cnn,fold_1,bull,Close_to_SMA_60,0.0664085679359989,0.4132231404958678,72,72,7236537,200,0.9788316000049236,none
cnn,fold_1,bull,Volatility_5,0.0226272018034503,0.7768595041322314,72,72,7236537,200,0.9788316000049236,none
cnn,fold_1,bull,Volatility_10,0.0786073463896627,0.371900826446281,72,72,7236537,200,0.9788316000049236,none
cnn,fold_1,bull,Volatility_20,0.043634914080862,0.5619834710743802,72,72,7236537,200,0.9788316000049236,none
cnn,fold_1,bull,Volatility_60,0.0466082655389199,0.5206611570247934,72,72,7236537,200,0.9788316000049236,none
cnn,fold_1,bull,Momentum_5,0.0269789216079391,0.7107438016528925,72,72,7236537,200,0.9788316000049236,none
cnn,fold_1,bull,Momentum_10,0.0251742321681275,0.7272727272727273,72,72,7236537,200,0.9788316000049236,none
cnn,fold_1,bull,Momentum_20,0.0416482476060398,0.5867768595041323,72,72,7236537,200,0.9788316000049236,none
cnn,fold_1,bull,Momentum_60,0.2029161015714231,0.2066115702479339,72,72,7236537,200,0.9788316000049236,none
cnn,fold_1,bull,ROC_5,0.0103140185138196,0.9008264462809916,72,72,7236537,200,0.9788316000049236,none
cnn,fold_1,bull,ROC_10,0.0224059668942547,0.7851239669421488,72,72,7236537,200,0.9788316000049236,none
cnn,fold_1,bull,ROC_20,0.054238970509295,0.4462809917355372,72,72,7236537,200,0.9788316000049236,none
cnn,fold_1,bull,ROC_60,0.0481010039758984,0.4958677685950413,72,72,7236537,200,0.9788316000049236,none
cnn,fold_1,bull,Ratio_Close_D_to_W,0.0377516649640701,0.6363636363636364,72,72,7236537,200,0.9788316000049236,none
cnn,fold_1,bull,Ratio_Close_D_to_M,0.0145889106949122,0.8512396694214877,72,72,7236537,200,0.9788316000049236,none
cnn,fold_1,bull,Ratio_Volume_D_to_W,0.0280778687060938,0.6942148760330579,72,72,7236537,200,0.9788316000049236,none
cnn,fold_1,bull,Spread_D,0.0147222239095056,0.8347107438016529,72,72,7236537,200,0.9788316000049236,none
cnn,fold_1,bull,Body_D,0.0050690061682721,0.975206611570248,72,72,7236537,200,0.9788316000049236,none
cnn,fold_1,bull,Body_abs_D,0.0525862636173062,0.4710743801652892,72,72,7236537,200,0.9788316000049236,none
cnn,fold_1,bull,Upper_Shadow_D,0.0476087482171364,0.512396694214876,72,72,7236537,200,0.9788316000049236,none
cnn,fold_1,bull,Lower_Shadow_D,0.008592422002118,0.9256198347107438,72,72,7236537,200,0.9788316000049236,none
cnn,fold_1,bull,Body_to_Range_D,0.1633626696890221,0.2479338842975206,72,72,7236537,200,0.9788316000049236,none
cnn,fold_1,bull,Close_Position_D,0.0251353825249869,0.7355371900826446,72,72,7236537,200,0.9788316000049236,none
cnn,fold_1,bull,Spread_W,0.0405547486841997,0.6115702479338843,72,72,7236537,200,0.9788316000049236,none
cnn,fold_1,bull,Body_W,0.0623733431976486,0.4297520661157025,72,72,7236537,200,0.9788316000049236,none
cnn,fold_1,bull,Close_Position_W,0.0707623308841852,0.396694214876033,72,72,7236537,200,0.9788316000049236,none
cnn,fold_1,bull,Spread_M,0.039543796341591,0.6198347107438017,72,72,7236537,200,0.9788316000049236,none
cnn,fold_1,bull,Body_M,0.0128713644394374,0.8677685950413223,72,72,7236537,200,0.9788316000049236,none
cnn,fold_1,bull,Close_Position_M,0.0234489564093539,0.7603305785123967,72,72,7236537,200,0.9788316000049236,none
cnn,fold_1,bull,Volume_MA_5,0.0406264342397565,0.6033057851239669,72,72,7236537,200,0.9788316000049236,none
cnn,fold_1,bull,Volume_MA_20,0.1221591287304464,0.3140495867768595,72,72,7236537,200,0.9788316000049236,none
cnn,fold_1,bull,Volume_Ratio_5,0.0534112942344033,0.4545454545454545,72,72,7236537,200,0.9788316000049236,none
cnn,fold_1,bull,Volume_Ratio_20,0.0930561418902268,0.3388429752066115,72,72,7236537,200,0.9788316000049236,none
cnn,fold_1,bull,Volume_Change_1D,0.0624732933675267,0.4214876033057851,72,72,7236537,200,0.9788316000049236,none
cnn,fold_1,bull,Volume_Change_5D,0.0207264320106029,0.7933884297520661,72,72,7236537,200,0.9788316000049236,none
cnn,fold_1,bull,Volume_Change_20D,0.0087936507172355,0.9173553719008264,72,72,7236537,200,0.9788316000049236,none
cnn,fold_1,bull,Direction_lag1,0.2322559580553691,0.1818181818181818,72,72,7236537,200,0.9788316000049236,none
cnn,fold_1,bull,Direction_lag2,0.1615154095485599,0.2644628099173554,72,72,7236537,200,0.9788316000049236,none
cnn,fold_1,bull,Direction_lag3,0.0416971659923345,0.5785123966942148,72,72,7236537,200,0.9788316000049236,none
cnn,fold_1,bull,Direction_lag5,0.3209018984731908,0.1239669421487603,72,72,7236537,200,0.9788316000049236,none
cnn,fold_1,bull,Up_Ratio_5,0.1629580302891554,0.256198347107438,72,72,7236537,200,0.9788316000049236,none
cnn,fold_1,bull,Up_Ratio_10,0.0394866382236109,0.628099173553719,72,72,7236537,200,0.9788316000049236,none
cnn,fold_1,bull,Up_Ratio_20,0.1475140344664396,0.2809917355371901,72,72,7236537,200,0.9788316000049236,none
cnn,fold_1,bull,Down_Ratio_5,0.090428304332646,0.3636363636363636,72,72,7236537,200,0.9788316000049236,none
cnn,fold_1,bull,Down_Ratio_10,0.0170284287216115,0.8099173553719008,72,72,7236537,200,0.9788316000049236,none
cnn,fold_1,bull,Down_Ratio_20,0.0454666644186242,0.5454545454545454,72,72,7236537,200,0.9788316000049236,none
cnn,fold_1,bull,WMA_5,0.4920185511000454,0.0495867768595041,72,72,7236537,200,0.9788316000049236,none
cnn,fold_1,bull,WMA_10,0.398086152329213,0.0909090909090909,72,72,7236537,200,0.9788316000049236,none
cnn,fold_1,bull,WMA_20,0.4205432340709699,0.0743801652892562,72,72,7236537,200,0.9788316000049236,none
cnn,fold_1,bull,WMA_60,0.239896726271642,0.1735537190082644,72,72,7236537,200,0.9788316000049236,none
cnn,fold_1,bull,StochK_14,0.0771457795943206,0.3801652892561983,72,72,7236537,200,0.9788316000049236,none
cnn,fold_1,bull,StochD_3,0.0168276240146983,0.8181818181818182,72,72,7236537,200,0.9788316000049236,none
cnn,fold_1,bull,RSI_14,0.0480817706019908,0.5041322314049587,72,72,7236537,200,0.9788316000049236,none
cnn,fold_1,bull,MACD_12_26,0.007533905516267,0.9421487603305784,72,72,7236537,200,0.9788316000049236,none
cnn,fold_1,bull,MACD_Signal_9,0.0934037340264442,0.3305785123966942,72,72,7236537,200,0.9788316000049236,none
cnn,fold_1,bull,MACD_Histogram,0.0517570849350654,0.4793388429752066,72,72,7236537,200,0.9788316000049236,none
cnn,fold_1,bull,WilliamsR_14,0.1376694564400623,0.2975206611570248,72,72,7236537,200,0.9788316000049236,none
cnn,fold_1,bull,CCI_20,0.072159183990819,0.3884297520661157,72,72,7236537,200,0.9788316000049236,none
cnn,fold_1,bull,ADX_14,0.3083706187871737,0.1322314049586777,72,72,7236537,200,0.9788316000049236,none
cnn,fold_1,bull,PlusDI_14,0.0922440151885606,0.3471074380165289,72,72,7236537,200,0.9788316000049236,none
cnn,fold_1,bull,MinusDI_14,0.1674817548537728,0.2314049586776859,72,72,7236537,200,0.9788316000049236,none
cnn,fold_1,bull,VMD_IMF_1,0.4219343450985939,0.0661157024793388,72,72,7236537,200,0.9788316000049236,none
cnn,fold_1,bull,VMD_IMF_2,0.1381368792700313,0.2892561983471074,72,72,7236537,200,0.9788316000049236,none
cnn,fold_1,bull,VMD_IMF_3,0.0069677986533235,0.950413223140496,72,72,7236537,200,0.9788316000049236,none
cnn,fold_1,bull,VMD_IMF_4,0.042355843099711,0.5702479338842975,72,72,7236537,200,0.9788316000049236,none
cnn,fold_1,bull,VMD_Denoised_Close,0.5186820227316478,0.0330578512396694,72,72,7236537,200,0.9788316000049236,none
cnn,fold_1,bull,VMD_Noise_Energy_Ratio,0.035280289440374,0.6446280991735537,72,72,7236537,200,0.9788316000049236,none
cnn,fold_1,global,Open_D,0.0226148200383384,0.7603305785123967,244,128,351562799,200,1.8952656999899773,none
cnn,fold_1,global,High_D,0.0900711322314975,0.3305785123966942,244,128,351562799,200,1.8952656999899773,none
cnn,fold_1,global,Low_D,0.1148505695804487,0.3057851239669421,244,128,351562799,200,1.8952656999899773,none
cnn,fold_1,global,Close_D,9.432426147948718,0.0,244,128,351562799,200,1.8952656999899773,none
cnn,fold_1,global,Volume_D,0.0092681144692094,0.9090909090909092,244,128,351562799,200,1.8952656999899773,none
cnn,fold_1,global,Change_pct_D,0.0386211615115939,0.5867768595041323,244,128,351562799,200,1.8952656999899773,none
cnn,fold_1,global,Open_W,0.1284417777196608,0.2892561983471074,244,128,351562799,200,1.8952656999899773,none
cnn,fold_1,global,High_W,0.5472187625884544,0.024793388429752,244,128,351562799,200,1.8952656999899773,none
cnn,fold_1,global,Low_W,0.2875881669577211,0.1322314049586777,244,128,351562799,200,1.8952656999899773,none
cnn,fold_1,global,Close_W,0.1629332967684604,0.2479338842975206,244,128,351562799,200,1.8952656999899773,none
cnn,fold_1,global,Volume_W,0.0393621536480033,0.5785123966942148,244,128,351562799,200,1.8952656999899773,none
cnn,fold_1,global,Change_pct_W,0.0112855045375484,0.8842975206611571,244,128,351562799,200,1.8952656999899773,none
cnn,fold_1,global,Open_M,0.0548769107705766,0.4545454545454545,244,128,351562799,200,1.8952656999899773,none
cnn,fold_1,global,High_M,0.167656886979239,0.2396694214876033,244,128,351562799,200,1.8952656999899773,none
cnn,fold_1,global,Low_M,0.0636475925942704,0.4214876033057851,244,128,351562799,200,1.8952656999899773,none
cnn,fold_1,global,Close_M,0.2265832903562113,0.1818181818181818,244,128,351562799,200,1.8952656999899773,none
cnn,fold_1,global,Volume_M,0.0050957622479197,0.975206611570248,244,128,351562799,200,1.8952656999899773,none
cnn,fold_1,global,Change_pct_M,0.1679436529144823,0.2314049586776859,244,128,351562799,200,1.8952656999899773,none
cnn,fold_1,global,Close_D_lag1,0.575503671268234,0.0082644628099173,244,128,351562799,200,1.8952656999899773,none
cnn,fold_1,global,Close_D_lag2,0.0695126213424373,0.396694214876033,244,128,351562799,200,1.8952656999899773,none
cnn,fold_1,global,Close_D_lag3,0.2198419889769866,0.1900826446280991,244,128,351562799,200,1.8952656999899773,none
cnn,fold_1,global,Close_D_lag5,0.2516457746023661,0.1652892561983471,244,128,351562799,200,1.8952656999899773,none
cnn,fold_1,global,Close_D_lag10,0.0429024869119679,0.5206611570247934,244,128,351562799,200,1.8952656999899773,none
cnn,fold_1,global,Close_D_lag20,0.5372119533538353,0.0330578512396694,244,128,351562799,200,1.8952656999899773,none
cnn,fold_1,global,Close_D_lag60,0.4389926469226338,0.0743801652892562,244,128,351562799,200,1.8952656999899773,none
cnn,fold_1,global,Change_pct_D_lag1,0.0043760105861877,0.9917355371900828,244,128,351562799,200,1.8952656999899773,none
cnn,fold_1,global,Change_pct_D_lag2,0.0219456382154739,0.7768595041322314,244,128,351562799,200,1.8952656999899773,none
cnn,fold_1,global,Change_pct_D_lag3,0.0150546905206136,0.8264462809917356,244,128,351562799,200,1.8952656999899773,none
cnn,fold_1,global,Change_pct_D_lag5,0.0088816579603669,0.9173553719008264,244,128,351562799,200,1.8952656999899773,none
cnn,fold_1,global,Change_pct_D_lag10,0.0315550849772989,0.6528925619834711,244,128,351562799,200,1.8952656999899773,none
cnn,fold_1,global,Change_pct_D_lag20,0.0139789054682241,0.8429752066115702,244,128,351562799,200,1.8952656999899773,none
cnn,fold_1,global,Volume_D_lag1,0.0125797463162302,0.8677685950413223,244,128,351562799,200,1.8952656999899773,none
cnn,fold_1,global,Volume_D_lag2,0.0291525752990963,0.6859504132231405,244,128,351562799,200,1.8952656999899773,none
cnn,fold_1,global,Volume_D_lag3,0.0437029659256097,0.512396694214876,244,128,351562799,200,1.8952656999899773,none
cnn,fold_1,global,Volume_D_lag5,0.0218815756126485,0.7933884297520661,244,128,351562799,200,1.8952656999899773,none
cnn,fold_1,global,Volume_D_lag10,0.0299665593689354,0.6694214876033058,244,128,351562799,200,1.8952656999899773,none
cnn,fold_1,global,Volume_D_lag20,0.0152213899936768,0.8181818181818182,244,128,351562799,200,1.8952656999899773,none
cnn,fold_1,global,Close_W_lag1,0.5675260343356058,0.0165289256198347,244,128,351562799,200,1.8952656999899773,none
cnn,fold_1,global,Close_W_lag2,0.2846729924174724,0.140495867768595,244,128,351562799,200,1.8952656999899773,none
cnn,fold_1,global,Close_W_lag4,0.2101333503393107,0.1983471074380165,244,128,351562799,200,1.8952656999899773,none
cnn,fold_1,global,Close_M_lag1,0.0251788142964329,0.71900826446281,244,128,351562799,200,1.8952656999899773,none
cnn,fold_1,global,Close_M_lag3,0.0533638742748735,0.4628099173553719,244,128,351562799,200,1.8952656999899773,none
cnn,fold_1,global,Return_1D,0.0104765603744377,0.8925619834710744,244,128,351562799,200,1.8952656999899773,none
cnn,fold_1,global,Return_3D,0.0239865441536402,0.7355371900826446,244,128,351562799,200,1.8952656999899773,none
cnn,fold_1,global,Return_5D,0.0297123704868781,0.6776859504132231,244,128,351562799,200,1.8952656999899773,none
cnn,fold_1,global,Return_10D,0.0510055106222154,0.4710743801652892,244,128,351562799,200,1.8952656999899773,none
cnn,fold_1,global,Return_20D,0.028533792023642,0.6942148760330579,244,128,351562799,200,1.8952656999899773,none
cnn,fold_1,global,Return_60D,0.2068421424360281,0.2066115702479339,244,128,351562799,200,1.8952656999899773,none
cnn,fold_1,global,SMA_5,0.4421763010421273,0.0661157024793388,244,128,351562799,200,1.8952656999899773,none
cnn,fold_1,global,SMA_10,0.4075180995219852,0.0991735537190082,244,128,351562799,200,1.8952656999899773,none
cnn,fold_1,global,SMA_20,0.3964099072531098,0.1157024793388429,244,128,351562799,200,1.8952656999899773,none
cnn,fold_1,global,SMA_60,0.4205778050614753,0.0909090909090909,244,128,351562799,200,1.8952656999899773,none
cnn,fold_1,global,Close_to_SMA_5,0.0048160139288338,0.9834710743801652,244,128,351562799,200,1.8952656999899773,none
cnn,fold_1,global,Close_to_SMA_10,0.0062532203558628,0.9586776859504132,244,128,351562799,200,1.8952656999899773,none
cnn,fold_1,global,Close_to_SMA_20,0.0025911792029693,1.0,244,128,351562799,200,1.8952656999899773,none
cnn,fold_1,global,Close_to_SMA_60,0.0571521574538039,0.4380165289256198,244,128,351562799,200,1.8952656999899773,none
cnn,fold_1,global,Volatility_5,0.0219827565406603,0.768595041322314,244,128,351562799,200,1.8952656999899773,none
cnn,fold_1,global,Volatility_10,0.0695576378886322,0.3884297520661157,244,128,351562799,200,1.8952656999899773,none
cnn,fold_1,global,Volatility_20,0.0306053988674111,0.6611570247933884,244,128,351562799,200,1.8952656999899773,none
cnn,fold_1,global,Volatility_60,0.0335180654744242,0.6363636363636364,244,128,351562799,200,1.8952656999899773,none
cnn,fold_1,global,Momentum_5,0.0270567666591232,0.7024793388429752,244,128,351562799,200,1.8952656999899773,none
cnn,fold_1,global,Momentum_10,0.0242206040135283,0.7272727272727273,244,128,351562799,200,1.8952656999899773,none
cnn,fold_1,global,Momentum_20,0.0372255284694134,0.6033057851239669,244,128,351562799,200,1.8952656999899773,none
cnn,fold_1,global,Momentum_60,0.1708396717111782,0.2148760330578512,244,128,351562799,200,1.8952656999899773,none
cnn,fold_1,global,ROC_5,0.0101433430742439,0.9008264462809916,244,128,351562799,200,1.8952656999899773,none
cnn,fold_1,global,ROC_10,0.0219402253966165,0.7851239669421488,244,128,351562799,200,1.8952656999899773,none
cnn,fold_1,global,ROC_20,0.0483566041719782,0.4958677685950413,244,128,351562799,200,1.8952656999899773,none
cnn,fold_1,global,ROC_60,0.0413583589545993,0.5289256198347108,244,128,351562799,200,1.8952656999899773,none
cnn,fold_1,global,Ratio_Close_D_to_W,0.0395282033533487,0.5619834710743802,244,128,351562799,200,1.8952656999899773,none
cnn,fold_1,global,Ratio_Close_D_to_M,0.0129602192675383,0.859504132231405,244,128,351562799,200,1.8952656999899773,none
cnn,fold_1,global,Ratio_Volume_D_to_W,0.0237302848431015,0.743801652892562,244,128,351562799,200,1.8952656999899773,none
cnn,fold_1,global,Spread_D,0.0144347205479316,0.8347107438016529,244,128,351562799,200,1.8952656999899773,none
cnn,fold_1,global,Body_D,0.0056205699109435,0.9669421487603306,244,128,351562799,200,1.8952656999899773,none
cnn,fold_1,global,Body_abs_D,0.0549078175129828,0.4462809917355372,244,128,351562799,200,1.8952656999899773,none
cnn,fold_1,global,Upper_Shadow_D,0.048435475385343,0.4876033057851239,244,128,351562799,200,1.8952656999899773,none
cnn,fold_1,global,Lower_Shadow_D,0.0086143514152413,0.9256198347107438,244,128,351562799,200,1.8952656999899773,none
cnn,fold_1,global,Body_to_Range_D,0.1692382827666563,0.2231404958677686,244,128,351562799,200,1.8952656999899773,none
cnn,fold_1,global,Close_Position_D,0.0254766954789232,0.7107438016528925,244,128,351562799,200,1.8952656999899773,none
cnn,fold_1,global,Spread_W,0.0373734985407423,0.5950413223140496,244,128,351562799,200,1.8952656999899773,none
cnn,fold_1,global,Body_W,0.0669473278714491,0.4132231404958678,244,128,351562799,200,1.8952656999899773,none
cnn,fold_1,global,Close_Position_W,0.0754988260874412,0.371900826446281,244,128,351562799,200,1.8952656999899773,none
cnn,fold_1,global,Spread_M,0.0393624272356433,0.5702479338842975,244,128,351562799,200,1.8952656999899773,none
cnn,fold_1,global,Body_M,0.0118865307419072,0.8760330578512396,244,128,351562799,200,1.8952656999899773,none
cnn,fold_1,global,Close_Position_M,0.0235739083899311,0.7520661157024794,244,128,351562799,200,1.8952656999899773,none
cnn,fold_1,global,Volume_MA_5,0.0351808107721559,0.6115702479338843,244,128,351562799,200,1.8952656999899773,none
cnn,fold_1,global,Volume_MA_20,0.1192154382478008,0.2975206611570248,244,128,351562799,200,1.8952656999899773,none
cnn,fold_1,global,Volume_Ratio_5,0.0492728450330773,0.4793388429752066,244,128,351562799,200,1.8952656999899773,none
cnn,fold_1,global,Volume_Ratio_20,0.0757360840628877,0.3636363636363636,244,128,351562799,200,1.8952656999899773,none
cnn,fold_1,global,Volume_Change_1D,0.0587101718878096,0.4297520661157025,244,128,351562799,200,1.8952656999899773,none
cnn,fold_1,global,Volume_Change_5D,0.0171223776922168,0.8099173553719008,244,128,351562799,200,1.8952656999899773,none
cnn,fold_1,global,Volume_Change_20D,0.0069875974613669,0.9421487603305784,244,128,351562799,200,1.8952656999899773,none
cnn,fold_1,global,Direction_lag1,0.2340241060877957,0.1735537190082644,244,128,351562799,200,1.8952656999899773,none
cnn,fold_1,global,Direction_lag2,0.158867667519371,0.256198347107438,244,128,351562799,200,1.8952656999899773,none
cnn,fold_1,global,Direction_lag3,0.0396017089342272,0.5537190082644629,244,128,351562799,200,1.8952656999899773,none
cnn,fold_1,global,Direction_lag5,0.3208012268587481,0.1239669421487603,244,128,351562799,200,1.8952656999899773,none
cnn,fold_1,global,Up_Ratio_5,0.1452457413864749,0.2727272727272727,244,128,351562799,200,1.8952656999899773,none
cnn,fold_1,global,Up_Ratio_10,0.0317999598018168,0.6446280991735537,244,128,351562799,200,1.8952656999899773,none
cnn,fold_1,global,Up_Ratio_20,0.1116471267256363,0.3140495867768595,244,128,351562799,200,1.8952656999899773,none
cnn,fold_1,global,Down_Ratio_5,0.0816319452789757,0.3388429752066115,244,128,351562799,200,1.8952656999899773,none
cnn,fold_1,global,Down_Ratio_10,0.0134738945747859,0.8512396694214877,244,128,351562799,200,1.8952656999899773,none
cnn,fold_1,global,Down_Ratio_20,0.0341923664579994,0.628099173553719,244,128,351562799,200,1.8952656999899773,none
cnn,fold_1,global,WMA_5,0.4864662272069836,0.0495867768595041,244,128,351562799,200,1.8952656999899773,none
cnn,fold_1,global,WMA_10,0.3972321110632038,0.1074380165289256,244,128,351562799,200,1.8952656999899773,none
cnn,fold_1,global,WMA_20,0.4289695697545539,0.0826446280991735,244,128,351562799,200,1.8952656999899773,none
cnn,fold_1,global,WMA_60,0.2535133535935642,0.1570247933884297,244,128,351562799,200,1.8952656999899773,none
cnn,fold_1,global,StochK_14,0.0800025332448981,0.3471074380165289,244,128,351562799,200,1.8952656999899773,none
cnn,fold_1,global,StochD_3,0.0174900174998009,0.8016528925619835,244,128,351562799,200,1.8952656999899773,none
cnn,fold_1,global,RSI_14,0.039948259457846,0.5454545454545454,244,128,351562799,200,1.8952656999899773,none
cnn,fold_1,global,MACD_12_26,0.0073411131899884,0.9338842975206612,244,128,351562799,200,1.8952656999899773,none
cnn,fold_1,global,MACD_Signal_9,0.077659293188789,0.3553719008264462,244,128,351562799,200,1.8952656999899773,none
cnn,fold_1,global,MACD_Histogram,0.0459302473071009,0.5041322314049587,244,128,351562799,200,1.8952656999899773,none
cnn,fold_1,global,WilliamsR_14,0.1430254039668284,0.2809917355371901,244,128,351562799,200,1.8952656999899773,none
cnn,fold_1,global,CCI_20,0.068192570393549,0.4049586776859504,244,128,351562799,200,1.8952656999899773,none
cnn,fold_1,global,ADX_14,0.2590124408786096,0.1487603305785124,244,128,351562799,200,1.8952656999899773,none
cnn,fold_1,global,PlusDI_14,0.071605621962086,0.3801652892561983,244,128,351562799,200,1.8952656999899773,none
cnn,fold_1,global,MinusDI_14,0.1557425590370456,0.2644628099173554,244,128,351562799,200,1.8952656999899773,none
cnn,fold_1,global,VMD_IMF_1,0.4433530249478735,0.0578512396694214,244,128,351562799,200,1.8952656999899773,none
cnn,fold_1,global,VMD_IMF_2,0.1086099283078141,0.3223140495867768,244,128,351562799,200,1.8952656999899773,none
cnn,fold_1,global,VMD_IMF_3,0.0069538180788506,0.950413223140496,244,128,351562799,200,1.8952656999899773,none
cnn,fold_1,global,VMD_IMF_4,0.0399483186899945,0.5371900826446281,244,128,351562799,200,1.8952656999899773,none
cnn,fold_1,global,VMD_Denoised_Close,0.5127032060081547,0.0413223140495867,244,128,351562799,200,1.8952656999899773,none
cnn,fold_1,global,VMD_Noise_Energy_Ratio,0.0344841769502224,0.6198347107438017,244,128,351562799,200,1.8952656999899773,none
cnn,fold_1,sideway,Open_D,0.0243063503068445,0.7107438016528925,94,94,1501494681,200,1.2882865999999922,none
cnn,fold_1,sideway,High_D,0.0956112093614176,0.3223140495867768,94,94,1501494681,200,1.2882865999999922,none
cnn,fold_1,sideway,Low_D,0.1220598565503717,0.2975206611570248,94,94,1501494681,200,1.2882865999999922,none
cnn,fold_1,sideway,Close_D,9.930918702316728,0.0,94,94,1501494681,200,1.2882865999999922,none
cnn,fold_1,sideway,Volume_D,0.0087035914521662,0.9173553719008264,94,94,1501494681,200,1.2882865999999922,none
cnn,fold_1,sideway,Change_pct_D,0.0382014901563629,0.5702479338842975,94,94,1501494681,200,1.2882865999999922,none
cnn,fold_1,sideway,Open_W,0.1344130058817199,0.2727272727272727,94,94,1501494681,200,1.2882865999999922,none
cnn,fold_1,sideway,High_W,0.5786464020055025,0.024793388429752,94,94,1501494681,200,1.2882865999999922,none
cnn,fold_1,sideway,Low_W,0.3013560455124032,0.1322314049586777,94,94,1501494681,200,1.2882865999999922,none
cnn,fold_1,sideway,Close_W,0.1731427520691872,0.2231404958677686,94,94,1501494681,200,1.2882865999999922,none
cnn,fold_1,sideway,Volume_W,0.0355067845194792,0.5785123966942148,94,94,1501494681,200,1.2882865999999922,none
cnn,fold_1,sideway,Change_pct_W,0.0114335840022143,0.8677685950413223,94,94,1501494681,200,1.2882865999999922,none
cnn,fold_1,sideway,Open_M,0.0561042569581873,0.4380165289256198,94,94,1501494681,200,1.2882865999999922,none
cnn,fold_1,sideway,High_M,0.1740426192020482,0.2148760330578512,94,94,1501494681,200,1.2882865999999922,none
cnn,fold_1,sideway,Low_M,0.0647687910407028,0.3884297520661157,94,94,1501494681,200,1.2882865999999922,none
cnn,fold_1,sideway,Close_M,0.24278241416162,0.1735537190082644,94,94,1501494681,200,1.2882865999999922,none
cnn,fold_1,sideway,Volume_M,0.0049034075480642,0.975206611570248,94,94,1501494681,200,1.2882865999999922,none
cnn,fold_1,sideway,Change_pct_M,0.1630361945144207,0.2396694214876033,94,94,1501494681,200,1.2882865999999922,none
cnn,fold_1,sideway,Close_D_lag1,0.6103411390862249,0.0082644628099173,94,94,1501494681,200,1.2882865999999922,none
cnn,fold_1,sideway,Close_D_lag2,0.07373501823898,0.3553719008264462,94,94,1501494681,200,1.2882865999999922,none
cnn,fold_1,sideway,Close_D_lag3,0.2327867732839064,0.1900826446280991,94,94,1501494681,200,1.2882865999999922,none
cnn,fold_1,sideway,Close_D_lag5,0.2651846649343187,0.1487603305785124,94,94,1501494681,200,1.2882865999999922,none
cnn,fold_1,sideway,Close_D_lag10,0.0443601417537636,0.4876033057851239,94,94,1501494681,200,1.2882865999999922,none
cnn,fold_1,sideway,Close_D_lag20,0.5515531719285757,0.0330578512396694,94,94,1501494681,200,1.2882865999999922,none
cnn,fold_1,sideway,Close_D_lag60,0.4461429702301331,0.0826446280991735,94,94,1501494681,200,1.2882865999999922,none
cnn,fold_1,sideway,Change_pct_D_lag1,0.0044134455800585,0.9917355371900828,94,94,1501494681,200,1.2882865999999922,none
cnn,fold_1,sideway,Change_pct_D_lag2,0.021934335832126,0.7768595041322314,94,94,1501494681,200,1.2882865999999922,none
cnn,fold_1,sideway,Change_pct_D_lag3,0.0153831024566927,0.8181818181818182,94,94,1501494681,200,1.2882865999999922,none
cnn,fold_1,sideway,Change_pct_D_lag5,0.0092300644747367,0.9090909090909092,94,94,1501494681,200,1.2882865999999922,none
cnn,fold_1,sideway,Change_pct_D_lag10,0.0325604135903399,0.6198347107438017,94,94,1501494681,200,1.2882865999999922,none
cnn,fold_1,sideway,Change_pct_D_lag20,0.0142689324449873,0.8347107438016529,94,94,1501494681,200,1.2882865999999922,none
cnn,fold_1,sideway,Volume_D_lag1,0.0121344060961371,0.859504132231405,94,94,1501494681,200,1.2882865999999922,none
cnn,fold_1,sideway,Volume_D_lag2,0.0286758068349985,0.6776859504132231,94,94,1501494681,200,1.2882865999999922,none
cnn,fold_1,sideway,Volume_D_lag3,0.0434376070676583,0.5041322314049587,94,94,1501494681,200,1.2882865999999922,none
cnn,fold_1,sideway,Volume_D_lag5,0.0219731523627915,0.7603305785123967,94,94,1501494681,200,1.2882865999999922,none
cnn,fold_1,sideway,Volume_D_lag10,0.0310112889566014,0.628099173553719,94,94,1501494681,200,1.2882865999999922,none
cnn,fold_1,sideway,Volume_D_lag20,0.0167467672473012,0.8099173553719008,94,94,1501494681,200,1.2882865999999922,none
cnn,fold_1,sideway,Close_W_lag1,0.6007671007054284,0.0165289256198347,94,94,1501494681,200,1.2882865999999922,none
cnn,fold_1,sideway,Close_W_lag2,0.3013292998154747,0.140495867768595,94,94,1501494681,200,1.2882865999999922,none
cnn,fold_1,sideway,Close_W_lag4,0.22153956967188,0.1983471074380165,94,94,1501494681,200,1.2882865999999922,none
cnn,fold_1,sideway,Close_M_lag1,0.0272204379241342,0.6859504132231405,94,94,1501494681,200,1.2882865999999922,none
cnn,fold_1,sideway,Close_M_lag3,0.056435315777669,0.4297520661157025,94,94,1501494681,200,1.2882865999999922,none
cnn,fold_1,sideway,Return_1D,0.0103332670217609,0.9008264462809916,94,94,1501494681,200,1.2882865999999922,none
cnn,fold_1,sideway,Return_3D,0.0242986687659891,0.71900826446281,94,94,1501494681,200,1.2882865999999922,none
cnn,fold_1,sideway,Return_5D,0.0295123081974313,0.6528925619834711,94,94,1501494681,200,1.2882865999999922,none
cnn,fold_1,sideway,Return_10D,0.0465916865516424,0.4793388429752066,94,94,1501494681,200,1.2882865999999922,none
cnn,fold_1,sideway,Return_20D,0.0236132192334785,0.7272727272727273,94,94,1501494681,200,1.2882865999999922,none
cnn,fold_1,sideway,Return_60D,0.1729000984064112,0.2314049586776859,94,94,1501494681,200,1.2882865999999922,none
cnn,fold_1,sideway,SMA_5,0.4674832053383456,0.0578512396694214,94,94,1501494681,200,1.2882865999999922,none
cnn,fold_1,sideway,SMA_10,0.430220915398937,0.0991735537190082,94,94,1501494681,200,1.2882865999999922,none
cnn,fold_1,sideway,SMA_20,0.4152612032012102,0.1157024793388429,94,94,1501494681,200,1.2882865999999922,none
cnn,fold_1,sideway,SMA_60,0.4344648237835536,0.0909090909090909,94,94,1501494681,200,1.2882865999999922,none
cnn,fold_1,sideway,Close_to_SMA_5,0.0045388803442943,0.9834710743801652,94,94,1501494681,200,1.2882865999999922,none
cnn,fold_1,sideway,Close_to_SMA_10,0.0056103217294432,0.950413223140496,94,94,1501494681,200,1.2882865999999922,none
cnn,fold_1,sideway,Close_to_SMA_20,0.0020524632878659,1.0,94,94,1501494681,200,1.2882865999999922,none
cnn,fold_1,sideway,Close_to_SMA_60,0.040431643549392,0.5206611570247934,94,94,1501494681,200,1.2882865999999922,none
cnn,fold_1,sideway,Volatility_5,0.021377019177032,0.7851239669421488,94,94,1501494681,200,1.2882865999999922,none
cnn,fold_1,sideway,Volatility_10,0.0634265832223563,0.396694214876033,94,94,1501494681,200,1.2882865999999922,none
cnn,fold_1,sideway,Volatility_20,0.0228793371118152,0.7520661157024794,94,94,1501494681,200,1.2882865999999922,none
cnn,fold_1,sideway,Volatility_60,0.0307918825181385,0.6363636363636364,94,94,1501494681,200,1.2882865999999922,none
cnn,fold_1,sideway,Momentum_5,0.0271465804776047,0.6942148760330579,94,94,1501494681,200,1.2882865999999922,none
cnn,fold_1,sideway,Momentum_10,0.0219376908221758,0.768595041322314,94,94,1501494681,200,1.2882865999999922,none
cnn,fold_1,sideway,Momentum_20,0.0293469255988778,0.6694214876033058,94,94,1501494681,200,1.2882865999999922,none
cnn,fold_1,sideway,Momentum_60,0.1418782888701745,0.2644628099173554,94,94,1501494681,200,1.2882865999999922,none
cnn,fold_1,sideway,ROC_5,0.010365420895857,0.8925619834710744,94,94,1501494681,200,1.2882865999999922,none
cnn,fold_1,sideway,ROC_10,0.0205724551043112,0.7933884297520661,94,94,1501494681,200,1.2882865999999922,none
cnn,fold_1,sideway,ROC_20,0.0397683665171632,0.5371900826446281,94,94,1501494681,200,1.2882865999999922,none
cnn,fold_1,sideway,ROC_60,0.034435751844873,0.5867768595041323,94,94,1501494681,200,1.2882865999999922,none
cnn,fold_1,sideway,Ratio_Close_D_to_W,0.0394543593844755,0.5537190082644629,94,94,1501494681,200,1.2882865999999922,none
cnn,fold_1,sideway,Ratio_Close_D_to_M,0.0108918534298471,0.8760330578512396,94,94,1501494681,200,1.2882865999999922,none
cnn,fold_1,sideway,Ratio_Volume_D_to_W,0.0232919001406107,0.7355371900826446,94,94,1501494681,200,1.2882865999999922,none
cnn,fold_1,sideway,Spread_D,0.0140016437802663,0.8429752066115702,94,94,1501494681,200,1.2882865999999922,none
cnn,fold_1,sideway,Body_D,0.0053241843474358,0.9586776859504132,94,94,1501494681,200,1.2882865999999922,none
cnn,fold_1,sideway,Body_abs_D,0.0545952898207147,0.4462809917355372,94,94,1501494681,200,1.2882865999999922,none
cnn,fold_1,sideway,Upper_Shadow_D,0.0512850142563404,0.4545454545454545,94,94,1501494681,200,1.2882865999999922,none
cnn,fold_1,sideway,Lower_Shadow_D,0.0086745498786485,0.9256198347107438,94,94,1501494681,200,1.2882865999999922,none
cnn,fold_1,sideway,Body_to_Range_D,0.1767293971120454,0.2066115702479339,94,94,1501494681,200,1.2882865999999922,none
cnn,fold_1,sideway,Close_Position_D,0.0254309769559666,0.7024793388429752,94,94,1501494681,200,1.2882865999999922,none
cnn,fold_1,sideway,Spread_W,0.0391628637470119,0.5619834710743802,94,94,1501494681,200,1.2882865999999922,none
cnn,fold_1,sideway,Body_W,0.0706929193895856,0.371900826446281,94,94,1501494681,200,1.2882865999999922,none
cnn,fold_1,sideway,Close_Position_W,0.0746238735323865,0.3471074380165289,94,94,1501494681,200,1.2882865999999922,none
cnn,fold_1,sideway,Spread_M,0.0424836685049363,0.512396694214876,94,94,1501494681,200,1.2882865999999922,none
cnn,fold_1,sideway,Body_M,0.0105775492806611,0.8842975206611571,94,94,1501494681,200,1.2882865999999922,none
cnn,fold_1,sideway,Close_Position_M,0.0230813881889341,0.743801652892562,94,94,1501494681,200,1.2882865999999922,none
cnn,fold_1,sideway,Volume_MA_5,0.0330971244780822,0.6033057851239669,94,94,1501494681,200,1.2882865999999922,none
cnn,fold_1,sideway,Volume_MA_20,0.119203595272263,0.3057851239669421,94,94,1501494681,200,1.2882865999999922,none
cnn,fold_1,sideway,Volume_Ratio_5,0.0492891542862669,0.4710743801652892,94,94,1501494681,200,1.2882865999999922,none
cnn,fold_1,sideway,Volume_Ratio_20,0.0720294919220055,0.3636363636363636,94,94,1501494681,200,1.2882865999999922,none
cnn,fold_1,sideway,Volume_Change_1D,0.0600512072549308,0.4049586776859504,94,94,1501494681,200,1.2882865999999922,none
cnn,fold_1,sideway,Volume_Change_5D,0.0170481895783083,0.8016528925619835,94,94,1501494681,200,1.2882865999999922,none
cnn,fold_1,sideway,Volume_Change_20D,0.0067813548716061,0.9421487603305784,94,94,1501494681,200,1.2882865999999922,none
cnn,fold_1,sideway,Direction_lag1,0.2331353980161363,0.1818181818181818,94,94,1501494681,200,1.2882865999999922,none
cnn,fold_1,sideway,Direction_lag2,0.1592004594422797,0.2479338842975206,94,94,1501494681,200,1.2882865999999922,none
cnn,fold_1,sideway,Direction_lag3,0.0397882566090939,0.5289256198347108,94,94,1501494681,200,1.2882865999999922,none
cnn,fold_1,sideway,Direction_lag5,0.3202580800854621,0.1239669421487603,94,94,1501494681,200,1.2882865999999922,none
cnn,fold_1,sideway,Up_Ratio_5,0.1429494124395089,0.256198347107438,94,94,1501494681,200,1.2882865999999922,none
cnn,fold_1,sideway,Up_Ratio_10,0.0307161639604113,0.6446280991735537,94,94,1501494681,200,1.2882865999999922,none
cnn,fold_1,sideway,Up_Ratio_20,0.108731429887941,0.3140495867768595,94,94,1501494681,200,1.2882865999999922,none
cnn,fold_1,sideway,Down_Ratio_5,0.0802930818777624,0.3388429752066115,94,94,1501494681,200,1.2882865999999922,none
cnn,fold_1,sideway,Down_Ratio_10,0.0128106572263693,0.8512396694214877,94,94,1501494681,200,1.2882865999999922,none
cnn,fold_1,sideway,Down_Ratio_20,0.0329405827772094,0.6115702479338843,94,94,1501494681,200,1.2882865999999922,none
cnn,fold_1,sideway,WMA_5,0.5156587867026633,0.0495867768595041,94,94,1501494681,200,1.2882865999999922,none
cnn,fold_1,sideway,WMA_10,0.4205078734877578,0.1074380165289256,94,94,1501494681,200,1.2882865999999922,none
cnn,fold_1,sideway,WMA_20,0.4506806428920715,0.0743801652892562,94,94,1501494681,200,1.2882865999999922,none
cnn,fold_1,sideway,WMA_60,0.2630511565485652,0.1570247933884297,94,94,1501494681,200,1.2882865999999922,none
cnn,fold_1,sideway,StochK_14,0.0706889743509855,0.3801652892561983,94,94,1501494681,200,1.2882865999999922,none
cnn,fold_1,sideway,StochD_3,0.0146500969830179,0.8264462809917356,94,94,1501494681,200,1.2882865999999922,none
cnn,fold_1,sideway,RSI_14,0.029350409673997,0.6611570247933884,94,94,1501494681,200,1.2882865999999922,none
cnn,fold_1,sideway,MACD_12_26,0.0049970196225413,0.9669421487603306,94,94,1501494681,200,1.2882865999999922,none
cnn,fold_1,sideway,MACD_Signal_9,0.0574534183438592,0.4214876033057851,94,94,1501494681,200,1.2882865999999922,none
cnn,fold_1,sideway,MACD_Histogram,0.0442899452559923,0.4958677685950413,94,94,1501494681,200,1.2882865999999922,none
cnn,fold_1,sideway,WilliamsR_14,0.1255294434198073,0.2892561983471074,94,94,1501494681,200,1.2882865999999922,none
cnn,fold_1,sideway,CCI_20,0.0588519519543277,0.4132231404958678,94,94,1501494681,200,1.2882865999999922,none
cnn,fold_1,sideway,ADX_14,0.2474847580023862,0.1652892561983471,94,94,1501494681,200,1.2882865999999922,none
cnn,fold_1,sideway,PlusDI_14,0.0512684398506493,0.4628099173553719,94,94,1501494681,200,1.2882865999999922,none
cnn,fold_1,sideway,MinusDI_14,0.1316323899792475,0.2809917355371901,94,94,1501494681,200,1.2882865999999922,none
cnn,fold_1,sideway,VMD_IMF_1,0.4597474906955811,0.0661157024793388,94,94,1501494681,200,1.2882865999999922,none
cnn,fold_1,sideway,VMD_IMF_2,0.0831129329295842,0.3305785123966942,94,94,1501494681,200,1.2882865999999922,none
cnn,fold_1,sideway,VMD_IMF_3,0.0076979283128714,0.9338842975206612,94,94,1501494681,200,1.2882865999999922,none
cnn,fold_1,sideway,VMD_IMF_4,0.0395394636292459,0.5454545454545454,94,94,1501494681,200,1.2882865999999922,none
cnn,fold_1,sideway,VMD_Denoised_Close,0.5445359349330054,0.0413223140495867,94,94,1501494681,200,1.2882865999999922,none
cnn,fold_1,sideway,VMD_Noise_Energy_Ratio,0.0338622121190402,0.5950413223140496,94,94,1501494681,200,1.2882865999999922,none
cnn,fold_2,bear,Open_D,0.1017004606053233,0.371900826446281,75,75,300352702,200,1.05377139999473,none
cnn,fold_2,bear,High_D,0.1138798662714571,0.3140495867768595,75,75,300352702,200,1.05377139999473,none
cnn,fold_2,bear,Low_D,0.1149168317178264,0.2975206611570248,75,75,300352702,200,1.05377139999473,none
cnn,fold_2,bear,Close_D,4.852951232944926,0.0,75,75,300352702,200,1.05377139999473,none
cnn,fold_2,bear,Volume_D,0.0253625300515462,0.6694214876033058,75,75,300352702,200,1.05377139999473,none
cnn,fold_2,bear,Change_pct_D,0.0273301971538433,0.6446280991735537,75,75,300352702,200,1.05377139999473,none
cnn,fold_2,bear,Open_W,0.0888876399000485,0.4049586776859504,75,75,300352702,200,1.05377139999473,none
cnn,fold_2,bear,High_W,0.1488731267998616,0.1983471074380165,75,75,300352702,200,1.05377139999473,none
cnn,fold_2,bear,Low_W,0.2037411367371678,0.1074380165289256,75,75,300352702,200,1.05377139999473,none
cnn,fold_2,bear,Close_W,0.09037520363306,0.396694214876033,75,75,300352702,200,1.05377139999473,none
cnn,fold_2,bear,Volume_W,0.0551183997761703,0.4958677685950413,75,75,300352702,200,1.05377139999473,none
cnn,fold_2,bear,Change_pct_W,0.0129246862836528,0.8512396694214877,75,75,300352702,200,1.05377139999473,none
cnn,fold_2,bear,Open_M,0.0118233494188655,0.8677685950413223,75,75,300352702,200,1.05377139999473,none
cnn,fold_2,bear,High_M,0.0655744964908808,0.4628099173553719,75,75,300352702,200,1.05377139999473,none
cnn,fold_2,bear,Low_M,0.154203043598846,0.1818181818181818,75,75,300352702,200,1.05377139999473,none
cnn,fold_2,bear,Close_M,0.0143085227588308,0.8181818181818182,75,75,300352702,200,1.05377139999473,none
cnn,fold_2,bear,Volume_M,0.0087202101890624,0.9173553719008264,75,75,300352702,200,1.05377139999473,none
cnn,fold_2,bear,Change_pct_M,0.0742596373511672,0.4462809917355372,75,75,300352702,200,1.05377139999473,none
cnn,fold_2,bear,Close_D_lag1,0.2894848512547711,0.024793388429752,75,75,300352702,200,1.05377139999473,none
cnn,fold_2,bear,Close_D_lag2,0.1006607273599753,0.3801652892561983,75,75,300352702,200,1.05377139999473,none
cnn,fold_2,bear,Close_D_lag3,0.2639159217178821,0.0330578512396694,75,75,300352702,200,1.05377139999473,none
cnn,fold_2,bear,Close_D_lag5,0.1848446535939971,0.1239669421487603,75,75,300352702,200,1.05377139999473,none
cnn,fold_2,bear,Close_D_lag10,0.1495677946358919,0.1900826446280991,75,75,300352702,200,1.05377139999473,none
cnn,fold_2,bear,Close_D_lag20,0.3492030179152886,0.0082644628099173,75,75,300352702,200,1.05377139999473,none
cnn,fold_2,bear,Close_D_lag60,0.2444709165630241,0.0413223140495867,75,75,300352702,200,1.05377139999473,none
cnn,fold_2,bear,Change_pct_D_lag1,0.010618954219728,0.9008264462809916,75,75,300352702,200,1.05377139999473,none
cnn,fold_2,bear,Change_pct_D_lag2,0.0263480777694361,0.6528925619834711,75,75,300352702,200,1.05377139999473,none
cnn,fold_2,bear,Change_pct_D_lag3,0.0050958355535897,0.9669421487603306,75,75,300352702,200,1.05377139999473,none
cnn,fold_2,bear,Change_pct_D_lag5,0.0147463278600759,0.8099173553719008,75,75,300352702,200,1.05377139999473,none
cnn,fold_2,bear,Change_pct_D_lag10,0.0078610372647846,0.9421487603305784,75,75,300352702,200,1.05377139999473,none
cnn,fold_2,bear,Change_pct_D_lag20,0.0155816225140333,0.7768595041322314,75,75,300352702,200,1.05377139999473,none
cnn,fold_2,bear,Volume_D_lag1,0.0246592846251114,0.6776859504132231,75,75,300352702,200,1.05377139999473,none
cnn,fold_2,bear,Volume_D_lag2,0.0239451054299437,0.6942148760330579,75,75,300352702,200,1.05377139999473,none
cnn,fold_2,bear,Volume_D_lag3,0.0342163092440799,0.5950413223140496,75,75,300352702,200,1.05377139999473,none
cnn,fold_2,bear,Volume_D_lag5,0.0011118044313432,1.0,75,75,300352702,200,1.05377139999473,none
cnn,fold_2,bear,Volume_D_lag10,0.0089813409869243,0.9090909090909092,75,75,300352702,200,1.05377139999473,none
cnn,fold_2,bear,Volume_D_lag20,0.0137332034259737,0.8347107438016529,75,75,300352702,200,1.05377139999473,none
cnn,fold_2,bear,Close_W_lag1,0.307888638133804,0.0165289256198347,75,75,300352702,200,1.05377139999473,none
cnn,fold_2,bear,Close_W_lag2,0.1386322968384871,0.2148760330578512,75,75,300352702,200,1.05377139999473,none
cnn,fold_2,bear,Close_W_lag4,0.1306565960397323,0.2314049586776859,75,75,300352702,200,1.05377139999473,none
cnn,fold_2,bear,Close_M_lag1,0.1352550718892986,0.2231404958677686,75,75,300352702,200,1.05377139999473,none
cnn,fold_2,bear,Close_M_lag3,0.0543712546893705,0.5041322314049587,75,75,300352702,200,1.05377139999473,none
cnn,fold_2,bear,Return_1D,0.0112572757618724,0.8925619834710744,75,75,300352702,200,1.05377139999473,none
cnn,fold_2,bear,Return_3D,0.0115719414518634,0.8760330578512396,75,75,300352702,200,1.05377139999473,none
cnn,fold_2,bear,Return_5D,0.0045015019465595,0.975206611570248,75,75,300352702,200,1.05377139999473,none
cnn,fold_2,bear,Return_10D,0.0113714476193241,0.8842975206611571,75,75,300352702,200,1.05377139999473,none
cnn,fold_2,bear,Return_20D,0.0275299387710232,0.6363636363636364,75,75,300352702,200,1.05377139999473,none
cnn,fold_2,bear,Return_60D,0.117733724044209,0.2809917355371901,75,75,300352702,200,1.05377139999473,none
cnn,fold_2,bear,SMA_5,0.2266204188490907,0.0661157024793388,75,75,300352702,200,1.05377139999473,none
cnn,fold_2,bear,SMA_10,0.2369113654779891,0.0495867768595041,75,75,300352702,200,1.05377139999473,none
cnn,fold_2,bear,SMA_20,0.1544376493642727,0.1735537190082644,75,75,300352702,200,1.05377139999473,none
cnn,fold_2,bear,SMA_60,0.2201810743510723,0.0743801652892562,75,75,300352702,200,1.05377139999473,none
cnn,fold_2,bear,Close_to_SMA_5,0.0321357475619637,0.6115702479338843,75,75,300352702,200,1.05377139999473,none
cnn,fold_2,bear,Close_to_SMA_10,0.0179102465867884,0.768595041322314,75,75,300352702,200,1.05377139999473,none
cnn,fold_2,bear,Close_to_SMA_20,0.0444327665984795,0.5537190082644629,75,75,300352702,200,1.05377139999473,none
cnn,fold_2,bear,Close_to_SMA_60,0.0241719379511774,0.6859504132231405,75,75,300352702,200,1.05377139999473,none
cnn,fold_2,bear,Volatility_5,0.0195152710602815,0.743801652892562,75,75,300352702,200,1.05377139999473,none
cnn,fold_2,bear,Volatility_10,0.1018890116646265,0.3636363636363636,75,75,300352702,200,1.05377139999473,none
cnn,fold_2,bear,Volatility_20,0.0336528706514266,0.6033057851239669,75,75,300352702,200,1.05377139999473,none
cnn,fold_2,bear,Volatility_60,0.1085275209487299,0.3388429752066115,75,75,300352702,200,1.05377139999473,none
cnn,fold_2,bear,Momentum_5,0.0829483993542404,0.4297520661157025,75,75,300352702,200,1.05377139999473,none
cnn,fold_2,bear,Momentum_10,0.0564659607572224,0.4876033057851239,75,75,300352702,200,1.05377139999473,none
cnn,fold_2,bear,Momentum_20,0.031931764399732,0.6198347107438017,75,75,300352702,200,1.05377139999473,none
cnn,fold_2,bear,Momentum_60,0.014981992400934,0.7933884297520661,75,75,300352702,200,1.05377139999473,none
cnn,fold_2,bear,ROC_5,0.015481594195798,0.7851239669421488,75,75,300352702,200,1.05377139999473,none
cnn,fold_2,bear,ROC_10,0.0430107829840768,0.5619834710743802,75,75,300352702,200,1.05377139999473,none
cnn,fold_2,bear,ROC_20,0.0072765448535066,0.9586776859504132,75,75,300352702,200,1.05377139999473,none
cnn,fold_2,bear,ROC_60,0.0226530153927718,0.7024793388429752,75,75,300352702,200,1.05377139999473,none
cnn,fold_2,bear,Ratio_Close_D_to_W,0.0015707991941041,0.9917355371900828,75,75,300352702,200,1.05377139999473,none
cnn,fold_2,bear,Ratio_Close_D_to_M,0.0124402755733111,0.859504132231405,75,75,300352702,200,1.05377139999473,none
cnn,fold_2,bear,Ratio_Volume_D_to_W,0.0133104356436754,0.8429752066115702,75,75,300352702,200,1.05377139999473,none
cnn,fold_2,bear,Spread_D,0.0198957873714421,0.7272727272727273,75,75,300352702,200,1.05377139999473,none
cnn,fold_2,bear,Body_D,0.0460898864014137,0.5454545454545454,75,75,300352702,200,1.05377139999473,none
cnn,fold_2,bear,Body_abs_D,0.0214619293517995,0.71900826446281,75,75,300352702,200,1.05377139999473,none
cnn,fold_2,bear,Upper_Shadow_D,0.0278233649642982,0.628099173553719,75,75,300352702,200,1.05377139999473,none
cnn,fold_2,bear,Lower_Shadow_D,0.008467521839665,0.9256198347107438,75,75,300352702,200,1.05377139999473,none
cnn,fold_2,bear,Body_to_Range_D,0.1752105966943345,0.1487603305785124,75,75,300352702,200,1.05377139999473,none
cnn,fold_2,bear,Close_Position_D,0.1714067393275909,0.1570247933884297,75,75,300352702,200,1.05377139999473,none
cnn,fold_2,bear,Spread_W,0.0218341417730116,0.7107438016528925,75,75,300352702,200,1.05377139999473,none
cnn,fold_2,bear,Body_W,0.0142036093972086,0.8264462809917356,75,75,300352702,200,1.05377139999473,none
cnn,fold_2,bear,Close_Position_W,0.0831938052173257,0.4214876033057851,75,75,300352702,200,1.05377139999473,none
cnn,fold_2,bear,Spread_M,0.1277230956104273,0.2479338842975206,75,75,300352702,200,1.05377139999473,none
cnn,fold_2,bear,Body_M,0.0734474251843288,0.4545454545454545,75,75,300352702,200,1.05377139999473,none
cnn,fold_2,bear,Close_Position_M,0.115273902167697,0.2892561983471074,75,75,300352702,200,1.05377139999473,none
cnn,fold_2,bear,Volume_MA_5,0.0195458648729483,0.7355371900826446,75,75,300352702,200,1.05377139999473,none
cnn,fold_2,bear,Volume_MA_20,0.019481570336998,0.7520661157024794,75,75,300352702,200,1.05377139999473,none
cnn,fold_2,bear,Volume_Ratio_5,0.0192758707893832,0.7603305785123967,75,75,300352702,200,1.05377139999473,none
cnn,fold_2,bear,Volume_Ratio_20,0.0255419251556498,0.6611570247933884,75,75,300352702,200,1.05377139999473,none
cnn,fold_2,bear,Volume_Change_1D,0.0079295178941367,0.9338842975206612,75,75,300352702,200,1.05377139999473,none
cnn,fold_2,bear,Volume_Change_5D,0.0422001878340505,0.5702479338842975,75,75,300352702,200,1.05377139999473,none
cnn,fold_2,bear,Volume_Change_20D,0.0029962768520241,0.9834710743801652,75,75,300352702,200,1.05377139999473,none
cnn,fold_2,bear,Direction_lag1,0.1147739747585728,0.3057851239669421,75,75,300352702,200,1.05377139999473,none
cnn,fold_2,bear,Direction_lag2,0.2125067893415689,0.0826446280991735,75,75,300352702,200,1.05377139999473,none
cnn,fold_2,bear,Direction_lag3,0.0832972375762959,0.4132231404958678,75,75,300352702,200,1.05377139999473,none
cnn,fold_2,bear,Direction_lag5,0.1965006053615167,0.1157024793388429,75,75,300352702,200,1.05377139999473,none
cnn,fold_2,bear,Up_Ratio_5,0.2045106169537951,0.0991735537190082,75,75,300352702,200,1.05377139999473,none
cnn,fold_2,bear,Up_Ratio_10,0.1020160253579573,0.3553719008264462,75,75,300352702,200,1.05377139999473,none
cnn,fold_2,bear,Up_Ratio_20,0.1795867971776363,0.140495867768595,75,75,300352702,200,1.05377139999473,none
cnn,fold_2,bear,Down_Ratio_5,0.0356766768720578,0.5867768595041323,75,75,300352702,200,1.05377139999473,none
cnn,fold_2,bear,Down_Ratio_10,0.128185460774228,0.2396694214876033,75,75,300352702,200,1.05377139999473,none
cnn,fold_2,bear,Down_Ratio_20,0.0628431979346642,0.4793388429752066,75,75,300352702,200,1.05377139999473,none
cnn,fold_2,bear,WMA_5,0.1219614913798868,0.2644628099173554,75,75,300352702,200,1.05377139999473,none
cnn,fold_2,bear,WMA_10,0.1102500020024987,0.3305785123966942,75,75,300352702,200,1.05377139999473,none
cnn,fold_2,bear,WMA_20,0.1266723136690755,0.256198347107438,75,75,300352702,200,1.05377139999473,none
cnn,fold_2,bear,WMA_60,0.0497081307754851,0.5206611570247934,75,75,300352702,200,1.05377139999473,none
cnn,fold_2,bear,StochK_14,0.1197593020829178,0.2727272727272727,75,75,300352702,200,1.05377139999473,none
cnn,fold_2,bear,StochD_3,0.1693803549421912,0.1652892561983471,75,75,300352702,200,1.05377139999473,none
cnn,fold_2,bear,RSI_14,0.1124461013649415,0.3223140495867768,75,75,300352702,200,1.05377139999473,none
cnn,fold_2,bear,MACD_12_26,0.0747880385135067,0.4380165289256198,75,75,300352702,200,1.05377139999473,none
cnn,fold_2,bear,MACD_Signal_9,0.0148594960039584,0.8016528925619835,75,75,300352702,200,1.05377139999473,none
cnn,fold_2,bear,MACD_Histogram,0.0530674101638766,0.512396694214876,75,75,300352702,200,1.05377139999473,none
cnn,fold_2,bear,WilliamsR_14,0.2266923592373108,0.0578512396694214,75,75,300352702,200,1.05377139999473,none
cnn,fold_2,bear,CCI_20,0.0471180305136707,0.5289256198347108,75,75,300352702,200,1.05377139999473,none
cnn,fold_2,bear,ADX_14,0.1389486348108233,0.2066115702479339,75,75,300352702,200,1.05377139999473,none
cnn,fold_2,bear,PlusDI_14,0.0930711093617186,0.3884297520661157,75,75,300352702,200,1.05377139999473,none
cnn,fold_2,bear,MinusDI_14,0.1043540879301532,0.3471074380165289,75,75,300352702,200,1.05377139999473,none
cnn,fold_2,bear,VMD_IMF_1,0.1822940178823967,0.1322314049586777,75,75,300352702,200,1.05377139999473,none
cnn,fold_2,bear,VMD_IMF_2,0.0642829888724688,0.4710743801652892,75,75,300352702,200,1.05377139999473,none
cnn,fold_2,bear,VMD_IMF_3,0.0466179633446396,0.5371900826446281,75,75,300352702,200,1.05377139999473,none
cnn,fold_2,bear,VMD_IMF_4,0.0076384415341618,0.950413223140496,75,75,300352702,200,1.05377139999473,none
cnn,fold_2,bear,VMD_Denoised_Close,0.2086115750279277,0.0909090909090909,75,75,300352702,200,1.05377139999473,none
cnn,fold_2,bear,VMD_Noise_Energy_Ratio,0.0411481666481001,0.5785123966942148,75,75,300352702,200,1.05377139999473,none
cnn,fold_2,bull,Open_D,0.0961454663765739,0.3636363636363636,76,76,2027450880,200,1.0706491000019014,none
cnn,fold_2,bull,High_D,0.1067442248696653,0.3223140495867768,76,76,2027450880,200,1.0706491000019014,none
cnn,fold_2,bull,Low_D,0.1085084021140478,0.2975206611570248,76,76,2027450880,200,1.0706491000019014,none
cnn,fold_2,bull,Close_D,6.687241147620309,0.0,76,76,2027450880,200,1.0706491000019014,none
cnn,fold_2,bull,Volume_D,0.0248776063689499,0.6859504132231405,76,76,2027450880,200,1.0706491000019014,none
cnn,fold_2,bull,Change_pct_D,0.0249409665337904,0.6694214876033058,76,76,2027450880,200,1.0706491000019014,none
cnn,fold_2,bull,Open_W,0.0728391553838982,0.4462809917355372,76,76,2027450880,200,1.0706491000019014,none
cnn,fold_2,bull,High_W,0.1268476304598152,0.2148760330578512,76,76,2027450880,200,1.0706491000019014,none
cnn,fold_2,bull,Low_W,0.1729075251772117,0.1322314049586777,76,76,2027450880,200,1.0706491000019014,none
cnn,fold_2,bull,Close_W,0.0814423902582156,0.4297520661157025,76,76,2027450880,200,1.0706491000019014,none
cnn,fold_2,bull,Volume_W,0.0531204850247006,0.5041322314049587,76,76,2027450880,200,1.0706491000019014,none
cnn,fold_2,bull,Change_pct_W,0.013435161458512,0.8429752066115702,76,76,2027450880,200,1.0706491000019014,none
cnn,fold_2,bull,Open_M,0.0106109810530287,0.8760330578512396,76,76,2027450880,200,1.0706491000019014,none
cnn,fold_2,bull,High_M,0.061220129889338,0.4710743801652892,76,76,2027450880,200,1.0706491000019014,none
cnn,fold_2,bull,Low_M,0.1432197481722108,0.1900826446280991,76,76,2027450880,200,1.0706491000019014,none
cnn,fold_2,bull,Close_M,0.0123260591717942,0.859504132231405,76,76,2027450880,200,1.0706491000019014,none
cnn,fold_2,bull,Volume_M,0.0087819609631256,0.9256198347107438,76,76,2027450880,200,1.0706491000019014,none
cnn,fold_2,bull,Change_pct_M,0.077667227499545,0.4380165289256198,76,76,2027450880,200,1.0706491000019014,none
cnn,fold_2,bull,Close_D_lag1,0.2669599786290507,0.024793388429752,76,76,2027450880,200,1.0706491000019014,none
cnn,fold_2,bull,Close_D_lag2,0.0914995221384359,0.371900826446281,76,76,2027450880,200,1.0706491000019014,none
cnn,fold_2,bull,Close_D_lag3,0.2341023276707059,0.0330578512396694,76,76,2027450880,200,1.0706491000019014,none
cnn,fold_2,bull,Close_D_lag5,0.1565771216673678,0.1487603305785124,76,76,2027450880,200,1.0706491000019014,none
cnn,fold_2,bull,Close_D_lag10,0.1215908249889157,0.2314049586776859,76,76,2027450880,200,1.0706491000019014,none
cnn,fold_2,bull,Close_D_lag20,0.3055828853975981,0.0082644628099173,76,76,2027450880,200,1.0706491000019014,none
cnn,fold_2,bull,Close_D_lag60,0.2082511627486,0.0495867768595041,76,76,2027450880,200,1.0706491000019014,none
cnn,fold_2,bull,Change_pct_D_lag1,0.009563816530402,0.9090909090909092,76,76,2027450880,200,1.0706491000019014,none
cnn,fold_2,bull,Change_pct_D_lag2,0.0258438888749265,0.6528925619834711,76,76,2027450880,200,1.0706491000019014,none
cnn,fold_2,bull,Change_pct_D_lag3,0.0045935955141994,0.9669421487603306,76,76,2027450880,200,1.0706491000019014,none
cnn,fold_2,bull,Change_pct_D_lag5,0.0155497007122233,0.8016528925619835,76,76,2027450880,200,1.0706491000019014,none
cnn,fold_2,bull,Change_pct_D_lag10,0.0080527291362015,0.950413223140496,76,76,2027450880,200,1.0706491000019014,none
cnn,fold_2,bull,Change_pct_D_lag20,0.0148927572994658,0.8181818181818182,76,76,2027450880,200,1.0706491000019014,none
cnn,fold_2,bull,Volume_D_lag1,0.0249405131371118,0.6776859504132231,76,76,2027450880,200,1.0706491000019014,none
cnn,fold_2,bull,Volume_D_lag2,0.0239370715124776,0.6942148760330579,76,76,2027450880,200,1.0706491000019014,none
cnn,fold_2,bull,Volume_D_lag3,0.0352231991553564,0.5867768595041323,76,76,2027450880,200,1.0706491000019014,none
cnn,fold_2,bull,Volume_D_lag5,0.0010802189238873,1.0,76,76,2027450880,200,1.0706491000019014,none
cnn,fold_2,bull,Volume_D_lag10,0.0099577962658773,0.9008264462809916,76,76,2027450880,200,1.0706491000019014,none
cnn,fold_2,bull,Volume_D_lag20,0.0135769307920542,0.8347107438016529,76,76,2027450880,200,1.0706491000019014,none
cnn,fold_2,bull,Close_W_lag1,0.2669703228105056,0.0165289256198347,76,76,2027450880,200,1.0706491000019014,none
cnn,fold_2,bull,Close_W_lag2,0.1163980812018149,0.2479338842975206,76,76,2027450880,200,1.0706491000019014,none
cnn,fold_2,bull,Close_W_lag4,0.1075091092210066,0.3140495867768595,76,76,2027450880,200,1.0706491000019014,none
cnn,fold_2,bull,Close_M_lag1,0.1124332041485774,0.2727272727272727,76,76,2027450880,200,1.0706491000019014,none
cnn,fold_2,bull,Close_M_lag3,0.0455271611808137,0.5206611570247934,76,76,2027450880,200,1.0706491000019014,none
cnn,fold_2,bull,Return_1D,0.0102177185015121,0.8842975206611571,76,76,2027450880,200,1.0706491000019014,none
cnn,fold_2,bull,Return_3D,0.0102080363923541,0.8925619834710744,76,76,2027450880,200,1.0706491000019014,none
cnn,fold_2,bull,Return_5D,0.0033657964035587,0.9834710743801652,76,76,2027450880,200,1.0706491000019014,none
cnn,fold_2,bull,Return_10D,0.0118130247792852,0.8677685950413223,76,76,2027450880,200,1.0706491000019014,none
cnn,fold_2,bull,Return_20D,0.0331493060839839,0.5950413223140496,76,76,2027450880,200,1.0706491000019014,none
cnn,fold_2,bull,Return_60D,0.1206273977831792,0.2396694214876033,76,76,2027450880,200,1.0706491000019014,none
cnn,fold_2,bull,SMA_5,0.2036075226006735,0.0578512396694214,76,76,2027450880,200,1.0706491000019014,none
cnn,fold_2,bull,SMA_10,0.2025888406867651,0.0661157024793388,76,76,2027450880,200,1.0706491000019014,none
cnn,fold_2,bull,SMA_20,0.1310561822482237,0.1983471074380165,76,76,2027450880,200,1.0706491000019014,none
cnn,fold_2,bull,SMA_60,0.1978917595048092,0.0743801652892562,76,76,2027450880,200,1.0706491000019014,none
cnn,fold_2,bull,Close_to_SMA_5,0.0294052737643835,0.6363636363636364,76,76,2027450880,200,1.0706491000019014,none
cnn,fold_2,bull,Close_to_SMA_10,0.017070514669679,0.768595041322314,76,76,2027450880,200,1.0706491000019014,none
cnn,fold_2,bull,Close_to_SMA_20,0.0473866288735663,0.512396694214876,76,76,2027450880,200,1.0706491000019014,none
cnn,fold_2,bull,Close_to_SMA_60,0.0214827692231997,0.71900826446281,76,76,2027450880,200,1.0706491000019014,none
cnn,fold_2,bull,Volatility_5,0.0211793959553101,0.7272727272727273,76,76,2027450880,200,1.0706491000019014,none
cnn,fold_2,bull,Volatility_10,0.0977093982621705,0.3553719008264462,76,76,2027450880,200,1.0706491000019014,none
cnn,fold_2,bull,Volatility_20,0.0323203782675352,0.6033057851239669,76,76,2027450880,200,1.0706491000019014,none
cnn,fold_2,bull,Volatility_60,0.1134894145119257,0.2644628099173554,76,76,2027450880,200,1.0706491000019014,none
cnn,fold_2,bull,Momentum_5,0.0819884806401767,0.4214876033057851,76,76,2027450880,200,1.0706491000019014,none
cnn,fold_2,bull,Momentum_10,0.0571859613977075,0.4793388429752066,76,76,2027450880,200,1.0706491000019014,none
cnn,fold_2,bull,Momentum_20,0.0380293202981097,0.5785123966942148,76,76,2027450880,200,1.0706491000019014,none
cnn,fold_2,bull,Momentum_60,0.0159030444827809,0.7933884297520661,76,76,2027450880,200,1.0706491000019014,none
cnn,fold_2,bull,ROC_5,0.01404208714022,0.8264462809917356,76,76,2027450880,200,1.0706491000019014,none
cnn,fold_2,bull,ROC_10,0.0437928714917994,0.5454545454545454,76,76,2027450880,200,1.0706491000019014,none
cnn,fold_2,bull,ROC_20,0.0084104921116441,0.9421487603305784,76,76,2027450880,200,1.0706491000019014,none
cnn,fold_2,bull,ROC_60,0.0227885400602405,0.7024793388429752,76,76,2027450880,200,1.0706491000019014,none
cnn,fold_2,bull,Ratio_Close_D_to_W,0.0013797835838751,0.9917355371900828,76,76,2027450880,200,1.0706491000019014,none
cnn,fold_2,bull,Ratio_Close_D_to_M,0.0177334332342525,0.7603305785123967,76,76,2027450880,200,1.0706491000019014,none
cnn,fold_2,bull,Ratio_Volume_D_to_W,0.0150085045482132,0.8099173553719008,76,76,2027450880,200,1.0706491000019014,none
cnn,fold_2,bull,Spread_D,0.020620039903443,0.7355371900826446,76,76,2027450880,200,1.0706491000019014,none
cnn,fold_2,bull,Body_D,0.0416264395541858,0.5619834710743802,76,76,2027450880,200,1.0706491000019014,none
cnn,fold_2,bull,Body_abs_D,0.0218336915835607,0.7107438016528925,76,76,2027450880,200,1.0706491000019014,none
cnn,fold_2,bull,Upper_Shadow_D,0.0309756317990114,0.6115702479338843,76,76,2027450880,200,1.0706491000019014,none
cnn,fold_2,bull,Lower_Shadow_D,0.008780152821577,0.9338842975206612,76,76,2027450880,200,1.0706491000019014,none
cnn,fold_2,bull,Body_to_Range_D,0.1826080493870138,0.1074380165289256,76,76,2027450880,200,1.0706491000019014,none
cnn,fold_2,bull,Close_Position_D,0.1762704397162547,0.1239669421487603,76,76,2027450880,200,1.0706491000019014,none
cnn,fold_2,bull,Spread_W,0.0258093897449782,0.6611570247933884,76,76,2027450880,200,1.0706491000019014,none
cnn,fold_2,bull,Body_W,0.012835324420573,0.8512396694214877,76,76,2027450880,200,1.0706491000019014,none
cnn,fold_2,bull,Close_Position_W,0.0661795912843129,0.4628099173553719,76,76,2027450880,200,1.0706491000019014,none
cnn,fold_2,bull,Spread_M,0.1274601917765003,0.2066115702479339,76,76,2027450880,200,1.0706491000019014,none
cnn,fold_2,bull,Body_M,0.0853514943823651,0.396694214876033,76,76,2027450880,200,1.0706491000019014,none
cnn,fold_2,bull,Close_Position_M,0.1499245029805646,0.1652892561983471,76,76,2027450880,200,1.0706491000019014,none
cnn,fold_2,bull,Volume_MA_5,0.0199319935712486,0.7520661157024794,76,76,2027450880,200,1.0706491000019014,none
cnn,fold_2,bull,Volume_MA_20,0.0162467684403837,0.7768595041322314,76,76,2027450880,200,1.0706491000019014,none
cnn,fold_2,bull,Volume_Ratio_5,0.0202082023643063,0.743801652892562,76,76,2027450880,200,1.0706491000019014,none
cnn,fold_2,bull,Volume_Ratio_20,0.026614015850744,0.6446280991735537,76,76,2027450880,200,1.0706491000019014,none
cnn,fold_2,bull,Volume_Change_1D,0.0091757290667004,0.9173553719008264,76,76,2027450880,200,1.0706491000019014,none
cnn,fold_2,bull,Volume_Change_5D,0.0453314477563277,0.5289256198347108,76,76,2027450880,200,1.0706491000019014,none
cnn,fold_2,bull,Volume_Change_20D,0.0033946990992442,0.975206611570248,76,76,2027450880,200,1.0706491000019014,none
cnn,fold_2,bull,Direction_lag1,0.1120139759033918,0.2809917355371901,76,76,2027450880,200,1.0706491000019014,none
cnn,fold_2,bull,Direction_lag2,0.209038587502743,0.0413223140495867,76,76,2027450880,200,1.0706491000019014,none
cnn,fold_2,bull,Direction_lag3,0.082284957218278,0.4132231404958678,76,76,2027450880,200,1.0706491000019014,none
cnn,fold_2,bull,Direction_lag5,0.193663315019962,0.0991735537190082,76,76,2027450880,200,1.0706491000019014,none
cnn,fold_2,bull,Up_Ratio_5,0.1782449361093121,0.1157024793388429,76,76,2027450880,200,1.0706491000019014,none
cnn,fold_2,bull,Up_Ratio_10,0.0840741106805102,0.4049586776859504,76,76,2027450880,200,1.0706491000019014,none
cnn,fold_2,bull,Up_Ratio_20,0.1552849579674473,0.1570247933884297,76,76,2027450880,200,1.0706491000019014,none
cnn,fold_2,bull,Down_Ratio_5,0.0297355521005795,0.628099173553719,76,76,2027450880,200,1.0706491000019014,none
cnn,fold_2,bull,Down_Ratio_10,0.1053019787237166,0.3305785123966942,76,76,2027450880,200,1.0706491000019014,none
cnn,fold_2,bull,Down_Ratio_20,0.0545482060924864,0.4958677685950413,76,76,2027450880,200,1.0706491000019014,none
cnn,fold_2,bull,WMA_5,0.1112414209417214,0.2892561983471074,76,76,2027450880,200,1.0706491000019014,none
cnn,fold_2,bull,WMA_10,0.0988253594042218,0.3471074380165289,76,76,2027450880,200,1.0706491000019014,none
cnn,fold_2,bull,WMA_20,0.1077333330274804,0.3057851239669421,76,76,2027450880,200,1.0706491000019014,none
cnn,fold_2,bull,WMA_60,0.0439848708716454,0.5371900826446281,76,76,2027450880,200,1.0706491000019014,none
cnn,fold_2,bull,StochK_14,0.1025441553165077,0.3388429752066115,76,76,2027450880,200,1.0706491000019014,none
cnn,fold_2,bull,StochD_3,0.1489738631402982,0.1735537190082644,76,76,2027450880,200,1.0706491000019014,none
cnn,fold_2,bull,RSI_14,0.1158403458015623,0.256198347107438,76,76,2027450880,200,1.0706491000019014,none
cnn,fold_2,bull,MACD_12_26,0.0886624919411662,0.3801652892561983,76,76,2027450880,200,1.0706491000019014,none
cnn,fold_2,bull,MACD_Signal_9,0.0161913656377326,0.7851239669421488,76,76,2027450880,200,1.0706491000019014,none
cnn,fold_2,bull,MACD_Histogram,0.0546733108503758,0.4876033057851239,76,76,2027450880,200,1.0706491000019014,none
cnn,fold_2,bull,WilliamsR_14,0.1945658991487825,0.0826446280991735,76,76,2027450880,200,1.0706491000019014,none
cnn,fold_2,bull,CCI_20,0.0418123658627851,0.5537190082644629,76,76,2027450880,200,1.0706491000019014,none
cnn,fold_2,bull,ADX_14,0.1455740994349502,0.1818181818181818,76,76,2027450880,200,1.0706491000019014,none
cnn,fold_2,bull,PlusDI_14,0.0881281738311181,0.3884297520661157,76,76,2027450880,200,1.0706491000019014,none
cnn,fold_2,bull,MinusDI_14,0.1250156589634379,0.2231404958677686,76,76,2027450880,200,1.0706491000019014,none
cnn,fold_2,bull,VMD_IMF_1,0.1584164473062724,0.140495867768595,76,76,2027450880,200,1.0706491000019014,none
cnn,fold_2,bull,VMD_IMF_2,0.0686060061845637,0.4545454545454545,76,76,2027450880,200,1.0706491000019014,none
cnn,fold_2,bull,VMD_IMF_3,0.0305430875028936,0.6198347107438017,76,76,2027450880,200,1.0706491000019014,none
cnn,fold_2,bull,VMD_IMF_4,0.0069454238316091,0.9586776859504132,76,76,2027450880,200,1.0706491000019014,none
cnn,fold_2,bull,VMD_Denoised_Close,0.193908533077736,0.0909090909090909,76,76,2027450880,200,1.0706491000019014,none
cnn,fold_2,bull,VMD_Noise_Energy_Ratio,0.041563965745738,0.5702479338842975,76,76,2027450880,200,1.0706491000019014,none
cnn,fold_2,global,Open_D,0.0951157145955221,0.3553719008264462,243,128,1202942426,200,1.9139224000100512,none
cnn,fold_2,global,High_D,0.1054653615130341,0.3305785123966942,243,128,1202942426,200,1.9139224000100512,none
cnn,fold_2,global,Low_D,0.1066815251769185,0.3140495867768595,243,128,1202942426,200,1.9139224000100512,none
cnn,fold_2,global,Close_D,5.555066530608746,0.0,243,128,1202942426,200,1.9139224000100512,none
cnn,fold_2,global,Volume_D,0.0251087061957738,0.6776859504132231,243,128,1202942426,200,1.9139224000100512,none
cnn,fold_2,global,Change_pct_D,0.0267368304122072,0.6528925619834711,243,128,1202942426,200,1.9139224000100512,none
cnn,fold_2,global,Open_W,0.0782886008419154,0.4297520661157025,243,128,1202942426,200,1.9139224000100512,none
cnn,fold_2,global,High_W,0.1331314065042534,0.2148760330578512,243,128,1202942426,200,1.9139224000100512,none
cnn,fold_2,global,Low_W,0.1804196865712583,0.1322314049586777,243,128,1202942426,200,1.9139224000100512,none
cnn,fold_2,global,Close_W,0.0826486997257234,0.4132231404958678,243,128,1202942426,200,1.9139224000100512,none
cnn,fold_2,global,Volume_W,0.0529085380423495,0.4958677685950413,243,128,1202942426,200,1.9139224000100512,none
cnn,fold_2,global,Change_pct_W,0.0136068640218532,0.8512396694214877,243,128,1202942426,200,1.9139224000100512,none
cnn,fold_2,global,Open_M,0.0110470978437091,0.8760330578512396,243,128,1202942426,200,1.9139224000100512,none
cnn,fold_2,global,High_M,0.0614126172493342,0.4710743801652892,243,128,1202942426,200,1.9139224000100512,none
cnn,fold_2,global,Low_M,0.1459726794803685,0.1735537190082644,243,128,1202942426,200,1.9139224000100512,none
cnn,fold_2,global,Close_M,0.0127415707539313,0.859504132231405,243,128,1202942426,200,1.9139224000100512,none
cnn,fold_2,global,Volume_M,0.0086604724405164,0.9173553719008264,243,128,1202942426,200,1.9139224000100512,none
cnn,fold_2,global,Change_pct_M,0.0719672831792763,0.4545454545454545,243,128,1202942426,200,1.9139224000100512,none
cnn,fold_2,global,Close_D_lag1,0.2660848324234394,0.024793388429752,243,128,1202942426,200,1.9139224000100512,none
cnn,fold_2,global,Close_D_lag2,0.0921706710209036,0.3636363636363636,243,128,1202942426,200,1.9139224000100512,none
cnn,fold_2,global,Close_D_lag3,0.2387154012511018,0.0330578512396694,243,128,1202942426,200,1.9139224000100512,none
cnn,fold_2,global,Close_D_lag5,0.1640266976668499,0.1487603305785124,243,128,1202942426,200,1.9139224000100512,none
cnn,fold_2,global,Close_D_lag10,0.1313621805718867,0.2231404958677686,243,128,1202942426,200,1.9139224000100512,none
cnn,fold_2,global,Close_D_lag20,0.3194764435786055,0.0082644628099173,243,128,1202942426,200,1.9139224000100512,none
cnn,fold_2,global,Close_D_lag60,0.2325279425975168,0.0413223140495867,243,128,1202942426,200,1.9139224000100512,none
cnn,fold_2,global,Change_pct_D_lag1,0.0102925477994128,0.9008264462809916,243,128,1202942426,200,1.9139224000100512,none
cnn,fold_2,global,Change_pct_D_lag2,0.0270585237943787,0.6446280991735537,243,128,1202942426,200,1.9139224000100512,none
cnn,fold_2,global,Change_pct_D_lag3,0.0049590259746063,0.9669421487603306,243,128,1202942426,200,1.9139224000100512,none
cnn,fold_2,global,Change_pct_D_lag5,0.0157352339884743,0.7933884297520661,243,128,1202942426,200,1.9139224000100512,none
cnn,fold_2,global,Change_pct_D_lag10,0.0081183497798133,0.9421487603305784,243,128,1202942426,200,1.9139224000100512,none
cnn,fold_2,global,Change_pct_D_lag20,0.0154809716991387,0.8016528925619835,243,128,1202942426,200,1.9139224000100512,none
cnn,fold_2,global,Volume_D_lag1,0.0245286648899096,0.6859504132231405,243,128,1202942426,200,1.9139224000100512,none
cnn,fold_2,global,Volume_D_lag2,0.0238077832759202,0.7024793388429752,243,128,1202942426,200,1.9139224000100512,none
cnn,fold_2,global,Volume_D_lag3,0.0344979857485713,0.5867768595041323,243,128,1202942426,200,1.9139224000100512,none
cnn,fold_2,global,Volume_D_lag5,0.0011393979360024,1.0,243,128,1202942426,200,1.9139224000100512,none
cnn,fold_2,global,Volume_D_lag10,0.0094503595116272,0.9090909090909092,243,128,1202942426,200,1.9139224000100512,none
cnn,fold_2,global,Volume_D_lag20,0.0138920016479897,0.8429752066115702,243,128,1202942426,200,1.9139224000100512,none
cnn,fold_2,global,Close_W_lag1,0.2759331286652013,0.0165289256198347,243,128,1202942426,200,1.9139224000100512,none
cnn,fold_2,global,Close_W_lag2,0.1225538681075704,0.2396694214876033,243,128,1202942426,200,1.9139224000100512,none
cnn,fold_2,global,Close_W_lag4,0.1149778972074273,0.256198347107438,243,128,1202942426,200,1.9139224000100512,none
cnn,fold_2,global,Close_M_lag1,0.1202672552743024,0.2479338842975206,243,128,1202942426,200,1.9139224000100512,none
cnn,fold_2,global,Close_M_lag3,0.0488741698477497,0.512396694214876,243,128,1202942426,200,1.9139224000100512,none
cnn,fold_2,global,Return_1D,0.0109705363320159,0.8842975206611571,243,128,1202942426,200,1.9139224000100512,none
cnn,fold_2,global,Return_3D,0.010869265277028,0.8925619834710744,243,128,1202942426,200,1.9139224000100512,none
cnn,fold_2,global,Return_5D,0.0035537977435796,0.975206611570248,243,128,1202942426,200,1.9139224000100512,none
cnn,fold_2,global,Return_10D,0.0113858345355577,0.8677685950413223,243,128,1202942426,200,1.9139224000100512,none
cnn,fold_2,global,Return_20D,0.0298666707276851,0.6198347107438017,243,128,1202942426,200,1.9139224000100512,none
cnn,fold_2,global,Return_60D,0.1409523211348848,0.1900826446280991,243,128,1202942426,200,1.9139224000100512,none
cnn,fold_2,global,SMA_5,0.2063753342190466,0.0743801652892562,243,128,1202942426,200,1.9139224000100512,none
cnn,fold_2,global,SMA_10,0.2113819577039976,0.0495867768595041,243,128,1202942426,200,1.9139224000100512,none
cnn,fold_2,global,SMA_20,0.1382736666724668,0.1983471074380165,243,128,1202942426,200,1.9139224000100512,none
cnn,fold_2,global,SMA_60,0.2056395101884845,0.0826446280991735,243,128,1202942426,200,1.9139224000100512,none
cnn,fold_2,global,Close_to_SMA_5,0.0311631910641274,0.6115702479338843,243,128,1202942426,200,1.9139224000100512,none
cnn,fold_2,global,Close_to_SMA_10,0.0171651341763208,0.7768595041322314,243,128,1202942426,200,1.9139224000100512,none
cnn,fold_2,global,Close_to_SMA_20,0.0440861038800445,0.5371900826446281,243,128,1202942426,200,1.9139224000100512,none
cnn,fold_2,global,Close_to_SMA_60,0.023908581204305,0.6942148760330579,243,128,1202942426,200,1.9139224000100512,none
cnn,fold_2,global,Volatility_5,0.0186002439391891,0.7520661157024794,243,128,1202942426,200,1.9139224000100512,none
cnn,fold_2,global,Volatility_10,0.0891874530323455,0.371900826446281,243,128,1202942426,200,1.9139224000100512,none
cnn,fold_2,global,Volatility_20,0.029857775130128,0.628099173553719,243,128,1202942426,200,1.9139224000100512,none
cnn,fold_2,global,Volatility_60,0.0982589821901115,0.3471074380165289,243,128,1202942426,200,1.9139224000100512,none
cnn,fold_2,global,Momentum_5,0.082846450702425,0.4049586776859504,243,128,1202942426,200,1.9139224000100512,none
cnn,fold_2,global,Momentum_10,0.0548262489761555,0.4876033057851239,243,128,1202942426,200,1.9139224000100512,none
cnn,fold_2,global,Momentum_20,0.0341911985741495,0.5950413223140496,243,128,1202942426,200,1.9139224000100512,none
cnn,fold_2,global,Momentum_60,0.0179304167030917,0.7603305785123967,243,128,1202942426,200,1.9139224000100512,none
cnn,fold_2,global,ROC_5,0.0145528388520476,0.8099173553719008,243,128,1202942426,200,1.9139224000100512,none
cnn,fold_2,global,ROC_10,0.0421228714257145,0.5537190082644629,243,128,1202942426,200,1.9139224000100512,none
cnn,fold_2,global,ROC_20,0.0074740055442561,0.9586776859504132,243,128,1202942426,200,1.9139224000100512,none
cnn,fold_2,global,ROC_60,0.026640747924191,0.6611570247933884,243,128,1202942426,200,1.9139224000100512,none
cnn,fold_2,global,Ratio_Close_D_to_W,0.0013686710394674,0.9917355371900828,243,128,1202942426,200,1.9139224000100512,none
cnn,fold_2,global,Ratio_Close_D_to_M,0.0141353294663385,0.8264462809917356,243,128,1202942426,200,1.9139224000100512,none
cnn,fold_2,global,Ratio_Volume_D_to_W,0.0142666286950374,0.8181818181818182,243,128,1202942426,200,1.9139224000100512,none
cnn,fold_2,global,Spread_D,0.0201707160372439,0.7272727272727273,243,128,1202942426,200,1.9139224000100512,none
cnn,fold_2,global,Body_D,0.0460360321019891,0.5289256198347108,243,128,1202942426,200,1.9139224000100512,none
cnn,fold_2,global,Body_abs_D,0.0217290925517438,0.71900826446281,243,128,1202942426,200,1.9139224000100512,none
cnn,fold_2,global,Upper_Shadow_D,0.0294231970711845,0.6363636363636364,243,128,1202942426,200,1.9139224000100512,none
cnn,fold_2,global,Lower_Shadow_D,0.0086006515409872,0.9256198347107438,243,128,1202942426,200,1.9139224000100512,none
cnn,fold_2,global,Body_to_Range_D,0.1814880163247863,0.1157024793388429,243,128,1202942426,200,1.9139224000100512,none
cnn,fold_2,global,Close_Position_D,0.1805612514400763,0.1239669421487603,243,128,1202942426,200,1.9139224000100512,none
cnn,fold_2,global,Spread_W,0.0218923541445921,0.7107438016528925,243,128,1202942426,200,1.9139224000100512,none
cnn,fold_2,global,Body_W,0.0139226813138723,0.8347107438016529,243,128,1202942426,200,1.9139224000100512,none
cnn,fold_2,global,Close_Position_W,0.0775441312924698,0.4380165289256198,243,128,1202942426,200,1.9139224000100512,none
cnn,fold_2,global,Spread_M,0.1271995484800754,0.2314049586776859,243,128,1202942426,200,1.9139224000100512,none
cnn,fold_2,global,Body_M,0.0730668305011121,0.4462809917355372,243,128,1202942426,200,1.9139224000100512,none
cnn,fold_2,global,Close_Position_M,0.1339692967265904,0.2066115702479339,243,128,1202942426,200,1.9139224000100512,none
cnn,fold_2,global,Volume_MA_5,0.0199321381189683,0.7355371900826446,243,128,1202942426,200,1.9139224000100512,none
cnn,fold_2,global,Volume_MA_20,0.0177915415624582,0.768595041322314,243,128,1202942426,200,1.9139224000100512,none
cnn,fold_2,global,Volume_Ratio_5,0.0194397628099659,0.743801652892562,243,128,1202942426,200,1.9139224000100512,none
cnn,fold_2,global,Volume_Ratio_20,0.0261047845934079,0.6694214876033058,243,128,1202942426,200,1.9139224000100512,none
cnn,fold_2,global,Volume_Change_1D,0.0083068031163782,0.9338842975206612,243,128,1202942426,200,1.9139224000100512,none
cnn,fold_2,global,Volume_Change_5D,0.0436492562675397,0.5454545454545454,243,128,1202942426,200,1.9139224000100512,none
cnn,fold_2,global,Volume_Change_20D,0.0031480755030183,0.9834710743801652,243,128,1202942426,200,1.9139224000100512,none
cnn,fold_2,global,Direction_lag1,0.1132266254771821,0.2644628099173554,243,128,1202942426,200,1.9139224000100512,none
cnn,fold_2,global,Direction_lag2,0.2103709020128008,0.0578512396694214,243,128,1202942426,200,1.9139224000100512,none
cnn,fold_2,global,Direction_lag3,0.0825137793217436,0.4214876033057851,243,128,1202942426,200,1.9139224000100512,none
cnn,fold_2,global,Direction_lag5,0.1947901312400944,0.0909090909090909,243,128,1202942426,200,1.9139224000100512,none
cnn,fold_2,global,Up_Ratio_5,0.1868834636830797,0.1074380165289256,243,128,1202942426,200,1.9139224000100512,none
cnn,fold_2,global,Up_Ratio_10,0.0887937709253719,0.3801652892561983,243,128,1202942426,200,1.9139224000100512,none
cnn,fold_2,global,Up_Ratio_20,0.1637889229039956,0.1570247933884297,243,128,1202942426,200,1.9139224000100512,none
cnn,fold_2,global,Down_Ratio_5,0.0318978961366966,0.6033057851239669,243,128,1202942426,200,1.9139224000100512,none
cnn,fold_2,global,Down_Ratio_10,0.1113883809279386,0.2975206611570248,243,128,1202942426,200,1.9139224000100512,none
cnn,fold_2,global,Down_Ratio_20,0.0572839245989683,0.4793388429752066,243,128,1202942426,200,1.9139224000100512,none
cnn,fold_2,global,WMA_5,0.1118738266915897,0.2809917355371901,243,128,1202942426,200,1.9139224000100512,none
cnn,fold_2,global,WMA_10,0.0998222532128778,0.3388429752066115,243,128,1202942426,200,1.9139224000100512,none
cnn,fold_2,global,WMA_20,0.1130457741761347,0.2727272727272727,243,128,1202942426,200,1.9139224000100512,none
cnn,fold_2,global,WMA_60,0.0461836949044936,0.5206611570247934,243,128,1202942426,200,1.9139224000100512,none
cnn,fold_2,global,StochK_14,0.1108880461000126,0.3057851239669421,243,128,1202942426,200,1.9139224000100512,none
cnn,fold_2,global,StochD_3,0.1582383726746343,0.1652892561983471,243,128,1202942426,200,1.9139224000100512,none
cnn,fold_2,global,RSI_14,0.1118111938833642,0.2892561983471074,243,128,1202942426,200,1.9139224000100512,none
cnn,fold_2,global,MACD_12_26,0.0835347058156863,0.396694214876033,243,128,1202942426,200,1.9139224000100512,none
cnn,fold_2,global,MACD_Signal_9,0.0161236636593741,0.7851239669421488,243,128,1202942426,200,1.9139224000100512,none
cnn,fold_2,global,MACD_Histogram,0.0496829717841006,0.5041322314049587,243,128,1202942426,200,1.9139224000100512,none
cnn,fold_2,global,WilliamsR_14,0.2093234027371295,0.0661157024793388,243,128,1202942426,200,1.9139224000100512,none
cnn,fold_2,global,CCI_20,0.0419113774695436,0.5619834710743802,243,128,1202942426,200,1.9139224000100512,none
cnn,fold_2,global,ADX_14,0.1442910148000635,0.1818181818181818,243,128,1202942426,200,1.9139224000100512,none
cnn,fold_2,global,PlusDI_14,0.0885006285128022,0.3884297520661157,243,128,1202942426,200,1.9139224000100512,none
cnn,fold_2,global,MinusDI_14,0.1055615627776145,0.3223140495867768,243,128,1202942426,200,1.9139224000100512,none
cnn,fold_2,global,VMD_IMF_1,0.1650142499536741,0.140495867768595,243,128,1202942426,200,1.9139224000100512,none
cnn,fold_2,global,VMD_IMF_2,0.0641063034570791,0.4628099173553719,243,128,1202942426,200,1.9139224000100512,none
cnn,fold_2,global,VMD_IMF_3,0.0417817859620642,0.5702479338842975,243,128,1202942426,200,1.9139224000100512,none
cnn,fold_2,global,VMD_IMF_4,0.007599615537731,0.950413223140496,243,128,1202942426,200,1.9139224000100512,none
cnn,fold_2,global,VMD_Denoised_Close,0.1930539549881359,0.0991735537190082,243,128,1202942426,200,1.9139224000100512,none
cnn,fold_2,global,VMD_Noise_Energy_Ratio,0.0369713428915822,0.5785123966942148,243,128,1202942426,200,1.9139224000100512,none
cnn,fold_2,sideway,Open_D,0.0910609636951804,0.3471074380165289,92,92,351000458,200,1.3143185999942943,none
cnn,fold_2,sideway,High_D,0.1005616150431345,0.3223140495867768,92,92,351000458,200,1.3143185999942943,none
cnn,fold_2,sideway,Low_D,0.101579002099638,0.3057851239669421,92,92,351000458,200,1.3143185999942943,none
cnn,fold_2,sideway,Close_D,5.327719249564183,0.0,92,92,351000458,200,1.3143185999942943,none
cnn,fold_2,sideway,Volume_D,0.0255781599271319,0.6859504132231405,92,92,351000458,200,1.3143185999942943,none
cnn,fold_2,sideway,Change_pct_D,0.0282498780672807,0.6528925619834711,92,92,351000458,200,1.3143185999942943,none
cnn,fold_2,sideway,Open_W,0.0759075841785449,0.4380165289256198,92,92,351000458,200,1.3143185999942943,none
cnn,fold_2,sideway,High_W,0.1285673963472895,0.2148760330578512,92,92,351000458,200,1.3143185999942943,none
cnn,fold_2,sideway,Low_W,0.1728608210641971,0.1322314049586777,92,92,351000458,200,1.3143185999942943,none
cnn,fold_2,sideway,Close_W,0.0792659032988645,0.4214876033057851,92,92,351000458,200,1.3143185999942943,none
cnn,fold_2,sideway,Volume_W,0.0525442390148149,0.4876033057851239,92,92,351000458,200,1.3143185999942943,none
cnn,fold_2,sideway,Change_pct_W,0.0142086061971801,0.8429752066115702,92,92,351000458,200,1.3143185999942943,none
cnn,fold_2,sideway,Open_M,0.0106052099779765,0.9008264462809916,92,92,351000458,200,1.3143185999942943,none
cnn,fold_2,sideway,High_M,0.0594998578667519,0.4710743801652892,92,92,351000458,200,1.3143185999942943,none
cnn,fold_2,sideway,Low_M,0.1446073475112746,0.1900826446280991,92,92,351000458,200,1.3143185999942943,none
cnn,fold_2,sideway,Close_M,0.0124114898923519,0.859504132231405,92,92,351000458,200,1.3143185999942943,none
cnn,fold_2,sideway,Volume_M,0.0085729179543665,0.9256198347107438,92,92,351000458,200,1.3143185999942943,none
cnn,fold_2,sideway,Change_pct_M,0.0628264235683989,0.4462809917355372,92,92,351000458,200,1.3143185999942943,none
cnn,fold_2,sideway,Close_D_lag1,0.2537162149297174,0.024793388429752,92,92,351000458,200,1.3143185999942943,none
cnn,fold_2,sideway,Close_D_lag2,0.0882922481456974,0.3553719008264462,92,92,351000458,200,1.3143185999942943,none
cnn,fold_2,sideway,Close_D_lag3,0.2285004436099172,0.0413223140495867,92,92,351000458,200,1.3143185999942943,none
cnn,fold_2,sideway,Close_D_lag5,0.1572466999737788,0.1570247933884297,92,92,351000458,200,1.3143185999942943,none
cnn,fold_2,sideway,Close_D_lag10,0.1280249238125575,0.2231404958677686,92,92,351000458,200,1.3143185999942943,none
cnn,fold_2,sideway,Close_D_lag20,0.3122231654053473,0.0082644628099173,92,92,351000458,200,1.3143185999942943,none
cnn,fold_2,sideway,Close_D_lag60,0.2429000496377146,0.0330578512396694,92,92,351000458,200,1.3143185999942943,none
cnn,fold_2,sideway,Change_pct_D_lag1,0.010791728014728,0.8925619834710744,92,92,351000458,200,1.3143185999942943,none
cnn,fold_2,sideway,Change_pct_D_lag2,0.0288271928240135,0.6363636363636364,92,92,351000458,200,1.3143185999942943,none
cnn,fold_2,sideway,Change_pct_D_lag3,0.0052252677000919,0.9669421487603306,92,92,351000458,200,1.3143185999942943,none
cnn,fold_2,sideway,Change_pct_D_lag5,0.016858924483035,0.768595041322314,92,92,351000458,200,1.3143185999942943,none
cnn,fold_2,sideway,Change_pct_D_lag10,0.0084673125220777,0.9338842975206612,92,92,351000458,200,1.3143185999942943,none
cnn,fold_2,sideway,Change_pct_D_lag20,0.0160180699488231,0.8016528925619835,92,92,351000458,200,1.3143185999942943,none
cnn,fold_2,sideway,Volume_D_lag1,0.0252249688963592,0.6942148760330579,92,92,351000458,200,1.3143185999942943,none
cnn,fold_2,sideway,Volume_D_lag2,0.0242693311134886,0.7024793388429752,92,92,351000458,200,1.3143185999942943,none
cnn,fold_2,sideway,Volume_D_lag3,0.035202559639199,0.5785123966942148,92,92,351000458,200,1.3143185999942943,none
cnn,fold_2,sideway,Volume_D_lag5,0.0012328177458821,1.0,92,92,351000458,200,1.3143185999942943,none
cnn,fold_2,sideway,Volume_D_lag10,0.0096301015804982,0.9090909090909092,92,92,351000458,200,1.3143185999942943,none
cnn,fold_2,sideway,Volume_D_lag20,0.0142247540359261,0.8347107438016529,92,92,351000458,200,1.3143185999942943,none
cnn,fold_2,sideway,Close_W_lag1,0.2644108950727336,0.0165289256198347,92,92,351000458,200,1.3143185999942943,none
cnn,fold_2,sideway,Close_W_lag2,0.1177733531555808,0.2396694214876033,92,92,351000458,200,1.3143185999942943,none
cnn,fold_2,sideway,Close_W_lag4,0.110848677624017,0.2644628099173554,92,92,351000458,200,1.3143185999942943,none
cnn,fold_2,sideway,Close_M_lag1,0.1172266579220456,0.2479338842975206,92,92,351000458,200,1.3143185999942943,none
cnn,fold_2,sideway,Close_M_lag3,0.0476367414324119,0.512396694214876,92,92,351000458,200,1.3143185999942943,none
cnn,fold_2,sideway,Return_1D,0.0115479347535771,0.8677685950413223,92,92,351000458,200,1.3143185999942943,none
cnn,fold_2,sideway,Return_3D,0.0108617841848871,0.8842975206611571,92,92,351000458,200,1.3143185999942943,none
cnn,fold_2,sideway,Return_5D,0.0031804076306509,0.975206611570248,92,92,351000458,200,1.3143185999942943,none
cnn,fold_2,sideway,Return_10D,0.0111332193518482,0.8760330578512396,92,92,351000458,200,1.3143185999942943,none
cnn,fold_2,sideway,Return_20D,0.0294457974253478,0.6198347107438017,92,92,351000458,200,1.3143185999942943,none
cnn,fold_2,sideway,Return_60D,0.1697156104606699,0.140495867768595,92,92,351000458,200,1.3143185999942943,none
cnn,fold_2,sideway,SMA_5,0.1972274034273932,0.0826446280991735,92,92,351000458,200,1.3143185999942943,none
cnn,fold_2,sideway,SMA_10,0.2029683603601449,0.0661157024793388,92,92,351000458,200,1.3143185999942943,none
cnn,fold_2,sideway,SMA_20,0.1340142606433643,0.1983471074380165,92,92,351000458,200,1.3143185999942943,none
cnn,fold_2,sideway,SMA_60,0.2016772142327998,0.0743801652892562,92,92,351000458,200,1.3143185999942943,none
cnn,fold_2,sideway,Close_to_SMA_5,0.0314827461587613,0.6033057851239669,92,92,351000458,200,1.3143185999942943,none
cnn,fold_2,sideway,Close_to_SMA_10,0.0165248166603875,0.7933884297520661,92,92,351000458,200,1.3143185999942943,none
cnn,fold_2,sideway,Close_to_SMA_20,0.0406853683390676,0.5537190082644629,92,92,351000458,200,1.3143185999942943,none
cnn,fold_2,sideway,Close_to_SMA_60,0.0257326597316201,0.6776859504132231,92,92,351000458,200,1.3143185999942943,none
cnn,fold_2,sideway,Volatility_5,0.0167598172119647,0.7851239669421488,92,92,351000458,200,1.3143185999942943,none
cnn,fold_2,sideway,Volatility_10,0.0776741531400939,0.4297520661157025,92,92,351000458,200,1.3143185999942943,none
cnn,fold_2,sideway,Volatility_20,0.0264908289378008,0.6611570247933884,92,92,351000458,200,1.3143185999942943,none
cnn,fold_2,sideway,Volatility_60,0.080667429670836,0.4049586776859504,92,92,351000458,200,1.3143185999942943,none
cnn,fold_2,sideway,Momentum_5,0.0827899987565533,0.3801652892561983,92,92,351000458,200,1.3143185999942943,none
cnn,fold_2,sideway,Momentum_10,0.0517905818346612,0.4958677685950413,92,92,351000458,200,1.3143185999942943,none
cnn,fold_2,sideway,Momentum_20,0.0330773949634654,0.5867768595041323,92,92,351000458,200,1.3143185999942943,none
cnn,fold_2,sideway,Momentum_60,0.0213375074534449,0.71900826446281,92,92,351000458,200,1.3143185999942943,none
cnn,fold_2,sideway,ROC_5,0.0142961307723532,0.8264462809917356,92,92,351000458,200,1.3143185999942943,none
cnn,fold_2,sideway,ROC_10,0.0403144350593117,0.5619834710743802,92,92,351000458,200,1.3143185999942943,none
cnn,fold_2,sideway,ROC_20,0.0069841393521036,0.9586776859504132,92,92,351000458,200,1.3143185999942943,none
cnn,fold_2,sideway,ROC_60,0.0317492902252087,0.5950413223140496,92,92,351000458,200,1.3143185999942943,none
cnn,fold_2,sideway,Ratio_Close_D_to_W,0.0012923743326442,0.9917355371900828,92,92,351000458,200,1.3143185999942943,none
cnn,fold_2,sideway,Ratio_Close_D_to_M,0.0125091011999361,0.8512396694214877,92,92,351000458,200,1.3143185999942943,none
cnn,fold_2,sideway,Ratio_Volume_D_to_W,0.0144081129742922,0.8181818181818182,92,92,351000458,200,1.3143185999942943,none
cnn,fold_2,sideway,Spread_D,0.0198807875615027,0.7355371900826446,92,92,351000458,200,1.3143185999942943,none
cnn,fold_2,sideway,Body_D,0.049763589316029,0.5041322314049587,92,92,351000458,200,1.3143185999942943,none
cnn,fold_2,sideway,Body_abs_D,0.0218962582932421,0.7107438016528925,92,92,351000458,200,1.3143185999942943,none
cnn,fold_2,sideway,Upper_Shadow_D,0.0290471450685602,0.628099173553719,92,92,351000458,200,1.3143185999942943,none
cnn,fold_2,sideway,Lower_Shadow_D,0.0087765787725149,0.9173553719008264,92,92,351000458,200,1.3143185999942943,none
cnn,fold_2,sideway,Body_to_Range_D,0.1842876742507463,0.1157024793388429,92,92,351000458,200,1.3143185999942943,none
cnn,fold_2,sideway,Close_Position_D,0.1919476325466783,0.0991735537190082,92,92,351000458,200,1.3143185999942943,none
cnn,fold_2,sideway,Spread_W,0.0195753354861539,0.743801652892562,92,92,351000458,200,1.3143185999942943,none
cnn,fold_2,sideway,Body_W,0.014608495233013,0.8099173553719008,92,92,351000458,200,1.3143185999942943,none
cnn,fold_2,sideway,Close_Position_W,0.0821581694635864,0.396694214876033,92,92,351000458,200,1.3143185999942943,none
cnn,fold_2,sideway,Spread_M,0.1261960173814694,0.2314049586776859,92,92,351000458,200,1.3143185999942943,none
cnn,fold_2,sideway,Body_M,0.0612541658701551,0.4545454545454545,92,92,351000458,200,1.3143185999942943,none
cnn,fold_2,sideway,Close_Position_M,0.133611677452,0.2066115702479339,92,92,351000458,200,1.3143185999942943,none
cnn,fold_2,sideway,Volume_MA_5,0.0209979921395168,0.7272727272727273,92,92,351000458,200,1.3143185999942943,none
cnn,fold_2,sideway,Volume_MA_20,0.0186422622934356,0.7603305785123967,92,92,351000458,200,1.3143185999942943,none
cnn,fold_2,sideway,Volume_Ratio_5,0.0188348898472213,0.7520661157024794,92,92,351000458,200,1.3143185999942943,none
cnn,fold_2,sideway,Volume_Ratio_20,0.0258915550749056,0.6694214876033058,92,92,351000458,200,1.3143185999942943,none
cnn,fold_2,sideway,Volume_Change_1D,0.0079043919807441,0.950413223140496,92,92,351000458,200,1.3143185999942943,none
cnn,fold_2,sideway,Volume_Change_5D,0.0433138039022369,0.5371900826446281,92,92,351000458,200,1.3143185999942943,none
cnn,fold_2,sideway,Volume_Change_20D,0.0030637478426641,0.9834710743801652,92,92,351000458,200,1.3143185999942943,none
cnn,fold_2,sideway,Direction_lag1,0.1132999549852684,0.256198347107438,92,92,351000458,200,1.3143185999942943,none
cnn,fold_2,sideway,Direction_lag2,0.2104668224716316,0.0495867768595041,92,92,351000458,200,1.3143185999942943,none
cnn,fold_2,sideway,Direction_lag3,0.0822137007692261,0.3884297520661157,92,92,351000458,200,1.3143185999942943,none
cnn,fold_2,sideway,Direction_lag5,0.1950916368727397,0.0909090909090909,92,92,351000458,200,1.3143185999942943,none
cnn,fold_2,sideway,Up_Ratio_5,0.17922950730983,0.1239669421487603,92,92,351000458,200,1.3143185999942943,none
cnn,fold_2,sideway,Up_Ratio_10,0.0803252077773698,0.4132231404958678,92,92,351000458,200,1.3143185999942943,none
cnn,fold_2,sideway,Up_Ratio_20,0.1548720803268699,0.1735537190082644,92,92,351000458,200,1.3143185999942943,none
cnn,fold_2,sideway,Down_Ratio_5,0.0302643098618358,0.6115702479338843,92,92,351000458,200,1.3143185999942943,none
cnn,fold_2,sideway,Down_Ratio_10,0.1011691575050581,0.3140495867768595,92,92,351000458,200,1.3143185999942943,none
cnn,fold_2,sideway,Down_Ratio_20,0.0540875785733869,0.4793388429752066,92,92,351000458,200,1.3143185999942943,none
cnn,fold_2,sideway,WMA_5,0.1066418453747325,0.2892561983471074,92,92,351000458,200,1.3143185999942943,none
cnn,fold_2,sideway,WMA_10,0.0952920210084298,0.3305785123966942,92,92,351000458,200,1.3143185999942943,none
cnn,fold_2,sideway,WMA_20,0.1089368184279326,0.2809917355371901,92,92,351000458,200,1.3143185999942943,none
cnn,fold_2,sideway,WMA_60,0.045078032342755,0.5289256198347108,92,92,351000458,200,1.3143185999942943,none
cnn,fold_2,sideway,StochK_14,0.1090791512949858,0.2727272727272727,92,92,351000458,200,1.3143185999942943,none
cnn,fold_2,sideway,StochD_3,0.1556398046305137,0.1652892561983471,92,92,351000458,200,1.3143185999942943,none
cnn,fold_2,sideway,RSI_14,0.1057819838152919,0.2975206611570248,92,92,351000458,200,1.3143185999942943,none
cnn,fold_2,sideway,MACD_12_26,0.0870411882754257,0.3636363636363636,92,92,351000458,200,1.3143185999942943,none
cnn,fold_2,sideway,MACD_Signal_9,0.0167733926921201,0.7768595041322314,92,92,351000458,200,1.3143185999942943,none
cnn,fold_2,sideway,MACD_Histogram,0.0429503742855032,0.5454545454545454,92,92,351000458,200,1.3143185999942943,none
cnn,fold_2,sideway,WilliamsR_14,0.2058802443784968,0.0578512396694214,92,92,351000458,200,1.3143185999942943,none
cnn,fold_2,sideway,CCI_20,0.0372640120033209,0.5702479338842975,92,92,351000458,200,1.3143185999942943,none
cnn,fold_2,sideway,ADX_14,0.1514455575854419,0.1818181818181818,92,92,351000458,200,1.3143185999942943,none
cnn,fold_2,sideway,PlusDI_14,0.083318716314522,0.371900826446281,92,92,351000458,200,1.3143185999942943,none
cnn,fold_2,sideway,MinusDI_14,0.0940362637613915,0.3388429752066115,92,92,351000458,200,1.3143185999942943,none
cnn,fold_2,sideway,VMD_IMF_1,0.1588367818530811,0.1487603305785124,92,92,351000458,200,1.3143185999942943,none
cnn,fold_2,sideway,VMD_IMF_2,0.0603893307360428,0.4628099173553719,92,92,351000458,200,1.3143185999942943,none
cnn,fold_2,sideway,VMD_IMF_3,0.0468918794963334,0.5206611570247934,92,92,351000458,200,1.3143185999942943,none
cnn,fold_2,sideway,VMD_IMF_4,0.0082624423892355,0.9421487603305784,92,92,351000458,200,1.3143185999942943,none
cnn,fold_2,sideway,VMD_Denoised_Close,0.1846773467178497,0.1074380165289256,92,92,351000458,200,1.3143185999942943,none
cnn,fold_2,sideway,VMD_Noise_Energy_Ratio,0.028427565133109,0.6446280991735537,92,92,351000458,200,1.3143185999942943,none
cnn,fold_3,bear,Open_D,0.1320487210254555,0.3140495867768595,104,104,260596375,200,1.51567989999603,none
cnn,fold_3,bear,High_D,0.0557146119417841,0.5371900826446281,104,104,260596375,200,1.51567989999603,none
cnn,fold_3,bear,Low_D,0.138368518182964,0.2809917355371901,104,104,260596375,200,1.51567989999603,none
cnn,fold_3,bear,Close_D,8.228703584270708,0.0,104,104,260596375,200,1.51567989999603,none
cnn,fold_3,bear,Volume_D,0.0199924390150302,0.8512396694214877,104,104,260596375,200,1.51567989999603,none
cnn,fold_3,bear,Change_pct_D,0.0143257271128592,0.9421487603305784,104,104,260596375,200,1.51567989999603,none
cnn,fold_3,bear,Open_W,0.0916930579726725,0.3884297520661157,104,104,260596375,200,1.51567989999603,none
cnn,fold_3,bear,High_W,0.0409885400715071,0.6611570247933884,104,104,260596375,200,1.51567989999603,none
cnn,fold_3,bear,Low_W,0.2242114373254113,0.1074380165289256,104,104,260596375,200,1.51567989999603,none
cnn,fold_3,bear,Close_W,0.2006172933212768,0.140495867768595,104,104,260596375,200,1.51567989999603,none
cnn,fold_3,bear,Volume_W,0.0515188531363203,0.5867768595041323,104,104,260596375,200,1.51567989999603,none
cnn,fold_3,bear,Change_pct_W,0.0665061093854372,0.4876033057851239,104,104,260596375,200,1.51567989999603,none
cnn,fold_3,bear,Open_M,0.0182247526125536,0.859504132231405,104,104,260596375,200,1.51567989999603,none
cnn,fold_3,bear,High_M,0.1094735846744522,0.3471074380165289,104,104,260596375,200,1.51567989999603,none
cnn,fold_3,bear,Low_M,0.0411189817820846,0.6528925619834711,104,104,260596375,200,1.51567989999603,none
cnn,fold_3,bear,Close_M,0.0721659317071262,0.4462809917355372,104,104,260596375,200,1.51567989999603,none
cnn,fold_3,bear,Volume_M,0.0283107835081829,0.7603305785123967,104,104,260596375,200,1.51567989999603,none
cnn,fold_3,bear,Change_pct_M,0.1089073970138507,0.3553719008264462,104,104,260596375,200,1.51567989999603,none
cnn,fold_3,bear,Close_D_lag1,0.280401959070276,0.0578512396694214,104,104,260596375,200,1.51567989999603,none
cnn,fold_3,bear,Close_D_lag2,0.1786716283853628,0.1735537190082644,104,104,260596375,200,1.51567989999603,none
cnn,fold_3,bear,Close_D_lag3,0.2679063597955414,0.0661157024793388,104,104,260596375,200,1.51567989999603,none
cnn,fold_3,bear,Close_D_lag5,0.1515617878739074,0.2396694214876033,104,104,260596375,200,1.51567989999603,none
cnn,fold_3,bear,Close_D_lag10,0.0619756287486762,0.5041322314049587,104,104,260596375,200,1.51567989999603,none
cnn,fold_3,bear,Close_D_lag20,0.0588438440616375,0.512396694214876,104,104,260596375,200,1.51567989999603,none
cnn,fold_3,bear,Close_D_lag60,0.1081496230478828,0.3636363636363636,104,104,260596375,200,1.51567989999603,none
cnn,fold_3,bear,Change_pct_D_lag1,0.0482731805637198,0.6198347107438017,104,104,260596375,200,1.51567989999603,none
cnn,fold_3,bear,Change_pct_D_lag2,0.0358589908773699,0.6942148760330579,104,104,260596375,200,1.51567989999603,none
cnn,fold_3,bear,Change_pct_D_lag3,0.0115490218431368,0.975206611570248,104,104,260596375,200,1.51567989999603,none
cnn,fold_3,bear,Change_pct_D_lag5,0.0260714857801128,0.7768595041322314,104,104,260596375,200,1.51567989999603,none
cnn,fold_3,bear,Change_pct_D_lag10,0.0169847685426307,0.8925619834710744,104,104,260596375,200,1.51567989999603,none
cnn,fold_3,bear,Change_pct_D_lag20,0.0322669584402847,0.7272727272727273,104,104,260596375,200,1.51567989999603,none
cnn,fold_3,bear,Volume_D_lag1,0.0238656699458631,0.8016528925619835,104,104,260596375,200,1.51567989999603,none
cnn,fold_3,bear,Volume_D_lag2,0.0167515715445377,0.9008264462809916,104,104,260596375,200,1.51567989999603,none
cnn,fold_3,bear,Volume_D_lag3,0.0359738331534449,0.6776859504132231,104,104,260596375,200,1.51567989999603,none
cnn,fold_3,bear,Volume_D_lag5,0.0142696975501676,0.950413223140496,104,104,260596375,200,1.51567989999603,none
cnn,fold_3,bear,Volume_D_lag10,0.0079165505869411,1.0,104,104,260596375,200,1.51567989999603,none
cnn,fold_3,bear,Volume_D_lag20,0.0161311902117695,0.9256198347107438,104,104,260596375,200,1.51567989999603,none
cnn,fold_3,bear,Close_W_lag1,0.2462566409698831,0.0826446280991735,104,104,260596375,200,1.51567989999603,none
cnn,fold_3,bear,Close_W_lag2,0.2486005740870286,0.0743801652892562,104,104,260596375,200,1.51567989999603,none
cnn,fold_3,bear,Close_W_lag4,0.1149519441358174,0.3305785123966942,104,104,260596375,200,1.51567989999603,none
cnn,fold_3,bear,Close_M_lag1,0.1327677302542558,0.2975206611570248,104,104,260596375,200,1.51567989999603,none
cnn,fold_3,bear,Close_M_lag3,0.2897485732947154,0.0495867768595041,104,104,260596375,200,1.51567989999603,none
cnn,fold_3,bear,Return_1D,0.0204908618898435,0.8429752066115702,104,104,260596375,200,1.51567989999603,none
cnn,fold_3,bear,Return_3D,0.0299626734099578,0.743801652892562,104,104,260596375,200,1.51567989999603,none
cnn,fold_3,bear,Return_5D,0.0683295718005655,0.4628099173553719,104,104,260596375,200,1.51567989999603,none
cnn,fold_3,bear,Return_10D,0.0359167290766086,0.6859504132231405,104,104,260596375,200,1.51567989999603,none
cnn,fold_3,bear,Return_20D,0.1233656229720928,0.3223140495867768,104,104,260596375,200,1.51567989999603,none
cnn,fold_3,bear,Return_60D,0.3453493081597256,0.0082644628099173,104,104,260596375,200,1.51567989999603,none
cnn,fold_3,bear,SMA_5,0.1756698185505648,0.1818181818181818,104,104,260596375,200,1.51567989999603,none
cnn,fold_3,bear,SMA_10,0.3228802647545378,0.024793388429752,104,104,260596375,200,1.51567989999603,none
cnn,fold_3,bear,SMA_20,0.1594493042607837,0.2066115702479339,104,104,260596375,200,1.51567989999603,none
cnn,fold_3,bear,SMA_60,0.3153821523211473,0.0413223140495867,104,104,260596375,200,1.51567989999603,none
cnn,fold_3,bear,Close_to_SMA_5,0.0967024025077989,0.3801652892561983,104,104,260596375,200,1.51567989999603,none
cnn,fold_3,bear,Close_to_SMA_10,0.0447211820086816,0.6363636363636364,104,104,260596375,200,1.51567989999603,none
cnn,fold_3,bear,Close_to_SMA_20,0.1322168497288098,0.3057851239669421,104,104,260596375,200,1.51567989999603,none
cnn,fold_3,bear,Close_to_SMA_60,0.0359908011064633,0.6694214876033058,104,104,260596375,200,1.51567989999603,none
cnn,fold_3,bear,Volatility_5,0.1371902031400728,0.2892561983471074,104,104,260596375,200,1.51567989999603,none
cnn,fold_3,bear,Volatility_10,0.1385064215110271,0.2727272727272727,104,104,260596375,200,1.51567989999603,none
cnn,fold_3,bear,Volatility_20,0.0581452092927599,0.5206611570247934,104,104,260596375,200,1.51567989999603,none
cnn,fold_3,bear,Volatility_60,0.1580735190325483,0.2231404958677686,104,104,260596375,200,1.51567989999603,none
cnn,fold_3,bear,Momentum_5,0.0545896503055351,0.5619834710743802,104,104,260596375,200,1.51567989999603,none
cnn,fold_3,bear,Momentum_10,0.055368906239234,0.5537190082644629,104,104,260596375,200,1.51567989999603,none
cnn,fold_3,bear,Momentum_20,0.0819571694615262,0.4132231404958678,104,104,260596375,200,1.51567989999603,none
cnn,fold_3,bear,Momentum_60,0.0518615228325993,0.5785123966942148,104,104,260596375,200,1.51567989999603,none
cnn,fold_3,bear,ROC_5,0.1453270208393125,0.256198347107438,104,104,260596375,200,1.51567989999603,none
cnn,fold_3,bear,ROC_10,0.0556170968374632,0.5454545454545454,104,104,260596375,200,1.51567989999603,none
cnn,fold_3,bear,ROC_20,0.0455665964771001,0.628099173553719,104,104,260596375,200,1.51567989999603,none
cnn,fold_3,bear,ROC_60,0.1454178678142258,0.2479338842975206,104,104,260596375,200,1.51567989999603,none
cnn,fold_3,bear,Ratio_Close_D_to_W,0.0234541663793073,0.8099173553719008,104,104,260596375,200,1.51567989999603,none
cnn,fold_3,bear,Ratio_Close_D_to_M,0.0501265707816016,0.5950413223140496,104,104,260596375,200,1.51567989999603,none
cnn,fold_3,bear,Ratio_Volume_D_to_W,0.0102739082519414,0.9834710743801652,104,104,260596375,200,1.51567989999603,none
cnn,fold_3,bear,Spread_D,0.0166591017314178,0.9090909090909092,104,104,260596375,200,1.51567989999603,none
cnn,fold_3,bear,Body_D,0.0250445435482843,0.7851239669421488,104,104,260596375,200,1.51567989999603,none
cnn,fold_3,bear,Body_abs_D,0.0327048757245425,0.71900826446281,104,104,260596375,200,1.51567989999603,none
cnn,fold_3,bear,Upper_Shadow_D,0.0219761247676401,0.8347107438016529,104,104,260596375,200,1.51567989999603,none
cnn,fold_3,bear,Lower_Shadow_D,0.0080313911795066,0.9917355371900828,104,104,260596375,200,1.51567989999603,none
cnn,fold_3,bear,Body_to_Range_D,0.1540780208132323,0.2314049586776859,104,104,260596375,200,1.51567989999603,none
cnn,fold_3,bear,Close_Position_D,0.2112829875589551,0.1322314049586777,104,104,260596375,200,1.51567989999603,none
cnn,fold_3,bear,Spread_W,0.0350290483008891,0.7024793388429752,104,104,260596375,200,1.51567989999603,none
cnn,fold_3,bear,Body_W,0.0677463375432141,0.4710743801652892,104,104,260596375,200,1.51567989999603,none
cnn,fold_3,bear,Close_Position_W,0.0734123699099807,0.4297520661157025,104,104,260596375,200,1.51567989999603,none
cnn,fold_3,bear,Spread_M,0.0307437142283944,0.7355371900826446,104,104,260596375,200,1.51567989999603,none
cnn,fold_3,bear,Body_M,0.0527380247195625,0.5702479338842975,104,104,260596375,200,1.51567989999603,none
cnn,fold_3,bear,Close_Position_M,0.0722073236240038,0.4380165289256198,104,104,260596375,200,1.51567989999603,none
cnn,fold_3,bear,Volume_MA_5,0.0274119265798895,0.768595041322314,104,104,260596375,200,1.51567989999603,none
cnn,fold_3,bear,Volume_MA_20,0.0241961716738308,0.7933884297520661,104,104,260596375,200,1.51567989999603,none
cnn,fold_3,bear,Volume_Ratio_5,0.0126629899179315,0.9669421487603306,104,104,260596375,200,1.51567989999603,none
cnn,fold_3,bear,Volume_Ratio_20,0.0127471092871443,0.9586776859504132,104,104,260596375,200,1.51567989999603,none
cnn,fold_3,bear,Volume_Change_1D,0.0181750562011031,0.8677685950413223,104,104,260596375,200,1.51567989999603,none
cnn,fold_3,bear,Volume_Change_5D,0.0157641885625624,0.9338842975206612,104,104,260596375,200,1.51567989999603,none
cnn,fold_3,bear,Volume_Change_20D,0.0344477148082647,0.7107438016528925,104,104,260596375,200,1.51567989999603,none
cnn,fold_3,bear,Direction_lag1,0.1582937082360121,0.2148760330578512,104,104,260596375,200,1.51567989999603,none
cnn,fold_3,bear,Direction_lag2,0.3169928095741712,0.0330578512396694,104,104,260596375,200,1.51567989999603,none
cnn,fold_3,bear,Direction_lag3,0.1787848492657129,0.1652892561983471,104,104,260596375,200,1.51567989999603,none
cnn,fold_3,bear,Direction_lag5,0.2246825174757619,0.0991735537190082,104,104,260596375,200,1.51567989999603,none
cnn,fold_3,bear,Up_Ratio_5,0.0229649565663757,0.8181818181818182,104,104,260596375,200,1.51567989999603,none
cnn,fold_3,bear,Up_Ratio_10,0.1077757792887653,0.371900826446281,104,104,260596375,200,1.51567989999603,none
cnn,fold_3,bear,Up_Ratio_20,0.0165392062951628,0.9173553719008264,104,104,260596375,200,1.51567989999603,none
cnn,fold_3,bear,Down_Ratio_5,0.090028125789492,0.396694214876033,104,104,260596375,200,1.51567989999603,none
cnn,fold_3,bear,Down_Ratio_10,0.0172780656683112,0.8842975206611571,104,104,260596375,200,1.51567989999603,none
cnn,fold_3,bear,Down_Ratio_20,0.0223240211407458,0.8264462809917356,104,104,260596375,200,1.51567989999603,none
cnn,fold_3,bear,WMA_5,0.1678501706421509,0.1983471074380165,104,104,260596375,200,1.51567989999603,none
cnn,fold_3,bear,WMA_10,0.0858782890117394,0.4049586776859504,104,104,260596375,200,1.51567989999603,none
cnn,fold_3,bear,WMA_20,0.067111914185055,0.4793388429752066,104,104,260596375,200,1.51567989999603,none
cnn,fold_3,bear,WMA_60,0.3351331594418578,0.0165289256198347,104,104,260596375,200,1.51567989999603,none
cnn,fold_3,bear,StochK_14,0.1131645864114034,0.3388429752066115,104,104,260596375,200,1.51567989999603,none
cnn,fold_3,bear,StochD_3,0.2236293848846589,0.1157024793388429,104,104,260596375,200,1.51567989999603,none
cnn,fold_3,bear,RSI_14,0.0485285304414945,0.6033057851239669,104,104,260596375,200,1.51567989999603,none
cnn,fold_3,bear,MACD_12_26,0.2188325291413933,0.1239669421487603,104,104,260596375,200,1.51567989999603,none
cnn,fold_3,bear,MACD_Signal_9,0.0740889798098665,0.4214876033057851,104,104,260596375,200,1.51567989999603,none
cnn,fold_3,bear,MACD_Histogram,0.0483916571874383,0.6115702479338843,104,104,260596375,200,1.51567989999603,none
cnn,fold_3,bear,WilliamsR_14,0.1684358812025703,0.1900826446280991,104,104,260596375,200,1.51567989999603,none
cnn,fold_3,bear,CCI_20,0.0296390611615641,0.7520661157024794,104,104,260596375,200,1.51567989999603,none
cnn,fold_3,bear,ADX_14,0.1944185429114441,0.1487603305785124,104,104,260596375,200,1.51567989999603,none
cnn,fold_3,bear,PlusDI_14,0.0696363644564618,0.4545454545454545,104,104,260596375,200,1.51567989999603,none
cnn,fold_3,bear,MinusDI_14,0.064974074509948,0.4958677685950413,104,104,260596375,200,1.51567989999603,none
cnn,fold_3,bear,VMD_IMF_1,0.189238191181749,0.1570247933884297,104,104,260596375,200,1.51567989999603,none
cnn,fold_3,bear,VMD_IMF_2,0.1429399932057742,0.2644628099173554,104,104,260596375,200,1.51567989999603,none
cnn,fold_3,bear,VMD_IMF_3,0.0442677788710275,0.6446280991735537,104,104,260596375,200,1.51567989999603,none
cnn,fold_3,bear,VMD_IMF_4,0.0180801439820672,0.8760330578512396,104,104,260596375,200,1.51567989999603,none
cnn,fold_3,bear,VMD_Denoised_Close,0.2403541240044083,0.0909090909090909,104,104,260596375,200,1.51567989999603,none
cnn,fold_3,bear,VMD_Noise_Energy_Ratio,0.0559264741554871,0.5289256198347108,104,104,260596375,200,1.51567989999603,none
cnn,fold_3,bull,Open_D,0.1635728235423216,0.3471074380165289,58,58,1607060313,200,0.8407402000011643,none
cnn,fold_3,bull,High_D,0.0667536520070606,0.6528925619834711,58,58,1607060313,200,0.8407402000011643,none
cnn,fold_3,bull,Low_D,0.1663467987387211,0.3305785123966942,58,58,1607060313,200,0.8407402000011643,none
cnn,fold_3,bull,Close_D,5.1964080117803455,0.0,58,58,1607060313,200,0.8407402000011643,none
cnn,fold_3,bull,Volume_D,0.0919513968186446,0.6033057851239669,58,58,1607060313,200,0.8407402000011643,none
cnn,fold_3,bull,Change_pct_D,0.0206435111499841,0.950413223140496,58,58,1607060313,200,0.8407402000011643,none
cnn,fold_3,bull,Open_W,0.1533375880401481,0.396694214876033,58,58,1607060313,200,0.8407402000011643,none
cnn,fold_3,bull,High_W,0.0732640147165919,0.6446280991735537,58,58,1607060313,200,0.8407402000011643,none
cnn,fold_3,bull,Low_W,0.3064945714716832,0.0909090909090909,58,58,1607060313,200,0.8407402000011643,none
cnn,fold_3,bull,Close_W,0.2692619088716034,0.1239669421487603,58,58,1607060313,200,0.8407402000011643,none
cnn,fold_3,bull,Volume_W,0.1583262536823032,0.371900826446281,58,58,1607060313,200,0.8407402000011643,none
cnn,fold_3,bull,Change_pct_W,0.0529014031008234,0.7355371900826446,58,58,1607060313,200,0.8407402000011643,none
cnn,fold_3,bull,Open_M,0.0314579997627184,0.8429752066115702,58,58,1607060313,200,0.8407402000011643,none
cnn,fold_3,bull,High_M,0.161191716929722,0.3553719008264462,58,58,1607060313,200,0.8407402000011643,none
cnn,fold_3,bull,Low_M,0.1737700619152872,0.2892561983471074,58,58,1607060313,200,0.8407402000011643,none
cnn,fold_3,bull,Close_M,0.1038114888885094,0.5206611570247934,58,58,1607060313,200,0.8407402000011643,none
cnn,fold_3,bull,Volume_M,0.0564057958228157,0.7272727272727273,58,58,1607060313,200,0.8407402000011643,none
cnn,fold_3,bull,Change_pct_M,0.2787317368558182,0.1157024793388429,58,58,1607060313,200,0.8407402000011643,none
cnn,fold_3,bull,Close_D_lag1,0.3492519895613629,0.0743801652892562,58,58,1607060313,200,0.8407402000011643,none
cnn,fold_3,bull,Close_D_lag2,0.2528715582082754,0.1818181818181818,58,58,1607060313,200,0.8407402000011643,none
cnn,fold_3,bull,Close_D_lag3,0.383642105658635,0.0578512396694214,58,58,1607060313,200,0.8407402000011643,none
cnn,fold_3,bull,Close_D_lag5,0.2268679285036592,0.2066115702479339,58,58,1607060313,200,0.8407402000011643,none
cnn,fold_3,bull,Close_D_lag10,0.1097903305447759,0.4876033057851239,58,58,1607060313,200,0.8407402000011643,none
cnn,fold_3,bull,Close_D_lag20,0.1141449281855502,0.4628099173553719,58,58,1607060313,200,0.8407402000011643,none
cnn,fold_3,bull,Close_D_lag60,0.1161523317938378,0.4545454545454545,58,58,1607060313,200,0.8407402000011643,none
cnn,fold_3,bull,Change_pct_D_lag1,0.051595370710543,0.743801652892562,58,58,1607060313,200,0.8407402000011643,none
cnn,fold_3,bull,Change_pct_D_lag2,0.058785131611719,0.7107438016528925,58,58,1607060313,200,0.8407402000011643,none
cnn,fold_3,bull,Change_pct_D_lag3,0.0150718334213244,0.9834710743801652,58,58,1607060313,200,0.8407402000011643,none
cnn,fold_3,bull,Change_pct_D_lag5,0.0325298803327455,0.8347107438016529,58,58,1607060313,200,0.8407402000011643,none
cnn,fold_3,bull,Change_pct_D_lag10,0.0394265336418572,0.8099173553719008,58,58,1607060313,200,0.8407402000011643,none
cnn,fold_3,bull,Change_pct_D_lag20,0.0924027652978613,0.5867768595041323,58,58,1607060313,200,0.8407402000011643,none
cnn,fold_3,bull,Volume_D_lag1,0.0665483385031777,0.6611570247933884,58,58,1607060313,200,0.8407402000011643,none
cnn,fold_3,bull,Volume_D_lag2,0.0510973789641505,0.7520661157024794,58,58,1607060313,200,0.8407402000011643,none
cnn,fold_3,bull,Volume_D_lag3,0.0936686479504103,0.5619834710743802,58,58,1607060313,200,0.8407402000011643,none
cnn,fold_3,bull,Volume_D_lag5,0.0481950222053989,0.7603305785123967,58,58,1607060313,200,0.8407402000011643,none
cnn,fold_3,bull,Volume_D_lag10,0.023949000046728,0.9256198347107438,58,58,1607060313,200,0.8407402000011643,none
cnn,fold_3,bull,Volume_D_lag20,0.0465422418290347,0.768595041322314,58,58,1607060313,200,0.8407402000011643,none
cnn,fold_3,bull,Close_W_lag1,0.3547798219425925,0.0661157024793388,58,58,1607060313,200,0.8407402000011643,none
cnn,fold_3,bull,Close_W_lag2,0.3351906432530337,0.0826446280991735,58,58,1607060313,200,0.8407402000011643,none
cnn,fold_3,bull,Close_W_lag4,0.1834984753404883,0.2644628099173554,58,58,1607060313,200,0.8407402000011643,none
cnn,fold_3,bull,Close_M_lag1,0.2536026889531058,0.1735537190082644,58,58,1607060313,200,0.8407402000011643,none
cnn,fold_3,bull,Close_M_lag3,0.4908040129595661,0.0330578512396694,58,58,1607060313,200,0.8407402000011643,none
cnn,fold_3,bull,Return_1D,0.0192661542673447,0.9669421487603306,58,58,1607060313,200,0.8407402000011643,none
cnn,fold_3,bull,Return_3D,0.0308765489256059,0.8512396694214877,58,58,1607060313,200,0.8407402000011643,none
cnn,fold_3,bull,Return_5D,0.1038327332221374,0.512396694214876,58,58,1607060313,200,0.8407402000011643,none
cnn,fold_3,bull,Return_10D,0.0580687134307701,0.71900826446281,58,58,1607060313,200,0.8407402000011643,none
cnn,fold_3,bull,Return_20D,0.1736711966734439,0.2975206611570248,58,58,1607060313,200,0.8407402000011643,none
cnn,fold_3,bull,Return_60D,0.4154718164413178,0.0495867768595041,58,58,1607060313,200,0.8407402000011643,none
cnn,fold_3,bull,SMA_5,0.2608171012929515,0.140495867768595,58,58,1607060313,200,0.8407402000011643,none
cnn,fold_3,bull,SMA_10,0.4542234100337172,0.0413223140495867,58,58,1607060313,200,0.8407402000011643,none
cnn,fold_3,bull,SMA_20,0.2575397112638617,0.1487603305785124,58,58,1607060313,200,0.8407402000011643,none
cnn,fold_3,bull,SMA_60,0.4948544096741584,0.024793388429752,58,58,1607060313,200,0.8407402000011643,none
cnn,fold_3,bull,Close_to_SMA_5,0.1219606329038626,0.4380165289256198,58,58,1607060313,200,0.8407402000011643,none
cnn,fold_3,bull,Close_to_SMA_10,0.0643585049330309,0.6694214876033058,58,58,1607060313,200,0.8407402000011643,none
cnn,fold_3,bull,Close_to_SMA_20,0.2044934440392761,0.2231404958677686,58,58,1607060313,200,0.8407402000011643,none
cnn,fold_3,bull,Close_to_SMA_60,0.0462681168099842,0.7768595041322314,58,58,1607060313,200,0.8407402000011643,none
cnn,fold_3,bull,Volatility_5,0.1885273965065827,0.256198347107438,58,58,1607060313,200,0.8407402000011643,none
cnn,fold_3,bull,Volatility_10,0.2569887115243913,0.1570247933884297,58,58,1607060313,200,0.8407402000011643,none
cnn,fold_3,bull,Volatility_20,0.1383656885342268,0.4132231404958678,58,58,1607060313,200,0.8407402000011643,none
cnn,fold_3,bull,Volatility_60,0.6699141230328803,0.0082644628099173,58,58,1607060313,200,0.8407402000011643,none
cnn,fold_3,bull,Momentum_5,0.0750956117460254,0.628099173553719,58,58,1607060313,200,0.8407402000011643,none
cnn,fold_3,bull,Momentum_10,0.0941733494451345,0.5537190082644629,58,58,1607060313,200,0.8407402000011643,none
cnn,fold_3,bull,Momentum_20,0.0926692818750317,0.5785123966942148,58,58,1607060313,200,0.8407402000011643,none
cnn,fold_3,bull,Momentum_60,0.1242735169845939,0.4297520661157025,58,58,1607060313,200,0.8407402000011643,none
cnn,fold_3,bull,ROC_5,0.1962386878412056,0.2479338842975206,58,58,1607060313,200,0.8407402000011643,none
cnn,fold_3,bull,ROC_10,0.0932213335749362,0.5702479338842975,58,58,1607060313,200,0.8407402000011643,none
cnn,fold_3,bull,ROC_20,0.0967337765007313,0.5454545454545454,58,58,1607060313,200,0.8407402000011643,none
cnn,fold_3,bull,ROC_60,0.1677654421650067,0.3223140495867768,58,58,1607060313,200,0.8407402000011643,none
cnn,fold_3,bull,Ratio_Close_D_to_W,0.0388753361438799,0.8181818181818182,58,58,1607060313,200,0.8407402000011643,none
cnn,fold_3,bull,Ratio_Close_D_to_M,0.0993909824992881,0.5371900826446281,58,58,1607060313,200,0.8407402000011643,none
cnn,fold_3,bull,Ratio_Volume_D_to_W,0.0127946566359051,0.9917355371900828,58,58,1607060313,200,0.8407402000011643,none
cnn,fold_3,bull,Spread_D,0.02850616200444,0.8842975206611571,58,58,1607060313,200,0.8407402000011643,none
cnn,fold_3,bull,Body_D,0.0430047409861486,0.7851239669421488,58,58,1607060313,200,0.8407402000011643,none
cnn,fold_3,bull,Body_abs_D,0.0354347531031917,0.8264462809917356,58,58,1607060313,200,0.8407402000011643,none
cnn,fold_3,bull,Upper_Shadow_D,0.0308064268882256,0.859504132231405,58,58,1607060313,200,0.8407402000011643,none
cnn,fold_3,bull,Lower_Shadow_D,0.0075601781967018,1.0,58,58,1607060313,200,0.8407402000011643,none
cnn,fold_3,bull,Body_to_Range_D,0.1535094704054715,0.3884297520661157,58,58,1607060313,200,0.8407402000011643,none
cnn,fold_3,bull,Close_Position_D,0.181954610945336,0.2727272727272727,58,58,1607060313,200,0.8407402000011643,none
cnn,fold_3,bull,Spread_W,0.062725617237993,0.6859504132231405,58,58,1607060313,200,0.8407402000011643,none
cnn,fold_3,bull,Body_W,0.1111575950209679,0.4793388429752066,58,58,1607060313,200,0.8407402000011643,none
cnn,fold_3,bull,Close_Position_W,0.1139672311550133,0.4710743801652892,58,58,1607060313,200,0.8407402000011643,none
cnn,fold_3,bull,Spread_M,0.0632823497365938,0.6776859504132231,58,58,1607060313,200,0.8407402000011643,none
cnn,fold_3,bull,Body_M,0.168561346121727,0.3140495867768595,58,58,1607060313,200,0.8407402000011643,none
cnn,fold_3,bull,Close_Position_M,0.1059978052728371,0.5041322314049587,58,58,1607060313,200,0.8407402000011643,none
cnn,fold_3,bull,Volume_MA_5,0.141885821914158,0.4049586776859504,58,58,1607060313,200,0.8407402000011643,none
cnn,fold_3,bull,Volume_MA_20,0.0748383440702284,0.6363636363636364,58,58,1607060313,200,0.8407402000011643,none
cnn,fold_3,bull,Volume_Ratio_5,0.0196988599147375,0.9586776859504132,58,58,1607060313,200,0.8407402000011643,none
cnn,fold_3,bull,Volume_Ratio_20,0.0208670185245974,0.9421487603305784,58,58,1607060313,200,0.8407402000011643,none
cnn,fold_3,bull,Volume_Change_1D,0.0250324197670783,0.9173553719008264,58,58,1607060313,200,0.8407402000011643,none
cnn,fold_3,bull,Volume_Change_5D,0.0260018123957638,0.8925619834710744,58,58,1607060313,200,0.8407402000011643,none
cnn,fold_3,bull,Volume_Change_20D,0.0592324769574682,0.7024793388429752,58,58,1607060313,200,0.8407402000011643,none
cnn,fold_3,bull,Direction_lag1,0.1570944217250959,0.3801652892561983,58,58,1607060313,200,0.8407402000011643,none
cnn,fold_3,bull,Direction_lag2,0.2562779848239031,0.1652892561983471,58,58,1607060313,200,0.8407402000011643,none
cnn,fold_3,bull,Direction_lag3,0.1740748988675979,0.2809917355371901,58,58,1607060313,200,0.8407402000011643,none
cnn,fold_3,bull,Direction_lag5,0.2001530263578952,0.2314049586776859,58,58,1607060313,200,0.8407402000011643,none
cnn,fold_3,bull,Up_Ratio_5,0.0299413458988934,0.8677685950413223,58,58,1607060313,200,0.8407402000011643,none
cnn,fold_3,bull,Up_Ratio_10,0.1170340523202208,0.4462809917355372,58,58,1607060313,200,0.8407402000011643,none
cnn,fold_3,bull,Up_Ratio_20,0.0214197343370807,0.9338842975206612,58,58,1607060313,200,0.8407402000011643,none
cnn,fold_3,bull,Down_Ratio_5,0.0918964229362057,0.6115702479338843,58,58,1607060313,200,0.8407402000011643,none
cnn,fold_3,bull,Down_Ratio_10,0.017751595865274,0.975206611570248,58,58,1607060313,200,0.8407402000011643,none
cnn,fold_3,bull,Down_Ratio_20,0.0253118393734554,0.9008264462809916,58,58,1607060313,200,0.8407402000011643,none
cnn,fold_3,bull,WMA_5,0.1996459389559057,0.2396694214876033,58,58,1607060313,200,0.8407402000011643,none
cnn,fold_3,bull,WMA_10,0.1289761238152283,0.4214876033057851,58,58,1607060313,200,0.8407402000011643,none
cnn,fold_3,bull,WMA_20,0.1004668353223051,0.5289256198347108,58,58,1607060313,200,0.8407402000011643,none
cnn,fold_3,bull,WMA_60,0.5657583563235299,0.0165289256198347,58,58,1607060313,200,0.8407402000011643,none
cnn,fold_3,bull,StochK_14,0.0921572894679386,0.5950413223140496,58,58,1607060313,200,0.8407402000011643,none
cnn,fold_3,bull,StochD_3,0.2145676991836808,0.2148760330578512,58,58,1607060313,200,0.8407402000011643,none
cnn,fold_3,bull,RSI_14,0.0424848789073903,0.7933884297520661,58,58,1607060313,200,0.8407402000011643,none
cnn,fold_3,bull,MACD_12_26,0.2840011772555891,0.1074380165289256,58,58,1607060313,200,0.8407402000011643,none
cnn,fold_3,bull,MACD_Signal_9,0.0827709530305394,0.6198347107438017,58,58,1607060313,200,0.8407402000011643,none
cnn,fold_3,bull,MACD_Histogram,0.1077786647921788,0.4958677685950413,58,58,1607060313,200,0.8407402000011643,none
cnn,fold_3,bull,WilliamsR_14,0.1584682948878943,0.3636363636363636,58,58,1607060313,200,0.8407402000011643,none
cnn,fold_3,bull,CCI_20,0.0252519012837794,0.9090909090909092,58,58,1607060313,200,0.8407402000011643,none
cnn,fold_3,bull,ADX_14,0.2461501233604128,0.1900826446280991,58,58,1607060313,200,0.8407402000011643,none
cnn,fold_3,bull,PlusDI_14,0.0600112334202,0.6942148760330579,58,58,1607060313,200,0.8407402000011643,none
cnn,fold_3,bull,MinusDI_14,0.0409694171856338,0.8016528925619835,58,58,1607060313,200,0.8407402000011643,none
cnn,fold_3,bull,VMD_IMF_1,0.2671409128554183,0.1322314049586777,58,58,1607060313,200,0.8407402000011643,none
cnn,fold_3,bull,VMD_IMF_2,0.2338587160857806,0.1983471074380165,58,58,1607060313,200,0.8407402000011643,none
cnn,fold_3,bull,VMD_IMF_3,0.1711370999509732,0.3057851239669421,58,58,1607060313,200,0.8407402000011643,none
cnn,fold_3,bull,VMD_IMF_4,0.0296169355472321,0.8760330578512396,58,58,1607060313,200,0.8407402000011643,none
cnn,fold_3,bull,VMD_Denoised_Close,0.3008011340103684,0.0991735537190082,58,58,1607060313,200,0.8407402000011643,none
cnn,fold_3,bull,VMD_Noise_Energy_Ratio,0.1639114441343359,0.3388429752066115,58,58,1607060313,200,0.8407402000011643,none
cnn,fold_3,global,Open_D,0.1319326267284367,0.3388429752066115,242,128,520104778,200,1.8631801000010453,none
cnn,fold_3,global,High_D,0.054521580345758,0.6363636363636364,242,128,520104778,200,1.8631801000010453,none
cnn,fold_3,global,Low_D,0.141618531981814,0.3057851239669421,242,128,520104778,200,1.8631801000010453,none
cnn,fold_3,global,Close_D,6.726655645383881,0.0,242,128,520104778,200,1.8631801000010453,none
cnn,fold_3,global,Volume_D,0.0481087569155079,0.7024793388429752,242,128,520104778,200,1.8631801000010453,none
cnn,fold_3,global,Change_pct_D,0.0149759062828831,0.9669421487603306,242,128,520104778,200,1.8631801000010453,none
cnn,fold_3,global,Open_W,0.1114062199344545,0.3636363636363636,242,128,520104778,200,1.8631801000010453,none
cnn,fold_3,global,High_W,0.0533036869923193,0.6446280991735537,242,128,520104778,200,1.8631801000010453,none
cnn,fold_3,global,Low_W,0.2481009719593544,0.1074380165289256,242,128,520104778,200,1.8631801000010453,none
cnn,fold_3,global,Close_W,0.2133739071461605,0.140495867768595,242,128,520104778,200,1.8631801000010453,none
cnn,fold_3,global,Volume_W,0.1000501872748557,0.396694214876033,242,128,520104778,200,1.8631801000010453,none
cnn,fold_3,global,Change_pct_W,0.0554794629965798,0.6198347107438017,242,128,520104778,200,1.8631801000010453,none
cnn,fold_3,global,Open_M,0.0224623980325475,0.8925619834710744,242,128,520104778,200,1.8631801000010453,none
cnn,fold_3,global,High_M,0.1287510685286179,0.3471074380165289,242,128,520104778,200,1.8631801000010453,none
cnn,fold_3,global,Low_M,0.0907364891927187,0.4380165289256198,242,128,520104778,200,1.8631801000010453,none
cnn,fold_3,global,Close_M,0.0886106505428024,0.4628099173553719,242,128,520104778,200,1.8631801000010453,none
cnn,fold_3,global,Volume_M,0.0438908604730091,0.7272727272727273,242,128,520104778,200,1.8631801000010453,none
cnn,fold_3,global,Change_pct_M,0.1753207907405397,0.2148760330578512,242,128,520104778,200,1.8631801000010453,none
cnn,fold_3,global,Close_D_lag1,0.2965578338030994,0.0661157024793388,242,128,520104778,200,1.8631801000010453,none
cnn,fold_3,global,Close_D_lag2,0.1938151391281053,0.1818181818181818,242,128,520104778,200,1.8631801000010453,none
cnn,fold_3,global,Close_D_lag3,0.2919259389885155,0.0743801652892562,242,128,520104778,200,1.8631801000010453,none
cnn,fold_3,global,Close_D_lag5,0.1752503460709135,0.2231404958677686,242,128,520104778,200,1.8631801000010453,none
cnn,fold_3,global,Close_D_lag10,0.0696335701122393,0.5537190082644629,242,128,520104778,200,1.8631801000010453,none
cnn,fold_3,global,Close_D_lag20,0.0771013502870005,0.5041322314049587,242,128,520104778,200,1.8631801000010453,none
cnn,fold_3,global,Close_D_lag60,0.1267763479670748,0.3553719008264462,242,128,520104778,200,1.8631801000010453,none
cnn,fold_3,global,Change_pct_D_lag1,0.0481626368268937,0.6942148760330579,242,128,520104778,200,1.8631801000010453,none
cnn,fold_3,global,Change_pct_D_lag2,0.044328097904928,0.71900826446281,242,128,520104778,200,1.8631801000010453,none
cnn,fold_3,global,Change_pct_D_lag3,0.011891381913281,0.9917355371900828,242,128,520104778,200,1.8631801000010453,none
cnn,fold_3,global,Change_pct_D_lag5,0.0263426113556969,0.8264462809917356,242,128,520104778,200,1.8631801000010453,none
cnn,fold_3,global,Change_pct_D_lag10,0.0228333528962931,0.8760330578512396,242,128,520104778,200,1.8631801000010453,none
cnn,fold_3,global,Change_pct_D_lag20,0.0604371902881638,0.5950413223140496,242,128,520104778,200,1.8631801000010453,none
cnn,fold_3,global,Volume_D_lag1,0.0390872476995673,0.743801652892562,242,128,520104778,200,1.8631801000010453,none
cnn,fold_3,global,Volume_D_lag2,0.0315164337248685,0.8016528925619835,242,128,520104778,200,1.8631801000010453,none
cnn,fold_3,global,Volume_D_lag3,0.0601717761666122,0.6033057851239669,242,128,520104778,200,1.8631801000010453,none
cnn,fold_3,global,Volume_D_lag5,0.0316398761677808,0.7933884297520661,242,128,520104778,200,1.8631801000010453,none
cnn,fold_3,global,Volume_D_lag10,0.0150624699429038,0.9586776859504132,242,128,520104778,200,1.8631801000010453,none
cnn,fold_3,global,Volume_D_lag20,0.0356056309521766,0.768595041322314,242,128,520104778,200,1.8631801000010453,none
cnn,fold_3,global,Close_W_lag1,0.2754429696304214,0.0826446280991735,242,128,520104778,200,1.8631801000010453,none
cnn,fold_3,global,Close_W_lag2,0.2695188724433137,0.0909090909090909,242,128,520104778,200,1.8631801000010453,none
cnn,fold_3,global,Close_W_lag4,0.1347182378065326,0.3305785123966942,242,128,520104778,200,1.8631801000010453,none
cnn,fold_3,global,Close_M_lag1,0.1640823114604302,0.2479338842975206,242,128,520104778,200,1.8631801000010453,none
cnn,fold_3,global,Close_M_lag3,0.3574068783184884,0.0495867768595041,242,128,520104778,200,1.8631801000010453,none
cnn,fold_3,global,Return_1D,0.017459109178102,0.9338842975206612,242,128,520104778,200,1.8631801000010453,none
cnn,fold_3,global,Return_3D,0.0247238619540127,0.8347107438016529,242,128,520104778,200,1.8631801000010453,none
cnn,fold_3,global,Return_5D,0.0735583844083606,0.5371900826446281,242,128,520104778,200,1.8631801000010453,none
cnn,fold_3,global,Return_10D,0.0370361330625321,0.7603305785123967,242,128,520104778,200,1.8631801000010453,none
cnn,fold_3,global,Return_20D,0.135278050031787,0.3223140495867768,242,128,520104778,200,1.8631801000010453,none
cnn,fold_3,global,Return_60D,0.3823674644298648,0.0330578512396694,242,128,520104778,200,1.8631801000010453,none
cnn,fold_3,global,SMA_5,0.2058202662764415,0.1487603305785124,242,128,520104778,200,1.8631801000010453,none
cnn,fold_3,global,SMA_10,0.3629735871780212,0.0413223140495867,242,128,520104778,200,1.8631801000010453,none
cnn,fold_3,global,SMA_20,0.1936770660615195,0.1900826446280991,242,128,520104778,200,1.8631801000010453,none
cnn,fold_3,global,SMA_60,0.3956015869018188,0.024793388429752,242,128,520104778,200,1.8631801000010453,none
cnn,fold_3,global,Close_to_SMA_5,0.0970477065920215,0.4132231404958678,242,128,520104778,200,1.8631801000010453,none
cnn,fold_3,global,Close_to_SMA_10,0.0523220748804211,0.6694214876033058,242,128,520104778,200,1.8631801000010453,none
cnn,fold_3,global,Close_to_SMA_20,0.1390616188329964,0.3140495867768595,242,128,520104778,200,1.8631801000010453,none
cnn,fold_3,global,Close_to_SMA_60,0.0343735952949913,0.7768595041322314,242,128,520104778,200,1.8631801000010453,none
cnn,fold_3,global,Volatility_5,0.1459681130386613,0.2975206611570248,242,128,520104778,200,1.8631801000010453,none
cnn,fold_3,global,Volatility_10,0.1742537165056081,0.2314049586776859,242,128,520104778,200,1.8631801000010453,none
cnn,fold_3,global,Volatility_20,0.0898199527824598,0.4462809917355372,242,128,520104778,200,1.8631801000010453,none
cnn,fold_3,global,Volatility_60,0.4049930494690897,0.0165289256198347,242,128,520104778,200,1.8631801000010453,none
cnn,fold_3,global,Momentum_5,0.0530246228710153,0.6528925619834711,242,128,520104778,200,1.8631801000010453,none
cnn,fold_3,global,Momentum_10,0.0623048246348574,0.5867768595041323,242,128,520104778,200,1.8631801000010453,none
cnn,fold_3,global,Momentum_20,0.0741996939963499,0.5289256198347108,242,128,520104778,200,1.8631801000010453,none
cnn,fold_3,global,Momentum_60,0.0791959055692046,0.4876033057851239,242,128,520104778,200,1.8631801000010453,none
cnn,fold_3,global,ROC_5,0.1552019310446852,0.2727272727272727,242,128,520104778,200,1.8631801000010453,none
cnn,fold_3,global,ROC_10,0.0645616487473603,0.5785123966942148,242,128,520104778,200,1.8631801000010453,none
cnn,fold_3,global,ROC_20,0.0686069672578757,0.5702479338842975,242,128,520104778,200,1.8631801000010453,none
cnn,fold_3,global,ROC_60,0.1511084099220067,0.2809917355371901,242,128,520104778,200,1.8631801000010453,none
cnn,fold_3,global,Ratio_Close_D_to_W,0.0237503044262027,0.8512396694214877,242,128,520104778,200,1.8631801000010453,none
cnn,fold_3,global,Ratio_Close_D_to_M,0.0575283963843218,0.6115702479338843,242,128,520104778,200,1.8631801000010453,none
cnn,fold_3,global,Ratio_Volume_D_to_W,0.0123967424794518,0.9834710743801652,242,128,520104778,200,1.8631801000010453,none
cnn,fold_3,global,Spread_D,0.0210012228156771,0.9090909090909092,242,128,520104778,200,1.8631801000010453,none
cnn,fold_3,global,Body_D,0.0298537338094016,0.8099173553719008,242,128,520104778,200,1.8631801000010453,none
cnn,fold_3,global,Body_abs_D,0.0324903296171106,0.7851239669421488,242,128,520104778,200,1.8631801000010453,none
cnn,fold_3,global,Upper_Shadow_D,0.0234287501704491,0.859504132231405,242,128,520104778,200,1.8631801000010453,none
cnn,fold_3,global,Lower_Shadow_D,0.0072709484884328,1.0,242,128,520104778,200,1.8631801000010453,none
cnn,fold_3,global,Body_to_Range_D,0.1505504879544908,0.2892561983471074,242,128,520104778,200,1.8631801000010453,none
cnn,fold_3,global,Close_Position_D,0.2020475526171027,0.1652892561983471,242,128,520104778,200,1.8631801000010453,none
cnn,fold_3,global,Spread_W,0.0486195028557691,0.6859504132231405,242,128,520104778,200,1.8631801000010453,none
cnn,fold_3,global,Body_W,0.0776558273537851,0.4958677685950413,242,128,520104778,200,1.8631801000010453,none
cnn,fold_3,global,Close_Position_W,0.0861673798810628,0.4710743801652892,242,128,520104778,200,1.8631801000010453,none
cnn,fold_3,global,Spread_M,0.0406017232795494,0.7355371900826446,242,128,520104778,200,1.8631801000010453,none
cnn,fold_3,global,Body_M,0.10595395315786,0.371900826446281,242,128,520104778,200,1.8631801000010453,none
cnn,fold_3,global,Close_Position_M,0.0744380855570966,0.5206611570247934,242,128,520104778,200,1.8631801000010453,none
cnn,fold_3,global,Volume_MA_5,0.0765836766660472,0.512396694214876,242,128,520104778,200,1.8631801000010453,none
cnn,fold_3,global,Volume_MA_20,0.0517982190667734,0.6776859504132231,242,128,520104778,200,1.8631801000010453,none
cnn,fold_3,global,Volume_Ratio_5,0.0140420816771129,0.975206611570248,242,128,520104778,200,1.8631801000010453,none
cnn,fold_3,global,Volume_Ratio_20,0.0156759135378166,0.950413223140496,242,128,520104778,200,1.8631801000010453,none
cnn,fold_3,global,Volume_Change_1D,0.0226013557910937,0.8842975206611571,242,128,520104778,200,1.8631801000010453,none
cnn,fold_3,global,Volume_Change_5D,0.0205436120660717,0.9173553719008264,242,128,520104778,200,1.8631801000010453,none
cnn,fold_3,global,Volume_Change_20D,0.0449684214085495,0.7107438016528925,242,128,520104778,200,1.8631801000010453,none
cnn,fold_3,global,Direction_lag1,0.1615438114757864,0.256198347107438,242,128,520104778,200,1.8631801000010453,none
cnn,fold_3,global,Direction_lag2,0.3025960911713355,0.0578512396694214,242,128,520104778,200,1.8631801000010453,none
cnn,fold_3,global,Direction_lag3,0.1865939907997131,0.2066115702479339,242,128,520104778,200,1.8631801000010453,none
cnn,fold_3,global,Direction_lag5,0.2272185202344388,0.1157024793388429,242,128,520104778,200,1.8631801000010453,none
cnn,fold_3,global,Up_Ratio_5,0.0233494911640049,0.8677685950413223,242,128,520104778,200,1.8631801000010453,none
cnn,fold_3,global,Up_Ratio_10,0.1046847669743039,0.3801652892561983,242,128,520104778,200,1.8631801000010453,none
cnn,fold_3,global,Up_Ratio_20,0.0164609332261527,0.9421487603305784,242,128,520104778,200,1.8631801000010453,none
cnn,fold_3,global,Down_Ratio_5,0.0925212302314733,0.4214876033057851,242,128,520104778,200,1.8631801000010453,none
cnn,fold_3,global,Down_Ratio_10,0.0175824030280221,0.9256198347107438,242,128,520104778,200,1.8631801000010453,none
cnn,fold_3,global,Down_Ratio_20,0.0220123621655167,0.9008264462809916,242,128,520104778,200,1.8631801000010453,none
cnn,fold_3,global,WMA_5,0.1873683264168903,0.1983471074380165,242,128,520104778,200,1.8631801000010453,none
cnn,fold_3,global,WMA_10,0.0916742900919246,0.4297520661157025,242,128,520104778,200,1.8631801000010453,none
cnn,fold_3,global,WMA_20,0.0839897293117587,0.4793388429752066,242,128,520104778,200,1.8631801000010453,none
cnn,fold_3,global,WMA_60,0.4317426839789163,0.0082644628099173,242,128,520104778,200,1.8631801000010453,none
cnn,fold_3,global,StochK_14,0.1022796835181012,0.3884297520661157,242,128,520104778,200,1.8631801000010453,none
cnn,fold_3,global,StochD_3,0.203630302313411,0.1570247933884297,242,128,520104778,200,1.8631801000010453,none
cnn,fold_3,global,RSI_14,0.0382116707115044,0.7520661157024794,242,128,520104778,200,1.8631801000010453,none
cnn,fold_3,global,MACD_12_26,0.2151095063374454,0.1322314049586777,242,128,520104778,200,1.8631801000010453,none
cnn,fold_3,global,MACD_Signal_9,0.0692802342355079,0.5619834710743802,242,128,520104778,200,1.8631801000010453,none
cnn,fold_3,global,MACD_Histogram,0.0712037104079641,0.5454545454545454,242,128,520104778,200,1.8631801000010453,none
cnn,fold_3,global,WilliamsR_14,0.1567736425718919,0.2644628099173554,242,128,520104778,200,1.8631801000010453,none
cnn,fold_3,global,CCI_20,0.0264394924742981,0.8181818181818182,242,128,520104778,200,1.8631801000010453,none
cnn,fold_3,global,ADX_14,0.1959165595534386,0.1735537190082644,242,128,520104778,200,1.8631801000010453,none
cnn,fold_3,global,PlusDI_14,0.0553470329921704,0.628099173553719,242,128,520104778,200,1.8631801000010453,none
cnn,fold_3,global,MinusDI_14,0.0527315606575022,0.6611570247933884,242,128,520104778,200,1.8631801000010453,none
cnn,fold_3,global,VMD_IMF_1,0.2202305312212274,0.1239669421487603,242,128,520104778,200,1.8631801000010453,none
cnn,fold_3,global,VMD_IMF_2,0.1732396602465925,0.2396694214876033,242,128,520104778,200,1.8631801000010453,none
cnn,fold_3,global,VMD_IMF_3,0.0897121511767437,0.4545454545454545,242,128,520104778,200,1.8631801000010453,none
cnn,fold_3,global,VMD_IMF_4,0.0240509738456492,0.8429752066115702,242,128,520104778,200,1.8631801000010453,none
cnn,fold_3,global,VMD_Denoised_Close,0.2596835182956568,0.0991735537190082,242,128,520104778,200,1.8631801000010453,none
cnn,fold_3,global,VMD_Noise_Energy_Ratio,0.0971005435242378,0.4049586776859504,242,128,520104778,200,1.8631801000010453,none
cnn,fold_3,sideway,Open_D,0.1112351172374837,0.3636363636363636,80,80,1707699335,200,1.1495234000030905,none
cnn,fold_3,sideway,High_D,0.0453152967815913,0.6942148760330579,80,80,1707699335,200,1.1495234000030905,none
cnn,fold_3,sideway,Low_D,0.1257772287619263,0.3223140495867768,80,80,1707699335,200,1.1495234000030905,none
cnn,fold_3,sideway,Close_D,5.9120807312545365,0.0,80,80,1707699335,200,1.1495234000030905,none
cnn,fold_3,sideway,Volume_D,0.0536370991186822,0.628099173553719,80,80,1707699335,200,1.1495234000030905,none
cnn,fold_3,sideway,Change_pct_D,0.0123900310986377,0.975206611570248,80,80,1707699335,200,1.1495234000030905,none
cnn,fold_3,sideway,Open_W,0.1052010536029411,0.371900826446281,80,80,1707699335,200,1.1495234000030905,none
cnn,fold_3,sideway,High_W,0.0564552328390664,0.6033057851239669,80,80,1707699335,200,1.1495234000030905,none
cnn,fold_3,sideway,Low_W,0.234042784084595,0.1157024793388429,80,80,1707699335,200,1.1495234000030905,none
cnn,fold_3,sideway,Close_W,0.1893103743495157,0.1818181818181818,80,80,1707699335,200,1.1495234000030905,none
cnn,fold_3,sideway,Volume_W,0.1216378679109391,0.3553719008264462,80,80,1707699335,200,1.1495234000030905,none
cnn,fold_3,sideway,Change_pct_W,0.0416713442445825,0.71900826446281,80,80,1707699335,200,1.1495234000030905,none
cnn,fold_3,sideway,Open_M,0.0215408771135639,0.8677685950413223,80,80,1707699335,200,1.1495234000030905,none
cnn,fold_3,sideway,High_M,0.1259830941051404,0.3140495867768595,80,80,1707699335,200,1.1495234000030905,none
cnn,fold_3,sideway,Low_M,0.0969844302774049,0.4132231404958678,80,80,1707699335,200,1.1495234000030905,none
cnn,fold_3,sideway,Close_M,0.096929976579413,0.4214876033057851,80,80,1707699335,200,1.1495234000030905,none
cnn,fold_3,sideway,Volume_M,0.0583016134901078,0.5702479338842975,80,80,1707699335,200,1.1495234000030905,none
cnn,fold_3,sideway,Change_pct_M,0.18959190534777,0.1735537190082644,80,80,1707699335,200,1.1495234000030905,none
cnn,fold_3,sideway,Close_D_lag1,0.2788983876812563,0.0661157024793388,80,80,1707699335,200,1.1495234000030905,none
cnn,fold_3,sideway,Close_D_lag2,0.1695949720789212,0.2066115702479339,80,80,1707699335,200,1.1495234000030905,none
cnn,fold_3,sideway,Close_D_lag3,0.2564258377905935,0.0743801652892562,80,80,1707699335,200,1.1495234000030905,none
cnn,fold_3,sideway,Close_D_lag5,0.1671250904956832,0.2231404958677686,80,80,1707699335,200,1.1495234000030905,none
cnn,fold_3,sideway,Close_D_lag10,0.0527742195798418,0.6446280991735537,80,80,1707699335,200,1.1495234000030905,none
cnn,fold_3,sideway,Close_D_lag20,0.0754951980605255,0.512396694214876,80,80,1707699335,200,1.1495234000030905,none
cnn,fold_3,sideway,Close_D_lag60,0.1623771894709352,0.2396694214876033,80,80,1707699335,200,1.1495234000030905,none
cnn,fold_3,sideway,Change_pct_D_lag1,0.0459366994735671,0.6776859504132231,80,80,1707699335,200,1.1495234000030905,none
cnn,fold_3,sideway,Change_pct_D_lag2,0.0452762300880195,0.7024793388429752,80,80,1707699335,200,1.1495234000030905,none
cnn,fold_3,sideway,Change_pct_D_lag3,0.0103750754091907,0.9917355371900828,80,80,1707699335,200,1.1495234000030905,none
cnn,fold_3,sideway,Change_pct_D_lag5,0.0225080367916837,0.8512396694214877,80,80,1707699335,200,1.1495234000030905,none
cnn,fold_3,sideway,Change_pct_D_lag10,0.0198014009801769,0.8925619834710744,80,80,1707699335,200,1.1495234000030905,none
cnn,fold_3,sideway,Change_pct_D_lag20,0.0756989661027611,0.5041322314049587,80,80,1707699335,200,1.1495234000030905,none
cnn,fold_3,sideway,Volume_D_lag1,0.0393910206442535,0.7355371900826446,80,80,1707699335,200,1.1495234000030905,none
cnn,fold_3,sideway,Volume_D_lag2,0.03796236545194,0.743801652892562,80,80,1707699335,200,1.1495234000030905,none
cnn,fold_3,sideway,Volume_D_lag3,0.0685520444837061,0.5454545454545454,80,80,1707699335,200,1.1495234000030905,none
cnn,fold_3,sideway,Volume_D_lag5,0.0423582219201625,0.7107438016528925,80,80,1707699335,200,1.1495234000030905,none
cnn,fold_3,sideway,Volume_D_lag10,0.0175354332974363,0.9256198347107438,80,80,1707699335,200,1.1495234000030905,none
cnn,fold_3,sideway,Volume_D_lag20,0.053772994382848,0.6198347107438017,80,80,1707699335,200,1.1495234000030905,none
cnn,fold_3,sideway,Close_W_lag1,0.2556064367986982,0.0826446280991735,80,80,1707699335,200,1.1495234000030905,none
cnn,fold_3,sideway,Close_W_lag2,0.2472234056715387,0.1074380165289256,80,80,1707699335,200,1.1495234000030905,none
cnn,fold_3,sideway,Close_W_lag4,0.1248025965215492,0.3388429752066115,80,80,1707699335,200,1.1495234000030905,none
cnn,fold_3,sideway,Close_M_lag1,0.1424305792757149,0.2809917355371901,80,80,1707699335,200,1.1495234000030905,none
cnn,fold_3,sideway,Close_M_lag3,0.3467523358992184,0.0413223140495867,80,80,1707699335,200,1.1495234000030905,none
cnn,fold_3,sideway,Return_1D,0.013099526175835,0.9586776859504132,80,80,1707699335,200,1.1495234000030905,none
cnn,fold_3,sideway,Return_3D,0.0137510251013929,0.950413223140496,80,80,1707699335,200,1.1495234000030905,none
cnn,fold_3,sideway,Return_5D,0.0573684487181822,0.5950413223140496,80,80,1707699335,200,1.1495234000030905,none
cnn,fold_3,sideway,Return_10D,0.0262828940687495,0.8099173553719008,80,80,1707699335,200,1.1495234000030905,none
cnn,fold_3,sideway,Return_20D,0.1257137512266308,0.3305785123966942,80,80,1707699335,200,1.1495234000030905,none
cnn,fold_3,sideway,Return_60D,0.4173383392070354,0.0330578512396694,80,80,1707699335,200,1.1495234000030905,none
cnn,fold_3,sideway,SMA_5,0.2035102137294598,0.140495867768595,80,80,1707699335,200,1.1495234000030905,none
cnn,fold_3,sideway,SMA_10,0.3461321432050318,0.0495867768595041,80,80,1707699335,200,1.1495234000030905,none
cnn,fold_3,sideway,SMA_20,0.1902026635481161,0.1652892561983471,80,80,1707699335,200,1.1495234000030905,none
cnn,fold_3,sideway,SMA_60,0.4264171699040526,0.024793388429752,80,80,1707699335,200,1.1495234000030905,none
cnn,fold_3,sideway,Close_to_SMA_5,0.0791943474587469,0.4958677685950413,80,80,1707699335,200,1.1495234000030905,none
cnn,fold_3,sideway,Close_to_SMA_10,0.0576327403501659,0.5867768595041323,80,80,1707699335,200,1.1495234000030905,none
cnn,fold_3,sideway,Close_to_SMA_20,0.0997779738528811,0.396694214876033,80,80,1707699335,200,1.1495234000030905,none
cnn,fold_3,sideway,Close_to_SMA_60,0.0252833420127379,0.8264462809917356,80,80,1707699335,200,1.1495234000030905,none
cnn,fold_3,sideway,Volatility_5,0.1239325665100194,0.3471074380165289,80,80,1707699335,200,1.1495234000030905,none
cnn,fold_3,sideway,Volatility_10,0.1586966232323084,0.256198347107438,80,80,1707699335,200,1.1495234000030905,none
cnn,fold_3,sideway,Volatility_20,0.0998550488503195,0.3884297520661157,80,80,1707699335,200,1.1495234000030905,none
cnn,fold_3,sideway,Volatility_60,0.5329922335100128,0.0082644628099173,80,80,1707699335,200,1.1495234000030905,none
cnn,fold_3,sideway,Momentum_5,0.0352210041254329,0.7603305785123967,80,80,1707699335,200,1.1495234000030905,none
cnn,fold_3,sideway,Momentum_10,0.0488725889938064,0.6611570247933884,80,80,1707699335,200,1.1495234000030905,none
cnn,fold_3,sideway,Momentum_20,0.052397846109925,0.6528925619834711,80,80,1707699335,200,1.1495234000030905,none
cnn,fold_3,sideway,Momentum_60,0.0955406846863616,0.4380165289256198,80,80,1707699335,200,1.1495234000030905,none
cnn,fold_3,sideway,ROC_5,0.1368920344508114,0.2975206611570248,80,80,1707699335,200,1.1495234000030905,none
cnn,fold_3,sideway,ROC_10,0.0535695316414103,0.6363636363636364,80,80,1707699335,200,1.1495234000030905,none
cnn,fold_3,sideway,ROC_20,0.0851563319712454,0.4793388429752066,80,80,1707699335,200,1.1495234000030905,none
cnn,fold_3,sideway,ROC_60,0.1474427954706607,0.2644628099173554,80,80,1707699335,200,1.1495234000030905,none
cnn,fold_3,sideway,Ratio_Close_D_to_W,0.0157053025587194,0.9338842975206612,80,80,1707699335,200,1.1495234000030905,none
cnn,fold_3,sideway,Ratio_Close_D_to_M,0.039936200707898,0.7272727272727273,80,80,1707699335,200,1.1495234000030905,none
cnn,fold_3,sideway,Ratio_Volume_D_to_W,0.0148109170642396,0.9421487603305784,80,80,1707699335,200,1.1495234000030905,none
cnn,fold_3,sideway,Spread_D,0.0217482137465832,0.859504132231405,80,80,1707699335,200,1.1495234000030905,none
cnn,fold_3,sideway,Body_D,0.0271733321735925,0.7933884297520661,80,80,1707699335,200,1.1495234000030905,none
cnn,fold_3,sideway,Body_abs_D,0.0319397779401462,0.7768595041322314,80,80,1707699335,200,1.1495234000030905,none
cnn,fold_3,sideway,Upper_Shadow_D,0.0207108404133381,0.8760330578512396,80,80,1707699335,200,1.1495234000030905,none
cnn,fold_3,sideway,Lower_Shadow_D,0.0061741563842746,1.0,80,80,1707699335,200,1.1495234000030905,none
cnn,fold_3,sideway,Body_to_Range_D,0.1434681523951621,0.2727272727272727,80,80,1707699335,200,1.1495234000030905,none
cnn,fold_3,sideway,Close_Position_D,0.2032492752785219,0.1487603305785124,80,80,1707699335,200,1.1495234000030905,none
cnn,fold_3,sideway,Spread_W,0.0558899795008426,0.6115702479338843,80,80,1707699335,200,1.1495234000030905,none
cnn,fold_3,sideway,Body_W,0.0670443515993812,0.5537190082644629,80,80,1707699335,200,1.1495234000030905,none
cnn,fold_3,sideway,Close_Position_W,0.0843322615175111,0.4876033057851239,80,80,1707699335,200,1.1495234000030905,none
cnn,fold_3,sideway,Spread_M,0.037388835701397,0.7520661157024794,80,80,1707699335,200,1.1495234000030905,none
cnn,fold_3,sideway,Body_M,0.1336519367105393,0.3057851239669421,80,80,1707699335,200,1.1495234000030905,none
cnn,fold_3,sideway,Close_Position_M,0.0579551418994424,0.5785123966942148,80,80,1707699335,200,1.1495234000030905,none
cnn,fold_3,sideway,Volume_MA_5,0.0925612495966436,0.4462809917355372,80,80,1707699335,200,1.1495234000030905,none
cnn,fold_3,sideway,Volume_MA_20,0.0695527644814364,0.5371900826446281,80,80,1707699335,200,1.1495234000030905,none
cnn,fold_3,sideway,Volume_Ratio_5,0.0122601459833182,0.9834710743801652,80,80,1707699335,200,1.1495234000030905,none
cnn,fold_3,sideway,Volume_Ratio_20,0.0177520318596765,0.9173553719008264,80,80,1707699335,200,1.1495234000030905,none
cnn,fold_3,sideway,Volume_Change_1D,0.0265403058214678,0.8016528925619835,80,80,1707699335,200,1.1495234000030905,none
cnn,fold_3,sideway,Volume_Change_5D,0.0248649406699905,0.8347107438016529,80,80,1707699335,200,1.1495234000030905,none
cnn,fold_3,sideway,Volume_Change_20D,0.0485486827553558,0.6694214876033058,80,80,1707699335,200,1.1495234000030905,none
cnn,fold_3,sideway,Direction_lag1,0.1697067021611292,0.1983471074380165,80,80,1707699335,200,1.1495234000030905,none
cnn,fold_3,sideway,Direction_lag2,0.3165327454265207,0.0578512396694214,80,80,1707699335,200,1.1495234000030905,none
cnn,fold_3,sideway,Direction_lag3,0.2090080646223441,0.1322314049586777,80,80,1707699335,200,1.1495234000030905,none
cnn,fold_3,sideway,Direction_lag5,0.2538846037616531,0.0909090909090909,80,80,1707699335,200,1.1495234000030905,none
cnn,fold_3,sideway,Up_Ratio_5,0.0200030370913691,0.8842975206611571,80,80,1707699335,200,1.1495234000030905,none
cnn,fold_3,sideway,Up_Ratio_10,0.0909352552502991,0.4628099173553719,80,80,1707699335,200,1.1495234000030905,none
cnn,fold_3,sideway,Up_Ratio_20,0.0130988794491009,0.9669421487603306,80,80,1707699335,200,1.1495234000030905,none
cnn,fold_3,sideway,Down_Ratio_5,0.0974074548174758,0.4049586776859504,80,80,1707699335,200,1.1495234000030905,none
cnn,fold_3,sideway,Down_Ratio_10,0.0177898069556669,0.9090909090909092,80,80,1707699335,200,1.1495234000030905,none
cnn,fold_3,sideway,Down_Ratio_20,0.0190145955169782,0.9008264462809916,80,80,1707699335,200,1.1495234000030905,none
cnn,fold_3,sideway,WMA_5,0.1980046038888394,0.1570247933884297,80,80,1707699335,200,1.1495234000030905,none
cnn,fold_3,sideway,WMA_10,0.0733468982603471,0.5289256198347108,80,80,1707699335,200,1.1495234000030905,none
cnn,fold_3,sideway,WMA_20,0.0914384436786895,0.4545454545454545,80,80,1707699335,200,1.1495234000030905,none
cnn,fold_3,sideway,WMA_60,0.4554675466383924,0.0165289256198347,80,80,1707699335,200,1.1495234000030905,none
cnn,fold_3,sideway,StochK_14,0.0966176789690871,0.4297520661157025,80,80,1707699335,200,1.1495234000030905,none
cnn,fold_3,sideway,StochD_3,0.1680864202789098,0.2148760330578512,80,80,1707699335,200,1.1495234000030905,none
cnn,fold_3,sideway,RSI_14,0.0231055706678705,0.8429752066115702,80,80,1707699335,200,1.1495234000030905,none
cnn,fold_3,sideway,MACD_12_26,0.1600520316901327,0.2479338842975206,80,80,1707699335,200,1.1495234000030905,none
cnn,fold_3,sideway,MACD_Signal_9,0.0586660055432844,0.5619834710743802,80,80,1707699335,200,1.1495234000030905,none
cnn,fold_3,sideway,MACD_Histogram,0.0754028832105496,0.5206611570247934,80,80,1707699335,200,1.1495234000030905,none
cnn,fold_3,sideway,WilliamsR_14,0.1404249896273177,0.2892561983471074,80,80,1707699335,200,1.1495234000030905,none
cnn,fold_3,sideway,CCI_20,0.0254947847807488,0.8181818181818182,80,80,1707699335,200,1.1495234000030905,none
cnn,fold_3,sideway,ADX_14,0.1647719045683425,0.2314049586776859,80,80,1707699335,200,1.1495234000030905,none
cnn,fold_3,sideway,PlusDI_14,0.0339905561323439,0.768595041322314,80,80,1707699335,200,1.1495234000030905,none
cnn,fold_3,sideway,MinusDI_14,0.0458732689085815,0.6859504132231405,80,80,1707699335,200,1.1495234000030905,none
cnn,fold_3,sideway,VMD_IMF_1,0.2246185953746044,0.1239669421487603,80,80,1707699335,200,1.1495234000030905,none
cnn,fold_3,sideway,VMD_IMF_2,0.174694364681427,0.1900826446280991,80,80,1707699335,200,1.1495234000030905,none
cnn,fold_3,sideway,VMD_IMF_3,0.0883171509514541,0.4710743801652892,80,80,1707699335,200,1.1495234000030905,none
cnn,fold_3,sideway,VMD_IMF_4,0.0298956439017595,0.7851239669421488,80,80,1707699335,200,1.1495234000030905,none
cnn,fold_3,sideway,VMD_Denoised_Close,0.2528131900180597,0.0991735537190082,80,80,1707699335,200,1.1495234000030905,none
cnn,fold_3,sideway,VMD_Noise_Energy_Ratio,0.101868365333504,0.3801652892561983,80,80,1707699335,200,1.1495234000030905,none
lstm,fold_1,bear,Open_D,0.3677438587498051,0.4628099173553719,78,78,524752461,200,0.8771731000015279,none
lstm,fold_1,bear,High_D,0.6171932992129885,0.3223140495867768,78,78,524752461,200,0.8771731000015279,none
lstm,fold_1,bear,Low_D,0.9863635197663918,0.1818181818181818,78,78,524752461,200,0.8771731000015279,none
lstm,fold_1,bear,Close_D,26.95771400959064,0.0,78,78,524752461,200,0.8771731000015279,none
lstm,fold_1,bear,Volume_D,0.2019060285387707,0.6776859504132231,78,78,524752461,200,0.8771731000015279,none
lstm,fold_1,bear,Change_pct_D,0.1217506411954393,0.859504132231405,78,78,524752461,200,0.8771731000015279,none
lstm,fold_1,bear,Open_W,1.701402457173054,0.0495867768595041,78,78,524752461,200,0.8771731000015279,none
lstm,fold_1,bear,High_W,1.7097639594322596,0.0413223140495867,78,78,524752461,200,0.8771731000015279,none
lstm,fold_1,bear,Low_W,0.7320044337007671,0.256198347107438,78,78,524752461,200,0.8771731000015279,none
lstm,fold_1,bear,Close_W,0.6470884009049489,0.2892561983471074,78,78,524752461,200,0.8771731000015279,none
lstm,fold_1,bear,Volume_W,0.2346125725026165,0.628099173553719,78,78,524752461,200,0.8771731000015279,none
lstm,fold_1,bear,Change_pct_W,0.1938950485576732,0.7107438016528925,78,78,524752461,200,0.8771731000015279,none
lstm,fold_1,bear,Open_M,1.2326911059709695,0.1322314049586777,78,78,524752461,200,0.8771731000015279,none
lstm,fold_1,bear,High_M,2.401232189398545,0.0165289256198347,78,78,524752461,200,0.8771731000015279,none
lstm,fold_1,bear,Low_M,1.089042097903215,0.1570247933884297,78,78,524752461,200,0.8771731000015279,none
lstm,fold_1,bear,Close_M,1.0502328153222036,0.1735537190082644,78,78,524752461,200,0.8771731000015279,none
lstm,fold_1,bear,Volume_M,0.0818490873411251,0.9421487603305784,78,78,524752461,200,0.8771731000015279,none
lstm,fold_1,bear,Change_pct_M,0.2304713806650864,0.6363636363636364,78,78,524752461,200,0.8771731000015279,none
lstm,fold_1,bear,Close_D_lag1,2.861880853924996,0.0082644628099173,78,78,524752461,200,0.8771731000015279,none
lstm,fold_1,bear,Close_D_lag2,1.0880210802536636,0.1652892561983471,78,78,524752461,200,0.8771731000015279,none
lstm,fold_1,bear,Close_D_lag3,0.9760547922207758,0.1900826446280991,78,78,524752461,200,0.8771731000015279,none
lstm,fold_1,bear,Close_D_lag5,1.1390158340716974,0.1487603305785124,78,78,524752461,200,0.8771731000015279,none
lstm,fold_1,bear,Close_D_lag10,0.6363290870036834,0.3057851239669421,78,78,524752461,200,0.8771731000015279,none
lstm,fold_1,bear,Close_D_lag20,0.6841537156416915,0.2644628099173554,78,78,524752461,200,0.8771731000015279,none
lstm,fold_1,bear,Close_D_lag60,1.3481226001794522,0.1239669421487603,78,78,524752461,200,0.8771731000015279,none
lstm,fold_1,bear,Change_pct_D_lag1,0.072422681721293,0.9586776859504132,78,78,524752461,200,0.8771731000015279,none
lstm,fold_1,bear,Change_pct_D_lag2,0.186641270102924,0.7272727272727273,78,78,524752461,200,0.8771731000015279,none
lstm,fold_1,bear,Change_pct_D_lag3,0.1311869989348521,0.8264462809917356,78,78,524752461,200,0.8771731000015279,none
lstm,fold_1,bear,Change_pct_D_lag5,0.1740578605667299,0.7603305785123967,78,78,524752461,200,0.8771731000015279,none
lstm,fold_1,bear,Change_pct_D_lag10,0.1379933182423253,0.8099173553719008,78,78,524752461,200,0.8771731000015279,none
lstm,fold_1,bear,Change_pct_D_lag20,0.0898578787324741,0.9173553719008264,78,78,524752461,200,0.8771731000015279,none
lstm,fold_1,bear,Volume_D_lag1,0.2482403700435474,0.6033057851239669,78,78,524752461,200,0.8771731000015279,none
lstm,fold_1,bear,Volume_D_lag2,0.1484294855058975,0.8016528925619835,78,78,524752461,200,0.8771731000015279,none
lstm,fold_1,bear,Volume_D_lag3,0.2741319746709241,0.5371900826446281,78,78,524752461,200,0.8771731000015279,none
lstm,fold_1,bear,Volume_D_lag5,0.1947827201566468,0.7024793388429752,78,78,524752461,200,0.8771731000015279,none
lstm,fold_1,bear,Volume_D_lag10,0.0840563535122969,0.9256198347107438,78,78,524752461,200,0.8771731000015279,none
lstm,fold_1,bear,Volume_D_lag20,0.0346997185485529,0.975206611570248,78,78,524752461,200,0.8771731000015279,none
lstm,fold_1,bear,Close_W_lag1,1.7761475051824862,0.0330578512396694,78,78,524752461,200,0.8771731000015279,none
lstm,fold_1,bear,Close_W_lag2,1.3542768999934196,0.1157024793388429,78,78,524752461,200,0.8771731000015279,none
lstm,fold_1,bear,Close_W_lag4,1.3768551368261868,0.1074380165289256,78,78,524752461,200,0.8771731000015279,none
lstm,fold_1,bear,Close_M_lag1,1.6807476754565962,0.0661157024793388,78,78,524752461,200,0.8771731000015279,none
lstm,fold_1,bear,Close_M_lag3,0.6383729121814936,0.2975206611570248,78,78,524752461,200,0.8771731000015279,none
lstm,fold_1,bear,Return_1D,0.1862417788255231,0.7355371900826446,78,78,524752461,200,0.8771731000015279,none
lstm,fold_1,bear,Return_3D,0.1092578419846223,0.8760330578512396,78,78,524752461,200,0.8771731000015279,none
lstm,fold_1,bear,Return_5D,0.172359176361799,0.768595041322314,78,78,524752461,200,0.8771731000015279,none
lstm,fold_1,bear,Return_10D,0.1252332766001927,0.8429752066115702,78,78,524752461,200,0.8771731000015279,none
lstm,fold_1,bear,Return_20D,0.421882867885049,0.4132231404958678,78,78,524752461,200,0.8771731000015279,none
lstm,fold_1,bear,Return_60D,0.366549175301304,0.4710743801652892,78,78,524752461,200,0.8771731000015279,none
lstm,fold_1,bear,SMA_5,0.9342763170792472,0.1983471074380165,78,78,524752461,200,0.8771731000015279,none
lstm,fold_1,bear,SMA_10,0.2262640642970113,0.6528925619834711,78,78,524752461,200,0.8771731000015279,none
lstm,fold_1,bear,SMA_20,1.6240035752455393,0.0826446280991735,78,78,524752461,200,0.8771731000015279,none
lstm,fold_1,bear,SMA_60,1.5242491937600648,0.0909090909090909,78,78,524752461,200,0.8771731000015279,none
lstm,fold_1,bear,Close_to_SMA_5,0.2349480797356311,0.6198347107438017,78,78,524752461,200,0.8771731000015279,none
lstm,fold_1,bear,Close_to_SMA_10,0.4176842369607841,0.4214876033057851,78,78,524752461,200,0.8771731000015279,none
lstm,fold_1,bear,Close_to_SMA_20,0.1283827868577552,0.8347107438016529,78,78,524752461,200,0.8771731000015279,none
lstm,fold_1,bear,Close_to_SMA_60,0.257378419524787,0.5537190082644629,78,78,524752461,200,0.8771731000015279,none
lstm,fold_1,bear,Volatility_5,0.2415032735762137,0.6115702479338843,78,78,524752461,200,0.8771731000015279,none
lstm,fold_1,bear,Volatility_10,0.0994318810571432,0.9008264462809916,78,78,524752461,200,0.8771731000015279,none
lstm,fold_1,bear,Volatility_20,0.1614428110265483,0.7768595041322314,78,78,524752461,200,0.8771731000015279,none
lstm,fold_1,bear,Volatility_60,0.0485334834581664,0.9669421487603306,78,78,524752461,200,0.8771731000015279,none
lstm,fold_1,bear,Momentum_5,0.0801506858266806,0.950413223140496,78,78,524752461,200,0.8771731000015279,none
lstm,fold_1,bear,Momentum_10,0.0835918190086466,0.9338842975206612,78,78,524752461,200,0.8771731000015279,none
lstm,fold_1,bear,Momentum_20,0.4492367121223838,0.3636363636363636,78,78,524752461,200,0.8771731000015279,none
lstm,fold_1,bear,Momentum_60,0.8207548972243108,0.2231404958677686,78,78,524752461,200,0.8771731000015279,none
lstm,fold_1,bear,ROC_5,0.1571103695968094,0.7933884297520661,78,78,524752461,200,0.8771731000015279,none
lstm,fold_1,bear,ROC_10,0.3723154983047443,0.4545454545454545,78,78,524752461,200,0.8771731000015279,none
lstm,fold_1,bear,ROC_20,0.2512822810715685,0.5950413223140496,78,78,524752461,200,0.8771731000015279,none
lstm,fold_1,bear,ROC_60,0.2545835749333678,0.5785123966942148,78,78,524752461,200,0.8771731000015279,none
lstm,fold_1,bear,Ratio_Close_D_to_W,0.4323086395292567,0.3801652892561983,78,78,524752461,200,0.8771731000015279,none
lstm,fold_1,bear,Ratio_Close_D_to_M,0.1984908554903272,0.6942148760330579,78,78,524752461,200,0.8771731000015279,none
lstm,fold_1,bear,Ratio_Volume_D_to_W,0.1029408351180907,0.8925619834710744,78,78,524752461,200,0.8771731000015279,none
lstm,fold_1,bear,Spread_D,0.2178996871901377,0.6694214876033058,78,78,524752461,200,0.8771731000015279,none
lstm,fold_1,bear,Body_D,0.1048748075906097,0.8842975206611571,78,78,524752461,200,0.8771731000015279,none
lstm,fold_1,bear,Body_abs_D,0.500821147519925,0.3471074380165289,78,78,524752461,200,0.8771731000015279,none
lstm,fold_1,bear,Upper_Shadow_D,0.2546595803160483,0.5702479338842975,78,78,524752461,200,0.8771731000015279,none
lstm,fold_1,bear,Lower_Shadow_D,0.0291937489337448,1.0,78,78,524752461,200,0.8771731000015279,none
lstm,fold_1,bear,Body_to_Range_D,0.3066098774821372,0.5041322314049587,78,78,524752461,200,0.8771731000015279,none
lstm,fold_1,bear,Close_Position_D,0.2574875328055499,0.5454545454545454,78,78,524752461,200,0.8771731000015279,none
lstm,fold_1,bear,Spread_W,0.122123042665995,0.8512396694214877,78,78,524752461,200,0.8771731000015279,none
lstm,fold_1,bear,Body_W,0.1879241340151892,0.71900826446281,78,78,524752461,200,0.8771731000015279,none
lstm,fold_1,bear,Close_Position_W,0.4014718874856883,0.4297520661157025,78,78,524752461,200,0.8771731000015279,none
lstm,fold_1,bear,Spread_M,0.034547625671094,0.9834710743801652,78,78,524752461,200,0.8771731000015279,none
lstm,fold_1,bear,Body_M,0.7789782437448127,0.2396694214876033,78,78,524752461,200,0.8771731000015279,none
lstm,fold_1,bear,Close_Position_M,0.3620170927296082,0.4793388429752066,78,78,524752461,200,0.8771731000015279,none
lstm,fold_1,bear,Volume_MA_5,0.4240384034020817,0.4049586776859504,78,78,524752461,200,0.8771731000015279,none
lstm,fold_1,bear,Volume_MA_20,0.3165924782696096,0.4958677685950413,78,78,524752461,200,0.8771731000015279,none
lstm,fold_1,bear,Volume_Ratio_5,0.1839652856022719,0.743801652892562,78,78,524752461,200,0.8771731000015279,none
lstm,fold_1,bear,Volume_Ratio_20,0.1608744488766369,0.7851239669421488,78,78,524752461,200,0.8771731000015279,none
lstm,fold_1,bear,Volume_Change_1D,0.3052578528169901,0.512396694214876,78,78,524752461,200,0.8771731000015279,none
lstm,fold_1,bear,Volume_Change_5D,0.2182782141740459,0.6611570247933884,78,78,524752461,200,0.8771731000015279,none
lstm,fold_1,bear,Volume_Change_20D,0.0320606963277383,0.9917355371900828,78,78,524752461,200,0.8771731000015279,none
lstm,fold_1,bear,Direction_lag1,0.6835005353766087,0.2727272727272727,78,78,524752461,200,0.8771731000015279,none
lstm,fold_1,bear,Direction_lag2,1.1936426242192586,0.140495867768595,78,78,524752461,200,0.8771731000015279,none
lstm,fold_1,bear,Direction_lag3,0.355521969397803,0.4876033057851239,78,78,524752461,200,0.8771731000015279,none
lstm,fold_1,bear,Direction_lag5,0.4719460448039731,0.3553719008264462,78,78,524752461,200,0.8771731000015279,none
lstm,fold_1,bear,Up_Ratio_5,0.6502812434752018,0.2809917355371901,78,78,524752461,200,0.8771731000015279,none
lstm,fold_1,bear,Up_Ratio_10,0.2263934175459256,0.6446280991735537,78,78,524752461,200,0.8771731000015279,none
lstm,fold_1,bear,Up_Ratio_20,0.3864138459782109,0.4462809917355372,78,78,524752461,200,0.8771731000015279,none
lstm,fold_1,bear,Down_Ratio_5,0.7452092004996163,0.2479338842975206,78,78,524752461,200,0.8771731000015279,none
lstm,fold_1,bear,Down_Ratio_10,0.4003667671940862,0.4380165289256198,78,78,524752461,200,0.8771731000015279,none
lstm,fold_1,bear,Down_Ratio_20,0.176653854022231,0.7520661157024794,78,78,524752461,200,0.8771731000015279,none
lstm,fold_1,bear,WMA_5,1.9012147922152411,0.024793388429752,78,78,524752461,200,0.8771731000015279,none
lstm,fold_1,bear,WMA_10,1.4443114696178012,0.0991735537190082,78,78,524752461,200,0.8771731000015279,none
lstm,fold_1,bear,WMA_20,0.6228737512651162,0.3140495867768595,78,78,524752461,200,0.8771731000015279,none
lstm,fold_1,bear,WMA_60,1.6835042881659972,0.0578512396694214,78,78,524752461,200,0.8771731000015279,none
lstm,fold_1,bear,StochK_14,1.6728447850510395,0.0743801652892562,78,78,524752461,200,0.8771731000015279,none
lstm,fold_1,bear,StochD_3,0.5139016097777923,0.3388429752066115,78,78,524752461,200,0.8771731000015279,none
lstm,fold_1,bear,RSI_14,0.4396774390046724,0.371900826446281,78,78,524752461,200,0.8771731000015279,none
lstm,fold_1,bear,MACD_12_26,0.2554845810133534,0.5619834710743802,78,78,524752461,200,0.8771731000015279,none
lstm,fold_1,bear,MACD_Signal_9,0.4309505625253316,0.3884297520661157,78,78,524752461,200,0.8771731000015279,none
lstm,fold_1,bear,MACD_Histogram,0.1326134754798915,0.8181818181818182,78,78,524752461,200,0.8771731000015279,none
lstm,fold_1,bear,WilliamsR_14,0.7864834355399347,0.2314049586776859,78,78,524752461,200,0.8771731000015279,none
lstm,fold_1,bear,CCI_20,0.2751457152479232,0.5289256198347108,78,78,524752461,200,0.8771731000015279,none
lstm,fold_1,bear,ADX_14,0.0951195133097756,0.9090909090909092,78,78,524752461,200,0.8771731000015279,none
lstm,fold_1,bear,PlusDI_14,0.8601375334818537,0.2148760330578512,78,78,524752461,200,0.8771731000015279,none
lstm,fold_1,bear,MinusDI_14,0.4250416977942969,0.396694214876033,78,78,524752461,200,0.8771731000015279,none
lstm,fold_1,bear,VMD_IMF_1,0.5795368451343772,0.3305785123966942,78,78,524752461,200,0.8771731000015279,none
lstm,fold_1,bear,VMD_IMF_2,0.2933928440975321,0.5206611570247934,78,78,524752461,200,0.8771731000015279,none
lstm,fold_1,bear,VMD_IMF_3,0.1153463313015751,0.8677685950413223,78,78,524752461,200,0.8771731000015279,none
lstm,fold_1,bear,VMD_IMF_4,0.2007298739144924,0.6859504132231405,78,78,524752461,200,0.8771731000015279,none
lstm,fold_1,bear,VMD_Denoised_Close,0.9066943786669304,0.2066115702479339,78,78,524752461,200,0.8771731000015279,none
lstm,fold_1,bear,VMD_Noise_Energy_Ratio,0.2520617890387373,0.5867768595041323,78,78,524752461,200,0.8771731000015279,none
lstm,fold_1,bull,Open_D,0.5183441836834592,0.3388429752066115,72,72,1798820672,200,0.8045109999948181,none
lstm,fold_1,bull,High_D,0.9600044128019364,0.2148760330578512,72,72,1798820672,200,0.8045109999948181,none
lstm,fold_1,bull,Low_D,1.3072591000133091,0.1322314049586777,72,72,1798820672,200,0.8045109999948181,none
lstm,fold_1,bull,Close_D,41.42080735638738,0.0,72,72,1798820672,200,0.8045109999948181,none
lstm,fold_1,bull,Volume_D,0.2732057438199667,0.5702479338842975,72,72,1798820672,200,0.8045109999948181,none
lstm,fold_1,bull,Change_pct_D,0.0544958695049495,0.950413223140496,72,72,1798820672,200,0.8045109999948181,none
lstm,fold_1,bull,Open_W,1.546826851885352,0.0991735537190082,72,72,1798820672,200,0.8045109999948181,none
lstm,fold_1,bull,High_W,2.2360340585311254,0.0330578512396694,72,72,1798820672,200,0.8045109999948181,none
lstm,fold_1,bull,Low_W,0.900933380485771,0.2231404958677686,72,72,1798820672,200,0.8045109999948181,none
lstm,fold_1,bull,Close_W,0.7705727889099054,0.2314049586776859,72,72,1798820672,200,0.8045109999948181,none
lstm,fold_1,bull,Volume_W,0.2584684584878434,0.5950413223140496,72,72,1798820672,200,0.8045109999948181,none
lstm,fold_1,bull,Change_pct_W,0.1706042013047004,0.7272727272727273,72,72,1798820672,200,0.8045109999948181,none
lstm,fold_1,bull,Open_M,1.119317057563199,0.1652892561983471,72,72,1798820672,200,0.8045109999948181,none
lstm,fold_1,bull,High_M,2.173567932471633,0.0413223140495867,72,72,1798820672,200,0.8045109999948181,none
lstm,fold_1,bull,Low_M,0.9763398551692564,0.2066115702479339,72,72,1798820672,200,0.8045109999948181,none
lstm,fold_1,bull,Close_M,1.164911632979703,0.1487603305785124,72,72,1798820672,200,0.8045109999948181,none
lstm,fold_1,bull,Volume_M,0.1015957059236017,0.8760330578512396,72,72,1798820672,200,0.8045109999948181,none
lstm,fold_1,bull,Change_pct_M,0.1546102021189452,0.7520661157024794,72,72,1798820672,200,0.8045109999948181,none
lstm,fold_1,bull,Close_D_lag1,3.9754087799125246,0.0082644628099173,72,72,1798820672,200,0.8045109999948181,none
lstm,fold_1,bull,Close_D_lag2,1.418854075611388,0.1157024793388429,72,72,1798820672,200,0.8045109999948181,none
lstm,fold_1,bull,Close_D_lag3,1.0101853469179736,0.1900826446280991,72,72,1798820672,200,0.8045109999948181,none
lstm,fold_1,bull,Close_D_lag5,1.3238220185041427,0.1239669421487603,72,72,1798820672,200,0.8045109999948181,none
lstm,fold_1,bull,Close_D_lag10,0.7125734285761912,0.2396694214876033,72,72,1798820672,200,0.8045109999948181,none
lstm,fold_1,bull,Close_D_lag20,0.5314163310602049,0.3305785123966942,72,72,1798820672,200,0.8045109999948181,none
lstm,fold_1,bull,Close_D_lag60,1.163377707120445,0.1570247933884297,72,72,1798820672,200,0.8045109999948181,none
lstm,fold_1,bull,Change_pct_D_lag1,0.0485927773169654,0.9586776859504132,72,72,1798820672,200,0.8045109999948181,none
lstm,fold_1,bull,Change_pct_D_lag2,0.1303184686598153,0.8016528925619835,72,72,1798820672,200,0.8045109999948181,none
lstm,fold_1,bull,Change_pct_D_lag3,0.1078595846966285,0.8512396694214877,72,72,1798820672,200,0.8045109999948181,none
lstm,fold_1,bull,Change_pct_D_lag5,0.1322265349871183,0.7933884297520661,72,72,1798820672,200,0.8045109999948181,none
lstm,fold_1,bull,Change_pct_D_lag10,0.1325675848312635,0.7851239669421488,72,72,1798820672,200,0.8045109999948181,none
lstm,fold_1,bull,Change_pct_D_lag20,0.0909139866706229,0.9008264462809916,72,72,1798820672,200,0.8045109999948181,none
lstm,fold_1,bull,Volume_D_lag1,0.3531353901349777,0.4132231404958678,72,72,1798820672,200,0.8045109999948181,none
lstm,fold_1,bull,Volume_D_lag2,0.184898130094128,0.6942148760330579,72,72,1798820672,200,0.8045109999948181,none
lstm,fold_1,bull,Volume_D_lag3,0.3102465553509925,0.5041322314049587,72,72,1798820672,200,0.8045109999948181,none
lstm,fold_1,bull,Volume_D_lag5,0.23626233478426,0.6198347107438017,72,72,1798820672,200,0.8045109999948181,none
lstm,fold_1,bull,Volume_D_lag10,0.1089543352151041,0.8429752066115702,72,72,1798820672,200,0.8045109999948181,none
lstm,fold_1,bull,Volume_D_lag20,0.0277083729863079,1.0,72,72,1798820672,200,0.8045109999948181,none
lstm,fold_1,bull,Close_W_lag1,2.325338345931636,0.024793388429752,72,72,1798820672,200,0.8045109999948181,none
lstm,fold_1,bull,Close_W_lag2,1.5357798157052862,0.1074380165289256,72,72,1798820672,200,0.8045109999948181,none
lstm,fold_1,bull,Close_W_lag4,1.666142071000973,0.0826446280991735,72,72,1798820672,200,0.8045109999948181,none
lstm,fold_1,bull,Close_M_lag1,1.930386453279708,0.0578512396694214,72,72,1798820672,200,0.8045109999948181,none
lstm,fold_1,bull,Close_M_lag3,0.6198775094416407,0.2892561983471074,72,72,1798820672,200,0.8045109999948181,none
lstm,fold_1,bull,Return_1D,0.0829953852057567,0.9173553719008264,72,72,1798820672,200,0.8045109999948181,none
lstm,fold_1,bull,Return_3D,0.0967244372530128,0.8842975206611571,72,72,1798820672,200,0.8045109999948181,none
lstm,fold_1,bull,Return_5D,0.1209060198851148,0.8181818181818182,72,72,1798820672,200,0.8045109999948181,none
lstm,fold_1,bull,Return_10D,0.1137761244845528,0.8347107438016529,72,72,1798820672,200,0.8045109999948181,none
lstm,fold_1,bull,Return_20D,0.3526674154330168,0.4214876033057851,72,72,1798820672,200,0.8045109999948181,none
lstm,fold_1,bull,Return_60D,0.2863755391246943,0.5371900826446281,72,72,1798820672,200,0.8045109999948181,none
lstm,fold_1,bull,SMA_5,1.0976380171799165,0.1735537190082644,72,72,1798820672,200,0.8045109999948181,none
lstm,fold_1,bull,SMA_10,0.3217873918228886,0.4628099173553719,72,72,1798820672,200,0.8045109999948181,none
lstm,fold_1,bull,SMA_20,1.6749289865295092,0.0743801652892562,72,72,1798820672,200,0.8045109999948181,none
lstm,fold_1,bull,SMA_60,1.6252143603232172,0.0909090909090909,72,72,1798820672,200,0.8045109999948181,none
lstm,fold_1,bull,Close_to_SMA_5,0.1931289246196886,0.6694214876033058,72,72,1798820672,200,0.8045109999948181,none
lstm,fold_1,bull,Close_to_SMA_10,0.3180694369723723,0.4710743801652892,72,72,1798820672,200,0.8045109999948181,none
lstm,fold_1,bull,Close_to_SMA_20,0.087237912643468,0.9090909090909092,72,72,1798820672,200,0.8045109999948181,none
lstm,fold_1,bull,Close_to_SMA_60,0.1906195526319707,0.6776859504132231,72,72,1798820672,200,0.8045109999948181,none
lstm,fold_1,bull,Volatility_5,0.2121515871303725,0.6363636363636364,72,72,1798820672,200,0.8045109999948181,none
lstm,fold_1,bull,Volatility_10,0.0757380429956053,0.9338842975206612,72,72,1798820672,200,0.8045109999948181,none
lstm,fold_1,bull,Volatility_20,0.1885053784921082,0.6859504132231405,72,72,1798820672,200,0.8045109999948181,none
lstm,fold_1,bull,Volatility_60,0.102653766172706,0.8677685950413223,72,72,1798820672,200,0.8045109999948181,none
lstm,fold_1,bull,Momentum_5,0.042306547258704,0.975206611570248,72,72,1798820672,200,0.8045109999948181,none
lstm,fold_1,bull,Momentum_10,0.077790805106704,0.9256198347107438,72,72,1798820672,200,0.8045109999948181,none
lstm,fold_1,bull,Momentum_20,0.377713374805171,0.4049586776859504,72,72,1798820672,200,0.8045109999948181,none
lstm,fold_1,bull,Momentum_60,0.6760501683534433,0.256198347107438,72,72,1798820672,200,0.8045109999948181,none
lstm,fold_1,bull,ROC_5,0.1046218979809863,0.859504132231405,72,72,1798820672,200,0.8045109999948181,none
lstm,fold_1,bull,ROC_10,0.3424568171680827,0.4297520661157025,72,72,1798820672,200,0.8045109999948181,none
lstm,fold_1,bull,ROC_20,0.1750008589489476,0.71900826446281,72,72,1798820672,200,0.8045109999948181,none
lstm,fold_1,bull,ROC_60,0.2100416778172883,0.6528925619834711,72,72,1798820672,200,0.8045109999948181,none
lstm,fold_1,bull,Ratio_Close_D_to_W,0.313092261753142,0.4876033057851239,72,72,1798820672,200,0.8045109999948181,none
lstm,fold_1,bull,Ratio_Close_D_to_M,0.1517332861919486,0.7603305785123967,72,72,1798820672,200,0.8045109999948181,none
lstm,fold_1,bull,Ratio_Volume_D_to_W,0.1167136926057234,0.8264462809917356,72,72,1798820672,200,0.8045109999948181,none
lstm,fold_1,bull,Spread_D,0.1469674714579014,0.768595041322314,72,72,1798820672,200,0.8045109999948181,none
lstm,fold_1,bull,Body_D,0.0441856326723912,0.9669421487603306,72,72,1798820672,200,0.8045109999948181,none
lstm,fold_1,bull,Body_abs_D,0.3988534338067337,0.3884297520661157,72,72,1798820672,200,0.8045109999948181,none
lstm,fold_1,bull,Upper_Shadow_D,0.2857784762813632,0.5454545454545454,72,72,1798820672,200,0.8045109999948181,none
lstm,fold_1,bull,Lower_Shadow_D,0.0292282917176837,0.9917355371900828,72,72,1798820672,200,0.8045109999948181,none
lstm,fold_1,bull,Body_to_Range_D,0.3052354197800418,0.512396694214876,72,72,1798820672,200,0.8045109999948181,none
lstm,fold_1,bull,Close_Position_D,0.2901317003812033,0.5289256198347108,72,72,1798820672,200,0.8045109999948181,none
lstm,fold_1,bull,Spread_W,0.1759484702122992,0.7107438016528925,72,72,1798820672,200,0.8045109999948181,none
lstm,fold_1,bull,Body_W,0.1596568895639999,0.743801652892562,72,72,1798820672,200,0.8045109999948181,none
lstm,fold_1,bull,Close_Position_W,0.4017732974741698,0.3801652892561983,72,72,1798820672,200,0.8045109999948181,none
lstm,fold_1,bull,Spread_M,0.0556542968403341,0.9421487603305784,72,72,1798820672,200,0.8045109999948181,none
lstm,fold_1,bull,Body_M,0.6450474354153913,0.2727272727272727,72,72,1798820672,200,0.8045109999948181,none
lstm,fold_1,bull,Close_Position_M,0.2736656659599652,0.5619834710743802,72,72,1798820672,200,0.8045109999948181,none
lstm,fold_1,bull,Volume_MA_5,0.5104128059122786,0.3553719008264462,72,72,1798820672,200,0.8045109999948181,none
lstm,fold_1,bull,Volume_MA_20,0.3904941327873126,0.396694214876033,72,72,1798820672,200,0.8045109999948181,none
lstm,fold_1,bull,Volume_Ratio_5,0.1759904815815591,0.7024793388429752,72,72,1798820672,200,0.8045109999948181,none
lstm,fold_1,bull,Volume_Ratio_20,0.2393756345043786,0.6115702479338843,72,72,1798820672,200,0.8045109999948181,none
lstm,fold_1,bull,Volume_Change_1D,0.3357050926647692,0.4380165289256198,72,72,1798820672,200,0.8045109999948181,none
lstm,fold_1,bull,Volume_Change_5D,0.3286748236282922,0.4545454545454545,72,72,1798820672,200,0.8045109999948181,none
lstm,fold_1,bull,Volume_Change_20D,0.0350486365447308,0.9834710743801652,72,72,1798820672,200,0.8045109999948181,none
lstm,fold_1,bull,Direction_lag1,0.6172878272558996,0.2975206611570248,72,72,1798820672,200,0.8045109999948181,none
lstm,fold_1,bull,Direction_lag2,1.068061946415239,0.1818181818181818,72,72,1798820672,200,0.8045109999948181,none
lstm,fold_1,bull,Direction_lag3,0.2821556447073817,0.5537190082644629,72,72,1798820672,200,0.8045109999948181,none
lstm,fold_1,bull,Direction_lag5,0.4431568950504394,0.371900826446281,72,72,1798820672,200,0.8045109999948181,none
lstm,fold_1,bull,Up_Ratio_5,0.6060781199692025,0.3140495867768595,72,72,1798820672,200,0.8045109999948181,none
lstm,fold_1,bull,Up_Ratio_10,0.3118259749829626,0.4958677685950413,72,72,1798820672,200,0.8045109999948181,none
lstm,fold_1,bull,Up_Ratio_20,0.6802445194036408,0.2479338842975206,72,72,1798820672,200,0.8045109999948181,none
lstm,fold_1,bull,Down_Ratio_5,0.6401329809201697,0.2809917355371901,72,72,1798820672,200,0.8045109999948181,none
lstm,fold_1,bull,Down_Ratio_10,0.4497742704077003,0.3636363636363636,72,72,1798820672,200,0.8045109999948181,none
lstm,fold_1,bull,Down_Ratio_20,0.294632282978273,0.5206611570247934,72,72,1798820672,200,0.8045109999948181,none
lstm,fold_1,bull,WMA_5,2.369092645125541,0.0165289256198347,72,72,1798820672,200,0.8045109999948181,none
lstm,fold_1,bull,WMA_10,2.073979914209081,0.0495867768595041,72,72,1798820672,200,0.8045109999948181,none
lstm,fold_1,bull,WMA_20,0.6125500289309356,0.3057851239669421,72,72,1798820672,200,0.8045109999948181,none
lstm,fold_1,bull,WMA_60,1.7763406765129832,0.0661157024793388,72,72,1798820672,200,0.8045109999948181,none
lstm,fold_1,bull,StochK_14,1.0033283903290593,0.1983471074380165,72,72,1798820672,200,0.8045109999948181,none
lstm,fold_1,bull,StochD_3,0.3326270938690868,0.4462809917355372,72,72,1798820672,200,0.8045109999948181,none
lstm,fold_1,bull,RSI_14,0.2648868070383792,0.5867768595041323,72,72,1798820672,200,0.8045109999948181,none
lstm,fold_1,bull,MACD_12_26,0.1622878814240822,0.7355371900826446,72,72,1798820672,200,0.8045109999948181,none
lstm,fold_1,bull,MACD_Signal_9,0.3170869810834321,0.4793388429752066,72,72,1798820672,200,0.8045109999948181,none
lstm,fold_1,bull,MACD_Histogram,0.1226256486828594,0.8099173553719008,72,72,1798820672,200,0.8045109999948181,none
lstm,fold_1,bull,WilliamsR_14,0.5713014114872041,0.3223140495867768,72,72,1798820672,200,0.8045109999948181,none
lstm,fold_1,bull,CCI_20,0.2306862282061451,0.628099173553719,72,72,1798820672,200,0.8045109999948181,none
lstm,fold_1,bull,ADX_14,0.0962333818792507,0.8925619834710744,72,72,1798820672,200,0.8045109999948181,none
lstm,fold_1,bull,PlusDI_14,0.6598354958301772,0.2644628099173554,72,72,1798820672,200,0.8045109999948181,none
lstm,fold_1,bull,MinusDI_14,0.2520652857245901,0.6033057851239669,72,72,1798820672,200,0.8045109999948181,none
lstm,fold_1,bull,VMD_IMF_1,0.514044426230248,0.3471074380165289,72,72,1798820672,200,0.8045109999948181,none
lstm,fold_1,bull,VMD_IMF_2,0.2002501025254282,0.6611570247933884,72,72,1798820672,200,0.8045109999948181,none
lstm,fold_1,bull,VMD_IMF_3,0.1422132013724573,0.7768595041322314,72,72,1798820672,200,0.8045109999948181,none
lstm,fold_1,bull,VMD_IMF_4,0.2115209406569344,0.6446280991735537,72,72,1798820672,200,0.8045109999948181,none
lstm,fold_1,bull,VMD_Denoised_Close,1.302510074995613,0.140495867768595,72,72,1798820672,200,0.8045109999948181,none
lstm,fold_1,bull,VMD_Noise_Energy_Ratio,0.2667676569357152,0.5785123966942148,72,72,1798820672,200,0.8045109999948181,none
lstm,fold_1,global,Open_D,0.4485579762356565,0.3553719008264462,244,128,26559019,200,2.0058411000063643,none
lstm,fold_1,global,High_D,0.8127496305512978,0.2231404958677686,244,128,26559019,200,2.0058411000063643,none
lstm,fold_1,global,Low_D,1.1511170795653016,0.1652892561983471,244,128,26559019,200,2.0058411000063643,none
lstm,fold_1,global,Close_D,35.094442925369364,0.0,244,128,26559019,200,2.0058411000063643,none
lstm,fold_1,global,Volume_D,0.2045231277829259,0.628099173553719,244,128,26559019,200,2.0058411000063643,none
lstm,fold_1,global,Change_pct_D,0.0820115077370473,0.9173553719008264,244,128,26559019,200,2.0058411000063643,none
lstm,fold_1,global,Open_W,1.6629396413132782,0.0826446280991735,244,128,26559019,200,2.0058411000063643,none
lstm,fold_1,global,High_W,2.0131459346041085,0.0413223140495867,244,128,26559019,200,2.0058411000063643,none
lstm,fold_1,global,Low_W,0.843010769796274,0.2148760330578512,244,128,26559019,200,2.0058411000063643,none
lstm,fold_1,global,Close_W,0.7364243102842011,0.2314049586776859,244,128,26559019,200,2.0058411000063643,none
lstm,fold_1,global,Volume_W,0.2156874590613341,0.6115702479338843,244,128,26559019,200,2.0058411000063643,none
lstm,fold_1,global,Change_pct_W,0.1838115920319978,0.6694214876033058,244,128,26559019,200,2.0058411000063643,none
lstm,fold_1,global,Open_M,1.193318948103115,0.1487603305785124,244,128,26559019,200,2.0058411000063643,none
lstm,fold_1,global,High_M,2.346422858489677,0.0165289256198347,244,128,26559019,200,2.0058411000063643,none
lstm,fold_1,global,Low_M,1.0643958204891533,0.1983471074380165,244,128,26559019,200,2.0058411000063643,none
lstm,fold_1,global,Close_M,1.176256215322064,0.1570247933884297,244,128,26559019,200,2.0058411000063643,none
lstm,fold_1,global,Volume_M,0.0882999261580607,0.9008264462809916,244,128,26559019,200,2.0058411000063643,none
lstm,fold_1,global,Change_pct_M,0.1737215214891307,0.6942148760330579,244,128,26559019,200,2.0058411000063643,none
lstm,fold_1,global,Close_D_lag1,3.48317656815052,0.0082644628099173,244,128,26559019,200,2.0058411000063643,none
lstm,fold_1,global,Close_D_lag2,1.3152091766313787,0.1157024793388429,244,128,26559019,200,2.0058411000063643,none
lstm,fold_1,global,Close_D_lag3,1.0152651948854328,0.2066115702479339,244,128,26559019,200,2.0058411000063643,none
lstm,fold_1,global,Close_D_lag5,1.2796955527272076,0.1239669421487603,244,128,26559019,200,2.0058411000063643,none
lstm,fold_1,global,Close_D_lag10,0.6831500098807737,0.2396694214876033,244,128,26559019,200,2.0058411000063643,none
lstm,fold_1,global,Close_D_lag20,0.5907533482601138,0.3223140495867768,244,128,26559019,200,2.0058411000063643,none
lstm,fold_1,global,Close_D_lag60,1.2768302188720555,0.1322314049586777,244,128,26559019,200,2.0058411000063643,none
lstm,fold_1,global,Change_pct_D_lag1,0.0572450083073221,0.9586776859504132,244,128,26559019,200,2.0058411000063643,none
lstm,fold_1,global,Change_pct_D_lag2,0.1703783574318045,0.7024793388429752,244,128,26559019,200,2.0058411000063643,none
lstm,fold_1,global,Change_pct_D_lag3,0.1093556793385914,0.8429752066115702,244,128,26559019,200,2.0058411000063643,none
lstm,fold_1,global,Change_pct_D_lag5,0.1537571393222833,0.7603305785123967,244,128,26559019,200,2.0058411000063643,none
lstm,fold_1,global,Change_pct_D_lag10,0.1280252693029524,0.8016528925619835,244,128,26559019,200,2.0058411000063643,none
lstm,fold_1,global,Change_pct_D_lag20,0.0943244325212276,0.8842975206611571,244,128,26559019,200,2.0058411000063643,none
lstm,fold_1,global,Volume_D_lag1,0.2815430599347593,0.5041322314049587,244,128,26559019,200,2.0058411000063643,none
lstm,fold_1,global,Volume_D_lag2,0.1445123828827945,0.7851239669421488,244,128,26559019,200,2.0058411000063643,none
lstm,fold_1,global,Volume_D_lag3,0.2719487729098546,0.5454545454545454,244,128,26559019,200,2.0058411000063643,none
lstm,fold_1,global,Volume_D_lag5,0.2083989232191925,0.6198347107438017,244,128,26559019,200,2.0058411000063643,none
lstm,fold_1,global,Volume_D_lag10,0.0959640430378499,0.8760330578512396,244,128,26559019,200,2.0058411000063643,none
lstm,fold_1,global,Volume_D_lag20,0.03308280510211,0.9834710743801652,244,128,26559019,200,2.0058411000063643,none
lstm,fold_1,global,Close_W_lag1,2.10389957530424,0.0330578512396694,244,128,26559019,200,2.0058411000063643,none
lstm,fold_1,global,Close_W_lag2,1.47372814132832,0.1074380165289256,244,128,26559019,200,2.0058411000063643,none
lstm,fold_1,global,Close_W_lag4,1.5686650363686852,0.0909090909090909,244,128,26559019,200,2.0058411000063643,none
lstm,fold_1,global,Close_M_lag1,1.869831542288739,0.0495867768595041,244,128,26559019,200,2.0058411000063643,none
lstm,fold_1,global,Close_M_lag3,0.6562421195209026,0.2644628099173554,244,128,26559019,200,2.0058411000063643,none
lstm,fold_1,global,Return_1D,0.129994211460189,0.7933884297520661,244,128,26559019,200,2.0058411000063643,none
lstm,fold_1,global,Return_3D,0.0968017907160373,0.8677685950413223,244,128,26559019,200,2.0058411000063643,none
lstm,fold_1,global,Return_5D,0.126010198218205,0.8099173553719008,244,128,26559019,200,2.0058411000063643,none
lstm,fold_1,global,Return_10D,0.1006933428557658,0.859504132231405,244,128,26559019,200,2.0058411000063643,none
lstm,fold_1,global,Return_20D,0.3115022063515426,0.4545454545454545,244,128,26559019,200,2.0058411000063643,none
lstm,fold_1,global,Return_60D,0.265990901928285,0.5619834710743802,244,128,26559019,200,2.0058411000063643,none
lstm,fold_1,global,SMA_5,1.0783965042439037,0.1900826446280991,244,128,26559019,200,2.0058411000063643,none
lstm,fold_1,global,SMA_10,0.2788487465205435,0.512396694214876,244,128,26559019,200,2.0058411000063643,none
lstm,fold_1,global,SMA_20,1.6893188113812356,0.0743801652892562,244,128,26559019,200,2.0058411000063643,none
lstm,fold_1,global,SMA_60,1.5598033236339688,0.0991735537190082,244,128,26559019,200,2.0058411000063643,none
lstm,fold_1,global,Close_to_SMA_5,0.2034818984404637,0.6363636363636364,244,128,26559019,200,2.0058411000063643,none
lstm,fold_1,global,Close_to_SMA_10,0.3154557321779521,0.4297520661157025,244,128,26559019,200,2.0058411000063643,none
lstm,fold_1,global,Close_to_SMA_20,0.0876534676121536,0.9090909090909092,244,128,26559019,200,2.0058411000063643,none
lstm,fold_1,global,Close_to_SMA_60,0.1810551794016646,0.6776859504132231,244,128,26559019,200,2.0058411000063643,none
lstm,fold_1,global,Volatility_5,0.2406992414722722,0.5867768595041323,244,128,26559019,200,2.0058411000063643,none
lstm,fold_1,global,Volatility_10,0.0889272136651015,0.8925619834710744,244,128,26559019,200,2.0058411000063643,none
lstm,fold_1,global,Volatility_20,0.1692883596859815,0.7355371900826446,244,128,26559019,200,2.0058411000063643,none
lstm,fold_1,global,Volatility_60,0.0741976619000183,0.9338842975206612,244,128,26559019,200,2.0058411000063643,none
lstm,fold_1,global,Momentum_5,0.0545790317193336,0.9669421487603306,244,128,26559019,200,2.0058411000063643,none
lstm,fold_1,global,Momentum_10,0.0668722599535399,0.950413223140496,244,128,26559019,200,2.0058411000063643,none
lstm,fold_1,global,Momentum_20,0.3306436276605382,0.4214876033057851,244,128,26559019,200,2.0058411000063643,none
lstm,fold_1,global,Momentum_60,0.5979197640688654,0.3057851239669421,244,128,26559019,200,2.0058411000063643,none
lstm,fold_1,global,ROC_5,0.1155164997599968,0.8264462809917356,244,128,26559019,200,2.0058411000063643,none
lstm,fold_1,global,ROC_10,0.3029631822451847,0.4710743801652892,244,128,26559019,200,2.0058411000063643,none
lstm,fold_1,global,ROC_20,0.1679422931651515,0.743801652892562,244,128,26559019,200,2.0058411000063643,none
lstm,fold_1,global,ROC_60,0.1869419936869235,0.6611570247933884,244,128,26559019,200,2.0058411000063643,none
lstm,fold_1,global,Ratio_Close_D_to_W,0.3454299500230263,0.4049586776859504,244,128,26559019,200,2.0058411000063643,none
lstm,fold_1,global,Ratio_Close_D_to_M,0.1473777770547144,0.7768595041322314,244,128,26559019,200,2.0058411000063643,none
lstm,fold_1,global,Ratio_Volume_D_to_W,0.1052845766611504,0.8512396694214877,244,128,26559019,200,2.0058411000063643,none
lstm,fold_1,global,Spread_D,0.1702914803936529,0.7107438016528925,244,128,26559019,200,2.0058411000063643,none
lstm,fold_1,global,Body_D,0.069017336880961,0.9421487603305784,244,128,26559019,200,2.0058411000063643,none
lstm,fold_1,global,Body_abs_D,0.4252724546293393,0.3636363636363636,244,128,26559019,200,2.0058411000063643,none
lstm,fold_1,global,Upper_Shadow_D,0.2677731597946774,0.5537190082644629,244,128,26559019,200,2.0058411000063643,none
lstm,fold_1,global,Lower_Shadow_D,0.0292198628438967,1.0,244,128,26559019,200,2.0058411000063643,none
lstm,fold_1,global,Body_to_Range_D,0.3041368858646819,0.4628099173553719,244,128,26559019,200,2.0058411000063643,none
lstm,fold_1,global,Close_Position_D,0.2777658289104124,0.5206611570247934,244,128,26559019,200,2.0058411000063643,none
lstm,fold_1,global,Spread_W,0.1485716766426776,0.768595041322314,244,128,26559019,200,2.0058411000063643,none
lstm,fold_1,global,Body_W,0.1699833984630913,0.71900826446281,244,128,26559019,200,2.0058411000063643,none
lstm,fold_1,global,Close_Position_W,0.3862633851701957,0.3884297520661157,244,128,26559019,200,2.0058411000063643,none
lstm,fold_1,global,Spread_M,0.0444081647634334,0.975206611570248,244,128,26559019,200,2.0058411000063643,none
lstm,fold_1,global,Body_M,0.6581156593601918,0.256198347107438,244,128,26559019,200,2.0058411000063643,none
lstm,fold_1,global,Close_Position_M,0.2934928195397333,0.4958677685950413,244,128,26559019,200,2.0058411000063643,none
lstm,fold_1,global,Volume_MA_5,0.4058789400174646,0.371900826446281,244,128,26559019,200,2.0058411000063643,none
lstm,fold_1,global,Volume_MA_20,0.3433069894688742,0.4132231404958678,244,128,26559019,200,2.0058411000063643,none
lstm,fold_1,global,Volume_Ratio_5,0.1666419565264959,0.7520661157024794,244,128,26559019,200,2.0058411000063643,none
lstm,fold_1,global,Volume_Ratio_20,0.1793819173364227,0.6859504132231405,244,128,26559019,200,2.0058411000063643,none
lstm,fold_1,global,Volume_Change_1D,0.2991696304188735,0.4793388429752066,244,128,26559019,200,2.0058411000063643,none
lstm,fold_1,global,Volume_Change_5D,0.2557644292267014,0.5702479338842975,244,128,26559019,200,2.0058411000063643,none
lstm,fold_1,global,Volume_Change_20D,0.0323534931224884,0.9917355371900828,244,128,26559019,200,2.0058411000063643,none
lstm,fold_1,global,Direction_lag1,0.6526939431832119,0.2727272727272727,244,128,26559019,200,2.0058411000063643,none
lstm,fold_1,global,Direction_lag2,1.1166750198230146,0.1818181818181818,244,128,26559019,200,2.0058411000063643,none
lstm,fold_1,global,Direction_lag3,0.3133966875535406,0.4380165289256198,244,128,26559019,200,2.0058411000063643,none
lstm,fold_1,global,Direction_lag5,0.4723083424394076,0.3471074380165289,244,128,26559019,200,2.0058411000063643,none
lstm,fold_1,global,Up_Ratio_5,0.616558195068501,0.2975206611570248,244,128,26559019,200,2.0058411000063643,none
lstm,fold_1,global,Up_Ratio_10,0.2512920177306114,0.5785123966942148,244,128,26559019,200,2.0058411000063643,none
lstm,fold_1,global,Up_Ratio_20,0.5094605548455661,0.3388429752066115,244,128,26559019,200,2.0058411000063643,none
lstm,fold_1,global,Down_Ratio_5,0.6609727152752385,0.2479338842975206,244,128,26559019,200,2.0058411000063643,none
lstm,fold_1,global,Down_Ratio_10,0.3992591454468083,0.3801652892561983,244,128,26559019,200,2.0058411000063643,none
lstm,fold_1,global,Down_Ratio_20,0.2250823735613039,0.5950413223140496,244,128,26559019,200,2.0058411000063643,none
lstm,fold_1,global,WMA_5,2.253064328814787,0.024793388429752,244,128,26559019,200,2.0058411000063643,none
lstm,fold_1,global,WMA_10,1.818229379260447,0.0578512396694214,244,128,26559019,200,2.0058411000063643,none
lstm,fold_1,global,WMA_20,0.6361561226774939,0.2809917355371901,244,128,26559019,200,2.0058411000063643,none
lstm,fold_1,global,WMA_60,1.7878256660420448,0.0661157024793388,244,128,26559019,200,2.0058411000063643,none
lstm,fold_1,global,StochK_14,1.2118730482890328,0.140495867768595,244,128,26559019,200,2.0058411000063643,none
lstm,fold_1,global,StochD_3,0.3817797605086525,0.396694214876033,244,128,26559019,200,2.0058411000063643,none
lstm,fold_1,global,RSI_14,0.2741754091623534,0.5289256198347108,244,128,26559019,200,2.0058411000063643,none
lstm,fold_1,global,MACD_12_26,0.1698501300648786,0.7272727272727273,244,128,26559019,200,2.0058411000063643,none
lstm,fold_1,global,MACD_Signal_9,0.3122203774044909,0.4462809917355372,244,128,26559019,200,2.0058411000063643,none
lstm,fold_1,global,MACD_Histogram,0.1121362994629976,0.8347107438016529,244,128,26559019,200,2.0058411000063643,none
lstm,fold_1,global,WilliamsR_14,0.6179652993945638,0.2892561983471074,244,128,26559019,200,2.0058411000063643,none
lstm,fold_1,global,CCI_20,0.2226138885279624,0.6033057851239669,244,128,26559019,200,2.0058411000063643,none
lstm,fold_1,global,ADX_14,0.080959469221807,0.9256198347107438,244,128,26559019,200,2.0058411000063643,none
lstm,fold_1,global,PlusDI_14,0.5923095054984515,0.3140495867768595,244,128,26559019,200,2.0058411000063643,none
lstm,fold_1,global,MinusDI_14,0.2963955380793777,0.4876033057851239,244,128,26559019,200,2.0058411000063643,none
lstm,fold_1,global,VMD_IMF_1,0.5200870282393225,0.3305785123966942,244,128,26559019,200,2.0058411000063643,none
lstm,fold_1,global,VMD_IMF_2,0.1963659627550669,0.6446280991735537,244,128,26559019,200,2.0058411000063643,none
lstm,fold_1,global,VMD_IMF_3,0.1259395269903961,0.8181818181818182,244,128,26559019,200,2.0058411000063643,none
lstm,fold_1,global,VMD_IMF_4,0.1879075901963887,0.6528925619834711,244,128,26559019,200,2.0058411000063643,none
lstm,fold_1,global,VMD_Denoised_Close,1.1310235621046558,0.1735537190082644,244,128,26559019,200,2.0058411000063643,none
lstm,fold_1,global,VMD_Noise_Energy_Ratio,0.2734942270010833,0.5371900826446281,244,128,26559019,200,2.0058411000063643,none
lstm,fold_1,sideway,Open_D,0.4733925833379196,0.3388429752066115,94,94,1203191912,200,1.0565930000011576,none
lstm,fold_1,sideway,High_D,0.874927153565148,0.2231404958677686,94,94,1203191912,200,1.0565930000011576,none
lstm,fold_1,sideway,Low_D,1.19421687493933,0.1570247933884297,94,94,1203191912,200,1.0565930000011576,none
lstm,fold_1,sideway,Close_D,37.16980446171253,0.0,94,94,1203191912,200,1.0565930000011576,none
lstm,fold_1,sideway,Volume_D,0.1709249278558963,0.6115702479338843,94,94,1203191912,200,1.0565930000011576,none
lstm,fold_1,sideway,Change_pct_D,0.0648280156159845,0.9173553719008264,94,94,1203191912,200,1.0565930000011576,none
lstm,fold_1,sideway,Open_W,1.730581657528045,0.0826446280991735,94,94,1203191912,200,1.0565930000011576,none
lstm,fold_1,sideway,High_W,2.129426951991751,0.0413223140495867,94,94,1203191912,200,1.0565930000011576,none
lstm,fold_1,sideway,Low_W,0.8952193434636277,0.2148760330578512,94,94,1203191912,200,1.0565930000011576,none
lstm,fold_1,sideway,Close_W,0.7934411084081264,0.2314049586776859,94,94,1203191912,200,1.0565930000011576,none
lstm,fold_1,sideway,Volume_W,0.1653767478076569,0.628099173553719,94,94,1203191912,200,1.0565930000011576,none
lstm,fold_1,sideway,Change_pct_W,0.1780264089750918,0.6033057851239669,94,94,1203191912,200,1.0565930000011576,none
lstm,fold_1,sideway,Open_M,1.229370347172656,0.1487603305785124,94,94,1203191912,200,1.0565930000011576,none
lstm,fold_1,sideway,High_M,2.4328339310719613,0.024793388429752,94,94,1203191912,200,1.0565930000011576,none
lstm,fold_1,sideway,Low_M,1.105536055184425,0.1818181818181818,94,94,1203191912,200,1.0565930000011576,none
lstm,fold_1,sideway,Close_M,1.2954989808353972,0.140495867768595,94,94,1203191912,200,1.0565930000011576,none
lstm,fold_1,sideway,Volume_M,0.0858701443757572,0.8842975206611571,94,94,1203191912,200,1.0565930000011576,none
lstm,fold_1,sideway,Change_pct_M,0.1389867639877496,0.7272727272727273,94,94,1203191912,200,1.0565930000011576,none
lstm,fold_1,sideway,Close_D_lag1,3.667498565354246,0.0082644628099173,94,94,1203191912,200,1.0565930000011576,none
lstm,fold_1,sideway,Close_D_lag2,1.4355558696111288,0.1157024793388429,94,94,1203191912,200,1.0565930000011576,none
lstm,fold_1,sideway,Close_D_lag3,1.055446905278145,0.1983471074380165,94,94,1203191912,200,1.0565930000011576,none
lstm,fold_1,sideway,Close_D_lag5,1.37481618422143,0.1239669421487603,94,94,1203191912,200,1.0565930000011576,none
lstm,fold_1,sideway,Close_D_lag10,0.6946208974465411,0.2479338842975206,94,94,1203191912,200,1.0565930000011576,none
lstm,fold_1,sideway,Close_D_lag20,0.5686412282595212,0.2975206611570248,94,94,1203191912,200,1.0565930000011576,none
lstm,fold_1,sideway,Close_D_lag60,1.3124609688495068,0.1322314049586777,94,94,1203191912,200,1.0565930000011576,none
lstm,fold_1,sideway,Change_pct_D_lag1,0.0523746264316635,0.9421487603305784,94,94,1203191912,200,1.0565930000011576,none
lstm,fold_1,sideway,Change_pct_D_lag2,0.1440391428671493,0.6942148760330579,94,94,1203191912,200,1.0565930000011576,none
lstm,fold_1,sideway,Change_pct_D_lag3,0.1114796041170267,0.7768595041322314,94,94,1203191912,200,1.0565930000011576,none
lstm,fold_1,sideway,Change_pct_D_lag5,0.1524162860726566,0.6859504132231405,94,94,1203191912,200,1.0565930000011576,none
lstm,fold_1,sideway,Change_pct_D_lag10,0.1216780161362468,0.743801652892562,94,94,1203191912,200,1.0565930000011576,none
lstm,fold_1,sideway,Change_pct_D_lag20,0.110051469320674,0.7851239669421488,94,94,1203191912,200,1.0565930000011576,none
lstm,fold_1,sideway,Volume_D_lag1,0.21024569613999,0.5537190082644629,94,94,1203191912,200,1.0565930000011576,none
lstm,fold_1,sideway,Volume_D_lag2,0.120077824299942,0.7520661157024794,94,94,1203191912,200,1.0565930000011576,none
lstm,fold_1,sideway,Volume_D_lag3,0.2190146653175767,0.5206611570247934,94,94,1203191912,200,1.0565930000011576,none
lstm,fold_1,sideway,Volume_D_lag5,0.183114816303807,0.5950413223140496,94,94,1203191912,200,1.0565930000011576,none
lstm,fold_1,sideway,Volume_D_lag10,0.0948013579792243,0.8512396694214877,94,94,1203191912,200,1.0565930000011576,none
lstm,fold_1,sideway,Volume_D_lag20,0.0322198723886608,0.9834710743801652,94,94,1203191912,200,1.0565930000011576,none
lstm,fold_1,sideway,Close_W_lag1,2.219807080131896,0.0330578512396694,94,94,1203191912,200,1.0565930000011576,none
lstm,fold_1,sideway,Close_W_lag2,1.546480060352924,0.0991735537190082,94,94,1203191912,200,1.0565930000011576,none
lstm,fold_1,sideway,Close_W_lag4,1.675245222196409,0.0909090909090909,94,94,1203191912,200,1.0565930000011576,none
lstm,fold_1,sideway,Close_M_lag1,1.9845885112563373,0.0495867768595041,94,94,1203191912,200,1.0565930000011576,none
lstm,fold_1,sideway,Close_M_lag3,0.7112934631236056,0.2396694214876033,94,94,1203191912,200,1.0565930000011576,none
lstm,fold_1,sideway,Return_1D,0.1053969817891831,0.7933884297520661,94,94,1203191912,200,1.0565930000011576,none
lstm,fold_1,sideway,Return_3D,0.0880834707619988,0.8760330578512396,94,94,1203191912,200,1.0565930000011576,none
lstm,fold_1,sideway,Return_5D,0.1002726455615978,0.8099173553719008,94,94,1203191912,200,1.0565930000011576,none
lstm,fold_1,sideway,Return_10D,0.0724699928019346,0.9090909090909092,94,94,1203191912,200,1.0565930000011576,none
lstm,fold_1,sideway,Return_20D,0.1917961537929164,0.5785123966942148,94,94,1203191912,200,1.0565930000011576,none
lstm,fold_1,sideway,Return_60D,0.1646327965178569,0.6446280991735537,94,94,1203191912,200,1.0565930000011576,none
lstm,fold_1,sideway,SMA_5,1.1937365732636729,0.1652892561983471,94,94,1203191912,200,1.0565930000011576,none
lstm,fold_1,sideway,SMA_10,0.2944075016219397,0.4380165289256198,94,94,1203191912,200,1.0565930000011576,none
lstm,fold_1,sideway,SMA_20,1.7665646318425523,0.0743801652892562,94,94,1203191912,200,1.0565930000011576,none
lstm,fold_1,sideway,SMA_60,1.5460217667386886,0.1074380165289256,94,94,1203191912,200,1.0565930000011576,none
lstm,fold_1,sideway,Close_to_SMA_5,0.1880055193895656,0.5867768595041323,94,94,1203191912,200,1.0565930000011576,none
lstm,fold_1,sideway,Close_to_SMA_10,0.235009100941224,0.5041322314049587,94,94,1203191912,200,1.0565930000011576,none
lstm,fold_1,sideway,Close_to_SMA_20,0.0515704636847348,0.950413223140496,94,94,1203191912,200,1.0565930000011576,none
lstm,fold_1,sideway,Close_to_SMA_60,0.1047632446587506,0.8016528925619835,94,94,1203191912,200,1.0565930000011576,none
lstm,fold_1,sideway,Volatility_5,0.2656519981239243,0.4545454545454545,94,94,1203191912,200,1.0565930000011576,none
lstm,fold_1,sideway,Volatility_10,0.085460768721532,0.8925619834710744,94,94,1203191912,200,1.0565930000011576,none
lstm,fold_1,sideway,Volatility_20,0.1526433025196967,0.6776859504132231,94,94,1203191912,200,1.0565930000011576,none
lstm,fold_1,sideway,Volatility_60,0.0745256028975532,0.9008264462809916,94,94,1203191912,200,1.0565930000011576,none
lstm,fold_1,sideway,Momentum_5,0.0460885392139816,0.975206611570248,94,94,1203191912,200,1.0565930000011576,none
lstm,fold_1,sideway,Momentum_10,0.0461813345370133,0.9669421487603306,94,94,1203191912,200,1.0565930000011576,none
lstm,fold_1,sideway,Momentum_20,0.1998401668344431,0.5702479338842975,94,94,1203191912,200,1.0565930000011576,none
lstm,fold_1,sideway,Momentum_60,0.3448320935311246,0.371900826446281,94,94,1203191912,200,1.0565930000011576,none
lstm,fold_1,sideway,ROC_5,0.0907111463148736,0.8677685950413223,94,94,1203191912,200,1.0565930000011576,none
lstm,fold_1,sideway,ROC_10,0.2180926786535487,0.5289256198347108,94,94,1203191912,200,1.0565930000011576,none
lstm,fold_1,sideway,ROC_20,0.0962317019324686,0.8429752066115702,94,94,1203191912,200,1.0565930000011576,none
lstm,fold_1,sideway,ROC_60,0.1132357394271666,0.768595041322314,94,94,1203191912,200,1.0565930000011576,none
lstm,fold_1,sideway,Ratio_Close_D_to_W,0.3180202783043298,0.396694214876033,94,94,1203191912,200,1.0565930000011576,none
lstm,fold_1,sideway,Ratio_Close_D_to_M,0.0996657012313161,0.8181818181818182,94,94,1203191912,200,1.0565930000011576,none
lstm,fold_1,sideway,Ratio_Volume_D_to_W,0.0964716693756735,0.8347107438016529,94,94,1203191912,200,1.0565930000011576,none
lstm,fold_1,sideway,Spread_D,0.1391257417133021,0.7107438016528925,94,94,1203191912,200,1.0565930000011576,none
lstm,fold_1,sideway,Body_D,0.0539198663222239,0.9338842975206612,94,94,1203191912,200,1.0565930000011576,none
lstm,fold_1,sideway,Body_abs_D,0.3599814625835898,0.3553719008264462,94,94,1203191912,200,1.0565930000011576,none
lstm,fold_1,sideway,Upper_Shadow_D,0.2519022208464485,0.4876033057851239,94,94,1203191912,200,1.0565930000011576,none
lstm,fold_1,sideway,Lower_Shadow_D,0.0277538957805963,0.9917355371900828,94,94,1203191912,200,1.0565930000011576,none
lstm,fold_1,sideway,Body_to_Range_D,0.2982650919754226,0.4297520661157025,94,94,1203191912,200,1.0565930000011576,none
lstm,fold_1,sideway,Close_Position_D,0.2651743876075612,0.4628099173553719,94,94,1203191912,200,1.0565930000011576,none
lstm,fold_1,sideway,Spread_W,0.1425762726464064,0.7024793388429752,94,94,1203191912,200,1.0565930000011576,none
lstm,fold_1,sideway,Body_W,0.1647100885518816,0.6363636363636364,94,94,1203191912,200,1.0565930000011576,none
lstm,fold_1,sideway,Close_Position_W,0.3545184094633441,0.3636363636363636,94,94,1203191912,200,1.0565930000011576,none
lstm,fold_1,sideway,Spread_M,0.049704278480451,0.9586776859504132,94,94,1203191912,200,1.0565930000011576,none
lstm,fold_1,sideway,Body_M,0.5731736729377286,0.2892561983471074,94,94,1203191912,200,1.0565930000011576,none
lstm,fold_1,sideway,Close_Position_M,0.2537183689389457,0.4793388429752066,94,94,1203191912,200,1.0565930000011576,none
lstm,fold_1,sideway,Volume_MA_5,0.3247939677858859,0.3801652892561983,94,94,1203191912,200,1.0565930000011576,none
lstm,fold_1,sideway,Volume_MA_20,0.3244180072575003,0.3884297520661157,94,94,1203191912,200,1.0565930000011576,none
lstm,fold_1,sideway,Volume_Ratio_5,0.1568329079302667,0.6611570247933884,94,94,1203191912,200,1.0565930000011576,none
lstm,fold_1,sideway,Volume_Ratio_20,0.1541187959923805,0.6694214876033058,94,94,1203191912,200,1.0565930000011576,none
lstm,fold_1,sideway,Volume_Change_1D,0.2606214354294044,0.4710743801652892,94,94,1203191912,200,1.0565930000011576,none
lstm,fold_1,sideway,Volume_Change_5D,0.2293384332832461,0.512396694214876,94,94,1203191912,200,1.0565930000011576,none
lstm,fold_1,sideway,Volume_Change_20D,0.0267328008384325,1.0,94,94,1203191912,200,1.0565930000011576,none
lstm,fold_1,sideway,Direction_lag1,0.6705814819545188,0.2727272727272727,94,94,1203191912,200,1.0565930000011576,none
lstm,fold_1,sideway,Direction_lag2,1.0663477892571307,0.1900826446280991,94,94,1203191912,200,1.0565930000011576,none
lstm,fold_1,sideway,Direction_lag3,0.307880597610517,0.4132231404958678,94,94,1203191912,200,1.0565930000011576,none
lstm,fold_1,sideway,Direction_lag5,0.4856141680515027,0.3140495867768595,94,94,1203191912,200,1.0565930000011576,none
lstm,fold_1,sideway,Up_Ratio_5,0.6318502320571149,0.2809917355371901,94,94,1203191912,200,1.0565930000011576,none
lstm,fold_1,sideway,Up_Ratio_10,0.2371151364433202,0.4958677685950413,94,94,1203191912,200,1.0565930000011576,none
lstm,fold_1,sideway,Up_Ratio_20,0.4746551222441067,0.3305785123966942,94,94,1203191912,200,1.0565930000011576,none
lstm,fold_1,sideway,Down_Ratio_5,0.6823834083699423,0.2644628099173554,94,94,1203191912,200,1.0565930000011576,none
lstm,fold_1,sideway,Down_Ratio_10,0.3674407747599849,0.3471074380165289,94,94,1203191912,200,1.0565930000011576,none
lstm,fold_1,sideway,Down_Ratio_20,0.2109444276979279,0.5454545454545454,94,94,1203191912,200,1.0565930000011576,none
lstm,fold_1,sideway,WMA_5,2.464648623888361,0.0165289256198347,94,94,1203191912,200,1.0565930000011576,none
lstm,fold_1,sideway,WMA_10,1.9460411232836703,0.0578512396694214,94,94,1203191912,200,1.0565930000011576,none
lstm,fold_1,sideway,WMA_20,0.6837818661427244,0.256198347107438,94,94,1203191912,200,1.0565930000011576,none
lstm,fold_1,sideway,WMA_60,1.901242421789372,0.0661157024793388,94,94,1203191912,200,1.0565930000011576,none
lstm,fold_1,sideway,StochK_14,0.9810451213816588,0.2066115702479339,94,94,1203191912,200,1.0565930000011576,none
lstm,fold_1,sideway,StochD_3,0.2991650467650578,0.4214876033057851,94,94,1203191912,200,1.0565930000011576,none
lstm,fold_1,sideway,RSI_14,0.1390523379737947,0.71900826446281,94,94,1203191912,200,1.0565930000011576,none
lstm,fold_1,sideway,MACD_12_26,0.0989500239283401,0.8264462809917356,94,94,1203191912,200,1.0565930000011576,none
lstm,fold_1,sideway,MACD_Signal_9,0.2017566051622239,0.5619834710743802,94,94,1203191912,200,1.0565930000011576,none
lstm,fold_1,sideway,MACD_Histogram,0.0911844093539331,0.859504132231405,94,94,1203191912,200,1.0565930000011576,none
lstm,fold_1,sideway,WilliamsR_14,0.5001027777597823,0.3057851239669421,94,94,1203191912,200,1.0565930000011576,none
lstm,fold_1,sideway,CCI_20,0.1687130463223571,0.6198347107438017,94,94,1203191912,200,1.0565930000011576,none
lstm,fold_1,sideway,ADX_14,0.0596130700724353,0.9256198347107438,94,94,1203191912,200,1.0565930000011576,none
lstm,fold_1,sideway,PlusDI_14,0.3113942842078494,0.4049586776859504,94,94,1203191912,200,1.0565930000011576,none
lstm,fold_1,sideway,MinusDI_14,0.2139472531608841,0.5371900826446281,94,94,1203191912,200,1.0565930000011576,none
lstm,fold_1,sideway,VMD_IMF_1,0.4854725418630318,0.3223140495867768,94,94,1203191912,200,1.0565930000011576,none
lstm,fold_1,sideway,VMD_IMF_2,0.1142282737006292,0.7603305785123967,94,94,1203191912,200,1.0565930000011576,none
lstm,fold_1,sideway,VMD_IMF_3,0.1272501111561878,0.7355371900826446,94,94,1203191912,200,1.0565930000011576,none
lstm,fold_1,sideway,VMD_IMF_4,0.1615976941917169,0.6528925619834711,94,94,1203191912,200,1.0565930000011576,none
lstm,fold_1,sideway,VMD_Denoised_Close,1.1932829644610272,0.1735537190082644,94,94,1203191912,200,1.0565930000011576,none
lstm,fold_1,sideway,VMD_Noise_Energy_Ratio,0.2781864348359336,0.4462809917355372,94,94,1203191912,200,1.0565930000011576,none
lstm,fold_2,bear,Open_D,0.0577511916315027,0.9338842975206612,75,75,1378222574,200,0.8776112999912584,none
lstm,fold_2,bear,High_D,0.6471259447944855,0.256198347107438,75,75,1378222574,200,0.8776112999912584,none
lstm,fold_2,bear,Low_D,0.7748318048715591,0.1652892561983471,75,75,1378222574,200,0.8776112999912584,none
lstm,fold_2,bear,Close_D,18.637426009575528,0.0,75,75,1378222574,200,0.8776112999912584,none
lstm,fold_2,bear,Volume_D,0.1941826218045704,0.6363636363636364,75,75,1378222574,200,0.8776112999912584,none
lstm,fold_2,bear,Change_pct_D,0.0441450479210082,0.9586776859504132,75,75,1378222574,200,0.8776112999912584,none
lstm,fold_2,bear,Open_W,0.8509812801281611,0.1322314049586777,75,75,1378222574,200,0.8776112999912584,none
lstm,fold_2,bear,High_W,0.7445069622198741,0.1818181818181818,75,75,1378222574,200,0.8776112999912584,none
lstm,fold_2,bear,Low_W,0.8404662557728588,0.140495867768595,75,75,1378222574,200,0.8776112999912584,none
lstm,fold_2,bear,Close_W,0.4469132138490677,0.3553719008264462,75,75,1378222574,200,0.8776112999912584,none
lstm,fold_2,bear,Volume_W,0.1709232605251406,0.6942148760330579,75,75,1378222574,200,0.8776112999912584,none
lstm,fold_2,bear,Change_pct_W,0.1019180947884451,0.8760330578512396,75,75,1378222574,200,0.8776112999912584,none
lstm,fold_2,bear,Open_M,0.562124975601832,0.3057851239669421,75,75,1378222574,200,0.8776112999912584,none
lstm,fold_2,bear,High_M,1.5013402950763703,0.024793388429752,75,75,1378222574,200,0.8776112999912584,none
lstm,fold_2,bear,Low_M,0.7412078164496537,0.1900826446280991,75,75,1378222574,200,0.8776112999912584,none
lstm,fold_2,bear,Close_M,0.4097407456984122,0.371900826446281,75,75,1378222574,200,0.8776112999912584,none
lstm,fold_2,bear,Volume_M,0.1510002212040126,0.7107438016528925,75,75,1378222574,200,0.8776112999912584,none
lstm,fold_2,bear,Change_pct_M,0.12700608811186,0.7851239669421488,75,75,1378222574,200,0.8776112999912584,none
lstm,fold_2,bear,Close_D_lag1,1.9556650982697803,0.0165289256198347,75,75,1378222574,200,0.8776112999912584,none
lstm,fold_2,bear,Close_D_lag2,0.929640814051032,0.1074380165289256,75,75,1378222574,200,0.8776112999912584,none
lstm,fold_2,bear,Close_D_lag3,0.6660737734635671,0.2479338842975206,75,75,1378222574,200,0.8776112999912584,none
lstm,fold_2,bear,Close_D_lag5,0.5554344539052496,0.3223140495867768,75,75,1378222574,200,0.8776112999912584,none
lstm,fold_2,bear,Close_D_lag10,0.6272026468714078,0.2644628099173554,75,75,1378222574,200,0.8776112999912584,none
lstm,fold_2,bear,Close_D_lag20,0.3864980529944102,0.3801652892561983,75,75,1378222574,200,0.8776112999912584,none
lstm,fold_2,bear,Close_D_lag60,0.6820358324050904,0.2066115702479339,75,75,1378222574,200,0.8776112999912584,none
lstm,fold_2,bear,Change_pct_D_lag1,0.1030940977967014,0.8677685950413223,75,75,1378222574,200,0.8776112999912584,none
lstm,fold_2,bear,Change_pct_D_lag2,0.1725421767388179,0.6776859504132231,75,75,1378222574,200,0.8776112999912584,none
lstm,fold_2,bear,Change_pct_D_lag3,0.1711372606878236,0.6859504132231405,75,75,1378222574,200,0.8776112999912584,none
lstm,fold_2,bear,Change_pct_D_lag5,0.1442723449015757,0.71900826446281,75,75,1378222574,200,0.8776112999912584,none
lstm,fold_2,bear,Change_pct_D_lag10,0.0497528269899388,0.9421487603305784,75,75,1378222574,200,0.8776112999912584,none
lstm,fold_2,bear,Change_pct_D_lag20,0.075303828194621,0.9256198347107438,75,75,1378222574,200,0.8776112999912584,none
lstm,fold_2,bear,Volume_D_lag1,0.2222571212822998,0.5950413223140496,75,75,1378222574,200,0.8776112999912584,none
lstm,fold_2,bear,Volume_D_lag2,0.152065959394987,0.7024793388429752,75,75,1378222574,200,0.8776112999912584,none
lstm,fold_2,bear,Volume_D_lag3,0.2372976542287409,0.5702479338842975,75,75,1378222574,200,0.8776112999912584,none
lstm,fold_2,bear,Volume_D_lag5,0.1124340372988372,0.8264462809917356,75,75,1378222574,200,0.8776112999912584,none
lstm,fold_2,bear,Volume_D_lag10,0.0254856493624198,0.9834710743801652,75,75,1378222574,200,0.8776112999912584,none
lstm,fold_2,bear,Volume_D_lag20,0.0215488015379911,0.9917355371900828,75,75,1378222574,200,0.8776112999912584,none
lstm,fold_2,bear,Close_W_lag1,1.144243655939897,0.0578512396694214,75,75,1378222574,200,0.8776112999912584,none
lstm,fold_2,bear,Close_W_lag2,0.9709705129464468,0.0909090909090909,75,75,1378222574,200,0.8776112999912584,none
lstm,fold_2,bear,Close_W_lag4,1.1136819421853386,0.0661157024793388,75,75,1378222574,200,0.8776112999912584,none
lstm,fold_2,bear,Close_M_lag1,0.6762898493424678,0.2231404958677686,75,75,1378222574,200,0.8776112999912584,none
lstm,fold_2,bear,Close_M_lag3,0.5798898561649646,0.2975206611570248,75,75,1378222574,200,0.8776112999912584,none
lstm,fold_2,bear,Return_1D,0.1306993039507263,0.768595041322314,75,75,1378222574,200,0.8776112999912584,none
lstm,fold_2,bear,Return_3D,0.1374600520466241,0.7272727272727273,75,75,1378222574,200,0.8776112999912584,none
lstm,fold_2,bear,Return_5D,0.1246268412948896,0.7933884297520661,75,75,1378222574,200,0.8776112999912584,none
lstm,fold_2,bear,Return_10D,0.1306394878058151,0.7768595041322314,75,75,1378222574,200,0.8776112999912584,none
lstm,fold_2,bear,Return_20D,0.5583971736707414,0.3140495867768595,75,75,1378222574,200,0.8776112999912584,none
lstm,fold_2,bear,Return_60D,0.2032523979080336,0.628099173553719,75,75,1378222574,200,0.8776112999912584,none
lstm,fold_2,bear,SMA_5,0.4654099446942564,0.3388429752066115,75,75,1378222574,200,0.8776112999912584,none
lstm,fold_2,bear,SMA_10,0.4906184753576914,0.3305785123966942,75,75,1378222574,200,0.8776112999912584,none
lstm,fold_2,bear,SMA_20,0.8763326236009598,0.1157024793388429,75,75,1378222574,200,0.8776112999912584,none
lstm,fold_2,bear,SMA_60,1.060552894592285,0.0743801652892562,75,75,1378222574,200,0.8776112999912584,none
lstm,fold_2,bear,Close_to_SMA_5,0.2234631148513096,0.5867768595041323,75,75,1378222574,200,0.8776112999912584,none
lstm,fold_2,bear,Close_to_SMA_10,0.2648927556803295,0.5206611570247934,75,75,1378222574,200,0.8776112999912584,none
lstm,fold_2,bear,Close_to_SMA_20,0.0932666205358691,0.9008264462809916,75,75,1378222574,200,0.8776112999912584,none
lstm,fold_2,bear,Close_to_SMA_60,0.2449286655093698,0.5619834710743802,75,75,1378222574,200,0.8776112999912584,none
lstm,fold_2,bear,Volatility_5,0.3634534988506449,0.4132231404958678,75,75,1378222574,200,0.8776112999912584,none
lstm,fold_2,bear,Volatility_10,0.0937942092346881,0.8925619834710744,75,75,1378222574,200,0.8776112999912584,none
lstm,fold_2,bear,Volatility_20,0.2700176062494671,0.4958677685950413,75,75,1378222574,200,0.8776112999912584,none
lstm,fold_2,bear,Volatility_60,0.1854680105359099,0.6528925619834711,75,75,1378222574,200,0.8776112999912584,none
lstm,fold_2,bear,Momentum_5,0.0780334848140191,0.9173553719008264,75,75,1378222574,200,0.8776112999912584,none
lstm,fold_2,bear,Momentum_10,0.0271549889684344,0.975206611570248,75,75,1378222574,200,0.8776112999912584,none
lstm,fold_2,bear,Momentum_20,0.4629013687007439,0.3471074380165289,75,75,1378222574,200,0.8776112999912584,none
lstm,fold_2,bear,Momentum_60,0.4449337232929732,0.3636363636363636,75,75,1378222574,200,0.8776112999912584,none
lstm,fold_2,bear,ROC_5,0.110937652307058,0.8429752066115702,75,75,1378222574,200,0.8776112999912584,none
lstm,fold_2,bear,ROC_10,0.343448217768843,0.4380165289256198,75,75,1378222574,200,0.8776112999912584,none
lstm,fold_2,bear,ROC_20,0.1726506547608878,0.6694214876033058,75,75,1378222574,200,0.8776112999912584,none
lstm,fold_2,bear,ROC_60,0.1117515742162553,0.8347107438016529,75,75,1378222574,200,0.8776112999912584,none
lstm,fold_2,bear,Ratio_Close_D_to_W,0.2697015094935583,0.5041322314049587,75,75,1378222574,200,0.8776112999912584,none
lstm,fold_2,bear,Ratio_Close_D_to_M,0.132475543302639,0.7603305785123967,75,75,1378222574,200,0.8776112999912584,none
lstm,fold_2,bear,Ratio_Volume_D_to_W,0.1327867493777691,0.7520661157024794,75,75,1378222574,200,0.8776112999912584,none
lstm,fold_2,bear,Spread_D,0.114652985788387,0.8181818181818182,75,75,1378222574,200,0.8776112999912584,none
lstm,fold_2,bear,Body_D,0.041277905698497,0.9669421487603306,75,75,1378222574,200,0.8776112999912584,none
lstm,fold_2,bear,Body_abs_D,0.3197335644564979,0.4628099173553719,75,75,1378222574,200,0.8776112999912584,none
lstm,fold_2,bear,Upper_Shadow_D,0.2332091963411464,0.5785123966942148,75,75,1378222574,200,0.8776112999912584,none
lstm,fold_2,bear,Lower_Shadow_D,0.0183168251701087,1.0,75,75,1378222574,200,0.8776112999912584,none
lstm,fold_2,bear,Body_to_Range_D,0.365758546149979,0.4049586776859504,75,75,1378222574,200,0.8776112999912584,none
lstm,fold_2,bear,Close_Position_D,0.2493131304148895,0.5371900826446281,75,75,1378222574,200,0.8776112999912584,none
lstm,fold_2,bear,Spread_W,0.0975968918991178,0.8842975206611571,75,75,1378222574,200,0.8776112999912584,none
lstm,fold_2,bear,Body_W,0.1729328922020892,0.6611570247933884,75,75,1378222574,200,0.8776112999912584,none
lstm,fold_2,bear,Close_Position_W,0.3797779210702089,0.396694214876033,75,75,1378222574,200,0.8776112999912584,none
lstm,fold_2,bear,Spread_M,0.1333888006162208,0.743801652892562,75,75,1378222574,200,0.8776112999912584,none
lstm,fold_2,bear,Body_M,0.3861953715380902,0.3884297520661157,75,75,1378222574,200,0.8776112999912584,none
lstm,fold_2,bear,Close_Position_M,0.3018452067437271,0.4710743801652892,75,75,1378222574,200,0.8776112999912584,none
lstm,fold_2,bear,Volume_MA_5,0.3314333080997069,0.4462809917355372,75,75,1378222574,200,0.8776112999912584,none
lstm,fold_2,bear,Volume_MA_20,0.2150319634094873,0.6033057851239669,75,75,1378222574,200,0.8776112999912584,none
lstm,fold_2,bear,Volume_Ratio_5,0.1919615225140781,0.6446280991735537,75,75,1378222574,200,0.8776112999912584,none
lstm,fold_2,bear,Volume_Ratio_20,0.1341432001789411,0.7355371900826446,75,75,1378222574,200,0.8776112999912584,none
lstm,fold_2,bear,Volume_Change_1D,0.2463546353122219,0.5454545454545454,75,75,1378222574,200,0.8776112999912584,none
lstm,fold_2,bear,Volume_Change_5D,0.2134847435657866,0.6198347107438017,75,75,1378222574,200,0.8776112999912584,none
lstm,fold_2,bear,Volume_Change_20D,0.0493856321619047,0.950413223140496,75,75,1378222574,200,0.8776112999912584,none
lstm,fold_2,bear,Direction_lag1,0.2977293724042053,0.4876033057851239,75,75,1378222574,200,0.8776112999912584,none
lstm,fold_2,bear,Direction_lag2,0.821630280772845,0.1487603305785124,75,75,1378222574,200,0.8776112999912584,none
lstm,fold_2,bear,Direction_lag3,0.3482383877622584,0.4297520661157025,75,75,1378222574,200,0.8776112999912584,none
lstm,fold_2,bear,Direction_lag5,0.609499459836632,0.2727272727272727,75,75,1378222574,200,0.8776112999912584,none
lstm,fold_2,bear,Up_Ratio_5,0.6936565913756688,0.1983471074380165,75,75,1378222574,200,0.8776112999912584,none
lstm,fold_2,bear,Up_Ratio_10,0.6815564668998122,0.2148760330578512,75,75,1378222574,200,0.8776112999912584,none
lstm,fold_2,bear,Up_Ratio_20,0.7530096642772357,0.1735537190082644,75,75,1378222574,200,0.8776112999912584,none
lstm,fold_2,bear,Down_Ratio_5,0.8579279746507915,0.1239669421487603,75,75,1378222574,200,0.8776112999912584,none
lstm,fold_2,bear,Down_Ratio_10,0.3252493121358566,0.4545454545454545,75,75,1378222574,200,0.8776112999912584,none
lstm,fold_2,bear,Down_Ratio_20,0.6076445650065628,0.2809917355371901,75,75,1378222574,200,0.8776112999912584,none
lstm,fold_2,bear,WMA_5,1.295219891710207,0.0413223140495867,75,75,1378222574,200,0.8776112999912584,none
lstm,fold_2,bear,WMA_10,1.1905805835823218,0.0495867768595041,75,75,1378222574,200,0.8776112999912584,none
lstm,fold_2,bear,WMA_20,0.6692672438224156,0.2396694214876033,75,75,1378222574,200,0.8776112999912584,none
lstm,fold_2,bear,WMA_60,1.3910539865493774,0.0330578512396694,75,75,1378222574,200,0.8776112999912584,none
lstm,fold_2,bear,StochK_14,1.9595671184425203,0.0082644628099173,75,75,1378222574,200,0.8776112999912584,none
lstm,fold_2,bear,StochD_3,0.8154868207598726,0.1570247933884297,75,75,1378222574,200,0.8776112999912584,none
lstm,fold_2,bear,RSI_14,0.3006969999807576,0.4793388429752066,75,75,1378222574,200,0.8776112999912584,none
lstm,fold_2,bear,MACD_12_26,0.0791750357207298,0.9090909090909092,75,75,1378222574,200,0.8776112999912584,none
lstm,fold_2,bear,MACD_Signal_9,0.2599224997045627,0.5289256198347108,75,75,1378222574,200,0.8776112999912584,none
lstm,fold_2,bear,MACD_Histogram,0.1156345145624557,0.8099173553719008,75,75,1378222574,200,0.8776112999912584,none
lstm,fold_2,bear,WilliamsR_14,0.9353018823110808,0.0991735537190082,75,75,1378222574,200,0.8776112999912584,none
lstm,fold_2,bear,CCI_20,0.2452999074965094,0.5537190082644629,75,75,1378222574,200,0.8776112999912584,none
lstm,fold_2,bear,ADX_14,0.2146103815091871,0.6115702479338843,75,75,1378222574,200,0.8776112999912584,none
lstm,fold_2,bear,PlusDI_14,1.0109694774980502,0.0826446280991735,75,75,1378222574,200,0.8776112999912584,none
lstm,fold_2,bear,MinusDI_14,0.3622000682004145,0.4214876033057851,75,75,1378222574,200,0.8776112999912584,none
lstm,fold_2,bear,VMD_IMF_1,0.5918289473156134,0.2892561983471074,75,75,1378222574,200,0.8776112999912584,none
lstm,fold_2,bear,VMD_IMF_2,0.1034312999480365,0.859504132231405,75,75,1378222574,200,0.8776112999912584,none
lstm,fold_2,bear,VMD_IMF_3,0.1054254145123607,0.8512396694214877,75,75,1378222574,200,0.8776112999912584,none
lstm,fold_2,bear,VMD_IMF_4,0.1218483318448998,0.8016528925619835,75,75,1378222574,200,0.8776112999912584,none
lstm,fold_2,bear,VMD_Denoised_Close,0.6699022627283897,0.2314049586776859,75,75,1378222574,200,0.8776112999912584,none
lstm,fold_2,bear,VMD_Noise_Energy_Ratio,0.2664422913571664,0.512396694214876,75,75,1378222574,200,0.8776112999912584,none
lstm,fold_2,bull,Open_D,0.0746694522906756,0.8842975206611571,76,76,31350957,200,0.9342023999925004,none
lstm,fold_2,bull,High_D,0.7864660850215985,0.1322314049586777,76,76,31350957,200,0.9342023999925004,none
lstm,fold_2,bull,Low_D,0.9785281800910046,0.0991735537190082,76,76,31350957,200,0.9342023999925004,none
lstm,fold_2,bull,Close_D,25.82308771563204,0.0,76,76,31350957,200,0.9342023999925004,none
lstm,fold_2,bull,Volume_D,0.1813800783265737,0.6363636363636364,76,76,31350957,200,0.9342023999925004,none
lstm,fold_2,bull,Change_pct_D,0.0226071523707919,0.9586776859504132,76,76,31350957,200,0.9342023999925004,none
lstm,fold_2,bull,Open_W,0.671181303792094,0.1735537190082644,76,76,31350957,200,0.9342023999925004,none
lstm,fold_2,bull,High_W,0.782527964248469,0.1487603305785124,76,76,31350957,200,0.9342023999925004,none
lstm,fold_2,bull,Low_W,1.0933536549539942,0.0826446280991735,76,76,31350957,200,0.9342023999925004,none
lstm,fold_2,bull,Close_W,0.5587522910478966,0.2644628099173554,76,76,31350957,200,0.9342023999925004,none
lstm,fold_2,bull,Volume_W,0.1863690084575577,0.628099173553719,76,76,31350957,200,0.9342023999925004,none
lstm,fold_2,bull,Change_pct_W,0.0906859957989869,0.8512396694214877,76,76,31350957,200,0.9342023999925004,none
lstm,fold_2,bull,Open_M,0.4668860627240256,0.3553719008264462,76,76,31350957,200,0.9342023999925004,none
lstm,fold_2,bull,High_M,1.3077295857432645,0.0495867768595041,76,76,31350957,200,0.9342023999925004,none
lstm,fold_2,bull,Low_M,0.5474789634129449,0.2892561983471074,76,76,31350957,200,0.9342023999925004,none
lstm,fold_2,bull,Close_M,0.3101489944985491,0.4132231404958678,76,76,31350957,200,0.9342023999925004,none
lstm,fold_2,bull,Volume_M,0.0939091097083387,0.8429752066115702,76,76,31350957,200,0.9342023999925004,none
lstm,fold_2,bull,Change_pct_M,0.2331099130626458,0.5206611570247934,76,76,31350957,200,0.9342023999925004,none
lstm,fold_2,bull,Close_D_lag1,2.5508386753107373,0.0082644628099173,76,76,31350957,200,0.9342023999925004,none
lstm,fold_2,bull,Close_D_lag2,1.012186186618515,0.0909090909090909,76,76,31350957,200,0.9342023999925004,none
lstm,fold_2,bull,Close_D_lag3,0.7109630995283002,0.1570247933884297,76,76,31350957,200,0.9342023999925004,none
lstm,fold_2,bull,Close_D_lag5,0.5673582021891458,0.2479338842975206,76,76,31350957,200,0.9342023999925004,none
lstm,fold_2,bull,Close_D_lag10,0.6623634788942965,0.1900826446280991,76,76,31350957,200,0.9342023999925004,none
lstm,fold_2,bull,Close_D_lag20,0.3460255094264683,0.3884297520661157,76,76,31350957,200,0.9342023999925004,none
lstm,fold_2,bull,Close_D_lag60,0.5325278015121033,0.2975206611570248,76,76,31350957,200,0.9342023999925004,none
lstm,fold_2,bull,Change_pct_D_lag1,0.0676107268089254,0.9008264462809916,76,76,31350957,200,0.9342023999925004,none
lstm,fold_2,bull,Change_pct_D_lag2,0.1376066716317717,0.7107438016528925,76,76,31350957,200,0.9342023999925004,none
lstm,fold_2,bull,Change_pct_D_lag3,0.133508240905863,0.7272727272727273,76,76,31350957,200,0.9342023999925004,none
lstm,fold_2,bull,Change_pct_D_lag5,0.1131379037993993,0.7520661157024794,76,76,31350957,200,0.9342023999925004,none
lstm,fold_2,bull,Change_pct_D_lag10,0.0496327236653183,0.9421487603305784,76,76,31350957,200,0.9342023999925004,none
lstm,fold_2,bull,Change_pct_D_lag20,0.102603037784789,0.7933884297520661,76,76,31350957,200,0.9342023999925004,none
lstm,fold_2,bull,Volume_D_lag1,0.1939891648139803,0.6198347107438017,76,76,31350957,200,0.9342023999925004,none
lstm,fold_2,bull,Volume_D_lag2,0.1419875261549972,0.6942148760330579,76,76,31350957,200,0.9342023999925004,none
lstm,fold_2,bull,Volume_D_lag3,0.2038608878543049,0.5867768595041323,76,76,31350957,200,0.9342023999925004,none
lstm,fold_2,bull,Volume_D_lag5,0.0973621835005408,0.8099173553719008,76,76,31350957,200,0.9342023999925004,none
lstm,fold_2,bull,Volume_D_lag10,0.0225348848756,0.9669421487603306,76,76,31350957,200,0.9342023999925004,none
lstm,fold_2,bull,Volume_D_lag20,0.0212385881134602,0.975206611570248,76,76,31350957,200,0.9342023999925004,none
lstm,fold_2,bull,Close_W_lag1,1.349473080156665,0.0413223140495867,76,76,31350957,200,0.9342023999925004,none
lstm,fold_2,bull,Close_W_lag2,0.9780921788592088,0.1074380165289256,76,76,31350957,200,0.9342023999925004,none
lstm,fold_2,bull,Close_W_lag4,1.203590790554881,0.0661157024793388,76,76,31350957,200,0.9342023999925004,none
lstm,fold_2,bull,Close_M_lag1,0.6673186076706962,0.1818181818181818,76,76,31350957,200,0.9342023999925004,none
lstm,fold_2,bull,Close_M_lag3,0.5206820016789367,0.3057851239669421,76,76,31350957,200,0.9342023999925004,none
lstm,fold_2,bull,Return_1D,0.0749937501236241,0.8760330578512396,76,76,31350957,200,0.9342023999925004,none
lstm,fold_2,bull,Return_3D,0.1088488267352563,0.768595041322314,76,76,31350957,200,0.9342023999925004,none
lstm,fold_2,bull,Return_5D,0.0949145415397269,0.8347107438016529,76,76,31350957,200,0.9342023999925004,none
lstm,fold_2,bull,Return_10D,0.1078984119816404,0.7768595041322314,76,76,31350957,200,0.9342023999925004,none
lstm,fold_2,bull,Return_20D,0.4758653224911541,0.3388429752066115,76,76,31350957,200,0.9342023999925004,none
lstm,fold_2,bull,Return_60D,0.1017685821846259,0.8016528925619835,76,76,31350957,200,0.9342023999925004,none
lstm,fold_2,bull,SMA_5,0.4683149760861469,0.3471074380165289,76,76,31350957,200,0.9342023999925004,none
lstm,fold_2,bull,SMA_10,0.5870892361982872,0.2231404958677686,76,76,31350957,200,0.9342023999925004,none
lstm,fold_2,bull,SMA_20,0.7838803769334366,0.140495867768595,76,76,31350957,200,0.9342023999925004,none
lstm,fold_2,bull,SMA_60,1.1055037105554029,0.0743801652892562,76,76,31350957,200,0.9342023999925004,none
lstm,fold_2,bull,Close_to_SMA_5,0.1762987059056525,0.6446280991735537,76,76,31350957,200,0.9342023999925004,none
lstm,fold_2,bull,Close_to_SMA_10,0.2272016404771037,0.5289256198347108,76,76,31350957,200,0.9342023999925004,none
lstm,fold_2,bull,Close_to_SMA_20,0.0723300827448072,0.8925619834710744,76,76,31350957,200,0.9342023999925004,none
lstm,fold_2,bull,Close_to_SMA_60,0.1449731872669776,0.6611570247933884,76,76,31350957,200,0.9342023999925004,none
lstm,fold_2,bull,Volatility_5,0.4782895970077094,0.3305785123966942,76,76,31350957,200,0.9342023999925004,none
lstm,fold_2,bull,Volatility_10,0.1295850049336937,0.7355371900826446,76,76,31350957,200,0.9342023999925004,none
lstm,fold_2,bull,Volatility_20,0.2946761528678747,0.4462809917355372,76,76,31350957,200,0.9342023999925004,none
lstm,fold_2,bull,Volatility_60,0.1969672462696364,0.6115702479338843,76,76,31350957,200,0.9342023999925004,none
lstm,fold_2,bull,Momentum_5,0.0541474632752062,0.9338842975206612,76,76,31350957,200,0.9342023999925004,none
lstm,fold_2,bull,Momentum_10,0.0175950048063226,0.9917355371900828,76,76,31350957,200,0.9342023999925004,none
lstm,fold_2,bull,Momentum_20,0.4026942503224985,0.3636363636363636,76,76,31350957,200,0.9342023999925004,none
lstm,fold_2,bull,Momentum_60,0.2506543212453834,0.4958677685950413,76,76,31350957,200,0.9342023999925004,none
lstm,fold_2,bull,ROC_5,0.0828865473761413,0.859504132231405,76,76,31350957,200,0.9342023999925004,none
lstm,fold_2,bull,ROC_10,0.2982472731600099,0.4297520661157025,76,76,31350957,200,0.9342023999925004,none
lstm,fold_2,bull,ROC_20,0.1429203106111871,0.6859504132231405,76,76,31350957,200,0.9342023999925004,none
lstm,fold_2,bull,ROC_60,0.0636141096238708,0.9090909090909092,76,76,31350957,200,0.9342023999925004,none
lstm,fold_2,bull,Ratio_Close_D_to_W,0.2236373752922334,0.5454545454545454,76,76,31350957,200,0.9342023999925004,none
lstm,fold_2,bull,Ratio_Close_D_to_M,0.1046357106701945,0.7851239669421488,76,76,31350957,200,0.9342023999925004,none
lstm,fold_2,bull,Ratio_Volume_D_to_W,0.1163509177368388,0.743801652892562,76,76,31350957,200,0.9342023999925004,none
lstm,fold_2,bull,Spread_D,0.1432548890388668,0.6776859504132231,76,76,31350957,200,0.9342023999925004,none
lstm,fold_2,bull,Body_D,0.0190967246926842,0.9834710743801652,76,76,31350957,200,0.9342023999925004,none
lstm,fold_2,bull,Body_abs_D,0.2939762252769708,0.4545454545454545,76,76,31350957,200,0.9342023999925004,none
lstm,fold_2,bull,Upper_Shadow_D,0.210408362219804,0.5702479338842975,76,76,31350957,200,0.9342023999925004,none
lstm,fold_2,bull,Lower_Shadow_D,0.0151095938805969,1.0,76,76,31350957,200,0.9342023999925004,none
lstm,fold_2,bull,Body_to_Range_D,0.3414116760295368,0.396694214876033,76,76,31350957,200,0.9342023999925004,none
lstm,fold_2,bull,Close_Position_D,0.2510547192889805,0.4876033057851239,76,76,31350957,200,0.9342023999925004,none
lstm,fold_2,bull,Spread_W,0.1982229888108314,0.6033057851239669,76,76,31350957,200,0.9342023999925004,none
lstm,fold_2,bull,Body_W,0.1383697459385362,0.7024793388429752,76,76,31350957,200,0.9342023999925004,none
lstm,fold_2,bull,Close_Position_W,0.2681150971075495,0.4710743801652892,76,76,31350957,200,0.9342023999925004,none
lstm,fold_2,bull,Spread_M,0.0953491752388704,0.8264462809917356,76,76,31350957,200,0.9342023999925004,none
lstm,fold_2,bull,Body_M,0.6302185004528024,0.1983471074380165,76,76,31350957,200,0.9342023999925004,none
lstm,fold_2,bull,Close_Position_M,0.2593466993654912,0.4793388429752066,76,76,31350957,200,0.9342023999925004,none
lstm,fold_2,bull,Volume_MA_5,0.3238545993430642,0.4049586776859504,76,76,31350957,200,0.9342023999925004,none
lstm,fold_2,bull,Volume_MA_20,0.2446176050439948,0.5041322314049587,76,76,31350957,200,0.9342023999925004,none
lstm,fold_2,bull,Volume_Ratio_5,0.144135581824881,0.6694214876033058,76,76,31350957,200,0.9342023999925004,none
lstm,fold_2,bull,Volume_Ratio_20,0.1104768828375534,0.7603305785123967,76,76,31350957,200,0.9342023999925004,none
lstm,fold_2,bull,Volume_Change_1D,0.2142312540600343,0.5537190082644629,76,76,31350957,200,0.9342023999925004,none
lstm,fold_2,bull,Volume_Change_5D,0.2113095542613576,0.5619834710743802,76,76,31350957,200,0.9342023999925004,none
lstm,fold_2,bull,Volume_Change_20D,0.0332855035393884,0.950413223140496,76,76,31350957,200,0.9342023999925004,none
lstm,fold_2,bull,Direction_lag1,0.300529113003837,0.4214876033057851,76,76,31350957,200,0.9342023999925004,none
lstm,fold_2,bull,Direction_lag2,0.8004940165108756,0.1239669421487603,76,76,31350957,200,0.9342023999925004,none
lstm,fold_2,bull,Direction_lag3,0.2830572772029738,0.4628099173553719,76,76,31350957,200,0.9342023999925004,none
lstm,fold_2,bull,Direction_lag5,0.5594868944204217,0.256198347107438,76,76,31350957,200,0.9342023999925004,none
lstm,fold_2,bull,Up_Ratio_5,0.514709671861247,0.3140495867768595,76,76,31350957,200,0.9342023999925004,none
lstm,fold_2,bull,Up_Ratio_10,0.5791856387715885,0.2314049586776859,76,76,31350957,200,0.9342023999925004,none
lstm,fold_2,bull,Up_Ratio_20,0.4951353967831222,0.3223140495867768,76,76,31350957,200,0.9342023999925004,none
lstm,fold_2,bull,Down_Ratio_5,0.5721345006384102,0.2396694214876033,76,76,31350957,200,0.9342023999925004,none
lstm,fold_2,bull,Down_Ratio_10,0.2262338035567632,0.5371900826446281,76,76,31350957,200,0.9342023999925004,none
lstm,fold_2,bull,Down_Ratio_20,0.3971544740220691,0.371900826446281,76,76,31350957,200,0.9342023999925004,none
lstm,fold_2,bull,WMA_5,1.4274226886697736,0.024793388429752,76,76,31350957,200,0.9342023999925004,none
lstm,fold_2,bull,WMA_10,1.5611872166983392,0.0165289256198347,76,76,31350957,200,0.9342023999925004,none
lstm,fold_2,bull,WMA_20,0.6205307484065231,0.2148760330578512,76,76,31350957,200,0.9342023999925004,none
lstm,fold_2,bull,WMA_60,1.297035534836744,0.0578512396694214,76,76,31350957,200,0.9342023999925004,none
lstm,fold_2,bull,StochK_14,1.3814059511468306,0.0330578512396694,76,76,31350957,200,0.9342023999925004,none
lstm,fold_2,bull,StochD_3,0.5573138757388254,0.2727272727272727,76,76,31350957,200,0.9342023999925004,none
lstm,fold_2,bull,RSI_14,0.2091762705456379,0.5785123966942148,76,76,31350957,200,0.9342023999925004,none
lstm,fold_2,bull,MACD_12_26,0.0580712976267022,0.9256198347107438,76,76,31350957,200,0.9342023999925004,none
lstm,fold_2,bull,MACD_Signal_9,0.2392395667544501,0.512396694214876,76,76,31350957,200,0.9342023999925004,none
lstm,fold_2,bull,MACD_Histogram,0.1365828025026099,0.71900826446281,76,76,31350957,200,0.9342023999925004,none
lstm,fold_2,bull,WilliamsR_14,0.7054867095681594,0.1652892561983471,76,76,31350957,200,0.9342023999925004,none
lstm,fold_2,bull,CCI_20,0.1995813065064315,0.5950413223140496,76,76,31350957,200,0.9342023999925004,none
lstm,fold_2,bull,ADX_14,0.1590420866487348,0.6528925619834711,76,76,31350957,200,0.9342023999925004,none
lstm,fold_2,bull,PlusDI_14,0.3820976712493575,0.3801652892561983,76,76,31350957,200,0.9342023999925004,none
lstm,fold_2,bull,MinusDI_14,0.6206282481034577,0.2066115702479339,76,76,31350957,200,0.9342023999925004,none
lstm,fold_2,bull,VMD_IMF_1,0.5506581642664969,0.2809917355371901,76,76,31350957,200,0.9342023999925004,none
lstm,fold_2,bull,VMD_IMF_2,0.0760097849086665,0.8677685950413223,76,76,31350957,200,0.9342023999925004,none
lstm,fold_2,bull,VMD_IMF_3,0.0629187208369043,0.9173553719008264,76,76,31350957,200,0.9342023999925004,none
lstm,fold_2,bull,VMD_IMF_4,0.096014501564557,0.8181818181818182,76,76,31350957,200,0.9342023999925004,none
lstm,fold_2,bull,VMD_Denoised_Close,0.96283217506402,0.1157024793388429,76,76,31350957,200,0.9342023999925004,none
lstm,fold_2,bull,VMD_Noise_Energy_Ratio,0.2953904498542933,0.4380165289256198,76,76,31350957,200,0.9342023999925004,none
lstm,fold_2,global,Open_D,0.0650918380429288,0.9090909090909092,243,128,173796267,200,1.808800800004974,none
lstm,fold_2,global,High_D,0.6959719270476412,0.1652892561983471,243,128,173796267,200,1.808800800004974,none
lstm,fold_2,global,Low_D,0.8639453847194091,0.1074380165289256,243,128,173796267,200,1.808800800004974,none
lstm,fold_2,global,Close_D,21.665011450392196,0.0,243,128,173796267,200,1.808800800004974,none
lstm,fold_2,global,Volume_D,0.1996457671614734,0.5867768595041323,243,128,173796267,200,1.808800800004974,none
lstm,fold_2,global,Change_pct_D,0.030690769068417,0.9586776859504132,243,128,173796267,200,1.808800800004974,none
lstm,fold_2,global,Open_W,0.7447982826386579,0.1487603305785124,243,128,173796267,200,1.808800800004974,none
lstm,fold_2,global,High_W,0.7502225989941508,0.140495867768595,243,128,173796267,200,1.808800800004974,none
lstm,fold_2,global,Low_W,0.9461344636258218,0.0991735537190082,243,128,173796267,200,1.808800800004974,none
lstm,fold_2,global,Close_W,0.4840748617505596,0.3305785123966942,243,128,173796267,200,1.808800800004974,none
lstm,fold_2,global,Volume_W,0.174607829933393,0.6363636363636364,243,128,173796267,200,1.808800800004974,none
lstm,fold_2,global,Change_pct_W,0.0877624121621693,0.859504132231405,243,128,173796267,200,1.808800800004974,none
lstm,fold_2,global,Open_M,0.508120856131427,0.3140495867768595,243,128,173796267,200,1.808800800004974,none
lstm,fold_2,global,High_M,1.3798642464214936,0.024793388429752,243,128,173796267,200,1.808800800004974,none
lstm,fold_2,global,Low_M,0.6212626262373533,0.2148760330578512,243,128,173796267,200,1.808800800004974,none
lstm,fold_2,global,Close_M,0.3455513401337157,0.4049586776859504,243,128,173796267,200,1.808800800004974,none
lstm,fold_2,global,Volume_M,0.1203489632661671,0.7520661157024794,243,128,173796267,200,1.808800800004974,none
lstm,fold_2,global,Change_pct_M,0.1733103258751029,0.6446280991735537,243,128,173796267,200,1.808800800004974,none
lstm,fold_2,global,Close_D_lag1,2.195441826269962,0.0082644628099173,243,128,173796267,200,1.808800800004974,none
lstm,fold_2,global,Close_D_lag2,0.9540422928555928,0.0826446280991735,243,128,173796267,200,1.808800800004974,none
lstm,fold_2,global,Close_D_lag3,0.675411082804203,0.1735537190082644,243,128,173796267,200,1.808800800004974,none
lstm,fold_2,global,Close_D_lag5,0.5444051975506227,0.2892561983471074,243,128,173796267,200,1.808800800004974,none
lstm,fold_2,global,Close_D_lag10,0.6227519734064118,0.2066115702479339,243,128,173796267,200,1.808800800004974,none
lstm,fold_2,global,Close_D_lag20,0.3616701167542487,0.3884297520661157,243,128,173796267,200,1.808800800004974,none
lstm,fold_2,global,Close_D_lag60,0.6114003559108824,0.2231404958677686,243,128,173796267,200,1.808800800004974,none
lstm,fold_2,global,Change_pct_D_lag1,0.0855588786932173,0.8760330578512396,243,128,173796267,200,1.808800800004974,none
lstm,fold_2,global,Change_pct_D_lag2,0.1562032058167396,0.6694214876033058,243,128,173796267,200,1.808800800004974,none
lstm,fold_2,global,Change_pct_D_lag3,0.1526587277745818,0.6942148760330579,243,128,173796267,200,1.808800800004974,none
lstm,fold_2,global,Change_pct_D_lag5,0.1293634557102109,0.71900826446281,243,128,173796267,200,1.808800800004974,none
lstm,fold_2,global,Change_pct_D_lag10,0.0538040349855009,0.9421487603305784,243,128,173796267,200,1.808800800004974,none
lstm,fold_2,global,Change_pct_D_lag20,0.0958613431089276,0.8429752066115702,243,128,173796267,200,1.808800800004974,none
lstm,fold_2,global,Volume_D_lag1,0.1908576288193543,0.6033057851239669,243,128,173796267,200,1.808800800004974,none
lstm,fold_2,global,Volume_D_lag2,0.1556546515410673,0.6776859504132231,243,128,173796267,200,1.808800800004974,none
lstm,fold_2,global,Volume_D_lag3,0.2325466973257334,0.5454545454545454,243,128,173796267,200,1.808800800004974,none
lstm,fold_2,global,Volume_D_lag5,0.106708493795486,0.7933884297520661,243,128,173796267,200,1.808800800004974,none
lstm,fold_2,global,Volume_D_lag10,0.023468369321489,0.9834710743801652,243,128,173796267,200,1.808800800004974,none
lstm,fold_2,global,Volume_D_lag20,0.0238017498658962,0.975206611570248,243,128,173796267,200,1.808800800004974,none
lstm,fold_2,global,Close_W_lag1,1.2186858706409112,0.0578512396694214,243,128,173796267,200,1.808800800004974,none
lstm,fold_2,global,Close_W_lag2,0.9509257575147784,0.0909090909090909,243,128,173796267,200,1.808800800004974,none
lstm,fold_2,global,Close_W_lag4,1.1252235502814982,0.0661157024793388,243,128,173796267,200,1.808800800004974,none
lstm,fold_2,global,Close_M_lag1,0.6515218222362819,0.1818181818181818,243,128,173796267,200,1.808800800004974,none
lstm,fold_2,global,Close_M_lag3,0.5358054346372321,0.2975206611570248,243,128,173796267,200,1.808800800004974,none
lstm,fold_2,global,Return_1D,0.0999566364679708,0.8099173553719008,243,128,173796267,200,1.808800800004974,none
lstm,fold_2,global,Return_3D,0.1199489461072403,0.7603305785123967,243,128,173796267,200,1.808800800004974,none
lstm,fold_2,global,Return_5D,0.0920706256398901,0.8512396694214877,243,128,173796267,200,1.808800800004974,none
lstm,fold_2,global,Return_10D,0.0992372806779371,0.8181818181818182,243,128,173796267,200,1.808800800004974,none
lstm,fold_2,global,Return_20D,0.41575570257246,0.3553719008264462,243,128,173796267,200,1.808800800004974,none
lstm,fold_2,global,Return_60D,0.1521760638363616,0.7024793388429752,243,128,173796267,200,1.808800800004974,none
lstm,fold_2,global,SMA_5,0.4458389504337674,0.3471074380165289,243,128,173796267,200,1.808800800004974,none
lstm,fold_2,global,SMA_10,0.5311605327762663,0.3057851239669421,243,128,173796267,200,1.808800800004974,none
lstm,fold_2,global,SMA_20,0.7967362171271816,0.1322314049586777,243,128,173796267,200,1.808800800004974,none
lstm,fold_2,global,SMA_60,1.0828700899146495,0.0743801652892562,243,128,173796267,200,1.808800800004974,none
lstm,fold_2,global,Close_to_SMA_5,0.1925396662972844,0.5950413223140496,243,128,173796267,200,1.808800800004974,none
lstm,fold_2,global,Close_to_SMA_10,0.2066459965234003,0.5702479338842975,243,128,173796267,200,1.808800800004974,none
lstm,fold_2,global,Close_to_SMA_20,0.063360453660627,0.9256198347107438,243,128,173796267,200,1.808800800004974,none
lstm,fold_2,global,Close_to_SMA_60,0.1746202607979285,0.628099173553719,243,128,173796267,200,1.808800800004974,none
lstm,fold_2,global,Volatility_5,0.3913443063995373,0.371900826446281,243,128,173796267,200,1.808800800004974,none
lstm,fold_2,global,Volatility_10,0.0968796053145183,0.8264462809917356,243,128,173796267,200,1.808800800004974,none
lstm,fold_2,global,Volatility_20,0.2424641386009511,0.5041322314049587,243,128,173796267,200,1.808800800004974,none
lstm,fold_2,global,Volatility_60,0.169172412345506,0.6611570247933884,243,128,173796267,200,1.808800800004974,none
lstm,fold_2,global,Momentum_5,0.0583863406138334,0.9338842975206612,243,128,173796267,200,1.808800800004974,none
lstm,fold_2,global,Momentum_10,0.0189623673877122,0.9917355371900828,243,128,173796267,200,1.808800800004974,none
lstm,fold_2,global,Momentum_20,0.3531580504348312,0.396694214876033,243,128,173796267,200,1.808800800004974,none
lstm,fold_2,global,Momentum_60,0.3381560457347348,0.4132231404958678,243,128,173796267,200,1.808800800004974,none
lstm,fold_2,global,ROC_5,0.0842854139681776,0.8925619834710744,243,128,173796267,200,1.808800800004974,none
lstm,fold_2,global,ROC_10,0.2664975395926376,0.4710743801652892,243,128,173796267,200,1.808800800004974,none
lstm,fold_2,global,ROC_20,0.1270840106892819,0.7272727272727273,243,128,173796267,200,1.808800800004974,none
lstm,fold_2,global,ROC_60,0.0866437095936106,0.8677685950413223,243,128,173796267,200,1.808800800004974,none
lstm,fold_2,global,Ratio_Close_D_to_W,0.2326224175894594,0.5371900826446281,243,128,173796267,200,1.808800800004974,none
lstm,fold_2,global,Ratio_Close_D_to_M,0.0968298679625277,0.8347107438016529,243,128,173796267,200,1.808800800004974,none
lstm,fold_2,global,Ratio_Volume_D_to_W,0.1199370850037212,0.768595041322314,243,128,173796267,200,1.808800800004974,none
lstm,fold_2,global,Spread_D,0.1264065403391242,0.7355371900826446,243,128,173796267,200,1.808800800004974,none
lstm,fold_2,global,Body_D,0.0288230961645638,0.9669421487603306,243,128,173796267,200,1.808800800004974,none
lstm,fold_2,global,Body_abs_D,0.3016414740388882,0.4462809917355372,243,128,173796267,200,1.808800800004974,none
lstm,fold_2,global,Upper_Shadow_D,0.2182344405160378,0.5537190082644629,243,128,173796267,200,1.808800800004974,none
lstm,fold_2,global,Lower_Shadow_D,0.0168113946065616,1.0,243,128,173796267,200,1.808800800004974,none
lstm,fold_2,global,Body_to_Range_D,0.370020908974675,0.3801652892561983,243,128,173796267,200,1.808800800004974,none
lstm,fold_2,global,Close_Position_D,0.2555159880862902,0.4793388429752066,243,128,173796267,200,1.808800800004974,none
lstm,fold_2,global,Spread_W,0.138753304810848,0.7107438016528925,243,128,173796267,200,1.808800800004974,none
lstm,fold_2,global,Body_W,0.1531236186085834,0.6859504132231405,243,128,173796267,200,1.808800800004974,none
lstm,fold_2,global,Close_Position_W,0.3335982836457333,0.4297520661157025,243,128,173796267,200,1.808800800004974,none
lstm,fold_2,global,Spread_M,0.1174921161669317,0.7768595041322314,243,128,173796267,200,1.808800800004974,none
lstm,fold_2,global,Body_M,0.4855211462172065,0.3223140495867768,243,128,173796267,200,1.808800800004974,none
lstm,fold_2,global,Close_Position_M,0.2799495489834953,0.4628099173553719,243,128,173796267,200,1.808800800004974,none
lstm,fold_2,global,Volume_MA_5,0.3380514589918675,0.4214876033057851,243,128,173796267,200,1.808800800004974,none
lstm,fold_2,global,Volume_MA_20,0.241390820458264,0.512396694214876,243,128,173796267,200,1.808800800004974,none
lstm,fold_2,global,Volume_Ratio_5,0.1708649988809611,0.6528925619834711,243,128,173796267,200,1.808800800004974,none
lstm,fold_2,global,Volume_Ratio_20,0.1221625234065413,0.743801652892562,243,128,173796267,200,1.808800800004974,none
lstm,fold_2,global,Volume_Change_1D,0.2356788879973237,0.5289256198347108,243,128,173796267,200,1.808800800004974,none
lstm,fold_2,global,Volume_Change_5D,0.2118729463796739,0.5619834710743802,243,128,173796267,200,1.808800800004974,none
lstm,fold_2,global,Volume_Change_20D,0.0428750757334682,0.950413223140496,243,128,173796267,200,1.808800800004974,none
lstm,fold_2,global,Direction_lag1,0.2919357763551488,0.4545454545454545,243,128,173796267,200,1.808800800004974,none
lstm,fold_2,global,Direction_lag2,0.8054707028670236,0.1157024793388429,243,128,173796267,200,1.808800800004974,none
lstm,fold_2,global,Direction_lag3,0.3110474369981147,0.4380165289256198,243,128,173796267,200,1.808800800004974,none
lstm,fold_2,global,Direction_lag5,0.5802874150147546,0.256198347107438,243,128,173796267,200,1.808800800004974,none
lstm,fold_2,global,Up_Ratio_5,0.5558282254554797,0.2809917355371901,243,128,173796267,200,1.808800800004974,none
lstm,fold_2,global,Up_Ratio_10,0.5817324412711968,0.2479338842975206,243,128,173796267,200,1.808800800004974,none
lstm,fold_2,global,Up_Ratio_20,0.56370342231221,0.2644628099173554,243,128,173796267,200,1.808800800004974,none
lstm,fold_2,global,Down_Ratio_5,0.644012008061722,0.1900826446280991,243,128,173796267,200,1.808800800004974,none
lstm,fold_2,global,Down_Ratio_10,0.246701505868566,0.4876033057851239,243,128,173796267,200,1.808800800004974,none
lstm,fold_2,global,Down_Ratio_20,0.4628258267109231,0.3388429752066115,243,128,173796267,200,1.808800800004974,none
lstm,fold_2,global,WMA_5,1.3219419195177806,0.0495867768595041,243,128,173796267,200,1.808800800004974,none
lstm,fold_2,global,WMA_10,1.331479994824622,0.0413223140495867,243,128,173796267,200,1.808800800004974,none
lstm,fold_2,global,WMA_20,0.628184297052212,0.1983471074380165,243,128,173796267,200,1.808800800004974,none
lstm,fold_2,global,WMA_60,1.3356690651504324,0.0330578512396694,243,128,173796267,200,1.808800800004974,none
lstm,fold_2,global,StochK_14,1.412946211233131,0.0165289256198347,243,128,173796267,200,1.808800800004974,none
lstm,fold_2,global,StochD_3,0.5825146621913746,0.2396694214876033,243,128,173796267,200,1.808800800004974,none
lstm,fold_2,global,RSI_14,0.1874038248901797,0.6115702479338843,243,128,173796267,200,1.808800800004974,none
lstm,fold_2,global,MACD_12_26,0.0645468868274292,0.9173553719008264,243,128,173796267,200,1.808800800004974,none
lstm,fold_2,global,MACD_Signal_9,0.2410063857833165,0.5206611570247934,243,128,173796267,200,1.808800800004974,none
lstm,fold_2,global,MACD_Histogram,0.1053622894573891,0.8016528925619835,243,128,173796267,200,1.808800800004974,none
lstm,fold_2,global,WilliamsR_14,0.7060857147938805,0.1570247933884297,243,128,173796267,200,1.808800800004974,none
lstm,fold_2,global,CCI_20,0.1821892428913088,0.6198347107438017,243,128,173796267,200,1.808800800004974,none
lstm,fold_2,global,ADX_14,0.2042223366266626,0.5785123966942148,243,128,173796267,200,1.808800800004974,none
lstm,fold_2,global,PlusDI_14,0.6049940186514504,0.2314049586776859,243,128,173796267,200,1.808800800004974,none
lstm,fold_2,global,MinusDI_14,0.4089287250892539,0.3636363636363636,243,128,173796267,200,1.808800800004974,none
lstm,fold_2,global,VMD_IMF_1,0.5616322154804948,0.2727272727272727,243,128,173796267,200,1.808800800004974,none
lstm,fold_2,global,VMD_IMF_2,0.0745281836858488,0.9008264462809916,243,128,173796267,200,1.808800800004974,none
lstm,fold_2,global,VMD_IMF_3,0.0843061629989051,0.8842975206611571,243,128,173796267,200,1.808800800004974,none
lstm,fold_2,global,VMD_IMF_4,0.1162182767084687,0.7851239669421488,243,128,173796267,200,1.808800800004974,none
lstm,fold_2,global,VMD_Denoised_Close,0.7999241669569528,0.1239669421487603,243,128,173796267,200,1.808800800004974,none
lstm,fold_2,global,VMD_Noise_Energy_Ratio,0.2439202140138277,0.4958677685950413,243,128,173796267,200,1.808800800004974,none
lstm,fold_2,sideway,Open_D,0.0596064548758832,0.9008264462809916,92,92,926452204,200,1.0506848000077298,none
lstm,fold_2,sideway,High_D,0.6584330768847216,0.1570247933884297,92,92,926452204,200,1.0506848000077298,none
lstm,fold_2,sideway,Low_D,0.8337349570963694,0.1074380165289256,92,92,926452204,200,1.0506848000077298,none
lstm,fold_2,sideway,Close_D,20.719359265559397,0.0,92,92,926452204,200,1.0506848000077298,none
lstm,fold_2,sideway,Volume_D,0.1877160022027095,0.5702479338842975,92,92,926452204,200,1.0506848000077298,none
lstm,fold_2,sideway,Change_pct_D,0.0274939012115203,0.9669421487603306,92,92,926452204,200,1.0506848000077298,none
lstm,fold_2,sideway,Open_W,0.7011587530860435,0.1487603305785124,92,92,926452204,200,1.0506848000077298,none
lstm,fold_2,sideway,High_W,0.7220581678916579,0.140495867768595,92,92,926452204,200,1.0506848000077298,none
lstm,fold_2,sideway,Low_W,0.9192671309994614,0.0909090909090909,92,92,926452204,200,1.0506848000077298,none
lstm,fold_2,sideway,Close_W,0.4615067375669479,0.3057851239669421,92,92,926452204,200,1.0506848000077298,none
lstm,fold_2,sideway,Volume_W,0.160645694605708,0.628099173553719,92,92,926452204,200,1.0506848000077298,none
lstm,fold_2,sideway,Change_pct_W,0.0797309823180156,0.8347107438016529,92,92,926452204,200,1.0506848000077298,none
lstm,fold_2,sideway,Open_M,0.4939902751666048,0.2809917355371901,92,92,926452204,200,1.0506848000077298,none
lstm,fold_2,sideway,High_M,1.332859362370294,0.0165289256198347,92,92,926452204,200,1.0506848000077298,none
lstm,fold_2,sideway,Low_M,0.5869592342349832,0.2066115702479339,92,92,926452204,200,1.0506848000077298,none
lstm,fold_2,sideway,Close_M,0.3183121973466452,0.396694214876033,92,92,926452204,200,1.0506848000077298,none
lstm,fold_2,sideway,Volume_M,0.1184687334084984,0.7520661157024794,92,92,926452204,200,1.0506848000077298,none
lstm,fold_2,sideway,Change_pct_M,0.166895831108286,0.6033057851239669,92,92,926452204,200,1.0506848000077298,none
lstm,fold_2,sideway,Close_D_lag1,2.105991042761699,0.0082644628099173,92,92,926452204,200,1.0506848000077298,none
lstm,fold_2,sideway,Close_D_lag2,0.9232996917309484,0.0826446280991735,92,92,926452204,200,1.0506848000077298,none
lstm,fold_2,sideway,Close_D_lag3,0.6473173964930617,0.1652892561983471,92,92,926452204,200,1.0506848000077298,none
lstm,fold_2,sideway,Close_D_lag5,0.5103051529913817,0.2644628099173554,92,92,926452204,200,1.0506848000077298,none
lstm,fold_2,sideway,Close_D_lag10,0.5957016865844312,0.1900826446280991,92,92,926452204,200,1.0506848000077298,none
lstm,fold_2,sideway,Close_D_lag20,0.359809823722943,0.3636363636363636,92,92,926452204,200,1.0506848000077298,none
lstm,fold_2,sideway,Close_D_lag60,0.6127333085174146,0.1818181818181818,92,92,926452204,200,1.0506848000077298,none
lstm,fold_2,sideway,Change_pct_D_lag1,0.0813507917080246,0.8181818181818182,92,92,926452204,200,1.0506848000077298,none
lstm,fold_2,sideway,Change_pct_D_lag2,0.1497521429765287,0.6528925619834711,92,92,926452204,200,1.0506848000077298,none
lstm,fold_2,sideway,Change_pct_D_lag3,0.160858462849928,0.6198347107438017,92,92,926452204,200,1.0506848000077298,none
lstm,fold_2,sideway,Change_pct_D_lag5,0.1381536461168687,0.6859504132231405,92,92,926452204,200,1.0506848000077298,none
lstm,fold_2,sideway,Change_pct_D_lag10,0.0586262078515732,0.9090909090909092,92,92,926452204,200,1.0506848000077298,none
lstm,fold_2,sideway,Change_pct_D_lag20,0.1028042136020224,0.7851239669421488,92,92,926452204,200,1.0506848000077298,none
lstm,fold_2,sideway,Volume_D_lag1,0.1890876156681493,0.5619834710743802,92,92,926452204,200,1.0506848000077298,none
lstm,fold_2,sideway,Volume_D_lag2,0.1563044768322509,0.6363636363636364,92,92,926452204,200,1.0506848000077298,none
lstm,fold_2,sideway,Volume_D_lag3,0.2354378558924667,0.4876033057851239,92,92,926452204,200,1.0506848000077298,none
lstm,fold_2,sideway,Volume_D_lag5,0.1043406524361078,0.7768595041322314,92,92,926452204,200,1.0506848000077298,none
lstm,fold_2,sideway,Volume_D_lag10,0.023818183864363,0.9834710743801652,92,92,926452204,200,1.0506848000077298,none
lstm,fold_2,sideway,Volume_D_lag20,0.026548436076479,0.975206611570248,92,92,926452204,200,1.0506848000077298,none
lstm,fold_2,sideway,Close_W_lag1,1.166977660163589,0.0495867768595041,92,92,926452204,200,1.0506848000077298,none
lstm,fold_2,sideway,Close_W_lag2,0.9023499048760404,0.0991735537190082,92,92,926452204,200,1.0506848000077298,none
lstm,fold_2,sideway,Close_W_lag4,1.0683575514357273,0.0743801652892562,92,92,926452204,200,1.0506848000077298,none
lstm,fold_2,sideway,Close_M_lag1,0.6253607403218706,0.1735537190082644,92,92,926452204,200,1.0506848000077298,none
lstm,fold_2,sideway,Close_M_lag3,0.5201736263512509,0.2479338842975206,92,92,926452204,200,1.0506848000077298,none
lstm,fold_2,sideway,Return_1D,0.0976721429302099,0.7933884297520661,92,92,926452204,200,1.0506848000077298,none
lstm,fold_2,sideway,Return_3D,0.1138224758677927,0.7603305785123967,92,92,926452204,200,1.0506848000077298,none
lstm,fold_2,sideway,Return_5D,0.0702955368294604,0.8677685950413223,92,92,926452204,200,1.0506848000077298,none
lstm,fold_2,sideway,Return_10D,0.0667913667917278,0.8760330578512396,92,92,926452204,200,1.0506848000077298,none
lstm,fold_2,sideway,Return_20D,0.2554561049674901,0.4545454545454545,92,92,926452204,200,1.0506848000077298,none
lstm,fold_2,sideway,Return_60D,0.1420957354397061,0.6776859504132231,92,92,926452204,200,1.0506848000077298,none
lstm,fold_2,sideway,SMA_5,0.4158147980009823,0.3388429752066115,92,92,926452204,200,1.0506848000077298,none
lstm,fold_2,sideway,SMA_10,0.5145636940455955,0.256198347107438,92,92,926452204,200,1.0506848000077298,none
lstm,fold_2,sideway,SMA_20,0.749460738249447,0.1322314049586777,92,92,926452204,200,1.0506848000077298,none
lstm,fold_2,sideway,SMA_60,1.0744217176800188,0.0661157024793388,92,92,926452204,200,1.0506848000077298,none
lstm,fold_2,sideway,Close_to_SMA_5,0.1657126557886563,0.6115702479338843,92,92,926452204,200,1.0506848000077298,none
lstm,fold_2,sideway,Close_to_SMA_10,0.1506118617515945,0.6446280991735537,92,92,926452204,200,1.0506848000077298,none
lstm,fold_2,sideway,Close_to_SMA_20,0.0321030134645337,0.950413223140496,92,92,926452204,200,1.0506848000077298,none
lstm,fold_2,sideway,Close_to_SMA_60,0.131977304066506,0.7024793388429752,92,92,926452204,200,1.0506848000077298,none
lstm,fold_2,sideway,Volatility_5,0.3495314863597267,0.3801652892561983,92,92,926452204,200,1.0506848000077298,none
lstm,fold_2,sideway,Volatility_10,0.073971542014276,0.859504132231405,92,92,926452204,200,1.0506848000077298,none
lstm,fold_2,sideway,Volatility_20,0.183572406970463,0.5785123966942148,92,92,926452204,200,1.0506848000077298,none
lstm,fold_2,sideway,Volatility_60,0.1443566603652668,0.6694214876033058,92,92,926452204,200,1.0506848000077298,none
lstm,fold_2,sideway,Momentum_5,0.0490988878122785,0.9256198347107438,92,92,926452204,200,1.0506848000077298,none
lstm,fold_2,sideway,Momentum_10,0.0146753000322899,1.0,92,92,926452204,200,1.0506848000077298,none
lstm,fold_2,sideway,Momentum_20,0.2233270870982264,0.512396694214876,92,92,926452204,200,1.0506848000077298,none
lstm,fold_2,sideway,Momentum_60,0.3035115580694883,0.4132231404958678,92,92,926452204,200,1.0506848000077298,none
lstm,fold_2,sideway,ROC_5,0.0658859193671757,0.8842975206611571,92,92,926452204,200,1.0506848000077298,none
lstm,fold_2,sideway,ROC_10,0.1772037317870696,0.5867768595041323,92,92,926452204,200,1.0506848000077298,none
lstm,fold_2,sideway,ROC_20,0.0785371581121224,0.8429752066115702,92,92,926452204,200,1.0506848000077298,none
lstm,fold_2,sideway,ROC_60,0.0819653514174127,0.8016528925619835,92,92,926452204,200,1.0506848000077298,none
lstm,fold_2,sideway,Ratio_Close_D_to_W,0.2002117477578197,0.5371900826446281,92,92,926452204,200,1.0506848000077298,none
lstm,fold_2,sideway,Ratio_Close_D_to_M,0.0608463750993352,0.8925619834710744,92,92,926452204,200,1.0506848000077298,none
lstm,fold_2,sideway,Ratio_Volume_D_to_W,0.1125865818841544,0.768595041322314,92,92,926452204,200,1.0506848000077298,none
lstm,fold_2,sideway,Spread_D,0.1239580833969087,0.7355371900826446,92,92,926452204,200,1.0506848000077298,none
lstm,fold_2,sideway,Body_D,0.027994665820957,0.9586776859504132,92,92,926452204,200,1.0506848000077298,none
lstm,fold_2,sideway,Body_abs_D,0.2948729983652415,0.4214876033057851,92,92,926452204,200,1.0506848000077298,none
lstm,fold_2,sideway,Upper_Shadow_D,0.2170560745423838,0.5206611570247934,92,92,926452204,200,1.0506848000077298,none
lstm,fold_2,sideway,Lower_Shadow_D,0.0167750818753357,0.9917355371900828,92,92,926452204,200,1.0506848000077298,none
lstm,fold_2,sideway,Body_to_Range_D,0.3833012315399094,0.3553719008264462,92,92,926452204,200,1.0506848000077298,none
lstm,fold_2,sideway,Close_Position_D,0.2538561684903233,0.4710743801652892,92,92,926452204,200,1.0506848000077298,none
lstm,fold_2,sideway,Spread_W,0.1243204029402556,0.7107438016528925,92,92,926452204,200,1.0506848000077298,none
lstm,fold_2,sideway,Body_W,0.1468396354203477,0.6611570247933884,92,92,926452204,200,1.0506848000077298,none
lstm,fold_2,sideway,Close_Position_W,0.3552682929851985,0.371900826446281,92,92,926452204,200,1.0506848000077298,none
lstm,fold_2,sideway,Spread_M,0.1241845937587008,0.7272727272727273,92,92,926452204,200,1.0506848000077298,none
lstm,fold_2,sideway,Body_M,0.4542682894559972,0.3140495867768595,92,92,926452204,200,1.0506848000077298,none
lstm,fold_2,sideway,Close_Position_M,0.2847451304281054,0.4297520661157025,92,92,926452204,200,1.0506848000077298,none
lstm,fold_2,sideway,Volume_MA_5,0.3212227105132668,0.3884297520661157,92,92,926452204,200,1.0506848000077298,none
lstm,fold_2,sideway,Volume_MA_20,0.2542815049424383,0.4628099173553719,92,92,926452204,200,1.0506848000077298,none
lstm,fold_2,sideway,Volume_Ratio_5,0.1755417039116171,0.5950413223140496,92,92,926452204,200,1.0506848000077298,none
lstm,fold_2,sideway,Volume_Ratio_20,0.1231323732566322,0.743801652892562,92,92,926452204,200,1.0506848000077298,none
lstm,fold_2,sideway,Volume_Change_1D,0.2396540803110363,0.4793388429752066,92,92,926452204,200,1.0506848000077298,none
lstm,fold_2,sideway,Volume_Change_5D,0.2100000163213617,0.5289256198347108,92,92,926452204,200,1.0506848000077298,none
lstm,fold_2,sideway,Volume_Change_20D,0.0398193460760071,0.9421487603305784,92,92,926452204,200,1.0506848000077298,none
lstm,fold_2,sideway,Direction_lag1,0.2764013243148245,0.4380165289256198,92,92,926452204,200,1.0506848000077298,none
lstm,fold_2,sideway,Direction_lag2,0.8049767966179744,0.1157024793388429,92,92,926452204,200,1.0506848000077298,none
lstm,fold_2,sideway,Direction_lag3,0.307099914546732,0.4049586776859504,92,92,926452204,200,1.0506848000077298,none
lstm,fold_2,sideway,Direction_lag5,0.5774074799669704,0.2231404958677686,92,92,926452204,200,1.0506848000077298,none
lstm,fold_2,sideway,Up_Ratio_5,0.4900260633100634,0.2892561983471074,92,92,926452204,200,1.0506848000077298,none
lstm,fold_2,sideway,Up_Ratio_10,0.5004144484359447,0.2727272727272727,92,92,926452204,200,1.0506848000077298,none
lstm,fold_2,sideway,Up_Ratio_20,0.4505299974455619,0.3223140495867768,92,92,926452204,200,1.0506848000077298,none
lstm,fold_2,sideway,Down_Ratio_5,0.5604279409029519,0.2314049586776859,92,92,926452204,200,1.0506848000077298,none
lstm,fold_2,sideway,Down_Ratio_10,0.1974385539198208,0.5537190082644629,92,92,926452204,200,1.0506848000077298,none
lstm,fold_2,sideway,Down_Ratio_20,0.3905755091668454,0.3471074380165289,92,92,926452204,200,1.0506848000077298,none
lstm,fold_2,sideway,WMA_5,1.2615533909821155,0.0413223140495867,92,92,926452204,200,1.0506848000077298,none
lstm,fold_2,sideway,WMA_10,1.273062017203673,0.0330578512396694,92,92,926452204,200,1.0506848000077298,none
lstm,fold_2,sideway,WMA_20,0.5952749122096145,0.1983471074380165,92,92,926452204,200,1.0506848000077298,none
lstm,fold_2,sideway,WMA_60,1.3135243348453356,0.024793388429752,92,92,926452204,200,1.0506848000077298,none
lstm,fold_2,sideway,StochK_14,1.155600934769229,0.0578512396694214,92,92,926452204,200,1.0506848000077298,none
lstm,fold_2,sideway,StochD_3,0.4448357101797465,0.3305785123966942,92,92,926452204,200,1.0506848000077298,none
lstm,fold_2,sideway,RSI_14,0.0809483569121094,0.8264462809917356,92,92,926452204,200,1.0506848000077298,none
lstm,fold_2,sideway,MACD_12_26,0.057562257135135,0.9173553719008264,92,92,926452204,200,1.0506848000077298,none
lstm,fold_2,sideway,MACD_Signal_9,0.2255514327656229,0.5041322314049587,92,92,926452204,200,1.0506848000077298,none
lstm,fold_2,sideway,MACD_Histogram,0.0753958290456111,0.8512396694214877,92,92,926452204,200,1.0506848000077298,none
lstm,fold_2,sideway,WilliamsR_14,0.5854832324996571,0.2148760330578512,92,92,926452204,200,1.0506848000077298,none
lstm,fold_2,sideway,CCI_20,0.1242506181348606,0.71900826446281,92,92,926452204,200,1.0506848000077298,none
lstm,fold_2,sideway,ADX_14,0.2284707495396224,0.4958677685950413,92,92,926452204,200,1.0506848000077298,none
lstm,fold_2,sideway,PlusDI_14,0.4723661158836836,0.2975206611570248,92,92,926452204,200,1.0506848000077298,none
lstm,fold_2,sideway,MinusDI_14,0.2748158102659901,0.4462809917355372,92,92,926452204,200,1.0506848000077298,none
lstm,fold_2,sideway,VMD_IMF_1,0.5384891368954888,0.2396694214876033,92,92,926452204,200,1.0506848000077298,none
lstm,fold_2,sideway,VMD_IMF_2,0.0450218730834145,0.9338842975206612,92,92,926452204,200,1.0506848000077298,none
lstm,fold_2,sideway,VMD_IMF_3,0.0818021293614393,0.8099173553719008,92,92,926452204,200,1.0506848000077298,none
lstm,fold_2,sideway,VMD_IMF_4,0.1376999559324916,0.6942148760330579,92,92,926452204,200,1.0506848000077298,none
lstm,fold_2,sideway,VMD_Denoised_Close,0.7757556058178876,0.1239669421487603,92,92,926452204,200,1.0506848000077298,none
lstm,fold_2,sideway,VMD_Noise_Energy_Ratio,0.1986024426644215,0.5454545454545454,92,92,926452204,200,1.0506848000077298,none
lstm,fold_3,bear,Open_D,0.1591236019155006,0.9090909090909092,104,104,1367622273,200,1.2146264000039082,none
lstm,fold_3,bear,High_D,1.4076143484598456,0.0661157024793388,104,104,1367622273,200,1.2146264000039082,none
lstm,fold_3,bear,Low_D,1.4170916459791791,0.0578512396694214,104,104,1367622273,200,1.2146264000039082,none
lstm,fold_3,bear,Close_D,31.231084457051477,0.0,104,104,1367622273,200,1.2146264000039082,none
lstm,fold_3,bear,Volume_D,0.3059608616978109,0.7107438016528925,104,104,1367622273,200,1.2146264000039082,none
lstm,fold_3,bear,Change_pct_D,0.571862099513013,0.4049586776859504,104,104,1367622273,200,1.2146264000039082,none
lstm,fold_3,bear,Open_W,1.396893508714185,0.0743801652892562,104,104,1367622273,200,1.2146264000039082,none
lstm,fold_3,bear,High_W,0.95524611391548,0.2231404958677686,104,104,1367622273,200,1.2146264000039082,none
lstm,fold_3,bear,Low_W,1.2026004526961165,0.1239669421487603,104,104,1367622273,200,1.2146264000039082,none
lstm,fold_3,bear,Close_W,0.4472765304443713,0.4876033057851239,104,104,1367622273,200,1.2146264000039082,none
lstm,fold_3,bear,Volume_W,0.2664727403734455,0.768595041322314,104,104,1367622273,200,1.2146264000039082,none
lstm,fold_3,bear,Change_pct_W,0.2662233479179821,0.7768595041322314,104,104,1367622273,200,1.2146264000039082,none
lstm,fold_3,bear,Open_M,0.6360969587587393,0.3636363636363636,104,104,1367622273,200,1.2146264000039082,none
lstm,fold_3,bear,High_M,1.1539007709648177,0.140495867768595,104,104,1367622273,200,1.2146264000039082,none
lstm,fold_3,bear,Low_M,0.5587057314526577,0.4132231404958678,104,104,1367622273,200,1.2146264000039082,none
lstm,fold_3,bear,Close_M,0.2986002429741067,0.7272727272727273,104,104,1367622273,200,1.2146264000039082,none
lstm,fold_3,bear,Volume_M,0.171932855048936,0.8925619834710744,104,104,1367622273,200,1.2146264000039082,none
lstm,fold_3,bear,Change_pct_M,0.7406185264656625,0.3223140495867768,104,104,1367622273,200,1.2146264000039082,none
lstm,fold_3,bear,Close_D_lag1,2.532007530428326,0.0082644628099173,104,104,1367622273,200,1.2146264000039082,none
lstm,fold_3,bear,Close_D_lag2,1.3558689304161815,0.0826446280991735,104,104,1367622273,200,1.2146264000039082,none
lstm,fold_3,bear,Close_D_lag3,1.05363090015912,0.1900826446280991,104,104,1367622273,200,1.2146264000039082,none
lstm,fold_3,bear,Close_D_lag5,0.798847818057626,0.2809917355371901,104,104,1367622273,200,1.2146264000039082,none
lstm,fold_3,bear,Close_D_lag10,0.5228796950378567,0.4628099173553719,104,104,1367622273,200,1.2146264000039082,none
lstm,fold_3,bear,Close_D_lag20,0.3565861548019501,0.6033057851239669,104,104,1367622273,200,1.2146264000039082,none
lstm,fold_3,bear,Close_D_lag60,0.3042335085498275,0.71900826446281,104,104,1367622273,200,1.2146264000039082,none
lstm,fold_3,bear,Change_pct_D_lag1,0.3087649276792875,0.6942148760330579,104,104,1367622273,200,1.2146264000039082,none
lstm,fold_3,bear,Change_pct_D_lag2,0.2734975570178833,0.7520661157024794,104,104,1367622273,200,1.2146264000039082,none
lstm,fold_3,bear,Change_pct_D_lag3,0.3101708476729562,0.6776859504132231,104,104,1367622273,200,1.2146264000039082,none
lstm,fold_3,bear,Change_pct_D_lag5,0.154737861598082,0.9173553719008264,104,104,1367622273,200,1.2146264000039082,none
lstm,fold_3,bear,Change_pct_D_lag10,0.1660289556735593,0.9008264462809916,104,104,1367622273,200,1.2146264000039082,none
lstm,fold_3,bear,Change_pct_D_lag20,0.0913067031984487,0.9669421487603306,104,104,1367622273,200,1.2146264000039082,none
lstm,fold_3,bear,Volume_D_lag1,0.3079909712926355,0.7024793388429752,104,104,1367622273,200,1.2146264000039082,none
lstm,fold_3,bear,Volume_D_lag2,0.2856613322072147,0.7355371900826446,104,104,1367622273,200,1.2146264000039082,none
lstm,fold_3,bear,Volume_D_lag3,0.3888355740249748,0.5702479338842975,104,104,1367622273,200,1.2146264000039082,none
lstm,fold_3,bear,Volume_D_lag5,0.0917799602709307,0.9586776859504132,104,104,1367622273,200,1.2146264000039082,none
lstm,fold_3,bear,Volume_D_lag10,0.0684915206996475,0.9917355371900828,104,104,1367622273,200,1.2146264000039082,none
lstm,fold_3,bear,Volume_D_lag20,0.0447343383656135,1.0,104,104,1367622273,200,1.2146264000039082,none
lstm,fold_3,bear,Close_W_lag1,1.4613385116238182,0.0413223140495867,104,104,1367622273,200,1.2146264000039082,none
lstm,fold_3,bear,Close_W_lag2,1.60730316017826,0.024793388429752,104,104,1367622273,200,1.2146264000039082,none
lstm,fold_3,bear,Close_W_lag4,1.0516529816697584,0.1983471074380165,104,104,1367622273,200,1.2146264000039082,none
lstm,fold_3,bear,Close_M_lag1,0.4267898636180549,0.5289256198347108,104,104,1367622273,200,1.2146264000039082,none
lstm,fold_3,bear,Close_M_lag3,0.5915617865098354,0.3884297520661157,104,104,1367622273,200,1.2146264000039082,none
lstm,fold_3,bear,Return_1D,0.7942631852985449,0.2975206611570248,104,104,1367622273,200,1.2146264000039082,none
lstm,fold_3,bear,Return_3D,0.5507795130611227,0.4214876033057851,104,104,1367622273,200,1.2146264000039082,none
lstm,fold_3,bear,Return_5D,0.1828542915386676,0.859504132231405,104,104,1367622273,200,1.2146264000039082,none
lstm,fold_3,bear,Return_10D,0.4564462559327764,0.4793388429752066,104,104,1367622273,200,1.2146264000039082,none
lstm,fold_3,bear,Return_20D,1.001949050780744,0.2066115702479339,104,104,1367622273,200,1.2146264000039082,none
lstm,fold_3,bear,Return_60D,0.5990541350835253,0.3801652892561983,104,104,1367622273,200,1.2146264000039082,none
lstm,fold_3,bear,SMA_5,0.4256679650378198,0.5371900826446281,104,104,1367622273,200,1.2146264000039082,none
lstm,fold_3,bear,SMA_10,0.7312830374352276,0.3305785123966942,104,104,1367622273,200,1.2146264000039082,none
lstm,fold_3,bear,SMA_20,0.8877475630853531,0.2314049586776859,104,104,1367622273,200,1.2146264000039082,none
lstm,fold_3,bear,SMA_60,1.2070101279035532,0.1157024793388429,104,104,1367622273,200,1.2146264000039082,none
lstm,fold_3,bear,Close_to_SMA_5,0.3800273547939188,0.5785123966942148,104,104,1367622273,200,1.2146264000039082,none
lstm,fold_3,bear,Close_to_SMA_10,0.2660357623087258,0.7851239669421488,104,104,1367622273,200,1.2146264000039082,none
lstm,fold_3,bear,Close_to_SMA_20,0.408123837704009,0.5619834710743802,104,104,1367622273,200,1.2146264000039082,none
lstm,fold_3,bear,Close_to_SMA_60,0.5275276812135417,0.4545454545454545,104,104,1367622273,200,1.2146264000039082,none
lstm,fold_3,bear,Volatility_5,1.3244851451648805,0.0991735537190082,104,104,1367622273,200,1.2146264000039082,none
lstm,fold_3,bear,Volatility_10,1.4802374016146551,0.0330578512396694,104,104,1367622273,200,1.2146264000039082,none
lstm,fold_3,bear,Volatility_20,0.4285384823279925,0.5206611570247934,104,104,1367622273,200,1.2146264000039082,none
lstm,fold_3,bear,Volatility_60,0.2467816142299293,0.8099173553719008,104,104,1367622273,200,1.2146264000039082,none
lstm,fold_3,bear,Momentum_5,0.3244301012324005,0.6446280991735537,104,104,1367622273,200,1.2146264000039082,none
lstm,fold_3,bear,Momentum_10,0.1825834120193926,0.8760330578512396,104,104,1367622273,200,1.2146264000039082,none
lstm,fold_3,bear,Momentum_20,0.7957582175288596,0.2892561983471074,104,104,1367622273,200,1.2146264000039082,none
lstm,fold_3,bear,Momentum_60,1.1157636935930126,0.1652892561983471,104,104,1367622273,200,1.2146264000039082,none
lstm,fold_3,bear,ROC_5,0.2485010201441932,0.8016528925619835,104,104,1367622273,200,1.2146264000039082,none
lstm,fold_3,bear,ROC_10,0.2732032377629436,0.7603305785123967,104,104,1367622273,200,1.2146264000039082,none
lstm,fold_3,bear,ROC_20,0.8379568818794024,0.2644628099173554,104,104,1367622273,200,1.2146264000039082,none
lstm,fold_3,bear,ROC_60,0.3674528487808017,0.5950413223140496,104,104,1367622273,200,1.2146264000039082,none
lstm,fold_3,bear,Ratio_Close_D_to_W,0.4348370152699527,0.5041322314049587,104,104,1367622273,200,1.2146264000039082,none
lstm,fold_3,bear,Ratio_Close_D_to_M,0.1725778907544736,0.8842975206611571,104,104,1367622273,200,1.2146264000039082,none
lstm,fold_3,bear,Ratio_Volume_D_to_W,0.09522309660458,0.950413223140496,104,104,1367622273,200,1.2146264000039082,none
lstm,fold_3,bear,Spread_D,0.2459500309518227,0.8181818181818182,104,104,1367622273,200,1.2146264000039082,none
lstm,fold_3,bear,Body_D,0.2585002087550282,0.7933884297520661,104,104,1367622273,200,1.2146264000039082,none
lstm,fold_3,bear,Body_abs_D,0.5474668567812981,0.4297520661157025,104,104,1367622273,200,1.2146264000039082,none
lstm,fold_3,bear,Upper_Shadow_D,0.3767077266254336,0.5867768595041323,104,104,1367622273,200,1.2146264000039082,none
lstm,fold_3,bear,Lower_Shadow_D,0.0833525697233898,0.9834710743801652,104,104,1367622273,200,1.2146264000039082,none
lstm,fold_3,bear,Body_to_Range_D,0.3088342698669294,0.6859504132231405,104,104,1367622273,200,1.2146264000039082,none
lstm,fold_3,bear,Close_Position_D,0.2276721195342431,0.8264462809917356,104,104,1367622273,200,1.2146264000039082,none
lstm,fold_3,bear,Spread_W,0.4240755384668144,0.5454545454545454,104,104,1367622273,200,1.2146264000039082,none
lstm,fold_3,bear,Body_W,0.3231743791234923,0.6528925619834711,104,104,1367622273,200,1.2146264000039082,none
lstm,fold_3,bear,Close_Position_W,0.3425973140265971,0.6115702479338843,104,104,1367622273,200,1.2146264000039082,none
lstm,fold_3,bear,Spread_M,0.5435373633741759,0.4380165289256198,104,104,1367622273,200,1.2146264000039082,none
lstm,fold_3,bear,Body_M,1.2848169263088494,0.1074380165289256,104,104,1367622273,200,1.2146264000039082,none
lstm,fold_3,bear,Close_Position_M,0.8597719724075152,0.256198347107438,104,104,1367622273,200,1.2146264000039082,none
lstm,fold_3,bear,Volume_MA_5,0.4328037511669278,0.512396694214876,104,104,1367622273,200,1.2146264000039082,none
lstm,fold_3,bear,Volume_MA_20,0.211700989981014,0.8429752066115702,104,104,1367622273,200,1.2146264000039082,none
lstm,fold_3,bear,Volume_Ratio_5,0.2231869128713277,0.8347107438016529,104,104,1367622273,200,1.2146264000039082,none
lstm,fold_3,bear,Volume_Ratio_20,0.084719069776401,0.975206611570248,104,104,1367622273,200,1.2146264000039082,none
lstm,fold_3,bear,Volume_Change_1D,0.185010163127467,0.8512396694214877,104,104,1367622273,200,1.2146264000039082,none
lstm,fold_3,bear,Volume_Change_5D,0.1297074020208058,0.9256198347107438,104,104,1367622273,200,1.2146264000039082,none
lstm,fold_3,bear,Volume_Change_20D,0.0978102374892852,0.9421487603305784,104,104,1367622273,200,1.2146264000039082,none
lstm,fold_3,bear,Direction_lag1,0.1825966795425092,0.8677685950413223,104,104,1367622273,200,1.2146264000039082,none
lstm,fold_3,bear,Direction_lag2,1.1772124578741987,0.1322314049586777,104,104,1367622273,200,1.2146264000039082,none
lstm,fold_3,bear,Direction_lag3,0.6885994633881357,0.3388429752066115,104,104,1367622273,200,1.2146264000039082,none
lstm,fold_3,bear,Direction_lag5,0.4702470145391159,0.4710743801652892,104,104,1367622273,200,1.2146264000039082,none
lstm,fold_3,bear,Up_Ratio_5,0.4116662374429429,0.5537190082644629,104,104,1367622273,200,1.2146264000039082,none
lstm,fold_3,bear,Up_Ratio_10,0.3386367469797523,0.6198347107438017,104,104,1367622273,200,1.2146264000039082,none
lstm,fold_3,bear,Up_Ratio_20,0.7689202803756836,0.3140495867768595,104,104,1367622273,200,1.2146264000039082,none
lstm,fold_3,bear,Down_Ratio_5,0.7896929864001532,0.3057851239669421,104,104,1367622273,200,1.2146264000039082,none
lstm,fold_3,bear,Down_Ratio_10,0.3128761887766394,0.6694214876033058,104,104,1367622273,200,1.2146264000039082,none
lstm,fold_3,bear,Down_Ratio_20,0.4452674007238574,0.4958677685950413,104,104,1367622273,200,1.2146264000039082,none
lstm,fold_3,bear,WMA_5,2.0540982643948293,0.0165289256198347,104,104,1367622273,200,1.2146264000039082,none
lstm,fold_3,bear,WMA_10,0.7996176992236612,0.2727272727272727,104,104,1367622273,200,1.2146264000039082,none
lstm,fold_3,bear,WMA_20,1.062641378198392,0.1818181818181818,104,104,1367622273,200,1.2146264000039082,none
lstm,fold_3,bear,WMA_60,1.1213102416529392,0.1570247933884297,104,104,1367622273,200,1.2146264000039082,none
lstm,fold_3,bear,StochK_14,1.3335995569104293,0.0909090909090909,104,104,1367622273,200,1.2146264000039082,none
lstm,fold_3,bear,StochD_3,0.996443041625361,0.2148760330578512,104,104,1367622273,200,1.2146264000039082,none
lstm,fold_3,bear,RSI_14,0.580938828127602,0.396694214876033,104,104,1367622273,200,1.2146264000039082,none
lstm,fold_3,bear,MACD_12_26,0.6005559305196829,0.371900826446281,104,104,1367622273,200,1.2146264000039082,none
lstm,fold_3,bear,MACD_Signal_9,0.646022897628413,0.3553719008264462,104,104,1367622273,200,1.2146264000039082,none
lstm,fold_3,bear,MACD_Histogram,0.2794928517796786,0.743801652892562,104,104,1367622273,200,1.2146264000039082,none
lstm,fold_3,bear,WilliamsR_14,0.6708323999527448,0.3471074380165289,104,104,1367622273,200,1.2146264000039082,none
lstm,fold_3,bear,CCI_20,0.3330795993482752,0.6363636363636364,104,104,1367622273,200,1.2146264000039082,none
lstm,fold_3,bear,ADX_14,0.3351508668023318,0.628099173553719,104,104,1367622273,200,1.2146264000039082,none
lstm,fold_3,bear,PlusDI_14,1.4203414563528405,0.0495867768595041,104,104,1367622273,200,1.2146264000039082,none
lstm,fold_3,bear,MinusDI_14,0.5356481643081888,0.4462809917355372,104,104,1367622273,200,1.2146264000039082,none
lstm,fold_3,bear,VMD_IMF_1,1.08478322870304,0.1735537190082644,104,104,1367622273,200,1.2146264000039082,none
lstm,fold_3,bear,VMD_IMF_2,0.8638455961824197,0.2396694214876033,104,104,1367622273,200,1.2146264000039082,none
lstm,fold_3,bear,VMD_IMF_3,0.3226579408438668,0.6611570247933884,104,104,1367622273,200,1.2146264000039082,none
lstm,fold_3,bear,VMD_IMF_4,0.1230700848760674,0.9338842975206612,104,104,1367622273,200,1.2146264000039082,none
lstm,fold_3,bear,VMD_Denoised_Close,0.8601633032843193,0.2479338842975206,104,104,1367622273,200,1.2146264000039082,none
lstm,fold_3,bear,VMD_Noise_Energy_Ratio,1.1491657211029982,0.1487603305785124,104,104,1367622273,200,1.2146264000039082,none
lstm,fold_3,bull,Open_D,0.1223086692174045,0.9834710743801652,58,58,1744801184,200,0.6770760000072187,none
lstm,fold_3,bull,High_D,0.7288576838016462,0.3388429752066115,58,58,1744801184,200,0.6770760000072187,none
lstm,fold_3,bull,Low_D,0.816549343683211,0.2892561983471074,58,58,1744801184,200,0.6770760000072187,none
lstm,fold_3,bull,Close_D,18.924353400101595,0.0,58,58,1744801184,200,0.6770760000072187,none
lstm,fold_3,bull,Volume_D,1.189441541325028,0.1322314049586777,58,58,1744801184,200,0.6770760000072187,none
lstm,fold_3,bull,Change_pct_D,0.3689568818442459,0.6776859504132231,58,58,1744801184,200,0.6770760000072187,none
lstm,fold_3,bull,Open_W,0.8948264367589406,0.2479338842975206,58,58,1744801184,200,0.6770760000072187,none
lstm,fold_3,bull,High_W,0.8631972533939728,0.2809917355371901,58,58,1744801184,200,0.6770760000072187,none
lstm,fold_3,bull,Low_W,1.0692419545540328,0.1900826446280991,58,58,1744801184,200,0.6770760000072187,none
lstm,fold_3,bull,Close_W,0.3960160307265047,0.6033057851239669,58,58,1744801184,200,0.6770760000072187,none
lstm,fold_3,bull,Volume_W,0.4861875912828164,0.5289256198347108,58,58,1744801184,200,0.6770760000072187,none
lstm,fold_3,bull,Change_pct_W,0.4180379805341263,0.5702479338842975,58,58,1744801184,200,0.6770760000072187,none
lstm,fold_3,bull,Open_M,0.9013396827054436,0.2396694214876033,58,58,1744801184,200,0.6770760000072187,none
lstm,fold_3,bull,High_M,1.4003795059590505,0.0743801652892562,58,58,1744801184,200,0.6770760000072187,none
lstm,fold_3,bull,Low_M,1.0525950857513415,0.1983471074380165,58,58,1744801184,200,0.6770760000072187,none
lstm,fold_3,bull,Close_M,0.3885487540432348,0.6363636363636364,58,58,1744801184,200,0.6770760000072187,none
lstm,fold_3,bull,Volume_M,0.6052335471044804,0.4462809917355372,58,58,1744801184,200,0.6770760000072187,none
lstm,fold_3,bull,Change_pct_M,1.0700572584145542,0.1818181818181818,58,58,1744801184,200,0.6770760000072187,none
lstm,fold_3,bull,Close_D_lag1,1.51509552821517,0.0578512396694214,58,58,1744801184,200,0.6770760000072187,none
lstm,fold_3,bull,Close_D_lag2,0.8911780825603336,0.2644628099173554,58,58,1744801184,200,0.6770760000072187,none
lstm,fold_3,bull,Close_D_lag3,0.5765272683656678,0.4710743801652892,58,58,1744801184,200,0.6770760000072187,none
lstm,fold_3,bull,Close_D_lag5,0.5077615815858609,0.5041322314049587,58,58,1744801184,200,0.6770760000072187,none
lstm,fold_3,bull,Close_D_lag10,0.5078347714449247,0.4958677685950413,58,58,1744801184,200,0.6770760000072187,none
lstm,fold_3,bull,Close_D_lag20,0.6971638445453398,0.371900826446281,58,58,1744801184,200,0.6770760000072187,none
lstm,fold_3,bull,Close_D_lag60,0.5496456933480783,0.4876033057851239,58,58,1744801184,200,0.6770760000072187,none
lstm,fold_3,bull,Change_pct_D_lag1,0.2937702929352687,0.7603305785123967,58,58,1744801184,200,0.6770760000072187,none
lstm,fold_3,bull,Change_pct_D_lag2,0.2599200629004968,0.8099173553719008,58,58,1744801184,200,0.6770760000072187,none
lstm,fold_3,bull,Change_pct_D_lag3,0.3956763102858123,0.6115702479338843,58,58,1744801184,200,0.6770760000072187,none
lstm,fold_3,bull,Change_pct_D_lag5,0.1365155994888106,0.9586776859504132,58,58,1744801184,200,0.6770760000072187,none
lstm,fold_3,bull,Change_pct_D_lag10,0.2019736268655959,0.8842975206611571,58,58,1744801184,200,0.6770760000072187,none
lstm,fold_3,bull,Change_pct_D_lag20,0.1613449424688889,0.9338842975206612,58,58,1744801184,200,0.6770760000072187,none
lstm,fold_3,bull,Volume_D_lag1,1.0875265140572146,0.1735537190082644,58,58,1744801184,200,0.6770760000072187,none
lstm,fold_3,bull,Volume_D_lag2,1.1048026433632034,0.1652892561983471,58,58,1744801184,200,0.6770760000072187,none
lstm,fold_3,bull,Volume_D_lag3,1.303014890498538,0.0909090909090909,58,58,1744801184,200,0.6770760000072187,none
lstm,fold_3,bull,Volume_D_lag5,0.2196348557216597,0.8760330578512396,58,58,1744801184,200,0.6770760000072187,none
lstm,fold_3,bull,Volume_D_lag10,0.3487132095695666,0.7024793388429752,58,58,1744801184,200,0.6770760000072187,none
lstm,fold_3,bull,Volume_D_lag20,0.0635741402603814,1.0,58,58,1744801184,200,0.6770760000072187,none
lstm,fold_3,bull,Close_W_lag1,1.0362522187066698,0.2148760330578512,58,58,1744801184,200,0.6770760000072187,none
lstm,fold_3,bull,Close_W_lag2,1.2880453778832253,0.0991735537190082,58,58,1744801184,200,0.6770760000072187,none
lstm,fold_3,bull,Close_W_lag4,1.105074809200897,0.1570247933884297,58,58,1744801184,200,0.6770760000072187,none
lstm,fold_3,bull,Close_M_lag1,0.4377876693892678,0.5454545454545454,58,58,1744801184,200,0.6770760000072187,none
lstm,fold_3,bull,Close_M_lag3,1.1123444359970345,0.1487603305785124,58,58,1744801184,200,0.6770760000072187,none
lstm,fold_3,bull,Return_1D,0.6393847190250983,0.4214876033057851,58,58,1744801184,200,0.6770760000072187,none
lstm,fold_3,bull,Return_3D,0.61695018382181,0.4380165289256198,58,58,1744801184,200,0.6770760000072187,none
lstm,fold_3,bull,Return_5D,0.1714088783378648,0.9090909090909092,58,58,1744801184,200,0.6770760000072187,none
lstm,fold_3,bull,Return_10D,0.6043995376424423,0.4545454545454545,58,58,1744801184,200,0.6770760000072187,none
lstm,fold_3,bull,Return_20D,1.4647256758995355,0.0661157024793388,58,58,1744801184,200,0.6770760000072187,none
lstm,fold_3,bull,Return_60D,0.4080682569986273,0.5867768595041323,58,58,1744801184,200,0.6770760000072187,none
lstm,fold_3,bull,SMA_5,0.1836588944550322,0.9008264462809916,58,58,1744801184,200,0.6770760000072187,none
lstm,fold_3,bull,SMA_10,0.6329753990445671,0.4297520661157025,58,58,1744801184,200,0.6770760000072187,none
lstm,fold_3,bull,SMA_20,0.6492283950913055,0.396694214876033,58,58,1744801184,200,0.6770760000072187,none
lstm,fold_3,bull,SMA_60,1.6871942914765456,0.0330578512396694,58,58,1744801184,200,0.6770760000072187,none
lstm,fold_3,bull,Close_to_SMA_5,0.3942579477106157,0.6198347107438017,58,58,1744801184,200,0.6770760000072187,none
lstm,fold_3,bull,Close_to_SMA_10,0.1687174879157471,0.9256198347107438,58,58,1744801184,200,0.6770760000072187,none
lstm,fold_3,bull,Close_to_SMA_20,0.5531601935480561,0.4793388429752066,58,58,1744801184,200,0.6770760000072187,none
lstm,fold_3,bull,Close_to_SMA_60,0.2600067702390992,0.8016528925619835,58,58,1744801184,200,0.6770760000072187,none
lstm,fold_3,bull,Volatility_5,0.8936987364866393,0.256198347107438,58,58,1744801184,200,0.6770760000072187,none
lstm,fold_3,bull,Volatility_10,0.7604904846862311,0.3057851239669421,58,58,1744801184,200,0.6770760000072187,none
lstm,fold_3,bull,Volatility_20,0.7447573334366036,0.3223140495867768,58,58,1744801184,200,0.6770760000072187,none
lstm,fold_3,bull,Volatility_60,0.8159937565145685,0.2975206611570248,58,58,1744801184,200,0.6770760000072187,none
lstm,fold_3,bull,Momentum_5,0.369304140760756,0.6694214876033058,58,58,1744801184,200,0.6770760000072187,none
lstm,fold_3,bull,Momentum_10,0.2400377098207988,0.859504132231405,58,58,1744801184,200,0.6770760000072187,none
lstm,fold_3,bull,Momentum_20,1.1443683481887623,0.140495867768595,58,58,1744801184,200,0.6770760000072187,none
lstm,fold_3,bull,Momentum_60,0.7197906342512679,0.3636363636363636,58,58,1744801184,200,0.6770760000072187,none
lstm,fold_3,bull,ROC_5,0.3736576284843914,0.6611570247933884,58,58,1744801184,200,0.6770760000072187,none
lstm,fold_3,bull,ROC_10,0.2725448925620153,0.7933884297520661,58,58,1744801184,200,0.6770760000072187,none
lstm,fold_3,bull,ROC_20,0.8774282090430116,0.2727272727272727,58,58,1744801184,200,0.6770760000072187,none
lstm,fold_3,bull,ROC_60,0.2424230221583551,0.8512396694214877,58,58,1744801184,200,0.6770760000072187,none
lstm,fold_3,bull,Ratio_Close_D_to_W,0.3364535043542422,0.7272727272727273,58,58,1744801184,200,0.6770760000072187,none
lstm,fold_3,bull,Ratio_Close_D_to_M,0.4021932972298035,0.5950413223140496,58,58,1744801184,200,0.6770760000072187,none
lstm,fold_3,bull,Ratio_Volume_D_to_W,0.1320271016448306,0.9669421487603306,58,58,1744801184,200,0.6770760000072187,none
lstm,fold_3,bull,Spread_D,0.2811616150751747,0.7851239669421488,58,58,1744801184,200,0.6770760000072187,none
lstm,fold_3,bull,Body_D,0.2500801545266234,0.8181818181818182,58,58,1744801184,200,0.6770760000072187,none
lstm,fold_3,bull,Body_abs_D,0.3882868511827084,0.6446280991735537,58,58,1744801184,200,0.6770760000072187,none
lstm,fold_3,bull,Upper_Shadow_D,0.281343129707966,0.7768595041322314,58,58,1744801184,200,0.6770760000072187,none
lstm,fold_3,bull,Lower_Shadow_D,0.1033051340046924,0.9917355371900828,58,58,1744801184,200,0.6770760000072187,none
lstm,fold_3,bull,Body_to_Range_D,0.2198113504684819,0.8677685950413223,58,58,1744801184,200,0.6770760000072187,none
lstm,fold_3,bull,Close_Position_D,0.2459140689945155,0.8347107438016529,58,58,1744801184,200,0.6770760000072187,none
lstm,fold_3,bull,Spread_W,0.354565393921301,0.6942148760330579,58,58,1744801184,200,0.6770760000072187,none
lstm,fold_3,bull,Body_W,0.3238357055585044,0.743801652892562,58,58,1744801184,200,0.6770760000072187,none
lstm,fold_3,bull,Close_Position_W,0.4113542448280927,0.5785123966942148,58,58,1744801184,200,0.6770760000072187,none
lstm,fold_3,bull,Spread_M,1.201153233271995,0.1239669421487603,58,58,1744801184,200,0.6770760000072187,none
lstm,fold_3,bull,Body_M,1.6597903440738546,0.0413223140495867,58,58,1744801184,200,0.6770760000072187,none
lstm,fold_3,bull,Close_Position_M,0.6488805379076251,0.4049586776859504,58,58,1744801184,200,0.6770760000072187,none
lstm,fold_3,bull,Volume_MA_5,1.6445502309836166,0.0495867768595041,58,58,1744801184,200,0.6770760000072187,none
lstm,fold_3,bull,Volume_MA_20,0.6860846762707987,0.3801652892561983,58,58,1744801184,200,0.6770760000072187,none
lstm,fold_3,bull,Volume_Ratio_5,0.3455973512854363,0.71900826446281,58,58,1744801184,200,0.6770760000072187,none
lstm,fold_3,bull,Volume_Ratio_20,0.2458754793859498,0.8429752066115702,58,58,1744801184,200,0.6770760000072187,none
lstm,fold_3,bull,Volume_Change_1D,0.2484799827410887,0.8264462809917356,58,58,1744801184,200,0.6770760000072187,none
lstm,fold_3,bull,Volume_Change_5D,0.160505667668421,0.9421487603305784,58,58,1744801184,200,0.6770760000072187,none
lstm,fold_3,bull,Volume_Change_20D,0.1687802232810946,0.9173553719008264,58,58,1744801184,200,0.6770760000072187,none
lstm,fold_3,bull,Direction_lag1,0.4983919349643562,0.5206611570247934,58,58,1744801184,200,0.6770760000072187,none
lstm,fold_3,bull,Direction_lag2,1.0449111580832635,0.2066115702479339,58,58,1744801184,200,0.6770760000072187,none
lstm,fold_3,bull,Direction_lag3,0.6536771777182304,0.3884297520661157,58,58,1744801184,200,0.6770760000072187,none
lstm,fold_3,bull,Direction_lag5,0.3315733412338886,0.7355371900826446,58,58,1744801184,200,0.6770760000072187,none
lstm,fold_3,bull,Up_Ratio_5,0.2882142686622281,0.768595041322314,58,58,1744801184,200,0.6770760000072187,none
lstm,fold_3,bull,Up_Ratio_10,0.4271170783398326,0.5537190082644629,58,58,1744801184,200,0.6770760000072187,none
lstm,fold_3,bull,Up_Ratio_20,0.7202771404842396,0.3553719008264462,58,58,1744801184,200,0.6770760000072187,none
lstm,fold_3,bull,Down_Ratio_5,0.5857778960944336,0.4628099173553719,58,58,1744801184,200,0.6770760000072187,none
lstm,fold_3,bull,Down_Ratio_10,0.1939566838978549,0.8925619834710744,58,58,1744801184,200,0.6770760000072187,none
lstm,fold_3,bull,Down_Ratio_20,0.41884373055213,0.5619834710743802,58,58,1744801184,200,0.6770760000072187,none
lstm,fold_3,bull,WMA_5,1.2346503198339758,0.1074380165289256,58,58,1744801184,200,0.6770760000072187,none
lstm,fold_3,bull,WMA_10,0.744425177605068,0.3305785123966942,58,58,1744801184,200,0.6770760000072187,none
lstm,fold_3,bull,WMA_20,0.9907055938680625,0.2314049586776859,58,58,1744801184,200,0.6770760000072187,none
lstm,fold_3,bull,WMA_60,1.8348395774076725,0.0165289256198347,58,58,1744801184,200,0.6770760000072187,none
lstm,fold_3,bull,StochK_14,1.319584986169678,0.0826446280991735,58,58,1744801184,200,0.6770760000072187,none
lstm,fold_3,bull,StochD_3,1.0292765097885297,0.2231404958677686,58,58,1744801184,200,0.6770760000072187,none
lstm,fold_3,bull,RSI_14,0.3751285077024508,0.6528925619834711,58,58,1744801184,200,0.6770760000072187,none
lstm,fold_3,bull,MACD_12_26,0.3158944130056249,0.7520661157024794,58,58,1744801184,200,0.6770760000072187,none
lstm,fold_3,bull,MACD_Signal_9,0.5076828689875427,0.512396694214876,58,58,1744801184,200,0.6770760000072187,none
lstm,fold_3,bull,MACD_Histogram,0.367555421000198,0.6859504132231405,58,58,1744801184,200,0.6770760000072187,none
lstm,fold_3,bull,WilliamsR_14,0.7464912170504123,0.3140495867768595,58,58,1744801184,200,0.6770760000072187,none
lstm,fold_3,bull,CCI_20,0.3465072795106419,0.7107438016528925,58,58,1744801184,200,0.6770760000072187,none
lstm,fold_3,bull,ADX_14,0.149563558301226,0.950413223140496,58,58,1744801184,200,0.6770760000072187,none
lstm,fold_3,bull,PlusDI_14,1.804041116350684,0.024793388429752,58,58,1744801184,200,0.6770760000072187,none
lstm,fold_3,bull,MinusDI_14,0.449763926859656,0.5371900826446281,58,58,1744801184,200,0.6770760000072187,none
lstm,fold_3,bull,VMD_IMF_1,1.212344954008686,0.1157024793388429,58,58,1744801184,200,0.6770760000072187,none
lstm,fold_3,bull,VMD_IMF_2,0.7267404563965854,0.3471074380165289,58,58,1744801184,200,0.6770760000072187,none
lstm,fold_3,bull,VMD_IMF_3,0.3920788238183439,0.628099173553719,58,58,1744801184,200,0.6770760000072187,none
lstm,fold_3,bull,VMD_IMF_4,0.1283460953591766,0.975206611570248,58,58,1744801184,200,0.6770760000072187,none
lstm,fold_3,bull,VMD_Denoised_Close,0.6481641649374947,0.4132231404958678,58,58,1744801184,200,0.6770760000072187,none
lstm,fold_3,bull,VMD_Noise_Energy_Ratio,3.571836686282868,0.0082644628099173,58,58,1744801184,200,0.6770760000072187,none
lstm,fold_3,global,Open_D,0.1255603040767745,0.950413223140496,242,128,2012767572,200,1.8218521000089825,none
lstm,fold_3,global,High_D,1.0484867493789864,0.140495867768595,242,128,2012767572,200,1.8218521000089825,none
lstm,fold_3,global,Low_D,1.0812741011664913,0.1239669421487603,242,128,2012767572,200,1.8218521000089825,none
lstm,fold_3,global,Close_D,25.134876838734638,0.0,242,128,2012767572,200,1.8218521000089825,none
lstm,fold_3,global,Volume_D,0.5456615437655273,0.4132231404958678,242,128,2012767572,200,1.8218521000089825,none
lstm,fold_3,global,Change_pct_D,0.4334767417382409,0.4958677685950413,242,128,2012767572,200,1.8218521000089825,none
lstm,fold_3,global,Open_W,1.0838417394128554,0.1157024793388429,242,128,2012767572,200,1.8218521000089825,none
lstm,fold_3,global,High_W,0.863854176949826,0.2148760330578512,242,128,2012767572,200,1.8218521000089825,none
lstm,fold_3,global,Low_W,1.055256854625295,0.1322314049586777,242,128,2012767572,200,1.8218521000089825,none
lstm,fold_3,global,Close_W,0.4088807407122886,0.5371900826446281,242,128,2012767572,200,1.8218521000089825,none
lstm,fold_3,global,Volume_W,0.3524888025363241,0.6198347107438017,242,128,2012767572,200,1.8218521000089825,none
lstm,fold_3,global,Change_pct_W,0.2662452161526296,0.768595041322314,242,128,2012767572,200,1.8218521000089825,none
lstm,fold_3,global,Open_M,0.6855085882416461,0.3140495867768595,242,128,2012767572,200,1.8218521000089825,none
lstm,fold_3,global,High_M,1.1131001313100568,0.0909090909090909,242,128,2012767572,200,1.8218521000089825,none
lstm,fold_3,global,Low_M,0.7161444542081427,0.2892561983471074,242,128,2012767572,200,1.8218521000089825,none
lstm,fold_3,global,Close_M,0.3029237051571726,0.6776859504132231,242,128,2012767572,200,1.8218521000089825,none
lstm,fold_3,global,Volume_M,0.3878008964298118,0.5619834710743802,242,128,2012767572,200,1.8218521000089825,none
lstm,fold_3,global,Change_pct_M,0.7922053280078216,0.2314049586776859,242,128,2012767572,200,1.8218521000089825,none
lstm,fold_3,global,Close_D_lag1,2.0245522588411404,0.0165289256198347,242,128,2012767572,200,1.8218521000089825,none
lstm,fold_3,global,Close_D_lag2,1.0924522145449884,0.1074380165289256,242,128,2012767572,200,1.8218521000089825,none
lstm,fold_3,global,Close_D_lag3,0.7913321694115438,0.2396694214876033,242,128,2012767572,200,1.8218521000089825,none
lstm,fold_3,global,Close_D_lag5,0.6263646481118486,0.3636363636363636,242,128,2012767572,200,1.8218521000089825,none
lstm,fold_3,global,Close_D_lag10,0.476699074482849,0.4710743801652892,242,128,2012767572,200,1.8218521000089825,none
lstm,fold_3,global,Close_D_lag20,0.4445094285353662,0.4793388429752066,242,128,2012767572,200,1.8218521000089825,none
lstm,fold_3,global,Close_D_lag60,0.4407822858388499,0.4876033057851239,242,128,2012767572,200,1.8218521000089825,none
lstm,fold_3,global,Change_pct_D_lag1,0.2750547864925011,0.743801652892562,242,128,2012767572,200,1.8218521000089825,none
lstm,fold_3,global,Change_pct_D_lag2,0.2400699593731417,0.8016528925619835,242,128,2012767572,200,1.8218521000089825,none
lstm,fold_3,global,Change_pct_D_lag3,0.3081003029305748,0.6611570247933884,242,128,2012767572,200,1.8218521000089825,none
lstm,fold_3,global,Change_pct_D_lag5,0.1295668503755564,0.9338842975206612,242,128,2012767572,200,1.8218521000089825,none
lstm,fold_3,global,Change_pct_D_lag10,0.1771842197784508,0.8925619834710744,242,128,2012767572,200,1.8218521000089825,none
lstm,fold_3,global,Change_pct_D_lag20,0.1170529492766036,0.9586776859504132,242,128,2012767572,200,1.8218521000089825,none
lstm,fold_3,global,Volume_D_lag1,0.5099403116531335,0.4462809917355372,242,128,2012767572,200,1.8218521000089825,none
lstm,fold_3,global,Volume_D_lag2,0.5466749044864855,0.4049586776859504,242,128,2012767572,200,1.8218521000089825,none
lstm,fold_3,global,Volume_D_lag3,0.6886964580176027,0.3057851239669421,242,128,2012767572,200,1.8218521000089825,none
lstm,fold_3,global,Volume_D_lag5,0.152372408869428,0.9090909090909092,242,128,2012767572,200,1.8218521000089825,none
lstm,fold_3,global,Volume_D_lag10,0.1798233083494551,0.8842975206611571,242,128,2012767572,200,1.8218521000089825,none
lstm,fold_3,global,Volume_D_lag20,0.0677892141699466,1.0,242,128,2012767572,200,1.8218521000089825,none
lstm,fold_3,global,Close_W_lag1,1.219751130897248,0.0661157024793388,242,128,2012767572,200,1.8218521000089825,none
lstm,fold_3,global,Close_W_lag2,1.3641139364086483,0.0330578512396694,242,128,2012767572,200,1.8218521000089825,none
lstm,fold_3,global,Close_W_lag4,1.005941427501557,0.1652892561983471,242,128,2012767572,200,1.8218521000089825,none
lstm,fold_3,global,Close_M_lag1,0.3910499435764905,0.5537190082644629,242,128,2012767572,200,1.8218521000089825,none
lstm,fold_3,global,Close_M_lag3,0.7241420665584883,0.2809917355371901,242,128,2012767572,200,1.8218521000089825,none
lstm,fold_3,global,Return_1D,0.6572447665890649,0.3388429752066115,242,128,2012767572,200,1.8218521000089825,none
lstm,fold_3,global,Return_3D,0.5214360716397323,0.4214876033057851,242,128,2012767572,200,1.8218521000089825,none
lstm,fold_3,global,Return_5D,0.1499456878968317,0.9173553719008264,242,128,2012767572,200,1.8218521000089825,none
lstm,fold_3,global,Return_10D,0.4192833402019204,0.512396694214876,242,128,2012767572,200,1.8218521000089825,none
lstm,fold_3,global,Return_20D,0.9113877971696638,0.1900826446280991,242,128,2012767572,200,1.8218521000089825,none
lstm,fold_3,global,Return_60D,0.5133338470939635,0.4297520661157025,242,128,2012767572,200,1.8218521000089825,none
lstm,fold_3,global,SMA_5,0.2947816288762624,0.71900826446281,242,128,2012767572,200,1.8218521000089825,none
lstm,fold_3,global,SMA_10,0.625291990446567,0.371900826446281,242,128,2012767572,200,1.8218521000089825,none
lstm,fold_3,global,SMA_20,0.6990429011533706,0.2975206611570248,242,128,2012767572,200,1.8218521000089825,none
lstm,fold_3,global,SMA_60,1.3230482891773137,0.0495867768595041,242,128,2012767572,200,1.8218521000089825,none
lstm,fold_3,global,Close_to_SMA_5,0.3535676289103325,0.6115702479338843,242,128,2012767572,200,1.8218521000089825,none
lstm,fold_3,global,Close_to_SMA_10,0.1923509079300629,0.8760330578512396,242,128,2012767572,200,1.8218521000089825,none
lstm,fold_3,global,Close_to_SMA_20,0.3576848908572458,0.6033057851239669,242,128,2012767572,200,1.8218521000089825,none
lstm,fold_3,global,Close_to_SMA_60,0.3249355976759943,0.6528925619834711,242,128,2012767572,200,1.8218521000089825,none
lstm,fold_3,global,Volatility_5,1.009185582646123,0.1570247933884297,242,128,2012767572,200,1.8218521000089825,none
lstm,fold_3,global,Volatility_10,0.9543567527758569,0.1735537190082644,242,128,2012767572,200,1.8218521000089825,none
lstm,fold_3,global,Volatility_20,0.511528578641719,0.4380165289256198,242,128,2012767572,200,1.8218521000089825,none
lstm,fold_3,global,Volatility_60,0.4903074087566537,0.4545454545454545,242,128,2012767572,200,1.8218521000089825,none
lstm,fold_3,global,Momentum_5,0.2985020592940145,0.7024793388429752,242,128,2012767572,200,1.8218521000089825,none
lstm,fold_3,global,Momentum_10,0.176242692036908,0.9008264462809916,242,128,2012767572,200,1.8218521000089825,none
lstm,fold_3,global,Momentum_20,0.7366007061184063,0.2727272727272727,242,128,2012767572,200,1.8218521000089825,none
lstm,fold_3,global,Momentum_60,0.8702923565560468,0.2066115702479339,242,128,2012767572,200,1.8218521000089825,none
lstm,fold_3,global,ROC_5,0.2477371750803683,0.7933884297520661,242,128,2012767572,200,1.8218521000089825,none
lstm,fold_3,global,ROC_10,0.2216144427064762,0.8429752066115702,242,128,2012767572,200,1.8218521000089825,none
lstm,fold_3,global,ROC_20,0.6552947147116356,0.3471074380165289,242,128,2012767572,200,1.8218521000089825,none
lstm,fold_3,global,ROC_60,0.2875716896722338,0.7355371900826446,242,128,2012767572,200,1.8218521000089825,none
lstm,fold_3,global,Ratio_Close_D_to_W,0.3326091094244702,0.6446280991735537,242,128,2012767572,200,1.8218521000089825,none
lstm,fold_3,global,Ratio_Close_D_to_M,0.1924141678014393,0.8677685950413223,242,128,2012767572,200,1.8218521000089825,none
lstm,fold_3,global,Ratio_Volume_D_to_W,0.1022068248350478,0.9834710743801652,242,128,2012767572,200,1.8218521000089825,none
lstm,fold_3,global,Spread_D,0.2196528470252559,0.8512396694214877,242,128,2012767572,200,1.8218521000089825,none
lstm,fold_3,global,Body_D,0.227605913890784,0.8181818181818182,242,128,2012767572,200,1.8218521000089825,none
lstm,fold_3,global,Body_abs_D,0.4284862958013491,0.5041322314049587,242,128,2012767572,200,1.8218521000089825,none
lstm,fold_3,global,Upper_Shadow_D,0.3009353785534984,0.6859504132231405,242,128,2012767572,200,1.8218521000089825,none
lstm,fold_3,global,Lower_Shadow_D,0.0865979745075264,0.9917355371900828,242,128,2012767572,200,1.8218521000089825,none
lstm,fold_3,global,Body_to_Range_D,0.2560804470754306,0.7851239669421488,242,128,2012767572,200,1.8218521000089825,none
lstm,fold_3,global,Close_Position_D,0.2249101846818177,0.8347107438016529,242,128,2012767572,200,1.8218521000089825,none
lstm,fold_3,global,Spread_W,0.3465325694233966,0.628099173553719,242,128,2012767572,200,1.8218521000089825,none
lstm,fold_3,global,Body_W,0.2706227477260654,0.7520661157024794,242,128,2012767572,200,1.8218521000089825,none
lstm,fold_3,global,Close_Position_W,0.3645366000434478,0.5950413223140496,242,128,2012767572,200,1.8218521000089825,none
lstm,fold_3,global,Spread_M,0.79623801275593,0.2231404958677686,242,128,2012767572,200,1.8218521000089825,none
lstm,fold_3,global,Body_M,1.280964359565712,0.0578512396694214,242,128,2012767572,200,1.8218521000089825,none
lstm,fold_3,global,Close_Position_M,0.6733863761364773,0.3305785123966942,242,128,2012767572,200,1.8218521000089825,none
lstm,fold_3,global,Volume_MA_5,0.7906912047230208,0.2479338842975206,242,128,2012767572,200,1.8218521000089825,none
lstm,fold_3,global,Volume_MA_20,0.4053967636444213,0.5454545454545454,242,128,2012767572,200,1.8218521000089825,none
lstm,fold_3,global,Volume_Ratio_5,0.2698236897724655,0.7603305785123967,242,128,2012767572,200,1.8218521000089825,none
lstm,fold_3,global,Volume_Ratio_20,0.1277740843036717,0.9421487603305784,242,128,2012767572,200,1.8218521000089825,none
lstm,fold_3,global,Volume_Change_1D,0.2076323043737829,0.859504132231405,242,128,2012767572,200,1.8218521000089825,none
lstm,fold_3,global,Volume_Change_5D,0.1449018336052859,0.9256198347107438,242,128,2012767572,200,1.8218521000089825,none
lstm,fold_3,global,Volume_Change_20D,0.1099029664680301,0.975206611570248,242,128,2012767572,200,1.8218521000089825,none
lstm,fold_3,global,Direction_lag1,0.2908583290814249,0.7272727272727273,242,128,2012767572,200,1.8218521000089825,none
lstm,fold_3,global,Direction_lag2,1.105575412073358,0.0991735537190082,242,128,2012767572,200,1.8218521000089825,none
lstm,fold_3,global,Direction_lag3,0.6475753438397078,0.3553719008264462,242,128,2012767572,200,1.8218521000089825,none
lstm,fold_3,global,Direction_lag5,0.4117430859668062,0.5206611570247934,242,128,2012767572,200,1.8218521000089825,none
lstm,fold_3,global,Up_Ratio_5,0.3389633236287409,0.6363636363636364,242,128,2012767572,200,1.8218521000089825,none
lstm,fold_3,global,Up_Ratio_10,0.3072565057830161,0.6694214876033058,242,128,2012767572,200,1.8218521000089825,none
lstm,fold_3,global,Up_Ratio_20,0.6224721937318918,0.3884297520661157,242,128,2012767572,200,1.8218521000089825,none
lstm,fold_3,global,Down_Ratio_5,0.6205605924133579,0.396694214876033,242,128,2012767572,200,1.8218521000089825,none
lstm,fold_3,global,Down_Ratio_10,0.2264671158140572,0.8264462809917356,242,128,2012767572,200,1.8218521000089825,none
lstm,fold_3,global,Down_Ratio_20,0.3652245004940596,0.5867768595041323,242,128,2012767572,200,1.8218521000089825,none
lstm,fold_3,global,WMA_5,1.6034040792419546,0.024793388429752,242,128,2012767572,200,1.8218521000089825,none
lstm,fold_3,global,WMA_10,0.7742870367329203,0.256198347107438,242,128,2012767572,200,1.8218521000089825,none
lstm,fold_3,global,WMA_20,0.926063988218084,0.1818181818181818,242,128,2012767572,200,1.8218521000089825,none
lstm,fold_3,global,WMA_60,1.3343060711158614,0.0413223140495867,242,128,2012767572,200,1.8218521000089825,none
lstm,fold_3,global,StochK_14,1.188872591883046,0.0826446280991735,242,128,2012767572,200,1.8218521000089825,none
lstm,fold_3,global,StochD_3,0.8920669451268622,0.1983471074380165,242,128,2012767572,200,1.8218521000089825,none
lstm,fold_3,global,RSI_14,0.3802937579590207,0.5785123966942148,242,128,2012767572,200,1.8218521000089825,none
lstm,fold_3,global,MACD_12_26,0.3869497100820581,0.5702479338842975,242,128,2012767572,200,1.8218521000089825,none
lstm,fold_3,global,MACD_Signal_9,0.487770642411192,0.4628099173553719,242,128,2012767572,200,1.8218521000089825,none
lstm,fold_3,global,MACD_Histogram,0.260511442456459,0.7768595041322314,242,128,2012767572,200,1.8218521000089825,none
lstm,fold_3,global,WilliamsR_14,0.6251975718764242,0.3801652892561983,242,128,2012767572,200,1.8218521000089825,none
lstm,fold_3,global,CCI_20,0.2981495430758514,0.7107438016528925,242,128,2012767572,200,1.8218521000089825,none
lstm,fold_3,global,ADX_14,0.2327487780185038,0.8099173553719008,242,128,2012767572,200,1.8218521000089825,none
lstm,fold_3,global,PlusDI_14,1.194054582326976,0.0743801652892562,242,128,2012767572,200,1.8218521000089825,none
lstm,fold_3,global,MinusDI_14,0.4099715866721453,0.5289256198347108,242,128,2012767572,200,1.8218521000089825,none
lstm,fold_3,global,VMD_IMF_1,1.021691587625537,0.1487603305785124,242,128,2012767572,200,1.8218521000089825,none
lstm,fold_3,global,VMD_IMF_2,0.6775635840972655,0.3223140495867768,242,128,2012767572,200,1.8218521000089825,none
lstm,fold_3,global,VMD_IMF_3,0.2996142708636988,0.6942148760330579,242,128,2012767572,200,1.8218521000089825,none
lstm,fold_3,global,VMD_IMF_4,0.1133721271402237,0.9669421487603306,242,128,2012767572,200,1.8218521000089825,none
lstm,fold_3,global,VMD_Denoised_Close,0.7574811516763134,0.2644628099173554,242,128,2012767572,200,1.8218521000089825,none
lstm,fold_3,global,VMD_Noise_Energy_Ratio,2.0890543497711405,0.0082644628099173,242,128,2012767572,200,1.8218521000089825,none
lstm,fold_3,sideway,Open_D,0.0781060847810113,0.9834710743801652,80,80,352746286,200,0.9845009999989998,none
lstm,fold_3,sideway,High_D,0.8636716441176395,0.1322314049586777,80,80,352746286,200,0.9845009999989998,none
lstm,fold_3,sideway,Low_D,0.8529809737578035,0.1487603305785124,80,80,352746286,200,0.9845009999989998,none
lstm,fold_3,sideway,Close_D,22.147360941451044,0.0,80,80,352746286,200,0.9845009999989998,none
lstm,fold_3,sideway,Volume_D,0.4109273890120994,0.4297520661157025,80,80,352746286,200,0.9845009999989998,none
lstm,fold_3,sideway,Change_pct_D,0.2579608469170671,0.5785123966942148,80,80,352746286,200,0.9845009999989998,none
lstm,fold_3,sideway,Open_W,0.8635777579527348,0.140495867768595,80,80,352746286,200,0.9845009999989998,none
lstm,fold_3,sideway,High_W,0.7724398790486157,0.1652892561983471,80,80,352746286,200,0.9845009999989998,none
lstm,fold_3,sideway,Low_W,0.8669625771123538,0.1157024793388429,80,80,352746286,200,0.9845009999989998,none
lstm,fold_3,sideway,Close_W,0.3507580268468155,0.5206611570247934,80,80,352746286,200,0.9845009999989998,none
lstm,fold_3,sideway,Volume_W,0.3828109101592054,0.4710743801652892,80,80,352746286,200,0.9845009999989998,none
lstm,fold_3,sideway,Change_pct_W,0.1367185859444271,0.859504132231405,80,80,352746286,200,0.9845009999989998,none
lstm,fold_3,sideway,Open_M,0.6221181163936853,0.256198347107438,80,80,352746286,200,0.9845009999989998,none
lstm,fold_3,sideway,High_M,0.8890854910016059,0.1074380165289256,80,80,352746286,200,0.9845009999989998,none
lstm,fold_3,sideway,Low_M,0.700740660042502,0.1900826446280991,80,80,352746286,200,0.9845009999989998,none
lstm,fold_3,sideway,Close_M,0.2577613498341816,0.5867768595041323,80,80,352746286,200,0.9845009999989998,none
lstm,fold_3,sideway,Volume_M,0.5319282688172189,0.2975206611570248,80,80,352746286,200,0.9845009999989998,none
lstm,fold_3,sideway,Change_pct_M,0.6680375347228256,0.2148760330578512,80,80,352746286,200,0.9845009999989998,none
lstm,fold_3,sideway,Close_D_lag1,1.761355133363977,0.0165289256198347,80,80,352746286,200,0.9845009999989998,none
lstm,fold_3,sideway,Close_D_lag2,0.9117282119730952,0.0909090909090909,80,80,352746286,200,0.9845009999989998,none
lstm,fold_3,sideway,Close_D_lag3,0.6165604224940762,0.2644628099173554,80,80,352746286,200,0.9845009999989998,none
lstm,fold_3,sideway,Close_D_lag5,0.5078387953760103,0.3223140495867768,80,80,352746286,200,0.9845009999989998,none
lstm,fold_3,sideway,Close_D_lag10,0.3941334357733285,0.4462809917355372,80,80,352746286,200,0.9845009999989998,none
lstm,fold_3,sideway,Close_D_lag20,0.3876557815930573,0.4545454545454545,80,80,352746286,200,0.9845009999989998,none
lstm,fold_3,sideway,Close_D_lag60,0.5260351275140419,0.3057851239669421,80,80,352746286,200,0.9845009999989998,none
lstm,fold_3,sideway,Change_pct_D_lag1,0.2114320414241365,0.6942148760330579,80,80,352746286,200,0.9845009999989998,none
lstm,fold_3,sideway,Change_pct_D_lag2,0.2136285208033951,0.6859504132231405,80,80,352746286,200,0.9845009999989998,none
lstm,fold_3,sideway,Change_pct_D_lag3,0.2428872666756615,0.6115702479338843,80,80,352746286,200,0.9845009999989998,none
lstm,fold_3,sideway,Change_pct_D_lag5,0.0952221074899898,0.9173553719008264,80,80,352746286,200,0.9845009999989998,none
lstm,fold_3,sideway,Change_pct_D_lag10,0.1745724991407223,0.7768595041322314,80,80,352746286,200,0.9845009999989998,none
lstm,fold_3,sideway,Change_pct_D_lag20,0.1278426203585695,0.8760330578512396,80,80,352746286,200,0.9845009999989998,none
lstm,fold_3,sideway,Volume_D_lag1,0.4020022622841497,0.4380165289256198,80,80,352746286,200,0.9845009999989998,none
lstm,fold_3,sideway,Volume_D_lag2,0.4809596263281855,0.3471074380165289,80,80,352746286,200,0.9845009999989998,none
lstm,fold_3,sideway,Volume_D_lag3,0.6751599056895066,0.2066115702479339,80,80,352746286,200,0.9845009999989998,none
lstm,fold_3,sideway,Volume_D_lag5,0.2199608855347105,0.6611570247933884,80,80,352746286,200,0.9845009999989998,none
lstm,fold_3,sideway,Volume_D_lag10,0.1971995566513942,0.7520661157024794,80,80,352746286,200,0.9845009999989998,none
lstm,fold_3,sideway,Volume_D_lag20,0.0892845029369527,0.9586776859504132,80,80,352746286,200,0.9845009999989998,none
lstm,fold_3,sideway,Close_W_lag1,1.0765909859520617,0.0578512396694214,80,80,352746286,200,0.9845009999989998,none
lstm,fold_3,sideway,Close_W_lag2,1.1312968196940438,0.0495867768595041,80,80,352746286,200,0.9845009999989998,none
lstm,fold_3,sideway,Close_W_lag4,0.8919564518958214,0.0991735537190082,80,80,352746286,200,0.9845009999989998,none
lstm,fold_3,sideway,Close_M_lag1,0.3242568144775578,0.5289256198347108,80,80,352746286,200,0.9845009999989998,none
lstm,fold_3,sideway,Close_M_lag3,0.6383720114530297,0.2479338842975206,80,80,352746286,200,0.9845009999989998,none
lstm,fold_3,sideway,Return_1D,0.4457652081143897,0.3636363636363636,80,80,352746286,200,0.9845009999989998,none
lstm,fold_3,sideway,Return_3D,0.413762179168275,0.4214876033057851,80,80,352746286,200,0.9845009999989998,none
lstm,fold_3,sideway,Return_5D,0.0836226491063371,0.9669421487603306,80,80,352746286,200,0.9845009999989998,none
lstm,fold_3,sideway,Return_10D,0.2052132054245885,0.7355371900826446,80,80,352746286,200,0.9845009999989998,none
lstm,fold_3,sideway,Return_20D,0.3769787928981896,0.4876033057851239,80,80,352746286,200,0.9845009999989998,none
lstm,fold_3,sideway,Return_60D,0.4336975356461334,0.396694214876033,80,80,352746286,200,0.9845009999989998,none
lstm,fold_3,sideway,SMA_5,0.2171153929381398,0.6776859504132231,80,80,352746286,200,0.9845009999989998,none
lstm,fold_3,sideway,SMA_10,0.4839150099176914,0.3388429752066115,80,80,352746286,200,0.9845009999989998,none
lstm,fold_3,sideway,SMA_20,0.5217298936517909,0.3140495867768595,80,80,352746286,200,0.9845009999989998,none
lstm,fold_3,sideway,SMA_60,1.2493697935715318,0.0413223140495867,80,80,352746286,200,0.9845009999989998,none
lstm,fold_3,sideway,Close_to_SMA_5,0.2496598938690294,0.5950413223140496,80,80,352746286,200,0.9845009999989998,none
lstm,fold_3,sideway,Close_to_SMA_10,0.0903826507002577,0.9421487603305784,80,80,352746286,200,0.9845009999989998,none
lstm,fold_3,sideway,Close_to_SMA_20,0.1587859599417106,0.8016528925619835,80,80,352746286,200,0.9845009999989998,none
lstm,fold_3,sideway,Close_to_SMA_60,0.1261798650767377,0.8925619834710744,80,80,352746286,200,0.9845009999989998,none
lstm,fold_3,sideway,Volatility_5,0.6152616707645393,0.2727272727272727,80,80,352746286,200,0.9845009999989998,none
lstm,fold_3,sideway,Volatility_10,0.4374914584077487,0.3801652892561983,80,80,352746286,200,0.9845009999989998,none
lstm,fold_3,sideway,Volatility_20,0.4415633279552275,0.371900826446281,80,80,352746286,200,0.9845009999989998,none
lstm,fold_3,sideway,Volatility_60,0.5793167102683219,0.2809917355371901,80,80,352746286,200,0.9845009999989998,none
lstm,fold_3,sideway,Momentum_5,0.2061874172816169,0.7272727272727273,80,80,352746286,200,0.9845009999989998,none
lstm,fold_3,sideway,Momentum_10,0.0977200499522223,0.9090909090909092,80,80,352746286,200,0.9845009999989998,none
lstm,fold_3,sideway,Momentum_20,0.3835472930804826,0.4628099173553719,80,80,352746286,200,0.9845009999989998,none
lstm,fold_3,sideway,Momentum_60,0.6533962354336836,0.2396694214876033,80,80,352746286,200,0.9845009999989998,none
lstm,fold_3,sideway,ROC_5,0.1553406521023134,0.8181818181818182,80,80,352746286,200,0.9845009999989998,none
lstm,fold_3,sideway,ROC_10,0.1041979508711119,0.9008264462809916,80,80,352746286,200,0.9845009999989998,none
lstm,fold_3,sideway,ROC_20,0.2469763804826652,0.6033057851239669,80,80,352746286,200,0.9845009999989998,none
lstm,fold_3,sideway,ROC_60,0.230746425561083,0.6198347107438017,80,80,352746286,200,0.9845009999989998,none
lstm,fold_3,sideway,Ratio_Close_D_to_W,0.2258673274007742,0.6363636363636364,80,80,352746286,200,0.9845009999989998,none
lstm,fold_3,sideway,Ratio_Close_D_to_M,0.0696893043551244,1.0,80,80,352746286,200,0.9845009999989998,none
lstm,fold_3,sideway,Ratio_Volume_D_to_W,0.0902855762696344,0.950413223140496,80,80,352746286,200,0.9845009999989998,none
lstm,fold_3,sideway,Spread_D,0.1503055807250712,0.8264462809917356,80,80,352746286,200,0.9845009999989998,none
lstm,fold_3,sideway,Body_D,0.1701250058261212,0.7851239669421488,80,80,352746286,200,0.9845009999989998,none
lstm,fold_3,sideway,Body_abs_D,0.3161033135258185,0.5371900826446281,80,80,352746286,200,0.9845009999989998,none
lstm,fold_3,sideway,Upper_Shadow_D,0.1919264483678125,0.768595041322314,80,80,352746286,200,0.9845009999989998,none
lstm,fold_3,sideway,Lower_Shadow_D,0.0739084865192489,0.9917355371900828,80,80,352746286,200,0.9845009999989998,none
lstm,fold_3,sideway,Body_to_Range_D,0.2066605146226356,0.71900826446281,80,80,352746286,200,0.9845009999989998,none
lstm,fold_3,sideway,Close_Position_D,0.2073467471089498,0.7107438016528925,80,80,352746286,200,0.9845009999989998,none
lstm,fold_3,sideway,Spread_W,0.2174510064781861,0.6694214876033058,80,80,352746286,200,0.9845009999989998,none
lstm,fold_3,sideway,Body_W,0.140197282235531,0.8512396694214877,80,80,352746286,200,0.9845009999989998,none
lstm,fold_3,sideway,Close_Position_W,0.3512311642090071,0.512396694214876,80,80,352746286,200,0.9845009999989998,none
lstm,fold_3,sideway,Spread_M,0.8660796450823546,0.1239669421487603,80,80,352746286,200,0.9845009999989998,none
lstm,fold_3,sideway,Body_M,1.0510384656981842,0.0743801652892562,80,80,352746286,200,0.9845009999989998,none
lstm,fold_3,sideway,Close_Position_M,0.4372513117501512,0.3884297520661157,80,80,352746286,200,0.9845009999989998,none
lstm,fold_3,sideway,Volume_MA_5,0.6594537770340685,0.2314049586776859,80,80,352746286,200,0.9845009999989998,none
lstm,fold_3,sideway,Volume_MA_20,0.4215457409097871,0.4049586776859504,80,80,352746286,200,0.9845009999989998,none
lstm,fold_3,sideway,Volume_Ratio_5,0.2740573255492199,0.5537190082644629,80,80,352746286,200,0.9845009999989998,none
lstm,fold_3,sideway,Volume_Ratio_20,0.0931322278357265,0.9338842975206612,80,80,352746286,200,0.9845009999989998,none
lstm,fold_3,sideway,Volume_Change_1D,0.2089405927854841,0.7024793388429752,80,80,352746286,200,0.9845009999989998,none
lstm,fold_3,sideway,Volume_Change_5D,0.157806242197912,0.8099173553719008,80,80,352746286,200,0.9845009999989998,none
lstm,fold_3,sideway,Volume_Change_20D,0.0783742836696956,0.975206611570248,80,80,352746286,200,0.9845009999989998,none
lstm,fold_3,sideway,Direction_lag1,0.2669523033827499,0.5619834710743802,80,80,352746286,200,0.9845009999989998,none
lstm,fold_3,sideway,Direction_lag2,1.0652395806182176,0.0661157024793388,80,80,352746286,200,0.9845009999989998,none
lstm,fold_3,sideway,Direction_lag3,0.5664896635664627,0.2892561983471074,80,80,352746286,200,0.9845009999989998,none
lstm,fold_3,sideway,Direction_lag5,0.36852199969293,0.4958677685950413,80,80,352746286,200,0.9845009999989998,none
lstm,fold_3,sideway,Up_Ratio_5,0.2833126221399288,0.5454545454545454,80,80,352746286,200,0.9845009999989998,none
lstm,fold_3,sideway,Up_Ratio_10,0.2014391062688469,0.743801652892562,80,80,352746286,200,0.9845009999989998,none
lstm,fold_3,sideway,Up_Ratio_20,0.3525387487372791,0.5041322314049587,80,80,352746286,200,0.9845009999989998,none
lstm,fold_3,sideway,Down_Ratio_5,0.419699115386793,0.4132231404958678,80,80,352746286,200,0.9845009999989998,none
lstm,fold_3,sideway,Down_Ratio_10,0.1416729418749446,0.8429752066115702,80,80,352746286,200,0.9845009999989998,none
lstm,fold_3,sideway,Down_Ratio_20,0.2210590529158798,0.6528925619834711,80,80,352746286,200,0.9845009999989998,none
lstm,fold_3,sideway,WMA_5,1.338864426803775,0.024793388429752,80,80,352746286,200,0.9845009999989998,none
lstm,fold_3,sideway,WMA_10,0.7709407994380308,0.1735537190082644,80,80,352746286,200,0.9845009999989998,none
lstm,fold_3,sideway,WMA_20,0.7214290383085609,0.1818181818181818,80,80,352746286,200,0.9845009999989998,none
lstm,fold_3,sideway,WMA_60,1.2954217553138734,0.0330578512396694,80,80,352746286,200,0.9845009999989998,none
lstm,fold_3,sideway,StochK_14,0.9234310269870548,0.0826446280991735,80,80,352746286,200,0.9845009999989998,none
lstm,fold_3,sideway,StochD_3,0.6643005317321513,0.2231404958677686,80,80,352746286,200,0.9845009999989998,none
lstm,fold_3,sideway,RSI_14,0.1326869363824517,0.8677685950413223,80,80,352746286,200,0.9845009999989998,none
lstm,fold_3,sideway,MACD_12_26,0.1636086697276005,0.7933884297520661,80,80,352746286,200,0.9845009999989998,none
lstm,fold_3,sideway,MACD_Signal_9,0.262495023736642,0.5702479338842975,80,80,352746286,200,0.9845009999989998,none
lstm,fold_3,sideway,MACD_Histogram,0.1459452375447835,0.8347107438016529,80,80,352746286,200,0.9845009999989998,none
lstm,fold_3,sideway,WilliamsR_14,0.4881703178034513,0.3305785123966942,80,80,352746286,200,0.9845009999989998,none
lstm,fold_3,sideway,CCI_20,0.2238182795097236,0.6446280991735537,80,80,352746286,200,0.9845009999989998,none
lstm,fold_3,sideway,ADX_14,0.1272404103110238,0.8842975206611571,80,80,352746286,200,0.9845009999989998,none
lstm,fold_3,sideway,PlusDI_14,0.4735807640885469,0.3553719008264462,80,80,352746286,200,0.9845009999989998,none
lstm,fold_3,sideway,MinusDI_14,0.230324070425595,0.628099173553719,80,80,352746286,200,0.9845009999989998,none
lstm,fold_3,sideway,VMD_IMF_1,0.846852937694639,0.1570247933884297,80,80,352746286,200,0.9845009999989998,none
lstm,fold_3,sideway,VMD_IMF_2,0.3804513987557129,0.4793388429752066,80,80,352746286,200,0.9845009999989998,none
lstm,fold_3,sideway,VMD_IMF_3,0.1958852042104877,0.7603305785123967,80,80,352746286,200,0.9845009999989998,none
lstm,fold_3,sideway,VMD_IMF_4,0.093216931239931,0.9256198347107438,80,80,352746286,200,0.9845009999989998,none
lstm,fold_3,sideway,VMD_Denoised_Close,0.6968847869389356,0.1983471074380165,80,80,352746286,200,0.9845009999989998,none
lstm,fold_3,sideway,VMD_Noise_Energy_Ratio,2.265952454506187,0.0082644628099173,80,80,352746286,200,0.9845009999989998,none
lstm_attention,fold_1,bear,Open_D,0.4718112281905726,0.0743801652892562,78,78,1750426368,200,1.5589755999972112,none
lstm_attention,fold_1,bear,High_D,0.3345412727087163,0.1487603305785124,78,78,1750426368,200,1.5589755999972112,none
lstm_attention,fold_1,bear,Low_D,0.4121053125470494,0.0991735537190082,78,78,1750426368,200,1.5589755999972112,none
lstm_attention,fold_1,bear,Close_D,13.67342291159758,0.0,78,78,1750426368,200,1.5589755999972112,none
lstm_attention,fold_1,bear,Volume_D,0.0303502621395928,0.8842975206611571,78,78,1750426368,200,1.5589755999972112,none
lstm_attention,fold_1,bear,Change_pct_D,0.0388008063548824,0.7933884297520661,78,78,1750426368,200,1.5589755999972112,none
lstm_attention,fold_1,bear,Open_W,0.1833590037818514,0.3471074380165289,78,78,1750426368,200,1.5589755999972112,none
lstm_attention,fold_1,bear,High_W,0.5982717516426093,0.0330578512396694,78,78,1750426368,200,1.5589755999972112,none
lstm_attention,fold_1,bear,Low_W,0.2333600569867625,0.256198347107438,78,78,1750426368,200,1.5589755999972112,none
lstm_attention,fold_1,bear,Close_W,0.3883548078533166,0.1239669421487603,78,78,1750426368,200,1.5589755999972112,none
lstm_attention,fold_1,bear,Volume_W,0.0931609744985531,0.5619834710743802,78,78,1750426368,200,1.5589755999972112,none
lstm_attention,fold_1,bear,Change_pct_W,0.0218958177342686,0.9421487603305784,78,78,1750426368,200,1.5589755999972112,none
lstm_attention,fold_1,bear,Open_M,0.259805625037123,0.2148760330578512,78,78,1750426368,200,1.5589755999972112,none
lstm_attention,fold_1,bear,High_M,0.2546300211748203,0.2231404958677686,78,78,1750426368,200,1.5589755999972112,none
lstm_attention,fold_1,bear,Low_M,0.2800137305465236,0.1900826446280991,78,78,1750426368,200,1.5589755999972112,none
lstm_attention,fold_1,bear,Close_M,0.4204357982111665,0.0826446280991735,78,78,1750426368,200,1.5589755999972112,none
lstm_attention,fold_1,bear,Volume_M,0.150791219305859,0.4049586776859504,78,78,1750426368,200,1.5589755999972112,none
lstm_attention,fold_1,bear,Change_pct_M,0.0347507213573932,0.8429752066115702,78,78,1750426368,200,1.5589755999972112,none
lstm_attention,fold_1,bear,Close_D_lag1,0.2994792416948491,0.1818181818181818,78,78,1750426368,200,1.5589755999972112,none
lstm_attention,fold_1,bear,Close_D_lag2,0.0708034472441795,0.6115702479338843,78,78,1750426368,200,1.5589755999972112,none
lstm_attention,fold_1,bear,Close_D_lag3,0.2225924954636213,0.2727272727272727,78,78,1750426368,200,1.5589755999972112,none
lstm_attention,fold_1,bear,Close_D_lag5,0.3108394436287479,0.1735537190082644,78,78,1750426368,200,1.5589755999972112,none
lstm_attention,fold_1,bear,Close_D_lag10,0.4193578094655188,0.0909090909090909,78,78,1750426368,200,1.5589755999972112,none
lstm_attention,fold_1,bear,Close_D_lag20,0.1970822370442478,0.3223140495867768,78,78,1750426368,200,1.5589755999972112,none
lstm_attention,fold_1,bear,Close_D_lag60,0.2674698261397096,0.2066115702479339,78,78,1750426368,200,1.5589755999972112,none
lstm_attention,fold_1,bear,Change_pct_D_lag1,0.0679694979329677,0.628099173553719,78,78,1750426368,200,1.5589755999972112,none
lstm_attention,fold_1,bear,Change_pct_D_lag2,0.1014764032086205,0.5371900826446281,78,78,1750426368,200,1.5589755999972112,none
lstm_attention,fold_1,bear,Change_pct_D_lag3,0.0603085825838999,0.6776859504132231,78,78,1750426368,200,1.5589755999972112,none
lstm_attention,fold_1,bear,Change_pct_D_lag5,0.1235824781455915,0.4462809917355372,78,78,1750426368,200,1.5589755999972112,none
lstm_attention,fold_1,bear,Change_pct_D_lag10,0.0282383798967097,0.9173553719008264,78,78,1750426368,200,1.5589755999972112,none
lstm_attention,fold_1,bear,Change_pct_D_lag20,0.0428352164682143,0.768595041322314,78,78,1750426368,200,1.5589755999972112,none
lstm_attention,fold_1,bear,Volume_D_lag1,0.0149744260588287,0.975206611570248,78,78,1750426368,200,1.5589755999972112,none
lstm_attention,fold_1,bear,Volume_D_lag2,0.0322729772276185,0.8760330578512396,78,78,1750426368,200,1.5589755999972112,none
lstm_attention,fold_1,bear,Volume_D_lag3,0.039848790480866,0.7851239669421488,78,78,1750426368,200,1.5589755999972112,none
lstm_attention,fold_1,bear,Volume_D_lag5,0.0829184126982606,0.5785123966942148,78,78,1750426368,200,1.5589755999972112,none
lstm_attention,fold_1,bear,Volume_D_lag10,0.017741107234141,0.9586776859504132,78,78,1750426368,200,1.5589755999972112,none
lstm_attention,fold_1,bear,Volume_D_lag20,0.0294474803863825,0.9090909090909092,78,78,1750426368,200,1.5589755999972112,none
lstm_attention,fold_1,bear,Close_W_lag1,0.1629224726884925,0.3801652892561983,78,78,1750426368,200,1.5589755999972112,none
lstm_attention,fold_1,bear,Close_W_lag2,0.3825096370938878,0.1322314049586777,78,78,1750426368,200,1.5589755999972112,none
lstm_attention,fold_1,bear,Close_W_lag4,0.5711738458046547,0.0495867768595041,78,78,1750426368,200,1.5589755999972112,none
lstm_attention,fold_1,bear,Close_M_lag1,0.5835406561931357,0.0413223140495867,78,78,1750426368,200,1.5589755999972112,none
lstm_attention,fold_1,bear,Close_M_lag3,0.4906137074891609,0.0661157024793388,78,78,1750426368,200,1.5589755999972112,none
lstm_attention,fold_1,bear,Return_1D,0.0687654773275099,0.6198347107438017,78,78,1750426368,200,1.5589755999972112,none
lstm_attention,fold_1,bear,Return_3D,0.0590328877524417,0.6859504132231405,78,78,1750426368,200,1.5589755999972112,none
lstm_attention,fold_1,bear,Return_5D,0.0363953390523181,0.8181818181818182,78,78,1750426368,200,1.5589755999972112,none
lstm_attention,fold_1,bear,Return_10D,0.1127551703649796,0.4793388429752066,78,78,1750426368,200,1.5589755999972112,none
lstm_attention,fold_1,bear,Return_20D,0.1160514304204694,0.4710743801652892,78,78,1750426368,200,1.5589755999972112,none
lstm_attention,fold_1,bear,Return_60D,0.229936663400925,0.2644628099173554,78,78,1750426368,200,1.5589755999972112,none
lstm_attention,fold_1,bear,SMA_5,0.4009583663792373,0.1157024793388429,78,78,1750426368,200,1.5589755999972112,none
lstm_attention,fold_1,bear,SMA_10,0.5491973615890273,0.0578512396694214,78,78,1750426368,200,1.5589755999972112,none
lstm_attention,fold_1,bear,SMA_20,0.6321453870769638,0.024793388429752,78,78,1750426368,200,1.5589755999972112,none
lstm_attention,fold_1,bear,SMA_60,0.3313296994528709,0.1570247933884297,78,78,1750426368,200,1.5589755999972112,none
lstm_attention,fold_1,bear,Close_to_SMA_5,0.0330609190999789,0.859504132231405,78,78,1750426368,200,1.5589755999972112,none
lstm_attention,fold_1,bear,Close_to_SMA_10,0.0608642021796745,0.6694214876033058,78,78,1750426368,200,1.5589755999972112,none
lstm_attention,fold_1,bear,Close_to_SMA_20,0.1508825234737462,0.396694214876033,78,78,1750426368,200,1.5589755999972112,none
lstm_attention,fold_1,bear,Close_to_SMA_60,0.2162457078968425,0.2892561983471074,78,78,1750426368,200,1.5589755999972112,none
lstm_attention,fold_1,bear,Volatility_5,0.2041767149382231,0.3057851239669421,78,78,1750426368,200,1.5589755999972112,none
lstm_attention,fold_1,bear,Volatility_10,0.0738307141922772,0.6033057851239669,78,78,1750426368,200,1.5589755999972112,none
lstm_attention,fold_1,bear,Volatility_20,0.1108321921720347,0.4958677685950413,78,78,1750426368,200,1.5589755999972112,none
lstm_attention,fold_1,bear,Volatility_60,0.0532207472954374,0.71900826446281,78,78,1750426368,200,1.5589755999972112,none
lstm_attention,fold_1,bear,Momentum_5,0.1289160318618553,0.4380165289256198,78,78,1750426368,200,1.5589755999972112,none
lstm_attention,fold_1,bear,Momentum_10,0.0294505845761075,0.9008264462809916,78,78,1750426368,200,1.5589755999972112,none
lstm_attention,fold_1,bear,Momentum_20,0.2442533098980926,0.2396694214876033,78,78,1750426368,200,1.5589755999972112,none
lstm_attention,fold_1,bear,Momentum_60,0.1586905106123035,0.3884297520661157,78,78,1750426368,200,1.5589755999972112,none
lstm_attention,fold_1,bear,ROC_5,0.0359628012151577,0.8264462809917356,78,78,1750426368,200,1.5589755999972112,none
lstm_attention,fold_1,bear,ROC_10,0.0237871131485287,0.9338842975206612,78,78,1750426368,200,1.5589755999972112,none
lstm_attention,fold_1,bear,ROC_20,0.1118492777949237,0.4876033057851239,78,78,1750426368,200,1.5589755999972112,none
lstm_attention,fold_1,bear,ROC_60,0.0375952598649839,0.8016528925619835,78,78,1750426368,200,1.5589755999972112,none
lstm_attention,fold_1,bear,Ratio_Close_D_to_W,0.0116818203091287,0.9917355371900828,78,78,1750426368,200,1.5589755999972112,none
lstm_attention,fold_1,bear,Ratio_Close_D_to_M,0.0527980843377148,0.7272727272727273,78,78,1750426368,200,1.5589755999972112,none
lstm_attention,fold_1,bear,Ratio_Volume_D_to_W,0.0114756543076229,1.0,78,78,1750426368,200,1.5589755999972112,none
lstm_attention,fold_1,bear,Spread_D,0.0326002983777214,0.8677685950413223,78,78,1750426368,200,1.5589755999972112,none
lstm_attention,fold_1,bear,Body_D,0.0150863484996732,0.9669421487603306,78,78,1750426368,200,1.5589755999972112,none
lstm_attention,fold_1,bear,Body_abs_D,0.0402533355557539,0.7768595041322314,78,78,1750426368,200,1.5589755999972112,none
lstm_attention,fold_1,bear,Upper_Shadow_D,0.0620188730679396,0.6611570247933884,78,78,1750426368,200,1.5589755999972112,none
lstm_attention,fold_1,bear,Lower_Shadow_D,0.0134811493723668,0.9834710743801652,78,78,1750426368,200,1.5589755999972112,none
lstm_attention,fold_1,bear,Body_to_Range_D,0.2454444005064896,0.2314049586776859,78,78,1750426368,200,1.5589755999972112,none
lstm_attention,fold_1,bear,Close_Position_D,0.2200274743023328,0.2809917355371901,78,78,1750426368,200,1.5589755999972112,none
lstm_attention,fold_1,bear,Spread_W,0.0200841907984002,0.950413223140496,78,78,1750426368,200,1.5589755999972112,none
lstm_attention,fold_1,bear,Body_W,0.1044139407575247,0.5289256198347108,78,78,1750426368,200,1.5589755999972112,none
lstm_attention,fold_1,bear,Close_Position_W,0.109730252779506,0.5041322314049587,78,78,1750426368,200,1.5589755999972112,none
lstm_attention,fold_1,bear,Spread_M,0.1183038909491397,0.4628099173553719,78,78,1750426368,200,1.5589755999972112,none
lstm_attention,fold_1,bear,Body_M,0.1005947916235061,0.5454545454545454,78,78,1750426368,200,1.5589755999972112,none
lstm_attention,fold_1,bear,Close_Position_M,0.1420768573027952,0.4214876033057851,78,78,1750426368,200,1.5589755999972112,none
lstm_attention,fold_1,bear,Volume_MA_5,0.0515276589115903,0.7355371900826446,78,78,1750426368,200,1.5589755999972112,none
lstm_attention,fold_1,bear,Volume_MA_20,0.0476491044131436,0.7520661157024794,78,78,1750426368,200,1.5589755999972112,none
lstm_attention,fold_1,bear,Volume_Ratio_5,0.0297318930921438,0.8925619834710744,78,78,1750426368,200,1.5589755999972112,none
lstm_attention,fold_1,bear,Volume_Ratio_20,0.0946448954630259,0.5537190082644629,78,78,1750426368,200,1.5589755999972112,none
lstm_attention,fold_1,bear,Volume_Change_1D,0.0564591216088396,0.7024793388429752,78,78,1750426368,200,1.5589755999972112,none
lstm_attention,fold_1,bear,Volume_Change_5D,0.079591771001637,0.5867768595041323,78,78,1750426368,200,1.5589755999972112,none
lstm_attention,fold_1,bear,Volume_Change_20D,0.0260729910011409,0.9256198347107438,78,78,1750426368,200,1.5589755999972112,none
lstm_attention,fold_1,bear,Direction_lag1,0.367672874154647,0.140495867768595,78,78,1750426368,200,1.5589755999972112,none
lstm_attention,fold_1,bear,Direction_lag2,0.1440515052660022,0.4132231404958678,78,78,1750426368,200,1.5589755999972112,none
lstm_attention,fold_1,bear,Direction_lag3,0.0554217112702994,0.7107438016528925,78,78,1750426368,200,1.5589755999972112,none
lstm_attention,fold_1,bear,Direction_lag5,0.1859514082067434,0.3388429752066115,78,78,1750426368,200,1.5589755999972112,none
lstm_attention,fold_1,bear,Up_Ratio_5,0.0334482327563585,0.8512396694214877,78,78,1750426368,200,1.5589755999972112,none
lstm_attention,fold_1,bear,Up_Ratio_10,0.0449503807292365,0.7603305785123967,78,78,1750426368,200,1.5589755999972112,none
lstm_attention,fold_1,bear,Up_Ratio_20,0.0644880696198621,0.6528925619834711,78,78,1750426368,200,1.5589755999972112,none
lstm_attention,fold_1,bear,Down_Ratio_5,0.0663925122009785,0.6446280991735537,78,78,1750426368,200,1.5589755999972112,none
lstm_attention,fold_1,bear,Down_Ratio_10,0.0588202484877118,0.6942148760330579,78,78,1750426368,200,1.5589755999972112,none
lstm_attention,fold_1,bear,Down_Ratio_20,0.1089242189144693,0.512396694214876,78,78,1750426368,200,1.5589755999972112,none
lstm_attention,fold_1,bear,WMA_5,0.2705169300387542,0.1983471074380165,78,78,1750426368,200,1.5589755999972112,none
lstm_attention,fold_1,bear,WMA_10,0.6857387598389043,0.0165289256198347,78,78,1750426368,200,1.5589755999972112,none
lstm_attention,fold_1,bear,WMA_20,0.3179078156422269,0.1652892561983471,78,78,1750426368,200,1.5589755999972112,none
lstm_attention,fold_1,bear,WMA_60,1.229645722015546,0.0082644628099173,78,78,1750426368,200,1.5589755999972112,none
lstm_attention,fold_1,bear,StochK_14,0.1653189469603463,0.371900826446281,78,78,1750426368,200,1.5589755999972112,none
lstm_attention,fold_1,bear,StochD_3,0.0349492943705533,0.8347107438016529,78,78,1750426368,200,1.5589755999972112,none
lstm_attention,fold_1,bear,RSI_14,0.1880472613028429,0.3305785123966942,78,78,1750426368,200,1.5589755999972112,none
lstm_attention,fold_1,bear,MACD_12_26,0.0838132631171715,0.5702479338842975,78,78,1750426368,200,1.5589755999972112,none
lstm_attention,fold_1,bear,MACD_Signal_9,0.1701773233165463,0.3636363636363636,78,78,1750426368,200,1.5589755999972112,none
lstm_attention,fold_1,bear,MACD_Histogram,0.0484141477612586,0.743801652892562,78,78,1750426368,200,1.5589755999972112,none
lstm_attention,fold_1,bear,WilliamsR_14,0.4045376287601613,0.1074380165289256,78,78,1750426368,200,1.5589755999972112,none
lstm_attention,fold_1,bear,CCI_20,0.077806622793977,0.5950413223140496,78,78,1750426368,200,1.5589755999972112,none
lstm_attention,fold_1,bear,ADX_14,0.212745684481509,0.2975206611570248,78,78,1750426368,200,1.5589755999972112,none
lstm_attention,fold_1,bear,PlusDI_14,0.1975110181145375,0.3140495867768595,78,78,1750426368,200,1.5589755999972112,none
lstm_attention,fold_1,bear,MinusDI_14,0.1186414112951845,0.4545454545454545,78,78,1750426368,200,1.5589755999972112,none
lstm_attention,fold_1,bear,VMD_IMF_1,0.171756254812051,0.3553719008264462,78,78,1750426368,200,1.5589755999972112,none
lstm_attention,fold_1,bear,VMD_IMF_2,0.141756159869109,0.4297520661157025,78,78,1750426368,200,1.5589755999972112,none
lstm_attention,fold_1,bear,VMD_IMF_3,0.0664430043948542,0.6363636363636364,78,78,1750426368,200,1.5589755999972112,none
lstm_attention,fold_1,bear,VMD_IMF_4,0.1082429543043662,0.5206611570247934,78,78,1750426368,200,1.5589755999972112,none
lstm_attention,fold_1,bear,VMD_Denoised_Close,0.2439324270754766,0.2479338842975206,78,78,1750426368,200,1.5589755999972112,none
lstm_attention,fold_1,bear,VMD_Noise_Energy_Ratio,0.0370483006238851,0.8099173553719008,78,78,1750426368,200,1.5589755999972112,none
lstm_attention,fold_1,bull,Open_D,0.4982202898995537,0.0661157024793388,72,72,2059151500,200,1.4294836000044595,none
lstm_attention,fold_1,bull,High_D,0.3931587740086898,0.1239669421487603,72,72,2059151500,200,1.4294836000044595,none
lstm_attention,fold_1,bull,Low_D,0.4947845781842867,0.0743801652892562,72,72,2059151500,200,1.4294836000044595,none
lstm_attention,fold_1,bull,Close_D,20.85826586086769,0.0,72,72,2059151500,200,1.4294836000044595,none
lstm_attention,fold_1,bull,Volume_D,0.0331761952209989,0.8677685950413223,72,72,2059151500,200,1.4294836000044595,none
lstm_attention,fold_1,bull,Change_pct_D,0.0319553917671732,0.8925619834710744,72,72,2059151500,200,1.4294836000044595,none
lstm_attention,fold_1,bull,Open_W,0.2434772979552589,0.2314049586776859,72,72,2059151500,200,1.4294836000044595,none
lstm_attention,fold_1,bull,High_W,0.6351793645337845,0.024793388429752,72,72,2059151500,200,1.4294836000044595,none
lstm_attention,fold_1,bull,Low_W,0.2283339697383376,0.2396694214876033,72,72,2059151500,200,1.4294836000044595,none
lstm_attention,fold_1,bull,Close_W,0.3958175420580018,0.1074380165289256,72,72,2059151500,200,1.4294836000044595,none
lstm_attention,fold_1,bull,Volume_W,0.1128420076345113,0.512396694214876,72,72,2059151500,200,1.4294836000044595,none
lstm_attention,fold_1,bull,Change_pct_W,0.0213182847780242,0.950413223140496,72,72,2059151500,200,1.4294836000044595,none
lstm_attention,fold_1,bull,Open_M,0.1442867974169429,0.396694214876033,72,72,2059151500,200,1.4294836000044595,none
lstm_attention,fold_1,bull,High_M,0.2108806778580906,0.2727272727272727,72,72,2059151500,200,1.4294836000044595,none
lstm_attention,fold_1,bull,Low_M,0.2445104764547977,0.2231404958677686,72,72,2059151500,200,1.4294836000044595,none
lstm_attention,fold_1,bull,Close_M,0.4618432660109344,0.0826446280991735,72,72,2059151500,200,1.4294836000044595,none
lstm_attention,fold_1,bull,Volume_M,0.1540386113706719,0.3801652892561983,72,72,2059151500,200,1.4294836000044595,none
lstm_attention,fold_1,bull,Change_pct_M,0.0480516937745657,0.768595041322314,72,72,2059151500,200,1.4294836000044595,none
lstm_attention,fold_1,bull,Close_D_lag1,0.3741521502896729,0.140495867768595,72,72,2059151500,200,1.4294836000044595,none
lstm_attention,fold_1,bull,Close_D_lag2,0.1284722022946501,0.4545454545454545,72,72,2059151500,200,1.4294836000044595,none
lstm_attention,fold_1,bull,Close_D_lag3,0.2147537806760131,0.2644628099173554,72,72,2059151500,200,1.4294836000044595,none
lstm_attention,fold_1,bull,Close_D_lag5,0.3439083676384245,0.1652892561983471,72,72,2059151500,200,1.4294836000044595,none
lstm_attention,fold_1,bull,Close_D_lag10,0.3504758948958397,0.1570247933884297,72,72,2059151500,200,1.4294836000044595,none
lstm_attention,fold_1,bull,Close_D_lag20,0.2229084435107425,0.256198347107438,72,72,2059151500,200,1.4294836000044595,none
lstm_attention,fold_1,bull,Close_D_lag60,0.1765605509466771,0.3388429752066115,72,72,2059151500,200,1.4294836000044595,none
lstm_attention,fold_1,bull,Change_pct_D_lag1,0.0525504229840458,0.7107438016528925,72,72,2059151500,200,1.4294836000044595,none
lstm_attention,fold_1,bull,Change_pct_D_lag2,0.0780494958710455,0.6198347107438017,72,72,2059151500,200,1.4294836000044595,none
lstm_attention,fold_1,bull,Change_pct_D_lag3,0.0532705560552585,0.7024793388429752,72,72,2059151500,200,1.4294836000044595,none
lstm_attention,fold_1,bull,Change_pct_D_lag5,0.1053786417279613,0.5454545454545454,72,72,2059151500,200,1.4294836000044595,none
lstm_attention,fold_1,bull,Change_pct_D_lag10,0.0232248138672752,0.9338842975206612,72,72,2059151500,200,1.4294836000044595,none
lstm_attention,fold_1,bull,Change_pct_D_lag20,0.0327331121057492,0.8760330578512396,72,72,2059151500,200,1.4294836000044595,none
lstm_attention,fold_1,bull,Volume_D_lag1,0.0154630678881759,0.9669421487603306,72,72,2059151500,200,1.4294836000044595,none
lstm_attention,fold_1,bull,Volume_D_lag2,0.038120568730513,0.8264462809917356,72,72,2059151500,200,1.4294836000044595,none
lstm_attention,fold_1,bull,Volume_D_lag3,0.0371022454528328,0.8347107438016529,72,72,2059151500,200,1.4294836000044595,none
lstm_attention,fold_1,bull,Volume_D_lag5,0.1064403140727538,0.5371900826446281,72,72,2059151500,200,1.4294836000044595,none
lstm_attention,fold_1,bull,Volume_D_lag10,0.0271521937763559,0.9090909090909092,72,72,2059151500,200,1.4294836000044595,none
lstm_attention,fold_1,bull,Volume_D_lag20,0.0265213713162198,0.9173553719008264,72,72,2059151500,200,1.4294836000044595,none
lstm_attention,fold_1,bull,Close_W_lag1,0.1561957016385172,0.371900826446281,72,72,2059151500,200,1.4294836000044595,none
lstm_attention,fold_1,bull,Close_W_lag2,0.3945935297576297,0.1157024793388429,72,72,2059151500,200,1.4294836000044595,none
lstm_attention,fold_1,bull,Close_W_lag4,0.5674694467361809,0.0330578512396694,72,72,2059151500,200,1.4294836000044595,none
lstm_attention,fold_1,bull,Close_M_lag1,0.5525804562545898,0.0495867768595041,72,72,2059151500,200,1.4294836000044595,none
lstm_attention,fold_1,bull,Close_M_lag3,0.4029869687846157,0.0991735537190082,72,72,2059151500,200,1.4294836000044595,none
lstm_attention,fold_1,bull,Return_1D,0.0518284911631427,0.71900826446281,72,72,2059151500,200,1.4294836000044595,none
lstm_attention,fold_1,bull,Return_3D,0.048047156259787,0.7768595041322314,72,72,2059151500,200,1.4294836000044595,none
lstm_attention,fold_1,bull,Return_5D,0.0410507446221547,0.8181818181818182,72,72,2059151500,200,1.4294836000044595,none
lstm_attention,fold_1,bull,Return_10D,0.0926233068664765,0.5867768595041323,72,72,2059151500,200,1.4294836000044595,none
lstm_attention,fold_1,bull,Return_20D,0.0990121555784652,0.5537190082644629,72,72,2059151500,200,1.4294836000044595,none
lstm_attention,fold_1,bull,Return_60D,0.2470954411590961,0.2148760330578512,72,72,2059151500,200,1.4294836000044595,none
lstm_attention,fold_1,bull,SMA_5,0.446096592512913,0.0909090909090909,72,72,2059151500,200,1.4294836000044595,none
lstm_attention,fold_1,bull,SMA_10,0.5214291033622834,0.0578512396694214,72,72,2059151500,200,1.4294836000044595,none
lstm_attention,fold_1,bull,SMA_20,0.5633486917242407,0.0413223140495867,72,72,2059151500,200,1.4294836000044595,none
lstm_attention,fold_1,bull,SMA_60,0.3043379177287635,0.1818181818181818,72,72,2059151500,200,1.4294836000044595,none
lstm_attention,fold_1,bull,Close_to_SMA_5,0.0349495475689359,0.8512396694214877,72,72,2059151500,200,1.4294836000044595,none
lstm_attention,fold_1,bull,Close_to_SMA_10,0.049445246966388,0.743801652892562,72,72,2059151500,200,1.4294836000044595,none
lstm_attention,fold_1,bull,Close_to_SMA_20,0.1295817884712354,0.4462809917355372,72,72,2059151500,200,1.4294836000044595,none
lstm_attention,fold_1,bull,Close_to_SMA_60,0.1775573897623366,0.3305785123966942,72,72,2059151500,200,1.4294836000044595,none
lstm_attention,fold_1,bull,Volatility_5,0.1850847681027517,0.2975206611570248,72,72,2059151500,200,1.4294836000044595,none
lstm_attention,fold_1,bull,Volatility_10,0.0690977109636757,0.6528925619834711,72,72,2059151500,200,1.4294836000044595,none
lstm_attention,fold_1,bull,Volatility_20,0.1473086197459792,0.3884297520661157,72,72,2059151500,200,1.4294836000044595,none
lstm_attention,fold_1,bull,Volatility_60,0.0966424222318033,0.5702479338842975,72,72,2059151500,200,1.4294836000044595,none
lstm_attention,fold_1,bull,Momentum_5,0.1316777618370755,0.4380165289256198,72,72,2059151500,200,1.4294836000044595,none
lstm_attention,fold_1,bull,Momentum_10,0.0295640950625473,0.9008264462809916,72,72,2059151500,200,1.4294836000044595,none
lstm_attention,fold_1,bull,Momentum_20,0.2100526947228597,0.2809917355371901,72,72,2059151500,200,1.4294836000044595,none
lstm_attention,fold_1,bull,Momentum_60,0.1803754153733381,0.3057851239669421,72,72,2059151500,200,1.4294836000044595,none
lstm_attention,fold_1,bull,ROC_5,0.0337758771126773,0.859504132231405,72,72,2059151500,200,1.4294836000044595,none
lstm_attention,fold_1,bull,ROC_10,0.0217385926473677,0.9421487603305784,72,72,2059151500,200,1.4294836000044595,none
lstm_attention,fold_1,bull,ROC_20,0.093012917377756,0.5785123966942148,72,72,2059151500,200,1.4294836000044595,none
lstm_attention,fold_1,bull,ROC_60,0.047607701659279,0.7851239669421488,72,72,2059151500,200,1.4294836000044595,none
lstm_attention,fold_1,bull,Ratio_Close_D_to_W,0.012759061644842,1.0,72,72,2059151500,200,1.4294836000044595,none
lstm_attention,fold_1,bull,Ratio_Close_D_to_M,0.0548794878746169,0.6859504132231405,72,72,2059151500,200,1.4294836000044595,none
lstm_attention,fold_1,bull,Ratio_Volume_D_to_W,0.0146514164950471,0.975206611570248,72,72,2059151500,200,1.4294836000044595,none
lstm_attention,fold_1,bull,Spread_D,0.0263003772479467,0.9256198347107438,72,72,2059151500,200,1.4294836000044595,none
lstm_attention,fold_1,bull,Body_D,0.0136072208436887,0.9834710743801652,72,72,2059151500,200,1.4294836000044595,none
lstm_attention,fold_1,bull,Body_abs_D,0.0491978565514727,0.7520661157024794,72,72,2059151500,200,1.4294836000044595,none
lstm_attention,fold_1,bull,Upper_Shadow_D,0.0574150549500302,0.6776859504132231,72,72,2059151500,200,1.4294836000044595,none
lstm_attention,fold_1,bull,Lower_Shadow_D,0.0131667936260773,0.9917355371900828,72,72,2059151500,200,1.4294836000044595,none
lstm_attention,fold_1,bull,Body_to_Range_D,0.2260700397642924,0.2479338842975206,72,72,2059151500,200,1.4294836000044595,none
lstm_attention,fold_1,bull,Close_Position_D,0.1752952414560544,0.3471074380165289,72,72,2059151500,200,1.4294836000044595,none
lstm_attention,fold_1,bull,Spread_W,0.0175581109278533,0.9586776859504132,72,72,2059151500,200,1.4294836000044595,none
lstm_attention,fold_1,bull,Body_W,0.0882275965455038,0.5950413223140496,72,72,2059151500,200,1.4294836000044595,none
lstm_attention,fold_1,bull,Close_Position_W,0.1199612683606776,0.4958677685950413,72,72,2059151500,200,1.4294836000044595,none
lstm_attention,fold_1,bull,Spread_M,0.1147129364604413,0.5041322314049587,72,72,2059151500,200,1.4294836000044595,none
lstm_attention,fold_1,bull,Body_M,0.1268165488674363,0.4628099173553719,72,72,2059151500,200,1.4294836000044595,none
lstm_attention,fold_1,bull,Close_Position_M,0.1246206643748387,0.4793388429752066,72,72,2059151500,200,1.4294836000044595,none
lstm_attention,fold_1,bull,Volume_MA_5,0.060519539610929,0.6694214876033058,72,72,2059151500,200,1.4294836000044595,none
lstm_attention,fold_1,bull,Volume_MA_20,0.0541245236077934,0.6942148760330579,72,72,2059151500,200,1.4294836000044595,none
lstm_attention,fold_1,bull,Volume_Ratio_5,0.0363116425360607,0.8429752066115702,72,72,2059151500,200,1.4294836000044595,none
lstm_attention,fold_1,bull,Volume_Ratio_20,0.1373585559476851,0.4132231404958678,72,72,2059151500,200,1.4294836000044595,none
lstm_attention,fold_1,bull,Volume_Change_1D,0.0736474178348645,0.6363636363636364,72,72,2059151500,200,1.4294836000044595,none
lstm_attention,fold_1,bull,Volume_Change_5D,0.1096075659475,0.5289256198347108,72,72,2059151500,200,1.4294836000044595,none
lstm_attention,fold_1,bull,Volume_Change_20D,0.0436568340519038,0.8016528925619835,72,72,2059151500,200,1.4294836000044595,none
lstm_attention,fold_1,bull,Direction_lag1,0.3726238452687135,0.1487603305785124,72,72,2059151500,200,1.4294836000044595,none
lstm_attention,fold_1,bull,Direction_lag2,0.1428841478096324,0.4049586776859504,72,72,2059151500,200,1.4294836000044595,none
lstm_attention,fold_1,bull,Direction_lag3,0.0326530811135777,0.8842975206611571,72,72,2059151500,200,1.4294836000044595,none
lstm_attention,fold_1,bull,Direction_lag5,0.1343711256153053,0.4297520661157025,72,72,2059151500,200,1.4294836000044595,none
lstm_attention,fold_1,bull,Up_Ratio_5,0.0438984049414607,0.7933884297520661,72,72,2059151500,200,1.4294836000044595,none
lstm_attention,fold_1,bull,Up_Ratio_10,0.0516688995495416,0.7272727272727273,72,72,2059151500,200,1.4294836000044595,none
lstm_attention,fold_1,bull,Up_Ratio_20,0.1111978107560591,0.5206611570247934,72,72,2059151500,200,1.4294836000044595,none
lstm_attention,fold_1,bull,Down_Ratio_5,0.0696246790910259,0.6446280991735537,72,72,2059151500,200,1.4294836000044595,none
lstm_attention,fold_1,bull,Down_Ratio_10,0.083038315335418,0.6033057851239669,72,72,2059151500,200,1.4294836000044595,none
lstm_attention,fold_1,bull,Down_Ratio_20,0.1795368965850886,0.3223140495867768,72,72,2059151500,200,1.4294836000044595,none
lstm_attention,fold_1,bull,WMA_5,0.3764992907151787,0.1322314049586777,72,72,2059151500,200,1.4294836000044595,none
lstm_attention,fold_1,bull,WMA_10,0.7341977516292698,0.0165289256198347,72,72,2059151500,200,1.4294836000044595,none
lstm_attention,fold_1,bull,WMA_20,0.2802080854166282,0.1983471074380165,72,72,2059151500,200,1.4294836000044595,none
lstm_attention,fold_1,bull,WMA_60,1.199175541744464,0.0082644628099173,72,72,2059151500,200,1.4294836000044595,none
lstm_attention,fold_1,bull,StochK_14,0.1250216877429112,0.4710743801652892,72,72,2059151500,200,1.4294836000044595,none
lstm_attention,fold_1,bull,StochD_3,0.0412403262827461,0.8099173553719008,72,72,2059151500,200,1.4294836000044595,none
lstm_attention,fold_1,bull,RSI_14,0.180271720618652,0.3140495867768595,72,72,2059151500,200,1.4294836000044595,none
lstm_attention,fold_1,bull,MACD_12_26,0.0776055131608094,0.628099173553719,72,72,2059151500,200,1.4294836000044595,none
lstm_attention,fold_1,bull,MACD_Signal_9,0.1595424370773268,0.3636363636363636,72,72,2059151500,200,1.4294836000044595,none
lstm_attention,fold_1,bull,MACD_Histogram,0.0491310558972928,0.7603305785123967,72,72,2059151500,200,1.4294836000044595,none
lstm_attention,fold_1,bull,WilliamsR_14,0.3009364092839759,0.1900826446280991,72,72,2059151500,200,1.4294836000044595,none
lstm_attention,fold_1,bull,CCI_20,0.0688856426986603,0.6611570247933884,72,72,2059151500,200,1.4294836000044595,none
lstm_attention,fold_1,bull,ADX_14,0.266345944188207,0.2066115702479339,72,72,2059151500,200,1.4294836000044595,none
lstm_attention,fold_1,bull,PlusDI_14,0.2040211205820242,0.2892561983471074,72,72,2059151500,200,1.4294836000044595,none
lstm_attention,fold_1,bull,MinusDI_14,0.0978874784074731,0.5619834710743802,72,72,2059151500,200,1.4294836000044595,none
lstm_attention,fold_1,bull,VMD_IMF_1,0.1666355276132561,0.3553719008264462,72,72,2059151500,200,1.4294836000044595,none
lstm_attention,fold_1,bull,VMD_IMF_2,0.1356189309836332,0.4214876033057851,72,72,2059151500,200,1.4294836000044595,none
lstm_attention,fold_1,bull,VMD_IMF_3,0.0804522811007043,0.6115702479338843,72,72,2059151500,200,1.4294836000044595,none
lstm_attention,fold_1,bull,VMD_IMF_4,0.1208961649649002,0.4876033057851239,72,72,2059151500,200,1.4294836000044595,none
lstm_attention,fold_1,bull,VMD_Denoised_Close,0.3234004084305424,0.1735537190082644,72,72,2059151500,200,1.4294836000044595,none
lstm_attention,fold_1,bull,VMD_Noise_Energy_Ratio,0.0503208354397454,0.7355371900826446,72,72,2059151500,200,1.4294836000044595,none
lstm_attention,fold_1,global,Open_D,0.4927718859122251,0.0661157024793388,244,128,1765247083,200,2.994881200007512,none
lstm_attention,fold_1,global,High_D,0.3535840133437887,0.1487603305785124,244,128,1765247083,200,2.994881200007512,none
lstm_attention,fold_1,global,Low_D,0.4603902018352528,0.0826446280991735,244,128,1765247083,200,2.994881200007512,none
lstm_attention,fold_1,global,Close_D,17.767710507189566,0.0,244,128,1765247083,200,2.994881200007512,none
lstm_attention,fold_1,global,Volume_D,0.0323756016731239,0.8842975206611571,244,128,1765247083,200,2.994881200007512,none
lstm_attention,fold_1,global,Change_pct_D,0.034430619863518,0.8512396694214877,244,128,1765247083,200,2.994881200007512,none
lstm_attention,fold_1,global,Open_W,0.2313939442401079,0.2644628099173554,244,128,1765247083,200,2.994881200007512,none
lstm_attention,fold_1,global,High_W,0.6297580594924511,0.024793388429752,244,128,1765247083,200,2.994881200007512,none
lstm_attention,fold_1,global,Low_W,0.2361487855871814,0.256198347107438,244,128,1765247083,200,2.994881200007512,none
lstm_attention,fold_1,global,Close_W,0.4076065501474659,0.1157024793388429,244,128,1765247083,200,2.994881200007512,none
lstm_attention,fold_1,global,Volume_W,0.0954891062157173,0.5454545454545454,244,128,1765247083,200,2.994881200007512,none
lstm_attention,fold_1,global,Change_pct_W,0.0194270526854412,0.950413223140496,244,128,1765247083,200,2.994881200007512,none
lstm_attention,fold_1,global,Open_M,0.2104016695668178,0.2809917355371901,244,128,1765247083,200,2.994881200007512,none
lstm_attention,fold_1,global,High_M,0.2402160117360381,0.2396694214876033,244,128,1765247083,200,2.994881200007512,none
lstm_attention,fold_1,global,Low_M,0.2631544686614475,0.2066115702479339,244,128,1765247083,200,2.994881200007512,none
lstm_attention,fold_1,global,Close_M,0.4728889453726879,0.0743801652892562,244,128,1765247083,200,2.994881200007512,none
lstm_attention,fold_1,global,Volume_M,0.1517762991229688,0.371900826446281,244,128,1765247083,200,2.994881200007512,none
lstm_attention,fold_1,global,Change_pct_M,0.040734186042591,0.7851239669421488,244,128,1765247083,200,2.994881200007512,none
lstm_attention,fold_1,global,Close_D_lag1,0.3366260427712405,0.1570247933884297,244,128,1765247083,200,2.994881200007512,none
lstm_attention,fold_1,global,Close_D_lag2,0.0969541937058771,0.5371900826446281,244,128,1765247083,200,2.994881200007512,none
lstm_attention,fold_1,global,Close_D_lag3,0.2390383386615667,0.2479338842975206,244,128,1765247083,200,2.994881200007512,none
lstm_attention,fold_1,global,Close_D_lag5,0.3341522601956967,0.1652892561983471,244,128,1765247083,200,2.994881200007512,none
lstm_attention,fold_1,global,Close_D_lag10,0.3940944797954131,0.1239669421487603,244,128,1765247083,200,2.994881200007512,none
lstm_attention,fold_1,global,Close_D_lag20,0.206153906387226,0.3057851239669421,244,128,1765247083,200,2.994881200007512,none
lstm_attention,fold_1,global,Close_D_lag60,0.2456828364170832,0.2231404958677686,244,128,1765247083,200,2.994881200007512,none
lstm_attention,fold_1,global,Change_pct_D_lag1,0.0594609582367112,0.6859504132231405,244,128,1765247083,200,2.994881200007512,none
lstm_attention,fold_1,global,Change_pct_D_lag2,0.0895688126018356,0.5867768595041323,244,128,1765247083,200,2.994881200007512,none
lstm_attention,fold_1,global,Change_pct_D_lag3,0.0577382981819056,0.6942148760330579,244,128,1765247083,200,2.994881200007512,none
lstm_attention,fold_1,global,Change_pct_D_lag5,0.1125273632019343,0.4793388429752066,244,128,1765247083,200,2.994881200007512,none
lstm_attention,fold_1,global,Change_pct_D_lag10,0.0279529039285513,0.9173553719008264,244,128,1765247083,200,2.994881200007512,none
lstm_attention,fold_1,global,Change_pct_D_lag20,0.0375084683097801,0.8264462809917356,244,128,1765247083,200,2.994881200007512,none
lstm_attention,fold_1,global,Volume_D_lag1,0.0152427870890502,0.975206611570248,244,128,1765247083,200,2.994881200007512,none
lstm_attention,fold_1,global,Volume_D_lag2,0.035290031928931,0.8347107438016529,244,128,1765247083,200,2.994881200007512,none
lstm_attention,fold_1,global,Volume_D_lag3,0.0379676362306394,0.8181818181818182,244,128,1765247083,200,2.994881200007512,none
lstm_attention,fold_1,global,Volume_D_lag5,0.0949332810172961,0.5537190082644629,244,128,1765247083,200,2.994881200007512,none
lstm_attention,fold_1,global,Volume_D_lag10,0.0238099018330899,0.9338842975206612,244,128,1765247083,200,2.994881200007512,none
lstm_attention,fold_1,global,Volume_D_lag20,0.0295461280648211,0.9008264462809916,244,128,1765247083,200,2.994881200007512,none
lstm_attention,fold_1,global,Close_W_lag1,0.1671939956160088,0.3471074380165289,244,128,1765247083,200,2.994881200007512,none
lstm_attention,fold_1,global,Close_W_lag2,0.4150334651218145,0.1074380165289256,244,128,1765247083,200,2.994881200007512,none
lstm_attention,fold_1,global,Close_W_lag4,0.5816918804383022,0.0495867768595041,244,128,1765247083,200,2.994881200007512,none
lstm_attention,fold_1,global,Close_M_lag1,0.5993452252587304,0.0413223140495867,244,128,1765247083,200,2.994881200007512,none
lstm_attention,fold_1,global,Close_M_lag3,0.4448616828024569,0.0991735537190082,244,128,1765247083,200,2.994881200007512,none
lstm_attention,fold_1,global,Return_1D,0.0606864538965396,0.6776859504132231,244,128,1765247083,200,2.994881200007512,none
lstm_attention,fold_1,global,Return_3D,0.0536064018237627,0.71900826446281,244,128,1765247083,200,2.994881200007512,none
lstm_attention,fold_1,global,Return_5D,0.038838111372655,0.8099173553719008,244,128,1765247083,200,2.994881200007512,none
lstm_attention,fold_1,global,Return_10D,0.0936077486722325,0.5619834710743802,244,128,1765247083,200,2.994881200007512,none
lstm_attention,fold_1,global,Return_20D,0.0981001304630751,0.5206611570247934,244,128,1765247083,200,2.994881200007512,none
lstm_attention,fold_1,global,Return_60D,0.2137596107385704,0.2727272727272727,244,128,1765247083,200,2.994881200007512,none
lstm_attention,fold_1,global,SMA_5,0.4572738519709673,0.0909090909090909,244,128,1765247083,200,2.994881200007512,none
lstm_attention,fold_1,global,SMA_10,0.5534525151389971,0.0578512396694214,244,128,1765247083,200,2.994881200007512,none
lstm_attention,fold_1,global,SMA_20,0.629354782590417,0.0330578512396694,244,128,1765247083,200,2.994881200007512,none
lstm_attention,fold_1,global,SMA_60,0.3250176222973095,0.1818181818181818,244,128,1765247083,200,2.994881200007512,none
lstm_attention,fold_1,global,Close_to_SMA_5,0.0324083350448376,0.8760330578512396,244,128,1765247083,200,2.994881200007512,none
lstm_attention,fold_1,global,Close_to_SMA_10,0.0528321619999836,0.7272727272727273,244,128,1765247083,200,2.994881200007512,none
lstm_attention,fold_1,global,Close_to_SMA_20,0.1253612700879941,0.4297520661157025,244,128,1765247083,200,2.994881200007512,none
lstm_attention,fold_1,global,Close_to_SMA_60,0.1672428787289618,0.3388429752066115,244,128,1765247083,200,2.994881200007512,none
lstm_attention,fold_1,global,Volatility_5,0.1931112424503624,0.3140495867768595,244,128,1765247083,200,2.994881200007512,none
lstm_attention,fold_1,global,Volatility_10,0.0732650743410886,0.628099173553719,244,128,1765247083,200,2.994881200007512,none
lstm_attention,fold_1,global,Volatility_20,0.1180571879430999,0.4628099173553719,244,128,1765247083,200,2.994881200007512,none
lstm_attention,fold_1,global,Volatility_60,0.077442847300156,0.6115702479338843,244,128,1765247083,200,2.994881200007512,none
lstm_attention,fold_1,global,Momentum_5,0.1227529079943764,0.4380165289256198,244,128,1765247083,200,2.994881200007512,none
lstm_attention,fold_1,global,Momentum_10,0.0259663771764238,0.9256198347107438,244,128,1765247083,200,2.994881200007512,none
lstm_attention,fold_1,global,Momentum_20,0.2073190475999467,0.2975206611570248,244,128,1765247083,200,2.994881200007512,none
lstm_attention,fold_1,global,Momentum_60,0.1518392049453268,0.3636363636363636,244,128,1765247083,200,2.994881200007512,none
lstm_attention,fold_1,global,ROC_5,0.0313710172112831,0.8925619834710744,244,128,1765247083,200,2.994881200007512,none
lstm_attention,fold_1,global,ROC_10,0.0212979978835363,0.9421487603305784,244,128,1765247083,200,2.994881200007512,none
lstm_attention,fold_1,global,ROC_20,0.0909532180712773,0.5785123966942148,244,128,1765247083,200,2.994881200007512,none
lstm_attention,fold_1,global,ROC_60,0.0410129237852629,0.7768595041322314,244,128,1765247083,200,2.994881200007512,none
lstm_attention,fold_1,global,Ratio_Close_D_to_W,0.0126797942236478,1.0,244,128,1765247083,200,2.994881200007512,none
lstm_attention,fold_1,global,Ratio_Close_D_to_M,0.0476407167774169,0.743801652892562,244,128,1765247083,200,2.994881200007512,none
lstm_attention,fold_1,global,Ratio_Volume_D_to_W,0.0132677079803119,0.9834710743801652,244,128,1765247083,200,2.994881200007512,none
lstm_attention,fold_1,global,Spread_D,0.0281552436971037,0.9090909090909092,244,128,1765247083,200,2.994881200007512,none
lstm_attention,fold_1,global,Body_D,0.0153432162301363,0.9669421487603306,244,128,1765247083,200,2.994881200007512,none
lstm_attention,fold_1,global,Body_abs_D,0.043740055725155,0.768595041322314,244,128,1765247083,200,2.994881200007512,none
lstm_attention,fold_1,global,Upper_Shadow_D,0.0640399147505263,0.6611570247933884,244,128,1765247083,200,2.994881200007512,none
lstm_attention,fold_1,global,Lower_Shadow_D,0.0128607017918085,0.9917355371900828,244,128,1765247083,200,2.994881200007512,none
lstm_attention,fold_1,global,Body_to_Range_D,0.2465898130620218,0.2148760330578512,244,128,1765247083,200,2.994881200007512,none
lstm_attention,fold_1,global,Close_Position_D,0.2090829959650477,0.2892561983471074,244,128,1765247083,200,2.994881200007512,none
lstm_attention,fold_1,global,Spread_W,0.0177945136162058,0.9586776859504132,244,128,1765247083,200,2.994881200007512,none
lstm_attention,fold_1,global,Body_W,0.0990588929015416,0.512396694214876,244,128,1765247083,200,2.994881200007512,none
lstm_attention,fold_1,global,Close_Position_W,0.1161088212371623,0.4710743801652892,244,128,1765247083,200,2.994881200007512,none
lstm_attention,fold_1,global,Spread_M,0.1182817901618165,0.4545454545454545,244,128,1765247083,200,2.994881200007512,none
lstm_attention,fold_1,global,Body_M,0.106192741329886,0.5041322314049587,244,128,1765247083,200,2.994881200007512,none
lstm_attention,fold_1,global,Close_Position_M,0.1267982001771702,0.4214876033057851,244,128,1765247083,200,2.994881200007512,none
lstm_attention,fold_1,global,Volume_MA_5,0.0506141648707796,0.7355371900826446,244,128,1765247083,200,2.994881200007512,none
lstm_attention,fold_1,global,Volume_MA_20,0.0538534787427465,0.7107438016528925,244,128,1765247083,200,2.994881200007512,none
lstm_attention,fold_1,global,Volume_Ratio_5,0.0327731564904098,0.8677685950413223,244,128,1765247083,200,2.994881200007512,none
lstm_attention,fold_1,global,Volume_Ratio_20,0.1113984077002498,0.4876033057851239,244,128,1765247083,200,2.994881200007512,none
lstm_attention,fold_1,global,Volume_Change_1D,0.061572450556347,0.6694214876033058,244,128,1765247083,200,2.994881200007512,none
lstm_attention,fold_1,global,Volume_Change_5D,0.092545741629403,0.5702479338842975,244,128,1765247083,200,2.994881200007512,none
lstm_attention,fold_1,global,Volume_Change_20D,0.0335982119359499,0.859504132231405,244,128,1765247083,200,2.994881200007512,none
lstm_attention,fold_1,global,Direction_lag1,0.3906047702612994,0.1322314049586777,244,128,1765247083,200,2.994881200007512,none
lstm_attention,fold_1,global,Direction_lag2,0.1464639718799844,0.3801652892561983,244,128,1765247083,200,2.994881200007512,none
lstm_attention,fold_1,global,Direction_lag3,0.0394613537784316,0.8016528925619835,244,128,1765247083,200,2.994881200007512,none
lstm_attention,fold_1,global,Direction_lag5,0.1450256911524775,0.396694214876033,244,128,1765247083,200,2.994881200007512,none
lstm_attention,fold_1,global,Up_Ratio_5,0.0403541362961114,0.7933884297520661,244,128,1765247083,200,2.994881200007512,none
lstm_attention,fold_1,global,Up_Ratio_10,0.0548771418408474,0.7024793388429752,244,128,1765247083,200,2.994881200007512,none
lstm_attention,fold_1,global,Up_Ratio_20,0.0852850022740675,0.5950413223140496,244,128,1765247083,200,2.994881200007512,none
lstm_attention,fold_1,global,Down_Ratio_5,0.0672550647439806,0.6528925619834711,244,128,1765247083,200,2.994881200007512,none
lstm_attention,fold_1,global,Down_Ratio_10,0.0761769657545755,0.6198347107438017,244,128,1765247083,200,2.994881200007512,none
lstm_attention,fold_1,global,Down_Ratio_20,0.1389350961764393,0.4049586776859504,244,128,1765247083,200,2.994881200007512,none
lstm_attention,fold_1,global,WMA_5,0.3592366068383853,0.140495867768595,244,128,1765247083,200,2.994881200007512,none
lstm_attention,fold_1,global,WMA_10,0.729081536862941,0.0165289256198347,244,128,1765247083,200,2.994881200007512,none
lstm_attention,fold_1,global,WMA_20,0.3195224634195767,0.1900826446280991,244,128,1765247083,200,2.994881200007512,none
lstm_attention,fold_1,global,WMA_60,1.2694567997241393,0.0082644628099173,244,128,1765247083,200,2.994881200007512,none
lstm_attention,fold_1,global,StochK_14,0.1327383465737156,0.4132231404958678,244,128,1765247083,200,2.994881200007512,none
lstm_attention,fold_1,global,StochD_3,0.0352631368866887,0.8429752066115702,244,128,1765247083,200,2.994881200007512,none
lstm_attention,fold_1,global,RSI_14,0.1600500090530573,0.3553719008264462,244,128,1765247083,200,2.994881200007512,none
lstm_attention,fold_1,global,MACD_12_26,0.0730413311674055,0.6363636363636364,244,128,1765247083,200,2.994881200007512,none
lstm_attention,fold_1,global,MACD_Signal_9,0.1456622911315946,0.3884297520661157,244,128,1765247083,200,2.994881200007512,none
lstm_attention,fold_1,global,MACD_Histogram,0.0447085108214082,0.7603305785123967,244,128,1765247083,200,2.994881200007512,none
lstm_attention,fold_1,global,WilliamsR_14,0.3313880318877068,0.1735537190082644,244,128,1765247083,200,2.994881200007512,none
lstm_attention,fold_1,global,CCI_20,0.0685760596402573,0.6446280991735537,244,128,1765247083,200,2.994881200007512,none
lstm_attention,fold_1,global,ADX_14,0.2426729853924428,0.2314049586776859,244,128,1765247083,200,2.994881200007512,none
lstm_attention,fold_1,global,PlusDI_14,0.1676846702237526,0.3305785123966942,244,128,1765247083,200,2.994881200007512,none
lstm_attention,fold_1,global,MinusDI_14,0.0977553800965054,0.5289256198347108,244,128,1765247083,200,2.994881200007512,none
lstm_attention,fold_1,global,VMD_IMF_1,0.1888116500295154,0.3223140495867768,244,128,1765247083,200,2.994881200007512,none
lstm_attention,fold_1,global,VMD_IMF_2,0.1195697588913944,0.4462809917355372,244,128,1765247083,200,2.994881200007512,none
lstm_attention,fold_1,global,VMD_IMF_3,0.0778718367422781,0.6033057851239669,244,128,1765247083,200,2.994881200007512,none
lstm_attention,fold_1,global,VMD_IMF_4,0.1081839036380628,0.4958677685950413,244,128,1765247083,200,2.994881200007512,none
lstm_attention,fold_1,global,VMD_Denoised_Close,0.2946999538682576,0.1983471074380165,244,128,1765247083,200,2.994881200007512,none
lstm_attention,fold_1,global,VMD_Noise_Energy_Ratio,0.0448966284934968,0.7520661157024794,244,128,1765247083,200,2.994881200007512,none
lstm_attention,fold_1,sideway,Open_D,0.4989665559096697,0.0826446280991735,94,94,1918260374,200,1.8956125999975484,none
lstm_attention,fold_1,sideway,High_D,0.3325771674385017,0.1818181818181818,94,94,1918260374,200,1.8956125999975484,none
lstm_attention,fold_1,sideway,Low_D,0.4689761164895397,0.0909090909090909,94,94,1918260374,200,1.8956125999975484,none
lstm_attention,fold_1,sideway,Close_D,18.773217455833777,0.0,94,94,1918260374,200,1.8956125999975484,none
lstm_attention,fold_1,sideway,Volume_D,0.0339305191719641,0.8347107438016529,94,94,1918260374,200,1.8956125999975484,none
lstm_attention,fold_1,sideway,Change_pct_D,0.0315048942871356,0.8760330578512396,94,94,1918260374,200,1.8956125999975484,none
lstm_attention,fold_1,sideway,Open_W,0.2646652467486924,0.2314049586776859,94,94,1918260374,200,1.8956125999975484,none
lstm_attention,fold_1,sideway,High_W,0.6475702033061138,0.0413223140495867,94,94,1918260374,200,1.8956125999975484,none
lstm_attention,fold_1,sideway,Low_W,0.2441148306194512,0.2644628099173554,94,94,1918260374,200,1.8956125999975484,none
lstm_attention,fold_1,sideway,Close_W,0.43291916287841,0.1074380165289256,94,94,1918260374,200,1.8956125999975484,none
lstm_attention,fold_1,sideway,Volume_W,0.0866414959133229,0.5454545454545454,94,94,1918260374,200,1.8956125999975484,none
lstm_attention,fold_1,sideway,Change_pct_W,0.0171021144305183,0.9586776859504132,94,94,1918260374,200,1.8956125999975484,none
lstm_attention,fold_1,sideway,Open_M,0.2215044275817877,0.2892561983471074,94,94,1918260374,200,1.8956125999975484,none
lstm_attention,fold_1,sideway,High_M,0.2541343070185827,0.2479338842975206,94,94,1918260374,200,1.8956125999975484,none
lstm_attention,fold_1,sideway,Low_M,0.261744778675417,0.2396694214876033,94,94,1918260374,200,1.8956125999975484,none
lstm_attention,fold_1,sideway,Close_M,0.5273284788223657,0.0661157024793388,94,94,1918260374,200,1.8956125999975484,none
lstm_attention,fold_1,sideway,Volume_M,0.1563785781885715,0.3388429752066115,94,94,1918260374,200,1.8956125999975484,none
lstm_attention,fold_1,sideway,Change_pct_M,0.0369233052970346,0.8099173553719008,94,94,1918260374,200,1.8956125999975484,none
lstm_attention,fold_1,sideway,Close_D_lag1,0.3350449089436455,0.1652892561983471,94,94,1918260374,200,1.8956125999975484,none
lstm_attention,fold_1,sideway,Close_D_lag2,0.0887638062575012,0.5289256198347108,94,94,1918260374,200,1.8956125999975484,none
lstm_attention,fold_1,sideway,Close_D_lag3,0.2784358323863806,0.2148760330578512,94,94,1918260374,200,1.8956125999975484,none
lstm_attention,fold_1,sideway,Close_D_lag5,0.3422556177881408,0.1570247933884297,94,94,1918260374,200,1.8956125999975484,none
lstm_attention,fold_1,sideway,Close_D_lag10,0.4079347836902556,0.140495867768595,94,94,1918260374,200,1.8956125999975484,none
lstm_attention,fold_1,sideway,Close_D_lag20,0.1975840053025712,0.2975206611570248,94,94,1918260374,200,1.8956125999975484,none
lstm_attention,fold_1,sideway,Close_D_lag60,0.2836314301449729,0.2066115702479339,94,94,1918260374,200,1.8956125999975484,none
lstm_attention,fold_1,sideway,Change_pct_D_lag1,0.058105157779016,0.7024793388429752,94,94,1918260374,200,1.8956125999975484,none
lstm_attention,fold_1,sideway,Change_pct_D_lag2,0.0850201787001269,0.5619834710743802,94,94,1918260374,200,1.8956125999975484,none
lstm_attention,fold_1,sideway,Change_pct_D_lag3,0.0590287625305171,0.6942148760330579,94,94,1918260374,200,1.8956125999975484,none
lstm_attention,fold_1,sideway,Change_pct_D_lag5,0.1133881734700277,0.4462809917355372,94,94,1918260374,200,1.8956125999975484,none
lstm_attention,fold_1,sideway,Change_pct_D_lag10,0.0285770196103229,0.9008264462809916,94,94,1918260374,200,1.8956125999975484,none
lstm_attention,fold_1,sideway,Change_pct_D_lag20,0.035362222508169,0.8264462809917356,94,94,1918260374,200,1.8956125999975484,none
lstm_attention,fold_1,sideway,Volume_D_lag1,0.0156304044891864,0.975206611570248,94,94,1918260374,200,1.8956125999975484,none
lstm_attention,fold_1,sideway,Volume_D_lag2,0.0360500352032044,0.8181818181818182,94,94,1918260374,200,1.8956125999975484,none
lstm_attention,fold_1,sideway,Volume_D_lag3,0.0373944927107009,0.7933884297520661,94,94,1918260374,200,1.8956125999975484,none
lstm_attention,fold_1,sideway,Volume_D_lag5,0.0990253221012743,0.4958677685950413,94,94,1918260374,200,1.8956125999975484,none
lstm_attention,fold_1,sideway,Volume_D_lag10,0.0272437151162261,0.9090909090909092,94,94,1918260374,200,1.8956125999975484,none
lstm_attention,fold_1,sideway,Volume_D_lag20,0.03327374006721,0.8429752066115702,94,94,1918260374,200,1.8956125999975484,none
lstm_attention,fold_1,sideway,Close_W_lag1,0.1808154256224604,0.3140495867768595,94,94,1918260374,200,1.8956125999975484,none
lstm_attention,fold_1,sideway,Close_W_lag2,0.4582835145096512,0.0991735537190082,94,94,1918260374,200,1.8956125999975484,none
lstm_attention,fold_1,sideway,Close_W_lag4,0.5942292606517514,0.0495867768595041,94,94,1918260374,200,1.8956125999975484,none
lstm_attention,fold_1,sideway,Close_M_lag1,0.6479350129142404,0.0330578512396694,94,94,1918260374,200,1.8956125999975484,none
lstm_attention,fold_1,sideway,Close_M_lag3,0.4322155985422138,0.1157024793388429,94,94,1918260374,200,1.8956125999975484,none
lstm_attention,fold_1,sideway,Return_1D,0.0591663843628378,0.6859504132231405,94,94,1918260374,200,1.8956125999975484,none
lstm_attention,fold_1,sideway,Return_3D,0.0532020187097482,0.71900826446281,94,94,1918260374,200,1.8956125999975484,none
lstm_attention,fold_1,sideway,Return_5D,0.0398470304672957,0.7768595041322314,94,94,1918260374,200,1.8956125999975484,none
lstm_attention,fold_1,sideway,Return_10D,0.0780063535906671,0.6115702479338843,94,94,1918260374,200,1.8956125999975484,none
lstm_attention,fold_1,sideway,Return_20D,0.0840229704831951,0.5702479338842975,94,94,1918260374,200,1.8956125999975484,none
lstm_attention,fold_1,sideway,Return_60D,0.1766280389927294,0.3305785123966942,94,94,1918260374,200,1.8956125999975484,none
lstm_attention,fold_1,sideway,SMA_5,0.5148063142883017,0.0743801652892562,94,94,1918260374,200,1.8956125999975484,none
lstm_attention,fold_1,sideway,SMA_10,0.5791799219275646,0.0578512396694214,94,94,1918260374,200,1.8956125999975484,none
lstm_attention,fold_1,sideway,SMA_20,0.6824029619042623,0.024793388429752,94,94,1918260374,200,1.8956125999975484,none
lstm_attention,fold_1,sideway,SMA_60,0.3333159039639174,0.1735537190082644,94,94,1918260374,200,1.8956125999975484,none
lstm_attention,fold_1,sideway,Close_to_SMA_5,0.0287114224734803,0.8925619834710744,94,94,1918260374,200,1.8956125999975484,none
lstm_attention,fold_1,sideway,Close_to_SMA_10,0.0491322456007707,0.7272727272727273,94,94,1918260374,200,1.8956125999975484,none
lstm_attention,fold_1,sideway,Close_to_SMA_20,0.1031113581075337,0.4793388429752066,94,94,1918260374,200,1.8956125999975484,none
lstm_attention,fold_1,sideway,Close_to_SMA_60,0.1220108215948672,0.3884297520661157,94,94,1918260374,200,1.8956125999975484,none
lstm_attention,fold_1,sideway,Volatility_5,0.1958117545310202,0.3057851239669421,94,94,1918260374,200,1.8956125999975484,none
lstm_attention,fold_1,sideway,Volatility_10,0.081065294450501,0.5867768595041323,94,94,1918260374,200,1.8956125999975484,none
lstm_attention,fold_1,sideway,Volatility_20,0.1022369443963024,0.4876033057851239,94,94,1918260374,200,1.8956125999975484,none
lstm_attention,fold_1,sideway,Volatility_60,0.0830428991820873,0.5785123966942148,94,94,1918260374,200,1.8956125999975484,none
lstm_attention,fold_1,sideway,Momentum_5,0.1135855360333733,0.4380165289256198,94,94,1918260374,200,1.8956125999975484,none
lstm_attention,fold_1,sideway,Momentum_10,0.0197252136425309,0.9338842975206612,94,94,1918260374,200,1.8956125999975484,none
lstm_attention,fold_1,sideway,Momentum_20,0.1768740449175389,0.3223140495867768,94,94,1918260374,200,1.8956125999975484,none
lstm_attention,fold_1,sideway,Momentum_60,0.1251070819526231,0.3553719008264462,94,94,1918260374,200,1.8956125999975484,none
lstm_attention,fold_1,sideway,ROC_5,0.0262657885041422,0.9173553719008264,94,94,1918260374,200,1.8956125999975484,none
lstm_attention,fold_1,sideway,ROC_10,0.0186668703445465,0.9421487603305784,94,94,1918260374,200,1.8956125999975484,none
lstm_attention,fold_1,sideway,ROC_20,0.0744178943225477,0.628099173553719,94,94,1918260374,200,1.8956125999975484,none
lstm_attention,fold_1,sideway,ROC_60,0.0404442147659384,0.768595041322314,94,94,1918260374,200,1.8956125999975484,none
lstm_attention,fold_1,sideway,Ratio_Close_D_to_W,0.0128102136760989,0.9917355371900828,94,94,1918260374,200,1.8956125999975484,none
lstm_attention,fold_1,sideway,Ratio_Close_D_to_M,0.0372848140989095,0.8016528925619835,94,94,1918260374,200,1.8956125999975484,none
lstm_attention,fold_1,sideway,Ratio_Volume_D_to_W,0.013410527620607,0.9834710743801652,94,94,1918260374,200,1.8956125999975484,none
lstm_attention,fold_1,sideway,Spread_D,0.0250211454794835,0.9256198347107438,94,94,1918260374,200,1.8956125999975484,none
lstm_attention,fold_1,sideway,Body_D,0.0165828798147219,0.9669421487603306,94,94,1918260374,200,1.8956125999975484,none
lstm_attention,fold_1,sideway,Body_abs_D,0.0414381274434298,0.7520661157024794,94,94,1918260374,200,1.8956125999975484,none
lstm_attention,fold_1,sideway,Upper_Shadow_D,0.0687581075312219,0.6363636363636364,94,94,1918260374,200,1.8956125999975484,none
lstm_attention,fold_1,sideway,Lower_Shadow_D,0.0122914816241953,1.0,94,94,1918260374,200,1.8956125999975484,none
lstm_attention,fold_1,sideway,Body_to_Range_D,0.2649144596340502,0.2231404958677686,94,94,1918260374,200,1.8956125999975484,none
lstm_attention,fold_1,sideway,Close_Position_D,0.2247306009066496,0.2727272727272727,94,94,1918260374,200,1.8956125999975484,none
lstm_attention,fold_1,sideway,Spread_W,0.0171061937937623,0.950413223140496,94,94,1918260374,200,1.8956125999975484,none
lstm_attention,fold_1,sideway,Body_W,0.1053839816422972,0.4628099173553719,94,94,1918260374,200,1.8956125999975484,none
lstm_attention,fold_1,sideway,Close_Position_W,0.1182274928422904,0.4049586776859504,94,94,1918260374,200,1.8956125999975484,none
lstm_attention,fold_1,sideway,Spread_M,0.1247876445740675,0.3636363636363636,94,94,1918260374,200,1.8956125999975484,none
lstm_attention,fold_1,sideway,Body_M,0.0972676765810288,0.512396694214876,94,94,1918260374,200,1.8956125999975484,none
lstm_attention,fold_1,sideway,Close_Position_M,0.116520909205868,0.4297520661157025,94,94,1918260374,200,1.8956125999975484,none
lstm_attention,fold_1,sideway,Volume_MA_5,0.0411892006763488,0.7603305785123967,94,94,1918260374,200,1.8956125999975484,none
lstm_attention,fold_1,sideway,Volume_MA_20,0.0616311578021386,0.6694214876033058,94,94,1918260374,200,1.8956125999975484,none
lstm_attention,fold_1,sideway,Volume_Ratio_5,0.0314548587945303,0.8842975206611571,94,94,1918260374,200,1.8956125999975484,none
lstm_attention,fold_1,sideway,Volume_Ratio_20,0.1053356918572465,0.4710743801652892,94,94,1918260374,200,1.8956125999975484,none
lstm_attention,fold_1,sideway,Volume_Change_1D,0.0542827329543913,0.7107438016528925,94,94,1918260374,200,1.8956125999975484,none
lstm_attention,fold_1,sideway,Volume_Change_5D,0.0874919222403401,0.5371900826446281,94,94,1918260374,200,1.8956125999975484,none
lstm_attention,fold_1,sideway,Volume_Change_20D,0.0329158684750585,0.8512396694214877,94,94,1918260374,200,1.8956125999975484,none
lstm_attention,fold_1,sideway,Direction_lag1,0.4189970126326017,0.1322314049586777,94,94,1918260374,200,1.8956125999975484,none
lstm_attention,fold_1,sideway,Direction_lag2,0.1471641090667694,0.3471074380165289,94,94,1918260374,200,1.8956125999975484,none
lstm_attention,fold_1,sideway,Direction_lag3,0.0319680023941353,0.859504132231405,94,94,1918260374,200,1.8956125999975484,none
lstm_attention,fold_1,sideway,Direction_lag5,0.1177226181498863,0.4132231404958678,94,94,1918260374,200,1.8956125999975484,none
lstm_attention,fold_1,sideway,Up_Ratio_5,0.0431701410062231,0.743801652892562,94,94,1918260374,200,1.8956125999975484,none
lstm_attention,fold_1,sideway,Up_Ratio_10,0.0647867865330987,0.6446280991735537,94,94,1918260374,200,1.8956125999975484,none
lstm_attention,fold_1,sideway,Up_Ratio_20,0.0772984243136751,0.6198347107438017,94,94,1918260374,200,1.8956125999975484,none
lstm_attention,fold_1,sideway,Down_Ratio_5,0.0637503600459666,0.6611570247933884,94,94,1918260374,200,1.8956125999975484,none
lstm_attention,fold_1,sideway,Down_Ratio_10,0.0809130312509567,0.5950413223140496,94,94,1918260374,200,1.8956125999975484,none
lstm_attention,fold_1,sideway,Down_Ratio_20,0.1237420210935375,0.371900826446281,94,94,1918260374,200,1.8956125999975484,none
lstm_attention,fold_1,sideway,WMA_5,0.4207483207450268,0.1239669421487603,94,94,1918260374,200,1.8956125999975484,none
lstm_attention,fold_1,sideway,WMA_10,0.7604850798706584,0.0165289256198347,94,94,1918260374,200,1.8956125999975484,none
lstm_attention,fold_1,sideway,WMA_20,0.354998561839726,0.1487603305785124,94,94,1918260374,200,1.8956125999975484,none
lstm_attention,fold_1,sideway,WMA_60,1.3559377407298443,0.0082644628099173,94,94,1918260374,200,1.8956125999975484,none
lstm_attention,fold_1,sideway,StochK_14,0.10763482845775,0.4545454545454545,94,94,1918260374,200,1.8956125999975484,none
lstm_attention,fold_1,sideway,StochD_3,0.0315314004749006,0.8677685950413223,94,94,1918260374,200,1.8956125999975484,none
lstm_attention,fold_1,sideway,RSI_14,0.1226288536775137,0.3801652892561983,94,94,1918260374,200,1.8956125999975484,none
lstm_attention,fold_1,sideway,MACD_12_26,0.0608046844930132,0.6776859504132231,94,94,1918260374,200,1.8956125999975484,none
lstm_attention,fold_1,sideway,MACD_Signal_9,0.1174053760550258,0.4214876033057851,94,94,1918260374,200,1.8956125999975484,none
lstm_attention,fold_1,sideway,MACD_Histogram,0.038665860763143,0.7851239669421488,94,94,1918260374,200,1.8956125999975484,none
lstm_attention,fold_1,sideway,WilliamsR_14,0.2981336293252404,0.1983471074380165,94,94,1918260374,200,1.8956125999975484,none
lstm_attention,fold_1,sideway,CCI_20,0.0639556719409067,0.6528925619834711,94,94,1918260374,200,1.8956125999975484,none
lstm_attention,fold_1,sideway,ADX_14,0.2477649731808382,0.256198347107438,94,94,1918260374,200,1.8956125999975484,none
lstm_attention,fold_1,sideway,PlusDI_14,0.1184533254574257,0.396694214876033,94,94,1918260374,200,1.8956125999975484,none
lstm_attention,fold_1,sideway,MinusDI_14,0.0805118307641563,0.6033057851239669,94,94,1918260374,200,1.8956125999975484,none
lstm_attention,fold_1,sideway,VMD_IMF_1,0.221628079011583,0.2809917355371901,94,94,1918260374,200,1.8956125999975484,none
lstm_attention,fold_1,sideway,VMD_IMF_2,0.0914697075661101,0.5206611570247934,94,94,1918260374,200,1.8956125999975484,none
lstm_attention,fold_1,sideway,VMD_IMF_3,0.0864367097581015,0.5537190082644629,94,94,1918260374,200,1.8956125999975484,none
lstm_attention,fold_1,sideway,VMD_IMF_4,0.0979215965342015,0.5041322314049587,94,94,1918260374,200,1.8956125999975484,none
lstm_attention,fold_1,sideway,VMD_Denoised_Close,0.3145665595961853,0.1900826446280991,94,94,1918260374,200,1.8956125999975484,none
lstm_attention,fold_1,sideway,VMD_Noise_Energy_Ratio,0.0463710746951735,0.7355371900826446,94,94,1918260374,200,1.8956125999975484,none
lstm_attention,fold_2,bear,Open_D,0.5898662063206236,0.0413223140495867,75,75,1597788714,200,1.4979688999883365,none
lstm_attention,fold_2,bear,High_D,0.5453389543145895,0.0495867768595041,75,75,1597788714,200,1.4979688999883365,none
lstm_attention,fold_2,bear,Low_D,0.4553562287626167,0.0826446280991735,75,75,1597788714,200,1.4979688999883365,none
lstm_attention,fold_2,bear,Close_D,9.479338268600744,0.0,75,75,1597788714,200,1.4979688999883365,none
lstm_attention,fold_2,bear,Volume_D,0.0457589820522989,0.743801652892562,75,75,1597788714,200,1.4979688999883365,none
lstm_attention,fold_2,bear,Change_pct_D,0.0671184234279013,0.6363636363636364,75,75,1597788714,200,1.4979688999883365,none
lstm_attention,fold_2,bear,Open_W,0.0986702560880997,0.4710743801652892,75,75,1597788714,200,1.4979688999883365,none
lstm_attention,fold_2,bear,High_W,0.6149114532892903,0.024793388429752,75,75,1597788714,200,1.4979688999883365,none
lstm_attention,fold_2,bear,Low_W,0.3631707833452771,0.140495867768595,75,75,1597788714,200,1.4979688999883365,none
lstm_attention,fold_2,bear,Close_W,0.3879013760536909,0.1157024793388429,75,75,1597788714,200,1.4979688999883365,none
lstm_attention,fold_2,bear,Volume_W,0.137886476265412,0.3471074380165289,75,75,1597788714,200,1.4979688999883365,none
lstm_attention,fold_2,bear,Change_pct_W,0.0256495778188934,0.8925619834710744,75,75,1597788714,200,1.4979688999883365,none
lstm_attention,fold_2,bear,Open_M,0.0660587274010079,0.6446280991735537,75,75,1597788714,200,1.4979688999883365,none
lstm_attention,fold_2,bear,High_M,0.2737362635381535,0.2148760330578512,75,75,1597788714,200,1.4979688999883365,none
lstm_attention,fold_2,bear,Low_M,0.4098907308367391,0.0991735537190082,75,75,1597788714,200,1.4979688999883365,none
lstm_attention,fold_2,bear,Close_M,0.295743322034444,0.1900826446280991,75,75,1597788714,200,1.4979688999883365,none
lstm_attention,fold_2,bear,Volume_M,0.0385435779091203,0.8264462809917356,75,75,1597788714,200,1.4979688999883365,none
lstm_attention,fold_2,bear,Change_pct_M,0.1006409466237334,0.4628099173553719,75,75,1597788714,200,1.4979688999883365,none
lstm_attention,fold_2,bear,Close_D_lag1,0.4283640469188491,0.0909090909090909,75,75,1597788714,200,1.4979688999883365,none
lstm_attention,fold_2,bear,Close_D_lag2,0.2482134789830694,0.2479338842975206,75,75,1597788714,200,1.4979688999883365,none
lstm_attention,fold_2,bear,Close_D_lag3,0.1327879738792156,0.3636363636363636,75,75,1597788714,200,1.4979688999883365,none
lstm_attention,fold_2,bear,Close_D_lag5,0.3260043593384325,0.1735537190082644,75,75,1597788714,200,1.4979688999883365,none
lstm_attention,fold_2,bear,Close_D_lag10,0.3920164480383197,0.1074380165289256,75,75,1597788714,200,1.4979688999883365,none
lstm_attention,fold_2,bear,Close_D_lag20,0.3454129902720451,0.1570247933884297,75,75,1597788714,200,1.4979688999883365,none
lstm_attention,fold_2,bear,Close_D_lag60,0.2663669277181228,0.2314049586776859,75,75,1597788714,200,1.4979688999883365,none
lstm_attention,fold_2,bear,Change_pct_D_lag1,0.0387242099474145,0.8181818181818182,75,75,1597788714,200,1.4979688999883365,none
lstm_attention,fold_2,bear,Change_pct_D_lag2,0.0803846559365683,0.5454545454545454,75,75,1597788714,200,1.4979688999883365,none
lstm_attention,fold_2,bear,Change_pct_D_lag3,0.0383602242748602,0.8347107438016529,75,75,1597788714,200,1.4979688999883365,none
lstm_attention,fold_2,bear,Change_pct_D_lag5,0.1042659932490975,0.4462809917355372,75,75,1597788714,200,1.4979688999883365,none
lstm_attention,fold_2,bear,Change_pct_D_lag10,0.0191677857655874,0.9173553719008264,75,75,1597788714,200,1.4979688999883365,none
lstm_attention,fold_2,bear,Change_pct_D_lag20,0.0488022820694432,0.7272727272727273,75,75,1597788714,200,1.4979688999883365,none
lstm_attention,fold_2,bear,Volume_D_lag1,0.0115227804178624,0.9834710743801652,75,75,1597788714,200,1.4979688999883365,none
lstm_attention,fold_2,bear,Volume_D_lag2,0.0446129239158569,0.7520661157024794,75,75,1597788714,200,1.4979688999883365,none
lstm_attention,fold_2,bear,Volume_D_lag3,0.0398467642840332,0.8016528925619835,75,75,1597788714,200,1.4979688999883365,none
lstm_attention,fold_2,bear,Volume_D_lag5,0.0549966740544696,0.7024793388429752,75,75,1597788714,200,1.4979688999883365,none
lstm_attention,fold_2,bear,Volume_D_lag10,0.0124338136625228,0.9669421487603306,75,75,1597788714,200,1.4979688999883365,none
lstm_attention,fold_2,bear,Volume_D_lag20,0.008173669552314,1.0,75,75,1597788714,200,1.4979688999883365,none
lstm_attention,fold_2,bear,Close_W_lag1,0.0268762092814625,0.8842975206611571,75,75,1597788714,200,1.4979688999883365,none
lstm_attention,fold_2,bear,Close_W_lag2,0.3245918162812789,0.1818181818181818,75,75,1597788714,200,1.4979688999883365,none
lstm_attention,fold_2,bear,Close_W_lag4,0.5926308028052251,0.0330578512396694,75,75,1597788714,200,1.4979688999883365,none
lstm_attention,fold_2,bear,Close_M_lag1,0.3729921118095517,0.1239669421487603,75,75,1597788714,200,1.4979688999883365,none
lstm_attention,fold_2,bear,Close_M_lag3,0.4688486689825852,0.0661157024793388,75,75,1597788714,200,1.4979688999883365,none
lstm_attention,fold_2,bear,Return_1D,0.043623123431959,0.7603305785123967,75,75,1597788714,200,1.4979688999883365,none
lstm_attention,fold_2,bear,Return_3D,0.0120347768165514,0.975206611570248,75,75,1597788714,200,1.4979688999883365,none
lstm_attention,fold_2,bear,Return_5D,0.0160345391410135,0.9338842975206612,75,75,1597788714,200,1.4979688999883365,none
lstm_attention,fold_2,bear,Return_10D,0.0798329488614011,0.5537190082644629,75,75,1597788714,200,1.4979688999883365,none
lstm_attention,fold_2,bear,Return_20D,0.0684811389059468,0.628099173553719,75,75,1597788714,200,1.4979688999883365,none
lstm_attention,fold_2,bear,Return_60D,0.0984263171168762,0.4793388429752066,75,75,1597788714,200,1.4979688999883365,none
lstm_attention,fold_2,bear,SMA_5,0.256898300986737,0.2396694214876033,75,75,1597788714,200,1.4979688999883365,none
lstm_attention,fold_2,bear,SMA_10,0.5401959160591165,0.0578512396694214,75,75,1597788714,200,1.4979688999883365,none
lstm_attention,fold_2,bear,SMA_20,0.4563024334398409,0.0743801652892562,75,75,1597788714,200,1.4979688999883365,none
lstm_attention,fold_2,bear,SMA_60,0.3518223957071701,0.1487603305785124,75,75,1597788714,200,1.4979688999883365,none
lstm_attention,fold_2,bear,Close_to_SMA_5,0.0324542284555015,0.859504132231405,75,75,1597788714,200,1.4979688999883365,none
lstm_attention,fold_2,bear,Close_to_SMA_10,0.0147677379027785,0.9421487603305784,75,75,1597788714,200,1.4979688999883365,none
lstm_attention,fold_2,bear,Close_to_SMA_20,0.1058813318493509,0.4380165289256198,75,75,1597788714,200,1.4979688999883365,none
lstm_attention,fold_2,bear,Close_to_SMA_60,0.1068755949737581,0.4297520661157025,75,75,1597788714,200,1.4979688999883365,none
lstm_attention,fold_2,bear,Volatility_5,0.1950559470580192,0.2892561983471074,75,75,1597788714,200,1.4979688999883365,none
lstm_attention,fold_2,bear,Volatility_10,0.059426286906837,0.6611570247933884,75,75,1597788714,200,1.4979688999883365,none
lstm_attention,fold_2,bear,Volatility_20,0.2080696072799134,0.2727272727272727,75,75,1597788714,200,1.4979688999883365,none
lstm_attention,fold_2,bear,Volatility_60,0.0758745898767071,0.5867768595041323,75,75,1597788714,200,1.4979688999883365,none
lstm_attention,fold_2,bear,Momentum_5,0.1087121597099467,0.4132231404958678,75,75,1597788714,200,1.4979688999883365,none
lstm_attention,fold_2,bear,Momentum_10,0.0934093333562098,0.4958677685950413,75,75,1597788714,200,1.4979688999883365,none
lstm_attention,fold_2,bear,Momentum_20,0.1362635620522778,0.3553719008264462,75,75,1597788714,200,1.4979688999883365,none
lstm_attention,fold_2,bear,Momentum_60,0.0742154030076441,0.5950413223140496,75,75,1597788714,200,1.4979688999883365,none
lstm_attention,fold_2,bear,ROC_5,0.0406078871270274,0.7851239669421488,75,75,1597788714,200,1.4979688999883365,none
lstm_attention,fold_2,bear,ROC_10,0.017890712697932,0.9256198347107438,75,75,1597788714,200,1.4979688999883365,none
lstm_attention,fold_2,bear,ROC_20,0.0842547640472184,0.5289256198347108,75,75,1597788714,200,1.4979688999883365,none
lstm_attention,fold_2,bear,ROC_60,0.0352547942370777,0.8429752066115702,75,75,1597788714,200,1.4979688999883365,none
lstm_attention,fold_2,bear,Ratio_Close_D_to_W,0.0211528849587775,0.9008264462809916,75,75,1597788714,200,1.4979688999883365,none
lstm_attention,fold_2,bear,Ratio_Close_D_to_M,0.0564165368457934,0.6859504132231405,75,75,1597788714,200,1.4979688999883365,none
lstm_attention,fold_2,bear,Ratio_Volume_D_to_W,0.013690842489905,0.950413223140496,75,75,1597788714,200,1.4979688999883365,none
lstm_attention,fold_2,bear,Spread_D,0.0525841151287071,0.7107438016528925,75,75,1597788714,200,1.4979688999883365,none
lstm_attention,fold_2,bear,Body_D,0.0131804896482741,0.9586776859504132,75,75,1597788714,200,1.4979688999883365,none
lstm_attention,fold_2,bear,Body_abs_D,0.0695110722091437,0.6115702479338843,75,75,1597788714,200,1.4979688999883365,none
lstm_attention,fold_2,bear,Upper_Shadow_D,0.0093018776447265,0.9917355371900828,75,75,1597788714,200,1.4979688999883365,none
lstm_attention,fold_2,bear,Lower_Shadow_D,0.021066174950795,0.9090909090909092,75,75,1597788714,200,1.4979688999883365,none
lstm_attention,fold_2,bear,Body_to_Range_D,0.1308012415041642,0.371900826446281,75,75,1597788714,200,1.4979688999883365,none
lstm_attention,fold_2,bear,Close_Position_D,0.1138053080120007,0.396694214876033,75,75,1597788714,200,1.4979688999883365,none
lstm_attention,fold_2,bear,Spread_W,0.0319728105245691,0.8677685950413223,75,75,1597788714,200,1.4979688999883365,none
lstm_attention,fold_2,bear,Body_W,0.0403078515585948,0.7933884297520661,75,75,1597788714,200,1.4979688999883365,none
lstm_attention,fold_2,bear,Close_Position_W,0.0578754448671922,0.6776859504132231,75,75,1597788714,200,1.4979688999883365,none
lstm_attention,fold_2,bear,Spread_M,0.1195759643856436,0.3884297520661157,75,75,1597788714,200,1.4979688999883365,none
lstm_attention,fold_2,bear,Body_M,0.085502060558254,0.5206611570247934,75,75,1597788714,200,1.4979688999883365,none
lstm_attention,fold_2,bear,Close_Position_M,0.0940529413152447,0.4876033057851239,75,75,1597788714,200,1.4979688999883365,none
lstm_attention,fold_2,bear,Volume_MA_5,0.1239856117737266,0.3801652892561983,75,75,1597788714,200,1.4979688999883365,none
lstm_attention,fold_2,bear,Volume_MA_20,0.0409576214476953,0.7768595041322314,75,75,1597788714,200,1.4979688999883365,none
lstm_attention,fold_2,bear,Volume_Ratio_5,0.0517049033278987,0.71900826446281,75,75,1597788714,200,1.4979688999883365,none
lstm_attention,fold_2,bear,Volume_Ratio_20,0.0552841508340449,0.6942148760330579,75,75,1597788714,200,1.4979688999883365,none
lstm_attention,fold_2,bear,Volume_Change_1D,0.0704379572836551,0.6033057851239669,75,75,1597788714,200,1.4979688999883365,none
lstm_attention,fold_2,bear,Volume_Change_5D,0.0787345060524142,0.5619834710743802,75,75,1597788714,200,1.4979688999883365,none
lstm_attention,fold_2,bear,Volume_Change_20D,0.030808857418071,0.8760330578512396,75,75,1597788714,200,1.4979688999883365,none
lstm_attention,fold_2,bear,Direction_lag1,0.2668329919443334,0.2231404958677686,75,75,1597788714,200,1.4979688999883365,none
lstm_attention,fold_2,bear,Direction_lag2,0.1451138518756876,0.3388429752066115,75,75,1597788714,200,1.4979688999883365,none
lstm_attention,fold_2,bear,Direction_lag3,0.1117673365220216,0.4049586776859504,75,75,1597788714,200,1.4979688999883365,none
lstm_attention,fold_2,bear,Direction_lag5,0.3719431687841812,0.1322314049586777,75,75,1597788714,200,1.4979688999883365,none
lstm_attention,fold_2,bear,Up_Ratio_5,0.0336841540855645,0.8512396694214877,75,75,1597788714,200,1.4979688999883365,none
lstm_attention,fold_2,bear,Up_Ratio_10,0.0882130350896623,0.5041322314049587,75,75,1597788714,200,1.4979688999883365,none
lstm_attention,fold_2,bear,Up_Ratio_20,0.1927427077210159,0.2975206611570248,75,75,1597788714,200,1.4979688999883365,none
lstm_attention,fold_2,bear,Down_Ratio_5,0.2051367933433503,0.2809917355371901,75,75,1597788714,200,1.4979688999883365,none
lstm_attention,fold_2,bear,Down_Ratio_10,0.1008944000838576,0.4545454545454545,75,75,1597788714,200,1.4979688999883365,none
lstm_attention,fold_2,bear,Down_Ratio_20,0.3268194786666621,0.1652892561983471,75,75,1597788714,200,1.4979688999883365,none
lstm_attention,fold_2,bear,WMA_5,0.2429054317871729,0.256198347107438,75,75,1597788714,200,1.4979688999883365,none
lstm_attention,fold_2,bear,WMA_10,0.6439216432174046,0.0165289256198347,75,75,1597788714,200,1.4979688999883365,none
lstm_attention,fold_2,bear,WMA_20,0.0856901916846206,0.512396694214876,75,75,1597788714,200,1.4979688999883365,none
lstm_attention,fold_2,bear,WMA_60,0.8486312666336695,0.0082644628099173,75,75,1597788714,200,1.4979688999883365,none
lstm_attention,fold_2,bear,StochK_14,0.2105722346197192,0.2644628099173554,75,75,1597788714,200,1.4979688999883365,none
lstm_attention,fold_2,bear,StochD_3,0.170990563380726,0.3140495867768595,75,75,1597788714,200,1.4979688999883365,none
lstm_attention,fold_2,bear,RSI_14,0.1530426346122985,0.3305785123966942,75,75,1597788714,200,1.4979688999883365,none
lstm_attention,fold_2,bear,MACD_12_26,0.0585370732728721,0.6694214876033058,75,75,1597788714,200,1.4979688999883365,none
lstm_attention,fold_2,bear,MACD_Signal_9,0.0772121786787805,0.5785123966942148,75,75,1597788714,200,1.4979688999883365,none
lstm_attention,fold_2,bear,MACD_Histogram,0.0391935098742396,0.8099173553719008,75,75,1597788714,200,1.4979688999883365,none
lstm_attention,fold_2,bear,WilliamsR_14,0.2953802610943093,0.1983471074380165,75,75,1597788714,200,1.4979688999883365,none
lstm_attention,fold_2,bear,CCI_20,0.0423293097742522,0.768595041322314,75,75,1597788714,200,1.4979688999883365,none
lstm_attention,fold_2,bear,ADX_14,0.1765605372705031,0.3057851239669421,75,75,1597788714,200,1.4979688999883365,none
lstm_attention,fold_2,bear,PlusDI_14,0.1646734613139112,0.3223140495867768,75,75,1597788714,200,1.4979688999883365,none
lstm_attention,fold_2,bear,MinusDI_14,0.1082363742679081,0.4214876033057851,75,75,1597788714,200,1.4979688999883365,none
lstm_attention,fold_2,bear,VMD_IMF_1,0.080765590004002,0.5371900826446281,75,75,1597788714,200,1.4979688999883365,none
lstm_attention,fold_2,bear,VMD_IMF_2,0.0465685344123376,0.7355371900826446,75,75,1597788714,200,1.4979688999883365,none
lstm_attention,fold_2,bear,VMD_IMF_3,0.0602376275573903,0.6528925619834711,75,75,1597788714,200,1.4979688999883365,none
lstm_attention,fold_2,bear,VMD_IMF_4,0.0691155036158355,0.6198347107438017,75,75,1597788714,200,1.4979688999883365,none
lstm_attention,fold_2,bear,VMD_Denoised_Close,0.2819791440231105,0.2066115702479339,75,75,1597788714,200,1.4979688999883365,none
lstm_attention,fold_2,bear,VMD_Noise_Energy_Ratio,0.0778470816986713,0.5702479338842975,75,75,1597788714,200,1.4979688999883365,none
lstm_attention,fold_2,bull,Open_D,0.5706901041055589,0.024793388429752,76,76,3407166,200,1.5386995000008028,none
lstm_attention,fold_2,bull,High_D,0.5411686958990207,0.0413223140495867,76,76,3407166,200,1.5386995000008028,none
lstm_attention,fold_2,bull,Low_D,0.4707875360024015,0.0578512396694214,76,76,3407166,200,1.5386995000008028,none
lstm_attention,fold_2,bull,Close_D,13.063988390945068,0.0,76,76,3407166,200,1.5386995000008028,none
lstm_attention,fold_2,bull,Volume_D,0.042719524425181,0.7107438016528925,76,76,3407166,200,1.5386995000008028,none
lstm_attention,fold_2,bull,Change_pct_D,0.0544485058822398,0.6528925619834711,76,76,3407166,200,1.5386995000008028,none
lstm_attention,fold_2,bull,Open_W,0.0960169068243359,0.4545454545454545,76,76,3407166,200,1.5386995000008028,none
lstm_attention,fold_2,bull,High_W,0.557149063732083,0.0330578512396694,76,76,3407166,200,1.5386995000008028,none
lstm_attention,fold_2,bull,Low_W,0.2984113766664737,0.1570247933884297,76,76,3407166,200,1.5386995000008028,none
lstm_attention,fold_2,bull,Close_W,0.3480847080997926,0.1157024793388429,76,76,3407166,200,1.5386995000008028,none
lstm_attention,fold_2,bull,Volume_W,0.1181381976326328,0.3884297520661157,76,76,3407166,200,1.5386995000008028,none
lstm_attention,fold_2,bull,Change_pct_W,0.0210015139065107,0.9090909090909092,76,76,3407166,200,1.5386995000008028,none
lstm_attention,fold_2,bull,Open_M,0.0322275838436056,0.8099173553719008,76,76,3407166,200,1.5386995000008028,none
lstm_attention,fold_2,bull,High_M,0.2869892748504466,0.1735537190082644,76,76,3407166,200,1.5386995000008028,none
lstm_attention,fold_2,bull,Low_M,0.3613711242796853,0.0991735537190082,76,76,3407166,200,1.5386995000008028,none
lstm_attention,fold_2,bull,Close_M,0.2314732061388081,0.2479338842975206,76,76,3407166,200,1.5386995000008028,none
lstm_attention,fold_2,bull,Volume_M,0.0321291457254167,0.8181818181818182,76,76,3407166,200,1.5386995000008028,none
lstm_attention,fold_2,bull,Change_pct_M,0.0964877236641577,0.4462809917355372,76,76,3407166,200,1.5386995000008028,none
lstm_attention,fold_2,bull,Close_D_lag1,0.4242839625693465,0.0743801652892562,76,76,3407166,200,1.5386995000008028,none
lstm_attention,fold_2,bull,Close_D_lag2,0.2423549725208431,0.2148760330578512,76,76,3407166,200,1.5386995000008028,none
lstm_attention,fold_2,bull,Close_D_lag3,0.123662962654826,0.3636363636363636,76,76,3407166,200,1.5386995000008028,none
lstm_attention,fold_2,bull,Close_D_lag5,0.3014165986071977,0.140495867768595,76,76,3407166,200,1.5386995000008028,none
lstm_attention,fold_2,bull,Close_D_lag10,0.288711869502195,0.1652892561983471,76,76,3407166,200,1.5386995000008028,none
lstm_attention,fold_2,bull,Close_D_lag20,0.281919199564053,0.1900826446280991,76,76,3407166,200,1.5386995000008028,none
lstm_attention,fold_2,bull,Close_D_lag60,0.2364895188752071,0.2314049586776859,76,76,3407166,200,1.5386995000008028,none
lstm_attention,fold_2,bull,Change_pct_D_lag1,0.0336293391161612,0.8016528925619835,76,76,3407166,200,1.5386995000008028,none
lstm_attention,fold_2,bull,Change_pct_D_lag2,0.0745355283659756,0.5454545454545454,76,76,3407166,200,1.5386995000008028,none
lstm_attention,fold_2,bull,Change_pct_D_lag3,0.0317455319523081,0.8264462809917356,76,76,3407166,200,1.5386995000008028,none
lstm_attention,fold_2,bull,Change_pct_D_lag5,0.1024262425769273,0.4214876033057851,76,76,3407166,200,1.5386995000008028,none
lstm_attention,fold_2,bull,Change_pct_D_lag10,0.0229663889061839,0.8925619834710744,76,76,3407166,200,1.5386995000008028,none
lstm_attention,fold_2,bull,Change_pct_D_lag20,0.0405487160393887,0.7272727272727273,76,76,3407166,200,1.5386995000008028,none
lstm_attention,fold_2,bull,Volume_D_lag1,0.0113697049069622,0.9586776859504132,76,76,3407166,200,1.5386995000008028,none
lstm_attention,fold_2,bull,Volume_D_lag2,0.0423200617409556,0.71900826446281,76,76,3407166,200,1.5386995000008028,none
lstm_attention,fold_2,bull,Volume_D_lag3,0.0279585031372633,0.8677685950413223,76,76,3407166,200,1.5386995000008028,none
lstm_attention,fold_2,bull,Volume_D_lag5,0.0506160634999679,0.6776859504132231,76,76,3407166,200,1.5386995000008028,none
lstm_attention,fold_2,bull,Volume_D_lag10,0.0162788620833835,0.9256198347107438,76,76,3407166,200,1.5386995000008028,none
lstm_attention,fold_2,bull,Volume_D_lag20,0.0128650746510043,0.950413223140496,76,76,3407166,200,1.5386995000008028,none
lstm_attention,fold_2,bull,Close_W_lag1,0.0252180228275344,0.8842975206611571,76,76,3407166,200,1.5386995000008028,none
lstm_attention,fold_2,bull,Close_W_lag2,0.286703367200435,0.1818181818181818,76,76,3407166,200,1.5386995000008028,none
lstm_attention,fold_2,bull,Close_W_lag4,0.4750260466293088,0.0495867768595041,76,76,3407166,200,1.5386995000008028,none
lstm_attention,fold_2,bull,Close_M_lag1,0.3174936240735023,0.1239669421487603,76,76,3407166,200,1.5386995000008028,none
lstm_attention,fold_2,bull,Close_M_lag3,0.381753476049849,0.0826446280991735,76,76,3407166,200,1.5386995000008028,none
lstm_attention,fold_2,bull,Return_1D,0.03623922129315,0.768595041322314,76,76,3407166,200,1.5386995000008028,none
lstm_attention,fold_2,bull,Return_3D,0.0072746616663667,1.0,76,76,3407166,200,1.5386995000008028,none
lstm_attention,fold_2,bull,Return_5D,0.0089902211817077,0.9834710743801652,76,76,3407166,200,1.5386995000008028,none
lstm_attention,fold_2,bull,Return_10D,0.0700458617001052,0.5867768595041323,76,76,3407166,200,1.5386995000008028,none
lstm_attention,fold_2,bull,Return_20D,0.0703939655760558,0.5785123966942148,76,76,3407166,200,1.5386995000008028,none
lstm_attention,fold_2,bull,Return_60D,0.0739860727899596,0.5537190082644629,76,76,3407166,200,1.5386995000008028,none
lstm_attention,fold_2,bull,SMA_5,0.2405794502726118,0.2231404958677686,76,76,3407166,200,1.5386995000008028,none
lstm_attention,fold_2,bull,SMA_10,0.4707131660034831,0.0661157024793388,76,76,3407166,200,1.5386995000008028,none
lstm_attention,fold_2,bull,SMA_20,0.3750462277669851,0.0909090909090909,76,76,3407166,200,1.5386995000008028,none
lstm_attention,fold_2,bull,SMA_60,0.2995462059116873,0.1487603305785124,76,76,3407166,200,1.5386995000008028,none
lstm_attention,fold_2,bull,Close_to_SMA_5,0.0293368179892336,0.859504132231405,76,76,3407166,200,1.5386995000008028,none
lstm_attention,fold_2,bull,Close_to_SMA_10,0.0103842147275208,0.9669421487603306,76,76,3407166,200,1.5386995000008028,none
lstm_attention,fold_2,bull,Close_to_SMA_20,0.0977087239304685,0.4380165289256198,76,76,3407166,200,1.5386995000008028,none
lstm_attention,fold_2,bull,Close_to_SMA_60,0.0822444169412177,0.512396694214876,76,76,3407166,200,1.5386995000008028,none
lstm_attention,fold_2,bull,Volatility_5,0.2191797562415319,0.256198347107438,76,76,3407166,200,1.5386995000008028,none
lstm_attention,fold_2,bull,Volatility_10,0.0522601657816506,0.6694214876033058,76,76,3407166,200,1.5386995000008028,none
lstm_attention,fold_2,bull,Volatility_20,0.177129601614778,0.2809917355371901,76,76,3407166,200,1.5386995000008028,none
lstm_attention,fold_2,bull,Volatility_60,0.0736130278289621,0.5619834710743802,76,76,3407166,200,1.5386995000008028,none
lstm_attention,fold_2,bull,Momentum_5,0.0950522835754423,0.4628099173553719,76,76,3407166,200,1.5386995000008028,none
lstm_attention,fold_2,bull,Momentum_10,0.0753537846990328,0.5371900826446281,76,76,3407166,200,1.5386995000008028,none
lstm_attention,fold_2,bull,Momentum_20,0.152470346000011,0.3140495867768595,76,76,3407166,200,1.5386995000008028,none
lstm_attention,fold_2,bull,Momentum_60,0.0622888223594073,0.6363636363636364,76,76,3407166,200,1.5386995000008028,none
lstm_attention,fold_2,bull,ROC_5,0.0383800653451071,0.7520661157024794,76,76,3407166,200,1.5386995000008028,none
lstm_attention,fold_2,bull,ROC_10,0.0159586734437138,0.9338842975206612,76,76,3407166,200,1.5386995000008028,none
lstm_attention,fold_2,bull,ROC_20,0.0875260164197147,0.4876033057851239,76,76,3407166,200,1.5386995000008028,none
lstm_attention,fold_2,bull,ROC_60,0.0267797377177789,0.8760330578512396,76,76,3407166,200,1.5386995000008028,none
lstm_attention,fold_2,bull,Ratio_Close_D_to_W,0.0216320721054001,0.9008264462809916,76,76,3407166,200,1.5386995000008028,none
lstm_attention,fold_2,bull,Ratio_Close_D_to_M,0.0663019900602768,0.6115702479338843,76,76,3407166,200,1.5386995000008028,none
lstm_attention,fold_2,bull,Ratio_Volume_D_to_W,0.015345388754777,0.9421487603305784,76,76,3407166,200,1.5386995000008028,none
lstm_attention,fold_2,bull,Spread_D,0.0473093957851257,0.6942148760330579,76,76,3407166,200,1.5386995000008028,none
lstm_attention,fold_2,bull,Body_D,0.0080407020126769,0.9917355371900828,76,76,3407166,200,1.5386995000008028,none
lstm_attention,fold_2,bull,Body_abs_D,0.0676582064232302,0.5950413223140496,76,76,3407166,200,1.5386995000008028,none
lstm_attention,fold_2,bull,Upper_Shadow_D,0.010059853396625,0.975206611570248,76,76,3407166,200,1.5386995000008028,none
lstm_attention,fold_2,bull,Lower_Shadow_D,0.0171166710453833,0.9173553719008264,76,76,3407166,200,1.5386995000008028,none
lstm_attention,fold_2,bull,Body_to_Range_D,0.130505135094331,0.3471074380165289,76,76,3407166,200,1.5386995000008028,none
lstm_attention,fold_2,bull,Close_Position_D,0.0901158946045861,0.4793388429752066,76,76,3407166,200,1.5386995000008028,none
lstm_attention,fold_2,bull,Spread_W,0.0340548211831789,0.7851239669421488,76,76,3407166,200,1.5386995000008028,none
lstm_attention,fold_2,bull,Body_W,0.0316994442163592,0.8347107438016529,76,76,3407166,200,1.5386995000008028,none
lstm_attention,fold_2,bull,Close_Position_W,0.0383953087261799,0.743801652892562,76,76,3407166,200,1.5386995000008028,none
lstm_attention,fold_2,bull,Spread_M,0.0994017853388964,0.4297520661157025,76,76,3407166,200,1.5386995000008028,none
lstm_attention,fold_2,bull,Body_M,0.1231593942207262,0.371900826446281,76,76,3407166,200,1.5386995000008028,none
lstm_attention,fold_2,bull,Close_Position_M,0.1147126962135039,0.4132231404958678,76,76,3407166,200,1.5386995000008028,none
lstm_attention,fold_2,bull,Volume_MA_5,0.1151505648765458,0.4049586776859504,76,76,3407166,200,1.5386995000008028,none
lstm_attention,fold_2,bull,Volume_MA_20,0.0343570748992862,0.7768595041322314,76,76,3407166,200,1.5386995000008028,none
lstm_attention,fold_2,bull,Volume_Ratio_5,0.049788222537829,0.6859504132231405,76,76,3407166,200,1.5386995000008028,none
lstm_attention,fold_2,bull,Volume_Ratio_20,0.0528837099424226,0.6611570247933884,76,76,3407166,200,1.5386995000008028,none
lstm_attention,fold_2,bull,Volume_Change_1D,0.0805356481518557,0.5206611570247934,76,76,3407166,200,1.5386995000008028,none
lstm_attention,fold_2,bull,Volume_Change_5D,0.0804874974167863,0.5289256198347108,76,76,3407166,200,1.5386995000008028,none
lstm_attention,fold_2,bull,Volume_Change_20D,0.0395864567854613,0.7355371900826446,76,76,3407166,200,1.5386995000008028,none
lstm_attention,fold_2,bull,Direction_lag1,0.2510344671445062,0.2066115702479339,76,76,3407166,200,1.5386995000008028,none
lstm_attention,fold_2,bull,Direction_lag2,0.1273948687300282,0.3553719008264462,76,76,3407166,200,1.5386995000008028,none
lstm_attention,fold_2,bull,Direction_lag3,0.1623879196362778,0.2975206611570248,76,76,3407166,200,1.5386995000008028,none
lstm_attention,fold_2,bull,Direction_lag5,0.3485701082029233,0.1074380165289256,76,76,3407166,200,1.5386995000008028,none
lstm_attention,fold_2,bull,Up_Ratio_5,0.0296365882862838,0.8512396694214877,76,76,3407166,200,1.5386995000008028,none
lstm_attention,fold_2,bull,Up_Ratio_10,0.0662975492700321,0.6198347107438017,76,76,3407166,200,1.5386995000008028,none
lstm_attention,fold_2,bull,Up_Ratio_20,0.1434034801857323,0.3223140495867768,76,76,3407166,200,1.5386995000008028,none
lstm_attention,fold_2,bull,Down_Ratio_5,0.160729674176362,0.3057851239669421,76,76,3407166,200,1.5386995000008028,none
lstm_attention,fold_2,bull,Down_Ratio_10,0.0726386195888488,0.5702479338842975,76,76,3407166,200,1.5386995000008028,none
lstm_attention,fold_2,bull,Down_Ratio_20,0.2543962590434124,0.1983471074380165,76,76,3407166,200,1.5386995000008028,none
lstm_attention,fold_2,bull,WMA_5,0.2333147743667819,0.2396694214876033,76,76,3407166,200,1.5386995000008028,none
lstm_attention,fold_2,bull,WMA_10,0.5997727077601379,0.0165289256198347,76,76,3407166,200,1.5386995000008028,none
lstm_attention,fold_2,bull,WMA_20,0.0851885102991792,0.4958677685950413,76,76,3407166,200,1.5386995000008028,none
lstm_attention,fold_2,bull,WMA_60,0.7622304370283688,0.0082644628099173,76,76,3407166,200,1.5386995000008028,none
lstm_attention,fold_2,bull,StochK_14,0.165014826367999,0.2892561983471074,76,76,3407166,200,1.5386995000008028,none
lstm_attention,fold_2,bull,StochD_3,0.1208194567107727,0.3801652892561983,76,76,3407166,200,1.5386995000008028,none
lstm_attention,fold_2,bull,RSI_14,0.1337389513403123,0.3305785123966942,76,76,3407166,200,1.5386995000008028,none
lstm_attention,fold_2,bull,MACD_12_26,0.060357564407705,0.6446280991735537,76,76,3407166,200,1.5386995000008028,none
lstm_attention,fold_2,bull,MACD_Signal_9,0.094366748737172,0.4710743801652892,76,76,3407166,200,1.5386995000008028,none
lstm_attention,fold_2,bull,MACD_Histogram,0.0313378495416193,0.8429752066115702,76,76,3407166,200,1.5386995000008028,none
lstm_attention,fold_2,bull,WilliamsR_14,0.2187982198280224,0.2644628099173554,76,76,3407166,200,1.5386995000008028,none
lstm_attention,fold_2,bull,CCI_20,0.033802843350675,0.7933884297520661,76,76,3407166,200,1.5386995000008028,none
lstm_attention,fold_2,bull,ADX_14,0.1934902868072784,0.2727272727272727,76,76,3407166,200,1.5386995000008028,none
lstm_attention,fold_2,bull,PlusDI_14,0.1161102701460741,0.396694214876033,76,76,3407166,200,1.5386995000008028,none
lstm_attention,fold_2,bull,MinusDI_14,0.1309201270289792,0.3388429752066115,76,76,3407166,200,1.5386995000008028,none
lstm_attention,fold_2,bull,VMD_IMF_1,0.0656283398025966,0.628099173553719,76,76,3407166,200,1.5386995000008028,none
lstm_attention,fold_2,bull,VMD_IMF_2,0.0450929241799784,0.7024793388429752,76,76,3407166,200,1.5386995000008028,none
lstm_attention,fold_2,bull,VMD_IMF_3,0.0367963176898384,0.7603305785123967,76,76,3407166,200,1.5386995000008028,none
lstm_attention,fold_2,bull,VMD_IMF_4,0.0667423210132495,0.6033057851239669,76,76,3407166,200,1.5386995000008028,none
lstm_attention,fold_2,bull,VMD_Denoised_Close,0.3079782263964022,0.1322314049586777,76,76,3407166,200,1.5386995000008028,none
lstm_attention,fold_2,bull,VMD_Noise_Energy_Ratio,0.0850126827981512,0.5041322314049587,76,76,3407166,200,1.5386995000008028,none
lstm_attention,fold_2,global,Open_D,0.5785205946711358,0.0330578512396694,243,128,1274485762,200,3.022761800006265,none
lstm_attention,fold_2,global,High_D,0.5395761052408489,0.0413223140495867,243,128,1274485762,200,3.022761800006265,none
lstm_attention,fold_2,global,Low_D,0.4568448148260359,0.0661157024793388,243,128,1274485762,200,3.022761800006265,none
lstm_attention,fold_2,global,Close_D,11.134011437465926,0.0,243,128,1274485762,200,3.022761800006265,none
lstm_attention,fold_2,global,Volume_D,0.0439306589382852,0.7355371900826446,243,128,1274485762,200,3.022761800006265,none
lstm_attention,fold_2,global,Change_pct_D,0.0632086579222658,0.6363636363636364,243,128,1274485762,200,3.022761800006265,none
lstm_attention,fold_2,global,Open_W,0.0951688861300226,0.4628099173553719,243,128,1274485762,200,3.022761800006265,none
lstm_attention,fold_2,global,High_W,0.5830670972442021,0.024793388429752,243,128,1274485762,200,3.022761800006265,none
lstm_attention,fold_2,global,Low_W,0.3295398863981972,0.140495867768595,243,128,1274485762,200,3.022761800006265,none
lstm_attention,fold_2,global,Close_W,0.3662391691541415,0.1157024793388429,243,128,1274485762,200,3.022761800006265,none
lstm_attention,fold_2,global,Volume_W,0.1221590522407822,0.3801652892561983,243,128,1274485762,200,3.022761800006265,none
lstm_attention,fold_2,global,Change_pct_W,0.0244693821943648,0.8925619834710744,243,128,1274485762,200,3.022761800006265,none
lstm_attention,fold_2,global,Open_M,0.0477665855135001,0.71900826446281,243,128,1274485762,200,3.022761800006265,none
lstm_attention,fold_2,global,High_M,0.2812367067633948,0.1983471074380165,243,128,1274485762,200,3.022761800006265,none
lstm_attention,fold_2,global,Low_M,0.3912923713083728,0.0991735537190082,243,128,1274485762,200,3.022761800006265,none
lstm_attention,fold_2,global,Close_M,0.2595051936498294,0.2231404958677686,243,128,1274485762,200,3.022761800006265,none
lstm_attention,fold_2,global,Volume_M,0.0357339270179384,0.8181818181818182,243,128,1274485762,200,3.022761800006265,none
lstm_attention,fold_2,global,Change_pct_M,0.0924230482082087,0.4958677685950413,243,128,1274485762,200,3.022761800006265,none
lstm_attention,fold_2,global,Close_D_lag1,0.4187251317111077,0.0826446280991735,243,128,1274485762,200,3.022761800006265,none
lstm_attention,fold_2,global,Close_D_lag2,0.2439085376714501,0.2479338842975206,243,128,1274485762,200,3.022761800006265,none
lstm_attention,fold_2,global,Close_D_lag3,0.1223493633907878,0.371900826446281,243,128,1274485762,200,3.022761800006265,none
lstm_attention,fold_2,global,Close_D_lag5,0.3096830687274632,0.1652892561983471,243,128,1274485762,200,3.022761800006265,none
lstm_attention,fold_2,global,Close_D_lag10,0.3395595553804014,0.1322314049586777,243,128,1274485762,200,3.022761800006265,none
lstm_attention,fold_2,global,Close_D_lag20,0.3161887530470267,0.1570247933884297,243,128,1274485762,200,3.022761800006265,none
lstm_attention,fold_2,global,Close_D_lag60,0.2603446511231596,0.2148760330578512,243,128,1274485762,200,3.022761800006265,none
lstm_attention,fold_2,global,Change_pct_D_lag1,0.0370997470382217,0.7933884297520661,243,128,1274485762,200,3.022761800006265,none
lstm_attention,fold_2,global,Change_pct_D_lag2,0.0809304107244443,0.5206611570247934,243,128,1274485762,200,3.022761800006265,none
lstm_attention,fold_2,global,Change_pct_D_lag3,0.0361728797004159,0.8099173553719008,243,128,1274485762,200,3.022761800006265,none
lstm_attention,fold_2,global,Change_pct_D_lag5,0.108853731761218,0.4049586776859504,243,128,1274485762,200,3.022761800006265,none
lstm_attention,fold_2,global,Change_pct_D_lag10,0.0226880619799118,0.9008264462809916,243,128,1274485762,200,3.022761800006265,none
lstm_attention,fold_2,global,Change_pct_D_lag20,0.0438071929219507,0.743801652892562,243,128,1274485762,200,3.022761800006265,none
lstm_attention,fold_2,global,Volume_D_lag1,0.0113612498130664,0.975206611570248,243,128,1274485762,200,3.022761800006265,none
lstm_attention,fold_2,global,Volume_D_lag2,0.0428427326516292,0.7520661157024794,243,128,1274485762,200,3.022761800006265,none
lstm_attention,fold_2,global,Volume_D_lag3,0.0333263915396912,0.8429752066115702,243,128,1274485762,200,3.022761800006265,none
lstm_attention,fold_2,global,Volume_D_lag5,0.0507865925910731,0.6942148760330579,243,128,1274485762,200,3.022761800006265,none
lstm_attention,fold_2,global,Volume_D_lag10,0.0133679163142257,0.9421487603305784,243,128,1274485762,200,3.022761800006265,none
lstm_attention,fold_2,global,Volume_D_lag20,0.0096820237686715,0.9917355371900828,243,128,1274485762,200,3.022761800006265,none
lstm_attention,fold_2,global,Close_W_lag1,0.0252633415801369,0.8842975206611571,243,128,1274485762,200,3.022761800006265,none
lstm_attention,fold_2,global,Close_W_lag2,0.3015208815937512,0.1735537190082644,243,128,1274485762,200,3.022761800006265,none
lstm_attention,fold_2,global,Close_W_lag4,0.5286605738845538,0.0495867768595041,243,128,1274485762,200,3.022761800006265,none
lstm_attention,fold_2,global,Close_M_lag1,0.34423901312839,0.1239669421487603,243,128,1274485762,200,3.022761800006265,none
lstm_attention,fold_2,global,Close_M_lag3,0.4282949180880678,0.0743801652892562,243,128,1274485762,200,3.022761800006265,none
lstm_attention,fold_2,global,Return_1D,0.0411752056243685,0.7603305785123967,243,128,1274485762,200,3.022761800006265,none
lstm_attention,fold_2,global,Return_3D,0.0095544987362067,1.0,243,128,1274485762,200,3.022761800006265,none
lstm_attention,fold_2,global,Return_5D,0.0128423528298197,0.950413223140496,243,128,1274485762,200,3.022761800006265,none
lstm_attention,fold_2,global,Return_10D,0.070437607255311,0.6033057851239669,243,128,1274485762,200,3.022761800006265,none
lstm_attention,fold_2,global,Return_20D,0.0676065633753012,0.6198347107438017,243,128,1274485762,200,3.022761800006265,none
lstm_attention,fold_2,global,Return_60D,0.0983609008580131,0.4462809917355372,243,128,1274485762,200,3.022761800006265,none
lstm_attention,fold_2,global,SMA_5,0.2454953083928558,0.2396694214876033,243,128,1274485762,200,3.022761800006265,none
lstm_attention,fold_2,global,SMA_10,0.5019850819076964,0.0578512396694214,243,128,1274485762,200,3.022761800006265,none
lstm_attention,fold_2,global,SMA_20,0.4155515868966176,0.0909090909090909,243,128,1274485762,200,3.022761800006265,none
lstm_attention,fold_2,global,SMA_60,0.3256169823609525,0.1487603305785124,243,128,1274485762,200,3.022761800006265,none
lstm_attention,fold_2,global,Close_to_SMA_5,0.0314468507153641,0.859504132231405,243,128,1274485762,200,3.022761800006265,none
lstm_attention,fold_2,global,Close_to_SMA_10,0.0122179332699374,0.9586776859504132,243,128,1274485762,200,3.022761800006265,none
lstm_attention,fold_2,global,Close_to_SMA_20,0.09381347158149,0.4793388429752066,243,128,1274485762,200,3.022761800006265,none
lstm_attention,fold_2,global,Close_to_SMA_60,0.0959398034218765,0.4545454545454545,243,128,1274485762,200,3.022761800006265,none
lstm_attention,fold_2,global,Volatility_5,0.1970531773040079,0.2644628099173554,243,128,1274485762,200,3.022761800006265,none
lstm_attention,fold_2,global,Volatility_10,0.0507493602081908,0.7024793388429752,243,128,1274485762,200,3.022761800006265,none
lstm_attention,fold_2,global,Volatility_20,0.1788648796362139,0.2809917355371901,243,128,1274485762,200,3.022761800006265,none
lstm_attention,fold_2,global,Volatility_60,0.0672085954711803,0.628099173553719,243,128,1274485762,200,3.022761800006265,none
lstm_attention,fold_2,global,Momentum_5,0.1014068560304139,0.4380165289256198,243,128,1274485762,200,3.022761800006265,none
lstm_attention,fold_2,global,Momentum_10,0.0787154011270757,0.5537190082644629,243,128,1274485762,200,3.022761800006265,none
lstm_attention,fold_2,global,Momentum_20,0.1387525009033083,0.3223140495867768,243,128,1274485762,200,3.022761800006265,none
lstm_attention,fold_2,global,Momentum_60,0.0793208630842272,0.5289256198347108,243,128,1274485762,200,3.022761800006265,none
lstm_attention,fold_2,global,ROC_5,0.040914472276745,0.768595041322314,243,128,1274485762,200,3.022761800006265,none
lstm_attention,fold_2,global,ROC_10,0.0149873373035014,0.9256198347107438,243,128,1274485762,200,3.022761800006265,none
lstm_attention,fold_2,global,ROC_20,0.0819045772123047,0.512396694214876,243,128,1274485762,200,3.022761800006265,none
lstm_attention,fold_2,global,ROC_60,0.0364486475026029,0.8016528925619835,243,128,1274485762,200,3.022761800006265,none
lstm_attention,fold_2,global,Ratio_Close_D_to_W,0.0206197510634167,0.9090909090909092,243,128,1274485762,200,3.022761800006265,none
lstm_attention,fold_2,global,Ratio_Close_D_to_M,0.0548904525658073,0.6528925619834711,243,128,1274485762,200,3.022761800006265,none
lstm_attention,fold_2,global,Ratio_Volume_D_to_W,0.0148453764482582,0.9338842975206612,243,128,1274485762,200,3.022761800006265,none
lstm_attention,fold_2,global,Spread_D,0.0509644697188107,0.6859504132231405,243,128,1274485762,200,3.022761800006265,none
lstm_attention,fold_2,global,Body_D,0.011992054955126,0.9669421487603306,243,128,1274485762,200,3.022761800006265,none
lstm_attention,fold_2,global,Body_abs_D,0.0687546279266143,0.6115702479338843,243,128,1274485762,200,3.022761800006265,none
lstm_attention,fold_2,global,Upper_Shadow_D,0.0100229293838385,0.9834710743801652,243,128,1274485762,200,3.022761800006265,none
lstm_attention,fold_2,global,Lower_Shadow_D,0.019239942433362,0.9173553719008264,243,128,1274485762,200,3.022761800006265,none
lstm_attention,fold_2,global,Body_to_Range_D,0.1314912636267649,0.3471074380165289,243,128,1274485762,200,3.022761800006265,none
lstm_attention,fold_2,global,Close_Position_D,0.1051578210828211,0.4297520661157025,243,128,1274485762,200,3.022761800006265,none
lstm_attention,fold_2,global,Spread_W,0.0312905013309446,0.8677685950413223,243,128,1274485762,200,3.022761800006265,none
lstm_attention,fold_2,global,Body_W,0.0379003551671333,0.7851239669421488,243,128,1274485762,200,3.022761800006265,none
lstm_attention,fold_2,global,Close_Position_W,0.0522762789747687,0.6776859504132231,243,128,1274485762,200,3.022761800006265,none
lstm_attention,fold_2,global,Spread_M,0.114672767334423,0.396694214876033,243,128,1274485762,200,3.022761800006265,none
lstm_attention,fold_2,global,Body_M,0.0948939066322154,0.4710743801652892,243,128,1274485762,200,3.022761800006265,none
lstm_attention,fold_2,global,Close_Position_M,0.1054614551826347,0.4214876033057851,243,128,1274485762,200,3.022761800006265,none
lstm_attention,fold_2,global,Volume_MA_5,0.1183345495334322,0.3884297520661157,243,128,1274485762,200,3.022761800006265,none
lstm_attention,fold_2,global,Volume_MA_20,0.0387652078259868,0.7768595041322314,243,128,1274485762,200,3.022761800006265,none
lstm_attention,fold_2,global,Volume_Ratio_5,0.0502080274824322,0.7107438016528925,243,128,1274485762,200,3.022761800006265,none
lstm_attention,fold_2,global,Volume_Ratio_20,0.0525810488868899,0.6694214876033058,243,128,1274485762,200,3.022761800006265,none
lstm_attention,fold_2,global,Volume_Change_1D,0.0723221800486271,0.5702479338842975,243,128,1274485762,200,3.022761800006265,none
lstm_attention,fold_2,global,Volume_Change_5D,0.0789895905368411,0.5371900826446281,243,128,1274485762,200,3.022761800006265,none
lstm_attention,fold_2,global,Volume_Change_20D,0.0349660951310824,0.8264462809917356,243,128,1274485762,200,3.022761800006265,none
lstm_attention,fold_2,global,Direction_lag1,0.2620812480285394,0.2066115702479339,243,128,1274485762,200,3.022761800006265,none
lstm_attention,fold_2,global,Direction_lag2,0.1369951984875797,0.3305785123966942,243,128,1274485762,200,3.022761800006265,none
lstm_attention,fold_2,global,Direction_lag3,0.1327076356128174,0.3388429752066115,243,128,1274485762,200,3.022761800006265,none
lstm_attention,fold_2,global,Direction_lag5,0.3669605633578612,0.1074380165289256,243,128,1274485762,200,3.022761800006265,none
lstm_attention,fold_2,global,Up_Ratio_5,0.0301450776779419,0.8760330578512396,243,128,1274485762,200,3.022761800006265,none
lstm_attention,fold_2,global,Up_Ratio_10,0.0725002306886779,0.5619834710743802,243,128,1274485762,200,3.022761800006265,none
lstm_attention,fold_2,global,Up_Ratio_20,0.1646479445219441,0.3057851239669421,243,128,1274485762,200,3.022761800006265,none
lstm_attention,fold_2,global,Down_Ratio_5,0.1762307253873586,0.2892561983471074,243,128,1274485762,200,3.022761800006265,none
lstm_attention,fold_2,global,Down_Ratio_10,0.0789704439566875,0.5454545454545454,243,128,1274485762,200,3.022761800006265,none
lstm_attention,fold_2,global,Down_Ratio_20,0.2858977625041689,0.1900826446280991,243,128,1274485762,200,3.022761800006265,none
lstm_attention,fold_2,global,WMA_5,0.2325384464886156,0.256198347107438,243,128,1274485762,200,3.022761800006265,none
lstm_attention,fold_2,global,WMA_10,0.6131444855956942,0.0165289256198347,243,128,1274485762,200,3.022761800006265,none
lstm_attention,fold_2,global,WMA_20,0.0829527640810283,0.5041322314049587,243,128,1274485762,200,3.022761800006265,none
lstm_attention,fold_2,global,WMA_60,0.8020947955927114,0.0082644628099173,243,128,1274485762,200,3.022761800006265,none
lstm_attention,fold_2,global,StochK_14,0.1760012480481236,0.2975206611570248,243,128,1274485762,200,3.022761800006265,none
lstm_attention,fold_2,global,StochD_3,0.144477195089297,0.3140495867768595,243,128,1274485762,200,3.022761800006265,none
lstm_attention,fold_2,global,RSI_14,0.128975557850822,0.3553719008264462,243,128,1274485762,200,3.022761800006265,none
lstm_attention,fold_2,global,MACD_12_26,0.0618105564305913,0.6446280991735537,243,128,1274485762,200,3.022761800006265,none
lstm_attention,fold_2,global,MACD_Signal_9,0.0926271392155371,0.4876033057851239,243,128,1274485762,200,3.022761800006265,none
lstm_attention,fold_2,global,MACD_Histogram,0.0319495281875333,0.8512396694214877,243,128,1274485762,200,3.022761800006265,none
lstm_attention,fold_2,global,WilliamsR_14,0.2466206913430483,0.2314049586776859,243,128,1274485762,200,3.022761800006265,none
lstm_attention,fold_2,global,CCI_20,0.0341410552557569,0.8347107438016529,243,128,1274485762,200,3.022761800006265,none
lstm_attention,fold_2,global,ADX_14,0.1840646933048333,0.2727272727272727,243,128,1274485762,200,3.022761800006265,none
lstm_attention,fold_2,global,PlusDI_14,0.1276564287935713,0.3636363636363636,243,128,1274485762,200,3.022761800006265,none
lstm_attention,fold_2,global,MinusDI_14,0.1057173886201702,0.4132231404958678,243,128,1274485762,200,3.022761800006265,none
lstm_attention,fold_2,global,VMD_IMF_1,0.0714807925827699,0.5950413223140496,243,128,1274485762,200,3.022761800006265,none
lstm_attention,fold_2,global,VMD_IMF_2,0.0452644717012141,0.7272727272727273,243,128,1274485762,200,3.022761800006265,none
lstm_attention,fold_2,global,VMD_IMF_3,0.054559788061946,0.6611570247933884,243,128,1274485762,200,3.022761800006265,none
lstm_attention,fold_2,global,VMD_IMF_4,0.071525612390451,0.5867768595041323,243,128,1274485762,200,3.022761800006265,none
lstm_attention,fold_2,global,VMD_Denoised_Close,0.2881811641425884,0.1818181818181818,243,128,1274485762,200,3.022761800006265,none
lstm_attention,fold_2,global,VMD_Noise_Energy_Ratio,0.0720315707601798,0.5785123966942148,243,128,1274485762,200,3.022761800006265,none
lstm_attention,fold_2,sideway,Open_D,0.5549570763706351,0.0330578512396694,92,92,1756735911,200,1.9510693999909563,none
lstm_attention,fold_2,sideway,High_D,0.5150304723409531,0.0413223140495867,92,92,1756735911,200,1.9510693999909563,none
lstm_attention,fold_2,sideway,Low_D,0.4320810495754299,0.0661157024793388,92,92,1756735911,200,1.9510693999909563,none
lstm_attention,fold_2,sideway,Close_D,10.54711366545486,0.0,92,92,1756735911,200,1.9510693999909563,none
lstm_attention,fold_2,sideway,Volume_D,0.0434320467140614,0.7355371900826446,92,92,1756735911,200,1.9510693999909563,none
lstm_attention,fold_2,sideway,Change_pct_D,0.0664622764755489,0.5950413223140496,92,92,1756735911,200,1.9510693999909563,none
lstm_attention,fold_2,sideway,Open_W,0.0898847204485639,0.4710743801652892,92,92,1756735911,200,1.9510693999909563,none
lstm_attention,fold_2,sideway,High_W,0.5581474803205904,0.024793388429752,92,92,1756735911,200,1.9510693999909563,none
lstm_attention,fold_2,sideway,Low_W,0.3150203837825835,0.1487603305785124,92,92,1756735911,200,1.9510693999909563,none
lstm_attention,fold_2,sideway,Close_W,0.3492273401995392,0.1157024793388429,92,92,1756735911,200,1.9510693999909563,none
lstm_attention,fold_2,sideway,Volume_W,0.1168593968203071,0.3801652892561983,92,92,1756735911,200,1.9510693999909563,none
lstm_attention,fold_2,sideway,Change_pct_W,0.0241347449758257,0.8925619834710744,92,92,1756735911,200,1.9510693999909563,none
lstm_attention,fold_2,sideway,Open_M,0.0469290157141427,0.7024793388429752,92,92,1756735911,200,1.9510693999909563,none
lstm_attention,fold_2,sideway,High_M,0.2745647193688653,0.1900826446280991,92,92,1756735911,200,1.9510693999909563,none
lstm_attention,fold_2,sideway,Low_M,0.3884888609567576,0.0991735537190082,92,92,1756735911,200,1.9510693999909563,none
lstm_attention,fold_2,sideway,Close_M,0.2481824476137974,0.2231404958677686,92,92,1756735911,200,1.9510693999909563,none
lstm_attention,fold_2,sideway,Volume_M,0.0383910539712698,0.8099173553719008,92,92,1756735911,200,1.9510693999909563,none
lstm_attention,fold_2,sideway,Change_pct_M,0.0804616343921185,0.4876033057851239,92,92,1756735911,200,1.9510693999909563,none
lstm_attention,fold_2,sideway,Close_D_lag1,0.3948046447344772,0.0909090909090909,92,92,1756735911,200,1.9510693999909563,none
lstm_attention,fold_2,sideway,Close_D_lag2,0.2313445639249909,0.2396694214876033,92,92,1756735911,200,1.9510693999909563,none
lstm_attention,fold_2,sideway,Close_D_lag3,0.1129034546831541,0.396694214876033,92,92,1756735911,200,1.9510693999909563,none
lstm_attention,fold_2,sideway,Close_D_lag5,0.2918097673601511,0.1652892561983471,92,92,1756735911,200,1.9510693999909563,none
lstm_attention,fold_2,sideway,Close_D_lag10,0.327738244663519,0.1322314049586777,92,92,1756735911,200,1.9510693999909563,none
lstm_attention,fold_2,sideway,Close_D_lag20,0.3137177442220728,0.1570247933884297,92,92,1756735911,200,1.9510693999909563,none
lstm_attention,fold_2,sideway,Close_D_lag60,0.2648925438715631,0.2148760330578512,92,92,1756735911,200,1.9510693999909563,none
lstm_attention,fold_2,sideway,Change_pct_D_lag1,0.0387994296801618,0.8016528925619835,92,92,1756735911,200,1.9510693999909563,none
lstm_attention,fold_2,sideway,Change_pct_D_lag2,0.0851942397805349,0.4793388429752066,92,92,1756735911,200,1.9510693999909563,none
lstm_attention,fold_2,sideway,Change_pct_D_lag3,0.0375596003784395,0.8181818181818182,92,92,1756735911,200,1.9510693999909563,none
lstm_attention,fold_2,sideway,Change_pct_D_lag5,0.1192102828157678,0.3636363636363636,92,92,1756735911,200,1.9510693999909563,none
lstm_attention,fold_2,sideway,Change_pct_D_lag10,0.0231835366852939,0.9008264462809916,92,92,1756735911,200,1.9510693999909563,none
lstm_attention,fold_2,sideway,Change_pct_D_lag20,0.0439680245785488,0.71900826446281,92,92,1756735911,200,1.9510693999909563,none
lstm_attention,fold_2,sideway,Volume_D_lag1,0.0113429300853439,0.975206611570248,92,92,1756735911,200,1.9510693999909563,none
lstm_attention,fold_2,sideway,Volume_D_lag2,0.0419099129860154,0.7768595041322314,92,92,1756735911,200,1.9510693999909563,none
lstm_attention,fold_2,sideway,Volume_D_lag3,0.033582004790467,0.8264462809917356,92,92,1756735911,200,1.9510693999909563,none
lstm_attention,fold_2,sideway,Volume_D_lag5,0.0478206733922458,0.6942148760330579,92,92,1756735911,200,1.9510693999909563,none
lstm_attention,fold_2,sideway,Volume_D_lag10,0.0129510026052349,0.9421487603305784,92,92,1756735911,200,1.9510693999909563,none
lstm_attention,fold_2,sideway,Volume_D_lag20,0.0094458796106091,0.9917355371900828,92,92,1756735911,200,1.9510693999909563,none
lstm_attention,fold_2,sideway,Close_W_lag1,0.0241693554637965,0.8842975206611571,92,92,1756735911,200,1.9510693999909563,none
lstm_attention,fold_2,sideway,Close_W_lag2,0.2859320297148888,0.1735537190082644,92,92,1756735911,200,1.9510693999909563,none
lstm_attention,fold_2,sideway,Close_W_lag4,0.5046822953240379,0.0495867768595041,92,92,1756735911,200,1.9510693999909563,none
lstm_attention,fold_2,sideway,Close_M_lag1,0.3331807380704128,0.1239669421487603,92,92,1756735911,200,1.9510693999909563,none
lstm_attention,fold_2,sideway,Close_M_lag3,0.4217555168621323,0.0743801652892562,92,92,1756735911,200,1.9510693999909563,none
lstm_attention,fold_2,sideway,Return_1D,0.0426643757740116,0.7520661157024794,92,92,1756735911,200,1.9510693999909563,none
lstm_attention,fold_2,sideway,Return_3D,0.0087135100888899,1.0,92,92,1756735911,200,1.9510693999909563,none
lstm_attention,fold_2,sideway,Return_5D,0.0126131879888337,0.950413223140496,92,92,1756735911,200,1.9510693999909563,none
lstm_attention,fold_2,sideway,Return_10D,0.0603504689071126,0.6363636363636364,92,92,1756735911,200,1.9510693999909563,none
lstm_attention,fold_2,sideway,Return_20D,0.0654383734077599,0.6033057851239669,92,92,1756735911,200,1.9510693999909563,none
lstm_attention,fold_2,sideway,Return_60D,0.1153190523251791,0.3884297520661157,92,92,1756735911,200,1.9510693999909563,none
lstm_attention,fold_2,sideway,SMA_5,0.2320184398462753,0.2314049586776859,92,92,1756735911,200,1.9510693999909563,none
lstm_attention,fold_2,sideway,SMA_10,0.4785954403675809,0.0578512396694214,92,92,1756735911,200,1.9510693999909563,none
lstm_attention,fold_2,sideway,SMA_20,0.4018238767809437,0.0826446280991735,92,92,1756735911,200,1.9510693999909563,none
lstm_attention,fold_2,sideway,SMA_60,0.3174972233281511,0.140495867768595,92,92,1756735911,200,1.9510693999909563,none
lstm_attention,fold_2,sideway,Close_to_SMA_5,0.0299623613257833,0.8429752066115702,92,92,1756735911,200,1.9510693999909563,none
lstm_attention,fold_2,sideway,Close_to_SMA_10,0.01171246080844,0.9669421487603306,92,92,1756735911,200,1.9510693999909563,none
lstm_attention,fold_2,sideway,Close_to_SMA_20,0.0799229318533296,0.4958677685950413,92,92,1756735911,200,1.9510693999909563,none
lstm_attention,fold_2,sideway,Close_to_SMA_60,0.0921670837578937,0.4628099173553719,92,92,1756735911,200,1.9510693999909563,none
lstm_attention,fold_2,sideway,Volatility_5,0.1688027267477319,0.2727272727272727,92,92,1756735911,200,1.9510693999909563,none
lstm_attention,fold_2,sideway,Volatility_10,0.0425622147497783,0.7603305785123967,92,92,1756735911,200,1.9510693999909563,none
lstm_attention,fold_2,sideway,Volatility_20,0.1540211803232706,0.3057851239669421,92,92,1756735911,200,1.9510693999909563,none
lstm_attention,fold_2,sideway,Volatility_60,0.0560630795177649,0.6611570247933884,92,92,1756735911,200,1.9510693999909563,none
lstm_attention,fold_2,sideway,Momentum_5,0.0992696907091553,0.4462809917355372,92,92,1756735911,200,1.9510693999909563,none
lstm_attention,fold_2,sideway,Momentum_10,0.0666506816924439,0.5867768595041323,92,92,1756735911,200,1.9510693999909563,none
lstm_attention,fold_2,sideway,Momentum_20,0.1311815254043485,0.3388429752066115,92,92,1756735911,200,1.9510693999909563,none
lstm_attention,fold_2,sideway,Momentum_60,0.0946338037343415,0.4545454545454545,92,92,1756735911,200,1.9510693999909563,none
lstm_attention,fold_2,sideway,ROC_5,0.0421117296703046,0.768595041322314,92,92,1756735911,200,1.9510693999909563,none
lstm_attention,fold_2,sideway,ROC_10,0.0117534811024706,0.9586776859504132,92,92,1756735911,200,1.9510693999909563,none
lstm_attention,fold_2,sideway,ROC_20,0.0765850976052018,0.5289256198347108,92,92,1756735911,200,1.9510693999909563,none
lstm_attention,fold_2,sideway,ROC_60,0.0442312134240024,0.7107438016528925,92,92,1756735911,200,1.9510693999909563,none
lstm_attention,fold_2,sideway,Ratio_Close_D_to_W,0.0196152005824115,0.9090909090909092,92,92,1756735911,200,1.9510693999909563,none
lstm_attention,fold_2,sideway,Ratio_Close_D_to_M,0.0435794841250793,0.7272727272727273,92,92,1756735911,200,1.9510693999909563,none
lstm_attention,fold_2,sideway,Ratio_Volume_D_to_W,0.0150171521154072,0.9256198347107438,92,92,1756735911,200,1.9510693999909563,none
lstm_attention,fold_2,sideway,Spread_D,0.0483884496634385,0.6776859504132231,92,92,1756735911,200,1.9510693999909563,none
lstm_attention,fold_2,sideway,Body_D,0.0133456924369626,0.9338842975206612,92,92,1756735911,200,1.9510693999909563,none
lstm_attention,fold_2,sideway,Body_abs_D,0.0676957926340907,0.5702479338842975,92,92,1756735911,200,1.9510693999909563,none
lstm_attention,fold_2,sideway,Upper_Shadow_D,0.0104680047024674,0.9834710743801652,92,92,1756735911,200,1.9510693999909563,none
lstm_attention,fold_2,sideway,Lower_Shadow_D,0.0193404978858078,0.9173553719008264,92,92,1756735911,200,1.9510693999909563,none
lstm_attention,fold_2,sideway,Body_to_Range_D,0.1324245644261633,0.3305785123966942,92,92,1756735911,200,1.9510693999909563,none
lstm_attention,fold_2,sideway,Close_Position_D,0.1116753918580165,0.4049586776859504,92,92,1756735911,200,1.9510693999909563,none
lstm_attention,fold_2,sideway,Spread_W,0.0270136563679789,0.8760330578512396,92,92,1756735911,200,1.9510693999909563,none
lstm_attention,fold_2,sideway,Body_W,0.0408347435539484,0.7851239669421488,92,92,1756735911,200,1.9510693999909563,none
lstm_attention,fold_2,sideway,Close_Position_W,0.0578838203748605,0.6446280991735537,92,92,1756735911,200,1.9510693999909563,none
lstm_attention,fold_2,sideway,Spread_M,0.1211704674714027,0.3553719008264462,92,92,1756735911,200,1.9510693999909563,none
lstm_attention,fold_2,sideway,Body_M,0.0795738905105439,0.5041322314049587,92,92,1756735911,200,1.9510693999909563,none
lstm_attention,fold_2,sideway,Close_Position_M,0.1069570539295692,0.4132231404958678,92,92,1756735911,200,1.9510693999909563,none
lstm_attention,fold_2,sideway,Volume_MA_5,0.1173159144277514,0.371900826446281,92,92,1756735911,200,1.9510693999909563,none
lstm_attention,fold_2,sideway,Volume_MA_20,0.0432703712607769,0.743801652892562,92,92,1756735911,200,1.9510693999909563,none
lstm_attention,fold_2,sideway,Volume_Ratio_5,0.0478683953482924,0.6859504132231405,92,92,1756735911,200,1.9510693999909563,none
lstm_attention,fold_2,sideway,Volume_Ratio_20,0.0506728537990768,0.6694214876033058,92,92,1756735911,200,1.9510693999909563,none
lstm_attention,fold_2,sideway,Volume_Change_1D,0.0687365551876451,0.5537190082644629,92,92,1756735911,200,1.9510693999909563,none
lstm_attention,fold_2,sideway,Volume_Change_5D,0.0763544561251132,0.5454545454545454,92,92,1756735911,200,1.9510693999909563,none
lstm_attention,fold_2,sideway,Volume_Change_20D,0.032950523067894,0.8347107438016529,92,92,1756735911,200,1.9510693999909563,none
lstm_attention,fold_2,sideway,Direction_lag1,0.2666915370861676,0.2066115702479339,92,92,1756735911,200,1.9510693999909563,none
lstm_attention,fold_2,sideway,Direction_lag2,0.1353699358715106,0.3223140495867768,92,92,1756735911,200,1.9510693999909563,none
lstm_attention,fold_2,sideway,Direction_lag3,0.1258349290798998,0.3471074380165289,92,92,1756735911,200,1.9510693999909563,none
lstm_attention,fold_2,sideway,Direction_lag5,0.372834603652439,0.1074380165289256,92,92,1756735911,200,1.9510693999909563,none
lstm_attention,fold_2,sideway,Up_Ratio_5,0.0280801584632547,0.8512396694214877,92,92,1756735911,200,1.9510693999909563,none
lstm_attention,fold_2,sideway,Up_Ratio_10,0.0647117950156667,0.6115702479338843,92,92,1756735911,200,1.9510693999909563,none
lstm_attention,fold_2,sideway,Up_Ratio_20,0.1614692581795521,0.2892561983471074,92,92,1756735911,200,1.9510693999909563,none
lstm_attention,fold_2,sideway,Down_Ratio_5,0.1651294453264437,0.2809917355371901,92,92,1756735911,200,1.9510693999909563,none
lstm_attention,fold_2,sideway,Down_Ratio_10,0.0673040200511343,0.5785123966942148,92,92,1756735911,200,1.9510693999909563,none
lstm_attention,fold_2,sideway,Down_Ratio_20,0.2827819863420265,0.1818181818181818,92,92,1756735911,200,1.9510693999909563,none
lstm_attention,fold_2,sideway,WMA_5,0.2177720419718357,0.256198347107438,92,92,1756735911,200,1.9510693999909563,none
lstm_attention,fold_2,sideway,WMA_10,0.5796600104856264,0.0165289256198347,92,92,1756735911,200,1.9510693999909563,none
lstm_attention,fold_2,sideway,WMA_20,0.0779561405403653,0.5206611570247934,92,92,1756735911,200,1.9510693999909563,none
lstm_attention,fold_2,sideway,WMA_60,0.7746666612346536,0.0082644628099173,92,92,1756735911,200,1.9510693999909563,none
lstm_attention,fold_2,sideway,StochK_14,0.1577023247535358,0.2975206611570248,92,92,1756735911,200,1.9510693999909563,none
lstm_attention,fold_2,sideway,StochD_3,0.1407779219399621,0.3140495867768595,92,92,1756735911,200,1.9510693999909563,none
lstm_attention,fold_2,sideway,RSI_14,0.1042784792463803,0.4297520661157025,92,92,1756735911,200,1.9510693999909563,none
lstm_attention,fold_2,sideway,MACD_12_26,0.0629658815018363,0.6198347107438017,92,92,1756735911,200,1.9510693999909563,none
lstm_attention,fold_2,sideway,MACD_Signal_9,0.1038683924692557,0.4380165289256198,92,92,1756735911,200,1.9510693999909563,none
lstm_attention,fold_2,sideway,MACD_Histogram,0.0271551836885603,0.8677685950413223,92,92,1756735911,200,1.9510693999909563,none
lstm_attention,fold_2,sideway,WilliamsR_14,0.2311313186849504,0.2479338842975206,92,92,1756735911,200,1.9510693999909563,none
lstm_attention,fold_2,sideway,CCI_20,0.0275093638401143,0.859504132231405,92,92,1756735911,200,1.9510693999909563,none
lstm_attention,fold_2,sideway,ADX_14,0.1830285245648195,0.2644628099173554,92,92,1756735911,200,1.9510693999909563,none
lstm_attention,fold_2,sideway,PlusDI_14,0.1044067644356207,0.4214876033057851,92,92,1756735911,200,1.9510693999909563,none
lstm_attention,fold_2,sideway,MinusDI_14,0.0787221787864807,0.512396694214876,92,92,1756735911,200,1.9510693999909563,none
lstm_attention,fold_2,sideway,VMD_IMF_1,0.0677758540305228,0.5619834710743802,92,92,1756735911,200,1.9510693999909563,none
lstm_attention,fold_2,sideway,VMD_IMF_2,0.0403786342710062,0.7933884297520661,92,92,1756735911,200,1.9510693999909563,none
lstm_attention,fold_2,sideway,VMD_IMF_3,0.0609434026290354,0.628099173553719,92,92,1756735911,200,1.9510693999909563,none
lstm_attention,fold_2,sideway,VMD_IMF_4,0.0763867997302984,0.5371900826446281,92,92,1756735911,200,1.9510693999909563,none
lstm_attention,fold_2,sideway,VMD_Denoised_Close,0.2714945526388676,0.1983471074380165,92,92,1756735911,200,1.9510693999909563,none
lstm_attention,fold_2,sideway,VMD_Noise_Energy_Ratio,0.0563351371580309,0.6528925619834711,92,92,1756735911,200,1.9510693999909563,none
lstm_attention,fold_3,bear,Open_D,0.9268324242994332,0.0082644628099173,104,104,1705854719,200,2.118213900001137,none
lstm_attention,fold_3,bear,High_D,0.7996265532079773,0.024793388429752,104,104,1705854719,200,2.118213900001137,none
lstm_attention,fold_3,bear,Low_D,0.5980515295293256,0.0661157024793388,104,104,1705854719,200,2.118213900001137,none
lstm_attention,fold_3,bear,Close_D,16.112812264619897,0.0,104,104,1705854719,200,2.118213900001137,none
lstm_attention,fold_3,bear,Volume_D,0.0288134866982243,0.9421487603305784,104,104,1705854719,200,2.118213900001137,none
lstm_attention,fold_3,bear,Change_pct_D,0.1852194402883364,0.4462809917355372,104,104,1705854719,200,2.118213900001137,none
lstm_attention,fold_3,bear,Open_W,0.1133820733480538,0.5785123966942148,104,104,1705854719,200,2.118213900001137,none
lstm_attention,fold_3,bear,High_W,0.7891496933371085,0.0330578512396694,104,104,1705854719,200,2.118213900001137,none
lstm_attention,fold_3,bear,Low_W,0.5357791359594557,0.0991735537190082,104,104,1705854719,200,2.118213900001137,none
lstm_attention,fold_3,bear,Close_W,0.6749910865990947,0.0413223140495867,104,104,1705854719,200,2.118213900001137,none
lstm_attention,fold_3,bear,Volume_W,0.2716648071887308,0.2809917355371901,104,104,1705854719,200,2.118213900001137,none
lstm_attention,fold_3,bear,Change_pct_W,0.2695670958657318,0.2975206611570248,104,104,1705854719,200,2.118213900001137,none
lstm_attention,fold_3,bear,Open_M,0.0529822015319041,0.8429752066115702,104,104,1705854719,200,2.118213900001137,none
lstm_attention,fold_3,bear,High_M,0.306607460410319,0.2314049586776859,104,104,1705854719,200,2.118213900001137,none
lstm_attention,fold_3,bear,Low_M,0.4415884302902179,0.1487603305785124,104,104,1705854719,200,2.118213900001137,none
lstm_attention,fold_3,bear,Close_M,0.149217616864196,0.4793388429752066,104,104,1705854719,200,2.118213900001137,none
lstm_attention,fold_3,bear,Volume_M,0.0923974153759646,0.6776859504132231,104,104,1705854719,200,2.118213900001137,none
lstm_attention,fold_3,bear,Change_pct_M,0.2250468239217928,0.3884297520661157,104,104,1705854719,200,2.118213900001137,none
lstm_attention,fold_3,bear,Close_D_lag1,0.4630112678980088,0.1239669421487603,104,104,1705854719,200,2.118213900001137,none
lstm_attention,fold_3,bear,Close_D_lag2,0.4089491628559629,0.1652892561983471,104,104,1705854719,200,2.118213900001137,none
lstm_attention,fold_3,bear,Close_D_lag3,0.0880682258052163,0.6859504132231405,104,104,1705854719,200,2.118213900001137,none
lstm_attention,fold_3,bear,Close_D_lag5,0.4592403573627122,0.140495867768595,104,104,1705854719,200,2.118213900001137,none
lstm_attention,fold_3,bear,Close_D_lag10,0.3574742835251247,0.1818181818181818,104,104,1705854719,200,2.118213900001137,none
lstm_attention,fold_3,bear,Close_D_lag20,0.23323069472272,0.3636363636363636,104,104,1705854719,200,2.118213900001137,none
lstm_attention,fold_3,bear,Close_D_lag60,0.3019218985510143,0.2479338842975206,104,104,1705854719,200,2.118213900001137,none
lstm_attention,fold_3,bear,Change_pct_D_lag1,0.1216757444739134,0.5454545454545454,104,104,1705854719,200,2.118213900001137,none
lstm_attention,fold_3,bear,Change_pct_D_lag2,0.2367947185382665,0.3553719008264462,104,104,1705854719,200,2.118213900001137,none
lstm_attention,fold_3,bear,Change_pct_D_lag3,0.0714081824597786,0.7768595041322314,104,104,1705854719,200,2.118213900001137,none
lstm_attention,fold_3,bear,Change_pct_D_lag5,0.1862072496021238,0.4297520661157025,104,104,1705854719,200,2.118213900001137,none
lstm_attention,fold_3,bear,Change_pct_D_lag10,0.1241844148560899,0.5371900826446281,104,104,1705854719,200,2.118213900001137,none
lstm_attention,fold_3,bear,Change_pct_D_lag20,0.1172848271368681,0.5702479338842975,104,104,1705854719,200,2.118213900001137,none
lstm_attention,fold_3,bear,Volume_D_lag1,0.0856342703795762,0.7024793388429752,104,104,1705854719,200,2.118213900001137,none
lstm_attention,fold_3,bear,Volume_D_lag2,0.0136987770512282,0.9917355371900828,104,104,1705854719,200,2.118213900001137,none
lstm_attention,fold_3,bear,Volume_D_lag3,0.0178122737248849,0.9834710743801652,104,104,1705854719,200,2.118213900001137,none
lstm_attention,fold_3,bear,Volume_D_lag5,0.0392728162525844,0.9173553719008264,104,104,1705854719,200,2.118213900001137,none
lstm_attention,fold_3,bear,Volume_D_lag10,0.0187060628346489,0.975206611570248,104,104,1705854719,200,2.118213900001137,none
lstm_attention,fold_3,bear,Volume_D_lag20,0.0422044244556883,0.9008264462809916,104,104,1705854719,200,2.118213900001137,none
lstm_attention,fold_3,bear,Close_W_lag1,0.0795210287589935,0.7272727272727273,104,104,1705854719,200,2.118213900001137,none
lstm_attention,fold_3,bear,Close_W_lag2,0.3171202148766567,0.2148760330578512,104,104,1705854719,200,2.118213900001137,none
lstm_attention,fold_3,bear,Close_W_lag4,0.6174058904853434,0.0578512396694214,104,104,1705854719,200,2.118213900001137,none
lstm_attention,fold_3,bear,Close_M_lag1,0.2859830224262763,0.2644628099173554,104,104,1705854719,200,2.118213900001137,none
lstm_attention,fold_3,bear,Close_M_lag3,0.4726844116695037,0.1157024793388429,104,104,1705854719,200,2.118213900001137,none
lstm_attention,fold_3,bear,Return_1D,0.0947495511121893,0.6528925619834711,104,104,1705854719,200,2.118213900001137,none
lstm_attention,fold_3,bear,Return_3D,0.0428928381080578,0.8842975206611571,104,104,1705854719,200,2.118213900001137,none
lstm_attention,fold_3,bear,Return_5D,0.0469685505547693,0.859504132231405,104,104,1705854719,200,2.118213900001137,none
lstm_attention,fold_3,bear,Return_10D,0.2783056794571866,0.2727272727272727,104,104,1705854719,200,2.118213900001137,none
lstm_attention,fold_3,bear,Return_20D,0.160379364438417,0.4628099173553719,104,104,1705854719,200,2.118213900001137,none
lstm_attention,fold_3,bear,Return_60D,0.1104477748457261,0.5950413223140496,104,104,1705854719,200,2.118213900001137,none
lstm_attention,fold_3,bear,SMA_5,0.2298834291415215,0.371900826446281,104,104,1705854719,200,2.118213900001137,none
lstm_attention,fold_3,bear,SMA_10,0.6639949896891126,0.0495867768595041,104,104,1705854719,200,2.118213900001137,none
lstm_attention,fold_3,bear,SMA_20,0.5095923765654824,0.1074380165289256,104,104,1705854719,200,2.118213900001137,none
lstm_attention,fold_3,bear,SMA_60,0.1316123716494565,0.5289256198347108,104,104,1705854719,200,2.118213900001137,none
lstm_attention,fold_3,bear,Close_to_SMA_5,0.2432291672274389,0.3388429752066115,104,104,1705854719,200,2.118213900001137,none
lstm_attention,fold_3,bear,Close_to_SMA_10,0.092508301094763,0.6694214876033058,104,104,1705854719,200,2.118213900001137,none
lstm_attention,fold_3,bear,Close_to_SMA_20,0.2703644004240232,0.2892561983471074,104,104,1705854719,200,2.118213900001137,none
lstm_attention,fold_3,bear,Close_to_SMA_60,0.4403010598817323,0.1570247933884297,104,104,1705854719,200,2.118213900001137,none
lstm_attention,fold_3,bear,Volatility_5,0.5542020676268049,0.0909090909090909,104,104,1705854719,200,2.118213900001137,none
lstm_attention,fold_3,bear,Volatility_10,0.2380639513475395,0.3471074380165289,104,104,1705854719,200,2.118213900001137,none
lstm_attention,fold_3,bear,Volatility_20,0.3141092693621011,0.2231404958677686,104,104,1705854719,200,2.118213900001137,none
lstm_attention,fold_3,bear,Volatility_60,0.0744089773801721,0.7603305785123967,104,104,1705854719,200,2.118213900001137,none
lstm_attention,fold_3,bear,Momentum_5,0.3021786838486745,0.2396694214876033,104,104,1705854719,200,2.118213900001137,none
lstm_attention,fold_3,bear,Momentum_10,0.2142369038200891,0.4049586776859504,104,104,1705854719,200,2.118213900001137,none
lstm_attention,fold_3,bear,Momentum_20,0.2509574525835678,0.3305785123966942,104,104,1705854719,200,2.118213900001137,none
lstm_attention,fold_3,bear,Momentum_60,0.1125330172684278,0.5867768595041323,104,104,1705854719,200,2.118213900001137,none
lstm_attention,fold_3,bear,ROC_5,0.2593131557826198,0.3140495867768595,104,104,1705854719,200,2.118213900001137,none
lstm_attention,fold_3,bear,ROC_10,0.0802429423316145,0.71900826446281,104,104,1705854719,200,2.118213900001137,none
lstm_attention,fold_3,bear,ROC_20,0.1433635033411029,0.4958677685950413,104,104,1705854719,200,2.118213900001137,none
lstm_attention,fold_3,bear,ROC_60,0.1013998501678683,0.6198347107438017,104,104,1705854719,200,2.118213900001137,none
lstm_attention,fold_3,bear,Ratio_Close_D_to_W,0.0288394007099843,0.9338842975206612,104,104,1705854719,200,2.118213900001137,none
lstm_attention,fold_3,bear,Ratio_Close_D_to_M,0.0705139605757582,0.7851239669421488,104,104,1705854719,200,2.118213900001137,none
lstm_attention,fold_3,bear,Ratio_Volume_D_to_W,0.0210897420240074,0.950413223140496,104,104,1705854719,200,2.118213900001137,none
lstm_attention,fold_3,bear,Spread_D,0.0838105691416645,0.7107438016528925,104,104,1705854719,200,2.118213900001137,none
lstm_attention,fold_3,bear,Body_D,0.0939225788240981,0.6611570247933884,104,104,1705854719,200,2.118213900001137,none
lstm_attention,fold_3,bear,Body_abs_D,0.0743825361099285,0.768595041322314,104,104,1705854719,200,2.118213900001137,none
lstm_attention,fold_3,bear,Upper_Shadow_D,0.0436438224670649,0.8760330578512396,104,104,1705854719,200,2.118213900001137,none
lstm_attention,fold_3,bear,Lower_Shadow_D,0.0080655149174105,1.0,104,104,1705854719,200,2.118213900001137,none
lstm_attention,fold_3,bear,Body_to_Range_D,0.0648448713411548,0.8016528925619835,104,104,1705854719,200,2.118213900001137,none
lstm_attention,fold_3,bear,Close_Position_D,0.1094464705231075,0.6033057851239669,104,104,1705854719,200,2.118213900001137,none
lstm_attention,fold_3,bear,Spread_W,0.2903406012789429,0.256198347107438,104,104,1705854719,200,2.118213900001137,none
lstm_attention,fold_3,bear,Body_W,0.0560786174638801,0.8264462809917356,104,104,1705854719,200,2.118213900001137,none
lstm_attention,fold_3,bear,Close_Position_W,0.2123004119706295,0.4132231404958678,104,104,1705854719,200,2.118213900001137,none
lstm_attention,fold_3,bear,Spread_M,0.3538321701129182,0.1900826446280991,104,104,1705854719,200,2.118213900001137,none
lstm_attention,fold_3,bear,Body_M,0.1862001171567499,0.4380165289256198,104,104,1705854719,200,2.118213900001137,none
lstm_attention,fold_3,bear,Close_Position_M,0.4604423533753456,0.1322314049586777,104,104,1705854719,200,2.118213900001137,none
lstm_attention,fold_3,bear,Volume_MA_5,0.2210070275195973,0.396694214876033,104,104,1705854719,200,2.118213900001137,none
lstm_attention,fold_3,bear,Volume_MA_20,0.0467840160226964,0.8677685950413223,104,104,1705854719,200,2.118213900001137,none
lstm_attention,fold_3,bear,Volume_Ratio_5,0.0865141679106587,0.6942148760330579,104,104,1705854719,200,2.118213900001137,none
lstm_attention,fold_3,bear,Volume_Ratio_20,0.0202798879763537,0.9586776859504132,104,104,1705854719,200,2.118213900001137,none
lstm_attention,fold_3,bear,Volume_Change_1D,0.0489930478859658,0.8512396694214877,104,104,1705854719,200,2.118213900001137,none
lstm_attention,fold_3,bear,Volume_Change_5D,0.0531272163522002,0.8347107438016529,104,104,1705854719,200,2.118213900001137,none
lstm_attention,fold_3,bear,Volume_Change_20D,0.0192692055104518,0.9669421487603306,104,104,1705854719,200,2.118213900001137,none
lstm_attention,fold_3,bear,Direction_lag1,0.3838223052049145,0.1735537190082644,104,104,1705854719,200,2.118213900001137,none
lstm_attention,fold_3,bear,Direction_lag2,0.145115350614763,0.4876033057851239,104,104,1705854719,200,2.118213900001137,none
lstm_attention,fold_3,bear,Direction_lag3,0.1071663961301405,0.6115702479338843,104,104,1705854719,200,2.118213900001137,none
lstm_attention,fold_3,bear,Direction_lag5,0.5544145539447177,0.0826446280991735,104,104,1705854719,200,2.118213900001137,none
lstm_attention,fold_3,bear,Up_Ratio_5,0.098424009827928,0.6363636363636364,104,104,1705854719,200,2.118213900001137,none
lstm_attention,fold_3,bear,Up_Ratio_10,0.042405071958216,0.8925619834710744,104,104,1705854719,200,2.118213900001137,none
lstm_attention,fold_3,bear,Up_Ratio_20,0.1575272406711659,0.4710743801652892,104,104,1705854719,200,2.118213900001137,none
lstm_attention,fold_3,bear,Down_Ratio_5,0.0401111384270559,0.9090909090909092,104,104,1705854719,200,2.118213900001137,none
lstm_attention,fold_3,bear,Down_Ratio_10,0.0784191113742053,0.743801652892562,104,104,1705854719,200,2.118213900001137,none
lstm_attention,fold_3,bear,Down_Ratio_20,0.3390688925997472,0.1983471074380165,104,104,1705854719,200,2.118213900001137,none
lstm_attention,fold_3,bear,WMA_5,0.1407822324790686,0.5041322314049587,104,104,1705854719,200,2.118213900001137,none
lstm_attention,fold_3,bear,WMA_10,0.8270804765094698,0.0165289256198347,104,104,1705854719,200,2.118213900001137,none
lstm_attention,fold_3,bear,WMA_20,0.1760244858129856,0.4545454545454545,104,104,1705854719,200,2.118213900001137,none
lstm_attention,fold_3,bear,WMA_60,0.5893464710594764,0.0743801652892562,104,104,1705854719,200,2.118213900001137,none
lstm_attention,fold_3,bear,StochK_14,0.1199276349963139,0.5537190082644629,104,104,1705854719,200,2.118213900001137,none
lstm_attention,fold_3,bear,StochD_3,0.2531218028031267,0.3223140495867768,104,104,1705854719,200,2.118213900001137,none
lstm_attention,fold_3,bear,RSI_14,0.0978291044262732,0.6446280991735537,104,104,1705854719,200,2.118213900001137,none
lstm_attention,fold_3,bear,MACD_12_26,0.1369563585813641,0.5206611570247934,104,104,1705854719,200,2.118213900001137,none
lstm_attention,fold_3,bear,MACD_Signal_9,0.338874518472417,0.2066115702479339,104,104,1705854719,200,2.118213900001137,none
lstm_attention,fold_3,bear,MACD_Histogram,0.0583088308043145,0.8181818181818182,104,104,1705854719,200,2.118213900001137,none
lstm_attention,fold_3,bear,WilliamsR_14,0.2285276304643888,0.3801652892561983,104,104,1705854719,200,2.118213900001137,none
lstm_attention,fold_3,bear,CCI_20,0.0696520035062322,0.7933884297520661,104,104,1705854719,200,2.118213900001137,none
lstm_attention,fold_3,bear,ADX_14,0.2612260578711392,0.3057851239669421,104,104,1705854719,200,2.118213900001137,none
lstm_attention,fold_3,bear,PlusDI_14,0.0986722480059877,0.628099173553719,104,104,1705854719,200,2.118213900001137,none
lstm_attention,fold_3,bear,MinusDI_14,0.0773070515437771,0.7520661157024794,104,104,1705854719,200,2.118213900001137,none
lstm_attention,fold_3,bear,VMD_IMF_1,0.0606192914727776,0.8099173553719008,104,104,1705854719,200,2.118213900001137,none
lstm_attention,fold_3,bear,VMD_IMF_2,0.1196775835612925,0.5619834710743802,104,104,1705854719,200,2.118213900001137,none
lstm_attention,fold_3,bear,VMD_IMF_3,0.0331744020731819,0.9256198347107438,104,104,1705854719,200,2.118213900001137,none
lstm_attention,fold_3,bear,VMD_IMF_4,0.0795062400810602,0.7355371900826446,104,104,1705854719,200,2.118213900001137,none
lstm_attention,fold_3,bear,VMD_Denoised_Close,0.1386111786067116,0.512396694214876,104,104,1705854719,200,2.118213900001137,none
lstm_attention,fold_3,bear,VMD_Noise_Energy_Ratio,0.1876295236366191,0.4214876033057851,104,104,1705854719,200,2.118213900001137,none
lstm_attention,fold_3,bull,Open_D,0.9791327090689044,0.0661157024793388,58,58,1502618806,200,1.1719037000002572,none
lstm_attention,fold_3,bull,High_D,0.7966565911816423,0.1074380165289256,58,58,1502618806,200,1.1719037000002572,none
lstm_attention,fold_3,bull,Low_D,0.6414415621049682,0.1652892561983471,58,58,1502618806,200,1.1719037000002572,none
lstm_attention,fold_3,bull,Close_D,9.881847474219471,0.0,58,58,1502618806,200,1.1719037000002572,none
lstm_attention,fold_3,bull,Volume_D,0.1461522080728424,0.6611570247933884,58,58,1502618806,200,1.1719037000002572,none
lstm_attention,fold_3,bull,Change_pct_D,0.2181533742215598,0.4628099173553719,58,58,1502618806,200,1.1719037000002572,none
lstm_attention,fold_3,bull,Open_W,0.157091908652791,0.6363636363636364,58,58,1502618806,200,1.1719037000002572,none
lstm_attention,fold_3,bull,High_W,1.164528252203208,0.024793388429752,58,58,1502618806,200,1.1719037000002572,none
lstm_attention,fold_3,bull,Low_W,0.5288625319839599,0.2231404958677686,58,58,1502618806,200,1.1719037000002572,none
lstm_attention,fold_3,bull,Close_W,0.8846202177359875,0.0991735537190082,58,58,1502618806,200,1.1719037000002572,none
lstm_attention,fold_3,bull,Volume_W,0.9841029135339152,0.0578512396694214,58,58,1502618806,200,1.1719037000002572,none
lstm_attention,fold_3,bull,Change_pct_W,0.6192252346767104,0.1818181818181818,58,58,1502618806,200,1.1719037000002572,none
lstm_attention,fold_3,bull,Open_M,0.3172481680510702,0.3636363636363636,58,58,1502618806,200,1.1719037000002572,none
lstm_attention,fold_3,bull,High_M,0.5897146302954281,0.2066115702479339,58,58,1502618806,200,1.1719037000002572,none
lstm_attention,fold_3,bull,Low_M,0.9101058604613204,0.0909090909090909,58,58,1502618806,200,1.1719037000002572,none
lstm_attention,fold_3,bull,Close_M,0.180470961881681,0.5702479338842975,58,58,1502618806,200,1.1719037000002572,none
lstm_attention,fold_3,bull,Volume_M,0.4564058994823176,0.2727272727272727,58,58,1502618806,200,1.1719037000002572,none
lstm_attention,fold_3,bull,Change_pct_M,0.1979689744038704,0.5371900826446281,58,58,1502618806,200,1.1719037000002572,none
lstm_attention,fold_3,bull,Close_D_lag1,0.4179064163456446,0.2892561983471074,58,58,1502618806,200,1.1719037000002572,none
lstm_attention,fold_3,bull,Close_D_lag2,0.5292789580551848,0.2148760330578512,58,58,1502618806,200,1.1719037000002572,none
lstm_attention,fold_3,bull,Close_D_lag3,0.0893875089934665,0.8181818181818182,58,58,1502618806,200,1.1719037000002572,none
lstm_attention,fold_3,bull,Close_D_lag5,0.6969631892210475,0.1322314049586777,58,58,1502618806,200,1.1719037000002572,none
lstm_attention,fold_3,bull,Close_D_lag10,0.4841387987650674,0.2479338842975206,58,58,1502618806,200,1.1719037000002572,none
lstm_attention,fold_3,bull,Close_D_lag20,0.3309382181328805,0.3471074380165289,58,58,1502618806,200,1.1719037000002572,none
lstm_attention,fold_3,bull,Close_D_lag60,0.485905096404142,0.2396694214876033,58,58,1502618806,200,1.1719037000002572,none
lstm_attention,fold_3,bull,Change_pct_D_lag1,0.1385621008018069,0.6942148760330579,58,58,1502618806,200,1.1719037000002572,none
lstm_attention,fold_3,bull,Change_pct_D_lag2,0.1931066803495421,0.5454545454545454,58,58,1502618806,200,1.1719037000002572,none
lstm_attention,fold_3,bull,Change_pct_D_lag3,0.1012749133487322,0.7851239669421488,58,58,1502618806,200,1.1719037000002572,none
lstm_attention,fold_3,bull,Change_pct_D_lag5,0.1904644443230264,0.5537190082644629,58,58,1502618806,200,1.1719037000002572,none
lstm_attention,fold_3,bull,Change_pct_D_lag10,0.1769653240784652,0.5867768595041323,58,58,1502618806,200,1.1719037000002572,none
lstm_attention,fold_3,bull,Change_pct_D_lag20,0.2562649923265843,0.4214876033057851,58,58,1502618806,200,1.1719037000002572,none
lstm_attention,fold_3,bull,Volume_D_lag1,0.3449986497441543,0.3305785123966942,58,58,1502618806,200,1.1719037000002572,none
lstm_attention,fold_3,bull,Volume_D_lag2,0.0613315795672188,0.8842975206611571,58,58,1502618806,200,1.1719037000002572,none
lstm_attention,fold_3,bull,Volume_D_lag3,0.0976721274385611,0.8016528925619835,58,58,1502618806,200,1.1719037000002572,none
lstm_attention,fold_3,bull,Volume_D_lag5,0.1473135981969666,0.6528925619834711,58,58,1502618806,200,1.1719037000002572,none
lstm_attention,fold_3,bull,Volume_D_lag10,0.1182918751627767,0.743801652892562,58,58,1502618806,200,1.1719037000002572,none
lstm_attention,fold_3,bull,Volume_D_lag20,0.0481239508821655,0.9256198347107438,58,58,1502618806,200,1.1719037000002572,none
lstm_attention,fold_3,bull,Close_W_lag1,0.1653208706304902,0.6115702479338843,58,58,1502618806,200,1.1719037000002572,none
lstm_attention,fold_3,bull,Close_W_lag2,0.4807954321944572,0.256198347107438,58,58,1502618806,200,1.1719037000002572,none
lstm_attention,fold_3,bull,Close_W_lag4,0.6887726600755584,0.140495867768595,58,58,1502618806,200,1.1719037000002572,none
lstm_attention,fold_3,bull,Close_M_lag1,0.6342989473394921,0.1735537190082644,58,58,1502618806,200,1.1719037000002572,none
lstm_attention,fold_3,bull,Close_M_lag3,0.7372207531095322,0.1157024793388429,58,58,1502618806,200,1.1719037000002572,none
lstm_attention,fold_3,bull,Return_1D,0.1155454552776971,0.7603305785123967,58,58,1502618806,200,1.1719037000002572,none
lstm_attention,fold_3,bull,Return_3D,0.020911617250326,0.9917355371900828,58,58,1502618806,200,1.1719037000002572,none
lstm_attention,fold_3,bull,Return_5D,0.0476951606859074,0.9338842975206612,58,58,1502618806,200,1.1719037000002572,none
lstm_attention,fold_3,bull,Return_10D,0.2079750721274367,0.4958677685950413,58,58,1502618806,200,1.1719037000002572,none
lstm_attention,fold_3,bull,Return_20D,0.2647782174757406,0.4049586776859504,58,58,1502618806,200,1.1719037000002572,none
lstm_attention,fold_3,bull,Return_60D,0.2042524689093092,0.512396694214876,58,58,1502618806,200,1.1719037000002572,none
lstm_attention,fold_3,bull,SMA_5,0.2853439077229143,0.3884297520661157,58,58,1502618806,200,1.1719037000002572,none
lstm_attention,fold_3,bull,SMA_10,0.911572337232466,0.0826446280991735,58,58,1502618806,200,1.1719037000002572,none
lstm_attention,fold_3,bull,SMA_20,0.9730869229995356,0.0743801652892562,58,58,1502618806,200,1.1719037000002572,none
lstm_attention,fold_3,bull,SMA_60,0.0990876630020873,0.7933884297520661,58,58,1502618806,200,1.1719037000002572,none
lstm_attention,fold_3,bull,Close_to_SMA_5,0.3670202034231963,0.3223140495867768,58,58,1502618806,200,1.1719037000002572,none
lstm_attention,fold_3,bull,Close_to_SMA_10,0.2119895496669351,0.4876033057851239,58,58,1502618806,200,1.1719037000002572,none
lstm_attention,fold_3,bull,Close_to_SMA_20,0.2010215157413642,0.5206611570247934,58,58,1502618806,200,1.1719037000002572,none
lstm_attention,fold_3,bull,Close_to_SMA_60,0.7185096936844337,0.1239669421487603,58,58,1502618806,200,1.1719037000002572,none
lstm_attention,fold_3,bull,Volatility_5,0.5160822433215406,0.2314049586776859,58,58,1502618806,200,1.1719037000002572,none
lstm_attention,fold_3,bull,Volatility_10,0.6646665205791437,0.1570247933884297,58,58,1502618806,200,1.1719037000002572,none
lstm_attention,fold_3,bull,Volatility_20,0.3808412478827261,0.3057851239669421,58,58,1502618806,200,1.1719037000002572,none
lstm_attention,fold_3,bull,Volatility_60,0.1291745390491369,0.7107438016528925,58,58,1502618806,200,1.1719037000002572,none
lstm_attention,fold_3,bull,Momentum_5,0.4437535036091315,0.2809917355371901,58,58,1502618806,200,1.1719037000002572,none
lstm_attention,fold_3,bull,Momentum_10,0.3216892312855885,0.3553719008264462,58,58,1502618806,200,1.1719037000002572,none
lstm_attention,fold_3,bull,Momentum_20,0.2277538033417307,0.4545454545454545,58,58,1502618806,200,1.1719037000002572,none
lstm_attention,fold_3,bull,Momentum_60,0.1166706188910399,0.7520661157024794,58,58,1502618806,200,1.1719037000002572,none
lstm_attention,fold_3,bull,ROC_5,0.3373335931991184,0.3388429752066115,58,58,1502618806,200,1.1719037000002572,none
lstm_attention,fold_3,bull,ROC_10,0.1984662055697519,0.5289256198347108,58,58,1502618806,200,1.1719037000002572,none
lstm_attention,fold_3,bull,ROC_20,0.308903360134269,0.371900826446281,58,58,1502618806,200,1.1719037000002572,none
lstm_attention,fold_3,bull,ROC_60,0.2483044234043737,0.4380165289256198,58,58,1502618806,200,1.1719037000002572,none
lstm_attention,fold_3,bull,Ratio_Close_D_to_W,0.0329354640165673,0.9586776859504132,58,58,1502618806,200,1.1719037000002572,none
lstm_attention,fold_3,bull,Ratio_Close_D_to_M,0.2374615962506454,0.4462809917355372,58,58,1502618806,200,1.1719037000002572,none
lstm_attention,fold_3,bull,Ratio_Volume_D_to_W,0.0313908380032256,0.975206611570248,58,58,1502618806,200,1.1719037000002572,none
lstm_attention,fold_3,bull,Spread_D,0.0495591443888519,0.9090909090909092,58,58,1502618806,200,1.1719037000002572,none
lstm_attention,fold_3,bull,Body_D,0.1451441862487439,0.6694214876033058,58,58,1502618806,200,1.1719037000002572,none
lstm_attention,fold_3,bull,Body_abs_D,0.0726030219502028,0.8512396694214877,58,58,1502618806,200,1.1719037000002572,none
lstm_attention,fold_3,bull,Upper_Shadow_D,0.0460446249488776,0.9421487603305784,58,58,1502618806,200,1.1719037000002572,none
lstm_attention,fold_3,bull,Lower_Shadow_D,0.0151048659848295,1.0,58,58,1502618806,200,1.1719037000002572,none
lstm_attention,fold_3,bull,Body_to_Range_D,0.1196262974355312,0.7355371900826446,58,58,1502618806,200,1.1719037000002572,none
lstm_attention,fold_3,bull,Close_Position_D,0.2807040041961139,0.396694214876033,58,58,1502618806,200,1.1719037000002572,none
lstm_attention,fold_3,bull,Spread_W,0.1658775889037221,0.5950413223140496,58,58,1502618806,200,1.1719037000002572,none
lstm_attention,fold_3,bull,Body_W,0.0501181774588919,0.9008264462809916,58,58,1502618806,200,1.1719037000002572,none
lstm_attention,fold_3,bull,Close_Position_W,0.1448261239638166,0.6776859504132231,58,58,1502618806,200,1.1719037000002572,none
lstm_attention,fold_3,bull,Spread_M,1.1344711976683828,0.0330578512396694,58,58,1502618806,200,1.1719037000002572,none
lstm_attention,fold_3,bull,Body_M,0.6720147412392744,0.1487603305785124,58,58,1502618806,200,1.1719037000002572,none
lstm_attention,fold_3,bull,Close_Position_M,0.3798429297813182,0.3140495867768595,58,58,1502618806,200,1.1719037000002572,none
lstm_attention,fold_3,bull,Volume_MA_5,1.1229123070005105,0.0413223140495867,58,58,1502618806,200,1.1719037000002572,none
lstm_attention,fold_3,bull,Volume_MA_20,0.2158658278073587,0.4710743801652892,58,58,1502618806,200,1.1719037000002572,none
lstm_attention,fold_3,bull,Volume_Ratio_5,0.1657198394913676,0.6033057851239669,58,58,1502618806,200,1.1719037000002572,none
lstm_attention,fold_3,bull,Volume_Ratio_20,0.0653627722579554,0.859504132231405,58,58,1502618806,200,1.1719037000002572,none
lstm_attention,fold_3,bull,Volume_Change_1D,0.0808529257108728,0.8347107438016529,58,58,1502618806,200,1.1719037000002572,none
lstm_attention,fold_3,bull,Volume_Change_5D,0.0896367406802596,0.8099173553719008,58,58,1502618806,200,1.1719037000002572,none
lstm_attention,fold_3,bull,Volume_Change_20D,0.0324431357685774,0.9669421487603306,58,58,1502618806,200,1.1719037000002572,none
lstm_attention,fold_3,bull,Direction_lag1,0.6182610417581725,0.1900826446280991,58,58,1502618806,200,1.1719037000002572,none
lstm_attention,fold_3,bull,Direction_lag2,0.1597327623623202,0.6198347107438017,58,58,1502618806,200,1.1719037000002572,none
lstm_attention,fold_3,bull,Direction_lag3,0.157415659744019,0.628099173553719,58,58,1502618806,200,1.1719037000002572,none
lstm_attention,fold_3,bull,Direction_lag5,0.4691724210271034,0.2644628099173554,58,58,1502618806,200,1.1719037000002572,none
lstm_attention,fold_3,bull,Up_Ratio_5,0.1785553244183418,0.5785123966942148,58,58,1502618806,200,1.1719037000002572,none
lstm_attention,fold_3,bull,Up_Ratio_10,0.0484325523454603,0.9173553719008264,58,58,1502618806,200,1.1719037000002572,none
lstm_attention,fold_3,bull,Up_Ratio_20,0.1489513653785001,0.6446280991735537,58,58,1502618806,200,1.1719037000002572,none
lstm_attention,fold_3,bull,Down_Ratio_5,0.0648610502850135,0.8677685950413223,58,58,1502618806,200,1.1719037000002572,none
lstm_attention,fold_3,bull,Down_Ratio_10,0.1033348900112193,0.7768595041322314,58,58,1502618806,200,1.1719037000002572,none
lstm_attention,fold_3,bull,Down_Ratio_20,0.2633113026875874,0.4132231404958678,58,58,1502618806,200,1.1719037000002572,none
lstm_attention,fold_3,bull,WMA_5,0.0802923936637696,0.8429752066115702,58,58,1502618806,200,1.1719037000002572,none
lstm_attention,fold_3,bull,WMA_10,1.02013640503945,0.0495867768595041,58,58,1502618806,200,1.1719037000002572,none
lstm_attention,fold_3,bull,WMA_20,0.2872954052523465,0.3801652892561983,58,58,1502618806,200,1.1719037000002572,none
lstm_attention,fold_3,bull,WMA_60,1.2422330357455489,0.0165289256198347,58,58,1502618806,200,1.1719037000002572,none
lstm_attention,fold_3,bull,StochK_14,0.1076596121604184,0.768595041322314,58,58,1502618806,200,1.1719037000002572,none
lstm_attention,fold_3,bull,StochD_3,0.2045062577490672,0.5041322314049587,58,58,1502618806,200,1.1719037000002572,none
lstm_attention,fold_3,bull,RSI_14,0.0344162650072168,0.950413223140496,58,58,1502618806,200,1.1719037000002572,none
lstm_attention,fold_3,bull,MACD_12_26,0.2139440250274643,0.4793388429752066,58,58,1502618806,200,1.1719037000002572,none
lstm_attention,fold_3,bull,MACD_Signal_9,0.6085242047593808,0.1983471074380165,58,58,1502618806,200,1.1719037000002572,none
lstm_attention,fold_3,bull,MACD_Histogram,0.2553379682145713,0.4297520661157025,58,58,1502618806,200,1.1719037000002572,none
lstm_attention,fold_3,bull,WilliamsR_14,0.1359450427337613,0.7024793388429752,58,58,1502618806,200,1.1719037000002572,none
lstm_attention,fold_3,bull,CCI_20,0.0811154510043228,0.8264462809917356,58,58,1502618806,200,1.1719037000002572,none
lstm_attention,fold_3,bull,ADX_14,0.4120499126068196,0.2975206611570248,58,58,1502618806,200,1.1719037000002572,none
lstm_attention,fold_3,bull,PlusDI_14,0.0533051305413115,0.8925619834710744,58,58,1502618806,200,1.1719037000002572,none
lstm_attention,fold_3,bull,MinusDI_14,0.0268124191019084,0.9834710743801652,58,58,1502618806,200,1.1719037000002572,none
lstm_attention,fold_3,bull,VMD_IMF_1,0.1219090753166616,0.7272727272727273,58,58,1502618806,200,1.1719037000002572,none
lstm_attention,fold_3,bull,VMD_IMF_2,0.1265971680880064,0.71900826446281,58,58,1502618806,200,1.1719037000002572,none
lstm_attention,fold_3,bull,VMD_IMF_3,0.143539598450517,0.6859504132231405,58,58,1502618806,200,1.1719037000002572,none
lstm_attention,fold_3,bull,VMD_IMF_4,0.0639179785191894,0.8760330578512396,58,58,1502618806,200,1.1719037000002572,none
lstm_attention,fold_3,bull,VMD_Denoised_Close,0.1814099588169985,0.5619834710743802,58,58,1502618806,200,1.1719037000002572,none
lstm_attention,fold_3,bull,VMD_Noise_Energy_Ratio,2.511797012461566,0.0082644628099173,58,58,1502618806,200,1.1719037000002572,none
lstm_attention,fold_3,global,Open_D,0.8707892453188834,0.0165289256198347,242,128,126672062,200,3.0573166999965906,none
lstm_attention,fold_3,global,High_D,0.7353622722146611,0.0495867768595041,242,128,126672062,200,3.0573166999965906,none
lstm_attention,fold_3,global,Low_D,0.557852605258131,0.1074380165289256,242,128,126672062,200,3.0573166999965906,none
lstm_attention,fold_3,global,Close_D,12.866171195964194,0.0,242,128,126672062,200,3.0573166999965906,none
lstm_attention,fold_3,global,Volume_D,0.071415162273368,0.7933884297520661,242,128,126672062,200,3.0573166999965906,none
lstm_attention,fold_3,global,Change_pct_D,0.1833665065440669,0.4462809917355372,242,128,126672062,200,3.0573166999965906,none
lstm_attention,fold_3,global,Open_W,0.1185857894498156,0.6363636363636364,242,128,126672062,200,3.0573166999965906,none
lstm_attention,fold_3,global,High_W,0.839095995686057,0.024793388429752,242,128,126672062,200,3.0573166999965906,none
lstm_attention,fold_3,global,Low_W,0.472660668361425,0.1818181818181818,242,128,126672062,200,3.0573166999965906,none
lstm_attention,fold_3,global,Close_W,0.6867084000648447,0.0743801652892562,242,128,126672062,200,3.0573166999965906,none
lstm_attention,fold_3,global,Volume_W,0.5314822679789813,0.1239669421487603,242,128,126672062,200,3.0573166999965906,none
lstm_attention,fold_3,global,Change_pct_W,0.3812316057946077,0.2479338842975206,242,128,126672062,200,3.0573166999965906,none
lstm_attention,fold_3,global,Open_M,0.1433436379022438,0.5702479338842975,242,128,126672062,200,3.0573166999965906,none
lstm_attention,fold_3,global,High_M,0.3587564949682814,0.2727272727272727,242,128,126672062,200,3.0573166999965906,none
lstm_attention,fold_3,global,Low_M,0.5955403067073348,0.0909090909090909,242,128,126672062,200,3.0573166999965906,none
lstm_attention,fold_3,global,Close_M,0.1546844462711306,0.5206611570247934,242,128,126672062,200,3.0573166999965906,none
lstm_attention,fold_3,global,Volume_M,0.2869321620163488,0.3057851239669421,242,128,126672062,200,3.0573166999965906,none
lstm_attention,fold_3,global,Change_pct_M,0.1860756963491439,0.4297520661157025,242,128,126672062,200,3.0573166999965906,none
lstm_attention,fold_3,global,Close_D_lag1,0.4079007468294776,0.2066115702479339,242,128,126672062,200,3.0573166999965906,none
lstm_attention,fold_3,global,Close_D_lag2,0.4148992000875182,0.1983471074380165,242,128,126672062,200,3.0573166999965906,none
lstm_attention,fold_3,global,Close_D_lag3,0.0827329786580165,0.7603305785123967,242,128,126672062,200,3.0573166999965906,none
lstm_attention,fold_3,global,Close_D_lag5,0.499108777892934,0.1487603305785124,242,128,126672062,200,3.0573166999965906,none
lstm_attention,fold_3,global,Close_D_lag10,0.3686936779358802,0.2644628099173554,242,128,126672062,200,3.0573166999965906,none
lstm_attention,fold_3,global,Close_D_lag20,0.2524308104992087,0.3471074380165289,242,128,126672062,200,3.0573166999965906,none
lstm_attention,fold_3,global,Close_D_lag60,0.4382502598399697,0.1900826446280991,242,128,126672062,200,3.0573166999965906,none
lstm_attention,fold_3,global,Change_pct_D_lag1,0.1153480268956652,0.6528925619834711,242,128,126672062,200,3.0573166999965906,none
lstm_attention,fold_3,global,Change_pct_D_lag2,0.2062935073173889,0.396694214876033,242,128,126672062,200,3.0573166999965906,none
lstm_attention,fold_3,global,Change_pct_D_lag3,0.0798874442582217,0.7768595041322314,242,128,126672062,200,3.0573166999965906,none
lstm_attention,fold_3,global,Change_pct_D_lag5,0.1781442218674357,0.4710743801652892,242,128,126672062,200,3.0573166999965906,none
lstm_attention,fold_3,global,Change_pct_D_lag10,0.1517834780821289,0.5454545454545454,242,128,126672062,200,3.0573166999965906,none
lstm_attention,fold_3,global,Change_pct_D_lag20,0.1713178255487278,0.5041322314049587,242,128,126672062,200,3.0573166999965906,none
lstm_attention,fold_3,global,Volume_D_lag1,0.1794907585110524,0.4628099173553719,242,128,126672062,200,3.0573166999965906,none
lstm_attention,fold_3,global,Volume_D_lag2,0.0320228377855896,0.9586776859504132,242,128,126672062,200,3.0573166999965906,none
lstm_attention,fold_3,global,Volume_D_lag3,0.0476549911585699,0.9173553719008264,242,128,126672062,200,3.0573166999965906,none
lstm_attention,fold_3,global,Volume_D_lag5,0.0854261937551015,0.743801652892562,242,128,126672062,200,3.0573166999965906,none
lstm_attention,fold_3,global,Volume_D_lag10,0.0647437600455759,0.8512396694214877,242,128,126672062,200,3.0573166999965906,none
lstm_attention,fold_3,global,Volume_D_lag20,0.0610621235766238,0.8677685950413223,242,128,126672062,200,3.0573166999965906,none
lstm_attention,fold_3,global,Close_W_lag1,0.1024912017301105,0.7272727272727273,242,128,126672062,200,3.0573166999965906,none
lstm_attention,fold_3,global,Close_W_lag2,0.3456150804906429,0.2809917355371901,242,128,126672062,200,3.0573166999965906,none
lstm_attention,fold_3,global,Close_W_lag4,0.5794399110454833,0.0991735537190082,242,128,126672062,200,3.0573166999965906,none
lstm_attention,fold_3,global,Close_M_lag1,0.3882041440925604,0.2314049586776859,242,128,126672062,200,3.0573166999965906,none
lstm_attention,fold_3,global,Close_M_lag3,0.5191245568843442,0.140495867768595,242,128,126672062,200,3.0573166999965906,none
lstm_attention,fold_3,global,Return_1D,0.0916371655263159,0.7355371900826446,242,128,126672062,200,3.0573166999965906,none
lstm_attention,fold_3,global,Return_3D,0.0304180252913054,0.9669421487603306,242,128,126672062,200,3.0573166999965906,none
lstm_attention,fold_3,global,Return_5D,0.0457577408098046,0.9256198347107438,242,128,126672062,200,3.0573166999965906,none
lstm_attention,fold_3,global,Return_10D,0.2058035014179552,0.4049586776859504,242,128,126672062,200,3.0573166999965906,none
lstm_attention,fold_3,global,Return_20D,0.1710735955907637,0.512396694214876,242,128,126672062,200,3.0573166999965906,none
lstm_attention,fold_3,global,Return_60D,0.1545787088698517,0.5289256198347108,242,128,126672062,200,3.0573166999965906,none
lstm_attention,fold_3,global,SMA_5,0.22761263846524,0.3553719008264462,242,128,126672062,200,3.0573166999965906,none
lstm_attention,fold_3,global,SMA_10,0.687989918961415,0.0661157024793388,242,128,126672062,200,3.0573166999965906,none
lstm_attention,fold_3,global,SMA_20,0.6251832862290939,0.0826446280991735,242,128,126672062,200,3.0573166999965906,none
lstm_attention,fold_3,global,SMA_60,0.1197448875731595,0.628099173553719,242,128,126672062,200,3.0573166999965906,none
lstm_attention,fold_3,global,Close_to_SMA_5,0.2657950636779674,0.3305785123966942,242,128,126672062,200,3.0573166999965906,none
lstm_attention,fold_3,global,Close_to_SMA_10,0.1248278246768801,0.5950413223140496,242,128,126672062,200,3.0573166999965906,none
lstm_attention,fold_3,global,Close_to_SMA_20,0.1997667435776918,0.4132231404958678,242,128,126672062,200,3.0573166999965906,none
lstm_attention,fold_3,global,Close_to_SMA_60,0.4808032632658524,0.1652892561983471,242,128,126672062,200,3.0573166999965906,none
lstm_attention,fold_3,global,Volatility_5,0.4858025970124771,0.1570247933884297,242,128,126672062,200,3.0573166999965906,none
lstm_attention,fold_3,global,Volatility_10,0.3864221220742706,0.2396694214876033,242,128,126672062,200,3.0573166999965906,none
lstm_attention,fold_3,global,Volatility_20,0.3109394716575565,0.2975206611570248,242,128,126672062,200,3.0573166999965906,none
lstm_attention,fold_3,global,Volatility_60,0.1025788363659714,0.71900826446281,242,128,126672062,200,3.0573166999965906,none
lstm_attention,fold_3,global,Momentum_5,0.3284599991888172,0.2892561983471074,242,128,126672062,200,3.0573166999965906,none
lstm_attention,fold_3,global,Momentum_10,0.2192695494640972,0.371900826446281,242,128,126672062,200,3.0573166999965906,none
lstm_attention,fold_3,global,Momentum_20,0.2093898387313991,0.3884297520661157,242,128,126672062,200,3.0573166999965906,none
lstm_attention,fold_3,global,Momentum_60,0.1088123419228139,0.6859504132231405,242,128,126672062,200,3.0573166999965906,none
lstm_attention,fold_3,global,ROC_5,0.2594313984861822,0.3388429752066115,242,128,126672062,200,3.0573166999965906,none
lstm_attention,fold_3,global,ROC_10,0.1086565902268983,0.6942148760330579,242,128,126672062,200,3.0573166999965906,none
lstm_attention,fold_3,global,ROC_20,0.1837695617643589,0.4380165289256198,242,128,126672062,200,3.0573166999965906,none
lstm_attention,fold_3,global,ROC_60,0.176949466274624,0.4876033057851239,242,128,126672062,200,3.0573166999965906,none
lstm_attention,fold_3,global,Ratio_Close_D_to_W,0.0263681102440859,0.9834710743801652,242,128,126672062,200,3.0573166999965906,none
lstm_attention,fold_3,global,Ratio_Close_D_to_M,0.1075729916860694,0.7107438016528925,242,128,126672062,200,3.0573166999965906,none
lstm_attention,fold_3,global,Ratio_Volume_D_to_W,0.029089133205497,0.975206611570248,242,128,126672062,200,3.0573166999965906,none
lstm_attention,fold_3,global,Spread_D,0.0619568192640798,0.859504132231405,242,128,126672062,200,3.0573166999965906,none
lstm_attention,fold_3,global,Body_D,0.1085170126938948,0.7024793388429752,242,128,126672062,200,3.0573166999965906,none
lstm_attention,fold_3,global,Body_abs_D,0.068992723556235,0.8099173553719008,242,128,126672062,200,3.0573166999965906,none
lstm_attention,fold_3,global,Upper_Shadow_D,0.0421506250491302,0.9421487603305784,242,128,126672062,200,3.0573166999965906,none
lstm_attention,fold_3,global,Lower_Shadow_D,0.0104992640949259,1.0,242,128,126672062,200,3.0573166999965906,none
lstm_attention,fold_3,global,Body_to_Range_D,0.0810725289874911,0.768595041322314,242,128,126672062,200,3.0573166999965906,none
lstm_attention,fold_3,global,Close_Position_D,0.1775255894270742,0.4793388429752066,242,128,126672062,200,3.0573166999965906,none
lstm_attention,fold_3,global,Spread_W,0.2121008897727222,0.3801652892561983,242,128,126672062,200,3.0573166999965906,none
lstm_attention,fold_3,global,Body_W,0.0511953668123826,0.9008264462809916,242,128,126672062,200,3.0573166999965906,none
lstm_attention,fold_3,global,Close_Position_W,0.1727301898334189,0.4958677685950413,242,128,126672062,200,3.0573166999965906,none
lstm_attention,fold_3,global,Spread_M,0.6998120511686465,0.0578512396694214,242,128,126672062,200,3.0573166999965906,none
lstm_attention,fold_3,global,Body_M,0.3690080191866222,0.256198347107438,242,128,126672062,200,3.0573166999965906,none
lstm_attention,fold_3,global,Close_Position_M,0.3973148131772177,0.2231404958677686,242,128,126672062,200,3.0573166999965906,none
lstm_attention,fold_3,global,Volume_MA_5,0.5558148749396429,0.1157024793388429,242,128,126672062,200,3.0573166999965906,none
lstm_attention,fold_3,global,Volume_MA_20,0.1227345327341943,0.6033057851239669,242,128,126672062,200,3.0573166999965906,none
lstm_attention,fold_3,global,Volume_Ratio_5,0.1164923322944275,0.6446280991735537,242,128,126672062,200,3.0573166999965906,none
lstm_attention,fold_3,global,Volume_Ratio_20,0.0357898863779865,0.950413223140496,242,128,126672062,200,3.0573166999965906,none
lstm_attention,fold_3,global,Volume_Change_1D,0.0608975143816195,0.8760330578512396,242,128,126672062,200,3.0573166999965906,none
lstm_attention,fold_3,global,Volume_Change_5D,0.06710483894065,0.8429752066115702,242,128,126672062,200,3.0573166999965906,none
lstm_attention,fold_3,global,Volume_Change_20D,0.0230518747496741,0.9917355371900828,242,128,126672062,200,3.0573166999965906,none
lstm_attention,fold_3,global,Direction_lag1,0.4759509264205803,0.1735537190082644,242,128,126672062,200,3.0573166999965906,none
lstm_attention,fold_3,global,Direction_lag2,0.1522543928469417,0.5371900826446281,242,128,126672062,200,3.0573166999965906,none
lstm_attention,fold_3,global,Direction_lag3,0.1215655822894234,0.6198347107438017,242,128,126672062,200,3.0573166999965906,none
lstm_attention,fold_3,global,Direction_lag5,0.522217531987917,0.1322314049586777,242,128,126672062,200,3.0573166999965906,none
lstm_attention,fold_3,global,Up_Ratio_5,0.1312806471147496,0.5867768595041323,242,128,126672062,200,3.0573166999965906,none
lstm_attention,fold_3,global,Up_Ratio_10,0.0423332747366075,0.9338842975206612,242,128,126672062,200,3.0573166999965906,none
lstm_attention,fold_3,global,Up_Ratio_20,0.1379654529120472,0.5785123966942148,242,128,126672062,200,3.0573166999965906,none
lstm_attention,fold_3,global,Down_Ratio_5,0.0531039962096599,0.8925619834710744,242,128,126672062,200,3.0573166999965906,none
lstm_attention,fold_3,global,Down_Ratio_10,0.0842202350816201,0.7520661157024794,242,128,126672062,200,3.0573166999965906,none
lstm_attention,fold_3,global,Down_Ratio_20,0.2794662311020062,0.3223140495867768,242,128,126672062,200,3.0573166999965906,none
lstm_attention,fold_3,global,WMA_5,0.1101487631983445,0.6776859504132231,242,128,126672062,200,3.0573166999965906,none
lstm_attention,fold_3,global,WMA_10,0.82480093528211,0.0330578512396694,242,128,126672062,200,3.0573166999965906,none
lstm_attention,fold_3,global,WMA_20,0.1985277560973521,0.4214876033057851,242,128,126672062,200,3.0573166999965906,none
lstm_attention,fold_3,global,WMA_60,0.7962797025404142,0.0413223140495867,242,128,126672062,200,3.0573166999965906,none
lstm_attention,fold_3,global,StochK_14,0.111197774185905,0.6694214876033058,242,128,126672062,200,3.0573166999965906,none
lstm_attention,fold_3,global,StochD_3,0.2200446110129746,0.3636363636363636,242,128,126672062,200,3.0573166999965906,none
lstm_attention,fold_3,global,RSI_14,0.0605059279651811,0.8842975206611571,242,128,126672062,200,3.0573166999965906,none
lstm_attention,fold_3,global,MACD_12_26,0.1499759031988006,0.5537190082644629,242,128,126672062,200,3.0573166999965906,none
lstm_attention,fold_3,global,MACD_Signal_9,0.4059926073958735,0.2148760330578512,242,128,126672062,200,3.0573166999965906,none
lstm_attention,fold_3,global,MACD_Histogram,0.12192169021273,0.6115702479338843,242,128,126672062,200,3.0573166999965906,none
lstm_attention,fold_3,global,WilliamsR_14,0.1800987213036933,0.4545454545454545,242,128,126672062,200,3.0573166999965906,none
lstm_attention,fold_3,global,CCI_20,0.0685346108049373,0.8181818181818182,242,128,126672062,200,3.0573166999965906,none
lstm_attention,fold_3,global,ADX_14,0.2839333431327077,0.3140495867768595,242,128,126672062,200,3.0573166999965906,none
lstm_attention,fold_3,global,PlusDI_14,0.0677843707205397,0.8264462809917356,242,128,126672062,200,3.0573166999965906,none
lstm_attention,fold_3,global,MinusDI_14,0.0498194709980575,0.9090909090909092,242,128,126672062,200,3.0573166999965906,none
lstm_attention,fold_3,global,VMD_IMF_1,0.0792609925082331,0.7851239669421488,242,128,126672062,200,3.0573166999965906,none
lstm_attention,fold_3,global,VMD_IMF_2,0.1146462924606495,0.6611570247933884,242,128,126672062,200,3.0573166999965906,none
lstm_attention,fold_3,global,VMD_IMF_3,0.070314761091663,0.8016528925619835,242,128,126672062,200,3.0573166999965906,none
lstm_attention,fold_3,global,VMD_IMF_4,0.0676539816456109,0.8347107438016529,242,128,126672062,200,3.0573166999965906,none
lstm_attention,fold_3,global,VMD_Denoised_Close,0.1451990131482972,0.5619834710743802,242,128,126672062,200,3.0573166999965906,none
lstm_attention,fold_3,global,VMD_Noise_Energy_Ratio,1.180007481766705,0.0082644628099173,242,128,126672062,200,3.0573166999965906,none
lstm_attention,fold_3,sideway,Open_D,0.7208308874606155,0.0330578512396694,80,80,680634517,200,1.6290958000026876,none
lstm_attention,fold_3,sideway,High_D,0.6067461563122925,0.0578512396694214,80,80,680634517,200,1.6290958000026876,none
lstm_attention,fold_3,sideway,Low_D,0.4383599025761941,0.1487603305785124,80,80,680634517,200,1.6290958000026876,none
lstm_attention,fold_3,sideway,Close_D,11.186464334178458,0.0,80,80,680634517,200,1.6290958000026876,none
lstm_attention,fold_3,sideway,Volume_D,0.0694762310356165,0.7933884297520661,80,80,680634517,200,1.6290958000026876,none
lstm_attention,fold_3,sideway,Change_pct_D,0.1496169254498876,0.4710743801652892,80,80,680634517,200,1.6290958000026876,none
lstm_attention,fold_3,sideway,Open_W,0.0915157511517145,0.7024793388429752,80,80,680634517,200,1.6290958000026876,none
lstm_attention,fold_3,sideway,High_W,0.6738635927192081,0.0495867768595041,80,80,680634517,200,1.6290958000026876,none
lstm_attention,fold_3,sideway,Low_W,0.3497348784497444,0.2148760330578512,80,80,680634517,200,1.6290958000026876,none
lstm_attention,fold_3,sideway,Close_W,0.5605141471138996,0.0909090909090909,80,80,680634517,200,1.6290958000026876,none
lstm_attention,fold_3,sideway,Volume_W,0.5407600693961353,0.1074380165289256,80,80,680634517,200,1.6290958000026876,none
lstm_attention,fold_3,sideway,Change_pct_W,0.3366509521961177,0.2396694214876033,80,80,680634517,200,1.6290958000026876,none
lstm_attention,fold_3,sideway,Open_M,0.1365173830966068,0.5289256198347108,80,80,680634517,200,1.6290958000026876,none
lstm_attention,fold_3,sideway,High_M,0.2582441701355037,0.2975206611570248,80,80,680634517,200,1.6290958000026876,none
lstm_attention,fold_3,sideway,Low_M,0.5704167755594244,0.0826446280991735,80,80,680634517,200,1.6290958000026876,none
lstm_attention,fold_3,sideway,Close_M,0.142871300716506,0.5206611570247934,80,80,680634517,200,1.6290958000026876,none
lstm_attention,fold_3,sideway,Volume_M,0.415104506208171,0.1652892561983471,80,80,680634517,200,1.6290958000026876,none
lstm_attention,fold_3,sideway,Change_pct_M,0.12647848733307,0.5537190082644629,80,80,680634517,200,1.6290958000026876,none
lstm_attention,fold_3,sideway,Close_D_lag1,0.3337218692700844,0.256198347107438,80,80,680634517,200,1.6290958000026876,none
lstm_attention,fold_3,sideway,Close_D_lag2,0.3337337023019791,0.2479338842975206,80,80,680634517,200,1.6290958000026876,none
lstm_attention,fold_3,sideway,Close_D_lag3,0.0704752831079997,0.7851239669421488,80,80,680634517,200,1.6290958000026876,none
lstm_attention,fold_3,sideway,Close_D_lag5,0.4047216053613374,0.1735537190082644,80,80,680634517,200,1.6290958000026876,none
lstm_attention,fold_3,sideway,Close_D_lag10,0.3065611873948364,0.2727272727272727,80,80,680634517,200,1.6290958000026876,none
lstm_attention,fold_3,sideway,Close_D_lag20,0.2270175178785575,0.3140495867768595,80,80,680634517,200,1.6290958000026876,none
lstm_attention,fold_3,sideway,Close_D_lag60,0.5711941305993241,0.0743801652892562,80,80,680634517,200,1.6290958000026876,none
lstm_attention,fold_3,sideway,Change_pct_D_lag1,0.0899578358388134,0.7107438016528925,80,80,680634517,200,1.6290958000026876,none
lstm_attention,fold_3,sideway,Change_pct_D_lag2,0.1695323570891014,0.4049586776859504,80,80,680634517,200,1.6290958000026876,none
lstm_attention,fold_3,sideway,Change_pct_D_lag3,0.0751832155844319,0.768595041322314,80,80,680634517,200,1.6290958000026876,none
lstm_attention,fold_3,sideway,Change_pct_D_lag5,0.1607762276299672,0.4214876033057851,80,80,680634517,200,1.6290958000026876,none
lstm_attention,fold_3,sideway,Change_pct_D_lag10,0.1519131320098088,0.4462809917355372,80,80,680634517,200,1.6290958000026876,none
lstm_attention,fold_3,sideway,Change_pct_D_lag20,0.1838858252493833,0.3636363636363636,80,80,680634517,200,1.6290958000026876,none
lstm_attention,fold_3,sideway,Volume_D_lag1,0.1757895616090741,0.396694214876033,80,80,680634517,200,1.6290958000026876,none
lstm_attention,fold_3,sideway,Volume_D_lag2,0.0338179815564747,0.9421487603305784,80,80,680634517,200,1.6290958000026876,none
lstm_attention,fold_3,sideway,Volume_D_lag3,0.051619254600971,0.8677685950413223,80,80,680634517,200,1.6290958000026876,none
lstm_attention,fold_3,sideway,Volume_D_lag5,0.0973482134000778,0.6776859504132231,80,80,680634517,200,1.6290958000026876,none
lstm_attention,fold_3,sideway,Volume_D_lag10,0.0860419563467712,0.7272727272727273,80,80,680634517,200,1.6290958000026876,none
lstm_attention,fold_3,sideway,Volume_D_lag20,0.0952229200433794,0.6859504132231405,80,80,680634517,200,1.6290958000026876,none
lstm_attention,fold_3,sideway,Close_W_lag1,0.0814916294545128,0.7355371900826446,80,80,680634517,200,1.6290958000026876,none
lstm_attention,fold_3,sideway,Close_W_lag2,0.2927061060769483,0.2809917355371901,80,80,680634517,200,1.6290958000026876,none
lstm_attention,fold_3,sideway,Close_W_lag4,0.4579480174620403,0.140495867768595,80,80,680634517,200,1.6290958000026876,none
lstm_attention,fold_3,sideway,Close_M_lag1,0.3471411599265411,0.2231404958677686,80,80,680634517,200,1.6290958000026876,none
lstm_attention,fold_3,sideway,Close_M_lag3,0.4234098751598503,0.1570247933884297,80,80,680634517,200,1.6290958000026876,none
lstm_attention,fold_3,sideway,Return_1D,0.0658380896058111,0.8099173553719008,80,80,680634517,200,1.6290958000026876,none
lstm_attention,fold_3,sideway,Return_3D,0.0127921198083434,0.9917355371900828,80,80,680634517,200,1.6290958000026876,none
lstm_attention,fold_3,sideway,Return_5D,0.0387696023967049,0.9008264462809916,80,80,680634517,200,1.6290958000026876,none
lstm_attention,fold_3,sideway,Return_10D,0.1023624337952598,0.628099173553719,80,80,680634517,200,1.6290958000026876,none
lstm_attention,fold_3,sideway,Return_20D,0.1246901479018379,0.5619834710743802,80,80,680634517,200,1.6290958000026876,none
lstm_attention,fold_3,sideway,Return_60D,0.1630985740225105,0.4132231404958678,80,80,680634517,200,1.6290958000026876,none
lstm_attention,fold_3,sideway,SMA_5,0.1836759995610918,0.371900826446281,80,80,680634517,200,1.6290958000026876,none
lstm_attention,fold_3,sideway,SMA_10,0.5516771392617374,0.0991735537190082,80,80,680634517,200,1.6290958000026876,none
lstm_attention,fold_3,sideway,SMA_20,0.5252521554613486,0.1157024793388429,80,80,680634517,200,1.6290958000026876,none
lstm_attention,fold_3,sideway,SMA_60,0.1223957121685089,0.5702479338842975,80,80,680634517,200,1.6290958000026876,none
lstm_attention,fold_3,sideway,Close_to_SMA_5,0.202683590034037,0.3471074380165289,80,80,680634517,200,1.6290958000026876,none
lstm_attention,fold_3,sideway,Close_to_SMA_10,0.0983132648853506,0.6694214876033058,80,80,680634517,200,1.6290958000026876,none
lstm_attention,fold_3,sideway,Close_to_SMA_20,0.1037988827832498,0.6198347107438017,80,80,680634517,200,1.6290958000026876,none
lstm_attention,fold_3,sideway,Close_to_SMA_60,0.3541390732514438,0.1983471074380165,80,80,680634517,200,1.6290958000026876,none
lstm_attention,fold_3,sideway,Volatility_5,0.3526944251051736,0.2066115702479339,80,80,680634517,200,1.6290958000026876,none
lstm_attention,fold_3,sideway,Volatility_10,0.3683836920735939,0.1900826446280991,80,80,680634517,200,1.6290958000026876,none
lstm_attention,fold_3,sideway,Volatility_20,0.2596147787018162,0.2892561983471074,80,80,680634517,200,1.6290958000026876,none
lstm_attention,fold_3,sideway,Volatility_60,0.1152035647470347,0.5950413223140496,80,80,680634517,200,1.6290958000026876,none
lstm_attention,fold_3,sideway,Momentum_5,0.2582361195770227,0.3057851239669421,80,80,680634517,200,1.6290958000026876,none
lstm_attention,fold_3,sideway,Momentum_10,0.1478235869174148,0.4793388429752066,80,80,680634517,200,1.6290958000026876,none
lstm_attention,fold_3,sideway,Momentum_20,0.1465715355215434,0.4876033057851239,80,80,680634517,200,1.6290958000026876,none
lstm_attention,fold_3,sideway,Momentum_60,0.0998210787546872,0.6611570247933884,80,80,680634517,200,1.6290958000026876,none
lstm_attention,fold_3,sideway,ROC_5,0.1799368934571384,0.3884297520661157,80,80,680634517,200,1.6290958000026876,none
lstm_attention,fold_3,sideway,ROC_10,0.0753391626676857,0.7603305785123967,80,80,680634517,200,1.6290958000026876,none
lstm_attention,fold_3,sideway,ROC_20,0.1460772799087863,0.5041322314049587,80,80,680634517,200,1.6290958000026876,none
lstm_attention,fold_3,sideway,ROC_60,0.215045906108881,0.3223140495867768,80,80,680634517,200,1.6290958000026876,none
lstm_attention,fold_3,sideway,Ratio_Close_D_to_W,0.0168049733515181,0.9834710743801652,80,80,680634517,200,1.6290958000026876,none
lstm_attention,fold_3,sideway,Ratio_Close_D_to_M,0.0635512161580982,0.8181818181818182,80,80,680634517,200,1.6290958000026876,none
lstm_attention,fold_3,sideway,Ratio_Volume_D_to_W,0.0374934028266306,0.9173553719008264,80,80,680634517,200,1.6290958000026876,none
lstm_attention,fold_3,sideway,Spread_D,0.0439268207868963,0.8842975206611571,80,80,680634517,200,1.6290958000026876,none
lstm_attention,fold_3,sideway,Body_D,0.1005042021108374,0.6363636363636364,80,80,680634517,200,1.6290958000026876,none
lstm_attention,fold_3,sideway,Body_abs_D,0.057886416240517,0.8347107438016529,80,80,680634517,200,1.6290958000026876,none
lstm_attention,fold_3,sideway,Upper_Shadow_D,0.0376070560866236,0.9090909090909092,80,80,680634517,200,1.6290958000026876,none
lstm_attention,fold_3,sideway,Lower_Shadow_D,0.0095729831940963,1.0,80,80,680634517,200,1.6290958000026876,none
lstm_attention,fold_3,sideway,Body_to_Range_D,0.0766304182119847,0.7520661157024794,80,80,680634517,200,1.6290958000026876,none
lstm_attention,fold_3,sideway,Close_Position_D,0.1919543808287198,0.3553719008264462,80,80,680634517,200,1.6290958000026876,none
lstm_attention,fold_3,sideway,Spread_W,0.1450386874253445,0.512396694214876,80,80,680634517,200,1.6290958000026876,none
lstm_attention,fold_3,sideway,Body_W,0.0418970822551523,0.8925619834710744,80,80,680634517,200,1.6290958000026876,none
lstm_attention,fold_3,sideway,Close_Position_W,0.1462859159472282,0.4958677685950413,80,80,680634517,200,1.6290958000026876,none
lstm_attention,fold_3,sideway,Spread_M,0.8330555801236187,0.0165289256198347,80,80,680634517,200,1.6290958000026876,none
lstm_attention,fold_3,sideway,Body_M,0.3811666308400561,0.1818181818181818,80,80,680634517,200,1.6290958000026876,none
lstm_attention,fold_3,sideway,Close_Position_M,0.3216783904324984,0.2644628099173554,80,80,680634517,200,1.6290958000026876,none
lstm_attention,fold_3,sideway,Volume_MA_5,0.5773601563242482,0.0661157024793388,80,80,680634517,200,1.6290958000026876,none
lstm_attention,fold_3,sideway,Volume_MA_20,0.1543823939929598,0.4380165289256198,80,80,680634517,200,1.6290958000026876,none
lstm_attention,fold_3,sideway,Volume_Ratio_5,0.1169531024585694,0.5867768595041323,80,80,680634517,200,1.6290958000026876,none
lstm_attention,fold_3,sideway,Volume_Ratio_20,0.0306306947880094,0.950413223140496,80,80,680634517,200,1.6290958000026876,none
lstm_attention,fold_3,sideway,Volume_Change_1D,0.058704481769123,0.8264462809917356,80,80,680634517,200,1.6290958000026876,none
lstm_attention,fold_3,sideway,Volume_Change_5D,0.0665514969807702,0.8016528925619835,80,80,680634517,200,1.6290958000026876,none
lstm_attention,fold_3,sideway,Volume_Change_20D,0.0187215649099539,0.975206611570248,80,80,680634517,200,1.6290958000026876,none
lstm_attention,fold_3,sideway,Direction_lag1,0.4807972185382459,0.1322314049586777,80,80,680634517,200,1.6290958000026876,none
lstm_attention,fold_3,sideway,Direction_lag2,0.1503696625069642,0.4545454545454545,80,80,680634517,200,1.6290958000026876,none
lstm_attention,fold_3,sideway,Direction_lag3,0.1136389377603427,0.6033057851239669,80,80,680634517,200,1.6290958000026876,none
lstm_attention,fold_3,sideway,Direction_lag5,0.5128747962461785,0.1239669421487603,80,80,680634517,200,1.6290958000026876,none
lstm_attention,fold_3,sideway,Up_Ratio_5,0.1291907305807944,0.5454545454545454,80,80,680634517,200,1.6290958000026876,none
lstm_attention,fold_3,sideway,Up_Ratio_10,0.0363488079169178,0.9338842975206612,80,80,680634517,200,1.6290958000026876,none
lstm_attention,fold_3,sideway,Up_Ratio_20,0.1043518139606317,0.6115702479338843,80,80,680634517,200,1.6290958000026876,none
lstm_attention,fold_3,sideway,Down_Ratio_5,0.0568790906329468,0.8429752066115702,80,80,680634517,200,1.6290958000026876,none
lstm_attention,fold_3,sideway,Down_Ratio_10,0.077716163783329,0.743801652892562,80,80,680634517,200,1.6290958000026876,none
lstm_attention,fold_3,sideway,Down_Ratio_20,0.2087553484129876,0.3388429752066115,80,80,680634517,200,1.6290958000026876,none
lstm_attention,fold_3,sideway,WMA_5,0.0896197644983021,0.71900826446281,80,80,680634517,200,1.6290958000026876,none
lstm_attention,fold_3,sideway,WMA_10,0.6866375554795376,0.0413223140495867,80,80,680634517,200,1.6290958000026876,none
lstm_attention,fold_3,sideway,WMA_20,0.1588567440987664,0.4297520661157025,80,80,680634517,200,1.6290958000026876,none
lstm_attention,fold_3,sideway,WMA_60,0.7515994700905867,0.024793388429752,80,80,680634517,200,1.6290958000026876,none
lstm_attention,fold_3,sideway,StochK_14,0.0930557167096776,0.6942148760330579,80,80,680634517,200,1.6290958000026876,none
lstm_attention,fold_3,sideway,StochD_3,0.1817800620013986,0.3801652892561983,80,80,680634517,200,1.6290958000026876,none
lstm_attention,fold_3,sideway,RSI_14,0.0294540946227152,0.9586776859504132,80,80,680634517,200,1.6290958000026876,none
lstm_attention,fold_3,sideway,MACD_12_26,0.121295491182114,0.5785123966942148,80,80,680634517,200,1.6290958000026876,none
lstm_attention,fold_3,sideway,MACD_Signal_9,0.3468387487027553,0.2314049586776859,80,80,680634517,200,1.6290958000026876,none
lstm_attention,fold_3,sideway,MACD_Histogram,0.0998909785890873,0.6446280991735537,80,80,680634517,200,1.6290958000026876,none
lstm_attention,fold_3,sideway,WilliamsR_14,0.1499443985162724,0.4628099173553719,80,80,680634517,200,1.6290958000026876,none
lstm_attention,fold_3,sideway,CCI_20,0.0504411127802904,0.8760330578512396,80,80,680634517,200,1.6290958000026876,none
lstm_attention,fold_3,sideway,ADX_14,0.2111057849713142,0.3305785123966942,80,80,680634517,200,1.6290958000026876,none
lstm_attention,fold_3,sideway,PlusDI_14,0.0368445291532225,0.9256198347107438,80,80,680634517,200,1.6290958000026876,none
lstm_attention,fold_3,sideway,MinusDI_14,0.0245738477339227,0.9669421487603306,80,80,680634517,200,1.6290958000026876,none
lstm_attention,fold_3,sideway,VMD_IMF_1,0.0735520497795846,0.7768595041322314,80,80,680634517,200,1.6290958000026876,none
lstm_attention,fold_3,sideway,VMD_IMF_2,0.0998622824873746,0.6528925619834711,80,80,680634517,200,1.6290958000026876,none
lstm_attention,fold_3,sideway,VMD_IMF_3,0.0537317515221366,0.859504132231405,80,80,680634517,200,1.6290958000026876,none
lstm_attention,fold_3,sideway,VMD_IMF_4,0.0544942021491817,0.8512396694214877,80,80,680634517,200,1.6290958000026876,none
lstm_attention,fold_3,sideway,VMD_Denoised_Close,0.1303724761195917,0.5371900826446281,80,80,680634517,200,1.6290958000026876,none
lstm_attention,fold_3,sideway,VMD_Noise_Energy_Ratio,1.4945735497755115,0.0082644628099173,80,80,680634517,200,1.6290958000026876,none
lstm_cnn,fold_1,bear,Open_D,0.1414652410393151,0.2066115702479339,78,78,386986505,200,1.9191190999990797,none
lstm_cnn,fold_1,bear,High_D,0.0386893346968405,0.5950413223140496,78,78,386986505,200,1.9191190999990797,none
lstm_cnn,fold_1,bear,Low_D,0.2407311647796096,0.1157024793388429,78,78,386986505,200,1.9191190999990797,none
lstm_cnn,fold_1,bear,Close_D,6.888582705157116,0.0,78,78,386986505,200,1.9191190999990797,none
lstm_cnn,fold_1,bear,Volume_D,0.0232567387064342,0.7520661157024794,78,78,386986505,200,1.9191190999990797,none
lstm_cnn,fold_1,bear,Change_pct_D,0.0385349376119171,0.6033057851239669,78,78,386986505,200,1.9191190999990797,none
lstm_cnn,fold_1,bear,Open_W,0.3096609563280184,0.0909090909090909,78,78,386986505,200,1.9191190999990797,none
lstm_cnn,fold_1,bear,High_W,0.0457138294195919,0.5289256198347108,78,78,386986505,200,1.9191190999990797,none
lstm_cnn,fold_1,bear,Low_W,0.2321518644038289,0.1322314049586777,78,78,386986505,200,1.9191190999990797,none
lstm_cnn,fold_1,bear,Close_W,0.2069547169770186,0.1735537190082644,78,78,386986505,200,1.9191190999990797,none
lstm_cnn,fold_1,bear,Volume_W,0.0105841217907482,0.9090909090909092,78,78,386986505,200,1.9191190999990797,none
lstm_cnn,fold_1,bear,Change_pct_W,0.0164992493970897,0.8760330578512396,78,78,386986505,200,1.9191190999990797,none
lstm_cnn,fold_1,bear,Open_M,0.2116852977004619,0.1487603305785124,78,78,386986505,200,1.9191190999990797,none
lstm_cnn,fold_1,bear,High_M,0.0932615648806882,0.3388429752066115,78,78,386986505,200,1.9191190999990797,none
lstm_cnn,fold_1,bear,Low_M,0.257099763623391,0.1074380165289256,78,78,386986505,200,1.9191190999990797,none
lstm_cnn,fold_1,bear,Close_M,0.5928563374094665,0.0165289256198347,78,78,386986505,200,1.9191190999990797,none
lstm_cnn,fold_1,bear,Volume_M,0.0226779808489691,0.7603305785123967,78,78,386986505,200,1.9191190999990797,none
lstm_cnn,fold_1,bear,Change_pct_M,0.0654277328234783,0.4380165289256198,78,78,386986505,200,1.9191190999990797,none
lstm_cnn,fold_1,bear,Close_D_lag1,0.2090239969440377,0.1652892561983471,78,78,386986505,200,1.9191190999990797,none
lstm_cnn,fold_1,bear,Close_D_lag2,0.0741821728741562,0.4049586776859504,78,78,386986505,200,1.9191190999990797,none
lstm_cnn,fold_1,bear,Close_D_lag3,0.2107407067493393,0.1570247933884297,78,78,386986505,200,1.9191190999990797,none
lstm_cnn,fold_1,bear,Close_D_lag5,0.1099570195262248,0.2892561983471074,78,78,386986505,200,1.9191190999990797,none
lstm_cnn,fold_1,bear,Close_D_lag10,0.0507099562064981,0.512396694214876,78,78,386986505,200,1.9191190999990797,none
lstm_cnn,fold_1,bear,Close_D_lag20,0.1167625606780866,0.256198347107438,78,78,386986505,200,1.9191190999990797,none
lstm_cnn,fold_1,bear,Close_D_lag60,0.0393493410692966,0.5785123966942148,78,78,386986505,200,1.9191190999990797,none
lstm_cnn,fold_1,bear,Change_pct_D_lag1,0.005324331670007,0.9834710743801652,78,78,386986505,200,1.9191190999990797,none
lstm_cnn,fold_1,bear,Change_pct_D_lag2,0.0217037753921361,0.7851239669421488,78,78,386986505,200,1.9191190999990797,none
lstm_cnn,fold_1,bear,Change_pct_D_lag3,0.0534424042497495,0.4793388429752066,78,78,386986505,200,1.9191190999990797,none
lstm_cnn,fold_1,bear,Change_pct_D_lag5,0.039969513865375,0.5702479338842975,78,78,386986505,200,1.9191190999990797,none
lstm_cnn,fold_1,bear,Change_pct_D_lag10,0.0401284675922607,0.5619834710743802,78,78,386986505,200,1.9191190999990797,none
lstm_cnn,fold_1,bear,Change_pct_D_lag20,0.017693282205245,0.8429752066115702,78,78,386986505,200,1.9191190999990797,none
lstm_cnn,fold_1,bear,Volume_D_lag1,0.0301856755859728,0.6859504132231405,78,78,386986505,200,1.9191190999990797,none
lstm_cnn,fold_1,bear,Volume_D_lag2,0.0316153653737075,0.6776859504132231,78,78,386986505,200,1.9191190999990797,none
lstm_cnn,fold_1,bear,Volume_D_lag3,0.0078968225650803,0.9586776859504132,78,78,386986505,200,1.9191190999990797,none
lstm_cnn,fold_1,bear,Volume_D_lag5,0.0327142835357615,0.6528925619834711,78,78,386986505,200,1.9191190999990797,none
lstm_cnn,fold_1,bear,Volume_D_lag10,0.0167447377080818,0.8677685950413223,78,78,386986505,200,1.9191190999990797,none
lstm_cnn,fold_1,bear,Volume_D_lag20,0.0286406616487983,0.7024793388429752,78,78,386986505,200,1.9191190999990797,none
lstm_cnn,fold_1,bear,Close_W_lag1,0.1110547309857793,0.2809917355371901,78,78,386986505,200,1.9191190999990797,none
lstm_cnn,fold_1,bear,Close_W_lag2,0.2922099146227806,0.0991735537190082,78,78,386986505,200,1.9191190999990797,none
lstm_cnn,fold_1,bear,Close_W_lag4,0.0295886999862607,0.6942148760330579,78,78,386986505,200,1.9191190999990797,none
lstm_cnn,fold_1,bear,Close_M_lag1,0.5416293026688389,0.0330578512396694,78,78,386986505,200,1.9191190999990797,none
lstm_cnn,fold_1,bear,Close_M_lag3,0.2358301529745893,0.1239669421487603,78,78,386986505,200,1.9191190999990797,none
lstm_cnn,fold_1,bear,Return_1D,0.0225168047209127,0.768595041322314,78,78,386986505,200,1.9191190999990797,none
lstm_cnn,fold_1,bear,Return_3D,0.0095002998502353,0.9338842975206612,78,78,386986505,200,1.9191190999990797,none
lstm_cnn,fold_1,bear,Return_5D,0.0339380814394877,0.6446280991735537,78,78,386986505,200,1.9191190999990797,none
lstm_cnn,fold_1,bear,Return_10D,0.0136119694476245,0.9008264462809916,78,78,386986505,200,1.9191190999990797,none
lstm_cnn,fold_1,bear,Return_20D,0.053278998344915,0.4876033057851239,78,78,386986505,200,1.9191190999990797,none
lstm_cnn,fold_1,bear,Return_60D,0.0451447757047366,0.5371900826446281,78,78,386986505,200,1.9191190999990797,none
lstm_cnn,fold_1,bear,SMA_5,0.4095889516413594,0.0578512396694214,78,78,386986505,200,1.9191190999990797,none
lstm_cnn,fold_1,bear,SMA_10,0.1279967701635681,0.2396694214876033,78,78,386986505,200,1.9191190999990797,none
lstm_cnn,fold_1,bear,SMA_20,0.082749908866277,0.371900826446281,78,78,386986505,200,1.9191190999990797,none
lstm_cnn,fold_1,bear,SMA_60,0.5790417785159289,0.024793388429752,78,78,386986505,200,1.9191190999990797,none
lstm_cnn,fold_1,bear,Close_to_SMA_5,0.008142790406217,0.950413223140496,78,78,386986505,200,1.9191190999990797,none
lstm_cnn,fold_1,bear,Close_to_SMA_10,0.0460184168876203,0.5206611570247934,78,78,386986505,200,1.9191190999990797,none
lstm_cnn,fold_1,bear,Close_to_SMA_20,0.0388386151497742,0.5867768595041323,78,78,386986505,200,1.9191190999990797,none
lstm_cnn,fold_1,bear,Close_to_SMA_60,0.1017467649607193,0.3057851239669421,78,78,386986505,200,1.9191190999990797,none
lstm_cnn,fold_1,bear,Volatility_5,0.0413468020775023,0.5537190082644629,78,78,386986505,200,1.9191190999990797,none
lstm_cnn,fold_1,bear,Volatility_10,0.0545093502075348,0.4710743801652892,78,78,386986505,200,1.9191190999990797,none
lstm_cnn,fold_1,bear,Volatility_20,0.0097964738672113,0.9256198347107438,78,78,386986505,200,1.9191190999990797,none
lstm_cnn,fold_1,bear,Volatility_60,0.0715434544262396,0.4132231404958678,78,78,386986505,200,1.9191190999990797,none
lstm_cnn,fold_1,bear,Momentum_5,0.015661341525677,0.8842975206611571,78,78,386986505,200,1.9191190999990797,none
lstm_cnn,fold_1,bear,Momentum_10,0.0318521850807929,0.6694214876033058,78,78,386986505,200,1.9191190999990797,none
lstm_cnn,fold_1,bear,Momentum_20,0.0284136580933492,0.7107438016528925,78,78,386986505,200,1.9191190999990797,none
lstm_cnn,fold_1,bear,Momentum_60,0.0879402536175173,0.3636363636363636,78,78,386986505,200,1.9191190999990797,none
lstm_cnn,fold_1,bear,ROC_5,0.0278750410470657,0.7272727272727273,78,78,386986505,200,1.9191190999990797,none
lstm_cnn,fold_1,bear,ROC_10,0.0364840309838142,0.6363636363636364,78,78,386986505,200,1.9191190999990797,none
lstm_cnn,fold_1,bear,ROC_20,0.1055269295423502,0.2975206611570248,78,78,386986505,200,1.9191190999990797,none
lstm_cnn,fold_1,bear,ROC_60,0.0375426517688771,0.628099173553719,78,78,386986505,200,1.9191190999990797,none
lstm_cnn,fold_1,bear,Ratio_Close_D_to_W,0.0169157260452691,0.859504132231405,78,78,386986505,200,1.9191190999990797,none
lstm_cnn,fold_1,bear,Ratio_Close_D_to_M,0.0664252326868756,0.4297520661157025,78,78,386986505,200,1.9191190999990797,none
lstm_cnn,fold_1,bear,Ratio_Volume_D_to_W,0.0048778271578609,1.0,78,78,386986505,200,1.9191190999990797,none
lstm_cnn,fold_1,bear,Spread_D,0.0088020171889364,0.9421487603305784,78,78,386986505,200,1.9191190999990797,none
lstm_cnn,fold_1,bear,Body_D,0.0070338578955265,0.9669421487603306,78,78,386986505,200,1.9191190999990797,none
lstm_cnn,fold_1,bear,Body_abs_D,0.0280165270116442,0.71900826446281,78,78,386986505,200,1.9191190999990797,none
lstm_cnn,fold_1,bear,Upper_Shadow_D,0.0142928437277567,0.8925619834710744,78,78,386986505,200,1.9191190999990797,none
lstm_cnn,fold_1,bear,Lower_Shadow_D,0.0051790332623072,0.9917355371900828,78,78,386986505,200,1.9191190999990797,none
lstm_cnn,fold_1,bear,Body_to_Range_D,0.1287578407347837,0.2314049586776859,78,78,386986505,200,1.9191190999990797,none
lstm_cnn,fold_1,bear,Close_Position_D,0.0326900962646504,0.6611570247933884,78,78,386986505,200,1.9191190999990797,none
lstm_cnn,fold_1,bear,Spread_W,0.0224453089024406,0.7768595041322314,78,78,386986505,200,1.9191190999990797,none
lstm_cnn,fold_1,bear,Body_W,0.0524470964188454,0.4958677685950413,78,78,386986505,200,1.9191190999990797,none
lstm_cnn,fold_1,bear,Close_Position_W,0.1312958101500836,0.2148760330578512,78,78,386986505,200,1.9191190999990797,none
lstm_cnn,fold_1,bear,Spread_M,0.0376437824208551,0.6198347107438017,78,78,386986505,200,1.9191190999990797,none
lstm_cnn,fold_1,bear,Body_M,0.1120577935691565,0.2727272727272727,78,78,386986505,200,1.9191190999990797,none
lstm_cnn,fold_1,bear,Close_Position_M,0.0269187403547943,0.743801652892562,78,78,386986505,200,1.9191190999990797,none
lstm_cnn,fold_1,bear,Volume_MA_5,0.0177217962613154,0.8347107438016529,78,78,386986505,200,1.9191190999990797,none
lstm_cnn,fold_1,bear,Volume_MA_20,0.0882978008251857,0.3553719008264462,78,78,386986505,200,1.9191190999990797,none
lstm_cnn,fold_1,bear,Volume_Ratio_5,0.080666239009328,0.3801652892561983,78,78,386986505,200,1.9191190999990797,none
lstm_cnn,fold_1,bear,Volume_Ratio_20,0.0434790313503369,0.5454545454545454,78,78,386986505,200,1.9191190999990797,none
lstm_cnn,fold_1,bear,Volume_Change_1D,0.0578123478437751,0.4628099173553719,78,78,386986505,200,1.9191190999990797,none
lstm_cnn,fold_1,bear,Volume_Change_5D,0.0202454970274618,0.8016528925619835,78,78,386986505,200,1.9191190999990797,none
lstm_cnn,fold_1,bear,Volume_Change_20D,0.0208582320520993,0.7933884297520661,78,78,386986505,200,1.9191190999990797,none
lstm_cnn,fold_1,bear,Direction_lag1,0.4493627884640143,0.0413223140495867,78,78,386986505,200,1.9191190999990797,none
lstm_cnn,fold_1,bear,Direction_lag2,0.2259649383937171,0.140495867768595,78,78,386986505,200,1.9191190999990797,none
lstm_cnn,fold_1,bear,Direction_lag3,0.119891018124858,0.2479338842975206,78,78,386986505,200,1.9191190999990797,none
lstm_cnn,fold_1,bear,Direction_lag5,0.1628902378456237,0.1983471074380165,78,78,386986505,200,1.9191190999990797,none
lstm_cnn,fold_1,bear,Up_Ratio_5,0.0983444262212381,0.3140495867768595,78,78,386986505,200,1.9191190999990797,none
lstm_cnn,fold_1,bear,Up_Ratio_10,0.0172587151950164,0.8512396694214877,78,78,386986505,200,1.9191190999990797,none
lstm_cnn,fold_1,bear,Up_Ratio_20,0.0197661691805974,0.8099173553719008,78,78,386986505,200,1.9191190999990797,none
lstm_cnn,fold_1,bear,Down_Ratio_5,0.0934390356547784,0.3305785123966942,78,78,386986505,200,1.9191190999990797,none
lstm_cnn,fold_1,bear,Down_Ratio_10,0.0702980111969037,0.4214876033057851,78,78,386986505,200,1.9191190999990797,none
lstm_cnn,fold_1,bear,Down_Ratio_20,0.0100386915282759,0.9173553719008264,78,78,386986505,200,1.9191190999990797,none
lstm_cnn,fold_1,bear,WMA_5,0.4122749553396342,0.0495867768595041,78,78,386986505,200,1.9191190999990797,none
lstm_cnn,fold_1,bear,WMA_10,0.3552109097297757,0.0743801652892562,78,78,386986505,200,1.9191190999990797,none
lstm_cnn,fold_1,bear,WMA_20,0.0523374712394424,0.5041322314049587,78,78,386986505,200,1.9191190999990797,none
lstm_cnn,fold_1,bear,WMA_60,0.8561546894029165,0.0082644628099173,78,78,386986505,200,1.9191190999990797,none
lstm_cnn,fold_1,bear,StochK_14,0.1661392331314975,0.1900826446280991,78,78,386986505,200,1.9191190999990797,none
lstm_cnn,fold_1,bear,StochD_3,0.0937892260789783,0.3223140495867768,78,78,386986505,200,1.9191190999990797,none
lstm_cnn,fold_1,bear,RSI_14,0.1726945421549643,0.1818181818181818,78,78,386986505,200,1.9191190999990797,none
lstm_cnn,fold_1,bear,MACD_12_26,0.0804844925748185,0.3884297520661157,78,78,386986505,200,1.9191190999990797,none
lstm_cnn,fold_1,bear,MACD_Signal_9,0.019230342277602,0.8181818181818182,78,78,386986505,200,1.9191190999990797,none
lstm_cnn,fold_1,bear,MACD_Histogram,0.0380594084197705,0.6115702479338843,78,78,386986505,200,1.9191190999990797,none
lstm_cnn,fold_1,bear,WilliamsR_14,0.3277173861230832,0.0826446280991735,78,78,386986505,200,1.9191190999990797,none
lstm_cnn,fold_1,bear,CCI_20,0.0788093759155927,0.396694214876033,78,78,386986505,200,1.9191190999990797,none
lstm_cnn,fold_1,bear,ADX_14,0.0924987549572483,0.3471074380165289,78,78,386986505,200,1.9191190999990797,none
lstm_cnn,fold_1,bear,PlusDI_14,0.1135743126315691,0.2644628099173554,78,78,386986505,200,1.9191190999990797,none
lstm_cnn,fold_1,bear,MinusDI_14,0.1296279774434086,0.2231404958677686,78,78,386986505,200,1.9191190999990797,none
lstm_cnn,fold_1,bear,VMD_IMF_1,0.062745648825428,0.4462809917355372,78,78,386986505,200,1.9191190999990797,none
lstm_cnn,fold_1,bear,VMD_IMF_2,0.0178891579253331,0.8264462809917356,78,78,386986505,200,1.9191190999990797,none
lstm_cnn,fold_1,bear,VMD_IMF_3,0.006905713041467,0.975206611570248,78,78,386986505,200,1.9191190999990797,none
lstm_cnn,fold_1,bear,VMD_IMF_4,0.0278083461515862,0.7355371900826446,78,78,386986505,200,1.9191190999990797,none
lstm_cnn,fold_1,bear,VMD_Denoised_Close,0.3562237958495433,0.0661157024793388,78,78,386986505,200,1.9191190999990797,none
lstm_cnn,fold_1,bear,VMD_Noise_Energy_Ratio,0.0578832212082955,0.4545454545454545,78,78,386986505,200,1.9191190999990797,none
lstm_cnn,fold_1,bull,Open_D,0.1563460384624906,0.1983471074380165,72,72,265471049,200,1.7141765999986092,none
lstm_cnn,fold_1,bull,High_D,0.0850557637879572,0.4132231404958678,72,72,265471049,200,1.7141765999986092,none
lstm_cnn,fold_1,bull,Low_D,0.2677365764173575,0.0991735537190082,72,72,265471049,200,1.7141765999986092,none
lstm_cnn,fold_1,bull,Close_D,10.478518139151856,0.0,72,72,265471049,200,1.7141765999986092,none
lstm_cnn,fold_1,bull,Volume_D,0.0205518074557474,0.8099173553719008,72,72,265471049,200,1.7141765999986092,none
lstm_cnn,fold_1,bull,Change_pct_D,0.0313314887235647,0.6942148760330579,72,72,265471049,200,1.7141765999986092,none
lstm_cnn,fold_1,bull,Open_W,0.31256357245988,0.0826446280991735,72,72,265471049,200,1.7141765999986092,none
lstm_cnn,fold_1,bull,High_W,0.0437736663736763,0.5371900826446281,72,72,265471049,200,1.7141765999986092,none
lstm_cnn,fold_1,bull,Low_W,0.226616881960783,0.1239669421487603,72,72,265471049,200,1.7141765999986092,none
lstm_cnn,fold_1,bull,Close_W,0.186076770003678,0.1652892561983471,72,72,265471049,200,1.7141765999986092,none
lstm_cnn,fold_1,bull,Volume_W,0.0139779829725929,0.8925619834710744,72,72,265471049,200,1.7141765999986092,none
lstm_cnn,fold_1,bull,Change_pct_W,0.0158587662743293,0.8677685950413223,72,72,265471049,200,1.7141765999986092,none
lstm_cnn,fold_1,bull,Open_M,0.1989466023620707,0.1570247933884297,72,72,265471049,200,1.7141765999986092,none
lstm_cnn,fold_1,bull,High_M,0.1156275675107568,0.3057851239669421,72,72,265471049,200,1.7141765999986092,none
lstm_cnn,fold_1,bull,Low_M,0.2139684159850326,0.140495867768595,72,72,265471049,200,1.7141765999986092,none
lstm_cnn,fold_1,bull,Close_M,0.5587548634114986,0.0165289256198347,72,72,265471049,200,1.7141765999986092,none
lstm_cnn,fold_1,bull,Volume_M,0.0370450993052549,0.6033057851239669,72,72,265471049,200,1.7141765999986092,none
lstm_cnn,fold_1,bull,Change_pct_M,0.0823751526956864,0.4214876033057851,72,72,265471049,200,1.7141765999986092,none
lstm_cnn,fold_1,bull,Close_D_lag1,0.251387380865506,0.1074380165289256,72,72,265471049,200,1.7141765999986092,none
lstm_cnn,fold_1,bull,Close_D_lag2,0.1270033347834315,0.2479338842975206,72,72,265471049,200,1.7141765999986092,none
lstm_cnn,fold_1,bull,Close_D_lag3,0.2034526588037503,0.1487603305785124,72,72,265471049,200,1.7141765999986092,none
lstm_cnn,fold_1,bull,Close_D_lag5,0.1181826001447108,0.2809917355371901,72,72,265471049,200,1.7141765999986092,none
lstm_cnn,fold_1,bull,Close_D_lag10,0.040240832367552,0.5867768595041323,72,72,265471049,200,1.7141765999986092,none
lstm_cnn,fold_1,bull,Close_D_lag20,0.1594915228156929,0.1900826446280991,72,72,265471049,200,1.7141765999986092,none
lstm_cnn,fold_1,bull,Close_D_lag60,0.0635043284650742,0.4710743801652892,72,72,265471049,200,1.7141765999986092,none
lstm_cnn,fold_1,bull,Change_pct_D_lag1,0.0078758886482533,0.9586776859504132,72,72,265471049,200,1.7141765999986092,none
lstm_cnn,fold_1,bull,Change_pct_D_lag2,0.0212253140277552,0.7933884297520661,72,72,265471049,200,1.7141765999986092,none
lstm_cnn,fold_1,bull,Change_pct_D_lag3,0.0420507402680868,0.5537190082644629,72,72,265471049,200,1.7141765999986092,none
lstm_cnn,fold_1,bull,Change_pct_D_lag5,0.0317736518781215,0.6859504132231405,72,72,265471049,200,1.7141765999986092,none
lstm_cnn,fold_1,bull,Change_pct_D_lag10,0.0334675124003756,0.6528925619834711,72,72,265471049,200,1.7141765999986092,none
lstm_cnn,fold_1,bull,Change_pct_D_lag20,0.0182330526412123,0.8264462809917356,72,72,265471049,200,1.7141765999986092,none
lstm_cnn,fold_1,bull,Volume_D_lag1,0.0449665966481309,0.512396694214876,72,72,265471049,200,1.7141765999986092,none
lstm_cnn,fold_1,bull,Volume_D_lag2,0.0286197133400618,0.71900826446281,72,72,265471049,200,1.7141765999986092,none
lstm_cnn,fold_1,bull,Volume_D_lag3,0.0072793288723812,0.9669421487603306,72,72,265471049,200,1.7141765999986092,none
lstm_cnn,fold_1,bull,Volume_D_lag5,0.0350975702593372,0.6115702479338843,72,72,265471049,200,1.7141765999986092,none
lstm_cnn,fold_1,bull,Volume_D_lag10,0.0211458869168925,0.8016528925619835,72,72,265471049,200,1.7141765999986092,none
lstm_cnn,fold_1,bull,Volume_D_lag20,0.024677065553361,0.7851239669421488,72,72,265471049,200,1.7141765999986092,none
lstm_cnn,fold_1,bull,Close_W_lag1,0.138647127390464,0.2231404958677686,72,72,265471049,200,1.7141765999986092,none
lstm_cnn,fold_1,bull,Close_W_lag2,0.2879048510765036,0.0909090909090909,72,72,265471049,200,1.7141765999986092,none
lstm_cnn,fold_1,bull,Close_W_lag4,0.0344386845149462,0.6363636363636364,72,72,265471049,200,1.7141765999986092,none
lstm_cnn,fold_1,bull,Close_M_lag1,0.4663555689259536,0.0330578512396694,72,72,265471049,200,1.7141765999986092,none
lstm_cnn,fold_1,bull,Close_M_lag3,0.1826777424922006,0.1735537190082644,72,72,265471049,200,1.7141765999986092,none
lstm_cnn,fold_1,bull,Return_1D,0.0161216066831179,0.859504132231405,72,72,265471049,200,1.7141765999986092,none
lstm_cnn,fold_1,bull,Return_3D,0.0081520623717267,0.950413223140496,72,72,265471049,200,1.7141765999986092,none
lstm_cnn,fold_1,bull,Return_5D,0.0292468436835558,0.7107438016528925,72,72,265471049,200,1.7141765999986092,none
lstm_cnn,fold_1,bull,Return_10D,0.0093376287222868,0.9256198347107438,72,72,265471049,200,1.7141765999986092,none
lstm_cnn,fold_1,bull,Return_20D,0.0499318201036456,0.4958677685950413,72,72,265471049,200,1.7141765999986092,none
lstm_cnn,fold_1,bull,Return_60D,0.0431076144351664,0.5454545454545454,72,72,265471049,200,1.7141765999986092,none
lstm_cnn,fold_1,bull,SMA_5,0.4060422456642198,0.0495867768595041,72,72,265471049,200,1.7141765999986092,none
lstm_cnn,fold_1,bull,SMA_10,0.1118230296738652,0.3223140495867768,72,72,265471049,200,1.7141765999986092,none
lstm_cnn,fold_1,bull,SMA_20,0.0563786990192776,0.4876033057851239,72,72,265471049,200,1.7141765999986092,none
lstm_cnn,fold_1,bull,SMA_60,0.5127660191824867,0.024793388429752,72,72,265471049,200,1.7141765999986092,none
lstm_cnn,fold_1,bull,Close_to_SMA_5,0.006296313194815,0.9834710743801652,72,72,265471049,200,1.7141765999986092,none
lstm_cnn,fold_1,bull,Close_to_SMA_10,0.0319983203430183,0.6776859504132231,72,72,265471049,200,1.7141765999986092,none
lstm_cnn,fold_1,bull,Close_to_SMA_20,0.0283195126526733,0.7272727272727273,72,72,265471049,200,1.7141765999986092,none
lstm_cnn,fold_1,bull,Close_to_SMA_60,0.0958738777634102,0.3553719008264462,72,72,265471049,200,1.7141765999986092,none
lstm_cnn,fold_1,bull,Volatility_5,0.0299654692161251,0.7024793388429752,72,72,265471049,200,1.7141765999986092,none
lstm_cnn,fold_1,bull,Volatility_10,0.0487068286199044,0.5041322314049587,72,72,265471049,200,1.7141765999986092,none
lstm_cnn,fold_1,bull,Volatility_20,0.0134856978082694,0.9008264462809916,72,72,265471049,200,1.7141765999986092,none
lstm_cnn,fold_1,bull,Volatility_60,0.1332152473240739,0.2396694214876033,72,72,265471049,200,1.7141765999986092,none
lstm_cnn,fold_1,bull,Momentum_5,0.0102131106619872,0.9173553719008264,72,72,265471049,200,1.7141765999986092,none
lstm_cnn,fold_1,bull,Momentum_10,0.033740792868702,0.6446280991735537,72,72,265471049,200,1.7141765999986092,none
lstm_cnn,fold_1,bull,Momentum_20,0.0199053377757384,0.8181818181818182,72,72,265471049,200,1.7141765999986092,none
lstm_cnn,fold_1,bull,Momentum_60,0.0935247017212304,0.3884297520661157,72,72,265471049,200,1.7141765999986092,none
lstm_cnn,fold_1,bull,ROC_5,0.0259312060952377,0.7768595041322314,72,72,265471049,200,1.7141765999986092,none
lstm_cnn,fold_1,bull,ROC_10,0.0322631794846336,0.6694214876033058,72,72,265471049,200,1.7141765999986092,none
lstm_cnn,fold_1,bull,ROC_20,0.0946725008573088,0.371900826446281,72,72,265471049,200,1.7141765999986092,none
lstm_cnn,fold_1,bull,ROC_60,0.038905350654295,0.5950413223140496,72,72,265471049,200,1.7141765999986092,none
lstm_cnn,fold_1,bull,Ratio_Close_D_to_W,0.0175712320650493,0.8429752066115702,72,72,265471049,200,1.7141765999986092,none
lstm_cnn,fold_1,bull,Ratio_Close_D_to_M,0.0677300958037398,0.4545454545454545,72,72,265471049,200,1.7141765999986092,none
lstm_cnn,fold_1,bull,Ratio_Volume_D_to_W,0.0071291060489729,0.975206611570248,72,72,265471049,200,1.7141765999986092,none
lstm_cnn,fold_1,bull,Spread_D,0.0103114213011877,0.9090909090909092,72,72,265471049,200,1.7141765999986092,none
lstm_cnn,fold_1,bull,Body_D,0.00486373106675,1.0,72,72,265471049,200,1.7141765999986092,none
lstm_cnn,fold_1,bull,Body_abs_D,0.0347647126500697,0.6198347107438017,72,72,265471049,200,1.7141765999986092,none
lstm_cnn,fold_1,bull,Upper_Shadow_D,0.0082498304264352,0.9421487603305784,72,72,265471049,200,1.7141765999986092,none
lstm_cnn,fold_1,bull,Lower_Shadow_D,0.0054517403425753,0.9917355371900828,72,72,265471049,200,1.7141765999986092,none
lstm_cnn,fold_1,bull,Body_to_Range_D,0.1138747321985596,0.3140495867768595,72,72,265471049,200,1.7141765999986092,none
lstm_cnn,fold_1,bull,Close_Position_D,0.032785569365369,0.6611570247933884,72,72,265471049,200,1.7141765999986092,none
lstm_cnn,fold_1,bull,Spread_W,0.0274977912417752,0.7520661157024794,72,72,265471049,200,1.7141765999986092,none
lstm_cnn,fold_1,bull,Body_W,0.0410398460442997,0.5702479338842975,72,72,265471049,200,1.7141765999986092,none
lstm_cnn,fold_1,bull,Close_Position_W,0.1067660281710737,0.3388429752066115,72,72,265471049,200,1.7141765999986092,none
lstm_cnn,fold_1,bull,Spread_M,0.0411167295877836,0.5619834710743802,72,72,265471049,200,1.7141765999986092,none
lstm_cnn,fold_1,bull,Body_M,0.14560572093461,0.2066115702479339,72,72,265471049,200,1.7141765999986092,none
lstm_cnn,fold_1,bull,Close_Position_M,0.0347509490611729,0.628099173553719,72,72,265471049,200,1.7141765999986092,none
lstm_cnn,fold_1,bull,Volume_MA_5,0.0151815641004637,0.8842975206611571,72,72,265471049,200,1.7141765999986092,none
lstm_cnn,fold_1,bull,Volume_MA_20,0.0882360488922232,0.396694214876033,72,72,265471049,200,1.7141765999986092,none
lstm_cnn,fold_1,bull,Volume_Ratio_5,0.0938066757988028,0.3801652892561983,72,72,265471049,200,1.7141765999986092,none
lstm_cnn,fold_1,bull,Volume_Ratio_20,0.0566634507936012,0.4793388429752066,72,72,265471049,200,1.7141765999986092,none
lstm_cnn,fold_1,bull,Volume_Change_1D,0.0755216256251312,0.4380165289256198,72,72,265471049,200,1.7141765999986092,none
lstm_cnn,fold_1,bull,Volume_Change_5D,0.0273169584101582,0.7603305785123967,72,72,265471049,200,1.7141765999986092,none
lstm_cnn,fold_1,bull,Volume_Change_20D,0.0278383731618014,0.743801652892562,72,72,265471049,200,1.7141765999986092,none
lstm_cnn,fold_1,bull,Direction_lag1,0.4032352200191882,0.0578512396694214,72,72,265471049,200,1.7141765999986092,none
lstm_cnn,fold_1,bull,Direction_lag2,0.2140103392968335,0.1322314049586777,72,72,265471049,200,1.7141765999986092,none
lstm_cnn,fold_1,bull,Direction_lag3,0.1069371527885222,0.3305785123966942,72,72,265471049,200,1.7141765999986092,none
lstm_cnn,fold_1,bull,Direction_lag5,0.1418892381848612,0.2148760330578512,72,72,265471049,200,1.7141765999986092,none
lstm_cnn,fold_1,bull,Up_Ratio_5,0.1166073046058752,0.2892561983471074,72,72,265471049,200,1.7141765999986092,none
lstm_cnn,fold_1,bull,Up_Ratio_10,0.0177899873608642,0.8347107438016529,72,72,265471049,200,1.7141765999986092,none
lstm_cnn,fold_1,bull,Up_Ratio_20,0.0404487942589437,0.5785123966942148,72,72,265471049,200,1.7141765999986092,none
lstm_cnn,fold_1,bull,Down_Ratio_5,0.1204118308880222,0.2644628099173554,72,72,265471049,200,1.7141765999986092,none
lstm_cnn,fold_1,bull,Down_Ratio_10,0.1056803557612056,0.3471074380165289,72,72,265471049,200,1.7141765999986092,none
lstm_cnn,fold_1,bull,Down_Ratio_20,0.0151952903538895,0.8760330578512396,72,72,265471049,200,1.7141765999986092,none
lstm_cnn,fold_1,bull,WMA_5,0.4366923035044844,0.0413223140495867,72,72,265471049,200,1.7141765999986092,none
lstm_cnn,fold_1,bull,WMA_10,0.3585647227294329,0.0743801652892562,72,72,265471049,200,1.7141765999986092,none
lstm_cnn,fold_1,bull,WMA_20,0.0947026360340689,0.3636363636363636,72,72,265471049,200,1.7141765999986092,none
lstm_cnn,fold_1,bull,WMA_60,0.7723669326450262,0.0082644628099173,72,72,265471049,200,1.7141765999986092,none
lstm_cnn,fold_1,bull,StochK_14,0.1379717596050795,0.2314049586776859,72,72,265471049,200,1.7141765999986092,none
lstm_cnn,fold_1,bull,StochD_3,0.0876275960344476,0.4049586776859504,72,72,265471049,200,1.7141765999986092,none
lstm_cnn,fold_1,bull,RSI_14,0.1764756164742266,0.1818181818181818,72,72,265471049,200,1.7141765999986092,none
lstm_cnn,fold_1,bull,MACD_12_26,0.0813320613753161,0.4297520661157025,72,72,265471049,200,1.7141765999986092,none
lstm_cnn,fold_1,bull,MACD_Signal_9,0.0163028360747337,0.8512396694214877,72,72,265471049,200,1.7141765999986092,none
lstm_cnn,fold_1,bull,MACD_Histogram,0.0445924776975718,0.5206611570247934,72,72,265471049,200,1.7141765999986092,none
lstm_cnn,fold_1,bull,WilliamsR_14,0.246490310724443,0.1157024793388429,72,72,265471049,200,1.7141765999986092,none
lstm_cnn,fold_1,bull,CCI_20,0.0671875428428645,0.4628099173553719,72,72,265471049,200,1.7141765999986092,none
lstm_cnn,fold_1,bull,ADX_14,0.1251537814995723,0.256198347107438,72,72,265471049,200,1.7141765999986092,none
lstm_cnn,fold_1,bull,PlusDI_14,0.1157381289775306,0.2975206611570248,72,72,265471049,200,1.7141765999986092,none
lstm_cnn,fold_1,bull,MinusDI_14,0.1197323475427361,0.2727272727272727,72,72,265471049,200,1.7141765999986092,none
lstm_cnn,fold_1,bull,VMD_IMF_1,0.0439819027925952,0.5289256198347108,72,72,265471049,200,1.7141765999986092,none
lstm_cnn,fold_1,bull,VMD_IMF_2,0.0281561255546452,0.7355371900826446,72,72,265471049,200,1.7141765999986092,none
lstm_cnn,fold_1,bull,VMD_IMF_3,0.0086082965012332,0.9338842975206612,72,72,265471049,200,1.7141765999986092,none
lstm_cnn,fold_1,bull,VMD_IMF_4,0.0259769990608207,0.768595041322314,72,72,265471049,200,1.7141765999986092,none
lstm_cnn,fold_1,bull,VMD_Denoised_Close,0.396109369614472,0.0661157024793388,72,72,265471049,200,1.7141765999986092,none
lstm_cnn,fold_1,bull,VMD_Noise_Energy_Ratio,0.067941645432711,0.4462809917355372,72,72,265471049,200,1.7141765999986092,none
lstm_cnn,fold_1,global,Open_D,0.1542309797019697,0.1818181818181818,244,128,1152452783,200,3.509911300003296,none
lstm_cnn,fold_1,global,High_D,0.061337026125912,0.4710743801652892,244,128,1152452783,200,3.509911300003296,none
lstm_cnn,fold_1,global,Low_D,0.2617326377199788,0.1074380165289256,244,128,1152452783,200,3.509911300003296,none
lstm_cnn,fold_1,global,Close_D,8.981976741232211,0.0,244,128,1152452783,200,3.509911300003296,none
lstm_cnn,fold_1,global,Volume_D,0.0209060765126668,0.8099173553719008,244,128,1152452783,200,3.509911300003296,none
lstm_cnn,fold_1,global,Change_pct_D,0.0347863386305732,0.6198347107438017,244,128,1152452783,200,3.509911300003296,none
lstm_cnn,fold_1,global,Open_W,0.3255036577487772,0.0826446280991735,244,128,1152452783,200,3.509911300003296,none
lstm_cnn,fold_1,global,High_W,0.0473536916459352,0.5371900826446281,244,128,1152452783,200,3.509911300003296,none
lstm_cnn,fold_1,global,Low_W,0.2386802848054401,0.1239669421487603,244,128,1152452783,200,3.509911300003296,none
lstm_cnn,fold_1,global,Close_W,0.2033619734502281,0.1735537190082644,244,128,1152452783,200,3.509911300003296,none
lstm_cnn,fold_1,global,Volume_W,0.0114704728455536,0.9090909090909092,244,128,1152452783,200,3.509911300003296,none
lstm_cnn,fold_1,global,Change_pct_W,0.0166274931487176,0.859504132231405,244,128,1152452783,200,3.509911300003296,none
lstm_cnn,fold_1,global,Open_M,0.2055026413366022,0.1652892561983471,244,128,1152452783,200,3.509911300003296,none
lstm_cnn,fold_1,global,High_M,0.104717885970976,0.3140495867768595,244,128,1152452783,200,3.509911300003296,none
lstm_cnn,fold_1,global,Low_M,0.2425786644266736,0.1157024793388429,244,128,1152452783,200,3.509911300003296,none
lstm_cnn,fold_1,global,Close_M,0.6051421725278487,0.0165289256198347,244,128,1152452783,200,3.509911300003296,none
lstm_cnn,fold_1,global,Volume_M,0.0304476304687565,0.7107438016528925,244,128,1152452783,200,3.509911300003296,none
lstm_cnn,fold_1,global,Change_pct_M,0.072800699653284,0.4132231404958678,244,128,1152452783,200,3.509911300003296,none
lstm_cnn,fold_1,global,Close_D_lag1,0.2374555300426436,0.1322314049586777,244,128,1152452783,200,3.509911300003296,none
lstm_cnn,fold_1,global,Close_D_lag2,0.1042858537456112,0.3223140495867768,244,128,1152452783,200,3.509911300003296,none
lstm_cnn,fold_1,global,Close_D_lag3,0.2167014415594394,0.1570247933884297,244,128,1152452783,200,3.509911300003296,none
lstm_cnn,fold_1,global,Close_D_lag5,0.1164602884338819,0.2644628099173554,244,128,1152452783,200,3.509911300003296,none
lstm_cnn,fold_1,global,Close_D_lag10,0.0454955038914931,0.5454545454545454,244,128,1152452783,200,3.509911300003296,none
lstm_cnn,fold_1,global,Close_D_lag20,0.1436695029683676,0.2066115702479339,244,128,1152452783,200,3.509911300003296,none
lstm_cnn,fold_1,global,Close_D_lag60,0.050205835992919,0.4958677685950413,244,128,1152452783,200,3.509911300003296,none
lstm_cnn,fold_1,global,Change_pct_D_lag1,0.0064624505255188,0.975206611570248,244,128,1152452783,200,3.509911300003296,none
lstm_cnn,fold_1,global,Change_pct_D_lag2,0.0218292931603187,0.7933884297520661,244,128,1152452783,200,3.509911300003296,none
lstm_cnn,fold_1,global,Change_pct_D_lag3,0.0488040288730957,0.512396694214876,244,128,1152452783,200,3.509911300003296,none
lstm_cnn,fold_1,global,Change_pct_D_lag5,0.0370385857551993,0.5867768595041323,244,128,1152452783,200,3.509911300003296,none
lstm_cnn,fold_1,global,Change_pct_D_lag10,0.038266486446054,0.5785123966942148,244,128,1152452783,200,3.509911300003296,none
lstm_cnn,fold_1,global,Change_pct_D_lag20,0.0178226231586155,0.8347107438016529,244,128,1152452783,200,3.509911300003296,none
lstm_cnn,fold_1,global,Volume_D_lag1,0.0363221581434913,0.6115702479338843,244,128,1152452783,200,3.509911300003296,none
lstm_cnn,fold_1,global,Volume_D_lag2,0.0289490302250911,0.71900826446281,244,128,1152452783,200,3.509911300003296,none
lstm_cnn,fold_1,global,Volume_D_lag3,0.007855867218369,0.9586776859504132,244,128,1152452783,200,3.509911300003296,none
lstm_cnn,fold_1,global,Volume_D_lag5,0.0332276530608723,0.6363636363636364,244,128,1152452783,200,3.509911300003296,none
lstm_cnn,fold_1,global,Volume_D_lag10,0.019357765079135,0.8181818181818182,244,128,1152452783,200,3.509911300003296,none
lstm_cnn,fold_1,global,Volume_D_lag20,0.028195297339658,0.7355371900826446,244,128,1152452783,200,3.509911300003296,none
lstm_cnn,fold_1,global,Close_W_lag1,0.1294089160870498,0.2231404958677686,244,128,1152452783,200,3.509911300003296,none
lstm_cnn,fold_1,global,Close_W_lag2,0.3030247769027482,0.0909090909090909,244,128,1152452783,200,3.509911300003296,none
lstm_cnn,fold_1,global,Close_W_lag4,0.032517867850791,0.6611570247933884,244,128,1152452783,200,3.509911300003296,none
lstm_cnn,fold_1,global,Close_M_lag1,0.5231943521182985,0.0330578512396694,244,128,1152452783,200,3.509911300003296,none
lstm_cnn,fold_1,global,Close_M_lag3,0.2178558905912268,0.1487603305785124,244,128,1152452783,200,3.509911300003296,none
lstm_cnn,fold_1,global,Return_1D,0.0192893988791286,0.8264462809917356,244,128,1152452783,200,3.509911300003296,none
lstm_cnn,fold_1,global,Return_3D,0.00872565214024,0.9421487603305784,244,128,1152452783,200,3.509911300003296,none
lstm_cnn,fold_1,global,Return_5D,0.031416529358735,0.6859504132231405,244,128,1152452783,200,3.509911300003296,none
lstm_cnn,fold_1,global,Return_10D,0.0109599879673666,0.9173553719008264,244,128,1152452783,200,3.509911300003296,none
lstm_cnn,fold_1,global,Return_20D,0.0475770427564398,0.5289256198347108,244,128,1152452783,200,3.509911300003296,none
lstm_cnn,fold_1,global,Return_60D,0.0385303264215902,0.5702479338842975,244,128,1152452783,200,3.509911300003296,none
lstm_cnn,fold_1,global,SMA_5,0.4272946580487769,0.0495867768595041,244,128,1152452783,200,3.509911300003296,none
lstm_cnn,fold_1,global,SMA_10,0.1244130229271831,0.2479338842975206,244,128,1152452783,200,3.509911300003296,none
lstm_cnn,fold_1,global,SMA_20,0.0709170593158376,0.4297520661157025,244,128,1152452783,200,3.509911300003296,none
lstm_cnn,fold_1,global,SMA_60,0.5562299971934408,0.024793388429752,244,128,1152452783,200,3.509911300003296,none
lstm_cnn,fold_1,global,Close_to_SMA_5,0.0071575134829553,0.9669421487603306,244,128,1152452783,200,3.509911300003296,none
lstm_cnn,fold_1,global,Close_to_SMA_10,0.0368666515926243,0.5950413223140496,244,128,1152452783,200,3.509911300003296,none
lstm_cnn,fold_1,global,Close_to_SMA_20,0.0313494427786953,0.6942148760330579,244,128,1152452783,200,3.509911300003296,none
lstm_cnn,fold_1,global,Close_to_SMA_60,0.0833808169257622,0.3884297520661157,244,128,1152452783,200,3.509911300003296,none
lstm_cnn,fold_1,global,Volatility_5,0.0364573670224763,0.6033057851239669,244,128,1152452783,200,3.509911300003296,none
lstm_cnn,fold_1,global,Volatility_10,0.0510172485724751,0.4876033057851239,244,128,1152452783,200,3.509911300003296,none
lstm_cnn,fold_1,global,Volatility_20,0.0107619622909162,0.9256198347107438,244,128,1152452783,200,3.509911300003296,none
lstm_cnn,fold_1,global,Volatility_60,0.1026366532727806,0.3305785123966942,244,128,1152452783,200,3.509911300003296,none
lstm_cnn,fold_1,global,Momentum_5,0.0130494846455992,0.8842975206611571,244,128,1152452783,200,3.509911300003296,none
lstm_cnn,fold_1,global,Momentum_10,0.0313292406909376,0.7024793388429752,244,128,1152452783,200,3.509911300003296,none
lstm_cnn,fold_1,global,Momentum_20,0.022303596535224,0.7851239669421488,244,128,1152452783,200,3.509911300003296,none
lstm_cnn,fold_1,global,Momentum_60,0.0807297275330718,0.396694214876033,244,128,1152452783,200,3.509911300003296,none
lstm_cnn,fold_1,global,ROC_5,0.0266834884980447,0.7520661157024794,244,128,1152452783,200,3.509911300003296,none
lstm_cnn,fold_1,global,ROC_10,0.032710747061478,0.6528925619834711,244,128,1152452783,200,3.509911300003296,none
lstm_cnn,fold_1,global,ROC_20,0.090882434110253,0.3471074380165289,244,128,1152452783,200,3.509911300003296,none
lstm_cnn,fold_1,global,ROC_60,0.0343364742309319,0.628099173553719,244,128,1152452783,200,3.509911300003296,none
lstm_cnn,fold_1,global,Ratio_Close_D_to_W,0.0175727946197183,0.8429752066115702,244,128,1152452783,200,3.509911300003296,none
lstm_cnn,fold_1,global,Ratio_Close_D_to_M,0.0620290761280742,0.4628099173553719,244,128,1152452783,200,3.509911300003296,none
lstm_cnn,fold_1,global,Ratio_Volume_D_to_W,0.0056621947343685,0.9834710743801652,244,128,1152452783,200,3.509911300003296,none
lstm_cnn,fold_1,global,Spread_D,0.0092626894801972,0.9338842975206612,244,128,1152452783,200,3.509911300003296,none
lstm_cnn,fold_1,global,Body_D,0.0056225681342901,0.9917355371900828,244,128,1152452783,200,3.509911300003296,none
lstm_cnn,fold_1,global,Body_abs_D,0.0319688663602498,0.6694214876033058,244,128,1152452783,200,3.509911300003296,none
lstm_cnn,fold_1,global,Upper_Shadow_D,0.0120105434990584,0.8925619834710744,244,128,1152452783,200,3.509911300003296,none
lstm_cnn,fold_1,global,Lower_Shadow_D,0.0053652640210587,1.0,244,128,1152452783,200,3.509911300003296,none
lstm_cnn,fold_1,global,Body_to_Range_D,0.1265951510587356,0.2314049586776859,244,128,1152452783,200,3.509911300003296,none
lstm_cnn,fold_1,global,Close_Position_D,0.0329711127275757,0.6446280991735537,244,128,1152452783,200,3.509911300003296,none
lstm_cnn,fold_1,global,Spread_W,0.0257674568260206,0.7603305785123967,244,128,1152452783,200,3.509911300003296,none
lstm_cnn,fold_1,global,Body_W,0.0491226366617233,0.5041322314049587,244,128,1152452783,200,3.509911300003296,none
lstm_cnn,fold_1,global,Close_Position_W,0.1210853439312359,0.256198347107438,244,128,1152452783,200,3.509911300003296,none
lstm_cnn,fold_1,global,Spread_M,0.0407642300722167,0.5619834710743802,244,128,1152452783,200,3.509911300003296,none
lstm_cnn,fold_1,global,Body_M,0.1257974376687912,0.2396694214876033,244,128,1152452783,200,3.509911300003296,none
lstm_cnn,fold_1,global,Close_Position_M,0.0316781867996844,0.6776859504132231,244,128,1152452783,200,3.509911300003296,none
lstm_cnn,fold_1,global,Volume_MA_5,0.0157095722001664,0.8677685950413223,244,128,1152452783,200,3.509911300003296,none
lstm_cnn,fold_1,global,Volume_MA_20,0.0861061157316157,0.371900826446281,244,128,1152452783,200,3.509911300003296,none
lstm_cnn,fold_1,global,Volume_Ratio_5,0.0863919638409704,0.3636363636363636,244,128,1152452783,200,3.509911300003296,none
lstm_cnn,fold_1,global,Volume_Ratio_20,0.0483679234408339,0.5206611570247934,244,128,1152452783,200,3.509911300003296,none
lstm_cnn,fold_1,global,Volume_Change_1D,0.0667584857176706,0.4462809917355372,244,128,1152452783,200,3.509911300003296,none
lstm_cnn,fold_1,global,Volume_Change_5D,0.0232380730749278,0.7768595041322314,244,128,1152452783,200,3.509911300003296,none
lstm_cnn,fold_1,global,Volume_Change_20D,0.0240240025542213,0.768595041322314,244,128,1152452783,200,3.509911300003296,none
lstm_cnn,fold_1,global,Direction_lag1,0.4268932995561044,0.0578512396694214,244,128,1152452783,200,3.509911300003296,none
lstm_cnn,fold_1,global,Direction_lag2,0.2221964272159994,0.140495867768595,244,128,1152452783,200,3.509911300003296,none
lstm_cnn,fold_1,global,Direction_lag3,0.1130280732776441,0.2809917355371901,244,128,1152452783,200,3.509911300003296,none
lstm_cnn,fold_1,global,Direction_lag5,0.1534211390855489,0.1900826446280991,244,128,1152452783,200,3.509911300003296,none
lstm_cnn,fold_1,global,Up_Ratio_5,0.1075687991222366,0.2892561983471074,244,128,1152452783,200,3.509911300003296,none
lstm_cnn,fold_1,global,Up_Ratio_10,0.0175374556135386,0.8512396694214877,244,128,1152452783,200,3.509911300003296,none
lstm_cnn,fold_1,global,Up_Ratio_20,0.0286278420877451,0.7272727272727273,244,128,1152452783,200,3.509911300003296,none
lstm_cnn,fold_1,global,Down_Ratio_5,0.1069206902857331,0.2975206611570248,244,128,1152452783,200,3.509911300003296,none
lstm_cnn,fold_1,global,Down_Ratio_10,0.0885129662959331,0.3553719008264462,244,128,1152452783,200,3.509911300003296,none
lstm_cnn,fold_1,global,Down_Ratio_20,0.011955615027416,0.9008264462809916,244,128,1152452783,200,3.509911300003296,none
lstm_cnn,fold_1,global,WMA_5,0.4453387279070739,0.0413223140495867,244,128,1152452783,200,3.509911300003296,none
lstm_cnn,fold_1,global,WMA_10,0.3704931270185625,0.0743801652892562,244,128,1152452783,200,3.509911300003296,none
lstm_cnn,fold_1,global,WMA_20,0.072812413264392,0.4049586776859504,244,128,1152452783,200,3.509911300003296,none
lstm_cnn,fold_1,global,WMA_60,0.8397136620536912,0.0082644628099173,244,128,1152452783,200,3.509911300003296,none
lstm_cnn,fold_1,global,StochK_14,0.1419952660452033,0.2148760330578512,244,128,1152452783,200,3.509911300003296,none
lstm_cnn,fold_1,global,StochD_3,0.0860166267041496,0.3801652892561983,244,128,1152452783,200,3.509911300003296,none
lstm_cnn,fold_1,global,RSI_14,0.150778440352542,0.1983471074380165,244,128,1152452783,200,3.509911300003296,none
lstm_cnn,fold_1,global,MACD_12_26,0.0716992846250533,0.4214876033057851,244,128,1152452783,200,3.509911300003296,none
lstm_cnn,fold_1,global,MACD_Signal_9,0.0155781235340073,0.8760330578512396,244,128,1152452783,200,3.509911300003296,none
lstm_cnn,fold_1,global,MACD_Histogram,0.0419100569732219,0.5537190082644629,244,128,1152452783,200,3.509911300003296,none
lstm_cnn,fold_1,global,WilliamsR_14,0.2699237232532654,0.0991735537190082,244,128,1152452783,200,3.509911300003296,none
lstm_cnn,fold_1,global,CCI_20,0.0687729221800253,0.4380165289256198,244,128,1152452783,200,3.509911300003296,none
lstm_cnn,fold_1,global,ADX_14,0.1051514880083402,0.3057851239669421,244,128,1152452783,200,3.509911300003296,none
lstm_cnn,fold_1,global,PlusDI_14,0.0973609258177923,0.3388429752066115,244,128,1152452783,200,3.509911300003296,none
lstm_cnn,fold_1,global,MinusDI_14,0.1141660123960704,0.2727272727272727,244,128,1152452783,200,3.509911300003296,none
lstm_cnn,fold_1,global,VMD_IMF_1,0.0597273567100442,0.4793388429752066,244,128,1152452783,200,3.509911300003296,none
lstm_cnn,fold_1,global,VMD_IMF_2,0.0215546829753865,0.8016528925619835,244,128,1152452783,200,3.509911300003296,none
lstm_cnn,fold_1,global,VMD_IMF_3,0.0082380196388761,0.950413223140496,244,128,1152452783,200,3.509911300003296,none
lstm_cnn,fold_1,global,VMD_IMF_4,0.0267668748288464,0.743801652892562,244,128,1152452783,200,3.509911300003296,none
lstm_cnn,fold_1,global,VMD_Denoised_Close,0.3931359722802881,0.0661157024793388,244,128,1152452783,200,3.509911300003296,none
lstm_cnn,fold_1,global,VMD_Noise_Energy_Ratio,0.063866825396974,0.4545454545454545,244,128,1152452783,200,3.509911300003296,none
lstm_cnn,fold_1,sideway,Open_D,0.1632246213172503,0.1818181818181818,94,94,100239165,200,2.2327077999943867,none
lstm_cnn,fold_1,sideway,High_D,0.0624266750908065,0.4462809917355372,94,94,100239165,200,2.2327077999943867,none
lstm_cnn,fold_1,sideway,Low_D,0.2740082713795152,0.0991735537190082,94,94,100239165,200,2.2327077999943867,none
lstm_cnn,fold_1,sideway,Close_D,9.54870195159332,0.0,94,94,100239165,200,2.2327077999943867,none
lstm_cnn,fold_1,sideway,Volume_D,0.0206442836868182,0.7933884297520661,94,94,100239165,200,2.2327077999943867,none
lstm_cnn,fold_1,sideway,Change_pct_D,0.0344643008117194,0.6033057851239669,94,94,100239165,200,2.2327077999943867,none
lstm_cnn,fold_1,sideway,Open_W,0.3471917942641897,0.0826446280991735,94,94,100239165,200,2.2327077999943867,none
lstm_cnn,fold_1,sideway,High_W,0.0514443382682463,0.5041322314049587,94,94,100239165,200,2.2327077999943867,none
lstm_cnn,fold_1,sideway,Low_W,0.2528449235989296,0.1074380165289256,94,94,100239165,200,2.2327077999943867,none
lstm_cnn,fold_1,sideway,Close_W,0.2140638952282197,0.1652892561983471,94,94,100239165,200,2.2327077999943867,none
lstm_cnn,fold_1,sideway,Volume_W,0.0103189873964243,0.9090909090909092,94,94,100239165,200,2.2327077999943867,none
lstm_cnn,fold_1,sideway,Change_pct_W,0.0170258828451008,0.8512396694214877,94,94,100239165,200,2.2327077999943867,none
lstm_cnn,fold_1,sideway,Open_M,0.2049074869626875,0.1735537190082644,94,94,100239165,200,2.2327077999943867,none
lstm_cnn,fold_1,sideway,High_M,0.1055457789449006,0.2975206611570248,94,94,100239165,200,2.2327077999943867,none
lstm_cnn,fold_1,sideway,Low_M,0.2528103144362598,0.1157024793388429,94,94,100239165,200,2.2327077999943867,none
lstm_cnn,fold_1,sideway,Close_M,0.652424882267146,0.0165289256198347,94,94,100239165,200,2.2327077999943867,none
lstm_cnn,fold_1,sideway,Volume_M,0.0322811007160482,0.6611570247933884,94,94,100239165,200,2.2327077999943867,none
lstm_cnn,fold_1,sideway,Change_pct_M,0.0703309132810115,0.396694214876033,94,94,100239165,200,2.2327077999943867,none
lstm_cnn,fold_1,sideway,Close_D_lag1,0.2492382587567764,0.1239669421487603,94,94,100239165,200,2.2327077999943867,none
lstm_cnn,fold_1,sideway,Close_D_lag2,0.111624540912484,0.2727272727272727,94,94,100239165,200,2.2327077999943867,none
lstm_cnn,fold_1,sideway,Close_D_lag3,0.2318579155557907,0.140495867768595,94,94,100239165,200,2.2327077999943867,none
lstm_cnn,fold_1,sideway,Close_D_lag5,0.1199847074423698,0.256198347107438,94,94,100239165,200,2.2327077999943867,none
lstm_cnn,fold_1,sideway,Close_D_lag10,0.0461615783000805,0.5371900826446281,94,94,100239165,200,2.2327077999943867,none
lstm_cnn,fold_1,sideway,Close_D_lag20,0.1524381803148029,0.1983471074380165,94,94,100239165,200,2.2327077999943867,none
lstm_cnn,fold_1,sideway,Close_D_lag60,0.051610702204639,0.4958677685950413,94,94,100239165,200,2.2327077999943867,none
lstm_cnn,fold_1,sideway,Change_pct_D_lag1,0.0065049881037185,0.975206611570248,94,94,100239165,200,2.2327077999943867,none
lstm_cnn,fold_1,sideway,Change_pct_D_lag2,0.0222880768683487,0.7851239669421488,94,94,100239165,200,2.2327077999943867,none
lstm_cnn,fold_1,sideway,Change_pct_D_lag3,0.0498967983699417,0.512396694214876,94,94,100239165,200,2.2327077999943867,none
lstm_cnn,fold_1,sideway,Change_pct_D_lag5,0.0385023082800579,0.5785123966942148,94,94,100239165,200,2.2327077999943867,none
lstm_cnn,fold_1,sideway,Change_pct_D_lag10,0.0394250131924876,0.5619834710743802,94,94,100239165,200,2.2327077999943867,none
lstm_cnn,fold_1,sideway,Change_pct_D_lag20,0.0177907901486267,0.8429752066115702,94,94,100239165,200,2.2327077999943867,none
lstm_cnn,fold_1,sideway,Volume_D_lag1,0.0353095956720124,0.5950413223140496,94,94,100239165,200,2.2327077999943867,none
lstm_cnn,fold_1,sideway,Volume_D_lag2,0.0286728490442328,0.71900826446281,94,94,100239165,200,2.2327077999943867,none
lstm_cnn,fold_1,sideway,Volume_D_lag3,0.007957319411595,0.9586776859504132,94,94,100239165,200,2.2327077999943867,none
lstm_cnn,fold_1,sideway,Volume_D_lag5,0.0336522795739084,0.628099173553719,94,94,100239165,200,2.2327077999943867,none
lstm_cnn,fold_1,sideway,Volume_D_lag10,0.020560574561587,0.8016528925619835,94,94,100239165,200,2.2327077999943867,none
lstm_cnn,fold_1,sideway,Volume_D_lag20,0.031191091511012,0.6694214876033058,94,94,100239165,200,2.2327077999943867,none
lstm_cnn,fold_1,sideway,Close_W_lag1,0.1371441648978284,0.2066115702479339,94,94,100239165,200,2.2327077999943867,none
lstm_cnn,fold_1,sideway,Close_W_lag2,0.3222852667516216,0.0909090909090909,94,94,100239165,200,2.2327077999943867,none
lstm_cnn,fold_1,sideway,Close_W_lag4,0.0336936851374044,0.6115702479338843,94,94,100239165,200,2.2327077999943867,none
lstm_cnn,fold_1,sideway,Close_M_lag1,0.5527982056854253,0.0330578512396694,94,94,100239165,200,2.2327077999943867,none
lstm_cnn,fold_1,sideway,Close_M_lag3,0.230790054362188,0.1487603305785124,94,94,100239165,200,2.2327077999943867,none
lstm_cnn,fold_1,sideway,Return_1D,0.0189801239364587,0.8099173553719008,94,94,100239165,200,2.2327077999943867,none
lstm_cnn,fold_1,sideway,Return_3D,0.0088483385515454,0.950413223140496,94,94,100239165,200,2.2327077999943867,none
lstm_cnn,fold_1,sideway,Return_5D,0.0309535454037596,0.6859504132231405,94,94,100239165,200,2.2327077999943867,none
lstm_cnn,fold_1,sideway,Return_10D,0.0099803503082458,0.9173553719008264,94,94,100239165,200,2.2327077999943867,none
lstm_cnn,fold_1,sideway,Return_20D,0.0391912555205831,0.5702479338842975,94,94,100239165,200,2.2327077999943867,none
lstm_cnn,fold_1,sideway,Return_60D,0.0311658951404035,0.6776859504132231,94,94,100239165,200,2.2327077999943867,none
lstm_cnn,fold_1,sideway,SMA_5,0.4580144401005608,0.0495867768595041,94,94,100239165,200,2.2327077999943867,none
lstm_cnn,fold_1,sideway,SMA_10,0.1322469598118295,0.2231404958677686,94,94,100239165,200,2.2327077999943867,none
lstm_cnn,fold_1,sideway,SMA_20,0.072439201521401,0.3801652892561983,94,94,100239165,200,2.2327077999943867,none
lstm_cnn,fold_1,sideway,SMA_60,0.5713862942610967,0.024793388429752,94,94,100239165,200,2.2327077999943867,none
lstm_cnn,fold_1,sideway,Close_to_SMA_5,0.006900399743257,0.9669421487603306,94,94,100239165,200,2.2327077999943867,none
lstm_cnn,fold_1,sideway,Close_to_SMA_10,0.0328298448889499,0.6446280991735537,94,94,100239165,200,2.2327077999943867,none
lstm_cnn,fold_1,sideway,Close_to_SMA_20,0.0272064750821049,0.7355371900826446,94,94,100239165,200,2.2327077999943867,none
lstm_cnn,fold_1,sideway,Close_to_SMA_60,0.0591865746806013,0.4628099173553719,94,94,100239165,200,2.2327077999943867,none
lstm_cnn,fold_1,sideway,Volatility_5,0.0367050750479954,0.5867768595041323,94,94,100239165,200,2.2327077999943867,none
lstm_cnn,fold_1,sideway,Volatility_10,0.0481377026572056,0.5206611570247934,94,94,100239165,200,2.2327077999943867,none
lstm_cnn,fold_1,sideway,Volatility_20,0.0090541391527899,0.9338842975206612,94,94,100239165,200,2.2327077999943867,none
lstm_cnn,fold_1,sideway,Volatility_60,0.098585728941168,0.3223140495867768,94,94,100239165,200,2.2327077999943867,none
lstm_cnn,fold_1,sideway,Momentum_5,0.0133869253638469,0.8760330578512396,94,94,100239165,200,2.2327077999943867,none
lstm_cnn,fold_1,sideway,Momentum_10,0.0288521401218183,0.7024793388429752,94,94,100239165,200,2.2327077999943867,none
lstm_cnn,fold_1,sideway,Momentum_20,0.0187454478993478,0.8264462809917356,94,94,100239165,200,2.2327077999943867,none
lstm_cnn,fold_1,sideway,Momentum_60,0.0666066632122741,0.4297520661157025,94,94,100239165,200,2.2327077999943867,none
lstm_cnn,fold_1,sideway,ROC_5,0.0263072600008046,0.7603305785123967,94,94,100239165,200,2.2327077999943867,none
lstm_cnn,fold_1,sideway,ROC_10,0.0295196746133013,0.6942148760330579,94,94,100239165,200,2.2327077999943867,none
lstm_cnn,fold_1,sideway,ROC_20,0.0738044337073935,0.371900826446281,94,94,100239165,200,2.2327077999943867,none
lstm_cnn,fold_1,sideway,ROC_60,0.0287203510351639,0.7107438016528925,94,94,100239165,200,2.2327077999943867,none
lstm_cnn,fold_1,sideway,Ratio_Close_D_to_W,0.0179125451640312,0.8347107438016529,94,94,100239165,200,2.2327077999943867,none
lstm_cnn,fold_1,sideway,Ratio_Close_D_to_M,0.0528632472541292,0.4793388429752066,94,94,100239165,200,2.2327077999943867,none
lstm_cnn,fold_1,sideway,Ratio_Volume_D_to_W,0.0054672534435461,0.9917355371900828,94,94,100239165,200,2.2327077999943867,none
lstm_cnn,fold_1,sideway,Spread_D,0.0089807459060171,0.9421487603305784,94,94,100239165,200,2.2327077999943867,none
lstm_cnn,fold_1,sideway,Body_D,0.0052864683343115,1.0,94,94,100239165,200,2.2327077999943867,none
lstm_cnn,fold_1,sideway,Body_abs_D,0.0328484926647622,0.6363636363636364,94,94,100239165,200,2.2327077999943867,none
lstm_cnn,fold_1,sideway,Upper_Shadow_D,0.0126021953574667,0.8842975206611571,94,94,100239165,200,2.2327077999943867,none
lstm_cnn,fold_1,sideway,Lower_Shadow_D,0.0055548078766002,0.9834710743801652,94,94,100239165,200,2.2327077999943867,none
lstm_cnn,fold_1,sideway,Body_to_Range_D,0.1342884012101654,0.2148760330578512,94,94,100239165,200,2.2327077999943867,none
lstm_cnn,fold_1,sideway,Close_Position_D,0.0336675515222821,0.6198347107438017,94,94,100239165,200,2.2327077999943867,none
lstm_cnn,fold_1,sideway,Spread_W,0.0277380825783351,0.7272727272727273,94,94,100239165,200,2.2327077999943867,none
lstm_cnn,fold_1,sideway,Body_W,0.0521525470097604,0.4876033057851239,94,94,100239165,200,2.2327077999943867,none
lstm_cnn,fold_1,sideway,Close_Position_W,0.1206318861074026,0.2479338842975206,94,94,100239165,200,2.2327077999943867,none
lstm_cnn,fold_1,sideway,Spread_M,0.0425425912950115,0.5454545454545454,94,94,100239165,200,2.2327077999943867,none
lstm_cnn,fold_1,sideway,Body_M,0.1209370862308633,0.2396694214876033,94,94,100239165,200,2.2327077999943867,none
lstm_cnn,fold_1,sideway,Close_Position_M,0.0325678712207508,0.6528925619834711,94,94,100239165,200,2.2327077999943867,none
lstm_cnn,fold_1,sideway,Volume_MA_5,0.0154283340645479,0.8677685950413223,94,94,100239165,200,2.2327077999943867,none
lstm_cnn,fold_1,sideway,Volume_MA_20,0.0869178627545106,0.3471074380165289,94,94,100239165,200,2.2327077999943867,none
lstm_cnn,fold_1,sideway,Volume_Ratio_5,0.0868015513071199,0.3553719008264462,94,94,100239165,200,2.2327077999943867,none
lstm_cnn,fold_1,sideway,Volume_Ratio_20,0.0471434232282417,0.5289256198347108,94,94,100239165,200,2.2327077999943867,none
lstm_cnn,fold_1,sideway,Volume_Change_1D,0.0686034769432924,0.4214876033057851,94,94,100239165,200,2.2327077999943867,none
lstm_cnn,fold_1,sideway,Volume_Change_5D,0.0232483112766121,0.7768595041322314,94,94,100239165,200,2.2327077999943867,none
lstm_cnn,fold_1,sideway,Volume_Change_20D,0.0242506148336092,0.768595041322314,94,94,100239165,200,2.2327077999943867,none
lstm_cnn,fold_1,sideway,Direction_lag1,0.4252608739632241,0.0578512396694214,94,94,100239165,200,2.2327077999943867,none
lstm_cnn,fold_1,sideway,Direction_lag2,0.2240548951375456,0.1570247933884297,94,94,100239165,200,2.2327077999943867,none
lstm_cnn,fold_1,sideway,Direction_lag3,0.111475083109984,0.2809917355371901,94,94,100239165,200,2.2327077999943867,none
lstm_cnn,fold_1,sideway,Direction_lag5,0.1528402037675829,0.1900826446280991,94,94,100239165,200,2.2327077999943867,none
lstm_cnn,fold_1,sideway,Up_Ratio_5,0.1056178565984195,0.2892561983471074,94,94,100239165,200,2.2327077999943867,none
lstm_cnn,fold_1,sideway,Up_Ratio_10,0.0170256616657675,0.859504132231405,94,94,100239165,200,2.2327077999943867,none
lstm_cnn,fold_1,sideway,Up_Ratio_20,0.0270975109974004,0.743801652892562,94,94,100239165,200,2.2327077999943867,none
lstm_cnn,fold_1,sideway,Down_Ratio_5,0.1046065915965455,0.3057851239669421,94,94,100239165,200,2.2327077999943867,none
lstm_cnn,fold_1,sideway,Down_Ratio_10,0.0871714363569906,0.3388429752066115,94,94,100239165,200,2.2327077999943867,none
lstm_cnn,fold_1,sideway,Down_Ratio_20,0.0109475710891666,0.9008264462809916,94,94,100239165,200,2.2327077999943867,none
lstm_cnn,fold_1,sideway,WMA_5,0.4784225075584935,0.0413223140495867,94,94,100239165,200,2.2327077999943867,none
lstm_cnn,fold_1,sideway,WMA_10,0.3925028881097727,0.0743801652892562,94,94,100239165,200,2.2327077999943867,none
lstm_cnn,fold_1,sideway,WMA_20,0.0723672882036477,0.3884297520661157,94,94,100239165,200,2.2327077999943867,none
lstm_cnn,fold_1,sideway,WMA_60,0.878681259903502,0.0082644628099173,94,94,100239165,200,2.2327077999943867,none
lstm_cnn,fold_1,sideway,StochK_14,0.1238240577379095,0.2314049586776859,94,94,100239165,200,2.2327077999943867,none
lstm_cnn,fold_1,sideway,StochD_3,0.0774817090080771,0.3636363636363636,94,94,100239165,200,2.2327077999943867,none
lstm_cnn,fold_1,sideway,RSI_14,0.1130862052835467,0.2644628099173554,94,94,100239165,200,2.2327077999943867,none
lstm_cnn,fold_1,sideway,MACD_12_26,0.0554650085695899,0.4710743801652892,94,94,100239165,200,2.2327077999943867,none
lstm_cnn,fold_1,sideway,MACD_Signal_9,0.0120824037118997,0.8925619834710744,94,94,100239165,200,2.2327077999943867,none
lstm_cnn,fold_1,sideway,MACD_Histogram,0.042426763162624,0.5537190082644629,94,94,100239165,200,2.2327077999943867,none
lstm_cnn,fold_1,sideway,WilliamsR_14,0.2369883506878435,0.1322314049586777,94,94,100239165,200,2.2327077999943867,none
lstm_cnn,fold_1,sideway,CCI_20,0.0606103520895486,0.4545454545454545,94,94,100239165,200,2.2327077999943867,none
lstm_cnn,fold_1,sideway,ADX_14,0.1001898175227518,0.3140495867768595,94,94,100239165,200,2.2327077999943867,none
lstm_cnn,fold_1,sideway,PlusDI_14,0.069911732390958,0.4132231404958678,94,94,100239165,200,2.2327077999943867,none
lstm_cnn,fold_1,sideway,MinusDI_14,0.0970483269736216,0.3305785123966942,94,94,100239165,200,2.2327077999943867,none
lstm_cnn,fold_1,sideway,VMD_IMF_1,0.0699315605081244,0.4049586776859504,94,94,100239165,200,2.2327077999943867,none
lstm_cnn,fold_1,sideway,VMD_IMF_2,0.0188034328018486,0.8181818181818182,94,94,100239165,200,2.2327077999943867,none
lstm_cnn,fold_1,sideway,VMD_IMF_3,0.0093730631975176,0.9256198347107438,94,94,100239165,200,2.2327077999943867,none
lstm_cnn,fold_1,sideway,VMD_IMF_4,0.0267637661517923,0.7520661157024794,94,94,100239165,200,2.2327077999943867,none
lstm_cnn,fold_1,sideway,VMD_Denoised_Close,0.4204997494539365,0.0661157024793388,94,94,100239165,200,2.2327077999943867,none
lstm_cnn,fold_1,sideway,VMD_Noise_Energy_Ratio,0.0648319215579559,0.4380165289256198,94,94,100239165,200,2.2327077999943867,none
lstm_cnn,fold_2,bear,Open_D,0.129299903464814,0.2479338842975206,75,75,932796300,200,1.818037999997614,none
lstm_cnn,fold_2,bear,High_D,0.0316333277022628,0.6115702479338843,75,75,932796300,200,1.818037999997614,none
lstm_cnn,fold_2,bear,Low_D,0.1603588922750204,0.1983471074380165,75,75,932796300,200,1.818037999997614,none
lstm_cnn,fold_2,bear,Close_D,4.656369357849161,0.0,75,75,932796300,200,1.818037999997614,none
lstm_cnn,fold_2,bear,Volume_D,0.0138711125232621,0.8347107438016529,75,75,932796300,200,1.818037999997614,none
lstm_cnn,fold_2,bear,Change_pct_D,0.0317471432010994,0.6033057851239669,75,75,932796300,200,1.818037999997614,none
lstm_cnn,fold_2,bear,Open_W,0.3131574045752641,0.0495867768595041,75,75,932796300,200,1.818037999997614,none
lstm_cnn,fold_2,bear,High_W,0.0569368995736937,0.4462809917355372,75,75,932796300,200,1.818037999997614,none
lstm_cnn,fold_2,bear,Low_W,0.0995042718852031,0.3305785123966942,75,75,932796300,200,1.818037999997614,none
lstm_cnn,fold_2,bear,Close_W,0.2623882437199354,0.1074380165289256,75,75,932796300,200,1.818037999997614,none
lstm_cnn,fold_2,bear,Volume_W,0.0066924060354216,0.975206611570248,75,75,932796300,200,1.818037999997614,none
lstm_cnn,fold_2,bear,Change_pct_W,0.0077545183149686,0.950413223140496,75,75,932796300,200,1.818037999997614,none
lstm_cnn,fold_2,bear,Open_M,0.300840016670525,0.0743801652892562,75,75,932796300,200,1.818037999997614,none
lstm_cnn,fold_2,bear,High_M,0.1431273029146796,0.2231404958677686,75,75,932796300,200,1.818037999997614,none
lstm_cnn,fold_2,bear,Low_M,0.0755154357478022,0.3884297520661157,75,75,932796300,200,1.818037999997614,none
lstm_cnn,fold_2,bear,Close_M,0.4341559936656461,0.024793388429752,75,75,932796300,200,1.818037999997614,none
lstm_cnn,fold_2,bear,Volume_M,0.0300696902594451,0.628099173553719,75,75,932796300,200,1.818037999997614,none
lstm_cnn,fold_2,bear,Change_pct_M,0.0788545891721829,0.371900826446281,75,75,932796300,200,1.818037999997614,none
lstm_cnn,fold_2,bear,Close_D_lag1,0.3058837405592203,0.0661157024793388,75,75,932796300,200,1.818037999997614,none
lstm_cnn,fold_2,bear,Close_D_lag2,0.1827263378560698,0.1818181818181818,75,75,932796300,200,1.818037999997614,none
lstm_cnn,fold_2,bear,Close_D_lag3,0.2229030551679704,0.1239669421487603,75,75,932796300,200,1.818037999997614,none
lstm_cnn,fold_2,bear,Close_D_lag5,0.116951798627153,0.2727272727272727,75,75,932796300,200,1.818037999997614,none
lstm_cnn,fold_2,bear,Close_D_lag10,0.0471974179456738,0.4876033057851239,75,75,932796300,200,1.818037999997614,none
lstm_cnn,fold_2,bear,Close_D_lag20,0.2155208995605644,0.140495867768595,75,75,932796300,200,1.818037999997614,none
lstm_cnn,fold_2,bear,Close_D_lag60,0.1522333412598818,0.2148760330578512,75,75,932796300,200,1.818037999997614,none
lstm_cnn,fold_2,bear,Change_pct_D_lag1,0.0254009361812556,0.6776859504132231,75,75,932796300,200,1.818037999997614,none
lstm_cnn,fold_2,bear,Change_pct_D_lag2,0.0159509404579336,0.7933884297520661,75,75,932796300,200,1.818037999997614,none
lstm_cnn,fold_2,bear,Change_pct_D_lag3,0.0337482132981179,0.5702479338842975,75,75,932796300,200,1.818037999997614,none
lstm_cnn,fold_2,bear,Change_pct_D_lag5,0.0344286560314561,0.5619834710743802,75,75,932796300,200,1.818037999997614,none
lstm_cnn,fold_2,bear,Change_pct_D_lag10,0.03333543493394,0.5785123966942148,75,75,932796300,200,1.818037999997614,none
lstm_cnn,fold_2,bear,Change_pct_D_lag20,0.0151287564243372,0.8181818181818182,75,75,932796300,200,1.818037999997614,none
lstm_cnn,fold_2,bear,Volume_D_lag1,0.0356684077753622,0.5537190082644629,75,75,932796300,200,1.818037999997614,none
lstm_cnn,fold_2,bear,Volume_D_lag2,0.0075650278320728,0.9586776859504132,75,75,932796300,200,1.818037999997614,none
lstm_cnn,fold_2,bear,Volume_D_lag3,0.0104514512035466,0.9173553719008264,75,75,932796300,200,1.818037999997614,none
lstm_cnn,fold_2,bear,Volume_D_lag5,0.0188167175305349,0.7768595041322314,75,75,932796300,200,1.818037999997614,none
lstm_cnn,fold_2,bear,Volume_D_lag10,0.015619452311336,0.8016528925619835,75,75,932796300,200,1.818037999997614,none
lstm_cnn,fold_2,bear,Volume_D_lag20,0.0296443487685919,0.6446280991735537,75,75,932796300,200,1.818037999997614,none
lstm_cnn,fold_2,bear,Close_W_lag1,0.2001760651040046,0.1570247933884297,75,75,932796300,200,1.818037999997614,none
lstm_cnn,fold_2,bear,Close_W_lag2,0.2699410148163637,0.0991735537190082,75,75,932796300,200,1.818037999997614,none
lstm_cnn,fold_2,bear,Close_W_lag4,0.0498867915821708,0.4793388429752066,75,75,932796300,200,1.818037999997614,none
lstm_cnn,fold_2,bear,Close_M_lag1,0.3601053340807557,0.0413223140495867,75,75,932796300,200,1.818037999997614,none
lstm_cnn,fold_2,bear,Close_M_lag3,0.1107256006875213,0.2892561983471074,75,75,932796300,200,1.818037999997614,none
lstm_cnn,fold_2,bear,Return_1D,0.0081121702468111,0.9421487603305784,75,75,932796300,200,1.818037999997614,none
lstm_cnn,fold_2,bear,Return_3D,0.0320129748505405,0.5950413223140496,75,75,932796300,200,1.818037999997614,none
lstm_cnn,fold_2,bear,Return_5D,0.0147303509473814,0.8264462809917356,75,75,932796300,200,1.818037999997614,none
lstm_cnn,fold_2,bear,Return_10D,0.0234269258553925,0.7107438016528925,75,75,932796300,200,1.818037999997614,none
lstm_cnn,fold_2,bear,Return_20D,0.032249330838231,0.5867768595041323,75,75,932796300,200,1.818037999997614,none
lstm_cnn,fold_2,bear,Return_60D,0.0127469978269033,0.859504132231405,75,75,932796300,200,1.818037999997614,none
lstm_cnn,fold_2,bear,SMA_5,0.307545965536187,0.0578512396694214,75,75,932796300,200,1.818037999997614,none
lstm_cnn,fold_2,bear,SMA_10,0.0251913318381017,0.6859504132231405,75,75,932796300,200,1.818037999997614,none
lstm_cnn,fold_2,bear,SMA_20,0.1316491878277738,0.2314049586776859,75,75,932796300,200,1.818037999997614,none
lstm_cnn,fold_2,bear,SMA_60,0.444257619060576,0.0165289256198347,75,75,932796300,200,1.818037999997614,none
lstm_cnn,fold_2,bear,Close_to_SMA_5,0.012634272853035,0.8677685950413223,75,75,932796300,200,1.818037999997614,none
lstm_cnn,fold_2,bear,Close_to_SMA_10,0.0118474986720475,0.8842975206611571,75,75,932796300,200,1.818037999997614,none
lstm_cnn,fold_2,bear,Close_to_SMA_20,0.0228600507727084,0.71900826446281,75,75,932796300,200,1.818037999997614,none
lstm_cnn,fold_2,bear,Close_to_SMA_60,0.0515391382403419,0.4710743801652892,75,75,932796300,200,1.818037999997614,none
lstm_cnn,fold_2,bear,Volatility_5,0.0312098161083129,0.6198347107438017,75,75,932796300,200,1.818037999997614,none
lstm_cnn,fold_2,bear,Volatility_10,0.0258225811002994,0.6694214876033058,75,75,932796300,200,1.818037999997614,none
lstm_cnn,fold_2,bear,Volatility_20,0.0136256503411732,0.8512396694214877,75,75,932796300,200,1.818037999997614,none
lstm_cnn,fold_2,bear,Volatility_60,0.1708165623289533,0.1900826446280991,75,75,932796300,200,1.818037999997614,none
lstm_cnn,fold_2,bear,Momentum_5,0.009043459239568,0.9256198347107438,75,75,932796300,200,1.818037999997614,none
lstm_cnn,fold_2,bear,Momentum_10,0.0612257340967723,0.4297520661157025,75,75,932796300,200,1.818037999997614,none
lstm_cnn,fold_2,bear,Momentum_20,0.0362726028726898,0.5371900826446281,75,75,932796300,200,1.818037999997614,none
lstm_cnn,fold_2,bear,Momentum_60,0.0299881205369082,0.6363636363636364,75,75,932796300,200,1.818037999997614,none
lstm_cnn,fold_2,bear,ROC_5,0.0242701598872857,0.6942148760330579,75,75,932796300,200,1.818037999997614,none
lstm_cnn,fold_2,bear,ROC_10,0.0226368190985103,0.7272727272727273,75,75,932796300,200,1.818037999997614,none
lstm_cnn,fold_2,bear,ROC_20,0.0609167901465273,0.4380165289256198,75,75,932796300,200,1.818037999997614,none
lstm_cnn,fold_2,bear,ROC_60,0.0374538079753985,0.5206611570247934,75,75,932796300,200,1.818037999997614,none
lstm_cnn,fold_2,bear,Ratio_Close_D_to_W,0.0062687607469354,0.9917355371900828,75,75,932796300,200,1.818037999997614,none
lstm_cnn,fold_2,bear,Ratio_Close_D_to_M,0.0681293358815698,0.4214876033057851,75,75,932796300,200,1.818037999997614,none
lstm_cnn,fold_2,bear,Ratio_Volume_D_to_W,0.0072638573930595,0.9669421487603306,75,75,932796300,200,1.818037999997614,none
lstm_cnn,fold_2,bear,Spread_D,0.0087473109525981,0.9338842975206612,75,75,932796300,200,1.818037999997614,none
lstm_cnn,fold_2,bear,Body_D,0.0122050554670562,0.8760330578512396,75,75,932796300,200,1.818037999997614,none
lstm_cnn,fold_2,bear,Body_abs_D,0.0769173688534465,0.3801652892561983,75,75,932796300,200,1.818037999997614,none
lstm_cnn,fold_2,bear,Upper_Shadow_D,0.0115430550206994,0.8925619834710744,75,75,932796300,200,1.818037999997614,none
lstm_cnn,fold_2,bear,Lower_Shadow_D,0.0036208390421198,1.0,75,75,932796300,200,1.818037999997614,none
lstm_cnn,fold_2,bear,Body_to_Range_D,0.1174434712005313,0.2644628099173554,75,75,932796300,200,1.818037999997614,none
lstm_cnn,fold_2,bear,Close_Position_D,0.0537411865477248,0.4628099173553719,75,75,932796300,200,1.818037999997614,none
lstm_cnn,fold_2,bear,Spread_W,0.0108551751668912,0.9008264462809916,75,75,932796300,200,1.818037999997614,none
lstm_cnn,fold_2,bear,Body_W,0.0263856292986044,0.6611570247933884,75,75,932796300,200,1.818037999997614,none
lstm_cnn,fold_2,bear,Close_Position_W,0.0214140770669594,0.743801652892562,75,75,932796300,200,1.818037999997614,none
lstm_cnn,fold_2,bear,Spread_M,0.0196157839508402,0.768595041322314,75,75,932796300,200,1.818037999997614,none
lstm_cnn,fold_2,bear,Body_M,0.042885196403251,0.5041322314049587,75,75,932796300,200,1.818037999997614,none
lstm_cnn,fold_2,bear,Close_Position_M,0.0741098085186555,0.396694214876033,75,75,932796300,200,1.818037999997614,none
lstm_cnn,fold_2,bear,Volume_MA_5,0.0213896699862816,0.7520661157024794,75,75,932796300,200,1.818037999997614,none
lstm_cnn,fold_2,bear,Volume_MA_20,0.0108053300323414,0.9090909090909092,75,75,932796300,200,1.818037999997614,none
lstm_cnn,fold_2,bear,Volume_Ratio_5,0.0830470011801468,0.3553719008264462,75,75,932796300,200,1.818037999997614,none
lstm_cnn,fold_2,bear,Volume_Ratio_20,0.0274194419670648,0.6528925619834711,75,75,932796300,200,1.818037999997614,none
lstm_cnn,fold_2,bear,Volume_Change_1D,0.0719779877758707,0.4049586776859504,75,75,932796300,200,1.818037999997614,none
lstm_cnn,fold_2,bear,Volume_Change_5D,0.0137356160030637,0.8429752066115702,75,75,932796300,200,1.818037999997614,none
lstm_cnn,fold_2,bear,Volume_Change_20D,0.018465503064003,0.7851239669421488,75,75,932796300,200,1.818037999997614,none
lstm_cnn,fold_2,bear,Direction_lag1,0.2711725552777449,0.0909090909090909,75,75,932796300,200,1.818037999997614,none
lstm_cnn,fold_2,bear,Direction_lag2,0.0461015966289272,0.4958677685950413,75,75,932796300,200,1.818037999997614,none
lstm_cnn,fold_2,bear,Direction_lag3,0.1310322183336635,0.2396694214876033,75,75,932796300,200,1.818037999997614,none
lstm_cnn,fold_2,bear,Direction_lag5,0.0844766221274864,0.3471074380165289,75,75,932796300,200,1.818037999997614,none
lstm_cnn,fold_2,bear,Up_Ratio_5,0.0943323243055492,0.3388429752066115,75,75,932796300,200,1.818037999997614,none
lstm_cnn,fold_2,bear,Up_Ratio_10,0.0222949027813641,0.7355371900826446,75,75,932796300,200,1.818037999997614,none
lstm_cnn,fold_2,bear,Up_Ratio_20,0.0705482518599407,0.4132231404958678,75,75,932796300,200,1.818037999997614,none
lstm_cnn,fold_2,bear,Down_Ratio_5,0.0357963428692407,0.5454545454545454,75,75,932796300,200,1.818037999997614,none
lstm_cnn,fold_2,bear,Down_Ratio_10,0.1852471052186338,0.1735537190082644,75,75,932796300,200,1.818037999997614,none
lstm_cnn,fold_2,bear,Down_Ratio_20,0.0240347975079797,0.7024793388429752,75,75,932796300,200,1.818037999997614,none
lstm_cnn,fold_2,bear,WMA_5,0.2920508010244618,0.0826446280991735,75,75,932796300,200,1.818037999997614,none
lstm_cnn,fold_2,bear,WMA_10,0.364376827908059,0.0330578512396694,75,75,932796300,200,1.818037999997614,none
lstm_cnn,fold_2,bear,WMA_20,0.1263390184380114,0.256198347107438,75,75,932796300,200,1.818037999997614,none
lstm_cnn,fold_2,bear,WMA_60,0.573279410118858,0.0082644628099173,75,75,932796300,200,1.818037999997614,none
lstm_cnn,fold_2,bear,StochK_14,0.2182846116115688,0.1322314049586777,75,75,932796300,200,1.818037999997614,none
lstm_cnn,fold_2,bear,StochD_3,0.2028564424146122,0.1487603305785124,75,75,932796300,200,1.818037999997614,none
lstm_cnn,fold_2,bear,RSI_14,0.1933950751992718,0.1652892561983471,75,75,932796300,200,1.818037999997614,none
lstm_cnn,fold_2,bear,MACD_12_26,0.0552996707077739,0.4545454545454545,75,75,932796300,200,1.818037999997614,none
lstm_cnn,fold_2,bear,MACD_Signal_9,0.0153914955210457,0.8099173553719008,75,75,932796300,200,1.818037999997614,none
lstm_cnn,fold_2,bear,MACD_Histogram,0.0364624379392686,0.5289256198347108,75,75,932796300,200,1.818037999997614,none
lstm_cnn,fold_2,bear,WilliamsR_14,0.2545233527702609,0.1157024793388429,75,75,932796300,200,1.818037999997614,none
lstm_cnn,fold_2,bear,CCI_20,0.1095696989423013,0.2975206611570248,75,75,932796300,200,1.818037999997614,none
lstm_cnn,fold_2,bear,ADX_14,0.1017581831604087,0.3223140495867768,75,75,932796300,200,1.818037999997614,none
lstm_cnn,fold_2,bear,PlusDI_14,0.1092246835595045,0.3057851239669421,75,75,932796300,200,1.818037999997614,none
lstm_cnn,fold_2,bear,MinusDI_14,0.105678424956112,0.3140495867768595,75,75,932796300,200,1.818037999997614,none
lstm_cnn,fold_2,bear,VMD_IMF_1,0.1143927888187269,0.2809917355371901,75,75,932796300,200,1.818037999997614,none
lstm_cnn,fold_2,bear,VMD_IMF_2,0.0213857560983257,0.7603305785123967,75,75,932796300,200,1.818037999997614,none
lstm_cnn,fold_2,bear,VMD_IMF_3,0.0417972554391987,0.512396694214876,75,75,932796300,200,1.818037999997614,none
lstm_cnn,fold_2,bear,VMD_IMF_4,0.0065493795568327,0.9834710743801652,75,75,932796300,200,1.818037999997614,none
lstm_cnn,fold_2,bear,VMD_Denoised_Close,0.1528840745240449,0.2066115702479339,75,75,932796300,200,1.818037999997614,none
lstm_cnn,fold_2,bear,VMD_Noise_Energy_Ratio,0.0794793966254995,0.3636363636363636,75,75,932796300,200,1.818037999997614,none
lstm_cnn,fold_2,bull,Open_D,0.1134827897357019,0.256198347107438,76,76,1048517540,200,1.8751755999983288,none
lstm_cnn,fold_2,bull,High_D,0.0263040593724781,0.6611570247933884,76,76,1048517540,200,1.8751755999983288,none
lstm_cnn,fold_2,bull,Low_D,0.1439121621807939,0.2066115702479339,76,76,1048517540,200,1.8751755999983288,none
lstm_cnn,fold_2,bull,Close_D,6.5345681203872354,0.0,76,76,1048517540,200,1.8751755999983288,none
lstm_cnn,fold_2,bull,Volume_D,0.0149041989523892,0.8429752066115702,76,76,1048517540,200,1.8751755999983288,none
lstm_cnn,fold_2,bull,Change_pct_D,0.0291099502881934,0.6033057851239669,76,76,1048517540,200,1.8751755999983288,none
lstm_cnn,fold_2,bull,Open_W,0.2575262782683479,0.0661157024793388,76,76,1048517540,200,1.8751755999983288,none
lstm_cnn,fold_2,bull,High_W,0.0480000973354447,0.4793388429752066,76,76,1048517540,200,1.8751755999983288,none
lstm_cnn,fold_2,bull,Low_W,0.0846040175094075,0.3553719008264462,76,76,1048517540,200,1.8751755999983288,none
lstm_cnn,fold_2,bull,Close_W,0.2134782222271161,0.1074380165289256,76,76,1048517540,200,1.8751755999983288,none
lstm_cnn,fold_2,bull,Volume_W,0.0070566508343958,0.9586776859504132,76,76,1048517540,200,1.8751755999983288,none
lstm_cnn,fold_2,bull,Change_pct_W,0.0070508853401957,0.9669421487603306,76,76,1048517540,200,1.8751755999983288,none
lstm_cnn,fold_2,bull,Open_M,0.3096724684191462,0.0413223140495867,76,76,1048517540,200,1.8751755999983288,none
lstm_cnn,fold_2,bull,High_M,0.1522726756232594,0.1900826446280991,76,76,1048517540,200,1.8751755999983288,none
lstm_cnn,fold_2,bull,Low_M,0.0633631356259636,0.4297520661157025,76,76,1048517540,200,1.8751755999983288,none
lstm_cnn,fold_2,bull,Close_M,0.3541920184747787,0.024793388429752,76,76,1048517540,200,1.8751755999983288,none
lstm_cnn,fold_2,bull,Volume_M,0.0308134695821853,0.5702479338842975,76,76,1048517540,200,1.8751755999983288,none
lstm_cnn,fold_2,bull,Change_pct_M,0.0722391506755517,0.4049586776859504,76,76,1048517540,200,1.8751755999983288,none
lstm_cnn,fold_2,bull,Close_D_lag1,0.2892281262400119,0.0578512396694214,76,76,1048517540,200,1.8751755999983288,none
lstm_cnn,fold_2,bull,Close_D_lag2,0.16141056902033,0.1818181818181818,76,76,1048517540,200,1.8751755999983288,none
lstm_cnn,fold_2,bull,Close_D_lag3,0.1946314755504988,0.1239669421487603,76,76,1048517540,200,1.8751755999983288,none
lstm_cnn,fold_2,bull,Close_D_lag5,0.1037288251391146,0.2975206611570248,76,76,1048517540,200,1.8751755999983288,none
lstm_cnn,fold_2,bull,Close_D_lag10,0.0547950949825223,0.4628099173553719,76,76,1048517540,200,1.8751755999983288,none
lstm_cnn,fold_2,bull,Close_D_lag20,0.2050079239574858,0.1157024793388429,76,76,1048517540,200,1.8751755999983288,none
lstm_cnn,fold_2,bull,Close_D_lag60,0.1272078126417718,0.2231404958677686,76,76,1048517540,200,1.8751755999983288,none
lstm_cnn,fold_2,bull,Change_pct_D_lag1,0.025178940837566,0.6694214876033058,76,76,1048517540,200,1.8751755999983288,none
lstm_cnn,fold_2,bull,Change_pct_D_lag2,0.0153483215256241,0.8264462809917356,76,76,1048517540,200,1.8751755999983288,none
lstm_cnn,fold_2,bull,Change_pct_D_lag3,0.0303621784462071,0.5867768595041323,76,76,1048517540,200,1.8751755999983288,none
lstm_cnn,fold_2,bull,Change_pct_D_lag5,0.0371468305292122,0.5371900826446281,76,76,1048517540,200,1.8751755999983288,none
lstm_cnn,fold_2,bull,Change_pct_D_lag10,0.0339392803753499,0.5454545454545454,76,76,1048517540,200,1.8751755999983288,none
lstm_cnn,fold_2,bull,Change_pct_D_lag20,0.0149115104125021,0.8347107438016529,76,76,1048517540,200,1.8751755999983288,none
lstm_cnn,fold_2,bull,Volume_D_lag1,0.0378874259335313,0.5289256198347108,76,76,1048517540,200,1.8751755999983288,none
lstm_cnn,fold_2,bull,Volume_D_lag2,0.0089185764220139,0.9256198347107438,76,76,1048517540,200,1.8751755999983288,none
lstm_cnn,fold_2,bull,Volume_D_lag3,0.0098355640741535,0.9090909090909092,76,76,1048517540,200,1.8751755999983288,none
lstm_cnn,fold_2,bull,Volume_D_lag5,0.0210119349185393,0.7355371900826446,76,76,1048517540,200,1.8751755999983288,none
lstm_cnn,fold_2,bull,Volume_D_lag10,0.0187864000545923,0.7520661157024794,76,76,1048517540,200,1.8751755999983288,none
lstm_cnn,fold_2,bull,Volume_D_lag20,0.0266816547906393,0.6446280991735537,76,76,1048517540,200,1.8751755999983288,none
lstm_cnn,fold_2,bull,Close_W_lag1,0.1716294927072196,0.1652892561983471,76,76,1048517540,200,1.8751755999983288,none
lstm_cnn,fold_2,bull,Close_W_lag2,0.2310325889529562,0.0909090909090909,76,76,1048517540,200,1.8751755999983288,none
lstm_cnn,fold_2,bull,Close_W_lag4,0.0437333694984383,0.4958677685950413,76,76,1048517540,200,1.8751755999983288,none
lstm_cnn,fold_2,bull,Close_M_lag1,0.2984792282608778,0.0495867768595041,76,76,1048517540,200,1.8751755999983288,none
lstm_cnn,fold_2,bull,Close_M_lag3,0.0799846610630323,0.371900826446281,76,76,1048517540,200,1.8751755999983288,none
lstm_cnn,fold_2,bull,Return_1D,0.0059758504099775,0.9834710743801652,76,76,1048517540,200,1.8751755999983288,none
lstm_cnn,fold_2,bull,Return_3D,0.0273109738087483,0.6363636363636364,76,76,1048517540,200,1.8751755999983288,none
lstm_cnn,fold_2,bull,Return_5D,0.012330029269884,0.8760330578512396,76,76,1048517540,200,1.8751755999983288,none
lstm_cnn,fold_2,bull,Return_10D,0.0279209356877728,0.628099173553719,76,76,1048517540,200,1.8751755999983288,none
lstm_cnn,fold_2,bull,Return_20D,0.0303563184874812,0.5950413223140496,76,76,1048517540,200,1.8751755999983288,none
lstm_cnn,fold_2,bull,Return_60D,0.0170988925136354,0.7851239669421488,76,76,1048517540,200,1.8751755999983288,none
lstm_cnn,fold_2,bull,SMA_5,0.2475716225055389,0.0826446280991735,76,76,1048517540,200,1.8751755999983288,none
lstm_cnn,fold_2,bull,SMA_10,0.0220547586424034,0.7272727272727273,76,76,1048517540,200,1.8751755999983288,none
lstm_cnn,fold_2,bull,SMA_20,0.1115996840176744,0.2644628099173554,76,76,1048517540,200,1.8751755999983288,none
lstm_cnn,fold_2,bull,SMA_60,0.3893931262170602,0.0165289256198347,76,76,1048517540,200,1.8751755999983288,none
lstm_cnn,fold_2,bull,Close_to_SMA_5,0.0112742164658297,0.8842975206611571,76,76,1048517540,200,1.8751755999983288,none
lstm_cnn,fold_2,bull,Close_to_SMA_10,0.0082333141240146,0.9421487603305784,76,76,1048517540,200,1.8751755999983288,none
lstm_cnn,fold_2,bull,Close_to_SMA_20,0.0226364676043664,0.7107438016528925,76,76,1048517540,200,1.8751755999983288,none
lstm_cnn,fold_2,bull,Close_to_SMA_60,0.048524112321004,0.4710743801652892,76,76,1048517540,200,1.8751755999983288,none
lstm_cnn,fold_2,bull,Volatility_5,0.0305946061283592,0.5785123966942148,76,76,1048517540,200,1.8751755999983288,none
lstm_cnn,fold_2,bull,Volatility_10,0.0222056748947247,0.71900826446281,76,76,1048517540,200,1.8751755999983288,none
lstm_cnn,fold_2,bull,Volatility_20,0.0102645064795297,0.8925619834710744,76,76,1048517540,200,1.8751755999983288,none
lstm_cnn,fold_2,bull,Volatility_60,0.1734915284416944,0.1570247933884297,76,76,1048517540,200,1.8751755999983288,none
lstm_cnn,fold_2,bull,Momentum_5,0.0092817465934654,0.9173553719008264,76,76,1048517540,200,1.8751755999983288,none
lstm_cnn,fold_2,bull,Momentum_10,0.0644274955690099,0.4214876033057851,76,76,1048517540,200,1.8751755999983288,none
lstm_cnn,fold_2,bull,Momentum_20,0.0475215484665592,0.4876033057851239,76,76,1048517540,200,1.8751755999983288,none
lstm_cnn,fold_2,bull,Momentum_60,0.0266376499951434,0.6528925619834711,76,76,1048517540,200,1.8751755999983288,none
lstm_cnn,fold_2,bull,ROC_5,0.0240044719135326,0.6776859504132231,76,76,1048517540,200,1.8751755999983288,none
lstm_cnn,fold_2,bull,ROC_10,0.016657151807208,0.7933884297520661,76,76,1048517540,200,1.8751755999983288,none
lstm_cnn,fold_2,bull,ROC_20,0.066085160523014,0.4132231404958678,76,76,1048517540,200,1.8751755999983288,none
lstm_cnn,fold_2,bull,ROC_60,0.0379552004799853,0.5206611570247934,76,76,1048517540,200,1.8751755999983288,none
lstm_cnn,fold_2,bull,Ratio_Close_D_to_W,0.0048098574772652,0.9917355371900828,76,76,1048517540,200,1.8751755999983288,none
lstm_cnn,fold_2,bull,Ratio_Close_D_to_M,0.1064830202670954,0.2809917355371901,76,76,1048517540,200,1.8751755999983288,none
lstm_cnn,fold_2,bull,Ratio_Volume_D_to_W,0.0071651547802989,0.950413223140496,76,76,1048517540,200,1.8751755999983288,none
lstm_cnn,fold_2,bull,Spread_D,0.0100957252507607,0.9008264462809916,76,76,1048517540,200,1.8751755999983288,none
lstm_cnn,fold_2,bull,Body_D,0.0126772710804437,0.8677685950413223,76,76,1048517540,200,1.8751755999983288,none
lstm_cnn,fold_2,bull,Body_abs_D,0.0770270483295193,0.3801652892561983,76,76,1048517540,200,1.8751755999983288,none
lstm_cnn,fold_2,bull,Upper_Shadow_D,0.0147154656454811,0.8512396694214877,76,76,1048517540,200,1.8751755999983288,none
lstm_cnn,fold_2,bull,Lower_Shadow_D,0.0031768495204227,1.0,76,76,1048517540,200,1.8751755999983288,none
lstm_cnn,fold_2,bull,Body_to_Range_D,0.1146941318596203,0.2479338842975206,76,76,1048517540,200,1.8751755999983288,none
lstm_cnn,fold_2,bull,Close_Position_D,0.0617677258551147,0.4380165289256198,76,76,1048517540,200,1.8751755999983288,none
lstm_cnn,fold_2,bull,Spread_W,0.0136486947498314,0.859504132231405,76,76,1048517540,200,1.8751755999983288,none
lstm_cnn,fold_2,bull,Body_W,0.0232340591699773,0.6942148760330579,76,76,1048517540,200,1.8751755999983288,none
lstm_cnn,fold_2,bull,Close_Position_W,0.023841919087066,0.6859504132231405,76,76,1048517540,200,1.8751755999983288,none
lstm_cnn,fold_2,bull,Spread_M,0.0183483806370795,0.768595041322314,76,76,1048517540,200,1.8751755999983288,none
lstm_cnn,fold_2,bull,Body_M,0.0398892180943364,0.512396694214876,76,76,1048517540,200,1.8751755999983288,none
lstm_cnn,fold_2,bull,Close_Position_M,0.1057499715867152,0.2892561983471074,76,76,1048517540,200,1.8751755999983288,none
lstm_cnn,fold_2,bull,Volume_MA_5,0.0178160680397851,0.7768595041322314,76,76,1048517540,200,1.8751755999983288,none
lstm_cnn,fold_2,bull,Volume_MA_20,0.008828510212905,0.9338842975206612,76,76,1048517540,200,1.8751755999983288,none
lstm_cnn,fold_2,bull,Volume_Ratio_5,0.0867291462495048,0.3471074380165289,76,76,1048517540,200,1.8751755999983288,none
lstm_cnn,fold_2,bull,Volume_Ratio_20,0.0284414465857313,0.6115702479338843,76,76,1048517540,200,1.8751755999983288,none
lstm_cnn,fold_2,bull,Volume_Change_1D,0.0878160892404641,0.3388429752066115,76,76,1048517540,200,1.8751755999983288,none
lstm_cnn,fold_2,bull,Volume_Change_5D,0.0164526634593166,0.8099173553719008,76,76,1048517540,200,1.8751755999983288,none
lstm_cnn,fold_2,bull,Volume_Change_20D,0.0231261009027093,0.7024793388429752,76,76,1048517540,200,1.8751755999983288,none
lstm_cnn,fold_2,bull,Direction_lag1,0.2262500204783129,0.0991735537190082,76,76,1048517540,200,1.8751755999983288,none
lstm_cnn,fold_2,bull,Direction_lag2,0.040274498334394,0.5041322314049587,76,76,1048517540,200,1.8751755999983288,none
lstm_cnn,fold_2,bull,Direction_lag3,0.1018594474401125,0.3057851239669421,76,76,1048517540,200,1.8751755999983288,none
lstm_cnn,fold_2,bull,Direction_lag5,0.0736691965861113,0.396694214876033,76,76,1048517540,200,1.8751755999983288,none
lstm_cnn,fold_2,bull,Up_Ratio_5,0.0760489852613554,0.3884297520661157,76,76,1048517540,200,1.8751755999983288,none
lstm_cnn,fold_2,bull,Up_Ratio_10,0.0197574545907556,0.743801652892562,76,76,1048517540,200,1.8751755999983288,none
lstm_cnn,fold_2,bull,Up_Ratio_20,0.0603571754147866,0.4462809917355372,76,76,1048517540,200,1.8751755999983288,none
lstm_cnn,fold_2,bull,Down_Ratio_5,0.0328743614635557,0.5619834710743802,76,76,1048517540,200,1.8751755999983288,none
lstm_cnn,fold_2,bull,Down_Ratio_10,0.1406481670257084,0.2148760330578512,76,76,1048517540,200,1.8751755999983288,none
lstm_cnn,fold_2,bull,Down_Ratio_20,0.0165207422190929,0.8016528925619835,76,76,1048517540,200,1.8751755999983288,none
lstm_cnn,fold_2,bull,WMA_5,0.2535052458516331,0.0743801652892562,76,76,1048517540,200,1.8751755999983288,none
lstm_cnn,fold_2,bull,WMA_10,0.3167335460795776,0.0330578512396694,76,76,1048517540,200,1.8751755999983288,none
lstm_cnn,fold_2,bull,WMA_20,0.1196733366752452,0.2314049586776859,76,76,1048517540,200,1.8751755999983288,none
lstm_cnn,fold_2,bull,WMA_60,0.5175332326392986,0.0082644628099173,76,76,1048517540,200,1.8751755999983288,none
lstm_cnn,fold_2,bull,StochK_14,0.1685504667242663,0.1735537190082644,76,76,1048517540,200,1.8751755999983288,none
lstm_cnn,fold_2,bull,StochD_3,0.1757878053820796,0.1487603305785124,76,76,1048517540,200,1.8751755999983288,none
lstm_cnn,fold_2,bull,RSI_14,0.1944838209849117,0.1322314049586777,76,76,1048517540,200,1.8751755999983288,none
lstm_cnn,fold_2,bull,MACD_12_26,0.0601442402334585,0.4545454545454545,76,76,1048517540,200,1.8751755999983288,none
lstm_cnn,fold_2,bull,MACD_Signal_9,0.0164000897831541,0.8181818181818182,76,76,1048517540,200,1.8751755999983288,none
lstm_cnn,fold_2,bull,MACD_Histogram,0.0335410059367114,0.5537190082644629,76,76,1048517540,200,1.8751755999983288,none
lstm_cnn,fold_2,bull,WilliamsR_14,0.1873969846952209,0.140495867768595,76,76,1048517540,200,1.8751755999983288,none
lstm_cnn,fold_2,bull,CCI_20,0.0938613377617289,0.3305785123966942,76,76,1048517540,200,1.8751755999983288,none
lstm_cnn,fold_2,bull,ADX_14,0.0945624952195334,0.3223140495867768,76,76,1048517540,200,1.8751755999983288,none
lstm_cnn,fold_2,bull,PlusDI_14,0.1076771387075591,0.2727272727272727,76,76,1048517540,200,1.8751755999983288,none
lstm_cnn,fold_2,bull,MinusDI_14,0.1171755244662084,0.2396694214876033,76,76,1048517540,200,1.8751755999983288,none
lstm_cnn,fold_2,bull,VMD_IMF_1,0.1014779694151672,0.3140495867768595,76,76,1048517540,200,1.8751755999983288,none
lstm_cnn,fold_2,bull,VMD_IMF_2,0.018749283899956,0.7603305785123967,76,76,1048517540,200,1.8751755999983288,none
lstm_cnn,fold_2,bull,VMD_IMF_3,0.0282457787187306,0.6198347107438017,76,76,1048517540,200,1.8751755999983288,none
lstm_cnn,fold_2,bull,VMD_IMF_4,0.0063629561459373,0.975206611570248,76,76,1048517540,200,1.8751755999983288,none
lstm_cnn,fold_2,bull,VMD_Denoised_Close,0.1480811770025052,0.1983471074380165,76,76,1048517540,200,1.8751755999983288,none
lstm_cnn,fold_2,bull,VMD_Noise_Energy_Ratio,0.0822924185867553,0.3636363636363636,76,76,1048517540,200,1.8751755999983288,none
lstm_cnn,fold_2,global,Open_D,0.1181100250061717,0.256198347107438,243,128,987278211,200,3.4901238000020385,none
lstm_cnn,fold_2,global,High_D,0.0283095765133001,0.6446280991735537,243,128,987278211,200,3.4901238000020385,none
lstm_cnn,fold_2,global,Low_D,0.1482120222815865,0.1983471074380165,243,128,987278211,200,3.4901238000020385,none
lstm_cnn,fold_2,global,Close_D,5.437865343375597,0.0,243,128,987278211,200,3.4901238000020385,none
lstm_cnn,fold_2,global,Volume_D,0.0142294707704542,0.8512396694214877,243,128,987278211,200,3.4901238000020385,none
lstm_cnn,fold_2,global,Change_pct_D,0.0316727077574995,0.5950413223140496,243,128,987278211,200,3.4901238000020385,none
lstm_cnn,fold_2,global,Open_W,0.2799118983338452,0.0661157024793388,243,128,987278211,200,3.4901238000020385,none
lstm_cnn,fold_2,global,High_W,0.0510928830005532,0.4710743801652892,243,128,987278211,200,3.4901238000020385,none
lstm_cnn,fold_2,global,Low_W,0.0902311374252782,0.3388429752066115,243,128,987278211,200,3.4901238000020385,none
lstm_cnn,fold_2,global,Close_W,0.2318317031014885,0.1074380165289256,243,128,987278211,200,3.4901238000020385,none
lstm_cnn,fold_2,global,Volume_W,0.0066505415059337,0.9834710743801652,243,128,987278211,200,3.4901238000020385,none
lstm_cnn,fold_2,global,Change_pct_W,0.0076481857628703,0.950413223140496,243,128,987278211,200,3.4901238000020385,none
lstm_cnn,fold_2,global,Open_M,0.3012133226743714,0.0495867768595041,243,128,987278211,200,3.4901238000020385,none
lstm_cnn,fold_2,global,High_M,0.1443176195412007,0.2148760330578512,243,128,987278211,200,3.4901238000020385,none
lstm_cnn,fold_2,global,Low_M,0.068907584266617,0.4132231404958678,243,128,987278211,200,3.4901238000020385,none
lstm_cnn,fold_2,global,Close_M,0.3884423968603322,0.024793388429752,243,128,987278211,200,3.4901238000020385,none
lstm_cnn,fold_2,global,Volume_M,0.0301937575643723,0.6033057851239669,243,128,987278211,200,3.4901238000020385,none
lstm_cnn,fold_2,global,Change_pct_M,0.0703392987579107,0.4049586776859504,243,128,987278211,200,3.4901238000020385,none
lstm_cnn,fold_2,global,Close_D_lag1,0.2883525004508556,0.0578512396694214,243,128,987278211,200,3.4901238000020385,none
lstm_cnn,fold_2,global,Close_D_lag2,0.1662000843988607,0.1735537190082644,243,128,987278211,200,3.4901238000020385,none
lstm_cnn,fold_2,global,Close_D_lag3,0.2027125688825627,0.1322314049586777,243,128,987278211,200,3.4901238000020385,none
lstm_cnn,fold_2,global,Close_D_lag5,0.1068276013440481,0.2727272727272727,243,128,987278211,200,3.4901238000020385,none
lstm_cnn,fold_2,global,Close_D_lag10,0.0497668088162072,0.4793388429752066,243,128,987278211,200,3.4901238000020385,none
lstm_cnn,fold_2,global,Close_D_lag20,0.2072939848066766,0.1239669421487603,243,128,987278211,200,3.4901238000020385,none
lstm_cnn,fold_2,global,Close_D_lag60,0.1424125543097943,0.2231404958677686,243,128,987278211,200,3.4901238000020385,none
lstm_cnn,fold_2,global,Change_pct_D_lag1,0.0263898607621523,0.6694214876033058,243,128,987278211,200,3.4901238000020385,none
lstm_cnn,fold_2,global,Change_pct_D_lag2,0.0163989046527456,0.8016528925619835,243,128,987278211,200,3.4901238000020385,none
lstm_cnn,fold_2,global,Change_pct_D_lag3,0.0333646959169385,0.5702479338842975,243,128,987278211,200,3.4901238000020385,none
lstm_cnn,fold_2,global,Change_pct_D_lag5,0.0373314735149605,0.5371900826446281,243,128,987278211,200,3.4901238000020385,none
lstm_cnn,fold_2,global,Change_pct_D_lag10,0.0345175773421971,0.5537190082644629,243,128,987278211,200,3.4901238000020385,none
lstm_cnn,fold_2,global,Change_pct_D_lag20,0.0150346259955664,0.8347107438016529,243,128,987278211,200,3.4901238000020385,none
lstm_cnn,fold_2,global,Volume_D_lag1,0.0364578734943918,0.5454545454545454,243,128,987278211,200,3.4901238000020385,none
lstm_cnn,fold_2,global,Volume_D_lag2,0.0085072698175794,0.9421487603305784,243,128,987278211,200,3.4901238000020385,none
lstm_cnn,fold_2,global,Volume_D_lag3,0.0102465036039351,0.9008264462809916,243,128,987278211,200,3.4901238000020385,none
lstm_cnn,fold_2,global,Volume_D_lag5,0.0205367755742566,0.7272727272727273,243,128,987278211,200,3.4901238000020385,none
lstm_cnn,fold_2,global,Volume_D_lag10,0.0170012873099443,0.7933884297520661,243,128,987278211,200,3.4901238000020385,none
lstm_cnn,fold_2,global,Volume_D_lag20,0.0284830929152265,0.6363636363636364,243,128,987278211,200,3.4901238000020385,none
lstm_cnn,fold_2,global,Close_W_lag1,0.1810602939491218,0.1652892561983471,243,128,987278211,200,3.4901238000020385,none
lstm_cnn,fold_2,global,Close_W_lag2,0.2441015993259498,0.0991735537190082,243,128,987278211,200,3.4901238000020385,none
lstm_cnn,fold_2,global,Close_W_lag4,0.0448235390305892,0.4958677685950413,243,128,987278211,200,3.4901238000020385,none
lstm_cnn,fold_2,global,Close_M_lag1,0.3244274969445541,0.0413223140495867,243,128,987278211,200,3.4901238000020385,none
lstm_cnn,fold_2,global,Close_M_lag3,0.0943744464778092,0.3223140495867768,243,128,987278211,200,3.4901238000020385,none
lstm_cnn,fold_2,global,Return_1D,0.0073378608249669,0.9669421487603306,243,128,987278211,200,3.4901238000020385,none
lstm_cnn,fold_2,global,Return_3D,0.030051180272339,0.6115702479338843,243,128,987278211,200,3.4901238000020385,none
lstm_cnn,fold_2,global,Return_5D,0.0142557169505694,0.8429752066115702,243,128,987278211,200,3.4901238000020385,none
lstm_cnn,fold_2,global,Return_10D,0.0261329666331221,0.6776859504132231,243,128,987278211,200,3.4901238000020385,none
lstm_cnn,fold_2,global,Return_20D,0.0292199838910505,0.628099173553719,243,128,987278211,200,3.4901238000020385,none
lstm_cnn,fold_2,global,Return_60D,0.0163710812576741,0.8099173553719008,243,128,987278211,200,3.4901238000020385,none
lstm_cnn,fold_2,global,SMA_5,0.2703113825617038,0.0743801652892562,243,128,987278211,200,3.4901238000020385,none
lstm_cnn,fold_2,global,SMA_10,0.0229004987537028,0.7024793388429752,243,128,987278211,200,3.4901238000020385,none
lstm_cnn,fold_2,global,SMA_20,0.1200215010896336,0.2314049586776859,243,128,987278211,200,3.4901238000020385,none
lstm_cnn,fold_2,global,SMA_60,0.4133664161796332,0.0165289256198347,243,128,987278211,200,3.4901238000020385,none
lstm_cnn,fold_2,global,Close_to_SMA_5,0.0126281055647336,0.8760330578512396,243,128,987278211,200,3.4901238000020385,none
lstm_cnn,fold_2,global,Close_to_SMA_10,0.009908581804318,0.9090909090909092,243,128,987278211,200,3.4901238000020385,none
lstm_cnn,fold_2,global,Close_to_SMA_20,0.0223079473636376,0.7107438016528925,243,128,987278211,200,3.4901238000020385,none
lstm_cnn,fold_2,global,Close_to_SMA_60,0.0512049173765859,0.4628099173553719,243,128,987278211,200,3.4901238000020385,none
lstm_cnn,fold_2,global,Volatility_5,0.0294364749977429,0.6198347107438017,243,128,987278211,200,3.4901238000020385,none
lstm_cnn,fold_2,global,Volatility_10,0.0222469123479569,0.71900826446281,243,128,987278211,200,3.4901238000020385,none
lstm_cnn,fold_2,global,Volatility_20,0.0113052518300239,0.8925619834710744,243,128,987278211,200,3.4901238000020385,none
lstm_cnn,fold_2,global,Volatility_60,0.1553931567071089,0.1900826446280991,243,128,987278211,200,3.4901238000020385,none
lstm_cnn,fold_2,global,Momentum_5,0.0089717933767043,0.9338842975206612,243,128,987278211,200,3.4901238000020385,none
lstm_cnn,fold_2,global,Momentum_10,0.0623461223000862,0.4380165289256198,243,128,987278211,200,3.4901238000020385,none
lstm_cnn,fold_2,global,Momentum_20,0.0419003995345955,0.512396694214876,243,128,987278211,200,3.4901238000020385,none
lstm_cnn,fold_2,global,Momentum_60,0.0318264000525678,0.5867768595041323,243,128,987278211,200,3.4901238000020385,none
lstm_cnn,fold_2,global,ROC_5,0.025468490070556,0.6859504132231405,243,128,987278211,200,3.4901238000020385,none
lstm_cnn,fold_2,global,ROC_10,0.0185356124073098,0.7851239669421488,243,128,987278211,200,3.4901238000020385,none
lstm_cnn,fold_2,global,ROC_20,0.0629780834110071,0.4297520661157025,243,128,987278211,200,3.4901238000020385,none
lstm_cnn,fold_2,global,ROC_60,0.0448827438515124,0.4876033057851239,243,128,987278211,200,3.4901238000020385,none
lstm_cnn,fold_2,global,Ratio_Close_D_to_W,0.005313088290691,0.9917355371900828,243,128,987278211,200,3.4901238000020385,none
lstm_cnn,fold_2,global,Ratio_Close_D_to_M,0.0830562998933118,0.3636363636363636,243,128,987278211,200,3.4901238000020385,none
lstm_cnn,fold_2,global,Ratio_Volume_D_to_W,0.0074969294735223,0.9586776859504132,243,128,987278211,200,3.4901238000020385,none
lstm_cnn,fold_2,global,Spread_D,0.0094255072562361,0.9256198347107438,243,128,987278211,200,3.4901238000020385,none
lstm_cnn,fold_2,global,Body_D,0.0130514676785338,0.8677685950413223,243,128,987278211,200,3.4901238000020385,none
lstm_cnn,fold_2,global,Body_abs_D,0.0784078832541281,0.3801652892561983,243,128,987278211,200,3.4901238000020385,none
lstm_cnn,fold_2,global,Upper_Shadow_D,0.0131525264456288,0.859504132231405,243,128,987278211,200,3.4901238000020385,none
lstm_cnn,fold_2,global,Lower_Shadow_D,0.0033390081392876,1.0,243,128,987278211,200,3.4901238000020385,none
lstm_cnn,fold_2,global,Body_to_Range_D,0.1180700746013187,0.2644628099173554,243,128,987278211,200,3.4901238000020385,none
lstm_cnn,fold_2,global,Close_Position_D,0.0606992276205804,0.4462809917355372,243,128,987278211,200,3.4901238000020385,none
lstm_cnn,fold_2,global,Spread_W,0.0118760687459559,0.8842975206611571,243,128,987278211,200,3.4901238000020385,none
lstm_cnn,fold_2,global,Body_W,0.0269053366412748,0.6611570247933884,243,128,987278211,200,3.4901238000020385,none
lstm_cnn,fold_2,global,Close_Position_W,0.0235200638712322,0.6942148760330579,243,128,987278211,200,3.4901238000020385,none
lstm_cnn,fold_2,global,Spread_M,0.0194246727862879,0.768595041322314,243,128,987278211,200,3.4901238000020385,none
lstm_cnn,fold_2,global,Body_M,0.0384046970592578,0.5289256198347108,243,128,987278211,200,3.4901238000020385,none
lstm_cnn,fold_2,global,Close_Position_M,0.0907183007392748,0.3305785123966942,243,128,987278211,200,3.4901238000020385,none
lstm_cnn,fold_2,global,Volume_MA_5,0.0204407096334341,0.7355371900826446,243,128,987278211,200,3.4901238000020385,none
lstm_cnn,fold_2,global,Volume_MA_20,0.0097410206812705,0.9173553719008264,243,128,987278211,200,3.4901238000020385,none
lstm_cnn,fold_2,global,Volume_Ratio_5,0.0837958795502864,0.3553719008264462,243,128,987278211,200,3.4901238000020385,none
lstm_cnn,fold_2,global,Volume_Ratio_20,0.0279500105384484,0.6528925619834711,243,128,987278211,200,3.4901238000020385,none
lstm_cnn,fold_2,global,Volume_Change_1D,0.0778319239139946,0.3884297520661157,243,128,987278211,200,3.4901238000020385,none
lstm_cnn,fold_2,global,Volume_Change_5D,0.0151995838230978,0.8264462809917356,243,128,987278211,200,3.4901238000020385,none
lstm_cnn,fold_2,global,Volume_Change_20D,0.0203496900462482,0.7520661157024794,243,128,987278211,200,3.4901238000020385,none
lstm_cnn,fold_2,global,Direction_lag1,0.2523048010916682,0.0909090909090909,243,128,987278211,200,3.4901238000020385,none
lstm_cnn,fold_2,global,Direction_lag2,0.044242189155517,0.5041322314049587,243,128,987278211,200,3.4901238000020385,none
lstm_cnn,fold_2,global,Direction_lag3,0.1182781859204375,0.2479338842975206,243,128,987278211,200,3.4901238000020385,none
lstm_cnn,fold_2,global,Direction_lag5,0.0799182665035509,0.371900826446281,243,128,987278211,200,3.4901238000020385,none
lstm_cnn,fold_2,global,Up_Ratio_5,0.0839302437084256,0.3471074380165289,243,128,987278211,200,3.4901238000020385,none
lstm_cnn,fold_2,global,Up_Ratio_10,0.0203840327477868,0.743801652892562,243,128,987278211,200,3.4901238000020385,none
lstm_cnn,fold_2,global,Up_Ratio_20,0.064051751900188,0.4214876033057851,243,128,987278211,200,3.4901238000020385,none
lstm_cnn,fold_2,global,Down_Ratio_5,0.0331424705654342,0.5785123966942148,243,128,987278211,200,3.4901238000020385,none
lstm_cnn,fold_2,global,Down_Ratio_10,0.1558740216181853,0.1818181818181818,243,128,987278211,200,3.4901238000020385,none
lstm_cnn,fold_2,global,Down_Ratio_20,0.0196478928872693,0.7603305785123967,243,128,987278211,200,3.4901238000020385,none
lstm_cnn,fold_2,global,WMA_5,0.2653778890994658,0.0826446280991735,243,128,987278211,200,3.4901238000020385,none
lstm_cnn,fold_2,global,WMA_10,0.331229602888925,0.0330578512396694,243,128,987278211,200,3.4901238000020385,none
lstm_cnn,fold_2,global,WMA_20,0.1199400009703481,0.2396694214876033,243,128,987278211,200,3.4901238000020385,none
lstm_cnn,fold_2,global,WMA_60,0.5360724307611235,0.0082644628099173,243,128,987278211,200,3.4901238000020385,none
lstm_cnn,fold_2,global,StochK_14,0.1901032265434651,0.1487603305785124,243,128,987278211,200,3.4901238000020385,none
lstm_cnn,fold_2,global,StochD_3,0.1910710054193373,0.140495867768595,243,128,987278211,200,3.4901238000020385,none
lstm_cnn,fold_2,global,RSI_14,0.1882140583158275,0.1570247933884297,243,128,987278211,200,3.4901238000020385,none
lstm_cnn,fold_2,global,MACD_12_26,0.0592047055936639,0.4545454545454545,243,128,987278211,200,3.4901238000020385,none
lstm_cnn,fold_2,global,MACD_Signal_9,0.0153541987329575,0.8181818181818182,243,128,987278211,200,3.4901238000020385,none
lstm_cnn,fold_2,global,MACD_Histogram,0.0334234675572098,0.5619834710743802,243,128,987278211,200,3.4901238000020385,none
lstm_cnn,fold_2,global,WilliamsR_14,0.2202399338579027,0.1157024793388429,243,128,987278211,200,3.4901238000020385,none
lstm_cnn,fold_2,global,CCI_20,0.0978330304807045,0.3140495867768595,243,128,987278211,200,3.4901238000020385,none
lstm_cnn,fold_2,global,ADX_14,0.1009013356646676,0.3057851239669421,243,128,987278211,200,3.4901238000020385,none
lstm_cnn,fold_2,global,PlusDI_14,0.1063809911543458,0.2809917355371901,243,128,987278211,200,3.4901238000020385,none
lstm_cnn,fold_2,global,MinusDI_14,0.104137163365192,0.2975206611570248,243,128,987278211,200,3.4901238000020385,none
lstm_cnn,fold_2,global,VMD_IMF_1,0.1053934749554173,0.2892561983471074,243,128,987278211,200,3.4901238000020385,none
lstm_cnn,fold_2,global,VMD_IMF_2,0.0192666202166208,0.7768595041322314,243,128,987278211,200,3.4901238000020385,none
lstm_cnn,fold_2,global,VMD_IMF_3,0.038544026509021,0.5206611570247934,243,128,987278211,200,3.4901238000020385,none
lstm_cnn,fold_2,global,VMD_IMF_4,0.0067494614192575,0.975206611570248,243,128,987278211,200,3.4901238000020385,none
lstm_cnn,fold_2,global,VMD_Denoised_Close,0.1458364640944637,0.2066115702479339,243,128,987278211,200,3.4901238000020385,none
lstm_cnn,fold_2,global,VMD_Noise_Energy_Ratio,0.0717600064827806,0.396694214876033,243,128,987278211,200,3.4901238000020385,none
lstm_cnn,fold_2,sideway,Open_D,0.1144599010813576,0.2644628099173554,92,92,1996972583,200,2.1325036000052933,none
lstm_cnn,fold_2,sideway,High_D,0.027812305596727,0.6694214876033058,92,92,1996972583,200,2.1325036000052933,none
lstm_cnn,fold_2,sideway,Low_D,0.1444403814192375,0.1983471074380165,92,92,1996972583,200,2.1325036000052933,none
lstm_cnn,fold_2,sideway,Close_D,5.216406623484648,0.0,92,92,1996972583,200,2.1325036000052933,none
lstm_cnn,fold_2,sideway,Volume_D,0.0140505573415378,0.8512396694214877,92,92,1996972583,200,2.1325036000052933,none
lstm_cnn,fold_2,sideway,Change_pct_D,0.0338622893857004,0.5785123966942148,92,92,1996972583,200,2.1325036000052933,none
lstm_cnn,fold_2,sideway,Open_W,0.2730929396778606,0.0661157024793388,92,92,1996972583,200,2.1325036000052933,none
lstm_cnn,fold_2,sideway,High_W,0.0487860667590409,0.4793388429752066,92,92,1996972583,200,2.1325036000052933,none
lstm_cnn,fold_2,sideway,Low_W,0.089179028102968,0.3388429752066115,92,92,1996972583,200,2.1325036000052933,none
lstm_cnn,fold_2,sideway,Close_W,0.2244095987842782,0.1074380165289256,92,92,1996972583,200,2.1325036000052933,none
lstm_cnn,fold_2,sideway,Volume_W,0.0063306083576547,0.9834710743801652,92,92,1996972583,200,2.1325036000052933,none
lstm_cnn,fold_2,sideway,Change_pct_W,0.0079883642594139,0.950413223140496,92,92,1996972583,200,2.1325036000052933,none
lstm_cnn,fold_2,sideway,Open_M,0.2971771659049093,0.0495867768595041,92,92,1996972583,200,2.1325036000052933,none
lstm_cnn,fold_2,sideway,High_M,0.1408424649993875,0.2066115702479339,92,92,1996972583,200,2.1325036000052933,none
lstm_cnn,fold_2,sideway,Low_M,0.0693371008190771,0.396694214876033,92,92,1996972583,200,2.1325036000052933,none
lstm_cnn,fold_2,sideway,Close_M,0.3806650345680598,0.024793388429752,92,92,1996972583,200,2.1325036000052933,none
lstm_cnn,fold_2,sideway,Volume_M,0.0297534984271252,0.6198347107438017,92,92,1996972583,200,2.1325036000052933,none
lstm_cnn,fold_2,sideway,Change_pct_M,0.0627566778700344,0.4462809917355372,92,92,1996972583,200,2.1325036000052933,none
lstm_cnn,fold_2,sideway,Close_D_lag1,0.2761582411501718,0.0578512396694214,92,92,1996972583,200,2.1325036000052933,none
lstm_cnn,fold_2,sideway,Close_D_lag2,0.1584792087440079,0.1735537190082644,92,92,1996972583,200,2.1325036000052933,none
lstm_cnn,fold_2,sideway,Close_D_lag3,0.1929479483654137,0.140495867768595,92,92,1996972583,200,2.1325036000052933,none
lstm_cnn,fold_2,sideway,Close_D_lag5,0.1027065938434806,0.2892561983471074,92,92,1996972583,200,2.1325036000052933,none
lstm_cnn,fold_2,sideway,Close_D_lag10,0.0469877892103261,0.4876033057851239,92,92,1996972583,200,2.1325036000052933,none
lstm_cnn,fold_2,sideway,Close_D_lag20,0.2050720669207056,0.1239669421487603,92,92,1996972583,200,2.1325036000052933,none
lstm_cnn,fold_2,sideway,Close_D_lag60,0.1490850734734482,0.1818181818181818,92,92,1996972583,200,2.1325036000052933,none
lstm_cnn,fold_2,sideway,Change_pct_D_lag1,0.0286394688149125,0.6363636363636364,92,92,1996972583,200,2.1325036000052933,none
lstm_cnn,fold_2,sideway,Change_pct_D_lag2,0.0178010179538526,0.7933884297520661,92,92,1996972583,200,2.1325036000052933,none
lstm_cnn,fold_2,sideway,Change_pct_D_lag3,0.0359950101240563,0.5619834710743802,92,92,1996972583,200,2.1325036000052933,none
lstm_cnn,fold_2,sideway,Change_pct_D_lag5,0.0399659332685646,0.5289256198347108,92,92,1996972583,200,2.1325036000052933,none
lstm_cnn,fold_2,sideway,Change_pct_D_lag10,0.0363983237907288,0.5537190082644629,92,92,1996972583,200,2.1325036000052933,none
lstm_cnn,fold_2,sideway,Change_pct_D_lag20,0.0158025079469503,0.8181818181818182,92,92,1996972583,200,2.1325036000052933,none
lstm_cnn,fold_2,sideway,Volume_D_lag1,0.0367979807387477,0.5371900826446281,92,92,1996972583,200,2.1325036000052933,none
lstm_cnn,fold_2,sideway,Volume_D_lag2,0.0087687260586132,0.9338842975206612,92,92,1996972583,200,2.1325036000052933,none
lstm_cnn,fold_2,sideway,Volume_D_lag3,0.0104516683107995,0.8925619834710744,92,92,1996972583,200,2.1325036000052933,none
lstm_cnn,fold_2,sideway,Volume_D_lag5,0.0211116111493484,0.7272727272727273,92,92,1996972583,200,2.1325036000052933,none
lstm_cnn,fold_2,sideway,Volume_D_lag10,0.0169363976918139,0.8099173553719008,92,92,1996972583,200,2.1325036000052933,none
lstm_cnn,fold_2,sideway,Volume_D_lag20,0.0294681729292619,0.628099173553719,92,92,1996972583,200,2.1325036000052933,none
lstm_cnn,fold_2,sideway,Close_W_lag1,0.1738365389748334,0.1652892561983471,92,92,1996972583,200,2.1325036000052933,none
lstm_cnn,fold_2,sideway,Close_W_lag2,0.2364931143577332,0.0991735537190082,92,92,1996972583,200,2.1325036000052933,none
lstm_cnn,fold_2,sideway,Close_W_lag4,0.0419226595212046,0.5206611570247934,92,92,1996972583,200,2.1325036000052933,none
lstm_cnn,fold_2,sideway,Close_M_lag1,0.3198680474868287,0.0330578512396694,92,92,1996972583,200,2.1325036000052933,none
lstm_cnn,fold_2,sideway,Close_M_lag3,0.0938430466017092,0.3140495867768595,92,92,1996972583,200,2.1325036000052933,none
lstm_cnn,fold_2,sideway,Return_1D,0.0079011943828049,0.9669421487603306,92,92,1996972583,200,2.1325036000052933,none
lstm_cnn,fold_2,sideway,Return_3D,0.0307665299411452,0.6033057851239669,92,92,1996972583,200,2.1325036000052933,none
lstm_cnn,fold_2,sideway,Return_5D,0.0155387592313532,0.8264462809917356,92,92,1996972583,200,2.1325036000052933,none
lstm_cnn,fold_2,sideway,Return_10D,0.0279169602860767,0.6611570247933884,92,92,1996972583,200,2.1325036000052933,none
lstm_cnn,fold_2,sideway,Return_20D,0.0261378782539652,0.6776859504132231,92,92,1996972583,200,2.1325036000052933,none
lstm_cnn,fold_2,sideway,Return_60D,0.0188458801780889,0.7768595041322314,92,92,1996972583,200,2.1325036000052933,none
lstm_cnn,fold_2,sideway,SMA_5,0.2610926426977486,0.0743801652892562,92,92,1996972583,200,2.1325036000052933,none
lstm_cnn,fold_2,sideway,SMA_10,0.0223635948330895,0.7024793388429752,92,92,1996972583,200,2.1325036000052933,none
lstm_cnn,fold_2,sideway,SMA_20,0.1175834519248699,0.2479338842975206,92,92,1996972583,200,2.1325036000052933,none
lstm_cnn,fold_2,sideway,SMA_60,0.4100220044366205,0.0165289256198347,92,92,1996972583,200,2.1325036000052933,none
lstm_cnn,fold_2,sideway,Close_to_SMA_5,0.0135616784348307,0.8677685950413223,92,92,1996972583,200,2.1325036000052933,none
lstm_cnn,fold_2,sideway,Close_to_SMA_10,0.0100712336001497,0.9008264462809916,92,92,1996972583,200,2.1325036000052933,none
lstm_cnn,fold_2,sideway,Close_to_SMA_20,0.0219781263735302,0.71900826446281,92,92,1996972583,200,2.1325036000052933,none
lstm_cnn,fold_2,sideway,Close_to_SMA_60,0.0542936677611262,0.4710743801652892,92,92,1996972583,200,2.1325036000052933,none
lstm_cnn,fold_2,sideway,Volatility_5,0.0253419093553257,0.6859504132231405,92,92,1996972583,200,2.1325036000052933,none
lstm_cnn,fold_2,sideway,Volatility_10,0.0189313579273339,0.7603305785123967,92,92,1996972583,200,2.1325036000052933,none
lstm_cnn,fold_2,sideway,Volatility_20,0.0094403491371918,0.9173553719008264,92,92,1996972583,200,2.1325036000052933,none
lstm_cnn,fold_2,sideway,Volatility_60,0.1279847154882546,0.2231404958677686,92,92,1996972583,200,2.1325036000052933,none
lstm_cnn,fold_2,sideway,Momentum_5,0.0086450949594956,0.9421487603305784,92,92,1996972583,200,2.1325036000052933,none
lstm_cnn,fold_2,sideway,Momentum_10,0.0628446533531364,0.4380165289256198,92,92,1996972583,200,2.1325036000052933,none
lstm_cnn,fold_2,sideway,Momentum_20,0.0423496800981855,0.512396694214876,92,92,1996972583,200,2.1325036000052933,none
lstm_cnn,fold_2,sideway,Momentum_60,0.0364602631889303,0.5454545454545454,92,92,1996972583,200,2.1325036000052933,none
lstm_cnn,fold_2,sideway,ROC_5,0.0281221240231586,0.6446280991735537,92,92,1996972583,200,2.1325036000052933,none
lstm_cnn,fold_2,sideway,ROC_10,0.0171369518963126,0.8016528925619835,92,92,1996972583,200,2.1325036000052933,none
lstm_cnn,fold_2,sideway,ROC_20,0.0628715455621496,0.4297520661157025,92,92,1996972583,200,2.1325036000052933,none
lstm_cnn,fold_2,sideway,ROC_60,0.0561554152727521,0.4628099173553719,92,92,1996972583,200,2.1325036000052933,none
lstm_cnn,fold_2,sideway,Ratio_Close_D_to_W,0.0051642778165613,0.9917355371900828,92,92,1996972583,200,2.1325036000052933,none
lstm_cnn,fold_2,sideway,Ratio_Close_D_to_M,0.0780493920135995,0.3801652892561983,92,92,1996972583,200,2.1325036000052933,none
lstm_cnn,fold_2,sideway,Ratio_Volume_D_to_W,0.0079123802023525,0.9586776859504132,92,92,1996972583,200,2.1325036000052933,none
lstm_cnn,fold_2,sideway,Spread_D,0.0090743099433122,0.9256198347107438,92,92,1996972583,200,2.1325036000052933,none
lstm_cnn,fold_2,sideway,Body_D,0.0140069849154176,0.859504132231405,92,92,1996972583,200,2.1325036000052933,none
lstm_cnn,fold_2,sideway,Body_abs_D,0.0806647594525822,0.371900826446281,92,92,1996972583,200,2.1325036000052933,none
lstm_cnn,fold_2,sideway,Upper_Shadow_D,0.0130812801194533,0.8760330578512396,92,92,1996972583,200,2.1325036000052933,none
lstm_cnn,fold_2,sideway,Lower_Shadow_D,0.0032827848962818,1.0,92,92,1996972583,200,2.1325036000052933,none
lstm_cnn,fold_2,sideway,Body_to_Range_D,0.1216363858142833,0.2396694214876033,92,92,1996972583,200,2.1325036000052933,none
lstm_cnn,fold_2,sideway,Close_Position_D,0.0645861295768204,0.4049586776859504,92,92,1996972583,200,2.1325036000052933,none
lstm_cnn,fold_2,sideway,Spread_W,0.0109669359670214,0.8842975206611571,92,92,1996972583,200,2.1325036000052933,none
lstm_cnn,fold_2,sideway,Body_W,0.0300114216344542,0.6115702479338843,92,92,1996972583,200,2.1325036000052933,none
lstm_cnn,fold_2,sideway,Close_Position_W,0.025033741475667,0.6942148760330579,92,92,1996972583,200,2.1325036000052933,none
lstm_cnn,fold_2,sideway,Spread_M,0.0198315993564788,0.7355371900826446,92,92,1996972583,200,2.1325036000052933,none
lstm_cnn,fold_2,sideway,Body_M,0.0339764157921229,0.5702479338842975,92,92,1996972583,200,2.1325036000052933,none
lstm_cnn,fold_2,sideway,Close_Position_M,0.0937384188718735,0.3223140495867768,92,92,1996972583,200,2.1325036000052933,none
lstm_cnn,fold_2,sideway,Volume_MA_5,0.0221131415628871,0.7107438016528925,92,92,1996972583,200,2.1325036000052933,none
lstm_cnn,fold_2,sideway,Volume_MA_20,0.0096447573804163,0.9090909090909092,92,92,1996972583,200,2.1325036000052933,none
lstm_cnn,fold_2,sideway,Volume_Ratio_5,0.0815037978778965,0.3553719008264462,92,92,1996972583,200,2.1325036000052933,none
lstm_cnn,fold_2,sideway,Volume_Ratio_20,0.0280266048029063,0.6528925619834711,92,92,1996972583,200,2.1325036000052933,none
lstm_cnn,fold_2,sideway,Volume_Change_1D,0.0736543064282198,0.3884297520661157,92,92,1996972583,200,2.1325036000052933,none
lstm_cnn,fold_2,sideway,Volume_Change_5D,0.0148607699228089,0.8347107438016529,92,92,1996972583,200,2.1325036000052933,none
lstm_cnn,fold_2,sideway,Volume_Change_20D,0.0196216995228728,0.743801652892562,92,92,1996972583,200,2.1325036000052933,none
lstm_cnn,fold_2,sideway,Direction_lag1,0.2598889765572613,0.0826446280991735,92,92,1996972583,200,2.1325036000052933,none
lstm_cnn,fold_2,sideway,Direction_lag2,0.0458209183880626,0.4958677685950413,92,92,1996972583,200,2.1325036000052933,none
lstm_cnn,fold_2,sideway,Direction_lag3,0.1220350126217691,0.2314049586776859,92,92,1996972583,200,2.1325036000052933,none
lstm_cnn,fold_2,sideway,Direction_lag5,0.0806900679274566,0.3636363636363636,92,92,1996972583,200,2.1325036000052933,none
lstm_cnn,fold_2,sideway,Up_Ratio_5,0.0828626974467466,0.3471074380165289,92,92,1996972583,200,2.1325036000052933,none
lstm_cnn,fold_2,sideway,Up_Ratio_10,0.0188829379365927,0.768595041322314,92,92,1996972583,200,2.1325036000052933,none
lstm_cnn,fold_2,sideway,Up_Ratio_20,0.0633587549792734,0.4132231404958678,92,92,1996972583,200,2.1325036000052933,none
lstm_cnn,fold_2,sideway,Down_Ratio_5,0.0312261968813839,0.5950413223140496,92,92,1996972583,200,2.1325036000052933,none
lstm_cnn,fold_2,sideway,Down_Ratio_10,0.1454366782727462,0.1900826446280991,92,92,1996972583,200,2.1325036000052933,none
lstm_cnn,fold_2,sideway,Down_Ratio_20,0.0194263187396104,0.7520661157024794,92,92,1996972583,200,2.1325036000052933,none
lstm_cnn,fold_2,sideway,WMA_5,0.2555562521325634,0.0909090909090909,92,92,1996972583,200,2.1325036000052933,none
lstm_cnn,fold_2,sideway,WMA_10,0.3190086637097208,0.0413223140495867,92,92,1996972583,200,2.1325036000052933,none
lstm_cnn,fold_2,sideway,WMA_20,0.1174845892320065,0.256198347107438,92,92,1996972583,200,2.1325036000052933,none
lstm_cnn,fold_2,sideway,WMA_60,0.5259899816921224,0.0082644628099173,92,92,1996972583,200,2.1325036000052933,none
lstm_cnn,fold_2,sideway,StochK_14,0.1852062143095162,0.1487603305785124,92,92,1996972583,200,2.1325036000052933,none
lstm_cnn,fold_2,sideway,StochD_3,0.194861848630098,0.1322314049586777,92,92,1996972583,200,2.1325036000052933,none
lstm_cnn,fold_2,sideway,RSI_14,0.1811815703038005,0.1570247933884297,92,92,1996972583,200,2.1325036000052933,none
lstm_cnn,fold_2,sideway,MACD_12_26,0.0633422817256821,0.4214876033057851,92,92,1996972583,200,2.1325036000052933,none
lstm_cnn,fold_2,sideway,MACD_Signal_9,0.014843987370192,0.8429752066115702,92,92,1996972583,200,2.1325036000052933,none
lstm_cnn,fold_2,sideway,MACD_Histogram,0.0316041580232738,0.5867768595041323,92,92,1996972583,200,2.1325036000052933,none
lstm_cnn,fold_2,sideway,WilliamsR_14,0.219560037707877,0.1157024793388429,92,92,1996972583,200,2.1325036000052933,none
lstm_cnn,fold_2,sideway,CCI_20,0.0925160515435179,0.3305785123966942,92,92,1996972583,200,2.1325036000052933,none
lstm_cnn,fold_2,sideway,ADX_14,0.107951881031534,0.2727272727272727,92,92,1996972583,200,2.1325036000052933,none
lstm_cnn,fold_2,sideway,PlusDI_14,0.1031585407758267,0.2809917355371901,92,92,1996972583,200,2.1325036000052933,none
lstm_cnn,fold_2,sideway,MinusDI_14,0.0955577993764168,0.3057851239669421,92,92,1996972583,200,2.1325036000052933,none
lstm_cnn,fold_2,sideway,VMD_IMF_1,0.1019687586828418,0.2975206611570248,92,92,1996972583,200,2.1325036000052933,none
lstm_cnn,fold_2,sideway,VMD_IMF_2,0.0178799877819835,0.7851239669421488,92,92,1996972583,200,2.1325036000052933,none
lstm_cnn,fold_2,sideway,VMD_IMF_3,0.0447206335013798,0.5041322314049587,92,92,1996972583,200,2.1325036000052933,none
lstm_cnn,fold_2,sideway,VMD_IMF_4,0.0072241875457309,0.975206611570248,92,92,1996972583,200,2.1325036000052933,none
lstm_cnn,fold_2,sideway,VMD_Denoised_Close,0.1405309683380081,0.2148760330578512,92,92,1996972583,200,2.1325036000052933,none
lstm_cnn,fold_2,sideway,VMD_Noise_Energy_Ratio,0.0563518749536369,0.4545454545454545,92,92,1996972583,200,2.1325036000052933,none
lstm_cnn,fold_3,bear,Open_D,0.1591985578449146,0.2314049586776859,104,104,966971552,200,2.4302079000044614,none
lstm_cnn,fold_3,bear,High_D,0.101561544334135,0.3884297520661157,104,104,966971552,200,2.4302079000044614,none
lstm_cnn,fold_3,bear,Low_D,0.2120444398190906,0.140495867768595,104,104,966971552,200,2.4302079000044614,none
lstm_cnn,fold_3,bear,Close_D,8.164361245362922,0.0,104,104,966971552,200,2.4302079000044614,none
lstm_cnn,fold_3,bear,Volume_D,0.009505303387712,0.9669421487603306,104,104,966971552,200,2.4302079000044614,none
lstm_cnn,fold_3,bear,Change_pct_D,0.0584332812815432,0.5950413223140496,104,104,966971552,200,2.4302079000044614,none
lstm_cnn,fold_3,bear,Open_W,0.2504645222104955,0.1157024793388429,104,104,966971552,200,2.4302079000044614,none
lstm_cnn,fold_3,bear,High_W,0.0536984679595906,0.6115702479338843,104,104,966971552,200,2.4302079000044614,none
lstm_cnn,fold_3,bear,Low_W,0.097544222767376,0.4132231404958678,104,104,966971552,200,2.4302079000044614,none
lstm_cnn,fold_3,bear,Close_W,0.2579829717605697,0.0826446280991735,104,104,966971552,200,2.4302079000044614,none
lstm_cnn,fold_3,bear,Volume_W,0.0279934702106253,0.7933884297520661,104,104,966971552,200,2.4302079000044614,none
lstm_cnn,fold_3,bear,Change_pct_W,0.0165546518261285,0.9008264462809916,104,104,966971552,200,2.4302079000044614,none
lstm_cnn,fold_3,bear,Open_M,0.2576670531873018,0.0909090909090909,104,104,966971552,200,2.4302079000044614,none
lstm_cnn,fold_3,bear,High_M,0.1527624536803439,0.2479338842975206,104,104,966971552,200,2.4302079000044614,none
lstm_cnn,fold_3,bear,Low_M,0.0479293365564199,0.6694214876033058,104,104,966971552,200,2.4302079000044614,none
lstm_cnn,fold_3,bear,Close_M,0.3360879762648927,0.0165289256198347,104,104,966971552,200,2.4302079000044614,none
lstm_cnn,fold_3,bear,Volume_M,0.0481959256749969,0.6611570247933884,104,104,966971552,200,2.4302079000044614,none
lstm_cnn,fold_3,bear,Change_pct_M,0.070898218308232,0.5289256198347108,104,104,966971552,200,2.4302079000044614,none
lstm_cnn,fold_3,bear,Close_D_lag1,0.2665100066050609,0.0661157024793388,104,104,966971552,200,2.4302079000044614,none
lstm_cnn,fold_3,bear,Close_D_lag2,0.2068491031293993,0.1487603305785124,104,104,966971552,200,2.4302079000044614,none
lstm_cnn,fold_3,bear,Close_D_lag3,0.1657736412648913,0.2231404958677686,104,104,966971552,200,2.4302079000044614,none
lstm_cnn,fold_3,bear,Close_D_lag5,0.1300425164608336,0.2975206611570248,104,104,966971552,200,2.4302079000044614,none
lstm_cnn,fold_3,bear,Close_D_lag10,0.0450163651157262,0.6859504132231405,104,104,966971552,200,2.4302079000044614,none
lstm_cnn,fold_3,bear,Close_D_lag20,0.2030428239972165,0.1570247933884297,104,104,966971552,200,2.4302079000044614,none
lstm_cnn,fold_3,bear,Close_D_lag60,0.117201569737442,0.3388429752066115,104,104,966971552,200,2.4302079000044614,none
lstm_cnn,fold_3,bear,Change_pct_D_lag1,0.0253034498124481,0.8264462809917356,104,104,966971552,200,2.4302079000044614,none
lstm_cnn,fold_3,bear,Change_pct_D_lag2,0.0346001124971717,0.7603305785123967,104,104,966971552,200,2.4302079000044614,none
lstm_cnn,fold_3,bear,Change_pct_D_lag3,0.0646185301235303,0.5537190082644629,104,104,966971552,200,2.4302079000044614,none
lstm_cnn,fold_3,bear,Change_pct_D_lag5,0.0516778708007013,0.6363636363636364,104,104,966971552,200,2.4302079000044614,none
lstm_cnn,fold_3,bear,Change_pct_D_lag10,0.0600909475710628,0.5867768595041323,104,104,966971552,200,2.4302079000044614,none
lstm_cnn,fold_3,bear,Change_pct_D_lag20,0.0445385347650262,0.6942148760330579,104,104,966971552,200,2.4302079000044614,none
lstm_cnn,fold_3,bear,Volume_D_lag1,0.015102562696352,0.9256198347107438,104,104,966971552,200,2.4302079000044614,none
lstm_cnn,fold_3,bear,Volume_D_lag2,0.0192945085575247,0.8677685950413223,104,104,966971552,200,2.4302079000044614,none
lstm_cnn,fold_3,bear,Volume_D_lag3,0.0222762061650174,0.859504132231405,104,104,966971552,200,2.4302079000044614,none
lstm_cnn,fold_3,bear,Volume_D_lag5,0.017934463809809,0.8760330578512396,104,104,966971552,200,2.4302079000044614,none
lstm_cnn,fold_3,bear,Volume_D_lag10,0.0348075378067558,0.7520661157024794,104,104,966971552,200,2.4302079000044614,none
lstm_cnn,fold_3,bear,Volume_D_lag20,0.0114420250572259,0.950413223140496,104,104,966971552,200,2.4302079000044614,none
lstm_cnn,fold_3,bear,Close_W_lag1,0.1786677515261824,0.1983471074380165,104,104,966971552,200,2.4302079000044614,none
lstm_cnn,fold_3,bear,Close_W_lag2,0.2219069660374841,0.1322314049586777,104,104,966971552,200,2.4302079000044614,none
lstm_cnn,fold_3,bear,Close_W_lag4,0.0630360043006423,0.5702479338842975,104,104,966971552,200,2.4302079000044614,none
lstm_cnn,fold_3,bear,Close_M_lag1,0.2581651636529176,0.0743801652892562,104,104,966971552,200,2.4302079000044614,none
lstm_cnn,fold_3,bear,Close_M_lag3,0.0939206640856634,0.4214876033057851,104,104,966971552,200,2.4302079000044614,none
lstm_cnn,fold_3,bear,Return_1D,0.0164674241690347,0.9090909090909092,104,104,966971552,200,2.4302079000044614,none
lstm_cnn,fold_3,bear,Return_3D,0.0720332955769514,0.512396694214876,104,104,966971552,200,2.4302079000044614,none
lstm_cnn,fold_3,bear,Return_5D,0.0371486272073942,0.7272727272727273,104,104,966971552,200,2.4302079000044614,none
lstm_cnn,fold_3,bear,Return_10D,0.0380249012405847,0.7107438016528925,104,104,966971552,200,2.4302079000044614,none
lstm_cnn,fold_3,bear,Return_20D,0.1014085100527985,0.396694214876033,104,104,966971552,200,2.4302079000044614,none
lstm_cnn,fold_3,bear,Return_60D,0.084408640629552,0.4462809917355372,104,104,966971552,200,2.4302079000044614,none
lstm_cnn,fold_3,bear,SMA_5,0.2759194709988291,0.0578512396694214,104,104,966971552,200,2.4302079000044614,none
lstm_cnn,fold_3,bear,SMA_10,0.0306948886577349,0.7768595041322314,104,104,966971552,200,2.4302079000044614,none
lstm_cnn,fold_3,bear,SMA_20,0.079098033251044,0.4628099173553719,104,104,966971552,200,2.4302079000044614,none
lstm_cnn,fold_3,bear,SMA_60,0.3254657004376545,0.024793388429752,104,104,966971552,200,2.4302079000044614,none
lstm_cnn,fold_3,bear,Close_to_SMA_5,0.0362660749112664,0.7355371900826446,104,104,966971552,200,2.4302079000044614,none
lstm_cnn,fold_3,bear,Close_to_SMA_10,0.0244259731580818,0.8429752066115702,104,104,966971552,200,2.4302079000044614,none
lstm_cnn,fold_3,bear,Close_to_SMA_20,0.0552962696999915,0.6033057851239669,104,104,966971552,200,2.4302079000044614,none
lstm_cnn,fold_3,bear,Close_to_SMA_60,0.1678886104292727,0.2148760330578512,104,104,966971552,200,2.4302079000044614,none
lstm_cnn,fold_3,bear,Volatility_5,0.0879155089524096,0.4297520661157025,104,104,966971552,200,2.4302079000044614,none
lstm_cnn,fold_3,bear,Volatility_10,0.0507036485158502,0.6446280991735537,104,104,966971552,200,2.4302079000044614,none
lstm_cnn,fold_3,bear,Volatility_20,0.0521625093181822,0.628099173553719,104,104,966971552,200,2.4302079000044614,none
lstm_cnn,fold_3,bear,Volatility_60,0.1237779295936189,0.3305785123966942,104,104,966971552,200,2.4302079000044614,none
lstm_cnn,fold_3,bear,Momentum_5,0.052464241640139,0.6198347107438017,104,104,966971552,200,2.4302079000044614,none
lstm_cnn,fold_3,bear,Momentum_10,0.0809336910901119,0.4545454545454545,104,104,966971552,200,2.4302079000044614,none
lstm_cnn,fold_3,bear,Momentum_20,0.070411791576423,0.5371900826446281,104,104,966971552,200,2.4302079000044614,none
lstm_cnn,fold_3,bear,Momentum_60,0.0784367070584962,0.4710743801652892,104,104,966971552,200,2.4302079000044614,none
lstm_cnn,fold_3,bear,ROC_5,0.0682135428826047,0.5454545454545454,104,104,966971552,200,2.4302079000044614,none
lstm_cnn,fold_3,bear,ROC_10,0.0484358762140424,0.6528925619834711,104,104,966971552,200,2.4302079000044614,none
lstm_cnn,fold_3,bear,ROC_20,0.1278469879371956,0.3140495867768595,104,104,966971552,200,2.4302079000044614,none
lstm_cnn,fold_3,bear,ROC_60,0.1522356900080185,0.256198347107438,104,104,966971552,200,2.4302079000044614,none
lstm_cnn,fold_3,bear,Ratio_Close_D_to_W,0.0265387065090285,0.8099173553719008,104,104,966971552,200,2.4302079000044614,none
lstm_cnn,fold_3,bear,Ratio_Close_D_to_M,0.1153206425186296,0.3636363636363636,104,104,966971552,200,2.4302079000044614,none
lstm_cnn,fold_3,bear,Ratio_Volume_D_to_W,0.0170853180753414,0.8925619834710744,104,104,966971552,200,2.4302079000044614,none
lstm_cnn,fold_3,bear,Spread_D,0.0227395289064118,0.8512396694214877,104,104,966971552,200,2.4302079000044614,none
lstm_cnn,fold_3,bear,Body_D,0.0093525836994319,0.975206611570248,104,104,966971552,200,2.4302079000044614,none
lstm_cnn,fold_3,bear,Body_abs_D,0.1026672621958937,0.3801652892561983,104,104,966971552,200,2.4302079000044614,none
lstm_cnn,fold_3,bear,Upper_Shadow_D,0.0137613552825151,0.9421487603305784,104,104,966971552,200,2.4302079000044614,none
lstm_cnn,fold_3,bear,Lower_Shadow_D,0.0054956187815403,0.9917355371900828,104,104,966971552,200,2.4302079000044614,none
lstm_cnn,fold_3,bear,Body_to_Range_D,0.1327436529459261,0.2892561983471074,104,104,966971552,200,2.4302079000044614,none
lstm_cnn,fold_3,bear,Close_Position_D,0.1265532598808162,0.3223140495867768,104,104,966971552,200,2.4302079000044614,none
lstm_cnn,fold_3,bear,Spread_W,0.0175057852513226,0.8842975206611571,104,104,966971552,200,2.4302079000044614,none
lstm_cnn,fold_3,bear,Body_W,0.0616996934580855,0.5785123966942148,104,104,966971552,200,2.4302079000044614,none
lstm_cnn,fold_3,bear,Close_Position_W,0.0374219382955175,0.71900826446281,104,104,966971552,200,2.4302079000044614,none
lstm_cnn,fold_3,bear,Spread_M,0.1121361073744065,0.371900826446281,104,104,966971552,200,2.4302079000044614,none
lstm_cnn,fold_3,bear,Body_M,0.0747688741271579,0.4876033057851239,104,104,966971552,200,2.4302079000044614,none
lstm_cnn,fold_3,bear,Close_Position_M,0.0245532256319047,0.8347107438016529,104,104,966971552,200,2.4302079000044614,none
lstm_cnn,fold_3,bear,Volume_MA_5,0.0338250236439482,0.768595041322314,104,104,966971552,200,2.4302079000044614,none
lstm_cnn,fold_3,bear,Volume_MA_20,0.0421804460483319,0.7024793388429752,104,104,966971552,200,2.4302079000044614,none
lstm_cnn,fold_3,bear,Volume_Ratio_5,0.0743423020812499,0.4958677685950413,104,104,966971552,200,2.4302079000044614,none
lstm_cnn,fold_3,bear,Volume_Ratio_20,0.010805211166008,0.9586776859504132,104,104,966971552,200,2.4302079000044614,none
lstm_cnn,fold_3,bear,Volume_Change_1D,0.0478978101852043,0.6776859504132231,104,104,966971552,200,2.4302079000044614,none
lstm_cnn,fold_3,bear,Volume_Change_5D,0.0090878860747596,0.9834710743801652,104,104,966971552,200,2.4302079000044614,none
lstm_cnn,fold_3,bear,Volume_Change_20D,0.0151992613142701,0.9173553719008264,104,104,966971552,200,2.4302079000044614,none
lstm_cnn,fold_3,bear,Direction_lag1,0.2874988269828744,0.0413223140495867,104,104,966971552,200,2.4302079000044614,none
lstm_cnn,fold_3,bear,Direction_lag2,0.1927508243908374,0.1818181818181818,104,104,966971552,200,2.4302079000044614,none
lstm_cnn,fold_3,bear,Direction_lag3,0.2021050862211268,0.1652892561983471,104,104,966971552,200,2.4302079000044614,none
lstm_cnn,fold_3,bear,Direction_lag5,0.0639462915506625,0.5619834710743802,104,104,966971552,200,2.4302079000044614,none
lstm_cnn,fold_3,bear,Up_Ratio_5,0.1171927340691371,0.3471074380165289,104,104,966971552,200,2.4302079000044614,none
lstm_cnn,fold_3,bear,Up_Ratio_10,0.0143958739872319,0.9338842975206612,104,104,966971552,200,2.4302079000044614,none
lstm_cnn,fold_3,bear,Up_Ratio_20,0.1003537913447871,0.4049586776859504,104,104,966971552,200,2.4302079000044614,none
lstm_cnn,fold_3,bear,Down_Ratio_5,0.0741257903762039,0.5041322314049587,104,104,966971552,200,2.4302079000044614,none
lstm_cnn,fold_3,bear,Down_Ratio_10,0.1566208067581188,0.2396694214876033,104,104,966971552,200,2.4302079000044614,none
lstm_cnn,fold_3,bear,Down_Ratio_20,0.0267564732160439,0.8016528925619835,104,104,966971552,200,2.4302079000044614,none
lstm_cnn,fold_3,bear,WMA_5,0.2804940647404657,0.0495867768595041,104,104,966971552,200,2.4302079000044614,none
lstm_cnn,fold_3,bear,WMA_10,0.3125243862625911,0.0330578512396694,104,104,966971552,200,2.4302079000044614,none
lstm_cnn,fold_3,bear,WMA_20,0.1340526156093381,0.2809917355371901,104,104,966971552,200,2.4302079000044614,none
lstm_cnn,fold_3,bear,WMA_60,0.4501366565013646,0.0082644628099173,104,104,966971552,200,2.4302079000044614,none
lstm_cnn,fold_3,bear,StochK_14,0.1297110473765245,0.3057851239669421,104,104,966971552,200,2.4302079000044614,none
lstm_cnn,fold_3,bear,StochD_3,0.1865324977503825,0.1900826446280991,104,104,966971552,200,2.4302079000044614,none
lstm_cnn,fold_3,bear,RSI_14,0.2018878474889229,0.1735537190082644,104,104,966971552,200,2.4302079000044614,none
lstm_cnn,fold_3,bear,MACD_12_26,0.2519725586784681,0.1074380165289256,104,104,966971552,200,2.4302079000044614,none
lstm_cnn,fold_3,bear,MACD_Signal_9,0.0718171034323089,0.5206611570247934,104,104,966971552,200,2.4302079000044614,none
lstm_cnn,fold_3,bear,MACD_Histogram,0.0357586110973268,0.743801652892562,104,104,966971552,200,2.4302079000044614,none
lstm_cnn,fold_3,bear,WilliamsR_14,0.2526456893676018,0.0991735537190082,104,104,966971552,200,2.4302079000044614,none
lstm_cnn,fold_3,bear,CCI_20,0.1171486148280275,0.3553719008264462,104,104,966971552,200,2.4302079000044614,none
lstm_cnn,fold_3,bear,ADX_14,0.1737511251359347,0.2066115702479339,104,104,966971552,200,2.4302079000044614,none
lstm_cnn,fold_3,bear,PlusDI_14,0.1370976084472029,0.2727272727272727,104,104,966971552,200,2.4302079000044614,none
lstm_cnn,fold_3,bear,MinusDI_14,0.1460379854957584,0.2644628099173554,104,104,966971552,200,2.4302079000044614,none
lstm_cnn,fold_3,bear,VMD_IMF_1,0.0777004261889207,0.4793388429752066,104,104,966971552,200,2.4302079000044614,none
lstm_cnn,fold_3,bear,VMD_IMF_2,0.0284197021339274,0.7851239669421488,104,104,966971552,200,2.4302079000044614,none
lstm_cnn,fold_3,bear,VMD_IMF_3,0.0259323787093428,0.8181818181818182,104,104,966971552,200,2.4302079000044614,none
lstm_cnn,fold_3,bear,VMD_IMF_4,0.0053276515393325,1.0,104,104,966971552,200,2.4302079000044614,none
lstm_cnn,fold_3,bear,VMD_Denoised_Close,0.2313816016797563,0.1239669421487603,104,104,966971552,200,2.4302079000044614,none
lstm_cnn,fold_3,bear,VMD_Noise_Energy_Ratio,0.0861414603322268,0.4380165289256198,104,104,966971552,200,2.4302079000044614,none
lstm_cnn,fold_3,bull,Open_D,0.2033650501596075,0.2809917355371901,58,58,1890616404,200,1.5121418999915477,none
lstm_cnn,fold_3,bull,High_D,0.127715362744512,0.4958677685950413,58,58,1890616404,200,1.5121418999915477,none
lstm_cnn,fold_3,bull,Low_D,0.2874551953272171,0.1818181818181818,58,58,1890616404,200,1.5121418999915477,none
lstm_cnn,fold_3,bull,Close_D,5.104165996972878,0.0,58,58,1890616404,200,1.5121418999915477,none
lstm_cnn,fold_3,bull,Volume_D,0.0390208606464251,0.8677685950413223,58,58,1890616404,200,1.5121418999915477,none
lstm_cnn,fold_3,bull,Change_pct_D,0.0908052620464802,0.6528925619834711,58,58,1890616404,200,1.5121418999915477,none
lstm_cnn,fold_3,bull,Open_W,0.3649569006471148,0.0826446280991735,58,58,1890616404,200,1.5121418999915477,none
lstm_cnn,fold_3,bull,High_W,0.0890999397935831,0.6694214876033058,58,58,1890616404,200,1.5121418999915477,none
lstm_cnn,fold_3,bull,Low_W,0.1975543286963988,0.2975206611570248,58,58,1890616404,200,1.5121418999915477,none
lstm_cnn,fold_3,bull,Close_W,0.3289125882819744,0.1322314049586777,58,58,1890616404,200,1.5121418999915477,none
lstm_cnn,fold_3,bull,Volume_W,0.090271170245104,0.6611570247933884,58,58,1890616404,200,1.5121418999915477,none
lstm_cnn,fold_3,bull,Change_pct_W,0.0510807368296699,0.7768595041322314,58,58,1890616404,200,1.5121418999915477,none
lstm_cnn,fold_3,bull,Open_M,0.4489374024247557,0.0495867768595041,58,58,1890616404,200,1.5121418999915477,none
lstm_cnn,fold_3,bull,High_M,0.2366559508779981,0.2314049586776859,58,58,1890616404,200,1.5121418999915477,none
lstm_cnn,fold_3,bull,Low_M,0.0919454543750205,0.6446280991735537,58,58,1890616404,200,1.5121418999915477,none
lstm_cnn,fold_3,bull,Close_M,0.4960445925400689,0.024793388429752,58,58,1890616404,200,1.5121418999915477,none
lstm_cnn,fold_3,bull,Volume_M,0.1282806167822102,0.4876033057851239,58,58,1890616404,200,1.5121418999915477,none
lstm_cnn,fold_3,bull,Change_pct_M,0.1209797148395386,0.5206611570247934,58,58,1890616404,200,1.5121418999915477,none
lstm_cnn,fold_3,bull,Close_D_lag1,0.298922552678991,0.1652892561983471,58,58,1890616404,200,1.5121418999915477,none
lstm_cnn,fold_3,bull,Close_D_lag2,0.2896770243011093,0.1735537190082644,58,58,1890616404,200,1.5121418999915477,none
lstm_cnn,fold_3,bull,Close_D_lag3,0.1734805012924033,0.3305785123966942,58,58,1890616404,200,1.5121418999915477,none
lstm_cnn,fold_3,bull,Close_D_lag5,0.2175917926856621,0.2479338842975206,58,58,1890616404,200,1.5121418999915477,none
lstm_cnn,fold_3,bull,Close_D_lag10,0.0518687747956015,0.768595041322314,58,58,1890616404,200,1.5121418999915477,none
lstm_cnn,fold_3,bull,Close_D_lag20,0.379251798114374,0.0743801652892562,58,58,1890616404,200,1.5121418999915477,none
lstm_cnn,fold_3,bull,Close_D_lag60,0.165465905693468,0.3471074380165289,58,58,1890616404,200,1.5121418999915477,none
lstm_cnn,fold_3,bull,Change_pct_D_lag1,0.0313680680667575,0.9008264462809916,58,58,1890616404,200,1.5121418999915477,none
lstm_cnn,fold_3,bull,Change_pct_D_lag2,0.0502306980284943,0.7933884297520661,58,58,1890616404,200,1.5121418999915477,none
lstm_cnn,fold_3,bull,Change_pct_D_lag3,0.0492994322778846,0.8099173553719008,58,58,1890616404,200,1.5121418999915477,none
lstm_cnn,fold_3,bull,Change_pct_D_lag5,0.0316119537867309,0.8925619834710744,58,58,1890616404,200,1.5121418999915477,none
lstm_cnn,fold_3,bull,Change_pct_D_lag10,0.1309942621513669,0.4628099173553719,58,58,1890616404,200,1.5121418999915477,none
lstm_cnn,fold_3,bull,Change_pct_D_lag20,0.0931582220869413,0.6115702479338843,58,58,1890616404,200,1.5121418999915477,none
lstm_cnn,fold_3,bull,Volume_D_lag1,0.0398123447337889,0.8512396694214877,58,58,1890616404,200,1.5121418999915477,none
lstm_cnn,fold_3,bull,Volume_D_lag2,0.0930899803804691,0.6198347107438017,58,58,1890616404,200,1.5121418999915477,none
lstm_cnn,fold_3,bull,Volume_D_lag3,0.0921610136038217,0.6363636363636364,58,58,1890616404,200,1.5121418999915477,none
lstm_cnn,fold_3,bull,Volume_D_lag5,0.092638738210183,0.628099173553719,58,58,1890616404,200,1.5121418999915477,none
lstm_cnn,fold_3,bull,Volume_D_lag10,0.1048497057465283,0.5619834710743802,58,58,1890616404,200,1.5121418999915477,none
lstm_cnn,fold_3,bull,Volume_D_lag20,0.0177505599139455,0.950413223140496,58,58,1890616404,200,1.5121418999915477,none
lstm_cnn,fold_3,bull,Close_W_lag1,0.1816776040290278,0.3140495867768595,58,58,1890616404,200,1.5121418999915477,none
lstm_cnn,fold_3,bull,Close_W_lag2,0.3168120043994538,0.1487603305785124,58,58,1890616404,200,1.5121418999915477,none
lstm_cnn,fold_3,bull,Close_W_lag4,0.0585825318913991,0.7603305785123967,58,58,1890616404,200,1.5121418999915477,none
lstm_cnn,fold_3,bull,Close_M_lag1,0.4553049734777546,0.0413223140495867,58,58,1890616404,200,1.5121418999915477,none
lstm_cnn,fold_3,bull,Close_M_lag3,0.176971749779126,0.3223140495867768,58,58,1890616404,200,1.5121418999915477,none
lstm_cnn,fold_3,bull,Return_1D,0.0249867446454782,0.9173553719008264,58,58,1890616404,200,1.5121418999915477,none
lstm_cnn,fold_3,bull,Return_3D,0.1075293057346274,0.5537190082644629,58,58,1890616404,200,1.5121418999915477,none
lstm_cnn,fold_3,bull,Return_5D,0.0712139729453799,0.71900826446281,58,58,1890616404,200,1.5121418999915477,none
lstm_cnn,fold_3,bull,Return_10D,0.1282880945842219,0.4793388429752066,58,58,1890616404,200,1.5121418999915477,none
lstm_cnn,fold_3,bull,Return_20D,0.0748320431593081,0.7024793388429752,58,58,1890616404,200,1.5121418999915477,none
lstm_cnn,fold_3,bull,Return_60D,0.2014872144838842,0.2892561983471074,58,58,1890616404,200,1.5121418999915477,none
lstm_cnn,fold_3,bull,SMA_5,0.3490482978189589,0.0991735537190082,58,58,1890616404,200,1.5121418999915477,none
lstm_cnn,fold_3,bull,SMA_10,0.0692959522524876,0.7272727272727273,58,58,1890616404,200,1.5121418999915477,none
lstm_cnn,fold_3,bull,SMA_20,0.1480271041178106,0.396694214876033,58,58,1890616404,200,1.5121418999915477,none
lstm_cnn,fold_3,bull,SMA_60,0.4727210641671514,0.0330578512396694,58,58,1890616404,200,1.5121418999915477,none
lstm_cnn,fold_3,bull,Close_to_SMA_5,0.0766249751623255,0.6942148760330579,58,58,1890616404,200,1.5121418999915477,none
lstm_cnn,fold_3,bull,Close_to_SMA_10,0.0422303345940816,0.8264462809917356,58,58,1890616404,200,1.5121418999915477,none
lstm_cnn,fold_3,bull,Close_to_SMA_20,0.1327083134439629,0.4380165289256198,58,58,1890616404,200,1.5121418999915477,none
lstm_cnn,fold_3,bull,Close_to_SMA_60,0.2067536320461558,0.2644628099173554,58,58,1890616404,200,1.5121418999915477,none
lstm_cnn,fold_3,bull,Volatility_5,0.1120929946271613,0.5371900826446281,58,58,1890616404,200,1.5121418999915477,none
lstm_cnn,fold_3,bull,Volatility_10,0.041469183517224,0.8347107438016529,58,58,1890616404,200,1.5121418999915477,none
lstm_cnn,fold_3,bull,Volatility_20,0.334982269817907,0.1157024793388429,58,58,1890616404,200,1.5121418999915477,none
lstm_cnn,fold_3,bull,Volatility_60,0.3374568171662696,0.1074380165289256,58,58,1890616404,200,1.5121418999915477,none
lstm_cnn,fold_3,bull,Momentum_5,0.0946585503915042,0.5950413223140496,58,58,1890616404,200,1.5121418999915477,none
lstm_cnn,fold_3,bull,Momentum_10,0.1346682399956425,0.4297520661157025,58,58,1890616404,200,1.5121418999915477,none
lstm_cnn,fold_3,bull,Momentum_20,0.1012988224540534,0.5785123966942148,58,58,1890616404,200,1.5121418999915477,none
lstm_cnn,fold_3,bull,Momentum_60,0.1588706101490845,0.3636363636363636,58,58,1890616404,200,1.5121418999915477,none
lstm_cnn,fold_3,bull,ROC_5,0.1178236714882775,0.5289256198347108,58,58,1890616404,200,1.5121418999915477,none
lstm_cnn,fold_3,bull,ROC_10,0.0874727403937836,0.6776859504132231,58,58,1890616404,200,1.5121418999915477,none
lstm_cnn,fold_3,bull,ROC_20,0.274746706935504,0.2066115702479339,58,58,1890616404,200,1.5121418999915477,none
lstm_cnn,fold_3,bull,ROC_60,0.2227800801661754,0.2396694214876033,58,58,1890616404,200,1.5121418999915477,none
lstm_cnn,fold_3,bull,Ratio_Close_D_to_W,0.0382303628911092,0.8842975206611571,58,58,1890616404,200,1.5121418999915477,none
lstm_cnn,fold_3,bull,Ratio_Close_D_to_M,0.3203989324992892,0.140495867768595,58,58,1890616404,200,1.5121418999915477,none
lstm_cnn,fold_3,bull,Ratio_Volume_D_to_W,0.0385611864612342,0.8760330578512396,58,58,1890616404,200,1.5121418999915477,none
lstm_cnn,fold_3,bull,Spread_D,0.0497445971190104,0.8016528925619835,58,58,1890616404,200,1.5121418999915477,none
lstm_cnn,fold_3,bull,Body_D,0.0200919769012483,0.9421487603305784,58,58,1890616404,200,1.5121418999915477,none
lstm_cnn,fold_3,bull,Body_abs_D,0.1225588182483173,0.5041322314049587,58,58,1890616404,200,1.5121418999915477,none
lstm_cnn,fold_3,bull,Upper_Shadow_D,0.0227587003603252,0.9256198347107438,58,58,1890616404,200,1.5121418999915477,none
lstm_cnn,fold_3,bull,Lower_Shadow_D,0.0130586868302884,0.975206611570248,58,58,1890616404,200,1.5121418999915477,none
lstm_cnn,fold_3,bull,Body_to_Range_D,0.1324776525372664,0.4462809917355372,58,58,1890616404,200,1.5121418999915477,none
lstm_cnn,fold_3,bull,Close_Position_D,0.1602339396861523,0.3553719008264462,58,58,1890616404,200,1.5121418999915477,none
lstm_cnn,fold_3,bull,Spread_W,0.0394040514135173,0.859504132231405,58,58,1890616404,200,1.5121418999915477,none
lstm_cnn,fold_3,bull,Body_W,0.0731985820147797,0.7107438016528925,58,58,1890616404,200,1.5121418999915477,none
lstm_cnn,fold_3,bull,Close_Position_W,0.0451143368100709,0.8181818181818182,58,58,1890616404,200,1.5121418999915477,none
lstm_cnn,fold_3,bull,Spread_M,0.3098547823664109,0.1570247933884297,58,58,1890616404,200,1.5121418999915477,none
lstm_cnn,fold_3,bull,Body_M,0.2799167904439134,0.1900826446280991,58,58,1890616404,200,1.5121418999915477,none
lstm_cnn,fold_3,bull,Close_Position_M,0.0281226600712866,0.9090909090909092,58,58,1890616404,200,1.5121418999915477,none
lstm_cnn,fold_3,bull,Volume_MA_5,0.1867049100606828,0.3057851239669421,58,58,1890616404,200,1.5121418999915477,none
lstm_cnn,fold_3,bull,Volume_MA_20,0.2395187985420338,0.2231404958677686,58,58,1890616404,200,1.5121418999915477,none
lstm_cnn,fold_3,bull,Volume_Ratio_5,0.0943798716091272,0.6033057851239669,58,58,1890616404,200,1.5121418999915477,none
lstm_cnn,fold_3,bull,Volume_Ratio_20,0.011202131507913,0.9834710743801652,58,58,1890616404,200,1.5121418999915477,none
lstm_cnn,fold_3,bull,Volume_Change_1D,0.0612932620449508,0.7520661157024794,58,58,1890616404,200,1.5121418999915477,none
lstm_cnn,fold_3,bull,Volume_Change_5D,0.010961801892817,0.9917355371900828,58,58,1890616404,200,1.5121418999915477,none
lstm_cnn,fold_3,bull,Volume_Change_20D,0.0145912838698277,0.9586776859504132,58,58,1890616404,200,1.5121418999915477,none
lstm_cnn,fold_3,bull,Direction_lag1,0.3507407664562222,0.0909090909090909,58,58,1890616404,200,1.5121418999915477,none
lstm_cnn,fold_3,bull,Direction_lag2,0.1522317656075003,0.3801652892561983,58,58,1890616404,200,1.5121418999915477,none
lstm_cnn,fold_3,bull,Direction_lag3,0.1476809334885258,0.4049586776859504,58,58,1890616404,200,1.5121418999915477,none
lstm_cnn,fold_3,bull,Direction_lag5,0.0503717176507617,0.7851239669421488,58,58,1890616404,200,1.5121418999915477,none
lstm_cnn,fold_3,bull,Up_Ratio_5,0.1322070977847284,0.4545454545454545,58,58,1890616404,200,1.5121418999915477,none
lstm_cnn,fold_3,bull,Up_Ratio_10,0.0137743771375065,0.9669421487603306,58,58,1890616404,200,1.5121418999915477,none
lstm_cnn,fold_3,bull,Up_Ratio_20,0.0818109230674147,0.6859504132231405,58,58,1890616404,200,1.5121418999915477,none
lstm_cnn,fold_3,bull,Down_Ratio_5,0.0220149912483391,0.9338842975206612,58,58,1890616404,200,1.5121418999915477,none
lstm_cnn,fold_3,bull,Down_Ratio_10,0.1733963923983537,0.3388429752066115,58,58,1890616404,200,1.5121418999915477,none
lstm_cnn,fold_3,bull,Down_Ratio_20,0.0400178286523943,0.8429752066115702,58,58,1890616404,200,1.5121418999915477,none
lstm_cnn,fold_3,bull,WMA_5,0.329913550989044,0.1239669421487603,58,58,1890616404,200,1.5121418999915477,none
lstm_cnn,fold_3,bull,WMA_10,0.4079981920341479,0.0661157024793388,58,58,1890616404,200,1.5121418999915477,none
lstm_cnn,fold_3,bull,WMA_20,0.2067136522864843,0.2727272727272727,58,58,1890616404,200,1.5121418999915477,none
lstm_cnn,fold_3,bull,WMA_60,0.7829991438907796,0.0165289256198347,58,58,1890616404,200,1.5121418999915477,none
lstm_cnn,fold_3,bull,StochK_14,0.0645846175849673,0.743801652892562,58,58,1890616404,200,1.5121418999915477,none
lstm_cnn,fold_3,bull,StochD_3,0.1513542852436989,0.3884297520661157,58,58,1890616404,200,1.5121418999915477,none
lstm_cnn,fold_3,bull,RSI_14,0.1454571685793404,0.4132231404958678,58,58,1890616404,200,1.5121418999915477,none
lstm_cnn,fold_3,bull,MACD_12_26,0.4479857520559593,0.0578512396694214,58,58,1890616404,200,1.5121418999915477,none
lstm_cnn,fold_3,bull,MACD_Signal_9,0.1218060636114089,0.512396694214876,58,58,1890616404,200,1.5121418999915477,none
lstm_cnn,fold_3,bull,MACD_Histogram,0.1588464367049176,0.371900826446281,58,58,1890616404,200,1.5121418999915477,none
lstm_cnn,fold_3,bull,WilliamsR_14,0.2114620181514981,0.256198347107438,58,58,1890616404,200,1.5121418999915477,none
lstm_cnn,fold_3,bull,CCI_20,0.1029548818163612,0.5702479338842975,58,58,1890616404,200,1.5121418999915477,none
lstm_cnn,fold_3,bull,ADX_14,0.2753886500206261,0.1983471074380165,58,58,1890616404,200,1.5121418999915477,none
lstm_cnn,fold_3,bull,PlusDI_14,0.1380634481066252,0.4214876033057851,58,58,1890616404,200,1.5121418999915477,none
lstm_cnn,fold_3,bull,MinusDI_14,0.1077926868608771,0.5454545454545454,58,58,1890616404,200,1.5121418999915477,none
lstm_cnn,fold_3,bull,VMD_IMF_1,0.0650017436842282,0.7355371900826446,58,58,1890616404,200,1.5121418999915477,none
lstm_cnn,fold_3,bull,VMD_IMF_2,0.095130795692904,0.5867768595041323,58,58,1890616404,200,1.5121418999915477,none
lstm_cnn,fold_3,bull,VMD_IMF_3,0.1289056291758493,0.4710743801652892,58,58,1890616404,200,1.5121418999915477,none
lstm_cnn,fold_3,bull,VMD_IMF_4,0.0051757105463328,1.0,58,58,1890616404,200,1.5121418999915477,none
lstm_cnn,fold_3,bull,VMD_Denoised_Close,0.2710238045165797,0.2148760330578512,58,58,1890616404,200,1.5121418999915477,none
lstm_cnn,fold_3,bull,VMD_Noise_Energy_Ratio,1.3659744445274555,0.0082644628099173,58,58,1890616404,200,1.5121418999915477,none
lstm_cnn,fold_3,global,Open_D,0.1640737967974473,0.2809917355371901,242,128,1560351382,200,3.536953100003302,none
lstm_cnn,fold_3,global,High_D,0.1045306631637203,0.4462809917355372,242,128,1560351382,200,3.536953100003302,none
lstm_cnn,fold_3,global,Low_D,0.2203899161216213,0.1735537190082644,242,128,1560351382,200,3.536953100003302,none
lstm_cnn,fold_3,global,Close_D,6.566044350117224,0.0,242,128,1560351382,200,3.536953100003302,none
lstm_cnn,fold_3,global,Volume_D,0.0205350790654596,0.9173553719008264,242,128,1560351382,200,3.536953100003302,none
lstm_cnn,fold_3,global,Change_pct_D,0.0729004959433062,0.6033057851239669,242,128,1560351382,200,3.536953100003302,none
lstm_cnn,fold_3,global,Open_W,0.2718875917507716,0.0991735537190082,242,128,1560351382,200,3.536953100003302,none
lstm_cnn,fold_3,global,High_W,0.0596202744705905,0.6859504132231405,242,128,1560351382,200,3.536953100003302,none
lstm_cnn,fold_3,global,Low_W,0.1271154189184528,0.3801652892561983,242,128,1560351382,200,3.536953100003302,none
lstm_cnn,fold_3,global,Close_W,0.2605596560142658,0.1157024793388429,242,128,1560351382,200,3.536953100003302,none
lstm_cnn,fold_3,global,Volume_W,0.05570469235577,0.7107438016528925,242,128,1560351382,200,3.536953100003302,none
lstm_cnn,fold_3,global,Change_pct_W,0.0304281784591081,0.8512396694214877,242,128,1560351382,200,3.536953100003302,none
lstm_cnn,fold_3,global,Open_M,0.3193096414503088,0.0495867768595041,242,128,1560351382,200,3.536953100003302,none
lstm_cnn,fold_3,global,High_M,0.1651650291953258,0.2644628099173554,242,128,1560351382,200,3.536953100003302,none
lstm_cnn,fold_3,global,Low_M,0.0614070555774418,0.6694214876033058,242,128,1560351382,200,3.536953100003302,none
lstm_cnn,fold_3,global,Close_M,0.3804134453723236,0.0330578512396694,242,128,1560351382,200,3.536953100003302,none
lstm_cnn,fold_3,global,Volume_M,0.1064728358884325,0.4380165289256198,242,128,1560351382,200,3.536953100003302,none
lstm_cnn,fold_3,global,Change_pct_M,0.0858994632514232,0.5289256198347108,242,128,1560351382,200,3.536953100003302,none
lstm_cnn,fold_3,global,Close_D_lag1,0.2575256184011323,0.1239669421487603,242,128,1560351382,200,3.536953100003302,none
lstm_cnn,fold_3,global,Close_D_lag2,0.2238606836424878,0.1652892561983471,242,128,1560351382,200,3.536953100003302,none
lstm_cnn,fold_3,global,Close_D_lag3,0.1583827674996044,0.3057851239669421,242,128,1560351382,200,3.536953100003302,none
lstm_cnn,fold_3,global,Close_D_lag5,0.1467947005592748,0.3471074380165289,242,128,1560351382,200,3.536953100003302,none
lstm_cnn,fold_3,global,Close_D_lag10,0.0449920542906415,0.7851239669421488,242,128,1560351382,200,3.536953100003302,none
lstm_cnn,fold_3,global,Close_D_lag20,0.2647749925753942,0.1074380165289256,242,128,1560351382,200,3.536953100003302,none
lstm_cnn,fold_3,global,Close_D_lag60,0.1568742298256857,0.3223140495867768,242,128,1560351382,200,3.536953100003302,none
lstm_cnn,fold_3,global,Change_pct_D_lag1,0.0290589626374474,0.8760330578512396,242,128,1560351382,200,3.536953100003302,none
lstm_cnn,fold_3,global,Change_pct_D_lag2,0.041187524606687,0.8016528925619835,242,128,1560351382,200,3.536953100003302,none
lstm_cnn,fold_3,global,Change_pct_D_lag3,0.05503123583329,0.71900826446281,242,128,1560351382,200,3.536953100003302,none
lstm_cnn,fold_3,global,Change_pct_D_lag5,0.0397934029169132,0.8264462809917356,242,128,1560351382,200,3.536953100003302,none
lstm_cnn,fold_3,global,Change_pct_D_lag10,0.0927355856944963,0.4958677685950413,242,128,1560351382,200,3.536953100003302,none
lstm_cnn,fold_3,global,Change_pct_D_lag20,0.0682372374448476,0.6198347107438017,242,128,1560351382,200,3.536953100003302,none
lstm_cnn,fold_3,global,Volume_D_lag1,0.0242315662702543,0.9008264462809916,242,128,1560351382,200,3.536953100003302,none
lstm_cnn,fold_3,global,Volume_D_lag2,0.0505635876032468,0.7603305785123967,242,128,1560351382,200,3.536953100003302,none
lstm_cnn,fold_3,global,Volume_D_lag3,0.0534418748375767,0.743801652892562,242,128,1560351382,200,3.536953100003302,none
lstm_cnn,fold_3,global,Volume_D_lag5,0.0546756572792929,0.7355371900826446,242,128,1560351382,200,3.536953100003302,none
lstm_cnn,fold_3,global,Volume_D_lag10,0.0797455853571996,0.5702479338842975,242,128,1560351382,200,3.536953100003302,none
lstm_cnn,fold_3,global,Volume_D_lag20,0.015534602734802,0.9338842975206612,242,128,1560351382,200,3.536953100003302,none
lstm_cnn,fold_3,global,Close_W_lag1,0.1659121799623193,0.2479338842975206,242,128,1560351382,200,3.536953100003302,none
lstm_cnn,fold_3,global,Close_W_lag2,0.2374862609830415,0.140495867768595,242,128,1560351382,200,3.536953100003302,none
lstm_cnn,fold_3,global,Close_W_lag4,0.0550242944686914,0.7272727272727273,242,128,1560351382,200,3.536953100003302,none
lstm_cnn,fold_3,global,Close_M_lag1,0.3091451081087143,0.0661157024793388,242,128,1560351382,200,3.536953100003302,none
lstm_cnn,fold_3,global,Close_M_lag3,0.1177522195864867,0.4049586776859504,242,128,1560351382,200,3.536953100003302,none
lstm_cnn,fold_3,global,Return_1D,0.0184611845434264,0.9256198347107438,242,128,1560351382,200,3.536953100003302,none
lstm_cnn,fold_3,global,Return_3D,0.0821874597994437,0.5619834710743802,242,128,1560351382,200,3.536953100003302,none
lstm_cnn,fold_3,global,Return_5D,0.0504544213738885,0.768595041322314,242,128,1560351382,200,3.536953100003302,none
lstm_cnn,fold_3,global,Return_10D,0.0681482057741035,0.628099173553719,242,128,1560351382,200,3.536953100003302,none
lstm_cnn,fold_3,global,Return_20D,0.0771212773119287,0.5950413223140496,242,128,1560351382,200,3.536953100003302,none
lstm_cnn,fold_3,global,Return_60D,0.1412959428605574,0.3636363636363636,242,128,1560351382,200,3.536953100003302,none
lstm_cnn,fold_3,global,SMA_5,0.2819358618743536,0.0909090909090909,242,128,1560351382,200,3.536953100003302,none
lstm_cnn,fold_3,global,SMA_10,0.0430452223178804,0.7933884297520661,242,128,1560351382,200,3.536953100003302,none
lstm_cnn,fold_3,global,SMA_20,0.1005578828976773,0.4628099173553719,242,128,1560351382,200,3.536953100003302,none
lstm_cnn,fold_3,global,SMA_60,0.3875953569809553,0.024793388429752,242,128,1560351382,200,3.536953100003302,none
lstm_cnn,fold_3,global,Close_to_SMA_5,0.0505904368390339,0.7520661157024794,242,128,1560351382,200,3.536953100003302,none
lstm_cnn,fold_3,global,Close_to_SMA_10,0.0333307184098565,0.8347107438016529,242,128,1560351382,200,3.536953100003302,none
lstm_cnn,fold_3,global,Close_to_SMA_20,0.0781742796871014,0.5867768595041323,242,128,1560351382,200,3.536953100003302,none
lstm_cnn,fold_3,global,Close_to_SMA_60,0.1631542372456593,0.2892561983471074,242,128,1560351382,200,3.536953100003302,none
lstm_cnn,fold_3,global,Volatility_5,0.0895013326294332,0.5041322314049587,242,128,1560351382,200,3.536953100003302,none
lstm_cnn,fold_3,global,Volatility_10,0.0409623496222906,0.8099173553719008,242,128,1560351382,200,3.536953100003302,none
lstm_cnn,fold_3,global,Volatility_20,0.1766874760168363,0.2231404958677686,242,128,1560351382,200,3.536953100003302,none
lstm_cnn,fold_3,global,Volatility_60,0.2401871458338376,0.1322314049586777,242,128,1560351382,200,3.536953100003302,none
lstm_cnn,fold_3,global,Momentum_5,0.0654756564137692,0.6528925619834711,242,128,1560351382,200,3.536953100003302,none
lstm_cnn,fold_3,global,Momentum_10,0.0955139750571213,0.4876033057851239,242,128,1560351382,200,3.536953100003302,none
lstm_cnn,fold_3,global,Momentum_20,0.0796374366483453,0.5785123966942148,242,128,1560351382,200,3.536953100003302,none
lstm_cnn,fold_3,global,Momentum_60,0.110856514841538,0.4214876033057851,242,128,1560351382,200,3.536953100003302,none
lstm_cnn,fold_3,global,ROC_5,0.082562290777704,0.5537190082644629,242,128,1560351382,200,3.536953100003302,none
lstm_cnn,fold_3,global,ROC_10,0.0605124350122729,0.6776859504132231,242,128,1560351382,200,3.536953100003302,none
lstm_cnn,fold_3,global,ROC_20,0.1811088002263247,0.2066115702479339,242,128,1560351382,200,3.536953100003302,none
lstm_cnn,fold_3,global,ROC_60,0.1930930514658598,0.1900826446280991,242,128,1560351382,200,3.536953100003302,none
lstm_cnn,fold_3,global,Ratio_Close_D_to_W,0.0275418871072368,0.8925619834710744,242,128,1560351382,200,3.536953100003302,none
lstm_cnn,fold_3,global,Ratio_Close_D_to_M,0.1733135507041737,0.2314049586776859,242,128,1560351382,200,3.536953100003302,none
lstm_cnn,fold_3,global,Ratio_Volume_D_to_W,0.0275883302451966,0.8842975206611571,242,128,1560351382,200,3.536953100003302,none
lstm_cnn,fold_3,global,Spread_D,0.0328505368965272,0.8429752066115702,242,128,1560351382,200,3.536953100003302,none
lstm_cnn,fold_3,global,Body_D,0.0154246779606363,0.9421487603305784,242,128,1560351382,200,3.536953100003302,none
lstm_cnn,fold_3,global,Body_abs_D,0.1103492374765323,0.4297520661157025,242,128,1560351382,200,3.536953100003302,none
lstm_cnn,fold_3,global,Upper_Shadow_D,0.0153447579233295,0.950413223140496,242,128,1560351382,200,3.536953100003302,none
lstm_cnn,fold_3,global,Lower_Shadow_D,0.0088162261971662,0.9917355371900828,242,128,1560351382,200,3.536953100003302,none
lstm_cnn,fold_3,global,Body_to_Range_D,0.1284286285143544,0.371900826446281,242,128,1560351382,200,3.536953100003302,none
lstm_cnn,fold_3,global,Close_Position_D,0.1458398825886916,0.3553719008264462,242,128,1560351382,200,3.536953100003302,none
lstm_cnn,fold_3,global,Spread_W,0.0297860423115096,0.8677685950413223,242,128,1560351382,200,3.536953100003302,none
lstm_cnn,fold_3,global,Body_W,0.0655114971466218,0.6446280991735537,242,128,1560351382,200,3.536953100003302,none
lstm_cnn,fold_3,global,Close_Position_W,0.0402546816709389,0.8181818181818182,242,128,1560351382,200,3.536953100003302,none
lstm_cnn,fold_3,global,Spread_M,0.211489826445208,0.1818181818181818,242,128,1560351382,200,3.536953100003302,none
lstm_cnn,fold_3,global,Body_M,0.164317328279435,0.2727272727272727,242,128,1560351382,200,3.536953100003302,none
lstm_cnn,fold_3,global,Close_Position_M,0.0240039885826863,0.9090909090909092,242,128,1560351382,200,3.536953100003302,none
lstm_cnn,fold_3,global,Volume_MA_5,0.1004731332750474,0.4710743801652892,242,128,1560351382,200,3.536953100003302,none
lstm_cnn,fold_3,global,Volume_MA_20,0.163054112656415,0.2975206611570248,242,128,1560351382,200,3.536953100003302,none
lstm_cnn,fold_3,global,Volume_Ratio_5,0.0834682565773296,0.5371900826446281,242,128,1560351382,200,3.536953100003302,none
lstm_cnn,fold_3,global,Volume_Ratio_20,0.0107436757558966,0.975206611570248,242,128,1560351382,200,3.536953100003302,none
lstm_cnn,fold_3,global,Volume_Change_1D,0.0569723597387479,0.7024793388429752,242,128,1560351382,200,3.536953100003302,none
lstm_cnn,fold_3,global,Volume_Change_5D,0.0102517051977178,0.9834710743801652,242,128,1560351382,200,3.536953100003302,none
lstm_cnn,fold_3,global,Volume_Change_20D,0.0143274834252373,0.9586776859504132,242,128,1560351382,200,3.536953100003302,none
lstm_cnn,fold_3,global,Direction_lag1,0.3181889121631684,0.0578512396694214,242,128,1560351382,200,3.536953100003302,none
lstm_cnn,fold_3,global,Direction_lag2,0.1696762653917602,0.2396694214876033,242,128,1560351382,200,3.536953100003302,none
lstm_cnn,fold_3,global,Direction_lag3,0.1793546266480234,0.2148760330578512,242,128,1560351382,200,3.536953100003302,none
lstm_cnn,fold_3,global,Direction_lag5,0.0623741171376536,0.6611570247933884,242,128,1560351382,200,3.536953100003302,none
lstm_cnn,fold_3,global,Up_Ratio_5,0.1196751893994303,0.396694214876033,242,128,1560351382,200,3.536953100003302,none
lstm_cnn,fold_3,global,Up_Ratio_10,0.0128528087043745,0.9669421487603306,242,128,1560351382,200,3.536953100003302,none
lstm_cnn,fold_3,global,Up_Ratio_20,0.0883072798971625,0.512396694214876,242,128,1560351382,200,3.536953100003302,none
lstm_cnn,fold_3,global,Down_Ratio_5,0.0491016463626018,0.7768595041322314,242,128,1560351382,200,3.536953100003302,none
lstm_cnn,fold_3,global,Down_Ratio_10,0.1576577615152906,0.3140495867768595,242,128,1560351382,200,3.536953100003302,none
lstm_cnn,fold_3,global,Down_Ratio_20,0.0302844024860341,0.859504132231405,242,128,1560351382,200,3.536953100003302,none
lstm_cnn,fold_3,global,WMA_5,0.2820920750999335,0.0826446280991735,242,128,1560351382,200,3.536953100003302,none
lstm_cnn,fold_3,global,WMA_10,0.3206099190078476,0.0413223140495867,242,128,1560351382,200,3.536953100003302,none
lstm_cnn,fold_3,global,WMA_20,0.1470771120419471,0.3388429752066115,242,128,1560351382,200,3.536953100003302,none
lstm_cnn,fold_3,global,WMA_60,0.5587877294872385,0.0165289256198347,242,128,1560351382,200,3.536953100003302,none
lstm_cnn,fold_3,global,StochK_14,0.098822161425101,0.4793388429752066,242,128,1560351382,200,3.536953100003302,none
lstm_cnn,fold_3,global,StochD_3,0.1651874448872234,0.256198347107438,242,128,1560351382,200,3.536953100003302,none
lstm_cnn,fold_3,global,RSI_14,0.1527188958229487,0.3305785123966942,242,128,1560351382,200,3.536953100003302,none
lstm_cnn,fold_3,global,MACD_12_26,0.3028208716109418,0.0743801652892562,242,128,1560351382,200,3.536953100003302,none
lstm_cnn,fold_3,global,MACD_Signal_9,0.082597463154007,0.5454545454545454,242,128,1560351382,200,3.536953100003302,none
lstm_cnn,fold_3,global,MACD_Histogram,0.0864429536799301,0.5206611570247934,242,128,1560351382,200,3.536953100003302,none
lstm_cnn,fold_3,global,WilliamsR_14,0.2292590578654653,0.1487603305785124,242,128,1560351382,200,3.536953100003302,none
lstm_cnn,fold_3,global,CCI_20,0.1027253693464587,0.4545454545454545,242,128,1560351382,200,3.536953100003302,none
lstm_cnn,fold_3,global,ADX_14,0.1918985197835439,0.1983471074380165,242,128,1560351382,200,3.536953100003302,none
lstm_cnn,fold_3,global,PlusDI_14,0.1153918379010715,0.4132231404958678,242,128,1560351382,200,3.536953100003302,none
lstm_cnn,fold_3,global,MinusDI_14,0.1199608202843307,0.3884297520661157,242,128,1560351382,200,3.536953100003302,none
lstm_cnn,fold_3,global,VMD_IMF_1,0.0687278554467891,0.6115702479338843,242,128,1560351382,200,3.536953100003302,none
lstm_cnn,fold_3,global,VMD_IMF_2,0.0581323899605477,0.6942148760330579,242,128,1560351382,200,3.536953100003302,none
lstm_cnn,fold_3,global,VMD_IMF_3,0.06718149829126,0.6363636363636364,242,128,1560351382,200,3.536953100003302,none
lstm_cnn,fold_3,global,VMD_IMF_4,0.0047123844885008,1.0,242,128,1560351382,200,3.536953100003302,none
lstm_cnn,fold_3,global,VMD_Denoised_Close,0.2242791022517394,0.1570247933884297,242,128,1560351382,200,3.536953100003302,none
lstm_cnn,fold_3,global,VMD_Noise_Energy_Ratio,0.7102524131834287,0.0082644628099173,242,128,1560351382,200,3.536953100003302,none
lstm_cnn,fold_3,sideway,Open_D,0.1443278408258629,0.3057851239669421,80,80,611322991,200,1.861798199999612,none
lstm_cnn,fold_3,sideway,High_D,0.0932567283142725,0.4628099173553719,80,80,611322991,200,1.861798199999612,none
lstm_cnn,fold_3,sideway,Low_D,0.1868245585994736,0.2148760330578512,80,80,611322991,200,1.861798199999612,none
lstm_cnn,fold_3,sideway,Close_D,5.749687239743021,0.0,80,80,611322991,200,1.861798199999612,none
lstm_cnn,fold_3,sideway,Volume_D,0.0216345693694371,0.9090909090909092,80,80,611322991,200,1.861798199999612,none
lstm_cnn,fold_3,sideway,Change_pct_D,0.0785043079307024,0.5454545454545454,80,80,611322991,200,1.861798199999612,none
lstm_cnn,fold_3,sideway,Open_W,0.2373270033689186,0.1322314049586777,80,80,611322991,200,1.861798199999612,none
lstm_cnn,fold_3,sideway,High_W,0.0473883296947605,0.7520661157024794,80,80,611322991,200,1.861798199999612,none
lstm_cnn,fold_3,sideway,Low_W,0.1175858236234034,0.4049586776859504,80,80,611322991,200,1.861798199999612,none
lstm_cnn,fold_3,sideway,Close_W,0.2175393447361421,0.1652892561983471,80,80,611322991,200,1.861798199999612,none
lstm_cnn,fold_3,sideway,Volume_W,0.0665849359300091,0.6446280991735537,80,80,611322991,200,1.861798199999612,none
lstm_cnn,fold_3,sideway,Change_pct_W,0.0335370107029569,0.8429752066115702,80,80,611322991,200,1.861798199999612,none
lstm_cnn,fold_3,sideway,Open_M,0.3100321628543315,0.0578512396694214,80,80,611322991,200,1.861798199999612,none
lstm_cnn,fold_3,sideway,High_M,0.1320711256630102,0.3388429752066115,80,80,611322991,200,1.861798199999612,none
lstm_cnn,fold_3,sideway,Low_M,0.0592802407948329,0.7107438016528925,80,80,611322991,200,1.861798199999612,none
lstm_cnn,fold_3,sideway,Close_M,0.3599500611156691,0.0330578512396694,80,80,611322991,200,1.861798199999612,none
lstm_cnn,fold_3,sideway,Volume_M,0.1649534393365385,0.256198347107438,80,80,611322991,200,1.861798199999612,none
lstm_cnn,fold_3,sideway,Change_pct_M,0.0793289541184367,0.5371900826446281,80,80,611322991,200,1.861798199999612,none
lstm_cnn,fold_3,sideway,Close_D_lag1,0.221205802031327,0.1570247933884297,80,80,611322991,200,1.861798199999612,none
lstm_cnn,fold_3,sideway,Close_D_lag2,0.2006383597679087,0.1983471074380165,80,80,611322991,200,1.861798199999612,none
lstm_cnn,fold_3,sideway,Close_D_lag3,0.1380428996575847,0.3305785123966942,80,80,611322991,200,1.861798199999612,none
lstm_cnn,fold_3,sideway,Close_D_lag5,0.1203546545368772,0.371900826446281,80,80,611322991,200,1.861798199999612,none
lstm_cnn,fold_3,sideway,Close_D_lag10,0.0414324862240005,0.7851239669421488,80,80,611322991,200,1.861798199999612,none
lstm_cnn,fold_3,sideway,Close_D_lag20,0.2667188021737774,0.0909090909090909,80,80,611322991,200,1.861798199999612,none
lstm_cnn,fold_3,sideway,Close_D_lag60,0.2065576915927522,0.1818181818181818,80,80,611322991,200,1.861798199999612,none
lstm_cnn,fold_3,sideway,Change_pct_D_lag1,0.0328635724392302,0.8512396694214877,80,80,611322991,200,1.861798199999612,none
lstm_cnn,fold_3,sideway,Change_pct_D_lag2,0.04391172517727,0.7768595041322314,80,80,611322991,200,1.861798199999612,none
lstm_cnn,fold_3,sideway,Change_pct_D_lag3,0.0475292159153639,0.743801652892562,80,80,611322991,200,1.861798199999612,none
lstm_cnn,fold_3,sideway,Change_pct_D_lag5,0.0314440841930536,0.8677685950413223,80,80,611322991,200,1.861798199999612,none
lstm_cnn,fold_3,sideway,Change_pct_D_lag10,0.1097055034790017,0.4297520661157025,80,80,611322991,200,1.861798199999612,none
lstm_cnn,fold_3,sideway,Change_pct_D_lag20,0.0827295555330329,0.5041322314049587,80,80,611322991,200,1.861798199999612,none
lstm_cnn,fold_3,sideway,Volume_D_lag1,0.0247598110270647,0.8925619834710744,80,80,611322991,200,1.861798199999612,none
lstm_cnn,fold_3,sideway,Volume_D_lag2,0.0606109476415024,0.6942148760330579,80,80,611322991,200,1.861798199999612,none
lstm_cnn,fold_3,sideway,Volume_D_lag3,0.0660797526529421,0.6528925619834711,80,80,611322991,200,1.861798199999612,none
lstm_cnn,fold_3,sideway,Volume_D_lag5,0.0747941230009109,0.5950413223140496,80,80,611322991,200,1.861798199999612,none
lstm_cnn,fold_3,sideway,Volume_D_lag10,0.120099266631355,0.3801652892561983,80,80,611322991,200,1.861798199999612,none
lstm_cnn,fold_3,sideway,Volume_D_lag20,0.0186743629001757,0.9338842975206612,80,80,611322991,200,1.861798199999612,none
lstm_cnn,fold_3,sideway,Close_W_lag1,0.139231491707178,0.3223140495867768,80,80,611322991,200,1.861798199999612,none
lstm_cnn,fold_3,sideway,Close_W_lag2,0.2041584483149927,0.1900826446280991,80,80,611322991,200,1.861798199999612,none
lstm_cnn,fold_3,sideway,Close_W_lag4,0.0439464926784603,0.768595041322314,80,80,611322991,200,1.861798199999612,none
lstm_cnn,fold_3,sideway,Close_M_lag1,0.277168271606788,0.0661157024793388,80,80,611322991,200,1.861798199999612,none
lstm_cnn,fold_3,sideway,Close_M_lag3,0.1086201079154852,0.4380165289256198,80,80,611322991,200,1.861798199999612,none
lstm_cnn,fold_3,sideway,Return_1D,0.0162522740694933,0.9421487603305784,80,80,611322991,200,1.861798199999612,none
lstm_cnn,fold_3,sideway,Return_3D,0.078328577042057,0.5537190082644629,80,80,611322991,200,1.861798199999612,none
lstm_cnn,fold_3,sideway,Return_5D,0.0534013050416913,0.7272727272727273,80,80,611322991,200,1.861798199999612,none
lstm_cnn,fold_3,sideway,Return_10D,0.0650720223081612,0.6776859504132231,80,80,611322991,200,1.861798199999612,none
lstm_cnn,fold_3,sideway,Return_20D,0.046908050124266,0.7603305785123967,80,80,611322991,200,1.861798199999612,none
lstm_cnn,fold_3,sideway,Return_60D,0.1729586692882665,0.2479338842975206,80,80,611322991,200,1.861798199999612,none
lstm_cnn,fold_3,sideway,SMA_5,0.2446536105673294,0.1239669421487603,80,80,611322991,200,1.861798199999612,none
lstm_cnn,fold_3,sideway,SMA_10,0.0410271469588406,0.7933884297520661,80,80,611322991,200,1.861798199999612,none
lstm_cnn,fold_3,sideway,SMA_20,0.093953698640546,0.4545454545454545,80,80,611322991,200,1.861798199999612,none
lstm_cnn,fold_3,sideway,SMA_60,0.4078764128610055,0.024793388429752,80,80,611322991,200,1.861798199999612,none
lstm_cnn,fold_3,sideway,Close_to_SMA_5,0.0492079406290989,0.7355371900826446,80,80,611322991,200,1.861798199999612,none
lstm_cnn,fold_3,sideway,Close_to_SMA_10,0.0375794102501663,0.8181818181818182,80,80,611322991,200,1.861798199999612,none
lstm_cnn,fold_3,sideway,Close_to_SMA_20,0.0703181286142472,0.6115702479338843,80,80,611322991,200,1.861798199999612,none
lstm_cnn,fold_3,sideway,Close_to_SMA_60,0.1231749060365194,0.3636363636363636,80,80,611322991,200,1.861798199999612,none
lstm_cnn,fold_3,sideway,Volatility_5,0.081719495255985,0.5206611570247934,80,80,611322991,200,1.861798199999612,none
lstm_cnn,fold_3,sideway,Volatility_10,0.0270718148360833,0.8842975206611571,80,80,611322991,200,1.861798199999612,none
lstm_cnn,fold_3,sideway,Volatility_20,0.2318812827839383,0.140495867768595,80,80,611322991,200,1.861798199999612,none
lstm_cnn,fold_3,sideway,Volatility_60,0.3254262124627712,0.0495867768595041,80,80,611322991,200,1.861798199999612,none
lstm_cnn,fold_3,sideway,Momentum_5,0.061118301602097,0.6859504132231405,80,80,611322991,200,1.861798199999612,none
lstm_cnn,fold_3,sideway,Momentum_10,0.0850100104403779,0.4958677685950413,80,80,611322991,200,1.861798199999612,none
lstm_cnn,fold_3,sideway,Momentum_20,0.0775060174020473,0.5619834710743802,80,80,611322991,200,1.861798199999612,none
lstm_cnn,fold_3,sideway,Momentum_60,0.1195799079744932,0.3884297520661157,80,80,611322991,200,1.861798199999612,none
lstm_cnn,fold_3,sideway,ROC_5,0.0766469242444594,0.5702479338842975,80,80,611322991,200,1.861798199999612,none
lstm_cnn,fold_3,sideway,ROC_10,0.0554484470009629,0.71900826446281,80,80,611322991,200,1.861798199999612,none
lstm_cnn,fold_3,sideway,ROC_20,0.1811476255260265,0.2314049586776859,80,80,611322991,200,1.861798199999612,none
lstm_cnn,fold_3,sideway,ROC_60,0.2264817748181576,0.1487603305785124,80,80,611322991,200,1.861798199999612,none
lstm_cnn,fold_3,sideway,Ratio_Close_D_to_W,0.0219898314703422,0.9008264462809916,80,80,611322991,200,1.861798199999612,none
lstm_cnn,fold_3,sideway,Ratio_Close_D_to_M,0.1443815084907362,0.2975206611570248,80,80,611322991,200,1.861798199999612,none
lstm_cnn,fold_3,sideway,Ratio_Volume_D_to_W,0.0328336933601053,0.859504132231405,80,80,611322991,200,1.861798199999612,none
lstm_cnn,fold_3,sideway,Spread_D,0.0347318948578067,0.8347107438016529,80,80,611322991,200,1.861798199999612,none
lstm_cnn,fold_3,sideway,Body_D,0.0204704044388324,0.9173553719008264,80,80,611322991,200,1.861798199999612,none
lstm_cnn,fold_3,sideway,Body_abs_D,0.1113791530397816,0.4214876033057851,80,80,611322991,200,1.861798199999612,none
lstm_cnn,fold_3,sideway,Upper_Shadow_D,0.0118994802845902,0.9586776859504132,80,80,611322991,200,1.861798199999612,none
lstm_cnn,fold_3,sideway,Lower_Shadow_D,0.0100877881920568,0.9834710743801652,80,80,611322991,200,1.861798199999612,none
lstm_cnn,fold_3,sideway,Body_to_Range_D,0.118082671406446,0.396694214876033,80,80,611322991,200,1.861798199999612,none
lstm_cnn,fold_3,sideway,Close_Position_D,0.1610147867620617,0.2644628099173554,80,80,611322991,200,1.861798199999612,none
lstm_cnn,fold_3,sideway,Spread_W,0.0400656334605298,0.8099173553719008,80,80,611322991,200,1.861798199999612,none
lstm_cnn,fold_3,sideway,Body_W,0.0651039089360875,0.6694214876033058,80,80,611322991,200,1.861798199999612,none
lstm_cnn,fold_3,sideway,Close_Position_W,0.0403311376983492,0.8016528925619835,80,80,611322991,200,1.861798199999612,none
lstm_cnn,fold_3,sideway,Spread_M,0.2727487172364476,0.0826446280991735,80,80,611322991,200,1.861798199999612,none
lstm_cnn,fold_3,sideway,Body_M,0.1958635372248181,0.2066115702479339,80,80,611322991,200,1.861798199999612,none
lstm_cnn,fold_3,sideway,Close_Position_M,0.0202057640892726,0.9256198347107438,80,80,611322991,200,1.861798199999612,none
lstm_cnn,fold_3,sideway,Volume_MA_5,0.1246814221914814,0.3553719008264462,80,80,611322991,200,1.861798199999612,none
lstm_cnn,fold_3,sideway,Volume_MA_20,0.2620582608643414,0.0991735537190082,80,80,611322991,200,1.861798199999612,none
lstm_cnn,fold_3,sideway,Volume_Ratio_5,0.088398581341521,0.4876033057851239,80,80,611322991,200,1.861798199999612,none
lstm_cnn,fold_3,sideway,Volume_Ratio_20,0.0103290519371626,0.975206611570248,80,80,611322991,200,1.861798199999612,none
lstm_cnn,fold_3,sideway,Volume_Change_1D,0.0669614456391722,0.6363636363636364,80,80,611322991,200,1.861798199999612,none
lstm_cnn,fold_3,sideway,Volume_Change_5D,0.0114138967133391,0.9669421487603306,80,80,611322991,200,1.861798199999612,none
lstm_cnn,fold_3,sideway,Volume_Change_20D,0.0131703131812457,0.950413223140496,80,80,611322991,200,1.861798199999612,none
lstm_cnn,fold_3,sideway,Direction_lag1,0.340854744479875,0.0413223140495867,80,80,611322991,200,1.861798199999612,none
lstm_cnn,fold_3,sideway,Direction_lag2,0.1553602556569856,0.2727272727272727,80,80,611322991,200,1.861798199999612,none
lstm_cnn,fold_3,sideway,Direction_lag3,0.1767791229381441,0.2396694214876033,80,80,611322991,200,1.861798199999612,none
lstm_cnn,fold_3,sideway,Direction_lag5,0.068707550776844,0.628099173553719,80,80,611322991,200,1.861798199999612,none
lstm_cnn,fold_3,sideway,Up_Ratio_5,0.1140243091679622,0.4132231404958678,80,80,611322991,200,1.861798199999612,none
lstm_cnn,fold_3,sideway,Up_Ratio_10,0.0099814288298493,0.9917355371900828,80,80,611322991,200,1.861798199999612,none
lstm_cnn,fold_3,sideway,Up_Ratio_20,0.0749694143460374,0.5785123966942148,80,80,611322991,200,1.861798199999612,none
lstm_cnn,fold_3,sideway,Down_Ratio_5,0.0370054860560316,0.8264462809917356,80,80,611322991,200,1.861798199999612,none
lstm_cnn,fold_3,sideway,Down_Ratio_10,0.1444931751738705,0.2892561983471074,80,80,611322991,200,1.861798199999612,none
lstm_cnn,fold_3,sideway,Down_Ratio_20,0.0273230596346554,0.8760330578512396,80,80,611322991,200,1.861798199999612,none
lstm_cnn,fold_3,sideway,WMA_5,0.253615053382382,0.1157024793388429,80,80,611322991,200,1.861798199999612,none
lstm_cnn,fold_3,sideway,WMA_10,0.2733796150505077,0.0743801652892562,80,80,611322991,200,1.861798199999612,none
lstm_cnn,fold_3,sideway,WMA_20,0.1256668477268931,0.3471074380165289,80,80,611322991,200,1.861798199999612,none
lstm_cnn,fold_3,sideway,WMA_60,0.5450515936547891,0.0165289256198347,80,80,611322991,200,1.861798199999612,none
lstm_cnn,fold_3,sideway,StochK_14,0.0827171089002286,0.512396694214876,80,80,611322991,200,1.861798199999612,none
lstm_cnn,fold_3,sideway,StochD_3,0.143361608607961,0.3140495867768595,80,80,611322991,200,1.861798199999612,none
lstm_cnn,fold_3,sideway,RSI_14,0.0915112821892111,0.4710743801652892,80,80,611322991,200,1.861798199999612,none
lstm_cnn,fold_3,sideway,MACD_12_26,0.2568651509190658,0.1074380165289256,80,80,611322991,200,1.861798199999612,none
lstm_cnn,fold_3,sideway,MACD_Signal_9,0.0651954925794365,0.6611570247933884,80,80,611322991,200,1.861798199999612,none
lstm_cnn,fold_3,sideway,MACD_Histogram,0.0990908268190878,0.4462809917355372,80,80,611322991,200,1.861798199999612,none
lstm_cnn,fold_3,sideway,WilliamsR_14,0.2083124915742519,0.1735537190082644,80,80,611322991,200,1.861798199999612,none
lstm_cnn,fold_3,sideway,CCI_20,0.0813869300752549,0.5289256198347108,80,80,611322991,200,1.861798199999612,none
lstm_cnn,fold_3,sideway,ADX_14,0.1552911756382468,0.2809917355371901,80,80,611322991,200,1.861798199999612,none
lstm_cnn,fold_3,sideway,PlusDI_14,0.0713729328369322,0.6033057851239669,80,80,611322991,200,1.861798199999612,none
lstm_cnn,fold_3,sideway,MinusDI_14,0.0908246202104237,0.4793388429752066,80,80,611322991,200,1.861798199999612,none
lstm_cnn,fold_3,sideway,VMD_IMF_1,0.0604978141082028,0.7024793388429752,80,80,611322991,200,1.861798199999612,none
lstm_cnn,fold_3,sideway,VMD_IMF_2,0.0693388840407533,0.6198347107438017,80,80,611322991,200,1.861798199999612,none
lstm_cnn,fold_3,sideway,VMD_IMF_3,0.0748310210571691,0.5867768595041323,80,80,611322991,200,1.861798199999612,none
lstm_cnn,fold_3,sideway,VMD_IMF_4,0.0038111567531547,1.0,80,80,611322991,200,1.861798199999612,none
lstm_cnn,fold_3,sideway,VMD_Denoised_Close,0.1859016915247775,0.2231404958677686,80,80,611322991,200,1.861798199999612,none
lstm_cnn,fold_3,sideway,VMD_Noise_Energy_Ratio,1.0551227088476685,0.0082644628099173,80,80,611322991,200,1.861798199999612,none
lstm_cnn_attention,fold_1,bear,Open_D,0.0758562212448361,0.3471074380165289,78,78,1141405656,200,2.3950037000031443,none
lstm_cnn_attention,fold_1,bear,High_D,0.2027584277082963,0.1487603305785124,78,78,1141405656,200,2.3950037000031443,none
lstm_cnn_attention,fold_1,bear,Low_D,0.2409320931881666,0.1239669421487603,78,78,1141405656,200,2.3950037000031443,none
lstm_cnn_attention,fold_1,bear,Close_D,6.749981212440822,0.0,78,78,1141405656,200,2.3950037000031443,none
lstm_cnn_attention,fold_1,bear,Volume_D,0.0200739494453194,0.768595041322314,78,78,1141405656,200,2.3950037000031443,none
lstm_cnn_attention,fold_1,bear,Change_pct_D,0.0452155543552571,0.4793388429752066,78,78,1141405656,200,2.3950037000031443,none
lstm_cnn_attention,fold_1,bear,Open_W,0.3804136433358041,0.0578512396694214,78,78,1141405656,200,2.3950037000031443,none
lstm_cnn_attention,fold_1,bear,High_W,0.0344647555203253,0.5867768595041323,78,78,1141405656,200,2.3950037000031443,none
lstm_cnn_attention,fold_1,bear,Low_W,0.0739311870082486,0.3636363636363636,78,78,1141405656,200,2.3950037000031443,none
lstm_cnn_attention,fold_1,bear,Close_W,0.0424768543015891,0.5041322314049587,78,78,1141405656,200,2.3950037000031443,none
lstm_cnn_attention,fold_1,bear,Volume_W,0.007275440730572,0.975206611570248,78,78,1141405656,200,2.3950037000031443,none
lstm_cnn_attention,fold_1,bear,Change_pct_W,0.0188627925300037,0.7768595041322314,78,78,1141405656,200,2.3950037000031443,none
lstm_cnn_attention,fold_1,bear,Open_M,0.1018479651927079,0.256198347107438,78,78,1141405656,200,2.3950037000031443,none
lstm_cnn_attention,fold_1,bear,High_M,0.0300333646397587,0.6198347107438017,78,78,1141405656,200,2.3950037000031443,none
lstm_cnn_attention,fold_1,bear,Low_M,0.1355865425391433,0.1983471074380165,78,78,1141405656,200,2.3950037000031443,none
lstm_cnn_attention,fold_1,bear,Close_M,0.524523057972487,0.024793388429752,78,78,1141405656,200,2.3950037000031443,none
lstm_cnn_attention,fold_1,bear,Volume_M,0.0181719565585964,0.8099173553719008,78,78,1141405656,200,2.3950037000031443,none
lstm_cnn_attention,fold_1,bear,Change_pct_M,0.0326113383160797,0.6033057851239669,78,78,1141405656,200,2.3950037000031443,none
lstm_cnn_attention,fold_1,bear,Close_D_lag1,0.2248114589982343,0.1322314049586777,78,78,1141405656,200,2.3950037000031443,none
lstm_cnn_attention,fold_1,bear,Close_D_lag2,0.1391173687679185,0.1900826446280991,78,78,1141405656,200,2.3950037000031443,none
lstm_cnn_attention,fold_1,bear,Close_D_lag3,0.0518173997756303,0.4545454545454545,78,78,1141405656,200,2.3950037000031443,none
lstm_cnn_attention,fold_1,bear,Close_D_lag5,0.085540529241116,0.3057851239669421,78,78,1141405656,200,2.3950037000031443,none
lstm_cnn_attention,fold_1,bear,Close_D_lag10,0.1850283971307083,0.1735537190082644,78,78,1141405656,200,2.3950037000031443,none
lstm_cnn_attention,fold_1,bear,Close_D_lag20,0.2454421999638912,0.1157024793388429,78,78,1141405656,200,2.3950037000031443,none
lstm_cnn_attention,fold_1,bear,Close_D_lag60,0.3130714352866515,0.0743801652892562,78,78,1141405656,200,2.3950037000031443,none
lstm_cnn_attention,fold_1,bear,Change_pct_D_lag1,0.0266857467738798,0.6446280991735537,78,78,1141405656,200,2.3950037000031443,none
lstm_cnn_attention,fold_1,bear,Change_pct_D_lag2,0.0212644529231312,0.743801652892562,78,78,1141405656,200,2.3950037000031443,none
lstm_cnn_attention,fold_1,bear,Change_pct_D_lag3,0.0133778556919181,0.8842975206611571,78,78,1141405656,200,2.3950037000031443,none
lstm_cnn_attention,fold_1,bear,Change_pct_D_lag5,0.0370742114221317,0.5537190082644629,78,78,1141405656,200,2.3950037000031443,none
lstm_cnn_attention,fold_1,bear,Change_pct_D_lag10,0.0569233817869718,0.4297520661157025,78,78,1141405656,200,2.3950037000031443,none
lstm_cnn_attention,fold_1,bear,Change_pct_D_lag20,0.0134828367541351,0.8760330578512396,78,78,1141405656,200,2.3950037000031443,none
lstm_cnn_attention,fold_1,bear,Volume_D_lag1,0.0185997976988214,0.7851239669421488,78,78,1141405656,200,2.3950037000031443,none
lstm_cnn_attention,fold_1,bear,Volume_D_lag2,0.0219509730174303,0.7355371900826446,78,78,1141405656,200,2.3950037000031443,none
lstm_cnn_attention,fold_1,bear,Volume_D_lag3,0.0051475614408777,1.0,78,78,1141405656,200,2.3950037000031443,none
lstm_cnn_attention,fold_1,bear,Volume_D_lag5,0.0595839783499286,0.4214876033057851,78,78,1141405656,200,2.3950037000031443,none
lstm_cnn_attention,fold_1,bear,Volume_D_lag10,0.0348162882458765,0.5785123966942148,78,78,1141405656,200,2.3950037000031443,none
lstm_cnn_attention,fold_1,bear,Volume_D_lag20,0.0060975127821931,0.9834710743801652,78,78,1141405656,200,2.3950037000031443,none
lstm_cnn_attention,fold_1,bear,Close_W_lag1,0.2639472123223524,0.0909090909090909,78,78,1141405656,200,2.3950037000031443,none
lstm_cnn_attention,fold_1,bear,Close_W_lag2,0.099201017769967,0.2644628099173554,78,78,1141405656,200,2.3950037000031443,none
lstm_cnn_attention,fold_1,bear,Close_W_lag4,0.1059063512706089,0.2479338842975206,78,78,1141405656,200,2.3950037000031443,none
lstm_cnn_attention,fold_1,bear,Close_M_lag1,0.0657748119284149,0.3884297520661157,78,78,1141405656,200,2.3950037000031443,none
lstm_cnn_attention,fold_1,bear,Close_M_lag3,0.1292939668260097,0.2066115702479339,78,78,1141405656,200,2.3950037000031443,none
lstm_cnn_attention,fold_1,bear,Return_1D,0.0236176468279828,0.6942148760330579,78,78,1141405656,200,2.3950037000031443,none
lstm_cnn_attention,fold_1,bear,Return_3D,0.024431100502093,0.6694214876033058,78,78,1141405656,200,2.3950037000031443,none
lstm_cnn_attention,fold_1,bear,Return_5D,0.0305456999385056,0.6115702479338843,78,78,1141405656,200,2.3950037000031443,none
lstm_cnn_attention,fold_1,bear,Return_10D,0.0110523184843685,0.9338842975206612,78,78,1141405656,200,2.3950037000031443,none
lstm_cnn_attention,fold_1,bear,Return_20D,0.0356041393578138,0.5702479338842975,78,78,1141405656,200,2.3950037000031443,none
lstm_cnn_attention,fold_1,bear,Return_60D,0.1197480298840586,0.2396694214876033,78,78,1141405656,200,2.3950037000031443,none
lstm_cnn_attention,fold_1,bear,SMA_5,0.5751110512640877,0.0165289256198347,78,78,1141405656,200,2.3950037000031443,none
lstm_cnn_attention,fold_1,bear,SMA_10,0.2465589281492262,0.1074380165289256,78,78,1141405656,200,2.3950037000031443,none
lstm_cnn_attention,fold_1,bear,SMA_20,0.0431700396140536,0.4958677685950413,78,78,1141405656,200,2.3950037000031443,none
lstm_cnn_attention,fold_1,bear,SMA_60,0.610754984499624,0.0082644628099173,78,78,1141405656,200,2.3950037000031443,none
lstm_cnn_attention,fold_1,bear,Close_to_SMA_5,0.0234526886546018,0.7107438016528925,78,78,1141405656,200,2.3950037000031443,none
lstm_cnn_attention,fold_1,bear,Close_to_SMA_10,0.0184469677140332,0.8016528925619835,78,78,1141405656,200,2.3950037000031443,none
lstm_cnn_attention,fold_1,bear,Close_to_SMA_20,0.0363203156118947,0.5619834710743802,78,78,1141405656,200,2.3950037000031443,none
lstm_cnn_attention,fold_1,bear,Close_to_SMA_60,0.0632051179539373,0.4049586776859504,78,78,1141405656,200,2.3950037000031443,none
lstm_cnn_attention,fold_1,bear,Volatility_5,0.0330239421842555,0.5950413223140496,78,78,1141405656,200,2.3950037000031443,none
lstm_cnn_attention,fold_1,bear,Volatility_10,0.0441236712351954,0.4876033057851239,78,78,1141405656,200,2.3950037000031443,none
lstm_cnn_attention,fold_1,bear,Volatility_20,0.0254458594884261,0.6611570247933884,78,78,1141405656,200,2.3950037000031443,none
lstm_cnn_attention,fold_1,bear,Volatility_60,0.0387408124175612,0.5454545454545454,78,78,1141405656,200,2.3950037000031443,none
lstm_cnn_attention,fold_1,bear,Momentum_5,0.021971516671343,0.7272727272727273,78,78,1141405656,200,2.3950037000031443,none
lstm_cnn_attention,fold_1,bear,Momentum_10,0.0133513645461661,0.8925619834710744,78,78,1141405656,200,2.3950037000031443,none
lstm_cnn_attention,fold_1,bear,Momentum_20,0.0142085540757537,0.859504132231405,78,78,1141405656,200,2.3950037000031443,none
lstm_cnn_attention,fold_1,bear,Momentum_60,0.1886836803520194,0.1652892561983471,78,78,1141405656,200,2.3950037000031443,none
lstm_cnn_attention,fold_1,bear,ROC_5,0.0235741929292719,0.7024793388429752,78,78,1141405656,200,2.3950037000031443,none
lstm_cnn_attention,fold_1,bear,ROC_10,0.0211547415082261,0.7520661157024794,78,78,1141405656,200,2.3950037000031443,none
lstm_cnn_attention,fold_1,bear,ROC_20,0.0478136102034032,0.4710743801652892,78,78,1141405656,200,2.3950037000031443,none
lstm_cnn_attention,fold_1,bear,ROC_60,0.0210010352001502,0.7603305785123967,78,78,1141405656,200,2.3950037000031443,none
lstm_cnn_attention,fold_1,bear,Ratio_Close_D_to_W,0.0102337588150046,0.9421487603305784,78,78,1141405656,200,2.3950037000031443,none
lstm_cnn_attention,fold_1,bear,Ratio_Close_D_to_M,0.0180290194653955,0.8181818181818182,78,78,1141405656,200,2.3950037000031443,none
lstm_cnn_attention,fold_1,bear,Ratio_Volume_D_to_W,0.0164850505693653,0.8429752066115702,78,78,1141405656,200,2.3950037000031443,none
lstm_cnn_attention,fold_1,bear,Spread_D,0.0237862301151472,0.6859504132231405,78,78,1141405656,200,2.3950037000031443,none
lstm_cnn_attention,fold_1,bear,Body_D,0.0165634710445884,0.8347107438016529,78,78,1141405656,200,2.3950037000031443,none
lstm_cnn_attention,fold_1,bear,Body_abs_D,0.0285548447572054,0.628099173553719,78,78,1141405656,200,2.3950037000031443,none
lstm_cnn_attention,fold_1,bear,Upper_Shadow_D,0.0112033000101577,0.9256198347107438,78,78,1141405656,200,2.3950037000031443,none
lstm_cnn_attention,fold_1,bear,Lower_Shadow_D,0.016949528086052,0.8264462809917356,78,78,1141405656,200,2.3950037000031443,none
lstm_cnn_attention,fold_1,bear,Body_to_Range_D,0.0141489680861417,0.8677685950413223,78,78,1141405656,200,2.3950037000031443,none
lstm_cnn_attention,fold_1,bear,Close_Position_D,0.0689525601088934,0.371900826446281,78,78,1141405656,200,2.3950037000031443,none
lstm_cnn_attention,fold_1,bear,Spread_W,0.0274232111696817,0.6363636363636364,78,78,1141405656,200,2.3950037000031443,none
lstm_cnn_attention,fold_1,bear,Body_W,0.011320756269111,0.9173553719008264,78,78,1141405656,200,2.3950037000031443,none
lstm_cnn_attention,fold_1,bear,Close_Position_W,0.1277110703300667,0.2148760330578512,78,78,1141405656,200,2.3950037000031443,none
lstm_cnn_attention,fold_1,bear,Spread_M,0.0131045441666953,0.9008264462809916,78,78,1141405656,200,2.3950037000031443,none
lstm_cnn_attention,fold_1,bear,Body_M,0.0840403163933982,0.3140495867768595,78,78,1141405656,200,2.3950037000031443,none
lstm_cnn_attention,fold_1,bear,Close_Position_M,0.1222659920753078,0.2314049586776859,78,78,1141405656,200,2.3950037000031443,none
lstm_cnn_attention,fold_1,bear,Volume_MA_5,0.0099752841704929,0.950413223140496,78,78,1141405656,200,2.3950037000031443,none
lstm_cnn_attention,fold_1,bear,Volume_MA_20,0.0801733803614833,0.3223140495867768,78,78,1141405656,200,2.3950037000031443,none
lstm_cnn_attention,fold_1,bear,Volume_Ratio_5,0.0085655728167815,0.9669421487603306,78,78,1141405656,200,2.3950037000031443,none
lstm_cnn_attention,fold_1,bear,Volume_Ratio_20,0.0398074577857642,0.5289256198347108,78,78,1141405656,200,2.3950037000031443,none
lstm_cnn_attention,fold_1,bear,Volume_Change_1D,0.0652499015116903,0.396694214876033,78,78,1141405656,200,2.3950037000031443,none
lstm_cnn_attention,fold_1,bear,Volume_Change_5D,0.0399813065807537,0.5206611570247934,78,78,1141405656,200,2.3950037000031443,none
lstm_cnn_attention,fold_1,bear,Volume_Change_20D,0.0156859853292059,0.8512396694214877,78,78,1141405656,200,2.3950037000031443,none
lstm_cnn_attention,fold_1,bear,Direction_lag1,0.2910720340674882,0.0826446280991735,78,78,1141405656,200,2.3950037000031443,none
lstm_cnn_attention,fold_1,bear,Direction_lag2,0.0953875339694488,0.2809917355371901,78,78,1141405656,200,2.3950037000031443,none
lstm_cnn_attention,fold_1,bear,Direction_lag3,0.0794143706949678,0.3305785123966942,78,78,1141405656,200,2.3950037000031443,none
lstm_cnn_attention,fold_1,bear,Direction_lag5,0.0788558284045043,0.3388429752066115,78,78,1141405656,200,2.3950037000031443,none
lstm_cnn_attention,fold_1,bear,Up_Ratio_5,0.0185012221513392,0.7933884297520661,78,78,1141405656,200,2.3950037000031443,none
lstm_cnn_attention,fold_1,bear,Up_Ratio_10,0.0559550852472698,0.4380165289256198,78,78,1141405656,200,2.3950037000031443,none
lstm_cnn_attention,fold_1,bear,Up_Ratio_20,0.0238254542504603,0.6776859504132231,78,78,1141405656,200,2.3950037000031443,none
lstm_cnn_attention,fold_1,bear,Down_Ratio_5,0.0897181584528133,0.2892561983471074,78,78,1141405656,200,2.3950037000031443,none
lstm_cnn_attention,fold_1,bear,Down_Ratio_10,0.0537858297321387,0.4462809917355372,78,78,1141405656,200,2.3950037000031443,none
lstm_cnn_attention,fold_1,bear,Down_Ratio_20,0.0264344917417286,0.6528925619834711,78,78,1141405656,200,2.3950037000031443,none
lstm_cnn_attention,fold_1,bear,WMA_5,0.4542694643739826,0.0330578512396694,78,78,1141405656,200,2.3950037000031443,none
lstm_cnn_attention,fold_1,bear,WMA_10,0.2141616172659455,0.140495867768595,78,78,1141405656,200,2.3950037000031443,none
lstm_cnn_attention,fold_1,bear,WMA_20,0.3827885641450755,0.0495867768595041,78,78,1141405656,200,2.3950037000031443,none
lstm_cnn_attention,fold_1,bear,WMA_60,0.3717835564058847,0.0661157024793388,78,78,1141405656,200,2.3950037000031443,none
lstm_cnn_attention,fold_1,bear,StochK_14,0.2528233591235804,0.0991735537190082,78,78,1141405656,200,2.3950037000031443,none
lstm_cnn_attention,fold_1,bear,StochD_3,0.0879785263984535,0.2975206611570248,78,78,1141405656,200,2.3950037000031443,none
lstm_cnn_attention,fold_1,bear,RSI_14,0.0751289836418903,0.3553719008264462,78,78,1141405656,200,2.3950037000031443,none
lstm_cnn_attention,fold_1,bear,MACD_12_26,0.0401832876902773,0.512396694214876,78,78,1141405656,200,2.3950037000031443,none
lstm_cnn_attention,fold_1,bear,MACD_Signal_9,0.0395165782949329,0.5371900826446281,78,78,1141405656,200,2.3950037000031443,none
lstm_cnn_attention,fold_1,bear,MACD_Histogram,0.0059405738280477,0.9917355371900828,78,78,1141405656,200,2.3950037000031443,none
lstm_cnn_attention,fold_1,bear,WilliamsR_14,0.1934498168614464,0.1570247933884297,78,78,1141405656,200,2.3950037000031443,none
lstm_cnn_attention,fold_1,bear,CCI_20,0.0085921861745436,0.9586776859504132,78,78,1141405656,200,2.3950037000031443,none
lstm_cnn_attention,fold_1,bear,ADX_14,0.0665169288332115,0.3801652892561983,78,78,1141405656,200,2.3950037000031443,none
lstm_cnn_attention,fold_1,bear,PlusDI_14,0.0605976940131185,0.4132231404958678,78,78,1141405656,200,2.3950037000031443,none
lstm_cnn_attention,fold_1,bear,MinusDI_14,0.0961489268195481,0.2727272727272727,78,78,1141405656,200,2.3950037000031443,none
lstm_cnn_attention,fold_1,bear,VMD_IMF_1,0.1626239956435687,0.1818181818181818,78,78,1141405656,200,2.3950037000031443,none
lstm_cnn_attention,fold_1,bear,VMD_IMF_2,0.0222888688739436,0.71900826446281,78,78,1141405656,200,2.3950037000031443,none
lstm_cnn_attention,fold_1,bear,VMD_IMF_3,0.0116807595363391,0.9090909090909092,78,78,1141405656,200,2.3950037000031443,none
lstm_cnn_attention,fold_1,bear,VMD_IMF_4,0.0497697919796739,0.4628099173553719,78,78,1141405656,200,2.3950037000031443,none
lstm_cnn_attention,fold_1,bear,VMD_Denoised_Close,0.4101018431888988,0.0413223140495867,78,78,1141405656,200,2.3950037000031443,none
lstm_cnn_attention,fold_1,bear,VMD_Noise_Energy_Ratio,0.1258328019417091,0.2231404958677686,78,78,1141405656,200,2.3950037000031443,none
lstm_cnn_attention,fold_1,bull,Open_D,0.0737743997382697,0.396694214876033,72,72,577191572,200,2.1238255000062054,none
lstm_cnn_attention,fold_1,bull,High_D,0.2145110177306277,0.140495867768595,72,72,577191572,200,2.1238255000062054,none
lstm_cnn_attention,fold_1,bull,Low_D,0.2561094894503993,0.0909090909090909,72,72,577191572,200,2.1238255000062054,none
lstm_cnn_attention,fold_1,bull,Close_D,10.359889786106772,0.0,72,72,577191572,200,2.1238255000062054,none
lstm_cnn_attention,fold_1,bull,Volume_D,0.0198650077728299,0.743801652892562,72,72,577191572,200,2.1238255000062054,none
lstm_cnn_attention,fold_1,bull,Change_pct_D,0.0368540030190866,0.5785123966942148,72,72,577191572,200,2.1238255000062054,none
lstm_cnn_attention,fold_1,bull,Open_W,0.341155529700336,0.0661157024793388,72,72,577191572,200,2.1238255000062054,none
lstm_cnn_attention,fold_1,bull,High_W,0.0327093882062355,0.6115702479338843,72,72,577191572,200,2.1238255000062054,none
lstm_cnn_attention,fold_1,bull,Low_W,0.0743156143805309,0.371900826446281,72,72,577191572,200,2.1238255000062054,none
lstm_cnn_attention,fold_1,bull,Close_W,0.0379925925621067,0.5702479338842975,72,72,577191572,200,2.1238255000062054,none
lstm_cnn_attention,fold_1,bull,Volume_W,0.0080638757404009,0.975206611570248,72,72,577191572,200,2.1238255000062054,none
lstm_cnn_attention,fold_1,bull,Change_pct_W,0.0178341659855516,0.8016528925619835,72,72,577191572,200,2.1238255000062054,none
lstm_cnn_attention,fold_1,bull,Open_M,0.0763792534170433,0.3636363636363636,72,72,577191572,200,2.1238255000062054,none
lstm_cnn_attention,fold_1,bull,High_M,0.0382683572173568,0.5619834710743802,72,72,577191572,200,2.1238255000062054,none
lstm_cnn_attention,fold_1,bull,Low_M,0.1244537840909389,0.2066115702479339,72,72,577191572,200,2.1238255000062054,none
lstm_cnn_attention,fold_1,bull,Close_M,0.4520374371073558,0.024793388429752,72,72,577191572,200,2.1238255000062054,none
lstm_cnn_attention,fold_1,bull,Volume_M,0.0156424480237549,0.859504132231405,72,72,577191572,200,2.1238255000062054,none
lstm_cnn_attention,fold_1,bull,Change_pct_M,0.042289994348263,0.5371900826446281,72,72,577191572,200,2.1238255000062054,none
lstm_cnn_attention,fold_1,bull,Close_D_lag1,0.2455697693176464,0.0991735537190082,72,72,577191572,200,2.1238255000062054,none
lstm_cnn_attention,fold_1,bull,Close_D_lag2,0.1534790644443193,0.1735537190082644,72,72,577191572,200,2.1238255000062054,none
lstm_cnn_attention,fold_1,bull,Close_D_lag3,0.0435044770856936,0.5289256198347108,72,72,577191572,200,2.1238255000062054,none
lstm_cnn_attention,fold_1,bull,Close_D_lag5,0.0840908380248016,0.3140495867768595,72,72,577191572,200,2.1238255000062054,none
lstm_cnn_attention,fold_1,bull,Close_D_lag10,0.1654526315760449,0.1652892561983471,72,72,577191572,200,2.1238255000062054,none
lstm_cnn_attention,fold_1,bull,Close_D_lag20,0.2390514350206811,0.1074380165289256,72,72,577191572,200,2.1238255000062054,none
lstm_cnn_attention,fold_1,bull,Close_D_lag60,0.287006625648064,0.0743801652892562,72,72,577191572,200,2.1238255000062054,none
lstm_cnn_attention,fold_1,bull,Change_pct_D_lag1,0.0201663659537756,0.7355371900826446,72,72,577191572,200,2.1238255000062054,none
lstm_cnn_attention,fold_1,bull,Change_pct_D_lag2,0.0171636894335144,0.8347107438016529,72,72,577191572,200,2.1238255000062054,none
lstm_cnn_attention,fold_1,bull,Change_pct_D_lag3,0.0093435851282286,0.9421487603305784,72,72,577191572,200,2.1238255000062054,none
lstm_cnn_attention,fold_1,bull,Change_pct_D_lag5,0.0317534304664026,0.6198347107438017,72,72,577191572,200,2.1238255000062054,none
lstm_cnn_attention,fold_1,bull,Change_pct_D_lag10,0.0460362958753301,0.512396694214876,72,72,577191572,200,2.1238255000062054,none
lstm_cnn_attention,fold_1,bull,Change_pct_D_lag20,0.0119711858332799,0.9173553719008264,72,72,577191572,200,2.1238255000062054,none
lstm_cnn_attention,fold_1,bull,Volume_D_lag1,0.0220255825281165,0.7107438016528925,72,72,577191572,200,2.1238255000062054,none
lstm_cnn_attention,fold_1,bull,Volume_D_lag2,0.024321493536084,0.6859504132231405,72,72,577191572,200,2.1238255000062054,none
lstm_cnn_attention,fold_1,bull,Volume_D_lag3,0.0049900057750874,1.0,72,72,577191572,200,2.1238255000062054,none
lstm_cnn_attention,fold_1,bull,Volume_D_lag5,0.0601274887257192,0.4380165289256198,72,72,577191572,200,2.1238255000062054,none
lstm_cnn_attention,fold_1,bull,Volume_D_lag10,0.034755643580227,0.5950413223140496,72,72,577191572,200,2.1238255000062054,none
lstm_cnn_attention,fold_1,bull,Volume_D_lag20,0.0081949834257683,0.9669421487603306,72,72,577191572,200,2.1238255000062054,none
lstm_cnn_attention,fold_1,bull,Close_W_lag1,0.2367723064642632,0.1157024793388429,72,72,577191572,200,2.1238255000062054,none
lstm_cnn_attention,fold_1,bull,Close_W_lag2,0.1024670218253353,0.2727272727272727,72,72,577191572,200,2.1238255000062054,none
lstm_cnn_attention,fold_1,bull,Close_W_lag4,0.1007569541033111,0.2809917355371901,72,72,577191572,200,2.1238255000062054,none
lstm_cnn_attention,fold_1,bull,Close_M_lag1,0.0633832446775664,0.4214876033057851,72,72,577191572,200,2.1238255000062054,none
lstm_cnn_attention,fold_1,bull,Close_M_lag3,0.1188065454825442,0.2231404958677686,72,72,577191572,200,2.1238255000062054,none
lstm_cnn_attention,fold_1,bull,Return_1D,0.0187174774793444,0.7603305785123967,72,72,577191572,200,2.1238255000062054,none
lstm_cnn_attention,fold_1,bull,Return_3D,0.0166923213659299,0.8429752066115702,72,72,577191572,200,2.1238255000062054,none
lstm_cnn_attention,fold_1,bull,Return_5D,0.0257987326009755,0.6776859504132231,72,72,577191572,200,2.1238255000062054,none
lstm_cnn_attention,fold_1,bull,Return_10D,0.0091983600074043,0.950413223140496,72,72,577191572,200,2.1238255000062054,none
lstm_cnn_attention,fold_1,bull,Return_20D,0.0404672070744409,0.5454545454545454,72,72,577191572,200,2.1238255000062054,none
lstm_cnn_attention,fold_1,bull,Return_60D,0.1239092784811411,0.2148760330578512,72,72,577191572,200,2.1238255000062054,none
lstm_cnn_attention,fold_1,bull,SMA_5,0.5478372428443334,0.0082644628099173,72,72,577191572,200,2.1238255000062054,none
lstm_cnn_attention,fold_1,bull,SMA_10,0.211809846866819,0.1487603305785124,72,72,577191572,200,2.1238255000062054,none
lstm_cnn_attention,fold_1,bull,SMA_20,0.0268399462922591,0.6611570247933884,72,72,577191572,200,2.1238255000062054,none
lstm_cnn_attention,fold_1,bull,SMA_60,0.5116363368803124,0.0165289256198347,72,72,577191572,200,2.1238255000062054,none
lstm_cnn_attention,fold_1,bull,Close_to_SMA_5,0.0181041778423373,0.7933884297520661,72,72,577191572,200,2.1238255000062054,none
lstm_cnn_attention,fold_1,bull,Close_to_SMA_10,0.0148951055545155,0.8842975206611571,72,72,577191572,200,2.1238255000062054,none
lstm_cnn_attention,fold_1,bull,Close_to_SMA_20,0.0300219766637218,0.6528925619834711,72,72,577191572,200,2.1238255000062054,none
lstm_cnn_attention,fold_1,bull,Close_to_SMA_60,0.06896516516349,0.4132231404958678,72,72,577191572,200,2.1238255000062054,none
lstm_cnn_attention,fold_1,bull,Volatility_5,0.034501656530764,0.6033057851239669,72,72,577191572,200,2.1238255000062054,none
lstm_cnn_attention,fold_1,bull,Volatility_10,0.0520653954987538,0.4710743801652892,72,72,577191572,200,2.1238255000062054,none
lstm_cnn_attention,fold_1,bull,Volatility_20,0.0394039892941915,0.5537190082644629,72,72,577191572,200,2.1238255000062054,none
lstm_cnn_attention,fold_1,bull,Volatility_60,0.0717812379349241,0.4049586776859504,72,72,577191572,200,2.1238255000062054,none
lstm_cnn_attention,fold_1,bull,Momentum_5,0.0203731282533352,0.7272727272727273,72,72,577191572,200,2.1238255000062054,none
lstm_cnn_attention,fold_1,bull,Momentum_10,0.0154332091569819,0.8760330578512396,72,72,577191572,200,2.1238255000062054,none
lstm_cnn_attention,fold_1,bull,Momentum_20,0.0175781986417875,0.8099173553719008,72,72,577191572,200,2.1238255000062054,none
lstm_cnn_attention,fold_1,bull,Momentum_60,0.2023282733664005,0.1570247933884297,72,72,577191572,200,2.1238255000062054,none
lstm_cnn_attention,fold_1,bull,ROC_5,0.0194496359569383,0.7520661157024794,72,72,577191572,200,2.1238255000062054,none
lstm_cnn_attention,fold_1,bull,ROC_10,0.0184543003497051,0.7768595041322314,72,72,577191572,200,2.1238255000062054,none
lstm_cnn_attention,fold_1,bull,ROC_20,0.0507607734554833,0.4876033057851239,72,72,577191572,200,2.1238255000062054,none
lstm_cnn_attention,fold_1,bull,ROC_60,0.0261252678551152,0.6694214876033058,72,72,577191572,200,2.1238255000062054,none
lstm_cnn_attention,fold_1,bull,Ratio_Close_D_to_W,0.0104197032082083,0.9256198347107438,72,72,577191572,200,2.1238255000062054,none
lstm_cnn_attention,fold_1,bull,Ratio_Close_D_to_M,0.018657973049331,0.768595041322314,72,72,577191572,200,2.1238255000062054,none
lstm_cnn_attention,fold_1,bull,Ratio_Volume_D_to_W,0.0217414121562895,0.71900826446281,72,72,577191572,200,2.1238255000062054,none
lstm_cnn_attention,fold_1,bull,Spread_D,0.0243058074819664,0.6942148760330579,72,72,577191572,200,2.1238255000062054,none
lstm_cnn_attention,fold_1,bull,Body_D,0.0140593686248799,0.8925619834710744,72,72,577191572,200,2.1238255000062054,none
lstm_cnn_attention,fold_1,bull,Body_abs_D,0.0309047938362068,0.6446280991735537,72,72,577191572,200,2.1238255000062054,none
lstm_cnn_attention,fold_1,bull,Upper_Shadow_D,0.0127317875727584,0.9090909090909092,72,72,577191572,200,2.1238255000062054,none
lstm_cnn_attention,fold_1,bull,Lower_Shadow_D,0.0174970780180681,0.8181818181818182,72,72,577191572,200,2.1238255000062054,none
lstm_cnn_attention,fold_1,bull,Body_to_Range_D,0.0173857771299897,0.8264462809917356,72,72,577191572,200,2.1238255000062054,none
lstm_cnn_attention,fold_1,bull,Close_Position_D,0.0539175055120474,0.4628099173553719,72,72,577191572,200,2.1238255000062054,none
lstm_cnn_attention,fold_1,bull,Spread_W,0.0315395684533412,0.628099173553719,72,72,577191572,200,2.1238255000062054,none
lstm_cnn_attention,fold_1,bull,Body_W,0.0085299590508167,0.9586776859504132,72,72,577191572,200,2.1238255000062054,none
lstm_cnn_attention,fold_1,bull,Close_Position_W,0.1078397288762499,0.2479338842975206,72,72,577191572,200,2.1238255000062054,none
lstm_cnn_attention,fold_1,bull,Spread_M,0.0155481204456895,0.8677685950413223,72,72,577191572,200,2.1238255000062054,none
lstm_cnn_attention,fold_1,bull,Body_M,0.117718753481328,0.2314049586776859,72,72,577191572,200,2.1238255000062054,none
lstm_cnn_attention,fold_1,bull,Close_Position_M,0.1164870865263171,0.2396694214876033,72,72,577191572,200,2.1238255000062054,none
lstm_cnn_attention,fold_1,bull,Volume_MA_5,0.0158911369695403,0.8512396694214877,72,72,577191572,200,2.1238255000062054,none
lstm_cnn_attention,fold_1,bull,Volume_MA_20,0.0740339307877055,0.3884297520661157,72,72,577191572,200,2.1238255000062054,none
lstm_cnn_attention,fold_1,bull,Volume_Ratio_5,0.0102418959441254,0.9338842975206612,72,72,577191572,200,2.1238255000062054,none
lstm_cnn_attention,fold_1,bull,Volume_Ratio_20,0.0517326362060405,0.4793388429752066,72,72,577191572,200,2.1238255000062054,none
lstm_cnn_attention,fold_1,bull,Volume_Change_1D,0.0765746446158143,0.3553719008264462,72,72,577191572,200,2.1238255000062054,none
lstm_cnn_attention,fold_1,bull,Volume_Change_5D,0.0544123038087845,0.4545454545454545,72,72,577191572,200,2.1238255000062054,none
lstm_cnn_attention,fold_1,bull,Volume_Change_20D,0.0184441793552968,0.7851239669421488,72,72,577191572,200,2.1238255000062054,none
lstm_cnn_attention,fold_1,bull,Direction_lag1,0.2744734017559355,0.0826446280991735,72,72,577191572,200,2.1238255000062054,none
lstm_cnn_attention,fold_1,bull,Direction_lag2,0.0971167237989397,0.2892561983471074,72,72,577191572,200,2.1238255000062054,none
lstm_cnn_attention,fold_1,bull,Direction_lag3,0.0900376840250424,0.3057851239669421,72,72,577191572,200,2.1238255000062054,none
lstm_cnn_attention,fold_1,bull,Direction_lag5,0.0790195307343512,0.3471074380165289,72,72,577191572,200,2.1238255000062054,none
lstm_cnn_attention,fold_1,bull,Up_Ratio_5,0.0222722901432364,0.7024793388429752,72,72,577191572,200,2.1238255000062054,none
lstm_cnn_attention,fold_1,bull,Up_Ratio_10,0.0742458548371031,0.3801652892561983,72,72,577191572,200,2.1238255000062054,none
lstm_cnn_attention,fold_1,bull,Up_Ratio_20,0.0366301420827982,0.5867768595041323,72,72,577191572,200,2.1238255000062054,none
lstm_cnn_attention,fold_1,bull,Down_Ratio_5,0.106807357267529,0.256198347107438,72,72,577191572,200,2.1238255000062054,none
lstm_cnn_attention,fold_1,bull,Down_Ratio_10,0.0830885445369776,0.3223140495867768,72,72,577191572,200,2.1238255000062054,none
lstm_cnn_attention,fold_1,bull,Down_Ratio_20,0.0451595869965937,0.5206611570247934,72,72,577191572,200,2.1238255000062054,none
lstm_cnn_attention,fold_1,bull,WMA_5,0.4388237787552902,0.0330578512396694,72,72,577191572,200,2.1238255000062054,none
lstm_cnn_attention,fold_1,bull,WMA_10,0.2170879619616446,0.1239669421487603,72,72,577191572,200,2.1238255000062054,none
lstm_cnn_attention,fold_1,bull,WMA_20,0.3715851982903486,0.0495867768595041,72,72,577191572,200,2.1238255000062054,none
lstm_cnn_attention,fold_1,bull,WMA_60,0.3565275207840992,0.0578512396694214,72,72,577191572,200,2.1238255000062054,none
lstm_cnn_attention,fold_1,bull,StochK_14,0.2158384118976224,0.1322314049586777,72,72,577191572,200,2.1238255000062054,none
lstm_cnn_attention,fold_1,bull,StochD_3,0.0796915634960118,0.3305785123966942,72,72,577191572,200,2.1238255000062054,none
lstm_cnn_attention,fold_1,bull,RSI_14,0.0795034341360509,0.3388429752066115,72,72,577191572,200,2.1238255000062054,none
lstm_cnn_attention,fold_1,bull,MACD_12_26,0.0486701270746687,0.4958677685950413,72,72,577191572,200,2.1238255000062054,none
lstm_cnn_attention,fold_1,bull,MACD_Signal_9,0.0563447359805629,0.4462809917355372,72,72,577191572,200,2.1238255000062054,none
lstm_cnn_attention,fold_1,bull,MACD_Histogram,0.0059286620180035,0.9917355371900828,72,72,577191572,200,2.1238255000062054,none
lstm_cnn_attention,fold_1,bull,WilliamsR_14,0.1468166246530117,0.1818181818181818,72,72,577191572,200,2.1238255000062054,none
lstm_cnn_attention,fold_1,bull,CCI_20,0.0066507667035106,0.9834710743801652,72,72,577191572,200,2.1238255000062054,none
lstm_cnn_attention,fold_1,bull,ADX_14,0.1035074801948506,0.2644628099173554,72,72,577191572,200,2.1238255000062054,none
lstm_cnn_attention,fold_1,bull,PlusDI_14,0.0612647485021716,0.4297520661157025,72,72,577191572,200,2.1238255000062054,none
lstm_cnn_attention,fold_1,bull,MinusDI_14,0.0942961117901834,0.2975206611570248,72,72,577191572,200,2.1238255000062054,none
lstm_cnn_attention,fold_1,bull,VMD_IMF_1,0.1399942384845215,0.1900826446280991,72,72,577191572,200,2.1238255000062054,none
lstm_cnn_attention,fold_1,bull,VMD_IMF_2,0.0312802335848554,0.6363636363636364,72,72,577191572,200,2.1238255000062054,none
lstm_cnn_attention,fold_1,bull,VMD_IMF_3,0.0131587608946246,0.9008264462809916,72,72,577191572,200,2.1238255000062054,none
lstm_cnn_attention,fold_1,bull,VMD_IMF_4,0.0474313825025536,0.5041322314049587,72,72,577191572,200,2.1238255000062054,none
lstm_cnn_attention,fold_1,bull,VMD_Denoised_Close,0.4108168347156606,0.0413223140495867,72,72,577191572,200,2.1238255000062054,none
lstm_cnn_attention,fold_1,bull,VMD_Noise_Energy_Ratio,0.1302443914471155,0.1983471074380165,72,72,577191572,200,2.1238255000062054,none
lstm_cnn_attention,fold_1,global,Open_D,0.079072797599224,0.3388429752066115,244,128,2088346095,200,4.314636099996278,none
lstm_cnn_attention,fold_1,global,High_D,0.2100333873879208,0.1487603305785124,244,128,2088346095,200,4.314636099996278,none
lstm_cnn_attention,fold_1,global,Low_D,0.2512255091065526,0.0991735537190082,244,128,2088346095,200,4.314636099996278,none
lstm_cnn_attention,fold_1,global,Close_D,8.835330065818827,0.0,244,128,2088346095,200,4.314636099996278,none
lstm_cnn_attention,fold_1,global,Volume_D,0.0200873132846775,0.7603305785123967,244,128,2088346095,200,4.314636099996278,none
lstm_cnn_attention,fold_1,global,Change_pct_D,0.0417954095871298,0.512396694214876,244,128,2088346095,200,4.314636099996278,none
lstm_cnn_attention,fold_1,global,Open_W,0.3727244004011482,0.0661157024793388,244,128,2088346095,200,4.314636099996278,none
lstm_cnn_attention,fold_1,global,High_W,0.0342746886702541,0.5867768595041323,244,128,2088346095,200,4.314636099996278,none
lstm_cnn_attention,fold_1,global,Low_W,0.0778477354097447,0.3553719008264462,244,128,2088346095,200,4.314636099996278,none
lstm_cnn_attention,fold_1,global,Close_W,0.0384259962502836,0.5371900826446281,244,128,2088346095,200,4.314636099996278,none
lstm_cnn_attention,fold_1,global,Volume_W,0.0067165031275588,0.9834710743801652,244,128,2088346095,200,4.314636099996278,none
lstm_cnn_attention,fold_1,global,Change_pct_W,0.0189996809528465,0.7851239669421488,244,128,2088346095,200,4.314636099996278,none
lstm_cnn_attention,fold_1,global,Open_M,0.0892698697305945,0.2892561983471074,244,128,2088346095,200,4.314636099996278,none
lstm_cnn_attention,fold_1,global,High_M,0.0324640443549064,0.6115702479338843,244,128,2088346095,200,4.314636099996278,none
lstm_cnn_attention,fold_1,global,Low_M,0.1335166582845886,0.1983471074380165,244,128,2088346095,200,4.314636099996278,none
lstm_cnn_attention,fold_1,global,Close_M,0.5072066577448823,0.024793388429752,244,128,2088346095,200,4.314636099996278,none
lstm_cnn_attention,fold_1,global,Volume_M,0.0181261026633257,0.8099173553719008,244,128,2088346095,200,4.314636099996278,none
lstm_cnn_attention,fold_1,global,Change_pct_M,0.0366531328171854,0.5537190082644629,244,128,2088346095,200,4.314636099996278,none
lstm_cnn_attention,fold_1,global,Close_D_lag1,0.2430588041161172,0.1157024793388429,244,128,2088346095,200,4.314636099996278,none
lstm_cnn_attention,fold_1,global,Close_D_lag2,0.1500046495975766,0.1900826446280991,244,128,2088346095,200,4.314636099996278,none
lstm_cnn_attention,fold_1,global,Close_D_lag3,0.049765528004373,0.4710743801652892,244,128,2088346095,200,4.314636099996278,none
lstm_cnn_attention,fold_1,global,Close_D_lag5,0.0873596964296014,0.3057851239669421,244,128,2088346095,200,4.314636099996278,none
lstm_cnn_attention,fold_1,global,Close_D_lag10,0.1790192185959313,0.1652892561983471,244,128,2088346095,200,4.314636099996278,none
lstm_cnn_attention,fold_1,global,Close_D_lag20,0.2458344822156505,0.1074380165289256,244,128,2088346095,200,4.314636099996278,none
lstm_cnn_attention,fold_1,global,Close_D_lag60,0.300655018431371,0.0743801652892562,244,128,2088346095,200,4.314636099996278,none
lstm_cnn_attention,fold_1,global,Change_pct_D_lag1,0.0232357800917645,0.6859504132231405,244,128,2088346095,200,4.314636099996278,none
lstm_cnn_attention,fold_1,global,Change_pct_D_lag2,0.0195096950367997,0.7768595041322314,244,128,2088346095,200,4.314636099996278,none
lstm_cnn_attention,fold_1,global,Change_pct_D_lag3,0.0116550061052787,0.9256198347107438,244,128,2088346095,200,4.314636099996278,none
lstm_cnn_attention,fold_1,global,Change_pct_D_lag5,0.0357515102853524,0.5702479338842975,244,128,2088346095,200,4.314636099996278,none
lstm_cnn_attention,fold_1,global,Change_pct_D_lag10,0.0518904291386167,0.4628099173553719,244,128,2088346095,200,4.314636099996278,none
lstm_cnn_attention,fold_1,global,Change_pct_D_lag20,0.0124961011688135,0.9090909090909092,244,128,2088346095,200,4.314636099996278,none
lstm_cnn_attention,fold_1,global,Volume_D_lag1,0.0208721108808002,0.7355371900826446,244,128,2088346095,200,4.314636099996278,none
lstm_cnn_attention,fold_1,global,Volume_D_lag2,0.0228634539353921,0.6942148760330579,244,128,2088346095,200,4.314636099996278,none
lstm_cnn_attention,fold_1,global,Volume_D_lag3,0.0051721308656514,1.0,244,128,2088346095,200,4.314636099996278,none
lstm_cnn_attention,fold_1,global,Volume_D_lag5,0.060438603569089,0.4214876033057851,244,128,2088346095,200,4.314636099996278,none
lstm_cnn_attention,fold_1,global,Volume_D_lag10,0.0356101746286198,0.5785123966942148,244,128,2088346095,200,4.314636099996278,none
lstm_cnn_attention,fold_1,global,Volume_D_lag20,0.008002636184763,0.9669421487603306,244,128,2088346095,200,4.314636099996278,none
lstm_cnn_attention,fold_1,global,Close_W_lag1,0.2561917074391203,0.0909090909090909,244,128,2088346095,200,4.314636099996278,none
lstm_cnn_attention,fold_1,global,Close_W_lag2,0.1059122406428287,0.2479338842975206,244,128,2088346095,200,4.314636099996278,none
lstm_cnn_attention,fold_1,global,Close_W_lag4,0.1046946043922019,0.256198347107438,244,128,2088346095,200,4.314636099996278,none
lstm_cnn_attention,fold_1,global,Close_M_lag1,0.066087440383319,0.396694214876033,244,128,2088346095,200,4.314636099996278,none
lstm_cnn_attention,fold_1,global,Close_M_lag3,0.1324913420711027,0.2066115702479339,244,128,2088346095,200,4.314636099996278,none
lstm_cnn_attention,fold_1,global,Return_1D,0.021447236602135,0.7272727272727273,244,128,2088346095,200,4.314636099996278,none
lstm_cnn_attention,fold_1,global,Return_3D,0.0204450053008617,0.7520661157024794,244,128,2088346095,200,4.314636099996278,none
lstm_cnn_attention,fold_1,global,Return_5D,0.029175196657246,0.6528925619834711,244,128,2088346095,200,4.314636099996278,none
lstm_cnn_attention,fold_1,global,Return_10D,0.010086098800531,0.950413223140496,244,128,2088346095,200,4.314636099996278,none
lstm_cnn_attention,fold_1,global,Return_20D,0.0357541336808738,0.5619834710743802,244,128,2088346095,200,4.314636099996278,none
lstm_cnn_attention,fold_1,global,Return_60D,0.1117464354054142,0.2396694214876033,244,128,2088346095,200,4.314636099996278,none
lstm_cnn_attention,fold_1,global,SMA_5,0.5794193388477652,0.0082644628099173,244,128,2088346095,200,4.314636099996278,none
lstm_cnn_attention,fold_1,global,SMA_10,0.2330720590590964,0.1239669421487603,244,128,2088346095,200,4.314636099996278,none
lstm_cnn_attention,fold_1,global,SMA_20,0.0376661341583601,0.5454545454545454,244,128,2088346095,200,4.314636099996278,none
lstm_cnn_attention,fold_1,global,SMA_60,0.5640106568914689,0.0165289256198347,244,128,2088346095,200,4.314636099996278,none
lstm_cnn_attention,fold_1,global,Close_to_SMA_5,0.0205841320291123,0.743801652892562,244,128,2088346095,200,4.314636099996278,none
lstm_cnn_attention,fold_1,global,Close_to_SMA_10,0.0160293948981178,0.8512396694214877,244,128,2088346095,200,4.314636099996278,none
lstm_cnn_attention,fold_1,global,Close_to_SMA_20,0.031793508044766,0.6198347107438017,244,128,2088346095,200,4.314636099996278,none
lstm_cnn_attention,fold_1,global,Close_to_SMA_60,0.0567010685891985,0.4297520661157025,244,128,2088346095,200,4.314636099996278,none
lstm_cnn_attention,fold_1,global,Volatility_5,0.0327115122593512,0.6033057851239669,244,128,2088346095,200,4.314636099996278,none
lstm_cnn_attention,fold_1,global,Volatility_10,0.0452507864395302,0.4958677685950413,244,128,2088346095,200,4.314636099996278,none
lstm_cnn_attention,fold_1,global,Volatility_20,0.0284159552923878,0.6611570247933884,244,128,2088346095,200,4.314636099996278,none
lstm_cnn_attention,fold_1,global,Volatility_60,0.0539026580123612,0.4380165289256198,244,128,2088346095,200,4.314636099996278,none
lstm_cnn_attention,fold_1,global,Momentum_5,0.0223181134722426,0.7024793388429752,244,128,2088346095,200,4.314636099996278,none
lstm_cnn_attention,fold_1,global,Momentum_10,0.0142459725307004,0.8760330578512396,244,128,2088346095,200,4.314636099996278,none
lstm_cnn_attention,fold_1,global,Momentum_20,0.0151708805889314,0.859504132231405,244,128,2088346095,200,4.314636099996278,none
lstm_cnn_attention,fold_1,global,Momentum_60,0.1803245104455996,0.1570247933884297,244,128,2088346095,200,4.314636099996278,none
lstm_cnn_attention,fold_1,global,ROC_5,0.021890081646867,0.71900826446281,244,128,2088346095,200,4.314636099996278,none
lstm_cnn_attention,fold_1,global,ROC_10,0.0189855469741517,0.7933884297520661,244,128,2088346095,200,4.314636099996278,none
lstm_cnn_attention,fold_1,global,ROC_20,0.046315705833488,0.4876033057851239,244,128,2088346095,200,4.314636099996278,none
lstm_cnn_attention,fold_1,global,ROC_60,0.0219316279276028,0.7107438016528925,244,128,2088346095,200,4.314636099996278,none
lstm_cnn_attention,fold_1,global,Ratio_Close_D_to_W,0.0102510046908494,0.9421487603305784,244,128,2088346095,200,4.314636099996278,none
lstm_cnn_attention,fold_1,global,Ratio_Close_D_to_M,0.0173144444509565,0.8181818181818182,244,128,2088346095,200,4.314636099996278,none
lstm_cnn_attention,fold_1,global,Ratio_Volume_D_to_W,0.0187832296838825,0.8016528925619835,244,128,2088346095,200,4.314636099996278,none
lstm_cnn_attention,fold_1,global,Spread_D,0.0233153396943134,0.6776859504132231,244,128,2088346095,200,4.314636099996278,none
lstm_cnn_attention,fold_1,global,Body_D,0.0146216276818862,0.8677685950413223,244,128,2088346095,200,4.314636099996278,none
lstm_cnn_attention,fold_1,global,Body_abs_D,0.0310376462614751,0.628099173553719,244,128,2088346095,200,4.314636099996278,none
lstm_cnn_attention,fold_1,global,Upper_Shadow_D,0.0129304821893332,0.9008264462809916,244,128,2088346095,200,4.314636099996278,none
lstm_cnn_attention,fold_1,global,Lower_Shadow_D,0.0172800593388901,0.8264462809917356,244,128,2088346095,200,4.314636099996278,none
lstm_cnn_attention,fold_1,global,Body_to_Range_D,0.0167138864203451,0.8429752066115702,244,128,2088346095,200,4.314636099996278,none
lstm_cnn_attention,fold_1,global,Close_Position_D,0.0608899312901597,0.4132231404958678,244,128,2088346095,200,4.314636099996278,none
lstm_cnn_attention,fold_1,global,Spread_W,0.0305341072780398,0.6363636363636364,244,128,2088346095,200,4.314636099996278,none
lstm_cnn_attention,fold_1,global,Body_W,0.0109174205617604,0.9338842975206612,244,128,2088346095,200,4.314636099996278,none
lstm_cnn_attention,fold_1,global,Close_Position_W,0.1213775781646362,0.2231404958677686,244,128,2088346095,200,4.314636099996278,none
lstm_cnn_attention,fold_1,global,Spread_M,0.0129522670412741,0.8925619834710744,244,128,2088346095,200,4.314636099996278,none
lstm_cnn_attention,fold_1,global,Body_M,0.098214630061306,0.2644628099173554,244,128,2088346095,200,4.314636099996278,none
lstm_cnn_attention,fold_1,global,Close_Position_M,0.1206799340029803,0.2314049586776859,244,128,2088346095,200,4.314636099996278,none
lstm_cnn_attention,fold_1,global,Volume_MA_5,0.0123845701675806,0.9173553719008264,244,128,2088346095,200,4.314636099996278,none
lstm_cnn_attention,fold_1,global,Volume_MA_20,0.0751103423584311,0.371900826446281,244,128,2088346095,200,4.314636099996278,none
lstm_cnn_attention,fold_1,global,Volume_Ratio_5,0.0089842286366156,0.9586776859504132,244,128,2088346095,200,4.314636099996278,none
lstm_cnn_attention,fold_1,global,Volume_Ratio_20,0.0445578203875873,0.5041322314049587,244,128,2088346095,200,4.314636099996278,none
lstm_cnn_attention,fold_1,global,Volume_Change_1D,0.075775058555551,0.3636363636363636,244,128,2088346095,200,4.314636099996278,none
lstm_cnn_attention,fold_1,global,Volume_Change_5D,0.0479546595298839,0.4793388429752066,244,128,2088346095,200,4.314636099996278,none
lstm_cnn_attention,fold_1,global,Volume_Change_20D,0.0172775842981384,0.8347107438016529,244,128,2088346095,200,4.314636099996278,none
lstm_cnn_attention,fold_1,global,Direction_lag1,0.2775432632295466,0.0826446280991735,244,128,2088346095,200,4.314636099996278,none
lstm_cnn_attention,fold_1,global,Direction_lag2,0.0972447210783684,0.2727272727272727,244,128,2088346095,200,4.314636099996278,none
lstm_cnn_attention,fold_1,global,Direction_lag3,0.0830865347729911,0.3140495867768595,244,128,2088346095,200,4.314636099996278,none
lstm_cnn_attention,fold_1,global,Direction_lag5,0.0801337536356378,0.3223140495867768,244,128,2088346095,200,4.314636099996278,none
lstm_cnn_attention,fold_1,global,Up_Ratio_5,0.019627202720914,0.768595041322314,244,128,2088346095,200,4.314636099996278,none
lstm_cnn_attention,fold_1,global,Up_Ratio_10,0.0632120770484381,0.4049586776859504,244,128,2088346095,200,4.314636099996278,none
lstm_cnn_attention,fold_1,global,Up_Ratio_20,0.0298420607995611,0.6446280991735537,244,128,2088346095,200,4.314636099996278,none
lstm_cnn_attention,fold_1,global,Down_Ratio_5,0.0949964715321282,0.2809917355371901,244,128,2088346095,200,4.314636099996278,none
lstm_cnn_attention,fold_1,global,Down_Ratio_10,0.0681213786970239,0.3884297520661157,244,128,2088346095,200,4.314636099996278,none
lstm_cnn_attention,fold_1,global,Down_Ratio_20,0.0342040038460043,0.5950413223140496,244,128,2088346095,200,4.314636099996278,none
lstm_cnn_attention,fold_1,global,WMA_5,0.4615323138812527,0.0330578512396694,244,128,2088346095,200,4.314636099996278,none
lstm_cnn_attention,fold_1,global,WMA_10,0.2261849570782487,0.1322314049586777,244,128,2088346095,200,4.314636099996278,none
lstm_cnn_attention,fold_1,global,WMA_20,0.3840472184350801,0.0495867768595041,244,128,2088346095,200,4.314636099996278,none
lstm_cnn_attention,fold_1,global,WMA_60,0.3749305405337509,0.0578512396694214,244,128,2088346095,200,4.314636099996278,none
lstm_cnn_attention,fold_1,global,StochK_14,0.2194658176298773,0.140495867768595,244,128,2088346095,200,4.314636099996278,none
lstm_cnn_attention,fold_1,global,StochD_3,0.0780646676768647,0.3471074380165289,244,128,2088346095,200,4.314636099996278,none
lstm_cnn_attention,fold_1,global,RSI_14,0.0683105773521241,0.3801652892561983,244,128,2088346095,200,4.314636099996278,none
lstm_cnn_attention,fold_1,global,MACD_12_26,0.0391171654715362,0.5289256198347108,244,128,2088346095,200,4.314636099996278,none
lstm_cnn_attention,fold_1,global,MACD_Signal_9,0.0401811919580324,0.5206611570247934,244,128,2088346095,200,4.314636099996278,none
lstm_cnn_attention,fold_1,global,MACD_Histogram,0.0059822755118586,0.9917355371900828,244,128,2088346095,200,4.314636099996278,none
lstm_cnn_attention,fold_1,global,WilliamsR_14,0.160652981430546,0.1735537190082644,244,128,2088346095,200,4.314636099996278,none
lstm_cnn_attention,fold_1,global,CCI_20,0.0069940916254072,0.975206611570248,244,128,2088346095,200,4.314636099996278,none
lstm_cnn_attention,fold_1,global,ADX_14,0.0796919323830294,0.3305785123966942,244,128,2088346095,200,4.314636099996278,none
lstm_cnn_attention,fold_1,global,PlusDI_14,0.052707498577278,0.4462809917355372,244,128,2088346095,200,4.314636099996278,none
lstm_cnn_attention,fold_1,global,MinusDI_14,0.0880964593050912,0.2975206611570248,244,128,2088346095,200,4.314636099996278,none
lstm_cnn_attention,fold_1,global,VMD_IMF_1,0.1534303519590594,0.1818181818181818,244,128,2088346095,200,4.314636099996278,none
lstm_cnn_attention,fold_1,global,VMD_IMF_2,0.0233900913654881,0.6694214876033058,244,128,2088346095,200,4.314636099996278,none
lstm_cnn_attention,fold_1,global,VMD_IMF_3,0.0135627767245914,0.8842975206611571,244,128,2088346095,200,4.314636099996278,none
lstm_cnn_attention,fold_1,global,VMD_IMF_4,0.0519215736735137,0.4545454545454545,244,128,2088346095,200,4.314636099996278,none
lstm_cnn_attention,fold_1,global,VMD_Denoised_Close,0.4218801305918532,0.0413223140495867,244,128,2088346095,200,4.314636099996278,none
lstm_cnn_attention,fold_1,global,VMD_Noise_Energy_Ratio,0.1262694873610634,0.2148760330578512,244,128,2088346095,200,4.314636099996278,none
lstm_cnn_attention,fold_1,sideway,Open_D,0.0843126172061602,0.3140495867768595,94,94,395240224,200,2.8897416000108933,none
lstm_cnn_attention,fold_1,sideway,High_D,0.2142256038843039,0.140495867768595,94,94,395240224,200,2.8897416000108933,none
lstm_cnn_attention,fold_1,sideway,Low_D,0.2576676708763772,0.0991735537190082,94,94,395240224,200,2.8897416000108933,none
lstm_cnn_attention,fold_1,sideway,Close_D,9.320745226201518,0.0,94,94,395240224,200,2.8897416000108933,none
lstm_cnn_attention,fold_1,sideway,Volume_D,0.0202701018129279,0.7603305785123967,94,94,395240224,200,2.8897416000108933,none
lstm_cnn_attention,fold_1,sideway,Change_pct_D,0.042760755636382,0.4793388429752066,94,94,395240224,200,2.8897416000108933,none
lstm_cnn_attention,fold_1,sideway,Open_W,0.387617299392537,0.0661157024793388,94,94,395240224,200,2.8897416000108933,none
lstm_cnn_attention,fold_1,sideway,High_W,0.0350740975079343,0.5619834710743802,94,94,395240224,200,2.8897416000108933,none
lstm_cnn_attention,fold_1,sideway,Low_W,0.0835890511936939,0.3223140495867768,94,94,395240224,200,2.8897416000108933,none
lstm_cnn_attention,fold_1,sideway,Close_W,0.0355470764130896,0.5537190082644629,94,94,395240224,200,2.8897416000108933,none
lstm_cnn_attention,fold_1,sideway,Volume_W,0.0050332416264054,1.0,94,94,395240224,200,2.8897416000108933,none
lstm_cnn_attention,fold_1,sideway,Change_pct_W,0.0202844840298784,0.7520661157024794,94,94,395240224,200,2.8897416000108933,none
lstm_cnn_attention,fold_1,sideway,Open_M,0.0886797633623033,0.2975206611570248,94,94,395240224,200,2.8897416000108933,none
lstm_cnn_attention,fold_1,sideway,High_M,0.0298200521369651,0.6363636363636364,94,94,395240224,200,2.8897416000108933,none
lstm_cnn_attention,fold_1,sideway,Low_M,0.1380682835835923,0.2066115702479339,94,94,395240224,200,2.8897416000108933,none
lstm_cnn_attention,fold_1,sideway,Close_M,0.5304675710694666,0.024793388429752,94,94,395240224,200,2.8897416000108933,none
lstm_cnn_attention,fold_1,sideway,Volume_M,0.0203421410183428,0.743801652892562,94,94,395240224,200,2.8897416000108933,none
lstm_cnn_attention,fold_1,sideway,Change_pct_M,0.0363025272349161,0.5454545454545454,94,94,395240224,200,2.8897416000108933,none
lstm_cnn_attention,fold_1,sideway,Close_D_lag1,0.2556620963965542,0.1074380165289256,94,94,395240224,200,2.8897416000108933,none
lstm_cnn_attention,fold_1,sideway,Close_D_lag2,0.1569459508477829,0.1735537190082644,94,94,395240224,200,2.8897416000108933,none
lstm_cnn_attention,fold_1,sideway,Close_D_lag3,0.0530875251748924,0.4462809917355372,94,94,395240224,200,2.8897416000108933,none
lstm_cnn_attention,fold_1,sideway,Close_D_lag5,0.0906934495569898,0.2892561983471074,94,94,395240224,200,2.8897416000108933,none
lstm_cnn_attention,fold_1,sideway,Close_D_lag10,0.1837945323821375,0.1570247933884297,94,94,395240224,200,2.8897416000108933,none
lstm_cnn_attention,fold_1,sideway,Close_D_lag20,0.2483534822465871,0.1157024793388429,94,94,395240224,200,2.8897416000108933,none
lstm_cnn_attention,fold_1,sideway,Close_D_lag60,0.3012762609196757,0.0743801652892562,94,94,395240224,200,2.8897416000108933,none
lstm_cnn_attention,fold_1,sideway,Change_pct_D_lag1,0.0245766780595561,0.6611570247933884,94,94,395240224,200,2.8897416000108933,none
lstm_cnn_attention,fold_1,sideway,Change_pct_D_lag2,0.0198126376506698,0.768595041322314,94,94,395240224,200,2.8897416000108933,none
lstm_cnn_attention,fold_1,sideway,Change_pct_D_lag3,0.0122560547207455,0.9256198347107438,94,94,395240224,200,2.8897416000108933,none
lstm_cnn_attention,fold_1,sideway,Change_pct_D_lag5,0.0384856017309463,0.5289256198347108,94,94,395240224,200,2.8897416000108933,none
lstm_cnn_attention,fold_1,sideway,Change_pct_D_lag10,0.0510769085543697,0.4545454545454545,94,94,395240224,200,2.8897416000108933,none
lstm_cnn_attention,fold_1,sideway,Change_pct_D_lag20,0.012334240247964,0.9173553719008264,94,94,395240224,200,2.8897416000108933,none
lstm_cnn_attention,fold_1,sideway,Volume_D_lag1,0.0210780476670147,0.71900826446281,94,94,395240224,200,2.8897416000108933,none
lstm_cnn_attention,fold_1,sideway,Volume_D_lag2,0.0223295541673794,0.6942148760330579,94,94,395240224,200,2.8897416000108933,none
lstm_cnn_attention,fold_1,sideway,Volume_D_lag3,0.0051005866710539,0.9917355371900828,94,94,395240224,200,2.8897416000108933,none
lstm_cnn_attention,fold_1,sideway,Volume_D_lag5,0.0610763045109851,0.396694214876033,94,94,395240224,200,2.8897416000108933,none
lstm_cnn_attention,fold_1,sideway,Volume_D_lag10,0.0373809804771827,0.5371900826446281,94,94,395240224,200,2.8897416000108933,none
lstm_cnn_attention,fold_1,sideway,Volume_D_lag20,0.0091164623740798,0.9669421487603306,94,94,395240224,200,2.8897416000108933,none
lstm_cnn_attention,fold_1,sideway,Close_W_lag1,0.2641625916065173,0.0909090909090909,94,94,395240224,200,2.8897416000108933,none
lstm_cnn_attention,fold_1,sideway,Close_W_lag2,0.1133187877948078,0.2396694214876033,94,94,395240224,200,2.8897416000108933,none
lstm_cnn_attention,fold_1,sideway,Close_W_lag4,0.1070061960459763,0.2479338842975206,94,94,395240224,200,2.8897416000108933,none
lstm_cnn_attention,fold_1,sideway,Close_M_lag1,0.0679160296574527,0.3884297520661157,94,94,395240224,200,2.8897416000108933,none
lstm_cnn_attention,fold_1,sideway,Close_M_lag3,0.144658272201443,0.1983471074380165,94,94,395240224,200,2.8897416000108933,none
lstm_cnn_attention,fold_1,sideway,Return_1D,0.0217129050119392,0.7107438016528925,94,94,395240224,200,2.8897416000108933,none
lstm_cnn_attention,fold_1,sideway,Return_3D,0.020754173499641,0.7272727272727273,94,94,395240224,200,2.8897416000108933,none
lstm_cnn_attention,fold_1,sideway,Return_5D,0.0311645652313267,0.6115702479338843,94,94,395240224,200,2.8897416000108933,none
lstm_cnn_attention,fold_1,sideway,Return_10D,0.0100746388764885,0.950413223140496,94,94,395240224,200,2.8897416000108933,none
lstm_cnn_attention,fold_1,sideway,Return_20D,0.032143857351946,0.5950413223140496,94,94,395240224,200,2.8897416000108933,none
lstm_cnn_attention,fold_1,sideway,Return_60D,0.0969520926485271,0.2727272727272727,94,94,395240224,200,2.8897416000108933,none
lstm_cnn_attention,fold_1,sideway,SMA_5,0.6059281873620769,0.0082644628099173,94,94,395240224,200,2.8897416000108933,none
lstm_cnn_attention,fold_1,sideway,SMA_10,0.2385830588538002,0.1322314049586777,94,94,395240224,200,2.8897416000108933,none
lstm_cnn_attention,fold_1,sideway,SMA_20,0.0416341048777415,0.5041322314049587,94,94,395240224,200,2.8897416000108933,none
lstm_cnn_attention,fold_1,sideway,SMA_60,0.564264628701556,0.0165289256198347,94,94,395240224,200,2.8897416000108933,none
lstm_cnn_attention,fold_1,sideway,Close_to_SMA_5,0.0205110893823571,0.7355371900826446,94,94,395240224,200,2.8897416000108933,none
lstm_cnn_attention,fold_1,sideway,Close_to_SMA_10,0.0155288791985028,0.859504132231405,94,94,395240224,200,2.8897416000108933,none
lstm_cnn_attention,fold_1,sideway,Close_to_SMA_20,0.0299905562133757,0.628099173553719,94,94,395240224,200,2.8897416000108933,none
lstm_cnn_attention,fold_1,sideway,Close_to_SMA_60,0.041826725108005,0.4876033057851239,94,94,395240224,200,2.8897416000108933,none
lstm_cnn_attention,fold_1,sideway,Volatility_5,0.0321740491971259,0.5867768595041323,94,94,395240224,200,2.8897416000108933,none
lstm_cnn_attention,fold_1,sideway,Volatility_10,0.040853544567867,0.512396694214876,94,94,395240224,200,2.8897416000108933,none
lstm_cnn_attention,fold_1,sideway,Volatility_20,0.0223551730320834,0.6859504132231405,94,94,395240224,200,2.8897416000108933,none
lstm_cnn_attention,fold_1,sideway,Volatility_60,0.0535631418141556,0.4380165289256198,94,94,395240224,200,2.8897416000108933,none
lstm_cnn_attention,fold_1,sideway,Momentum_5,0.0244364621337953,0.6694214876033058,94,94,395240224,200,2.8897416000108933,none
lstm_cnn_attention,fold_1,sideway,Momentum_10,0.0142227870310827,0.8760330578512396,94,94,395240224,200,2.8897416000108933,none
lstm_cnn_attention,fold_1,sideway,Momentum_20,0.0139061945642463,0.8842975206611571,94,94,395240224,200,2.8897416000108933,none
lstm_cnn_attention,fold_1,sideway,Momentum_60,0.1574771269008559,0.1652892561983471,94,94,395240224,200,2.8897416000108933,none
lstm_cnn_attention,fold_1,sideway,ROC_5,0.0230257158397916,0.6776859504132231,94,94,395240224,200,2.8897416000108933,none
lstm_cnn_attention,fold_1,sideway,ROC_10,0.0179777608772175,0.8099173553719008,94,94,395240224,200,2.8897416000108933,none
lstm_cnn_attention,fold_1,sideway,ROC_20,0.0416629553521036,0.4958677685950413,94,94,395240224,200,2.8897416000108933,none
lstm_cnn_attention,fold_1,sideway,ROC_60,0.0195459963148091,0.7768595041322314,94,94,395240224,200,2.8897416000108933,none
lstm_cnn_attention,fold_1,sideway,Ratio_Close_D_to_W,0.0101247446273393,0.9421487603305784,94,94,395240224,200,2.8897416000108933,none
lstm_cnn_attention,fold_1,sideway,Ratio_Close_D_to_M,0.0159798882712708,0.8429752066115702,94,94,395240224,200,2.8897416000108933,none
lstm_cnn_attention,fold_1,sideway,Ratio_Volume_D_to_W,0.0191867550053213,0.7851239669421488,94,94,395240224,200,2.8897416000108933,none
lstm_cnn_attention,fold_1,sideway,Spread_D,0.0222177823974467,0.7024793388429752,94,94,395240224,200,2.8897416000108933,none
lstm_cnn_attention,fold_1,sideway,Body_D,0.0137248968810782,0.8925619834710744,94,94,395240224,200,2.8897416000108933,none
lstm_cnn_attention,fold_1,sideway,Body_abs_D,0.0327816294065996,0.5785123966942148,94,94,395240224,200,2.8897416000108933,none
lstm_cnn_attention,fold_1,sideway,Upper_Shadow_D,0.0142993110305119,0.8677685950413223,94,94,395240224,200,2.8897416000108933,none
lstm_cnn_attention,fold_1,sideway,Lower_Shadow_D,0.0177547555431333,0.8181818181818182,94,94,395240224,200,2.8897416000108933,none
lstm_cnn_attention,fold_1,sideway,Body_to_Range_D,0.0175396897633967,0.8347107438016529,94,94,395240224,200,2.8897416000108933,none
lstm_cnn_attention,fold_1,sideway,Close_Position_D,0.0604371282123398,0.4049586776859504,94,94,395240224,200,2.8897416000108933,none
lstm_cnn_attention,fold_1,sideway,Spread_W,0.031767068062927,0.6033057851239669,94,94,395240224,200,2.8897416000108933,none
lstm_cnn_attention,fold_1,sideway,Body_W,0.012543539503427,0.9090909090909092,94,94,395240224,200,2.8897416000108933,none
lstm_cnn_attention,fold_1,sideway,Close_Position_W,0.1272534472286795,0.2148760330578512,94,94,395240224,200,2.8897416000108933,none
lstm_cnn_attention,fold_1,sideway,Spread_M,0.0130425263041747,0.9008264462809916,94,94,395240224,200,2.8897416000108933,none
lstm_cnn_attention,fold_1,sideway,Body_M,0.0981605420654654,0.2644628099173554,94,94,395240224,200,2.8897416000108933,none
lstm_cnn_attention,fold_1,sideway,Close_Position_M,0.1227352286028883,0.2314049586776859,94,94,395240224,200,2.8897416000108933,none
lstm_cnn_attention,fold_1,sideway,Volume_MA_5,0.0115272493609718,0.9338842975206612,94,94,395240224,200,2.8897416000108933,none
lstm_cnn_attention,fold_1,sideway,Volume_MA_20,0.0737451507178814,0.3636363636363636,94,94,395240224,200,2.8897416000108933,none
lstm_cnn_attention,fold_1,sideway,Volume_Ratio_5,0.0093869376617855,0.9586776859504132,94,94,395240224,200,2.8897416000108933,none
lstm_cnn_attention,fold_1,sideway,Volume_Ratio_20,0.0441606122040906,0.4710743801652892,94,94,395240224,200,2.8897416000108933,none
lstm_cnn_attention,fold_1,sideway,Volume_Change_1D,0.0853407525018214,0.3057851239669421,94,94,395240224,200,2.8897416000108933,none
lstm_cnn_attention,fold_1,sideway,Volume_Change_5D,0.0509864856371542,0.4628099173553719,94,94,395240224,200,2.8897416000108933,none
lstm_cnn_attention,fold_1,sideway,Volume_Change_20D,0.0177074940609841,0.8264462809917356,94,94,395240224,200,2.8897416000108933,none
lstm_cnn_attention,fold_1,sideway,Direction_lag1,0.2736650051669981,0.0826446280991735,94,94,395240224,200,2.8897416000108933,none
lstm_cnn_attention,fold_1,sideway,Direction_lag2,0.0996895504534551,0.256198347107438,94,94,395240224,200,2.8897416000108933,none
lstm_cnn_attention,fold_1,sideway,Direction_lag3,0.0821509276397272,0.3305785123966942,94,94,395240224,200,2.8897416000108933,none
lstm_cnn_attention,fold_1,sideway,Direction_lag5,0.0806395972320968,0.3388429752066115,94,94,395240224,200,2.8897416000108933,none
lstm_cnn_attention,fold_1,sideway,Up_Ratio_5,0.018376921976277,0.8016528925619835,94,94,395240224,200,2.8897416000108933,none
lstm_cnn_attention,fold_1,sideway,Up_Ratio_10,0.0604335256675373,0.4132231404958678,94,94,395240224,200,2.8897416000108933,none
lstm_cnn_attention,fold_1,sideway,Up_Ratio_20,0.0300753239284646,0.6198347107438017,94,94,395240224,200,2.8897416000108933,none
lstm_cnn_attention,fold_1,sideway,Down_Ratio_5,0.0909387352352022,0.2809917355371901,94,94,395240224,200,2.8897416000108933,none
lstm_cnn_attention,fold_1,sideway,Down_Ratio_10,0.0682786615756495,0.3801652892561983,94,94,395240224,200,2.8897416000108933,none
lstm_cnn_attention,fold_1,sideway,Down_Ratio_20,0.0340909572299387,0.5702479338842975,94,94,395240224,200,2.8897416000108933,none
lstm_cnn_attention,fold_1,sideway,WMA_5,0.4837952875547071,0.0330578512396694,94,94,395240224,200,2.8897416000108933,none
lstm_cnn_attention,fold_1,sideway,WMA_10,0.2410294503805802,0.1239669421487603,94,94,395240224,200,2.8897416000108933,none
lstm_cnn_attention,fold_1,sideway,WMA_20,0.3934499483156771,0.0495867768595041,94,94,395240224,200,2.8897416000108933,none
lstm_cnn_attention,fold_1,sideway,WMA_60,0.3890899496908458,0.0578512396694214,94,94,395240224,200,2.8897416000108933,none
lstm_cnn_attention,fold_1,sideway,StochK_14,0.1971049898120269,0.1487603305785124,94,94,395240224,200,2.8897416000108933,none
lstm_cnn_attention,fold_1,sideway,StochD_3,0.0694942868380217,0.371900826446281,94,94,395240224,200,2.8897416000108933,none
lstm_cnn_attention,fold_1,sideway,RSI_14,0.0544964460210089,0.4297520661157025,94,94,395240224,200,2.8897416000108933,none
lstm_cnn_attention,fold_1,sideway,MACD_12_26,0.0297191641453464,0.6446280991735537,94,94,395240224,200,2.8897416000108933,none
lstm_cnn_attention,fold_1,sideway,MACD_Signal_9,0.0294811160020631,0.6528925619834711,94,94,395240224,200,2.8897416000108933,none
lstm_cnn_attention,fold_1,sideway,MACD_Histogram,0.0063912118466853,0.975206611570248,94,94,395240224,200,2.8897416000108933,none
lstm_cnn_attention,fold_1,sideway,WilliamsR_14,0.1468453570626728,0.1900826446280991,94,94,395240224,200,2.8897416000108933,none
lstm_cnn_attention,fold_1,sideway,CCI_20,0.0061425040539657,0.9834710743801652,94,94,395240224,200,2.8897416000108933,none
lstm_cnn_attention,fold_1,sideway,ADX_14,0.0747658079827166,0.3553719008264462,94,94,395240224,200,2.8897416000108933,none
lstm_cnn_attention,fold_1,sideway,PlusDI_14,0.0396559477722984,0.5206611570247934,94,94,395240224,200,2.8897416000108933,none
lstm_cnn_attention,fold_1,sideway,MinusDI_14,0.077011980634594,0.3471074380165289,94,94,395240224,200,2.8897416000108933,none
lstm_cnn_attention,fold_1,sideway,VMD_IMF_1,0.1544944667834491,0.1818181818181818,94,94,395240224,200,2.8897416000108933,none
lstm_cnn_attention,fold_1,sideway,VMD_IMF_2,0.0185270067091364,0.7933884297520661,94,94,395240224,200,2.8897416000108933,none
lstm_cnn_attention,fold_1,sideway,VMD_IMF_3,0.0158559536985815,0.8512396694214877,94,94,395240224,200,2.8897416000108933,none
lstm_cnn_attention,fold_1,sideway,VMD_IMF_4,0.057301008646631,0.4214876033057851,94,94,395240224,200,2.8897416000108933,none
lstm_cnn_attention,fold_1,sideway,VMD_Denoised_Close,0.4390606248899898,0.0413223140495867,94,94,395240224,200,2.8897416000108933,none
lstm_cnn_attention,fold_1,sideway,VMD_Noise_Energy_Ratio,0.1230652216542277,0.2231404958677686,94,94,395240224,200,2.8897416000108933,none
lstm_cnn_attention,fold_2,bear,Open_D,0.0923912680557744,0.3223140495867768,75,75,44954462,200,2.3043256999953883,none
lstm_cnn_attention,fold_2,bear,High_D,0.3150132839802342,0.0909090909090909,75,75,44954462,200,2.3043256999953883,none
lstm_cnn_attention,fold_2,bear,Low_D,0.3546638739304617,0.0661157024793388,75,75,44954462,200,2.3043256999953883,none
lstm_cnn_attention,fold_2,bear,Close_D,4.61062809711035,0.0,75,75,44954462,200,2.3043256999953883,none
lstm_cnn_attention,fold_2,bear,Volume_D,0.0094029325864623,0.9586776859504132,75,75,44954462,200,2.3043256999953883,none
lstm_cnn_attention,fold_2,bear,Change_pct_D,0.0546250636687555,0.4710743801652892,75,75,44954462,200,2.3043256999953883,none
lstm_cnn_attention,fold_2,bear,Open_W,0.2912917266677444,0.0991735537190082,75,75,44954462,200,2.3043256999953883,none
lstm_cnn_attention,fold_2,bear,High_W,0.0716567970207385,0.3884297520661157,75,75,44954462,200,2.3043256999953883,none
lstm_cnn_attention,fold_2,bear,Low_W,0.1658895370685774,0.2314049586776859,75,75,44954462,200,2.3043256999953883,none
lstm_cnn_attention,fold_2,bear,Close_W,0.0228602535620436,0.7851239669421488,75,75,44954462,200,2.3043256999953883,none
lstm_cnn_attention,fold_2,bear,Volume_W,0.0158009603934239,0.8512396694214877,75,75,44954462,200,2.3043256999953883,none
lstm_cnn_attention,fold_2,bear,Change_pct_W,0.0149636441539599,0.8760330578512396,75,75,44954462,200,2.3043256999953883,none
lstm_cnn_attention,fold_2,bear,Open_M,0.1794235738215502,0.1983471074380165,75,75,44954462,200,2.3043256999953883,none
lstm_cnn_attention,fold_2,bear,High_M,0.136833115669075,0.2396694214876033,75,75,44954462,200,2.3043256999953883,none
lstm_cnn_attention,fold_2,bear,Low_M,0.2121786400346706,0.1570247933884297,75,75,44954462,200,2.3043256999953883,none
lstm_cnn_attention,fold_2,bear,Close_M,0.3587478221973094,0.0578512396694214,75,75,44954462,200,2.3043256999953883,none
lstm_cnn_attention,fold_2,bear,Volume_M,0.0041362277324002,1.0,75,75,44954462,200,2.3043256999953883,none
lstm_cnn_attention,fold_2,bear,Change_pct_M,0.0144301699915298,0.8842975206611571,75,75,44954462,200,2.3043256999953883,none
lstm_cnn_attention,fold_2,bear,Close_D_lag1,0.2468560726757471,0.1157024793388429,75,75,44954462,200,2.3043256999953883,none
lstm_cnn_attention,fold_2,bear,Close_D_lag2,0.1858202378711818,0.1818181818181818,75,75,44954462,200,2.3043256999953883,none
lstm_cnn_attention,fold_2,bear,Close_D_lag3,0.039967400125701,0.5950413223140496,75,75,44954462,200,2.3043256999953883,none
lstm_cnn_attention,fold_2,bear,Close_D_lag5,0.1318419743015741,0.256198347107438,75,75,44954462,200,2.3043256999953883,none
lstm_cnn_attention,fold_2,bear,Close_D_lag10,0.1180525252589335,0.2809917355371901,75,75,44954462,200,2.3043256999953883,none
lstm_cnn_attention,fold_2,bear,Close_D_lag20,0.2407512085004709,0.1322314049586777,75,75,44954462,200,2.3043256999953883,none
lstm_cnn_attention,fold_2,bear,Close_D_lag60,0.274823118840189,0.1074380165289256,75,75,44954462,200,2.3043256999953883,none
lstm_cnn_attention,fold_2,bear,Change_pct_D_lag1,0.0372243234423115,0.6198347107438017,75,75,44954462,200,2.3043256999953883,none
lstm_cnn_attention,fold_2,bear,Change_pct_D_lag2,0.0231254101572086,0.7768595041322314,75,75,44954462,200,2.3043256999953883,none
lstm_cnn_attention,fold_2,bear,Change_pct_D_lag3,0.0058835580218205,0.9834710743801652,75,75,44954462,200,2.3043256999953883,none
lstm_cnn_attention,fold_2,bear,Change_pct_D_lag5,0.0500413832703446,0.512396694214876,75,75,44954462,200,2.3043256999953883,none
lstm_cnn_attention,fold_2,bear,Change_pct_D_lag10,0.0520547969007954,0.4876033057851239,75,75,44954462,200,2.3043256999953883,none
lstm_cnn_attention,fold_2,bear,Change_pct_D_lag20,0.007609931583717,0.975206611570248,75,75,44954462,200,2.3043256999953883,none
lstm_cnn_attention,fold_2,bear,Volume_D_lag1,0.0298846868652457,0.7107438016528925,75,75,44954462,200,2.3043256999953883,none
lstm_cnn_attention,fold_2,bear,Volume_D_lag2,0.0345569407722274,0.6611570247933884,75,75,44954462,200,2.3043256999953883,none
lstm_cnn_attention,fold_2,bear,Volume_D_lag3,0.0156204783406931,0.859504132231405,75,75,44954462,200,2.3043256999953883,none
lstm_cnn_attention,fold_2,bear,Volume_D_lag5,0.0468623373436009,0.5537190082644629,75,75,44954462,200,2.3043256999953883,none
lstm_cnn_attention,fold_2,bear,Volume_D_lag10,0.0138632369999976,0.9090909090909092,75,75,44954462,200,2.3043256999953883,none
lstm_cnn_attention,fold_2,bear,Volume_D_lag20,0.0103639981584682,0.950413223140496,75,75,44954462,200,2.3043256999953883,none
lstm_cnn_attention,fold_2,bear,Close_W_lag1,0.2178834193979467,0.1487603305785124,75,75,44954462,200,2.3043256999953883,none
lstm_cnn_attention,fold_2,bear,Close_W_lag2,0.0852014778370115,0.3388429752066115,75,75,44954462,200,2.3043256999953883,none
lstm_cnn_attention,fold_2,bear,Close_W_lag4,0.1729418811546638,0.2148760330578512,75,75,44954462,200,2.3043256999953883,none
lstm_cnn_attention,fold_2,bear,Close_M_lag1,0.0772361794280198,0.3636363636363636,75,75,44954462,200,2.3043256999953883,none
lstm_cnn_attention,fold_2,bear,Close_M_lag3,0.0564298475728088,0.4628099173553719,75,75,44954462,200,2.3043256999953883,none
lstm_cnn_attention,fold_2,bear,Return_1D,0.0329085955097681,0.6694214876033058,75,75,44954462,200,2.3043256999953883,none
lstm_cnn_attention,fold_2,bear,Return_3D,0.0153028282434392,0.8677685950413223,75,75,44954462,200,2.3043256999953883,none
lstm_cnn_attention,fold_2,bear,Return_5D,0.0276368949611486,0.7272727272727273,75,75,44954462,200,2.3043256999953883,none
lstm_cnn_attention,fold_2,bear,Return_10D,0.0221111765847144,0.8016528925619835,75,75,44954462,200,2.3043256999953883,none
lstm_cnn_attention,fold_2,bear,Return_20D,0.051383344091247,0.5041322314049587,75,75,44954462,200,2.3043256999953883,none
lstm_cnn_attention,fold_2,bear,Return_60D,0.0719077189086401,0.3801652892561983,75,75,44954462,200,2.3043256999953883,none
lstm_cnn_attention,fold_2,bear,SMA_5,0.4694148391747537,0.0165289256198347,75,75,44954462,200,2.3043256999953883,none
lstm_cnn_attention,fold_2,bear,SMA_10,0.3258351098923012,0.0826446280991735,75,75,44954462,200,2.3043256999953883,none
lstm_cnn_attention,fold_2,bear,SMA_20,0.0280556936884319,0.71900826446281,75,75,44954462,200,2.3043256999953883,none
lstm_cnn_attention,fold_2,bear,SMA_60,0.4794710495946929,0.0082644628099173,75,75,44954462,200,2.3043256999953883,none
lstm_cnn_attention,fold_2,bear,Close_to_SMA_5,0.0486627278883995,0.5289256198347108,75,75,44954462,200,2.3043256999953883,none
lstm_cnn_attention,fold_2,bear,Close_to_SMA_10,0.0243348231117582,0.768595041322314,75,75,44954462,200,2.3043256999953883,none
lstm_cnn_attention,fold_2,bear,Close_to_SMA_20,0.0322618519030578,0.6776859504132231,75,75,44954462,200,2.3043256999953883,none
lstm_cnn_attention,fold_2,bear,Close_to_SMA_60,0.0478575541545881,0.5371900826446281,75,75,44954462,200,2.3043256999953883,none
lstm_cnn_attention,fold_2,bear,Volatility_5,0.0642444171902971,0.4297520661157025,75,75,44954462,200,2.3043256999953883,none
lstm_cnn_attention,fold_2,bear,Volatility_10,0.0976523570400701,0.3057851239669421,75,75,44954462,200,2.3043256999953883,none
lstm_cnn_attention,fold_2,bear,Volatility_20,0.0524781960250585,0.4793388429752066,75,75,44954462,200,2.3043256999953883,none
lstm_cnn_attention,fold_2,bear,Volatility_60,0.0962195504041398,0.3140495867768595,75,75,44954462,200,2.3043256999953883,none
lstm_cnn_attention,fold_2,bear,Momentum_5,0.0142915820901553,0.9008264462809916,75,75,44954462,200,2.3043256999953883,none
lstm_cnn_attention,fold_2,bear,Momentum_10,0.0174881220175545,0.8264462809917356,75,75,44954462,200,2.3043256999953883,none
lstm_cnn_attention,fold_2,bear,Momentum_20,0.0158141465003142,0.8429752066115702,75,75,44954462,200,2.3043256999953883,none
lstm_cnn_attention,fold_2,bear,Momentum_60,0.1185671703411135,0.2727272727272727,75,75,44954462,200,2.3043256999953883,none
lstm_cnn_attention,fold_2,bear,ROC_5,0.0312467575178129,0.6859504132231405,75,75,44954462,200,2.3043256999953883,none
lstm_cnn_attention,fold_2,bear,ROC_10,0.005409391504488,0.9917355371900828,75,75,44954462,200,2.3043256999953883,none
lstm_cnn_attention,fold_2,bear,ROC_20,0.0262439094040778,0.7355371900826446,75,75,44954462,200,2.3043256999953883,none
lstm_cnn_attention,fold_2,bear,ROC_60,0.0368576115884346,0.628099173553719,75,75,44954462,200,2.3043256999953883,none
lstm_cnn_attention,fold_2,bear,Ratio_Close_D_to_W,0.0222026397250726,0.7933884297520661,75,75,44954462,200,2.3043256999953883,none
lstm_cnn_attention,fold_2,bear,Ratio_Close_D_to_M,0.0082419199166062,0.9669421487603306,75,75,44954462,200,2.3043256999953883,none
lstm_cnn_attention,fold_2,bear,Ratio_Volume_D_to_W,0.0359895098761444,0.6446280991735537,75,75,44954462,200,2.3043256999953883,none
lstm_cnn_attention,fold_2,bear,Spread_D,0.0307494426679819,0.6942148760330579,75,75,44954462,200,2.3043256999953883,none
lstm_cnn_attention,fold_2,bear,Body_D,0.0124742021635408,0.9256198347107438,75,75,44954462,200,2.3043256999953883,none
lstm_cnn_attention,fold_2,bear,Body_abs_D,0.0246741459226626,0.7603305785123967,75,75,44954462,200,2.3043256999953883,none
lstm_cnn_attention,fold_2,bear,Upper_Shadow_D,0.0143739308192622,0.8925619834710744,75,75,44954462,200,2.3043256999953883,none
lstm_cnn_attention,fold_2,bear,Lower_Shadow_D,0.016132672335125,0.8347107438016529,75,75,44954462,200,2.3043256999953883,none
lstm_cnn_attention,fold_2,bear,Body_to_Range_D,0.068753928247928,0.4132231404958678,75,75,44954462,200,2.3043256999953883,none
lstm_cnn_attention,fold_2,bear,Close_Position_D,0.0709424305238253,0.4049586776859504,75,75,44954462,200,2.3043256999953883,none
lstm_cnn_attention,fold_2,bear,Spread_W,0.045659607124302,0.5619834710743802,75,75,44954462,200,2.3043256999953883,none
lstm_cnn_attention,fold_2,bear,Body_W,0.0247765476596992,0.7520661157024794,75,75,44954462,200,2.3043256999953883,none
lstm_cnn_attention,fold_2,bear,Close_Position_W,0.1294023270825079,0.2644628099173554,75,75,44954462,200,2.3043256999953883,none
lstm_cnn_attention,fold_2,bear,Spread_M,0.0424685359936265,0.5785123966942148,75,75,44954462,200,2.3043256999953883,none
lstm_cnn_attention,fold_2,bear,Body_M,0.0494681265728286,0.5206611570247934,75,75,44954462,200,2.3043256999953883,none
lstm_cnn_attention,fold_2,bear,Close_Position_M,0.044828761557144,0.5702479338842975,75,75,44954462,200,2.3043256999953883,none
lstm_cnn_attention,fold_2,bear,Volume_MA_5,0.0126384500247553,0.9173553719008264,75,75,44954462,200,2.3043256999953883,none
lstm_cnn_attention,fold_2,bear,Volume_MA_20,0.0411534231984463,0.5867768595041323,75,75,44954462,200,2.3043256999953883,none
lstm_cnn_attention,fold_2,bear,Volume_Ratio_5,0.0116198786140894,0.9421487603305784,75,75,44954462,200,2.3043256999953883,none
lstm_cnn_attention,fold_2,bear,Volume_Ratio_20,0.0394963191877556,0.6033057851239669,75,75,44954462,200,2.3043256999953883,none
lstm_cnn_attention,fold_2,bear,Volume_Change_1D,0.0780983257370559,0.3553719008264462,75,75,44954462,200,2.3043256999953883,none
lstm_cnn_attention,fold_2,bear,Volume_Change_5D,0.0624485887704007,0.4380165289256198,75,75,44954462,200,2.3043256999953883,none
lstm_cnn_attention,fold_2,bear,Volume_Change_20D,0.0192361331875238,0.8181818181818182,75,75,44954462,200,2.3043256999953883,none
lstm_cnn_attention,fold_2,bear,Direction_lag1,0.2458894262004566,0.1239669421487603,75,75,44954462,200,2.3043256999953883,none
lstm_cnn_attention,fold_2,bear,Direction_lag2,0.2099819134537829,0.1652892561983471,75,75,44954462,200,2.3043256999953883,none
lstm_cnn_attention,fold_2,bear,Direction_lag3,0.2230291138437266,0.140495867768595,75,75,44954462,200,2.3043256999953883,none
lstm_cnn_attention,fold_2,bear,Direction_lag5,0.1000366233130996,0.2975206611570248,75,75,44954462,200,2.3043256999953883,none
lstm_cnn_attention,fold_2,bear,Up_Ratio_5,0.03458005729252,0.6528925619834711,75,75,44954462,200,2.3043256999953883,none
lstm_cnn_attention,fold_2,bear,Up_Ratio_10,0.0716108600408295,0.396694214876033,75,75,44954462,200,2.3043256999953883,none
lstm_cnn_attention,fold_2,bear,Up_Ratio_20,0.0518174077036067,0.4958677685950413,75,75,44954462,200,2.3043256999953883,none
lstm_cnn_attention,fold_2,bear,Down_Ratio_5,0.1110564092594237,0.2892561983471074,75,75,44954462,200,2.3043256999953883,none
lstm_cnn_attention,fold_2,bear,Down_Ratio_10,0.0751019475589904,0.371900826446281,75,75,44954462,200,2.3043256999953883,none
lstm_cnn_attention,fold_2,bear,Down_Ratio_20,0.0810415850607267,0.3471074380165289,75,75,44954462,200,2.3043256999953883,none
lstm_cnn_attention,fold_2,bear,WMA_5,0.4177428277817865,0.0413223140495867,75,75,44954462,200,2.3043256999953883,none
lstm_cnn_attention,fold_2,bear,WMA_10,0.0876202570496243,0.3305785123966942,75,75,44954462,200,2.3043256999953883,none
lstm_cnn_attention,fold_2,bear,WMA_20,0.427772339014026,0.0330578512396694,75,75,44954462,200,2.3043256999953883,none
lstm_cnn_attention,fold_2,bear,WMA_60,0.3269774989471771,0.0743801652892562,75,75,44954462,200,2.3043256999953883,none
lstm_cnn_attention,fold_2,bear,StochK_14,0.3756023465927404,0.0495867768595041,75,75,44954462,200,2.3043256999953883,none
lstm_cnn_attention,fold_2,bear,StochD_3,0.1783485585033195,0.2066115702479339,75,75,44954462,200,2.3043256999953883,none
lstm_cnn_attention,fold_2,bear,RSI_14,0.0619964776934527,0.4462809917355372,75,75,44954462,200,2.3043256999953883,none
lstm_cnn_attention,fold_2,bear,MACD_12_26,0.0298904677917877,0.7024793388429752,75,75,44954462,200,2.3043256999953883,none
lstm_cnn_attention,fold_2,bear,MACD_Signal_9,0.0390686217302685,0.6115702479338843,75,75,44954462,200,2.3043256999953883,none
lstm_cnn_attention,fold_2,bear,MACD_Histogram,0.0208978108192576,0.8099173553719008,75,75,44954462,200,2.3043256999953883,none
lstm_cnn_attention,fold_2,bear,WilliamsR_14,0.1821985899161033,0.1900826446280991,75,75,44954462,200,2.3043256999953883,none
lstm_cnn_attention,fold_2,bear,CCI_20,0.0124730317874042,0.9338842975206612,75,75,44954462,200,2.3043256999953883,none
lstm_cnn_attention,fold_2,bear,ADX_14,0.047495315317877,0.5454545454545454,75,75,44954462,200,2.3043256999953883,none
lstm_cnn_attention,fold_2,bear,PlusDI_14,0.064253166433933,0.4214876033057851,75,75,44954462,200,2.3043256999953883,none
lstm_cnn_attention,fold_2,bear,MinusDI_14,0.1327585232320574,0.2479338842975206,75,75,44954462,200,2.3043256999953883,none
lstm_cnn_attention,fold_2,bear,VMD_IMF_1,0.1868382018464617,0.1735537190082644,75,75,44954462,200,2.3043256999953883,none
lstm_cnn_attention,fold_2,bear,VMD_IMF_2,0.0363839191114663,0.6363636363636364,75,75,44954462,200,2.3043256999953883,none
lstm_cnn_attention,fold_2,bear,VMD_IMF_3,0.0256673105512912,0.743801652892562,75,75,44954462,200,2.3043256999953883,none
lstm_cnn_attention,fold_2,bear,VMD_IMF_4,0.0614235354272914,0.4545454545454545,75,75,44954462,200,2.3043256999953883,none
lstm_cnn_attention,fold_2,bear,VMD_Denoised_Close,0.4306274811467155,0.024793388429752,75,75,44954462,200,2.3043256999953883,none
lstm_cnn_attention,fold_2,bear,VMD_Noise_Energy_Ratio,0.1719540876818549,0.2231404958677686,75,75,44954462,200,2.3043256999953883,none
lstm_cnn_attention,fold_2,bull,Open_D,0.0767178671902235,0.3636363636363636,76,76,1342424527,200,2.3606506000069203,none
lstm_cnn_attention,fold_2,bull,High_D,0.2640886976725213,0.0991735537190082,76,76,1342424527,200,2.3606506000069203,none
lstm_cnn_attention,fold_2,bull,Low_D,0.3096607596162357,0.0661157024793388,76,76,1342424527,200,2.3606506000069203,none
lstm_cnn_attention,fold_2,bull,Close_D,6.534774056818844,0.0,76,76,1342424527,200,2.3606506000069203,none
lstm_cnn_attention,fold_2,bull,Volume_D,0.0131037357932152,0.950413223140496,76,76,1342424527,200,2.3606506000069203,none
lstm_cnn_attention,fold_2,bull,Change_pct_D,0.0587975864658871,0.4710743801652892,76,76,1342424527,200,2.3606506000069203,none
lstm_cnn_attention,fold_2,bull,Open_W,0.2202223591795987,0.1322314049586777,76,76,1342424527,200,2.3606506000069203,none
lstm_cnn_attention,fold_2,bull,High_W,0.058767442306333,0.4793388429752066,76,76,1342424527,200,2.3606506000069203,none
lstm_cnn_attention,fold_2,bull,Low_W,0.1364879702500319,0.256198347107438,76,76,1342424527,200,2.3606506000069203,none
lstm_cnn_attention,fold_2,bull,Close_W,0.0253931331301256,0.7851239669421488,76,76,1342424527,200,2.3606506000069203,none
lstm_cnn_attention,fold_2,bull,Volume_W,0.0183156991994162,0.859504132231405,76,76,1342424527,200,2.3606506000069203,none
lstm_cnn_attention,fold_2,bull,Change_pct_W,0.0151049108579928,0.9256198347107438,76,76,1342424527,200,2.3606506000069203,none
lstm_cnn_attention,fold_2,bull,Open_M,0.1735539030115193,0.1900826446280991,76,76,1342424527,200,2.3606506000069203,none
lstm_cnn_attention,fold_2,bull,High_M,0.1406681723390982,0.2396694214876033,76,76,1342424527,200,2.3606506000069203,none
lstm_cnn_attention,fold_2,bull,Low_M,0.2090116283361567,0.1570247933884297,76,76,1342424527,200,2.3606506000069203,none
lstm_cnn_attention,fold_2,bull,Close_M,0.2927267691250707,0.0743801652892562,76,76,1342424527,200,2.3606506000069203,none
lstm_cnn_attention,fold_2,bull,Volume_M,0.0048316034236691,1.0,76,76,1342424527,200,2.3606506000069203,none
lstm_cnn_attention,fold_2,bull,Change_pct_M,0.0192900419847522,0.8429752066115702,76,76,1342424527,200,2.3606506000069203,none
lstm_cnn_attention,fold_2,bull,Close_D_lag1,0.2111732960410575,0.1487603305785124,76,76,1342424527,200,2.3606506000069203,none
lstm_cnn_attention,fold_2,bull,Close_D_lag2,0.1555670850881908,0.2231404958677686,76,76,1342424527,200,2.3606506000069203,none
lstm_cnn_attention,fold_2,bull,Close_D_lag3,0.0312050951170766,0.71900826446281,76,76,1342424527,200,2.3606506000069203,none
lstm_cnn_attention,fold_2,bull,Close_D_lag5,0.1168489380359747,0.2727272727272727,76,76,1342424527,200,2.3606506000069203,none
lstm_cnn_attention,fold_2,bull,Close_D_lag10,0.0976564549962763,0.3140495867768595,76,76,1342424527,200,2.3606506000069203,none
lstm_cnn_attention,fold_2,bull,Close_D_lag20,0.2232767146092986,0.1239669421487603,76,76,1342424527,200,2.3606506000069203,none
lstm_cnn_attention,fold_2,bull,Close_D_lag60,0.2710230264524733,0.0909090909090909,76,76,1342424527,200,2.3606506000069203,none
lstm_cnn_attention,fold_2,bull,Change_pct_D_lag1,0.0386528134113718,0.6446280991735537,76,76,1342424527,200,2.3606506000069203,none
lstm_cnn_attention,fold_2,bull,Change_pct_D_lag2,0.0264522141738008,0.768595041322314,76,76,1342424527,200,2.3606506000069203,none
lstm_cnn_attention,fold_2,bull,Change_pct_D_lag3,0.0049887550820932,0.9917355371900828,76,76,1342424527,200,2.3606506000069203,none
lstm_cnn_attention,fold_2,bull,Change_pct_D_lag5,0.0550435619153823,0.4958677685950413,76,76,1342424527,200,2.3606506000069203,none
lstm_cnn_attention,fold_2,bull,Change_pct_D_lag10,0.0530488695074295,0.5289256198347108,76,76,1342424527,200,2.3606506000069203,none
lstm_cnn_attention,fold_2,bull,Change_pct_D_lag20,0.0072452787450593,0.975206611570248,76,76,1342424527,200,2.3606506000069203,none
lstm_cnn_attention,fold_2,bull,Volume_D_lag1,0.0296556864457927,0.743801652892562,76,76,1342424527,200,2.3606506000069203,none
lstm_cnn_attention,fold_2,bull,Volume_D_lag2,0.034972762979408,0.6776859504132231,76,76,1342424527,200,2.3606506000069203,none
lstm_cnn_attention,fold_2,bull,Volume_D_lag3,0.0123979172617411,0.9586776859504132,76,76,1342424527,200,2.3606506000069203,none
lstm_cnn_attention,fold_2,bull,Volume_D_lag5,0.0510227584865536,0.5454545454545454,76,76,1342424527,200,2.3606506000069203,none
lstm_cnn_attention,fold_2,bull,Volume_D_lag10,0.0163919425790704,0.8925619834710744,76,76,1342424527,200,2.3606506000069203,none
lstm_cnn_attention,fold_2,bull,Volume_D_lag20,0.0074280713825966,0.9669421487603306,76,76,1342424527,200,2.3606506000069203,none
lstm_cnn_attention,fold_2,bull,Close_W_lag1,0.1698426855150548,0.1983471074380165,76,76,1342424527,200,2.3606506000069203,none
lstm_cnn_attention,fold_2,bull,Close_W_lag2,0.0572978984638834,0.4876033057851239,76,76,1342424527,200,2.3606506000069203,none
lstm_cnn_attention,fold_2,bull,Close_W_lag4,0.1325023733327007,0.2644628099173554,76,76,1342424527,200,2.3606506000069203,none
lstm_cnn_attention,fold_2,bull,Close_M_lag1,0.0705945331730426,0.4132231404958678,76,76,1342424527,200,2.3606506000069203,none
lstm_cnn_attention,fold_2,bull,Close_M_lag3,0.0491716465416797,0.5537190082644629,76,76,1342424527,200,2.3606506000069203,none
lstm_cnn_attention,fold_2,bull,Return_1D,0.0344674727830004,0.6859504132231405,76,76,1342424527,200,2.3606506000069203,none
lstm_cnn_attention,fold_2,bull,Return_3D,0.0180572299002199,0.8677685950413223,76,76,1342424527,200,2.3606506000069203,none
lstm_cnn_attention,fold_2,bull,Return_5D,0.0375174309357353,0.6611570247933884,76,76,1342424527,200,2.3606506000069203,none
lstm_cnn_attention,fold_2,bull,Return_10D,0.0262688015207373,0.7768595041322314,76,76,1342424527,200,2.3606506000069203,none
lstm_cnn_attention,fold_2,bull,Return_20D,0.0763028490419232,0.371900826446281,76,76,1342424527,200,2.3606506000069203,none
lstm_cnn_attention,fold_2,bull,Return_60D,0.0991398511391263,0.3057851239669421,76,76,1342424527,200,2.3606506000069203,none
lstm_cnn_attention,fold_2,bull,SMA_5,0.3819065404044905,0.024793388429752,76,76,1342424527,200,2.3606506000069203,none
lstm_cnn_attention,fold_2,bull,SMA_10,0.2716223991912557,0.0826446280991735,76,76,1342424527,200,2.3606506000069203,none
lstm_cnn_attention,fold_2,bull,SMA_20,0.0221415206066443,0.8016528925619835,76,76,1342424527,200,2.3606506000069203,none
lstm_cnn_attention,fold_2,bull,SMA_60,0.4393264509500065,0.0082644628099173,76,76,1342424527,200,2.3606506000069203,none
lstm_cnn_attention,fold_2,bull,Close_to_SMA_5,0.0542320337644672,0.512396694214876,76,76,1342424527,200,2.3606506000069203,none
lstm_cnn_attention,fold_2,bull,Close_to_SMA_10,0.0297445404757634,0.7355371900826446,76,76,1342424527,200,2.3606506000069203,none
lstm_cnn_attention,fold_2,bull,Close_to_SMA_20,0.0414022715807305,0.5950413223140496,76,76,1342424527,200,2.3606506000069203,none
lstm_cnn_attention,fold_2,bull,Close_to_SMA_60,0.0513378562755563,0.5371900826446281,76,76,1342424527,200,2.3606506000069203,none
lstm_cnn_attention,fold_2,bull,Volatility_5,0.062228738833005,0.4380165289256198,76,76,1342424527,200,2.3606506000069203,none
lstm_cnn_attention,fold_2,bull,Volatility_10,0.0793345610178436,0.3553719008264462,76,76,1342424527,200,2.3606506000069203,none
lstm_cnn_attention,fold_2,bull,Volatility_20,0.042236312422423,0.5867768595041323,76,76,1342424527,200,2.3606506000069203,none
lstm_cnn_attention,fold_2,bull,Volatility_60,0.1049786181074571,0.2892561983471074,76,76,1342424527,200,2.3606506000069203,none
lstm_cnn_attention,fold_2,bull,Momentum_5,0.0156481736168982,0.9173553719008264,76,76,1342424527,200,2.3606506000069203,none
lstm_cnn_attention,fold_2,bull,Momentum_10,0.0220631359185219,0.8099173553719008,76,76,1342424527,200,2.3606506000069203,none
lstm_cnn_attention,fold_2,bull,Momentum_20,0.022668821191611,0.7933884297520661,76,76,1342424527,200,2.3606506000069203,none
lstm_cnn_attention,fold_2,bull,Momentum_60,0.161513294848671,0.2066115702479339,76,76,1342424527,200,2.3606506000069203,none
lstm_cnn_attention,fold_2,bull,ROC_5,0.0382484847134988,0.6528925619834711,76,76,1342424527,200,2.3606506000069203,none
lstm_cnn_attention,fold_2,bull,ROC_10,0.0055032157437505,0.9834710743801652,76,76,1342424527,200,2.3606506000069203,none
lstm_cnn_attention,fold_2,bull,ROC_20,0.0342257550802742,0.6942148760330579,76,76,1342424527,200,2.3606506000069203,none
lstm_cnn_attention,fold_2,bull,ROC_60,0.0544742360069437,0.5041322314049587,76,76,1342424527,200,2.3606506000069203,none
lstm_cnn_attention,fold_2,bull,Ratio_Close_D_to_W,0.0289050724441138,0.7603305785123967,76,76,1342424527,200,2.3606506000069203,none
lstm_cnn_attention,fold_2,bull,Ratio_Close_D_to_M,0.0169287009894748,0.8760330578512396,76,76,1342424527,200,2.3606506000069203,none
lstm_cnn_attention,fold_2,bull,Ratio_Volume_D_to_W,0.0480560334255786,0.5619834710743802,76,76,1342424527,200,2.3606506000069203,none
lstm_cnn_attention,fold_2,bull,Spread_D,0.0330914807217722,0.7024793388429752,76,76,1342424527,200,2.3606506000069203,none
lstm_cnn_attention,fold_2,bull,Body_D,0.0166272066113319,0.8842975206611571,76,76,1342424527,200,2.3606506000069203,none
lstm_cnn_attention,fold_2,bull,Body_abs_D,0.0290388807821179,0.7520661157024794,76,76,1342424527,200,2.3606506000069203,none
lstm_cnn_attention,fold_2,bull,Upper_Shadow_D,0.0163872510910861,0.9008264462809916,76,76,1342424527,200,2.3606506000069203,none
lstm_cnn_attention,fold_2,bull,Lower_Shadow_D,0.0185132896982467,0.8512396694214877,76,76,1342424527,200,2.3606506000069203,none
lstm_cnn_attention,fold_2,bull,Body_to_Range_D,0.0729816901578631,0.3884297520661157,76,76,1342424527,200,2.3606506000069203,none
lstm_cnn_attention,fold_2,bull,Close_Position_D,0.069732628691748,0.4214876033057851,76,76,1342424527,200,2.3606506000069203,none
lstm_cnn_attention,fold_2,bull,Spread_W,0.0413426635291989,0.6115702479338843,76,76,1342424527,200,2.3606506000069203,none
lstm_cnn_attention,fold_2,bull,Body_W,0.0299857975551819,0.7272727272727273,76,76,1342424527,200,2.3606506000069203,none
lstm_cnn_attention,fold_2,bull,Close_Position_W,0.1469854417198444,0.2314049586776859,76,76,1342424527,200,2.3606506000069203,none
lstm_cnn_attention,fold_2,bull,Spread_M,0.0406831764104212,0.6198347107438017,76,76,1342424527,200,2.3606506000069203,none
lstm_cnn_attention,fold_2,bull,Body_M,0.0530585938506287,0.5206611570247934,76,76,1342424527,200,2.3606506000069203,none
lstm_cnn_attention,fold_2,bull,Close_Position_M,0.0635826261166016,0.4297520661157025,76,76,1342424527,200,2.3606506000069203,none
lstm_cnn_attention,fold_2,bull,Volume_MA_5,0.0148880733716396,0.9338842975206612,76,76,1342424527,200,2.3606506000069203,none
lstm_cnn_attention,fold_2,bull,Volume_MA_20,0.0365181785504377,0.6694214876033058,76,76,1342424527,200,2.3606506000069203,none
lstm_cnn_attention,fold_2,bull,Volume_Ratio_5,0.0138399460136921,0.9421487603305784,76,76,1342424527,200,2.3606506000069203,none
lstm_cnn_attention,fold_2,bull,Volume_Ratio_20,0.042257561552344,0.5785123966942148,76,76,1342424527,200,2.3606506000069203,none
lstm_cnn_attention,fold_2,bull,Volume_Change_1D,0.0969269506994398,0.3223140495867768,76,76,1342424527,200,2.3606506000069203,none
lstm_cnn_attention,fold_2,bull,Volume_Change_5D,0.0710168118629445,0.4049586776859504,76,76,1342424527,200,2.3606506000069203,none
lstm_cnn_attention,fold_2,bull,Volume_Change_20D,0.0219750921630893,0.8181818181818182,76,76,1342424527,200,2.3606506000069203,none
lstm_cnn_attention,fold_2,bull,Direction_lag1,0.2421823110025355,0.1074380165289256,76,76,1342424527,200,2.3606506000069203,none
lstm_cnn_attention,fold_2,bull,Direction_lag2,0.2159787248230331,0.140495867768595,76,76,1342424527,200,2.3606506000069203,none
lstm_cnn_attention,fold_2,bull,Direction_lag3,0.2392458182401912,0.1157024793388429,76,76,1342424527,200,2.3606506000069203,none
lstm_cnn_attention,fold_2,bull,Direction_lag5,0.1030802169091861,0.2975206611570248,76,76,1342424527,200,2.3606506000069203,none
lstm_cnn_attention,fold_2,bull,Up_Ratio_5,0.0323841545371016,0.7107438016528925,76,76,1342424527,200,2.3606506000069203,none
lstm_cnn_attention,fold_2,bull,Up_Ratio_10,0.0711240260722266,0.396694214876033,76,76,1342424527,200,2.3606506000069203,none
lstm_cnn_attention,fold_2,bull,Up_Ratio_20,0.0612447013653204,0.4462809917355372,76,76,1342424527,200,2.3606506000069203,none
lstm_cnn_attention,fold_2,bull,Down_Ratio_5,0.1131720659212263,0.2809917355371901,76,76,1342424527,200,2.3606506000069203,none
lstm_cnn_attention,fold_2,bull,Down_Ratio_10,0.0606081917978276,0.4545454545454545,76,76,1342424527,200,2.3606506000069203,none
lstm_cnn_attention,fold_2,bull,Down_Ratio_20,0.0941055313496949,0.3305785123966942,76,76,1342424527,200,2.3606506000069203,none
lstm_cnn_attention,fold_2,bull,WMA_5,0.3342978373476255,0.0495867768595041,76,76,1342424527,200,2.3606506000069203,none
lstm_cnn_attention,fold_2,bull,WMA_10,0.082992062100292,0.3471074380165289,76,76,1342424527,200,2.3606506000069203,none
lstm_cnn_attention,fold_2,bull,WMA_20,0.355434580402461,0.0413223140495867,76,76,1342424527,200,2.3606506000069203,none
lstm_cnn_attention,fold_2,bull,WMA_60,0.3121320375991911,0.0578512396694214,76,76,1342424527,200,2.3606506000069203,none
lstm_cnn_attention,fold_2,bull,StochK_14,0.3849127168176078,0.0165289256198347,76,76,1342424527,200,2.3606506000069203,none
lstm_cnn_attention,fold_2,bull,StochD_3,0.1897073604225744,0.1652892561983471,76,76,1342424527,200,2.3606506000069203,none
lstm_cnn_attention,fold_2,bull,RSI_14,0.0735782233151715,0.3801652892561983,76,76,1342424527,200,2.3606506000069203,none
lstm_cnn_attention,fold_2,bull,MACD_12_26,0.0413615627078253,0.6033057851239669,76,76,1342424527,200,2.3606506000069203,none
lstm_cnn_attention,fold_2,bull,MACD_Signal_9,0.0396659484450962,0.6363636363636364,76,76,1342424527,200,2.3606506000069203,none
lstm_cnn_attention,fold_2,bull,MACD_Histogram,0.0218617790150825,0.8264462809917356,76,76,1342424527,200,2.3606506000069203,none
lstm_cnn_attention,fold_2,bull,WilliamsR_14,0.1750915349540312,0.1818181818181818,76,76,1342424527,200,2.3606506000069203,none
lstm_cnn_attention,fold_2,bull,CCI_20,0.0160678400583156,0.9090909090909092,76,76,1342424527,200,2.3606506000069203,none
lstm_cnn_attention,fold_2,bull,ADX_14,0.0476464869837265,0.5702479338842975,76,76,1342424527,200,2.3606506000069203,none
lstm_cnn_attention,fold_2,bull,PlusDI_14,0.0931051762526136,0.3388429752066115,76,76,1342424527,200,2.3606506000069203,none
lstm_cnn_attention,fold_2,bull,MinusDI_14,0.1366813405951904,0.2479338842975206,76,76,1342424527,200,2.3606506000069203,none
lstm_cnn_attention,fold_2,bull,VMD_IMF_1,0.1570141100009909,0.2148760330578512,76,76,1342424527,200,2.3606506000069203,none
lstm_cnn_attention,fold_2,bull,VMD_IMF_2,0.0401126673752036,0.628099173553719,76,76,1342424527,200,2.3606506000069203,none
lstm_cnn_attention,fold_2,bull,VMD_IMF_3,0.0207022825121989,0.8347107438016529,76,76,1342424527,200,2.3606506000069203,none
lstm_cnn_attention,fold_2,bull,VMD_IMF_4,0.0604772576577379,0.4628099173553719,76,76,1342424527,200,2.3606506000069203,none
lstm_cnn_attention,fold_2,bull,VMD_Denoised_Close,0.3687008301297043,0.0330578512396694,76,76,1342424527,200,2.3606506000069203,none
lstm_cnn_attention,fold_2,bull,VMD_Noise_Energy_Ratio,0.1755747936565547,0.1735537190082644,76,76,1342424527,200,2.3606506000069203,none
lstm_cnn_attention,fold_2,global,Open_D,0.0842835109064328,0.3388429752066115,243,128,1329814506,200,4.392716899994412,none
lstm_cnn_attention,fold_2,global,High_D,0.2833345435183219,0.0909090909090909,243,128,1329814506,200,4.392716899994412,none
lstm_cnn_attention,fold_2,global,Low_D,0.3241760429168607,0.0578512396694214,243,128,1329814506,200,4.392716899994412,none
lstm_cnn_attention,fold_2,global,Close_D,5.413174931290859,0.0,243,128,1329814506,200,4.392716899994412,none
lstm_cnn_attention,fold_2,global,Volume_D,0.0111599396326108,0.9586776859504132,243,128,1329814506,200,4.392716899994412,none
lstm_cnn_attention,fold_2,global,Change_pct_D,0.0602820030256108,0.4628099173553719,243,128,1329814506,200,4.392716899994412,none
lstm_cnn_attention,fold_2,global,Open_W,0.2511268586246842,0.1074380165289256,243,128,1329814506,200,4.392716899994412,none
lstm_cnn_attention,fold_2,global,High_W,0.0649122497890815,0.4380165289256198,243,128,1329814506,200,4.392716899994412,none
lstm_cnn_attention,fold_2,global,Low_W,0.1484655201536446,0.2396694214876033,243,128,1329814506,200,4.392716899994412,none
lstm_cnn_attention,fold_2,global,Close_W,0.0241923038293877,0.8016528925619835,243,128,1329814506,200,4.392716899994412,none
lstm_cnn_attention,fold_2,global,Volume_W,0.0166163760503689,0.859504132231405,243,128,1329814506,200,4.392716899994412,none
lstm_cnn_attention,fold_2,global,Change_pct_W,0.0159472014149072,0.8760330578512396,243,128,1329814506,200,4.392716899994412,none
lstm_cnn_attention,fold_2,global,Open_M,0.1756261369173216,0.1900826446280991,243,128,1329814506,200,4.392716899994412,none
lstm_cnn_attention,fold_2,global,High_M,0.1364872223524062,0.256198347107438,243,128,1329814506,200,4.392716899994412,none
lstm_cnn_attention,fold_2,global,Low_M,0.2084330316131854,0.1570247933884297,243,128,1329814506,200,4.392716899994412,none
lstm_cnn_attention,fold_2,global,Close_M,0.3202440859507078,0.0661157024793388,243,128,1329814506,200,4.392716899994412,none
lstm_cnn_attention,fold_2,global,Volume_M,0.0045118962925875,1.0,243,128,1329814506,200,4.392716899994412,none
lstm_cnn_attention,fold_2,global,Change_pct_M,0.0156043759044447,0.8925619834710744,243,128,1329814506,200,4.392716899994412,none
lstm_cnn_attention,fold_2,global,Close_D_lag1,0.2215180361726197,0.140495867768595,243,128,1329814506,200,4.392716899994412,none
lstm_cnn_attention,fold_2,global,Close_D_lag2,0.1672932454436704,0.2148760330578512,243,128,1329814506,200,4.392716899994412,none
lstm_cnn_attention,fold_2,global,Close_D_lag3,0.0345756727268598,0.6942148760330579,243,128,1329814506,200,4.392716899994412,none
lstm_cnn_attention,fold_2,global,Close_D_lag5,0.1208736643125121,0.2727272727272727,243,128,1329814506,200,4.392716899994412,none
lstm_cnn_attention,fold_2,global,Close_D_lag10,0.1075051532289762,0.2975206611570248,243,128,1329814506,200,4.392716899994412,none
lstm_cnn_attention,fold_2,global,Close_D_lag20,0.2268652840900358,0.1322314049586777,243,128,1329814506,200,4.392716899994412,none
lstm_cnn_attention,fold_2,global,Close_D_lag60,0.281827686786346,0.0991735537190082,243,128,1329814506,200,4.392716899994412,none
lstm_cnn_attention,fold_2,global,Change_pct_D_lag1,0.0395406501029359,0.6198347107438017,243,128,1329814506,200,4.392716899994412,none
lstm_cnn_attention,fold_2,global,Change_pct_D_lag2,0.0261627150144247,0.768595041322314,243,128,1329814506,200,4.392716899994412,none
lstm_cnn_attention,fold_2,global,Change_pct_D_lag3,0.0055392733024048,0.9834710743801652,243,128,1329814506,200,4.392716899994412,none
lstm_cnn_attention,fold_2,global,Change_pct_D_lag5,0.0555829033897944,0.4876033057851239,243,128,1329814506,200,4.392716899994412,none
lstm_cnn_attention,fold_2,global,Change_pct_D_lag10,0.0532784491606199,0.5206611570247934,243,128,1329814506,200,4.392716899994412,none
lstm_cnn_attention,fold_2,global,Change_pct_D_lag20,0.0074657717754924,0.975206611570248,243,128,1329814506,200,4.392716899994412,none
lstm_cnn_attention,fold_2,global,Volume_D_lag1,0.0303311902048882,0.7355371900826446,243,128,1329814506,200,4.392716899994412,none
lstm_cnn_attention,fold_2,global,Volume_D_lag2,0.0355819224550346,0.6859504132231405,243,128,1329814506,200,4.392716899994412,none
lstm_cnn_attention,fold_2,global,Volume_D_lag3,0.0154678637968169,0.9008264462809916,243,128,1329814506,200,4.392716899994412,none
lstm_cnn_attention,fold_2,global,Volume_D_lag5,0.0507277866936274,0.5454545454545454,243,128,1329814506,200,4.392716899994412,none
lstm_cnn_attention,fold_2,global,Volume_D_lag10,0.014770316904822,0.9173553719008264,243,128,1329814506,200,4.392716899994412,none
lstm_cnn_attention,fold_2,global,Volume_D_lag20,0.0090049428103142,0.9669421487603306,243,128,1329814506,200,4.392716899994412,none
lstm_cnn_attention,fold_2,global,Close_W_lag1,0.1890335606691678,0.1735537190082644,243,128,1329814506,200,4.392716899994412,none
lstm_cnn_attention,fold_2,global,Close_W_lag2,0.0683717753237147,0.4214876033057851,243,128,1329814506,200,4.392716899994412,none
lstm_cnn_attention,fold_2,global,Close_W_lag4,0.1499292085293859,0.2314049586776859,243,128,1329814506,200,4.392716899994412,none
lstm_cnn_attention,fold_2,global,Close_M_lag1,0.0723201427580079,0.3801652892561983,243,128,1329814506,200,4.392716899994412,none
lstm_cnn_attention,fold_2,global,Close_M_lag3,0.0513110729023662,0.5371900826446281,243,128,1329814506,200,4.392716899994412,none
lstm_cnn_attention,fold_2,global,Return_1D,0.0359784788105844,0.6694214876033058,243,128,1329814506,200,4.392716899994412,none
lstm_cnn_attention,fold_2,global,Return_3D,0.0181580439139541,0.8429752066115702,243,128,1329814506,200,4.392716899994412,none
lstm_cnn_attention,fold_2,global,Return_5D,0.0357977762329692,0.6776859504132231,243,128,1329814506,200,4.392716899994412,none
lstm_cnn_attention,fold_2,global,Return_10D,0.0252495193997247,0.7851239669421488,243,128,1329814506,200,4.392716899994412,none
lstm_cnn_attention,fold_2,global,Return_20D,0.0633438595544172,0.4545454545454545,243,128,1329814506,200,4.392716899994412,none
lstm_cnn_attention,fold_2,global,Return_60D,0.1083576605784028,0.2892561983471074,243,128,1329814506,200,4.392716899994412,none
lstm_cnn_attention,fold_2,global,SMA_5,0.4164716469570521,0.0165289256198347,243,128,1329814506,200,4.392716899994412,none
lstm_cnn_attention,fold_2,global,SMA_10,0.2943576116713757,0.0826446280991735,243,128,1329814506,200,4.392716899994412,none
lstm_cnn_attention,fold_2,global,SMA_20,0.0248594284502818,0.7933884297520661,243,128,1329814506,200,4.392716899994412,none
lstm_cnn_attention,fold_2,global,SMA_60,0.4561156175020187,0.0082644628099173,243,128,1329814506,200,4.392716899994412,none
lstm_cnn_attention,fold_2,global,Close_to_SMA_5,0.0550089660470352,0.512396694214876,243,128,1329814506,200,4.392716899994412,none
lstm_cnn_attention,fold_2,global,Close_to_SMA_10,0.0293164356686297,0.743801652892562,243,128,1329814506,200,4.392716899994412,none
lstm_cnn_attention,fold_2,global,Close_to_SMA_20,0.0384096653923155,0.6446280991735537,243,128,1329814506,200,4.392716899994412,none
lstm_cnn_attention,fold_2,global,Close_to_SMA_60,0.0550111592974012,0.5041322314049587,243,128,1329814506,200,4.392716899994412,none
lstm_cnn_attention,fold_2,global,Volatility_5,0.0598815966225458,0.4710743801652892,243,128,1329814506,200,4.392716899994412,none
lstm_cnn_attention,fold_2,global,Volatility_10,0.0830270384551461,0.3471074380165289,243,128,1329814506,200,4.392716899994412,none
lstm_cnn_attention,fold_2,global,Volatility_20,0.0454689383809052,0.5702479338842975,243,128,1329814506,200,4.392716899994412,none
lstm_cnn_attention,fold_2,global,Volatility_60,0.0892237490092426,0.3140495867768595,243,128,1329814506,200,4.392716899994412,none
lstm_cnn_attention,fold_2,global,Momentum_5,0.0157235718873289,0.8842975206611571,243,128,1329814506,200,4.392716899994412,none
lstm_cnn_attention,fold_2,global,Momentum_10,0.0205555950988954,0.8099173553719008,243,128,1329814506,200,4.392716899994412,none
lstm_cnn_attention,fold_2,global,Momentum_20,0.0183651822402832,0.8347107438016529,243,128,1329814506,200,4.392716899994412,none
lstm_cnn_attention,fold_2,global,Momentum_60,0.1752138043891868,0.1983471074380165,243,128,1329814506,200,4.392716899994412,none
lstm_cnn_attention,fold_2,global,ROC_5,0.0376021651746128,0.6528925619834711,243,128,1329814506,200,4.392716899994412,none
lstm_cnn_attention,fold_2,global,ROC_10,0.0052547233894338,0.9917355371900828,243,128,1329814506,200,4.392716899994412,none
lstm_cnn_attention,fold_2,global,ROC_20,0.0306202624224749,0.71900826446281,243,128,1329814506,200,4.392716899994412,none
lstm_cnn_attention,fold_2,global,ROC_60,0.0574358618098377,0.4793388429752066,243,128,1329814506,200,4.392716899994412,none
lstm_cnn_attention,fold_2,global,Ratio_Close_D_to_W,0.026194815692817,0.7603305785123967,243,128,1329814506,200,4.392716899994412,none
lstm_cnn_attention,fold_2,global,Ratio_Close_D_to_M,0.0121771325324708,0.9421487603305784,243,128,1329814506,200,4.392716899994412,none
lstm_cnn_attention,fold_2,global,Ratio_Volume_D_to_W,0.0425789922089691,0.5785123966942148,243,128,1329814506,200,4.392716899994412,none
lstm_cnn_attention,fold_2,global,Spread_D,0.0327124023360024,0.7107438016528925,243,128,1329814506,200,4.392716899994412,none
lstm_cnn_attention,fold_2,global,Body_D,0.016170265708697,0.8677685950413223,243,128,1329814506,200,4.392716899994412,none
lstm_cnn_attention,fold_2,global,Body_abs_D,0.0270104808027974,0.7520661157024794,243,128,1329814506,200,4.392716899994412,none
lstm_cnn_attention,fold_2,global,Upper_Shadow_D,0.0152832744442047,0.9090909090909092,243,128,1329814506,200,4.392716899994412,none
lstm_cnn_attention,fold_2,global,Lower_Shadow_D,0.017341928491381,0.8512396694214877,243,128,1329814506,200,4.392716899994412,none
lstm_cnn_attention,fold_2,global,Body_to_Range_D,0.0714900303175042,0.396694214876033,243,128,1329814506,200,4.392716899994412,none
lstm_cnn_attention,fold_2,global,Close_Position_D,0.0759914822641686,0.371900826446281,243,128,1329814506,200,4.392716899994412,none
lstm_cnn_attention,fold_2,global,Spread_W,0.0409878266001689,0.5950413223140496,243,128,1329814506,200,4.392716899994412,none
lstm_cnn_attention,fold_2,global,Body_W,0.0305201805060798,0.7272727272727273,243,128,1329814506,200,4.392716899994412,none
lstm_cnn_attention,fold_2,global,Close_Position_W,0.1440394609214724,0.2479338842975206,243,128,1329814506,200,4.392716899994412,none
lstm_cnn_attention,fold_2,global,Spread_M,0.0409842493116618,0.6033057851239669,243,128,1329814506,200,4.392716899994412,none
lstm_cnn_attention,fold_2,global,Body_M,0.046083316197054,0.5619834710743802,243,128,1329814506,200,4.392716899994412,none
lstm_cnn_attention,fold_2,global,Close_Position_M,0.0529020535300884,0.5289256198347108,243,128,1329814506,200,4.392716899994412,none
lstm_cnn_attention,fold_2,global,Volume_MA_5,0.0136819845584696,0.9338842975206612,243,128,1329814506,200,4.392716899994412,none
lstm_cnn_attention,fold_2,global,Volume_MA_20,0.0389807698538229,0.628099173553719,243,128,1329814506,200,4.392716899994412,none
lstm_cnn_attention,fold_2,global,Volume_Ratio_5,0.0120343957199663,0.950413223140496,243,128,1329814506,200,4.392716899994412,none
lstm_cnn_attention,fold_2,global,Volume_Ratio_20,0.0410265605930725,0.5867768595041323,243,128,1329814506,200,4.392716899994412,none
lstm_cnn_attention,fold_2,global,Volume_Change_1D,0.0850103111065507,0.3305785123966942,243,128,1329814506,200,4.392716899994412,none
lstm_cnn_attention,fold_2,global,Volume_Change_5D,0.0689346058074942,0.4132231404958678,243,128,1329814506,200,4.392716899994412,none
lstm_cnn_attention,fold_2,global,Volume_Change_20D,0.0205333963331354,0.8181818181818182,243,128,1329814506,200,4.392716899994412,none
lstm_cnn_attention,fold_2,global,Direction_lag1,0.2485547108883576,0.1157024793388429,243,128,1329814506,200,4.392716899994412,none
lstm_cnn_attention,fold_2,global,Direction_lag2,0.2138901819240345,0.1487603305785124,243,128,1329814506,200,4.392716899994412,none
lstm_cnn_attention,fold_2,global,Direction_lag3,0.2311039422463636,0.1239669421487603,243,128,1329814506,200,4.392716899994412,none
lstm_cnn_attention,fold_2,global,Direction_lag5,0.1052741205259828,0.3057851239669421,243,128,1329814506,200,4.392716899994412,none
lstm_cnn_attention,fold_2,global,Up_Ratio_5,0.0333533419999284,0.7024793388429752,243,128,1329814506,200,4.392716899994412,none
lstm_cnn_attention,fold_2,global,Up_Ratio_10,0.0718757763742663,0.3884297520661157,243,128,1329814506,200,4.392716899994412,none
lstm_cnn_attention,fold_2,global,Up_Ratio_20,0.0555130199713977,0.4958677685950413,243,128,1329814506,200,4.392716899994412,none
lstm_cnn_attention,fold_2,global,Down_Ratio_5,0.1140576784527901,0.2809917355371901,243,128,1329814506,200,4.392716899994412,none
lstm_cnn_attention,fold_2,global,Down_Ratio_10,0.0660980243298851,0.4297520661157025,243,128,1329814506,200,4.392716899994412,none
lstm_cnn_attention,fold_2,global,Down_Ratio_20,0.0857203514540495,0.3223140495867768,243,128,1329814506,200,4.392716899994412,none
lstm_cnn_attention,fold_2,global,WMA_5,0.3672094887977437,0.0495867768595041,243,128,1329814506,200,4.392716899994412,none
lstm_cnn_attention,fold_2,global,WMA_10,0.0817347136766734,0.3553719008264462,243,128,1329814506,200,4.392716899994412,none
lstm_cnn_attention,fold_2,global,WMA_20,0.3841063821006173,0.0413223140495867,243,128,1329814506,200,4.392716899994412,none
lstm_cnn_attention,fold_2,global,WMA_60,0.3125944740963859,0.0743801652892562,243,128,1329814506,200,4.392716899994412,none
lstm_cnn_attention,fold_2,global,StochK_14,0.3971618270398693,0.024793388429752,243,128,1329814506,200,4.392716899994412,none
lstm_cnn_attention,fold_2,global,StochD_3,0.1900751852830442,0.1652892561983471,243,128,1329814506,200,4.392716899994412,none
lstm_cnn_attention,fold_2,global,RSI_14,0.0703468160171855,0.4049586776859504,243,128,1329814506,200,4.392716899994412,none
lstm_cnn_attention,fold_2,global,MACD_12_26,0.0363902488544367,0.6611570247933884,243,128,1329814506,200,4.392716899994412,none
lstm_cnn_attention,fold_2,global,MACD_Signal_9,0.0396428942393492,0.6115702479338843,243,128,1329814506,200,4.392716899994412,none
lstm_cnn_attention,fold_2,global,MACD_Histogram,0.0199311865292077,0.8264462809917356,243,128,1329814506,200,4.392716899994412,none
lstm_cnn_attention,fold_2,global,WilliamsR_14,0.1873051193316754,0.1818181818181818,243,128,1329814506,200,4.392716899994412,none
lstm_cnn_attention,fold_2,global,CCI_20,0.0140850124697644,0.9256198347107438,243,128,1329814506,200,4.392716899994412,none
lstm_cnn_attention,fold_2,global,ADX_14,0.0491270984037299,0.5537190082644629,243,128,1329814506,200,4.392716899994412,none
lstm_cnn_attention,fold_2,global,PlusDI_14,0.0797489237465325,0.3636363636363636,243,128,1329814506,200,4.392716899994412,none
lstm_cnn_attention,fold_2,global,MinusDI_14,0.1322024209762986,0.2644628099173554,243,128,1329814506,200,4.392716899994412,none
lstm_cnn_attention,fold_2,global,VMD_IMF_1,0.1689815545903002,0.2066115702479339,243,128,1329814506,200,4.392716899994412,none
lstm_cnn_attention,fold_2,global,VMD_IMF_2,0.0385891774351996,0.6363636363636364,243,128,1329814506,200,4.392716899994412,none
lstm_cnn_attention,fold_2,global,VMD_IMF_3,0.0255039005629275,0.7768595041322314,243,128,1329814506,200,4.392716899994412,none
lstm_cnn_attention,fold_2,global,VMD_IMF_4,0.0646076013111297,0.4462809917355372,243,128,1329814506,200,4.392716899994412,none
lstm_cnn_attention,fold_2,global,VMD_Denoised_Close,0.3879533027833531,0.0330578512396694,243,128,1329814506,200,4.392716899994412,none
lstm_cnn_attention,fold_2,global,VMD_Noise_Energy_Ratio,0.1530125906541002,0.2231404958677686,243,128,1329814506,200,4.392716899994412,none
lstm_cnn_attention,fold_2,sideway,Open_D,0.0851336670875707,0.3223140495867768,92,92,1502621405,200,2.7240319999982603,none
lstm_cnn_attention,fold_2,sideway,High_D,0.2736261837405871,0.0991735537190082,92,92,1502621405,200,2.7240319999982603,none
lstm_cnn_attention,fold_2,sideway,Low_D,0.3135202670772939,0.0661157024793388,92,92,1502621405,200,2.7240319999982603,none
lstm_cnn_attention,fold_2,sideway,Close_D,5.127186177753332,0.0,92,92,1502621405,200,2.7240319999982603,none
lstm_cnn_attention,fold_2,sideway,Volume_D,0.0116807893065796,0.950413223140496,92,92,1502621405,200,2.7240319999982603,none
lstm_cnn_attention,fold_2,sideway,Change_pct_D,0.0639867089262736,0.4628099173553719,92,92,1502621405,200,2.7240319999982603,none
lstm_cnn_attention,fold_2,sideway,Open_W,0.2426463379139971,0.1157024793388429,92,92,1502621405,200,2.7240319999982603,none
lstm_cnn_attention,fold_2,sideway,High_W,0.0651991526658172,0.4380165289256198,92,92,1502621405,200,2.7240319999982603,none
lstm_cnn_attention,fold_2,sideway,Low_W,0.1452950581651682,0.2396694214876033,92,92,1502621405,200,2.7240319999982603,none
lstm_cnn_attention,fold_2,sideway,Close_W,0.0246755287437681,0.8016528925619835,92,92,1502621405,200,2.7240319999982603,none
lstm_cnn_attention,fold_2,sideway,Volume_W,0.0166729181170643,0.8842975206611571,92,92,1502621405,200,2.7240319999982603,none
lstm_cnn_attention,fold_2,sideway,Change_pct_W,0.0166161594542341,0.8925619834710744,92,92,1502621405,200,2.7240319999982603,none
lstm_cnn_attention,fold_2,sideway,Open_M,0.1753101391994277,0.1983471074380165,92,92,1502621405,200,2.7240319999982603,none
lstm_cnn_attention,fold_2,sideway,High_M,0.1350873581276511,0.256198347107438,92,92,1502621405,200,2.7240319999982603,none
lstm_cnn_attention,fold_2,sideway,Low_M,0.2017420464790041,0.1818181818181818,92,92,1502621405,200,2.7240319999982603,none
lstm_cnn_attention,fold_2,sideway,Close_M,0.3142744510933129,0.0578512396694214,92,92,1502621405,200,2.7240319999982603,none
lstm_cnn_attention,fold_2,sideway,Volume_M,0.0044537148157604,1.0,92,92,1502621405,200,2.7240319999982603,none
lstm_cnn_attention,fold_2,sideway,Change_pct_M,0.013818117631704,0.9338842975206612,92,92,1502621405,200,2.7240319999982603,none
lstm_cnn_attention,fold_2,sideway,Close_D_lag1,0.2066838749096622,0.1570247933884297,92,92,1502621405,200,2.7240319999982603,none
lstm_cnn_attention,fold_2,sideway,Close_D_lag2,0.1619400124257916,0.2148760330578512,92,92,1502621405,200,2.7240319999982603,none
lstm_cnn_attention,fold_2,sideway,Close_D_lag3,0.0344627553592908,0.7024793388429752,92,92,1502621405,200,2.7240319999982603,none
lstm_cnn_attention,fold_2,sideway,Close_D_lag5,0.1162540463125206,0.2809917355371901,92,92,1502621405,200,2.7240319999982603,none
lstm_cnn_attention,fold_2,sideway,Close_D_lag10,0.1088859670772723,0.3057851239669421,92,92,1502621405,200,2.7240319999982603,none
lstm_cnn_attention,fold_2,sideway,Close_D_lag20,0.219416513378003,0.140495867768595,92,92,1502621405,200,2.7240319999982603,none
lstm_cnn_attention,fold_2,sideway,Close_D_lag60,0.2986316459854488,0.0826446280991735,92,92,1502621405,200,2.7240319999982603,none
lstm_cnn_attention,fold_2,sideway,Change_pct_D_lag1,0.0436440854426971,0.5619834710743802,92,92,1502621405,200,2.7240319999982603,none
lstm_cnn_attention,fold_2,sideway,Change_pct_D_lag2,0.0281338700671794,0.7603305785123967,92,92,1502621405,200,2.7240319999982603,none
lstm_cnn_attention,fold_2,sideway,Change_pct_D_lag3,0.006065577002247,0.9834710743801652,92,92,1502621405,200,2.7240319999982603,none
lstm_cnn_attention,fold_2,sideway,Change_pct_D_lag5,0.0602269090432178,0.4876033057851239,92,92,1502621405,200,2.7240319999982603,none
lstm_cnn_attention,fold_2,sideway,Change_pct_D_lag10,0.0551929682306634,0.512396694214876,92,92,1502621405,200,2.7240319999982603,none
lstm_cnn_attention,fold_2,sideway,Change_pct_D_lag20,0.0084632599468768,0.975206611570248,92,92,1502621405,200,2.7240319999982603,none
lstm_cnn_attention,fold_2,sideway,Volume_D_lag1,0.0326453323905609,0.71900826446281,92,92,1502621405,200,2.7240319999982603,none
lstm_cnn_attention,fold_2,sideway,Volume_D_lag2,0.0378830354128665,0.6776859504132231,92,92,1502621405,200,2.7240319999982603,none
lstm_cnn_attention,fold_2,sideway,Volume_D_lag3,0.0182430211689382,0.8429752066115702,92,92,1502621405,200,2.7240319999982603,none
lstm_cnn_attention,fold_2,sideway,Volume_D_lag5,0.053917488495913,0.5206611570247934,92,92,1502621405,200,2.7240319999982603,none
lstm_cnn_attention,fold_2,sideway,Volume_D_lag10,0.0147950771964119,0.9173553719008264,92,92,1502621405,200,2.7240319999982603,none
lstm_cnn_attention,fold_2,sideway,Volume_D_lag20,0.0092739485924303,0.9669421487603306,92,92,1502621405,200,2.7240319999982603,none
lstm_cnn_attention,fold_2,sideway,Close_W_lag1,0.1805152334119117,0.1900826446280991,92,92,1502621405,200,2.7240319999982603,none
lstm_cnn_attention,fold_2,sideway,Close_W_lag2,0.0628707950296697,0.4793388429752066,92,92,1502621405,200,2.7240319999982603,none
lstm_cnn_attention,fold_2,sideway,Close_W_lag4,0.1434804422341625,0.2479338842975206,92,92,1502621405,200,2.7240319999982603,none
lstm_cnn_attention,fold_2,sideway,Close_M_lag1,0.0728692963930054,0.3884297520661157,92,92,1502621405,200,2.7240319999982603,none
lstm_cnn_attention,fold_2,sideway,Close_M_lag3,0.0492379299628648,0.5537190082644629,92,92,1502621405,200,2.7240319999982603,none
lstm_cnn_attention,fold_2,sideway,Return_1D,0.0384619037132236,0.6611570247933884,92,92,1502621405,200,2.7240319999982603,none
lstm_cnn_attention,fold_2,sideway,Return_3D,0.0203256778778573,0.8181818181818182,92,92,1502621405,200,2.7240319999982603,none
lstm_cnn_attention,fold_2,sideway,Return_5D,0.0414367633505214,0.6033057851239669,92,92,1502621405,200,2.7240319999982603,none
lstm_cnn_attention,fold_2,sideway,Return_10D,0.0274082724165111,0.768595041322314,92,92,1502621405,200,2.7240319999982603,none
lstm_cnn_attention,fold_2,sideway,Return_20D,0.0651593577222896,0.4462809917355372,92,92,1502621405,200,2.7240319999982603,none
lstm_cnn_attention,fold_2,sideway,Return_60D,0.1460310266895584,0.2314049586776859,92,92,1502621405,200,2.7240319999982603,none
lstm_cnn_attention,fold_2,sideway,SMA_5,0.4009099455061874,0.024793388429752,92,92,1502621405,200,2.7240319999982603,none
lstm_cnn_attention,fold_2,sideway,SMA_10,0.2873299485404657,0.0909090909090909,92,92,1502621405,200,2.7240319999982603,none
lstm_cnn_attention,fold_2,sideway,SMA_20,0.024926230623402,0.7933884297520661,92,92,1502621405,200,2.7240319999982603,none
lstm_cnn_attention,fold_2,sideway,SMA_60,0.4539550340929291,0.0082644628099173,92,92,1502621405,200,2.7240319999982603,none
lstm_cnn_attention,fold_2,sideway,Close_to_SMA_5,0.0597218403020781,0.4958677685950413,92,92,1502621405,200,2.7240319999982603,none
lstm_cnn_attention,fold_2,sideway,Close_to_SMA_10,0.0327179751855402,0.7107438016528925,92,92,1502621405,200,2.7240319999982603,none
lstm_cnn_attention,fold_2,sideway,Close_to_SMA_20,0.0421740078798043,0.5867768595041323,92,92,1502621405,200,2.7240319999982603,none
lstm_cnn_attention,fold_2,sideway,Close_to_SMA_60,0.0646371694967001,0.4545454545454545,92,92,1502621405,200,2.7240319999982603,none
lstm_cnn_attention,fold_2,sideway,Volatility_5,0.0528255481781426,0.5371900826446281,92,92,1502621405,200,2.7240319999982603,none
lstm_cnn_attention,fold_2,sideway,Volatility_10,0.0716184311840409,0.4132231404958678,92,92,1502621405,200,2.7240319999982603,none
lstm_cnn_attention,fold_2,sideway,Volatility_20,0.0407061533175593,0.6115702479338843,92,92,1502621405,200,2.7240319999982603,none
lstm_cnn_attention,fold_2,sideway,Volatility_60,0.0658625534782103,0.4297520661157025,92,92,1502621405,200,2.7240319999982603,none
lstm_cnn_attention,fold_2,sideway,Momentum_5,0.0167823139904053,0.8760330578512396,92,92,1502621405,200,2.7240319999982603,none
lstm_cnn_attention,fold_2,sideway,Momentum_10,0.0222914270779547,0.8099173553719008,92,92,1502621405,200,2.7240319999982603,none
lstm_cnn_attention,fold_2,sideway,Momentum_20,0.0176344470823397,0.8677685950413223,92,92,1502621405,200,2.7240319999982603,none
lstm_cnn_attention,fold_2,sideway,Momentum_60,0.2341886318143481,0.1239669421487603,92,92,1502621405,200,2.7240319999982603,none
lstm_cnn_attention,fold_2,sideway,ROC_5,0.0425104722764348,0.5785123966942148,92,92,1502621405,200,2.7240319999982603,none
lstm_cnn_attention,fold_2,sideway,ROC_10,0.0050929034546228,0.9917355371900828,92,92,1502621405,200,2.7240319999982603,none
lstm_cnn_attention,fold_2,sideway,ROC_20,0.0321585446751737,0.743801652892562,92,92,1502621405,200,2.7240319999982603,none
lstm_cnn_attention,fold_2,sideway,ROC_60,0.0764023189653314,0.3553719008264462,92,92,1502621405,200,2.7240319999982603,none
lstm_cnn_attention,fold_2,sideway,Ratio_Close_D_to_W,0.0268965096796797,0.7768595041322314,92,92,1502621405,200,2.7240319999982603,none
lstm_cnn_attention,fold_2,sideway,Ratio_Close_D_to_M,0.0126343497265892,0.9421487603305784,92,92,1502621405,200,2.7240319999982603,none
lstm_cnn_attention,fold_2,sideway,Ratio_Volume_D_to_W,0.0427194378823579,0.5702479338842975,92,92,1502621405,200,2.7240319999982603,none
lstm_cnn_attention,fold_2,sideway,Spread_D,0.0321790353226406,0.7355371900826446,92,92,1502621405,200,2.7240319999982603,none
lstm_cnn_attention,fold_2,sideway,Body_D,0.0181839215099965,0.8512396694214877,92,92,1502621405,200,2.7240319999982603,none
lstm_cnn_attention,fold_2,sideway,Body_abs_D,0.0266806950646375,0.7851239669421488,92,92,1502621405,200,2.7240319999982603,none
lstm_cnn_attention,fold_2,sideway,Upper_Shadow_D,0.0152886858031617,0.9008264462809916,92,92,1502621405,200,2.7240319999982603,none
lstm_cnn_attention,fold_2,sideway,Lower_Shadow_D,0.0179067064811146,0.859504132231405,92,92,1502621405,200,2.7240319999982603,none
lstm_cnn_attention,fold_2,sideway,Body_to_Range_D,0.0723397676626758,0.396694214876033,92,92,1502621405,200,2.7240319999982603,none
lstm_cnn_attention,fold_2,sideway,Close_Position_D,0.0837784764934062,0.3388429752066115,92,92,1502621405,200,2.7240319999982603,none
lstm_cnn_attention,fold_2,sideway,Spread_W,0.0377416373552217,0.6859504132231405,92,92,1502621405,200,2.7240319999982603,none
lstm_cnn_attention,fold_2,sideway,Body_W,0.0365035625610534,0.6942148760330579,92,92,1502621405,200,2.7240319999982603,none
lstm_cnn_attention,fold_2,sideway,Close_Position_W,0.1578152228109719,0.2231404958677686,92,92,1502621405,200,2.7240319999982603,none
lstm_cnn_attention,fold_2,sideway,Spread_M,0.0380158735545102,0.6694214876033058,92,92,1502621405,200,2.7240319999982603,none
lstm_cnn_attention,fold_2,sideway,Body_M,0.0393518479621765,0.6446280991735537,92,92,1502621405,200,2.7240319999982603,none
lstm_cnn_attention,fold_2,sideway,Close_Position_M,0.0519328212786347,0.5454545454545454,92,92,1502621405,200,2.7240319999982603,none
lstm_cnn_attention,fold_2,sideway,Volume_MA_5,0.0147264402309584,0.9256198347107438,92,92,1502621405,200,2.7240319999982603,none
lstm_cnn_attention,fold_2,sideway,Volume_MA_20,0.0400625177433392,0.6198347107438017,92,92,1502621405,200,2.7240319999982603,none
lstm_cnn_attention,fold_2,sideway,Volume_Ratio_5,0.0116484071155261,0.9586776859504132,92,92,1502621405,200,2.7240319999982603,none
lstm_cnn_attention,fold_2,sideway,Volume_Ratio_20,0.0415064754904802,0.5950413223140496,92,92,1502621405,200,2.7240319999982603,none
lstm_cnn_attention,fold_2,sideway,Volume_Change_1D,0.0808171443355197,0.3471074380165289,92,92,1502621405,200,2.7240319999982603,none
lstm_cnn_attention,fold_2,sideway,Volume_Change_5D,0.0719550370362874,0.4049586776859504,92,92,1502621405,200,2.7240319999982603,none
lstm_cnn_attention,fold_2,sideway,Volume_Change_20D,0.0199530459705928,0.8264462809917356,92,92,1502621405,200,2.7240319999982603,none
lstm_cnn_attention,fold_2,sideway,Direction_lag1,0.2610341573378901,0.1074380165289256,92,92,1502621405,200,2.7240319999982603,none
lstm_cnn_attention,fold_2,sideway,Direction_lag2,0.2129397479259711,0.1487603305785124,92,92,1502621405,200,2.7240319999982603,none
lstm_cnn_attention,fold_2,sideway,Direction_lag3,0.2325564585448971,0.1322314049586777,92,92,1502621405,200,2.7240319999982603,none
lstm_cnn_attention,fold_2,sideway,Direction_lag5,0.1104774055685294,0.2975206611570248,92,92,1502621405,200,2.7240319999982603,none
lstm_cnn_attention,fold_2,sideway,Up_Ratio_5,0.032223378197945,0.7272727272727273,92,92,1502621405,200,2.7240319999982603,none
lstm_cnn_attention,fold_2,sideway,Up_Ratio_10,0.0739006508270869,0.371900826446281,92,92,1502621405,200,2.7240319999982603,none
lstm_cnn_attention,fold_2,sideway,Up_Ratio_20,0.0559047761373328,0.5041322314049587,92,92,1502621405,200,2.7240319999982603,none
lstm_cnn_attention,fold_2,sideway,Down_Ratio_5,0.1175465125009722,0.2727272727272727,92,92,1502621405,200,2.7240319999982603,none
lstm_cnn_attention,fold_2,sideway,Down_Ratio_10,0.0633491008118149,0.4710743801652892,92,92,1502621405,200,2.7240319999982603,none
lstm_cnn_attention,fold_2,sideway,Down_Ratio_20,0.0858716725908355,0.3140495867768595,92,92,1502621405,200,2.7240319999982603,none
lstm_cnn_attention,fold_2,sideway,WMA_5,0.3519836993143975,0.0495867768595041,92,92,1502621405,200,2.7240319999982603,none
lstm_cnn_attention,fold_2,sideway,WMA_10,0.0730392509970591,0.3801652892561983,92,92,1502621405,200,2.7240319999982603,none
lstm_cnn_attention,fold_2,sideway,WMA_20,0.3732064546474367,0.0330578512396694,92,92,1502621405,200,2.7240319999982603,none
lstm_cnn_attention,fold_2,sideway,WMA_60,0.3026411364691423,0.0743801652892562,92,92,1502621405,200,2.7240319999982603,none
lstm_cnn_attention,fold_2,sideway,StochK_14,0.4367285662696685,0.0165289256198347,92,92,1502621405,200,2.7240319999982603,none
lstm_cnn_attention,fold_2,sideway,StochD_3,0.2054096756651905,0.1652892561983471,92,92,1502621405,200,2.7240319999982603,none
lstm_cnn_attention,fold_2,sideway,RSI_14,0.0752034246200745,0.3636363636363636,92,92,1502621405,200,2.7240319999982603,none
lstm_cnn_attention,fold_2,sideway,MACD_12_26,0.0395486356809521,0.628099173553719,92,92,1502621405,200,2.7240319999982603,none
lstm_cnn_attention,fold_2,sideway,MACD_Signal_9,0.0391187242620778,0.6528925619834711,92,92,1502621405,200,2.7240319999982603,none
lstm_cnn_attention,fold_2,sideway,MACD_Histogram,0.0185720974911987,0.8347107438016529,92,92,1502621405,200,2.7240319999982603,none
lstm_cnn_attention,fold_2,sideway,WilliamsR_14,0.2053447596673851,0.1735537190082644,92,92,1502621405,200,2.7240319999982603,none
lstm_cnn_attention,fold_2,sideway,CCI_20,0.01481090843826,0.9090909090909092,92,92,1502621405,200,2.7240319999982603,none
lstm_cnn_attention,fold_2,sideway,ADX_14,0.0529063260217027,0.5289256198347108,92,92,1502621405,200,2.7240319999982603,none
lstm_cnn_attention,fold_2,sideway,PlusDI_14,0.0846662826098172,0.3305785123966942,92,92,1502621405,200,2.7240319999982603,none
lstm_cnn_attention,fold_2,sideway,MinusDI_14,0.1269558328865634,0.2644628099173554,92,92,1502621405,200,2.7240319999982603,none
lstm_cnn_attention,fold_2,sideway,VMD_IMF_1,0.1634680226029519,0.2066115702479339,92,92,1502621405,200,2.7240319999982603,none
lstm_cnn_attention,fold_2,sideway,VMD_IMF_2,0.0394205017313473,0.6363636363636364,92,92,1502621405,200,2.7240319999982603,none
lstm_cnn_attention,fold_2,sideway,VMD_IMF_3,0.0298099824376527,0.7520661157024794,92,92,1502621405,200,2.7240319999982603,none
lstm_cnn_attention,fold_2,sideway,VMD_IMF_4,0.0708992848190404,0.4214876033057851,92,92,1502621405,200,2.7240319999982603,none
lstm_cnn_attention,fold_2,sideway,VMD_Denoised_Close,0.3698575388876792,0.0413223140495867,92,92,1502621405,200,2.7240319999982603,none
lstm_cnn_attention,fold_2,sideway,VMD_Noise_Energy_Ratio,0.1151397573930402,0.2892561983471074,92,92,1502621405,200,2.7240319999982603,none
lstm_cnn_attention,fold_3,bear,Open_D,0.2154941458454476,0.1157024793388429,104,104,591038817,200,3.191575400007423,none
lstm_cnn_attention,fold_3,bear,High_D,0.3243255268298246,0.0578512396694214,104,104,591038817,200,3.191575400007423,none
lstm_cnn_attention,fold_3,bear,Low_D,0.3505287304515631,0.0165289256198347,104,104,591038817,200,3.191575400007423,none
lstm_cnn_attention,fold_3,bear,Close_D,8.072488147089372,0.0,104,104,591038817,200,3.191575400007423,none
lstm_cnn_attention,fold_3,bear,Volume_D,0.021061921414584,0.9669421487603306,104,104,591038817,200,3.191575400007423,none
lstm_cnn_attention,fold_3,bear,Change_pct_D,0.1211448371701363,0.2975206611570248,104,104,591038817,200,3.191575400007423,none
lstm_cnn_attention,fold_3,bear,Open_W,0.0992583958422931,0.3388429752066115,104,104,591038817,200,3.191575400007423,none
lstm_cnn_attention,fold_3,bear,High_W,0.1654226769438638,0.2066115702479339,104,104,591038817,200,3.191575400007423,none
lstm_cnn_attention,fold_3,bear,Low_W,0.2327402436196772,0.1074380165289256,104,104,591038817,200,3.191575400007423,none
lstm_cnn_attention,fold_3,bear,Close_W,0.0370573833654611,0.7603305785123967,104,104,591038817,200,3.191575400007423,none
lstm_cnn_attention,fold_3,bear,Volume_W,0.0508580909624953,0.628099173553719,104,104,591038817,200,3.191575400007423,none
lstm_cnn_attention,fold_3,bear,Change_pct_W,0.0237203451774261,0.9338842975206612,104,104,591038817,200,3.191575400007423,none
lstm_cnn_attention,fold_3,bear,Open_M,0.1429093379181075,0.2727272727272727,104,104,591038817,200,3.191575400007423,none
lstm_cnn_attention,fold_3,bear,High_M,0.1517352761129167,0.2314049586776859,104,104,591038817,200,3.191575400007423,none
lstm_cnn_attention,fold_3,bear,Low_M,0.0960226069905895,0.3471074380165289,104,104,591038817,200,3.191575400007423,none
lstm_cnn_attention,fold_3,bear,Close_M,0.2646845501650555,0.0743801652892562,104,104,591038817,200,3.191575400007423,none
lstm_cnn_attention,fold_3,bear,Volume_M,0.051219977193287,0.6198347107438017,104,104,591038817,200,3.191575400007423,none
lstm_cnn_attention,fold_3,bear,Change_pct_M,0.0631721513975894,0.5454545454545454,104,104,591038817,200,3.191575400007423,none
lstm_cnn_attention,fold_3,bear,Close_D_lag1,0.132152358683617,0.2809917355371901,104,104,591038817,200,3.191575400007423,none
lstm_cnn_attention,fold_3,bear,Close_D_lag2,0.1527770235744845,0.2231404958677686,104,104,591038817,200,3.191575400007423,none
lstm_cnn_attention,fold_3,bear,Close_D_lag3,0.0852605544849954,0.371900826446281,104,104,591038817,200,3.191575400007423,none
lstm_cnn_attention,fold_3,bear,Close_D_lag5,0.1014154244808183,0.3223140495867768,104,104,591038817,200,3.191575400007423,none
lstm_cnn_attention,fold_3,bear,Close_D_lag10,0.0639306568405411,0.5289256198347108,104,104,591038817,200,3.191575400007423,none
lstm_cnn_attention,fold_3,bear,Close_D_lag20,0.1472236532025144,0.256198347107438,104,104,591038817,200,3.191575400007423,none
lstm_cnn_attention,fold_3,bear,Close_D_lag60,0.2349029934131452,0.0991735537190082,104,104,591038817,200,3.191575400007423,none
lstm_cnn_attention,fold_3,bear,Change_pct_D_lag1,0.0735158607203791,0.4710743801652892,104,104,591038817,200,3.191575400007423,none
lstm_cnn_attention,fold_3,bear,Change_pct_D_lag2,0.0459562487929844,0.6694214876033058,104,104,591038817,200,3.191575400007423,none
lstm_cnn_attention,fold_3,bear,Change_pct_D_lag3,0.0357980036761327,0.7933884297520661,104,104,591038817,200,3.191575400007423,none
lstm_cnn_attention,fold_3,bear,Change_pct_D_lag5,0.0797675760449908,0.4049586776859504,104,104,591038817,200,3.191575400007423,none
lstm_cnn_attention,fold_3,bear,Change_pct_D_lag10,0.0766599350179437,0.4462809917355372,104,104,591038817,200,3.191575400007423,none
lstm_cnn_attention,fold_3,bear,Change_pct_D_lag20,0.0303827975377907,0.8429752066115702,104,104,591038817,200,3.191575400007423,none
lstm_cnn_attention,fold_3,bear,Volume_D_lag1,0.0307686627399037,0.8347107438016529,104,104,591038817,200,3.191575400007423,none
lstm_cnn_attention,fold_3,bear,Volume_D_lag2,0.0359543406483116,0.7851239669421488,104,104,591038817,200,3.191575400007423,none
lstm_cnn_attention,fold_3,bear,Volume_D_lag3,0.0103141051783322,1.0,104,104,591038817,200,3.191575400007423,none
lstm_cnn_attention,fold_3,bear,Volume_D_lag5,0.0566489362681707,0.5785123966942148,104,104,591038817,200,3.191575400007423,none
lstm_cnn_attention,fold_3,bear,Volume_D_lag10,0.0116030900192912,0.9834710743801652,104,104,591038817,200,3.191575400007423,none
lstm_cnn_attention,fold_3,bear,Volume_D_lag20,0.0158344440129366,0.975206611570248,104,104,591038817,200,3.191575400007423,none
lstm_cnn_attention,fold_3,bear,Close_W_lag1,0.184573807068661,0.1735537190082644,104,104,591038817,200,3.191575400007423,none
lstm_cnn_attention,fold_3,bear,Close_W_lag2,0.0359740247873083,0.7768595041322314,104,104,591038817,200,3.191575400007423,none
lstm_cnn_attention,fold_3,bear,Close_W_lag4,0.147840554222155,0.2479338842975206,104,104,591038817,200,3.191575400007423,none
lstm_cnn_attention,fold_3,bear,Close_M_lag1,0.1200511398807206,0.3057851239669421,104,104,591038817,200,3.191575400007423,none
lstm_cnn_attention,fold_3,bear,Close_M_lag3,0.0856872627468572,0.3636363636363636,104,104,591038817,200,3.191575400007423,none
lstm_cnn_attention,fold_3,bear,Return_1D,0.0441038454548001,0.6859504132231405,104,104,591038817,200,3.191575400007423,none
lstm_cnn_attention,fold_3,bear,Return_3D,0.0528266863410276,0.6115702479338843,104,104,591038817,200,3.191575400007423,none
lstm_cnn_attention,fold_3,bear,Return_5D,0.0759441198305865,0.4545454545454545,104,104,591038817,200,3.191575400007423,none
lstm_cnn_attention,fold_3,bear,Return_10D,0.0260469119327469,0.9090909090909092,104,104,591038817,200,3.191575400007423,none
lstm_cnn_attention,fold_3,bear,Return_20D,0.0371463979932035,0.7520661157024794,104,104,591038817,200,3.191575400007423,none
lstm_cnn_attention,fold_3,bear,Return_60D,0.2048811068658451,0.1322314049586777,104,104,591038817,200,3.191575400007423,none
lstm_cnn_attention,fold_3,bear,SMA_5,0.3677352394389415,0.0082644628099173,104,104,591038817,200,3.191575400007423,none
lstm_cnn_attention,fold_3,bear,SMA_10,0.2580686764863038,0.0826446280991735,104,104,591038817,200,3.191575400007423,none
lstm_cnn_attention,fold_3,bear,SMA_20,0.0460262161291362,0.6611570247933884,104,104,591038817,200,3.191575400007423,none
lstm_cnn_attention,fold_3,bear,SMA_60,0.3347814946574824,0.0413223140495867,104,104,591038817,200,3.191575400007423,none
lstm_cnn_attention,fold_3,bear,Close_to_SMA_5,0.0719237674459424,0.4793388429752066,104,104,591038817,200,3.191575400007423,none
lstm_cnn_attention,fold_3,bear,Close_to_SMA_10,0.0616240194093192,0.5537190082644629,104,104,591038817,200,3.191575400007423,none
lstm_cnn_attention,fold_3,bear,Close_to_SMA_20,0.0387533915988346,0.7355371900826446,104,104,591038817,200,3.191575400007423,none
lstm_cnn_attention,fold_3,bear,Close_to_SMA_60,0.0283917724474419,0.859504132231405,104,104,591038817,200,3.191575400007423,none
lstm_cnn_attention,fold_3,bear,Volatility_5,0.0318188701351583,0.8181818181818182,104,104,591038817,200,3.191575400007423,none
lstm_cnn_attention,fold_3,bear,Volatility_10,0.0276772169794673,0.8677685950413223,104,104,591038817,200,3.191575400007423,none
lstm_cnn_attention,fold_3,bear,Volatility_20,0.0408708964064375,0.7107438016528925,104,104,591038817,200,3.191575400007423,none
lstm_cnn_attention,fold_3,bear,Volatility_60,0.0455855257759336,0.6776859504132231,104,104,591038817,200,3.191575400007423,none
lstm_cnn_attention,fold_3,bear,Momentum_5,0.0284329327384335,0.8512396694214877,104,104,591038817,200,3.191575400007423,none
lstm_cnn_attention,fold_3,bear,Momentum_10,0.039037382864146,0.7272727272727273,104,104,591038817,200,3.191575400007423,none
lstm_cnn_attention,fold_3,bear,Momentum_20,0.0276172079348734,0.8760330578512396,104,104,591038817,200,3.191575400007423,none
lstm_cnn_attention,fold_3,bear,Momentum_60,0.1832905686435555,0.1818181818181818,104,104,591038817,200,3.191575400007423,none
lstm_cnn_attention,fold_3,bear,ROC_5,0.0713061740136899,0.4958677685950413,104,104,591038817,200,3.191575400007423,none
lstm_cnn_attention,fold_3,bear,ROC_10,0.0253367221858992,0.9256198347107438,104,104,591038817,200,3.191575400007423,none
lstm_cnn_attention,fold_3,bear,ROC_20,0.0324873005647164,0.8099173553719008,104,104,591038817,200,3.191575400007423,none
lstm_cnn_attention,fold_3,bear,ROC_60,0.202936821647495,0.140495867768595,104,104,591038817,200,3.191575400007423,none
lstm_cnn_attention,fold_3,bear,Ratio_Close_D_to_W,0.0846831082101164,0.3801652892561983,104,104,591038817,200,3.191575400007423,none
lstm_cnn_attention,fold_3,bear,Ratio_Close_D_to_M,0.0219814479897034,0.9586776859504132,104,104,591038817,200,3.191575400007423,none
lstm_cnn_attention,fold_3,bear,Ratio_Volume_D_to_W,0.0253671588139248,0.9173553719008264,104,104,591038817,200,3.191575400007423,none
lstm_cnn_attention,fold_3,bear,Spread_D,0.0426868163831733,0.6942148760330579,104,104,591038817,200,3.191575400007423,none
lstm_cnn_attention,fold_3,bear,Body_D,0.0771949688633902,0.4297520661157025,104,104,591038817,200,3.191575400007423,none
lstm_cnn_attention,fold_3,bear,Body_abs_D,0.0110775487592917,0.9917355371900828,104,104,591038817,200,3.191575400007423,none
lstm_cnn_attention,fold_3,bear,Upper_Shadow_D,0.0355468092129192,0.8016528925619835,104,104,591038817,200,3.191575400007423,none
lstm_cnn_attention,fold_3,bear,Lower_Shadow_D,0.0227953563058889,0.950413223140496,104,104,591038817,200,3.191575400007423,none
lstm_cnn_attention,fold_3,bear,Body_to_Range_D,0.0382334138065711,0.743801652892562,104,104,591038817,200,3.191575400007423,none
lstm_cnn_attention,fold_3,bear,Close_Position_D,0.0717075351035838,0.4876033057851239,104,104,591038817,200,3.191575400007423,none
lstm_cnn_attention,fold_3,bear,Spread_W,0.0839808881649892,0.396694214876033,104,104,591038817,200,3.191575400007423,none
lstm_cnn_attention,fold_3,bear,Body_W,0.0418396003645721,0.7024793388429752,104,104,591038817,200,3.191575400007423,none
lstm_cnn_attention,fold_3,bear,Close_Position_W,0.1111153481031144,0.3140495867768595,104,104,591038817,200,3.191575400007423,none
lstm_cnn_attention,fold_3,bear,Spread_M,0.1222436592263245,0.2892561983471074,104,104,591038817,200,3.191575400007423,none
lstm_cnn_attention,fold_3,bear,Body_M,0.0634007003575172,0.5371900826446281,104,104,591038817,200,3.191575400007423,none
lstm_cnn_attention,fold_3,bear,Close_Position_M,0.0769210279707522,0.4380165289256198,104,104,591038817,200,3.191575400007423,none
lstm_cnn_attention,fold_3,bear,Volume_MA_5,0.0275249667645126,0.8842975206611571,104,104,591038817,200,3.191575400007423,none
lstm_cnn_attention,fold_3,bear,Volume_MA_20,0.0774472192920152,0.4214876033057851,104,104,591038817,200,3.191575400007423,none
lstm_cnn_attention,fold_3,bear,Volume_Ratio_5,0.0365763334888157,0.768595041322314,104,104,591038817,200,3.191575400007423,none
lstm_cnn_attention,fold_3,bear,Volume_Ratio_20,0.039090359370336,0.71900826446281,104,104,591038817,200,3.191575400007423,none
lstm_cnn_attention,fold_3,bear,Volume_Change_1D,0.0266080571253756,0.9008264462809916,104,104,591038817,200,3.191575400007423,none
lstm_cnn_attention,fold_3,bear,Volume_Change_5D,0.0663922202863268,0.5206611570247934,104,104,591038817,200,3.191575400007423,none
lstm_cnn_attention,fold_3,bear,Volume_Change_20D,0.0310465253459475,0.8264462809917356,104,104,591038817,200,3.191575400007423,none
lstm_cnn_attention,fold_3,bear,Direction_lag1,0.3298203560224815,0.0495867768595041,104,104,591038817,200,3.191575400007423,none
lstm_cnn_attention,fold_3,bear,Direction_lag2,0.0667800329099691,0.512396694214876,104,104,591038817,200,3.191575400007423,none
lstm_cnn_attention,fold_3,bear,Direction_lag3,0.1993891362745251,0.1570247933884297,104,104,591038817,200,3.191575400007423,none
lstm_cnn_attention,fold_3,bear,Direction_lag5,0.202460079704056,0.1487603305785124,104,104,591038817,200,3.191575400007423,none
lstm_cnn_attention,fold_3,bear,Up_Ratio_5,0.0996919457247689,0.3305785123966942,104,104,591038817,200,3.191575400007423,none
lstm_cnn_attention,fold_3,bear,Up_Ratio_10,0.0791334684518563,0.4132231404958678,104,104,591038817,200,3.191575400007423,none
lstm_cnn_attention,fold_3,bear,Up_Ratio_20,0.0542226891725035,0.5950413223140496,104,104,591038817,200,3.191575400007423,none
lstm_cnn_attention,fold_3,bear,Down_Ratio_5,0.1820388795216086,0.1900826446280991,104,104,591038817,200,3.191575400007423,none
lstm_cnn_attention,fold_3,bear,Down_Ratio_10,0.0552542356940961,0.5867768595041323,104,104,591038817,200,3.191575400007423,none
lstm_cnn_attention,fold_3,bear,Down_Ratio_20,0.1599866791667784,0.2148760330578512,104,104,591038817,200,3.191575400007423,none
lstm_cnn_attention,fold_3,bear,WMA_5,0.303743624485175,0.0661157024793388,104,104,591038817,200,3.191575400007423,none
lstm_cnn_attention,fold_3,bear,WMA_10,0.0483451169050091,0.6528925619834711,104,104,591038817,200,3.191575400007423,none
lstm_cnn_attention,fold_3,bear,WMA_20,0.2362863841546081,0.0909090909090909,104,104,591038817,200,3.191575400007423,none
lstm_cnn_attention,fold_3,bear,WMA_60,0.2092205453568917,0.1239669421487603,104,104,591038817,200,3.191575400007423,none
lstm_cnn_attention,fold_3,bear,StochK_14,0.3491203087111199,0.024793388429752,104,104,591038817,200,3.191575400007423,none
lstm_cnn_attention,fold_3,bear,StochD_3,0.1981214819549666,0.1652892561983471,104,104,591038817,200,3.191575400007423,none
lstm_cnn_attention,fold_3,bear,RSI_14,0.0567516222668154,0.5702479338842975,104,104,591038817,200,3.191575400007423,none
lstm_cnn_attention,fold_3,bear,MACD_12_26,0.0589084088358593,0.5619834710743802,104,104,591038817,200,3.191575400007423,none
lstm_cnn_attention,fold_3,bear,MACD_Signal_9,0.1452599503514202,0.2644628099173554,104,104,591038817,200,3.191575400007423,none
lstm_cnn_attention,fold_3,bear,MACD_Histogram,0.0492177340273383,0.6363636363636364,104,104,591038817,200,3.191575400007423,none
lstm_cnn_attention,fold_3,bear,WilliamsR_14,0.0537200013781419,0.6033057851239669,104,104,591038817,200,3.191575400007423,none
lstm_cnn_attention,fold_3,bear,CCI_20,0.074960706285316,0.4628099173553719,104,104,591038817,200,3.191575400007423,none
lstm_cnn_attention,fold_3,bear,ADX_14,0.08720514864815,0.3553719008264462,104,104,591038817,200,3.191575400007423,none
lstm_cnn_attention,fold_3,bear,PlusDI_14,0.0490060045304733,0.6446280991735537,104,104,591038817,200,3.191575400007423,none
lstm_cnn_attention,fold_3,bear,MinusDI_14,0.1495045507450378,0.2396694214876033,104,104,591038817,200,3.191575400007423,none
lstm_cnn_attention,fold_3,bear,VMD_IMF_1,0.0675406412447824,0.5041322314049587,104,104,591038817,200,3.191575400007423,none
lstm_cnn_attention,fold_3,bear,VMD_IMF_2,0.0236536442447992,0.9421487603305784,104,104,591038817,200,3.191575400007423,none
lstm_cnn_attention,fold_3,bear,VMD_IMF_3,0.026782399805103,0.8925619834710744,104,104,591038817,200,3.191575400007423,none
lstm_cnn_attention,fold_3,bear,VMD_IMF_4,0.0842719572615966,0.3884297520661157,104,104,591038817,200,3.191575400007423,none
lstm_cnn_attention,fold_3,bear,VMD_Denoised_Close,0.3361595924489917,0.0330578512396694,104,104,591038817,200,3.191575400007423,none
lstm_cnn_attention,fold_3,bear,VMD_Noise_Energy_Ratio,0.1712474284452215,0.1983471074380165,104,104,591038817,200,3.191575400007423,none
lstm_cnn_attention,fold_3,bull,Open_D,0.2820889114660195,0.1239669421487603,58,58,1173277829,200,1.7810742000001485,none
lstm_cnn_attention,fold_3,bull,High_D,0.3575227932255828,0.0661157024793388,58,58,1173277829,200,1.7810742000001485,none
lstm_cnn_attention,fold_3,bull,Low_D,0.4587026702137305,0.024793388429752,58,58,1173277829,200,1.7810742000001485,none
lstm_cnn_attention,fold_3,bull,Close_D,4.946571739824659,0.0,58,58,1173277829,200,1.7810742000001485,none
lstm_cnn_attention,fold_3,bull,Volume_D,0.0699749573186232,0.6942148760330579,58,58,1173277829,200,1.7810742000001485,none
lstm_cnn_attention,fold_3,bull,Change_pct_D,0.149066584905774,0.3471074380165289,58,58,1173277829,200,1.7810742000001485,none
lstm_cnn_attention,fold_3,bull,Open_W,0.1433741852843829,0.371900826446281,58,58,1173277829,200,1.7810742000001485,none
lstm_cnn_attention,fold_3,bull,High_W,0.2075651879180049,0.2231404958677686,58,58,1173277829,200,1.7810742000001485,none
lstm_cnn_attention,fold_3,bull,Low_W,0.394942210924775,0.0495867768595041,58,58,1173277829,200,1.7810742000001485,none
lstm_cnn_attention,fold_3,bull,Close_W,0.0500927059997072,0.8677685950413223,58,58,1173277829,200,1.7810742000001485,none
lstm_cnn_attention,fold_3,bull,Volume_W,0.1429866339868536,0.3801652892561983,58,58,1173277829,200,1.7810742000001485,none
lstm_cnn_attention,fold_3,bull,Change_pct_W,0.046947257171737,0.8925619834710744,58,58,1173277829,200,1.7810742000001485,none
lstm_cnn_attention,fold_3,bull,Open_M,0.193867844172928,0.256198347107438,58,58,1173277829,200,1.7810742000001485,none
lstm_cnn_attention,fold_3,bull,High_M,0.2569793888171952,0.1652892561983471,58,58,1173277829,200,1.7810742000001485,none
lstm_cnn_attention,fold_3,bull,Low_M,0.1650857262417613,0.3057851239669421,58,58,1173277829,200,1.7810742000001485,none
lstm_cnn_attention,fold_3,bull,Close_M,0.3423098263283589,0.0826446280991735,58,58,1173277829,200,1.7810742000001485,none
lstm_cnn_attention,fold_3,bull,Volume_M,0.0625048496846294,0.7520661157024794,58,58,1173277829,200,1.7810742000001485,none
lstm_cnn_attention,fold_3,bull,Change_pct_M,0.1559440124739545,0.3388429752066115,58,58,1173277829,200,1.7810742000001485,none
lstm_cnn_attention,fold_3,bull,Close_D_lag1,0.2024038476694339,0.2314049586776859,58,58,1173277829,200,1.7810742000001485,none
lstm_cnn_attention,fold_3,bull,Close_D_lag2,0.2004579023723165,0.2479338842975206,58,58,1173277829,200,1.7810742000001485,none
lstm_cnn_attention,fold_3,bull,Close_D_lag3,0.0879726214302536,0.5702479338842975,58,58,1173277829,200,1.7810742000001485,none
lstm_cnn_attention,fold_3,bull,Close_D_lag5,0.1727730091879054,0.2809917355371901,58,58,1173277829,200,1.7810742000001485,none
lstm_cnn_attention,fold_3,bull,Close_D_lag10,0.0527384612775771,0.8181818181818182,58,58,1173277829,200,1.7810742000001485,none
lstm_cnn_attention,fold_3,bull,Close_D_lag20,0.1830708997974429,0.2644628099173554,58,58,1173277829,200,1.7810742000001485,none
lstm_cnn_attention,fold_3,bull,Close_D_lag60,0.2512160897908777,0.1735537190082644,58,58,1173277829,200,1.7810742000001485,none
lstm_cnn_attention,fold_3,bull,Change_pct_D_lag1,0.0970611950006686,0.5206611570247934,58,58,1173277829,200,1.7810742000001485,none
lstm_cnn_attention,fold_3,bull,Change_pct_D_lag2,0.0803209896232311,0.6033057851239669,58,58,1173277829,200,1.7810742000001485,none
lstm_cnn_attention,fold_3,bull,Change_pct_D_lag3,0.0436298494883505,0.9173553719008264,58,58,1173277829,200,1.7810742000001485,none
lstm_cnn_attention,fold_3,bull,Change_pct_D_lag5,0.1083607190514158,0.4710743801652892,58,58,1173277829,200,1.7810742000001485,none
lstm_cnn_attention,fold_3,bull,Change_pct_D_lag10,0.1279536761354056,0.396694214876033,58,58,1173277829,200,1.7810742000001485,none
lstm_cnn_attention,fold_3,bull,Change_pct_D_lag20,0.0794698908052223,0.6198347107438017,58,58,1173277829,200,1.7810742000001485,none
lstm_cnn_attention,fold_3,bull,Volume_D_lag1,0.0947791870115318,0.5371900826446281,58,58,1173277829,200,1.7810742000001485,none
lstm_cnn_attention,fold_3,bull,Volume_D_lag2,0.1066412829581167,0.4793388429752066,58,58,1173277829,200,1.7810742000001485,none
lstm_cnn_attention,fold_3,bull,Volume_D_lag3,0.0199757993542616,1.0,58,58,1173277829,200,1.7810742000001485,none
lstm_cnn_attention,fold_3,bull,Volume_D_lag5,0.1037860209286573,0.4958677685950413,58,58,1173277829,200,1.7810742000001485,none
lstm_cnn_attention,fold_3,bull,Volume_D_lag10,0.0267370530119643,0.9834710743801652,58,58,1173277829,200,1.7810742000001485,none
lstm_cnn_attention,fold_3,bull,Volume_D_lag20,0.0357866667721399,0.950413223140496,58,58,1173277829,200,1.7810742000001485,none
lstm_cnn_attention,fold_3,bull,Close_W_lag1,0.2669094442936441,0.140495867768595,58,58,1173277829,200,1.7810742000001485,none
lstm_cnn_attention,fold_3,bull,Close_W_lag2,0.0738698984705106,0.6694214876033058,58,58,1173277829,200,1.7810742000001485,none
lstm_cnn_attention,fold_3,bull,Close_W_lag4,0.2507234152704274,0.1818181818181818,58,58,1173277829,200,1.7810742000001485,none
lstm_cnn_attention,fold_3,bull,Close_M_lag1,0.1414419806898563,0.3884297520661157,58,58,1173277829,200,1.7810742000001485,none
lstm_cnn_attention,fold_3,bull,Close_M_lag3,0.1561290786762277,0.3305785123966942,58,58,1173277829,200,1.7810742000001485,none
lstm_cnn_attention,fold_3,bull,Return_1D,0.057488377013932,0.7933884297520661,58,58,1173277829,200,1.7810742000001485,none
lstm_cnn_attention,fold_3,bull,Return_3D,0.0787778813835067,0.628099173553719,58,58,1173277829,200,1.7810742000001485,none
lstm_cnn_attention,fold_3,bull,Return_5D,0.1452734789118653,0.3553719008264462,58,58,1173277829,200,1.7810742000001485,none
lstm_cnn_attention,fold_3,bull,Return_10D,0.051437044332389,0.8264462809917356,58,58,1173277829,200,1.7810742000001485,none
lstm_cnn_attention,fold_3,bull,Return_20D,0.0574873102344695,0.8016528925619835,58,58,1173277829,200,1.7810742000001485,none
lstm_cnn_attention,fold_3,bull,Return_60D,0.1739886974636647,0.2727272727272727,58,58,1173277829,200,1.7810742000001485,none
lstm_cnn_attention,fold_3,bull,SMA_5,0.4277269326342101,0.0330578512396694,58,58,1173277829,200,1.7810742000001485,none
lstm_cnn_attention,fold_3,bull,SMA_10,0.3824169943144029,0.0578512396694214,58,58,1173277829,200,1.7810742000001485,none
lstm_cnn_attention,fold_3,bull,SMA_20,0.0770219455707693,0.6363636363636364,58,58,1173277829,200,1.7810742000001485,none
lstm_cnn_attention,fold_3,bull,SMA_60,0.4589881182449533,0.0165289256198347,58,58,1173277829,200,1.7810742000001485,none
lstm_cnn_attention,fold_3,bull,Close_to_SMA_5,0.0994315823119667,0.5041322314049587,58,58,1173277829,200,1.7810742000001485,none
lstm_cnn_attention,fold_3,bull,Close_to_SMA_10,0.1689205010507742,0.2975206611570248,58,58,1173277829,200,1.7810742000001485,none
lstm_cnn_attention,fold_3,bull,Close_to_SMA_20,0.0578979477225358,0.7851239669421488,58,58,1173277829,200,1.7810742000001485,none
lstm_cnn_attention,fold_3,bull,Close_to_SMA_60,0.0504607144988203,0.8347107438016529,58,58,1173277829,200,1.7810742000001485,none
lstm_cnn_attention,fold_3,bull,Volatility_5,0.0713635789739336,0.6859504132231405,58,58,1173277829,200,1.7810742000001485,none
lstm_cnn_attention,fold_3,bull,Volatility_10,0.0981615186868417,0.512396694214876,58,58,1173277829,200,1.7810742000001485,none
lstm_cnn_attention,fold_3,bull,Volatility_20,0.0907166754170075,0.5619834710743802,58,58,1173277829,200,1.7810742000001485,none
lstm_cnn_attention,fold_3,bull,Volatility_60,0.2570393546706194,0.1570247933884297,58,58,1173277829,200,1.7810742000001485,none
lstm_cnn_attention,fold_3,bull,Momentum_5,0.0440602129862401,0.9090909090909092,58,58,1173277829,200,1.7810742000001485,none
lstm_cnn_attention,fold_3,bull,Momentum_10,0.0805593305870937,0.5950413223140496,58,58,1173277829,200,1.7810742000001485,none
lstm_cnn_attention,fold_3,bull,Momentum_20,0.0633728984396787,0.71900826446281,58,58,1173277829,200,1.7810742000001485,none
lstm_cnn_attention,fold_3,bull,Momentum_60,0.169260560857838,0.2892561983471074,58,58,1173277829,200,1.7810742000001485,none
lstm_cnn_attention,fold_3,bull,ROC_5,0.1235480879368189,0.4132231404958678,58,58,1173277829,200,1.7810742000001485,none
lstm_cnn_attention,fold_3,bull,ROC_10,0.038347350839922,0.9421487603305784,58,58,1173277829,200,1.7810742000001485,none
lstm_cnn_attention,fold_3,bull,ROC_20,0.0561553804949732,0.8099173553719008,58,58,1173277829,200,1.7810742000001485,none
lstm_cnn_attention,fold_3,bull,ROC_60,0.325137748677135,0.0909090909090909,58,58,1173277829,200,1.7810742000001485,none
lstm_cnn_attention,fold_3,bull,Ratio_Close_D_to_W,0.112370288142368,0.4628099173553719,58,58,1173277829,200,1.7810742000001485,none
lstm_cnn_attention,fold_3,bull,Ratio_Close_D_to_M,0.0832153477068239,0.5867768595041323,58,58,1173277829,200,1.7810742000001485,none
lstm_cnn_attention,fold_3,bull,Ratio_Volume_D_to_W,0.0398407158564693,0.9338842975206612,58,58,1173277829,200,1.7810742000001485,none
lstm_cnn_attention,fold_3,bull,Spread_D,0.0503436510421559,0.8429752066115702,58,58,1173277829,200,1.7810742000001485,none
lstm_cnn_attention,fold_3,bull,Body_D,0.0958499267960146,0.5289256198347108,58,58,1173277829,200,1.7810742000001485,none
lstm_cnn_attention,fold_3,bull,Body_abs_D,0.0301030435311025,0.975206611570248,58,58,1173277829,200,1.7810742000001485,none
lstm_cnn_attention,fold_3,bull,Upper_Shadow_D,0.0719053291555708,0.6776859504132231,58,58,1173277829,200,1.7810742000001485,none
lstm_cnn_attention,fold_3,bull,Lower_Shadow_D,0.0262245621493861,0.9917355371900828,58,58,1173277829,200,1.7810742000001485,none
lstm_cnn_attention,fold_3,bull,Body_to_Range_D,0.0484666419012478,0.8760330578512396,58,58,1173277829,200,1.7810742000001485,none
lstm_cnn_attention,fold_3,bull,Close_Position_D,0.0685464876362665,0.7024793388429752,58,58,1173277829,200,1.7810742000001485,none
lstm_cnn_attention,fold_3,bull,Spread_W,0.1581870249211878,0.3223140495867768,58,58,1173277829,200,1.7810742000001485,none
lstm_cnn_attention,fold_3,bull,Body_W,0.0838635045819516,0.5785123966942148,58,58,1173277829,200,1.7810742000001485,none
lstm_cnn_attention,fold_3,bull,Close_Position_W,0.1235471753853211,0.4214876033057851,58,58,1173277829,200,1.7810742000001485,none
lstm_cnn_attention,fold_3,bull,Spread_M,0.2597446445310883,0.1487603305785124,58,58,1173277829,200,1.7810742000001485,none
lstm_cnn_attention,fold_3,bull,Body_M,0.0609996118366842,0.7768595041322314,58,58,1173277829,200,1.7810742000001485,none
lstm_cnn_attention,fold_3,bull,Close_Position_M,0.0749746250776642,0.6611570247933884,58,58,1173277829,200,1.7810742000001485,none
lstm_cnn_attention,fold_3,bull,Volume_MA_5,0.048149379275088,0.8842975206611571,58,58,1173277829,200,1.7810742000001485,none
lstm_cnn_attention,fold_3,bull,Volume_MA_20,0.2330268867658662,0.1900826446280991,58,58,1173277829,200,1.7810742000001485,none
lstm_cnn_attention,fold_3,bull,Volume_Ratio_5,0.0632088795292358,0.7272727272727273,58,58,1173277829,200,1.7810742000001485,none
lstm_cnn_attention,fold_3,bull,Volume_Ratio_20,0.0460221539311442,0.9008264462809916,58,58,1173277829,200,1.7810742000001485,none
lstm_cnn_attention,fold_3,bull,Volume_Change_1D,0.030874289013284,0.9669421487603306,58,58,1173277829,200,1.7810742000001485,none
lstm_cnn_attention,fold_3,bull,Volume_Change_5D,0.076854180597062,0.6446280991735537,58,58,1173277829,200,1.7810742000001485,none
lstm_cnn_attention,fold_3,bull,Volume_Change_20D,0.05014553607704,0.859504132231405,58,58,1173277829,200,1.7810742000001485,none
lstm_cnn_attention,fold_3,bull,Direction_lag1,0.2678639121323519,0.1322314049586777,58,58,1173277829,200,1.7810742000001485,none
lstm_cnn_attention,fold_3,bull,Direction_lag2,0.080244604664833,0.6115702479338843,58,58,1173277829,200,1.7810742000001485,none
lstm_cnn_attention,fold_3,bull,Direction_lag3,0.2195807348939305,0.2148760330578512,58,58,1173277829,200,1.7810742000001485,none
lstm_cnn_attention,fold_3,bull,Direction_lag5,0.2017709802504998,0.2396694214876033,58,58,1173277829,200,1.7810742000001485,none
lstm_cnn_attention,fold_3,bull,Up_Ratio_5,0.1269616421251879,0.4049586776859504,58,58,1173277829,200,1.7810742000001485,none
lstm_cnn_attention,fold_3,bull,Up_Ratio_10,0.0645538942561302,0.7107438016528925,58,58,1173277829,200,1.7810742000001485,none
lstm_cnn_attention,fold_3,bull,Up_Ratio_20,0.0502990965722401,0.8512396694214877,58,58,1173277829,200,1.7810742000001485,none
lstm_cnn_attention,fold_3,bull,Down_Ratio_5,0.1605846392499345,0.3140495867768595,58,58,1173277829,200,1.7810742000001485,none
lstm_cnn_attention,fold_3,bull,Down_Ratio_10,0.0631874348002721,0.7355371900826446,58,58,1173277829,200,1.7810742000001485,none
lstm_cnn_attention,fold_3,bull,Down_Ratio_20,0.1444052006796796,0.3636363636363636,58,58,1173277829,200,1.7810742000001485,none
lstm_cnn_attention,fold_3,bull,WMA_5,0.3121865779140378,0.0991735537190082,58,58,1173277829,200,1.7810742000001485,none
lstm_cnn_attention,fold_3,bull,WMA_10,0.0765981168897238,0.6528925619834711,58,58,1173277829,200,1.7810742000001485,none
lstm_cnn_attention,fold_3,bull,WMA_20,0.3120786265217185,0.1074380165289256,58,58,1173277829,200,1.7810742000001485,none
lstm_cnn_attention,fold_3,bull,WMA_60,0.3469134762943401,0.0743801652892562,58,58,1173277829,200,1.7810742000001485,none
lstm_cnn_attention,fold_3,bull,StochK_14,0.2860095944832649,0.1157024793388429,58,58,1173277829,200,1.7810742000001485,none
lstm_cnn_attention,fold_3,bull,StochD_3,0.2285041137443151,0.2066115702479339,58,58,1173277829,200,1.7810742000001485,none
lstm_cnn_attention,fold_3,bull,RSI_14,0.0623783415307539,0.7603305785123967,58,58,1173277829,200,1.7810742000001485,none
lstm_cnn_attention,fold_3,bull,MACD_12_26,0.0922648279843954,0.5537190082644629,58,58,1173277829,200,1.7810742000001485,none
lstm_cnn_attention,fold_3,bull,MACD_Signal_9,0.2291142448923508,0.1983471074380165,58,58,1173277829,200,1.7810742000001485,none
lstm_cnn_attention,fold_3,bull,MACD_Histogram,0.1141975145183127,0.4545454545454545,58,58,1173277829,200,1.7810742000001485,none
lstm_cnn_attention,fold_3,bull,WilliamsR_14,0.0319827789098828,0.9586776859504132,58,58,1173277829,200,1.7810742000001485,none
lstm_cnn_attention,fold_3,bull,CCI_20,0.0411834644264711,0.9256198347107438,58,58,1173277829,200,1.7810742000001485,none
lstm_cnn_attention,fold_3,bull,ADX_14,0.1191199617398346,0.4462809917355372,58,58,1173277829,200,1.7810742000001485,none
lstm_cnn_attention,fold_3,bull,PlusDI_14,0.0616849280733318,0.768595041322314,58,58,1173277829,200,1.7810742000001485,none
lstm_cnn_attention,fold_3,bull,MinusDI_14,0.1219804813850244,0.4380165289256198,58,58,1173277829,200,1.7810742000001485,none
lstm_cnn_attention,fold_3,bull,VMD_IMF_1,0.062671966743507,0.743801652892562,58,58,1173277829,200,1.7810742000001485,none
lstm_cnn_attention,fold_3,bull,VMD_IMF_2,0.0946429284420321,0.5454545454545454,58,58,1173277829,200,1.7810742000001485,none
lstm_cnn_attention,fold_3,bull,VMD_IMF_3,0.106560532317285,0.4876033057851239,58,58,1173277829,200,1.7810742000001485,none
lstm_cnn_attention,fold_3,bull,VMD_IMF_4,0.1235232087168822,0.4297520661157025,58,58,1173277829,200,1.7810742000001485,none
lstm_cnn_attention,fold_3,bull,VMD_Denoised_Close,0.4181371208459715,0.0413223140495867,58,58,1173277829,200,1.7810742000001485,none
lstm_cnn_attention,fold_3,bull,VMD_Noise_Energy_Ratio,1.5496419851826055,0.0082644628099173,58,58,1173277829,200,1.7810742000001485,none
lstm_cnn_attention,fold_3,global,Open_D,0.2168402769549498,0.140495867768595,242,128,643329176,200,4.403955200003111,none
lstm_cnn_attention,fold_3,global,High_D,0.3165676697419712,0.0495867768595041,242,128,643329176,200,4.403955200003111,none
lstm_cnn_attention,fold_3,global,Low_D,0.3553741450313623,0.0330578512396694,242,128,643329176,200,4.403955200003111,none
lstm_cnn_attention,fold_3,global,Close_D,6.609712516293699,0.0,242,128,643329176,200,4.403955200003111,none
lstm_cnn_attention,fold_3,global,Volume_D,0.0407975363300664,0.8512396694214877,242,128,643329176,200,4.403955200003111,none
lstm_cnn_attention,fold_3,global,Change_pct_D,0.1325922258914679,0.3057851239669421,242,128,643329176,200,4.403955200003111,none
lstm_cnn_attention,fold_3,global,Open_W,0.1115547623968438,0.3553719008264462,242,128,643329176,200,4.403955200003111,none
lstm_cnn_attention,fold_3,global,High_W,0.1697325887628281,0.2314049586776859,242,128,643329176,200,4.403955200003111,none
lstm_cnn_attention,fold_3,global,Low_W,0.2568924144904344,0.1157024793388429,242,128,643329176,200,4.403955200003111,none
lstm_cnn_attention,fold_3,global,Close_W,0.0429434907906771,0.8016528925619835,242,128,643329176,200,4.403955200003111,none
lstm_cnn_attention,fold_3,global,Volume_W,0.1041386977002311,0.3801652892561983,242,128,643329176,200,4.403955200003111,none
lstm_cnn_attention,fold_3,global,Change_pct_W,0.0297688799902052,0.9421487603305784,242,128,643329176,200,4.403955200003111,none
lstm_cnn_attention,fold_3,global,Open_M,0.1603697897086618,0.2644628099173554,242,128,643329176,200,4.403955200003111,none
lstm_cnn_attention,fold_3,global,High_M,0.1711317868142202,0.2231404958677686,242,128,643329176,200,4.403955200003111,none
lstm_cnn_attention,fold_3,global,Low_M,0.124424875271859,0.3305785123966942,242,128,643329176,200,4.403955200003111,none
lstm_cnn_attention,fold_3,global,Close_M,0.2804186408683108,0.0826446280991735,242,128,643329176,200,4.403955200003111,none
lstm_cnn_attention,fold_3,global,Volume_M,0.0747190117110398,0.5206611570247934,242,128,643329176,200,4.403955200003111,none
lstm_cnn_attention,fold_3,global,Change_pct_M,0.0878030847329082,0.4545454545454545,242,128,643329176,200,4.403955200003111,none
lstm_cnn_attention,fold_3,global,Close_D_lag1,0.1450121764654682,0.2809917355371901,242,128,643329176,200,4.403955200003111,none
lstm_cnn_attention,fold_3,global,Close_D_lag2,0.15834171099429,0.2727272727272727,242,128,643329176,200,4.403955200003111,none
lstm_cnn_attention,fold_3,global,Close_D_lag3,0.0818875300790058,0.4958677685950413,242,128,643329176,200,4.403955200003111,none
lstm_cnn_attention,fold_3,global,Close_D_lag5,0.1148426887435313,0.3388429752066115,242,128,643329176,200,4.403955200003111,none
lstm_cnn_attention,fold_3,global,Close_D_lag10,0.0585635278645177,0.6528925619834711,242,128,643329176,200,4.403955200003111,none
lstm_cnn_attention,fold_3,global,Close_D_lag20,0.168626167837537,0.2396694214876033,242,128,643329176,200,4.403955200003111,none
lstm_cnn_attention,fold_3,global,Close_D_lag60,0.2691081049358502,0.0991735537190082,242,128,643329176,200,4.403955200003111,none
lstm_cnn_attention,fold_3,global,Change_pct_D_lag1,0.0831097615712231,0.4876033057851239,242,128,643329176,200,4.403955200003111,none
lstm_cnn_attention,fold_3,global,Change_pct_D_lag2,0.0597662364103776,0.6446280991735537,242,128,643329176,200,4.403955200003111,none
lstm_cnn_attention,fold_3,global,Change_pct_D_lag3,0.0369247971324613,0.9090909090909092,242,128,643329176,200,4.403955200003111,none
lstm_cnn_attention,fold_3,global,Change_pct_D_lag5,0.0929442701247797,0.4297520661157025,242,128,643329176,200,4.403955200003111,none
lstm_cnn_attention,fold_3,global,Change_pct_D_lag10,0.0988848512713973,0.4132231404958678,242,128,643329176,200,4.403955200003111,none
lstm_cnn_attention,fold_3,global,Change_pct_D_lag20,0.0463371654430251,0.7520661157024794,242,128,643329176,200,4.403955200003111,none
lstm_cnn_attention,fold_3,global,Volume_D_lag1,0.0635270135973615,0.5950413223140496,242,128,643329176,200,4.403955200003111,none
lstm_cnn_attention,fold_3,global,Volume_D_lag2,0.068684915755939,0.5702479338842975,242,128,643329176,200,4.403955200003111,none
lstm_cnn_attention,fold_3,global,Volume_D_lag3,0.0151585643286566,1.0,242,128,643329176,200,4.403955200003111,none
lstm_cnn_attention,fold_3,global,Volume_D_lag5,0.0865466505435681,0.4710743801652892,242,128,643329176,200,4.403955200003111,none
lstm_cnn_attention,fold_3,global,Volume_D_lag10,0.023402269073712,0.9834710743801652,242,128,643329176,200,4.403955200003111,none
lstm_cnn_attention,fold_3,global,Volume_D_lag20,0.0297511199941062,0.950413223140496,242,128,643329176,200,4.403955200003111,none
lstm_cnn_attention,fold_3,global,Close_W_lag1,0.1895145618834355,0.1983471074380165,242,128,643329176,200,4.403955200003111,none
lstm_cnn_attention,fold_3,global,Close_W_lag2,0.0421936459294987,0.8264462809917356,242,128,643329176,200,4.403955200003111,none
lstm_cnn_attention,fold_3,global,Close_W_lag4,0.163846299138612,0.256198347107438,242,128,643329176,200,4.403955200003111,none
lstm_cnn_attention,fold_3,global,Close_M_lag1,0.1249097587642495,0.3223140495867768,242,128,643329176,200,4.403955200003111,none
lstm_cnn_attention,fold_3,global,Close_M_lag3,0.1005788742882122,0.3884297520661157,242,128,643329176,200,4.403955200003111,none
lstm_cnn_attention,fold_3,global,Return_1D,0.0498770901874392,0.71900826446281,242,128,643329176,200,4.403955200003111,none
lstm_cnn_attention,fold_3,global,Return_3D,0.0567663701359028,0.6694214876033058,242,128,643329176,200,4.403955200003111,none
lstm_cnn_attention,fold_3,global,Return_5D,0.0989325104483739,0.4049586776859504,242,128,643329176,200,4.403955200003111,none
lstm_cnn_attention,fold_3,global,Return_10D,0.0339133076261431,0.9173553719008264,242,128,643329176,200,4.403955200003111,none
lstm_cnn_attention,fold_3,global,Return_20D,0.0427815176228543,0.8181818181818182,242,128,643329176,200,4.403955200003111,none
lstm_cnn_attention,fold_3,global,Return_60D,0.2100601319261172,0.1487603305785124,242,128,643329176,200,4.403955200003111,none
lstm_cnn_attention,fold_3,global,SMA_5,0.3636435144145764,0.024793388429752,242,128,643329176,200,4.403955200003111,none
lstm_cnn_attention,fold_3,global,SMA_10,0.2757536860477103,0.0909090909090909,242,128,643329176,200,4.403955200003111,none
lstm_cnn_attention,fold_3,global,SMA_20,0.0480709327567148,0.7355371900826446,242,128,643329176,200,4.403955200003111,none
lstm_cnn_attention,fold_3,global,SMA_60,0.3715058432510559,0.0165289256198347,242,128,643329176,200,4.403955200003111,none
lstm_cnn_attention,fold_3,global,Close_to_SMA_5,0.0783356354401736,0.5041322314049587,242,128,643329176,200,4.403955200003111,none
lstm_cnn_attention,fold_3,global,Close_to_SMA_10,0.095174204260822,0.4214876033057851,242,128,643329176,200,4.403955200003111,none
lstm_cnn_attention,fold_3,global,Close_to_SMA_20,0.0401229396007448,0.8760330578512396,242,128,643329176,200,4.403955200003111,none
lstm_cnn_attention,fold_3,global,Close_to_SMA_60,0.0369912337880534,0.9008264462809916,242,128,643329176,200,4.403955200003111,none
lstm_cnn_attention,fold_3,global,Volatility_5,0.043169527531041,0.7933884297520661,242,128,643329176,200,4.403955200003111,none
lstm_cnn_attention,fold_3,global,Volatility_10,0.0522375877782875,0.6859504132231405,242,128,643329176,200,4.403955200003111,none
lstm_cnn_attention,fold_3,global,Volatility_20,0.0571869988354426,0.6611570247933884,242,128,643329176,200,4.403955200003111,none
lstm_cnn_attention,fold_3,global,Volatility_60,0.1419442369048563,0.2892561983471074,242,128,643329176,200,4.403955200003111,none
lstm_cnn_attention,fold_3,global,Momentum_5,0.0321399377790239,0.9256198347107438,242,128,643329176,200,4.403955200003111,none
lstm_cnn_attention,fold_3,global,Momentum_10,0.0514129694894671,0.6942148760330579,242,128,643329176,200,4.403955200003111,none
lstm_cnn_attention,fold_3,global,Momentum_20,0.0417510292453004,0.8347107438016529,242,128,643329176,200,4.403955200003111,none
lstm_cnn_attention,fold_3,global,Momentum_60,0.1887792832884372,0.2066115702479339,242,128,643329176,200,4.403955200003111,none
lstm_cnn_attention,fold_3,global,ROC_5,0.0870583837968199,0.4628099173553719,242,128,643329176,200,4.403955200003111,none
lstm_cnn_attention,fold_3,global,ROC_10,0.0273471727323252,0.9669421487603306,242,128,643329176,200,4.403955200003111,none
lstm_cnn_attention,fold_3,global,ROC_20,0.0389135075617955,0.8842975206611571,242,128,643329176,200,4.403955200003111,none
lstm_cnn_attention,fold_3,global,ROC_60,0.266134702978347,0.1074380165289256,242,128,643329176,200,4.403955200003111,none
lstm_cnn_attention,fold_3,global,Ratio_Close_D_to_W,0.0895067185064071,0.4462809917355372,242,128,643329176,200,4.403955200003111,none
lstm_cnn_attention,fold_3,global,Ratio_Close_D_to_M,0.0432316325765238,0.7851239669421488,242,128,643329176,200,4.403955200003111,none
lstm_cnn_attention,fold_3,global,Ratio_Volume_D_to_W,0.0304115948131794,0.9338842975206612,242,128,643329176,200,4.403955200003111,none
lstm_cnn_attention,fold_3,global,Spread_D,0.0461095726260109,0.7603305785123967,242,128,643329176,200,4.403955200003111,none
lstm_cnn_attention,fold_3,global,Body_D,0.0839903569493735,0.4793388429752066,242,128,643329176,200,4.403955200003111,none
lstm_cnn_attention,fold_3,global,Body_abs_D,0.0177726728362612,0.9917355371900828,242,128,643329176,200,4.403955200003111,none
lstm_cnn_attention,fold_3,global,Upper_Shadow_D,0.0465834255719678,0.743801652892562,242,128,643329176,200,4.403955200003111,none
lstm_cnn_attention,fold_3,global,Lower_Shadow_D,0.0241825968926139,0.975206611570248,242,128,643329176,200,4.403955200003111,none
lstm_cnn_attention,fold_3,global,Body_to_Range_D,0.0407431898594633,0.859504132231405,242,128,643329176,200,4.403955200003111,none
lstm_cnn_attention,fold_3,global,Close_Position_D,0.0646193543525529,0.5867768595041323,242,128,643329176,200,4.403955200003111,none
lstm_cnn_attention,fold_3,global,Spread_W,0.1109527594006678,0.3636363636363636,242,128,643329176,200,4.403955200003111,none
lstm_cnn_attention,fold_3,global,Body_W,0.0552266145300167,0.6776859504132231,242,128,643329176,200,4.403955200003111,none
lstm_cnn_attention,fold_3,global,Close_Position_W,0.1143921555660547,0.3471074380165289,242,128,643329176,200,4.403955200003111,none
lstm_cnn_attention,fold_3,global,Spread_M,0.1971646883546554,0.1735537190082644,242,128,643329176,200,4.403955200003111,none
lstm_cnn_attention,fold_3,global,Body_M,0.0650643575065167,0.5785123966942148,242,128,643329176,200,4.403955200003111,none
lstm_cnn_attention,fold_3,global,Close_Position_M,0.0702088046119257,0.5537190082644629,242,128,643329176,200,4.403955200003111,none
lstm_cnn_attention,fold_3,global,Volume_MA_5,0.0403250358360032,0.8677685950413223,242,128,643329176,200,4.403955200003111,none
lstm_cnn_attention,fold_3,global,Volume_MA_20,0.1991574713388212,0.1652892561983471,242,128,643329176,200,4.403955200003111,none
lstm_cnn_attention,fold_3,global,Volume_Ratio_5,0.0441949658515548,0.7768595041322314,242,128,643329176,200,4.403955200003111,none
lstm_cnn_attention,fold_3,global,Volume_Ratio_20,0.0415144315953061,0.8429752066115702,242,128,643329176,200,4.403955200003111,none
lstm_cnn_attention,fold_3,global,Volume_Change_1D,0.0294974228322955,0.9586776859504132,242,128,643329176,200,4.403955200003111,none
lstm_cnn_attention,fold_3,global,Volume_Change_5D,0.0691554489660115,0.5619834710743802,242,128,643329176,200,4.403955200003111,none
lstm_cnn_attention,fold_3,global,Volume_Change_20D,0.0389061046933414,0.8925619834710744,242,128,643329176,200,4.403955200003111,none
lstm_cnn_attention,fold_3,global,Direction_lag1,0.2961276486729957,0.0661157024793388,242,128,643329176,200,4.403955200003111,none
lstm_cnn_attention,fold_3,global,Direction_lag2,0.0709202511285115,0.5371900826446281,242,128,643329176,200,4.403955200003111,none
lstm_cnn_attention,fold_3,global,Direction_lag3,0.2071467247198143,0.1570247933884297,242,128,643329176,200,4.403955200003111,none
lstm_cnn_attention,fold_3,global,Direction_lag5,0.1954144601414327,0.1818181818181818,242,128,643329176,200,4.403955200003111,none
lstm_cnn_attention,fold_3,global,Up_Ratio_5,0.1068832442245604,0.371900826446281,242,128,643329176,200,4.403955200003111,none
lstm_cnn_attention,fold_3,global,Up_Ratio_10,0.0705317533642637,0.5454545454545454,242,128,643329176,200,4.403955200003111,none
lstm_cnn_attention,fold_3,global,Up_Ratio_20,0.0489305860723785,0.7272727272727273,242,128,643329176,200,4.403955200003111,none
lstm_cnn_attention,fold_3,global,Down_Ratio_5,0.1667766985382286,0.2479338842975206,242,128,643329176,200,4.403955200003111,none
lstm_cnn_attention,fold_3,global,Down_Ratio_10,0.0512223204055047,0.7024793388429752,242,128,643329176,200,4.403955200003111,none
lstm_cnn_attention,fold_3,global,Down_Ratio_20,0.1375924419927067,0.2975206611570248,242,128,643329176,200,4.403955200003111,none
lstm_cnn_attention,fold_3,global,WMA_5,0.2871630658486765,0.0743801652892562,242,128,643329176,200,4.403955200003111,none
lstm_cnn_attention,fold_3,global,WMA_10,0.0604172301948175,0.628099173553719,242,128,643329176,200,4.403955200003111,none
lstm_cnn_attention,fold_3,global,WMA_20,0.2498758219199203,0.1322314049586777,242,128,643329176,200,4.403955200003111,none
lstm_cnn_attention,fold_3,global,WMA_60,0.2522334337705842,0.1239669421487603,242,128,643329176,200,4.403955200003111,none
lstm_cnn_attention,fold_3,global,StochK_14,0.3137530086803949,0.0578512396694214,242,128,643329176,200,4.403955200003111,none
lstm_cnn_attention,fold_3,global,StochD_3,0.1925855752465128,0.1900826446280991,242,128,643329176,200,4.403955200003111,none
lstm_cnn_attention,fold_3,global,RSI_14,0.0505480361301529,0.7107438016528925,242,128,643329176,200,4.403955200003111,none
lstm_cnn_attention,fold_3,global,MACD_12_26,0.0711957385467391,0.5289256198347108,242,128,643329176,200,4.403955200003111,none
lstm_cnn_attention,fold_3,global,MACD_Signal_9,0.1724868032457544,0.2148760330578512,242,128,643329176,200,4.403955200003111,none
lstm_cnn_attention,fold_3,global,MACD_Histogram,0.0762202968584176,0.512396694214876,242,128,643329176,200,4.403955200003111,none
lstm_cnn_attention,fold_3,global,WilliamsR_14,0.042826728846439,0.8099173553719008,242,128,643329176,200,4.403955200003111,none
lstm_cnn_attention,fold_3,global,CCI_20,0.0612815038194145,0.6198347107438017,242,128,643329176,200,4.403955200003111,none
lstm_cnn_attention,fold_3,global,ADX_14,0.091551762377432,0.4380165289256198,242,128,643329176,200,4.403955200003111,none
lstm_cnn_attention,fold_3,global,PlusDI_14,0.0451238742553666,0.768595041322314,242,128,643329176,200,4.403955200003111,none
lstm_cnn_attention,fold_3,global,MinusDI_14,0.1260153999915035,0.3140495867768595,242,128,643329176,200,4.403955200003111,none
lstm_cnn_attention,fold_3,global,VMD_IMF_1,0.0602016945732373,0.6363636363636364,242,128,643329176,200,4.403955200003111,none
lstm_cnn_attention,fold_3,global,VMD_IMF_2,0.0625450898503891,0.6033057851239669,242,128,643329176,200,4.403955200003111,none
lstm_cnn_attention,fold_3,global,VMD_IMF_3,0.0619151585815617,0.6115702479338843,242,128,643329176,200,4.403955200003111,none
lstm_cnn_attention,fold_3,global,VMD_IMF_4,0.0994303064799783,0.396694214876033,242,128,643329176,200,4.403955200003111,none
lstm_cnn_attention,fold_3,global,VMD_Denoised_Close,0.3385913675111851,0.0413223140495867,242,128,643329176,200,4.403955200003111,none
lstm_cnn_attention,fold_3,global,VMD_Noise_Energy_Ratio,0.9290811679721208,0.0082644628099173,242,128,643329176,200,4.403955200003111,none
lstm_cnn_attention,fold_3,sideway,Open_D,0.1620646677073443,0.2148760330578512,80,80,513450555,200,2.404990100010764,none
lstm_cnn_attention,fold_3,sideway,High_D,0.2677198388861154,0.0909090909090909,80,80,513450555,200,2.404990100010764,none
lstm_cnn_attention,fold_3,sideway,Low_D,0.2717738773560632,0.0743801652892562,80,80,513450555,200,2.404990100010764,none
lstm_cnn_attention,fold_3,sideway,Close_D,5.761339808769712,0.0,80,80,513450555,200,2.404990100010764,none
lstm_cnn_attention,fold_3,sideway,Volume_D,0.0458095061661203,0.743801652892562,80,80,513450555,200,2.404990100010764,none
lstm_cnn_attention,fold_3,sideway,Change_pct_D,0.1328454523044833,0.2727272727272727,80,80,513450555,200,2.404990100010764,none
lstm_cnn_attention,fold_3,sideway,Open_W,0.1036566244935602,0.371900826446281,80,80,513450555,200,2.404990100010764,none
lstm_cnn_attention,fold_3,sideway,High_W,0.1421189042867473,0.256198347107438,80,80,513450555,200,2.404990100010764,none
lstm_cnn_attention,fold_3,sideway,Low_W,0.1748090706737252,0.1983471074380165,80,80,513450555,200,2.404990100010764,none
lstm_cnn_attention,fold_3,sideway,Close_W,0.0456791460969919,0.7520661157024794,80,80,513450555,200,2.404990100010764,none
lstm_cnn_attention,fold_3,sideway,Volume_W,0.1465860339189339,0.2479338842975206,80,80,513450555,200,2.404990100010764,none
lstm_cnn_attention,fold_3,sideway,Change_pct_W,0.025929742934667,0.9586776859504132,80,80,513450555,200,2.404990100010764,none
lstm_cnn_attention,fold_3,sideway,Open_M,0.1581210743071824,0.2314049586776859,80,80,513450555,200,2.404990100010764,none
lstm_cnn_attention,fold_3,sideway,High_M,0.1296149518621331,0.2809917355371901,80,80,513450555,200,2.404990100010764,none
lstm_cnn_attention,fold_3,sideway,Low_M,0.1251767830942208,0.2975206611570248,80,80,513450555,200,2.404990100010764,none
lstm_cnn_attention,fold_3,sideway,Close_M,0.2558191886917484,0.0991735537190082,80,80,513450555,200,2.404990100010764,none
lstm_cnn_attention,fold_3,sideway,Volume_M,0.1152356505944419,0.3140495867768595,80,80,513450555,200,2.404990100010764,none
lstm_cnn_attention,fold_3,sideway,Change_pct_M,0.0738640022059867,0.5371900826446281,80,80,513450555,200,2.404990100010764,none
lstm_cnn_attention,fold_3,sideway,Close_D_lag1,0.1119462266874325,0.3553719008264462,80,80,513450555,200,2.404990100010764,none
lstm_cnn_attention,fold_3,sideway,Close_D_lag2,0.1294143147385512,0.2892561983471074,80,80,513450555,200,2.404990100010764,none
lstm_cnn_attention,fold_3,sideway,Close_D_lag3,0.0751239513409291,0.5289256198347108,80,80,513450555,200,2.404990100010764,none
lstm_cnn_attention,fold_3,sideway,Close_D_lag5,0.086379677352661,0.4628099173553719,80,80,513450555,200,2.404990100010764,none
lstm_cnn_attention,fold_3,sideway,Close_D_lag10,0.0566502695076997,0.628099173553719,80,80,513450555,200,2.404990100010764,none
lstm_cnn_attention,fold_3,sideway,Close_D_lag20,0.187659312284195,0.1818181818181818,80,80,513450555,200,2.404990100010764,none
lstm_cnn_attention,fold_3,sideway,Close_D_lag60,0.3190927785324811,0.0330578512396694,80,80,513450555,200,2.404990100010764,none
lstm_cnn_attention,fold_3,sideway,Change_pct_D_lag1,0.0817396416383716,0.4958677685950413,80,80,513450555,200,2.404990100010764,none
lstm_cnn_attention,fold_3,sideway,Change_pct_D_lag2,0.0628230355566687,0.6033057851239669,80,80,513450555,200,2.404990100010764,none
lstm_cnn_attention,fold_3,sideway,Change_pct_D_lag3,0.0357456845428058,0.8760330578512396,80,80,513450555,200,2.404990100010764,none
lstm_cnn_attention,fold_3,sideway,Change_pct_D_lag5,0.0962355797680112,0.4132231404958678,80,80,513450555,200,2.404990100010764,none
lstm_cnn_attention,fold_3,sideway,Change_pct_D_lag10,0.1112568980347919,0.3636363636363636,80,80,513450555,200,2.404990100010764,none
lstm_cnn_attention,fold_3,sideway,Change_pct_D_lag20,0.0427598927065005,0.7768595041322314,80,80,513450555,200,2.404990100010764,none
lstm_cnn_attention,fold_3,sideway,Volume_D_lag1,0.0845975908866563,0.4710743801652892,80,80,513450555,200,2.404990100010764,none
lstm_cnn_attention,fold_3,sideway,Volume_D_lag2,0.0841906436353474,0.4793388429752066,80,80,513450555,200,2.404990100010764,none
lstm_cnn_attention,fold_3,sideway,Volume_D_lag3,0.0185156158227633,1.0,80,80,513450555,200,2.404990100010764,none
lstm_cnn_attention,fold_3,sideway,Volume_D_lag5,0.1124319827666039,0.3388429752066115,80,80,513450555,200,2.404990100010764,none
lstm_cnn_attention,fold_3,sideway,Volume_D_lag10,0.0366109144284604,0.8677685950413223,80,80,513450555,200,2.404990100010764,none
lstm_cnn_attention,fold_3,sideway,Volume_D_lag20,0.0461507737458008,0.7107438016528925,80,80,513450555,200,2.404990100010764,none
lstm_cnn_attention,fold_3,sideway,Close_W_lag1,0.1345918298963442,0.2644628099173554,80,80,513450555,200,2.404990100010764,none
lstm_cnn_attention,fold_3,sideway,Close_W_lag2,0.0249150775852876,0.9669421487603306,80,80,513450555,200,2.404990100010764,none
lstm_cnn_attention,fold_3,sideway,Close_W_lag4,0.1128004738102936,0.3223140495867768,80,80,513450555,200,2.404990100010764,none
lstm_cnn_attention,fold_3,sideway,Close_M_lag1,0.1220892580727377,0.3057851239669421,80,80,513450555,200,2.404990100010764,none
lstm_cnn_attention,fold_3,sideway,Close_M_lag3,0.0730277240055838,0.5537190082644629,80,80,513450555,200,2.404990100010764,none
lstm_cnn_attention,fold_3,sideway,Return_1D,0.0504759666221542,0.6694214876033058,80,80,513450555,200,2.404990100010764,none
lstm_cnn_attention,fold_3,sideway,Return_3D,0.0461094632639987,0.71900826446281,80,80,513450555,200,2.404990100010764,none
lstm_cnn_attention,fold_3,sideway,Return_5D,0.0956081411113197,0.4214876033057851,80,80,513450555,200,2.404990100010764,none
lstm_cnn_attention,fold_3,sideway,Return_10D,0.0340941166119177,0.9008264462809916,80,80,513450555,200,2.404990100010764,none
lstm_cnn_attention,fold_3,sideway,Return_20D,0.0418132828231804,0.8016528925619835,80,80,513450555,200,2.404990100010764,none
lstm_cnn_attention,fold_3,sideway,Return_60D,0.2419047187438735,0.1239669421487603,80,80,513450555,200,2.404990100010764,none
lstm_cnn_attention,fold_3,sideway,SMA_5,0.3030320776309236,0.0495867768595041,80,80,513450555,200,2.404990100010764,none
lstm_cnn_attention,fold_3,sideway,SMA_10,0.2087915345670626,0.1570247933884297,80,80,513450555,200,2.404990100010764,none
lstm_cnn_attention,fold_3,sideway,SMA_20,0.0291430488651081,0.9421487603305784,80,80,513450555,200,2.404990100010764,none
lstm_cnn_attention,fold_3,sideway,SMA_60,0.3483173582442396,0.0165289256198347,80,80,513450555,200,2.404990100010764,none
lstm_cnn_attention,fold_3,sideway,Close_to_SMA_5,0.0715846899574264,0.5619834710743802,80,80,513450555,200,2.404990100010764,none
lstm_cnn_attention,fold_3,sideway,Close_to_SMA_10,0.0882729172765692,0.4462809917355372,80,80,513450555,200,2.404990100010764,none
lstm_cnn_attention,fold_3,sideway,Close_to_SMA_20,0.03129621511016,0.9173553719008264,80,80,513450555,200,2.404990100010764,none
lstm_cnn_attention,fold_3,sideway,Close_to_SMA_60,0.0394649560170532,0.8347107438016529,80,80,513450555,200,2.404990100010764,none
lstm_cnn_attention,fold_3,sideway,Volatility_5,0.037769562236194,0.8512396694214877,80,80,513450555,200,2.404990100010764,none
lstm_cnn_attention,fold_3,sideway,Volatility_10,0.0516307638297617,0.6611570247933884,80,80,513450555,200,2.404990100010764,none
lstm_cnn_attention,fold_3,sideway,Volatility_20,0.0504171126978992,0.6776859504132231,80,80,513450555,200,2.404990100010764,none
lstm_cnn_attention,fold_3,sideway,Volatility_60,0.1964126961012635,0.1735537190082644,80,80,513450555,200,2.404990100010764,none
lstm_cnn_attention,fold_3,sideway,Momentum_5,0.0308284022802914,0.9256198347107438,80,80,513450555,200,2.404990100010764,none
lstm_cnn_attention,fold_3,sideway,Momentum_10,0.0474115298678275,0.7024793388429752,80,80,513450555,200,2.404990100010764,none
lstm_cnn_attention,fold_3,sideway,Momentum_20,0.04607894501624,0.7272727272727273,80,80,513450555,200,2.404990100010764,none
lstm_cnn_attention,fold_3,sideway,Momentum_60,0.2050183902826179,0.1652892561983471,80,80,513450555,200,2.404990100010764,none
lstm_cnn_attention,fold_3,sideway,ROC_5,0.0787075133464541,0.5041322314049587,80,80,513450555,200,2.404990100010764,none
lstm_cnn_attention,fold_3,sideway,ROC_10,0.0238370655345177,0.9834710743801652,80,80,513450555,200,2.404990100010764,none
lstm_cnn_attention,fold_3,sideway,ROC_20,0.0373253767789893,0.859504132231405,80,80,513450555,200,2.404990100010764,none
lstm_cnn_attention,fold_3,sideway,ROC_60,0.3046203425099968,0.0413223140495867,80,80,513450555,200,2.404990100010764,none
lstm_cnn_attention,fold_3,sideway,Ratio_Close_D_to_W,0.0833409029110694,0.4876033057851239,80,80,513450555,200,2.404990100010764,none
lstm_cnn_attention,fold_3,sideway,Ratio_Close_D_to_M,0.0439486598751217,0.768595041322314,80,80,513450555,200,2.404990100010764,none
lstm_cnn_attention,fold_3,sideway,Ratio_Volume_D_to_W,0.02890934533646,0.950413223140496,80,80,513450555,200,2.404990100010764,none
lstm_cnn_attention,fold_3,sideway,Spread_D,0.0476751710067771,0.6942148760330579,80,80,513450555,200,2.404990100010764,none
lstm_cnn_attention,fold_3,sideway,Body_D,0.0879520867921554,0.4545454545454545,80,80,513450555,200,2.404990100010764,none
lstm_cnn_attention,fold_3,sideway,Body_abs_D,0.0186161877455724,0.9917355371900828,80,80,513450555,200,2.404990100010764,none
lstm_cnn_attention,fold_3,sideway,Upper_Shadow_D,0.0459734556551433,0.7355371900826446,80,80,513450555,200,2.404990100010764,none
lstm_cnn_attention,fold_3,sideway,Lower_Shadow_D,0.0239365410157452,0.975206611570248,80,80,513450555,200,2.404990100010764,none
lstm_cnn_attention,fold_3,sideway,Body_to_Range_D,0.039332410941891,0.8429752066115702,80,80,513450555,200,2.404990100010764,none
lstm_cnn_attention,fold_3,sideway,Close_Position_D,0.0549149433072068,0.6446280991735537,80,80,513450555,200,2.404990100010764,none
lstm_cnn_attention,fold_3,sideway,Spread_W,0.1120479125933334,0.3471074380165289,80,80,513450555,200,2.404990100010764,none
lstm_cnn_attention,fold_3,sideway,Body_W,0.0534177784682489,0.6528925619834711,80,80,513450555,200,2.404990100010764,none
lstm_cnn_attention,fold_3,sideway,Close_Position_W,0.1125021319608162,0.3305785123966942,80,80,513450555,200,2.404990100010764,none
lstm_cnn_attention,fold_3,sideway,Spread_M,0.2479315798318566,0.1074380165289256,80,80,513450555,200,2.404990100010764,none
lstm_cnn_attention,fold_3,sideway,Body_M,0.0671879217889113,0.5785123966942148,80,80,513450555,200,2.404990100010764,none
lstm_cnn_attention,fold_3,sideway,Close_Position_M,0.0619127022725626,0.6115702479338843,80,80,513450555,200,2.404990100010764,none
lstm_cnn_attention,fold_3,sideway,Volume_MA_5,0.0493872958683346,0.6859504132231405,80,80,513450555,200,2.404990100010764,none
lstm_cnn_attention,fold_3,sideway,Volume_MA_20,0.3374372809567149,0.024793388429752,80,80,513450555,200,2.404990100010764,none
lstm_cnn_attention,fold_3,sideway,Volume_Ratio_5,0.0408869340583254,0.8264462809917356,80,80,513450555,200,2.404990100010764,none
lstm_cnn_attention,fold_3,sideway,Volume_Ratio_20,0.0421684266831206,0.7933884297520661,80,80,513450555,200,2.404990100010764,none
lstm_cnn_attention,fold_3,sideway,Volume_Change_1D,0.0320516612232169,0.9090909090909092,80,80,513450555,200,2.404990100010764,none
lstm_cnn_attention,fold_3,sideway,Volume_Change_5D,0.0664830708902806,0.5867768595041323,80,80,513450555,200,2.404990100010764,none
lstm_cnn_attention,fold_3,sideway,Volume_Change_20D,0.0425741851292278,0.7851239669421488,80,80,513450555,200,2.404990100010764,none
lstm_cnn_attention,fold_3,sideway,Direction_lag1,0.2713929025314519,0.0826446280991735,80,80,513450555,200,2.404990100010764,none
lstm_cnn_attention,fold_3,sideway,Direction_lag2,0.0694586572297987,0.5702479338842975,80,80,513450555,200,2.404990100010764,none
lstm_cnn_attention,fold_3,sideway,Direction_lag3,0.2111525579802219,0.1487603305785124,80,80,513450555,200,2.404990100010764,none
lstm_cnn_attention,fold_3,sideway,Direction_lag5,0.1774272829816618,0.1900826446280991,80,80,513450555,200,2.404990100010764,none
lstm_cnn_attention,fold_3,sideway,Up_Ratio_5,0.1022287269956342,0.3884297520661157,80,80,513450555,200,2.404990100010764,none
lstm_cnn_attention,fold_3,sideway,Up_Ratio_10,0.064907892378557,0.5950413223140496,80,80,513450555,200,2.404990100010764,none
lstm_cnn_attention,fold_3,sideway,Up_Ratio_20,0.0415525008787858,0.8099173553719008,80,80,513450555,200,2.404990100010764,none
lstm_cnn_attention,fold_3,sideway,Down_Ratio_5,0.1499804502432095,0.2396694214876033,80,80,513450555,200,2.404990100010764,none
lstm_cnn_attention,fold_3,sideway,Down_Ratio_10,0.0409050640887679,0.8181818181818182,80,80,513450555,200,2.404990100010764,none
lstm_cnn_attention,fold_3,sideway,Down_Ratio_20,0.103360202852407,0.3801652892561983,80,80,513450555,200,2.404990100010764,none
lstm_cnn_attention,fold_3,sideway,WMA_5,0.2428411558216612,0.1157024793388429,80,80,513450555,200,2.404990100010764,none
lstm_cnn_attention,fold_3,sideway,WMA_10,0.0603760558803605,0.6198347107438017,80,80,513450555,200,2.404990100010764,none
lstm_cnn_attention,fold_3,sideway,WMA_20,0.2190522514817712,0.140495867768595,80,80,513450555,200,2.404990100010764,none
lstm_cnn_attention,fold_3,sideway,WMA_60,0.2346996403952653,0.1322314049586777,80,80,513450555,200,2.404990100010764,none
lstm_cnn_attention,fold_3,sideway,StochK_14,0.2891750448087623,0.0578512396694214,80,80,513450555,200,2.404990100010764,none
lstm_cnn_attention,fold_3,sideway,StochD_3,0.1603271649483202,0.2231404958677686,80,80,513450555,200,2.404990100010764,none
lstm_cnn_attention,fold_3,sideway,RSI_14,0.0354274838795991,0.8925619834710744,80,80,513450555,200,2.404990100010764,none
lstm_cnn_attention,fold_3,sideway,MACD_12_26,0.0751352731755164,0.5206611570247934,80,80,513450555,200,2.404990100010764,none
lstm_cnn_attention,fold_3,sideway,MACD_Signal_9,0.166358116304595,0.2066115702479339,80,80,513450555,200,2.404990100010764,none
lstm_cnn_attention,fold_3,sideway,MACD_Histogram,0.088901657813988,0.4380165289256198,80,80,513450555,200,2.404990100010764,none
lstm_cnn_attention,fold_3,sideway,WilliamsR_14,0.0355091105810278,0.8842975206611571,80,80,513450555,200,2.404990100010764,none
lstm_cnn_attention,fold_3,sideway,CCI_20,0.0559462389437084,0.6363636363636364,80,80,513450555,200,2.404990100010764,none
lstm_cnn_attention,fold_3,sideway,ADX_14,0.077210471458053,0.512396694214876,80,80,513450555,200,2.404990100010764,none
lstm_cnn_attention,fold_3,sideway,PlusDI_14,0.0294056637138103,0.9338842975206612,80,80,513450555,200,2.404990100010764,none
lstm_cnn_attention,fold_3,sideway,MinusDI_14,0.1014726590594007,0.396694214876033,80,80,513450555,200,2.404990100010764,none
lstm_cnn_attention,fold_3,sideway,VMD_IMF_1,0.0455150300303103,0.7603305785123967,80,80,513450555,200,2.404990100010764,none
lstm_cnn_attention,fold_3,sideway,VMD_IMF_2,0.0907610107890238,0.4297520661157025,80,80,513450555,200,2.404990100010764,none
lstm_cnn_attention,fold_3,sideway,VMD_IMF_3,0.0734658220492292,0.5454545454545454,80,80,513450555,200,2.404990100010764,none
lstm_cnn_attention,fold_3,sideway,VMD_IMF_4,0.1006144767429577,0.4049586776859504,80,80,513450555,200,2.404990100010764,none
lstm_cnn_attention,fold_3,sideway,VMD_Denoised_Close,0.2747617417273432,0.0661157024793388,80,80,513450555,200,2.404990100010764,none
lstm_cnn_attention,fold_3,sideway,VMD_Noise_Energy_Ratio,1.446580096811349,0.0082644628099173,80,80,513450555,200,2.404990100010764,none
