model,selection_fold,regime,feature,importance,normalized_rank,available_sequences,fallback
spearman_filter,fold_1,global,Open_D,0.08882612559345889,0.18181818181818182,244,none
spearman_filter,fold_1,global,High_D,0.08714589031095483,0.19008264462809918,244,none
spearman_filter,fold_1,global,Low_D,0.10379787616321574,0.049586776859504134,244,none
spearman_filter,fold_1,global,Close_D,0.09674119719293407,0.12396694214876033,244,none
spearman_filter,fold_1,global,Volume_D,0.08182701214930622,0.21487603305785125,244,none
spearman_filter,fold_1,global,Change_pct_D,0.03620207422159701,0.6446280991735537,244,none
spearman_filter,fold_1,global,Open_W,0.07357864628362633,0.2975206611570248,244,none
spearman_filter,fold_1,global,High_W,0.06423321465658995,0.3884297520661157,244,none
spearman_filter,fold_1,global,Low_W,0.08539944818337077,0.19834710743801653,244,none
spearman_filter,fold_1,global,Close_W,0.052629709947006456,0.47107438016528924,244,none
spearman_filter,fold_1,global,Volume_W,0.014366232917538673,0.8429752066115702,244,none
spearman_filter,fold_1,global,Change_pct_W,0.030733664919704543,0.7107438016528925,244,none
spearman_filter,fold_1,global,Open_M,0.06220471030485665,0.4049586776859504,244,none
spearman_filter,fold_1,global,High_M,0.0492657923324272,0.512396694214876,244,none
spearman_filter,fold_1,global,Low_M,0.09636667024372424,0.14049586776859505,244,none
spearman_filter,fold_1,global,Close_M,0.08401633708423847,0.2066115702479339,244,none
spearman_filter,fold_1,global,Volume_M,0.0027336034094109507,0.9752066115702479,244,none
spearman_filter,fold_1,global,Change_pct_M,0.03669080215278968,0.6363636363636364,244,none
spearman_filter,fold_1,global,Close_D_lag1,0.1005890532295894,0.0743801652892562,244,none
spearman_filter,fold_1,global,Close_D_lag2,0.09663959000261449,0.1322314049586777,244,none
spearman_filter,fold_1,global,Close_D_lag3,0.06414676704301797,0.39669421487603307,244,none
spearman_filter,fold_1,global,Close_D_lag5,0.07618432783437507,0.2809917355371901,244,none
spearman_filter,fold_1,global,Close_D_lag10,0.05525902915156786,0.4380165289256198,244,none
spearman_filter,fold_1,global,Close_D_lag20,0.09175044783567185,0.17355371900826447,244,none
spearman_filter,fold_1,global,Close_D_lag60,0.005323223284393358,0.9338842975206612,244,none
spearman_filter,fold_1,global,Change_pct_D_lag1,0.03824005694995152,0.628099173553719,244,none
spearman_filter,fold_1,global,Change_pct_D_lag2,0.1292103354411405,0.024793388429752067,244,none
spearman_filter,fold_1,global,Change_pct_D_lag3,0.055216786659137866,0.4462809917355372,244,none
spearman_filter,fold_1,global,Change_pct_D_lag5,0.006828101081195159,0.9090909090909091,244,none
spearman_filter,fold_1,global,Change_pct_D_lag10,0.024521890675631278,0.7355371900826446,244,none
spearman_filter,fold_1,global,Change_pct_D_lag20,0.003395277179560493,0.9669421487603306,244,none
spearman_filter,fold_1,global,Volume_D_lag1,0.034587811947304495,0.6859504132231405,244,none
spearman_filter,fold_1,global,Volume_D_lag2,0.07172265788426403,0.3140495867768595,244,none
spearman_filter,fold_1,global,Volume_D_lag3,0.01131586890241317,0.859504132231405,244,none
spearman_filter,fold_1,global,Volume_D_lag5,0.021428893070576487,0.7768595041322314,244,none
spearman_filter,fold_1,global,Volume_D_lag10,0.026214964406695584,0.7272727272727273,244,none
spearman_filter,fold_1,global,Volume_D_lag20,0.018819109195823025,0.8016528925619835,244,none
spearman_filter,fold_1,global,Close_W_lag1,0.06985476335942524,0.34710743801652894,244,none
spearman_filter,fold_1,global,Close_W_lag2,0.06776686722641864,0.36363636363636365,244,none
spearman_filter,fold_1,global,Close_W_lag4,0.06962350693267388,0.35537190082644626,244,none
spearman_filter,fold_1,global,Close_M_lag1,0.06430521690896093,0.38016528925619836,244,none
spearman_filter,fold_1,global,Close_M_lag3,0.03470941954773639,0.6694214876033058,244,none
spearman_filter,fold_1,global,Return_1D,0.03614735511691015,0.6528925619834711,244,none
spearman_filter,fold_1,global,Return_3D,0.03466950836193615,0.6776859504132231,244,none
spearman_filter,fold_1,global,Return_5D,0.008964557286181018,0.8801652892561983,244,none
spearman_filter,fold_1,global,Return_10D,0.042669210975221895,0.5991735537190083,244,none
spearman_filter,fold_1,global,Return_20D,0.0009152902205205093,0.9958677685950413,244,none
spearman_filter,fold_1,global,Return_60D,0.07868935066437018,0.24380165289256198,244,none
spearman_filter,fold_1,global,SMA_5,0.0927995241812572,0.1652892561983471,244,none
spearman_filter,fold_1,global,SMA_10,0.09556026417853115,0.15702479338842976,244,none
spearman_filter,fold_1,global,SMA_20,0.07778149511170587,0.2727272727272727,244,none
spearman_filter,fold_1,global,SMA_60,0.0698908342936446,0.33884297520661155,244,none
spearman_filter,fold_1,global,Close_to_SMA_5,0.007754358574030705,0.8925619834710744,244,none
spearman_filter,fold_1,global,Close_to_SMA_10,0.003564510199951261,0.9586776859504132,244,none
spearman_filter,fold_1,global,Close_to_SMA_20,0.05440607329756433,0.45454545454545453,244,none
spearman_filter,fold_1,global,Close_to_SMA_60,0.0493951071624764,0.5041322314049587,244,none
spearman_filter,fold_1,global,Volatility_5,0.03430686178539418,0.7024793388429752,244,none
spearman_filter,fold_1,global,Volatility_10,0.11818726276181389,0.03305785123966942,244,none
spearman_filter,fold_1,global,Volatility_20,0.012696760550000205,0.8512396694214877,244,none
spearman_filter,fold_1,global,Volatility_60,0.004124588511786013,0.9421487603305785,244,none
spearman_filter,fold_1,global,Momentum_5,0.01123543991980564,0.8677685950413223,244,none
spearman_filter,fold_1,global,Momentum_10,0.04366961389475035,0.5785123966942148,244,none
spearman_filter,fold_1,global,Momentum_20,0.0013498052530058772,0.9834710743801653,244,none
spearman_filter,fold_1,global,Momentum_60,0.07870137750025931,0.23140495867768596,244,none
spearman_filter,fold_1,global,ROC_5,0.008964557286181018,0.8801652892561983,244,none
spearman_filter,fold_1,global,ROC_10,0.042669210975221895,0.5991735537190083,244,none
spearman_filter,fold_1,global,ROC_20,0.0009152902205205093,0.9958677685950413,244,none
spearman_filter,fold_1,global,ROC_60,0.07868935066437018,0.24380165289256198,244,none
spearman_filter,fold_1,global,Ratio_Close_D_to_W,0.07809622938428559,0.256198347107438,244,none
spearman_filter,fold_1,global,Ratio_Close_D_to_M,0.019449917186060824,0.7933884297520661,244,none
spearman_filter,fold_1,global,Ratio_Volume_D_to_W,0.11257592667107735,0.04132231404958678,244,none
spearman_filter,fold_1,global,Spread_D,0.21042823002392372,0.0,244,none
spearman_filter,fold_1,global,Body_D,0.014917691861325407,0.8181818181818182,244,none
spearman_filter,fold_1,global,Body_abs_D,0.1384023118626015,0.008264462809917356,244,none
spearman_filter,fold_1,global,Upper_Shadow_D,0.04273089107104439,0.5867768595041323,244,none
spearman_filter,fold_1,global,Lower_Shadow_D,0.015010007017444617,0.8099173553719008,244,none
spearman_filter,fold_1,global,Body_to_Range_D,0.0992272075800569,0.09917355371900827,244,none
spearman_filter,fold_1,global,Close_Position_D,0.007545636068069345,0.9008264462809917,244,none
spearman_filter,fold_1,global,Spread_W,0.10024092889386979,0.08264462809917356,244,none
spearman_filter,fold_1,global,Body_W,0.03601845516302924,0.6611570247933884,244,none
spearman_filter,fold_1,global,Close_Position_W,0.06634504590393368,0.371900826446281,244,none
spearman_filter,fold_1,global,Spread_M,0.07011578758643623,0.3305785123966942,244,none
spearman_filter,fold_1,global,Body_M,0.04427359832743167,0.5619834710743802,244,none
spearman_filter,fold_1,global,Close_Position_M,0.043674236609462264,0.5702479338842975,244,none
spearman_filter,fold_1,global,Volume_MA_5,0.09594897480714507,0.1487603305785124,244,none
spearman_filter,fold_1,global,Volume_MA_20,0.051513670211240134,0.49586776859504134,244,none
spearman_filter,fold_1,global,Volume_Ratio_5,0.022893820551900177,0.7520661157024794,244,none
spearman_filter,fold_1,global,Volume_Ratio_20,0.07170076287952946,0.32231404958677684,244,none
spearman_filter,fold_1,global,Volume_Change_1D,0.03922784254098284,0.6198347107438017,244,none
spearman_filter,fold_1,global,Volume_Change_5D,0.05167341982330273,0.4793388429752066,244,none
spearman_filter,fold_1,global,Volume_Change_20D,0.053187255727051845,0.4628099173553719,244,none
spearman_filter,fold_1,global,Direction_lag1,0.0345621748278656,0.6942148760330579,244,none
spearman_filter,fold_1,global,Direction_lag2,0.0757018519442793,0.2892561983471074,244,none
spearman_filter,fold_1,global,Direction_lag3,0.07796854254097628,0.2644628099173554,244,none
spearman_filter,fold_1,global,Direction_lag5,0.003898558093979025,0.9504132231404959,244,none
spearman_filter,fold_1,global,Up_Ratio_5,0.04883366976960624,0.5247933884297521,244,none
spearman_filter,fold_1,global,Up_Ratio_10,0.005781136772172453,0.9214876033057852,244,none
spearman_filter,fold_1,global,Up_Ratio_20,0.02230397811302568,0.7644628099173554,244,none
spearman_filter,fold_1,global,Down_Ratio_5,0.04883366976960624,0.5247933884297521,244,none
spearman_filter,fold_1,global,Down_Ratio_10,0.005781136772172453,0.9214876033057852,244,none
spearman_filter,fold_1,global,Down_Ratio_20,0.02230397811302568,0.7644628099173554,244,none
spearman_filter,fold_1,global,WMA_5,0.09933916115038503,0.09090909090909091,244,none
spearman_filter,fold_1,global,WMA_10,0.09873734557575306,0.10743801652892562,244,none
spearman_filter,fold_1,global,WMA_20,0.09689850439264959,0.11570247933884298,244,none
spearman_filter,fold_1,global,WMA_60,0.08045797553994274,0.2231404958677686,244,none
spearman_filter,fold_1,global,StochK_14,0.014896599237657578,0.8305785123966942,244,none
spearman_filter,fold_1,global,StochD_3,0.05972764333420071,0.4132231404958678,244,none
spearman_filter,fold_1,global,RSI_14,0.04856655473361171,0.5371900826446281,244,none
spearman_filter,fold_1,global,MACD_12_26,0.05710072735833859,0.4297520661157025,244,none
spearman_filter,fold_1,global,MACD_Signal_9,0.039769690511298625,0.6115702479338843,244,none
spearman_filter,fold_1,global,MACD_Histogram,0.05159329062529687,0.48760330578512395,244,none
spearman_filter,fold_1,global,WilliamsR_14,0.014896599237657578,0.8305785123966942,244,none
spearman_filter,fold_1,global,CCI_20,0.0456141655204887,0.5454545454545454,244,none
spearman_filter,fold_1,global,ADX_14,0.1314845792597549,0.01652892561983471,244,none
spearman_filter,fold_1,global,PlusDI_14,0.07175197948031671,0.30578512396694213,244,none
spearman_filter,fold_1,global,MinusDI_14,0.02710184255851703,0.71900826446281,244,none
spearman_filter,fold_1,global,VMD_IMF_1,0.045206084862603205,0.5537190082644629,244,none
spearman_filter,fold_1,global,VMD_IMF_2,0.1023572027475228,0.06611570247933884,244,none
spearman_filter,fold_1,global,VMD_IMF_3,0.020219818346282045,0.7851239669421488,244,none
spearman_filter,fold_1,global,VMD_IMF_4,0.05935756208980252,0.4214876033057851,244,none
spearman_filter,fold_1,global,VMD_Denoised_Close,0.10376483319496589,0.05785123966942149,244,none
spearman_filter,fold_1,global,VMD_Noise_Energy_Ratio,0.023489420054603503,0.743801652892562,244,none
spearman_filter,fold_1,bull,Open_D,0.20323013723514483,0.19008264462809918,72,none
spearman_filter,fold_1,bull,High_D,0.19850151135121236,0.21487603305785125,72,none
spearman_filter,fold_1,bull,Low_D,0.22107531030934469,0.0743801652892562,72,none
spearman_filter,fold_1,bull,Close_D,0.203614380346003,0.18181818181818182,72,none
spearman_filter,fold_1,bull,Volume_D,0.18885887396550602,0.2644628099173554,72,none
spearman_filter,fold_1,bull,Change_pct_D,0.18265288189162063,0.2892561983471074,72,none
spearman_filter,fold_1,bull,Open_W,0.1647262022606268,0.3305785123966942,72,none
spearman_filter,fold_1,bull,High_W,0.15290482638466865,0.33884297520661155,72,none
spearman_filter,fold_1,bull,Low_W,0.19535870487107967,0.2396694214876033,72,none
spearman_filter,fold_1,bull,Close_W,0.1455607563581878,0.371900826446281,72,none
spearman_filter,fold_1,bull,Volume_W,0.07610730318953025,0.6198347107438017,72,none
spearman_filter,fold_1,bull,Change_pct_W,0.22602341831498204,0.04132231404958678,72,none
spearman_filter,fold_1,bull,Open_M,0.1469291264060585,0.36363636363636365,72,none
spearman_filter,fold_1,bull,High_M,0.07503599771004593,0.628099173553719,72,none
spearman_filter,fold_1,bull,Low_M,0.21869130222648636,0.09090909090909091,72,none
spearman_filter,fold_1,bull,Close_M,0.2107686532536107,0.1652892561983471,72,none
spearman_filter,fold_1,bull,Volume_M,0.23312885675970205,0.024793388429752067,72,none
spearman_filter,fold_1,bull,Change_pct_M,0.017416732452768074,0.9504132231404959,72,none
spearman_filter,fold_1,bull,Close_D_lag1,0.23609235320599398,0.01652892561983471,72,none
spearman_filter,fold_1,bull,Close_D_lag2,0.19618624991960903,0.23140495867768596,72,none
spearman_filter,fold_1,bull,Close_D_lag3,0.12756447359958842,0.4132231404958678,72,none
spearman_filter,fold_1,bull,Close_D_lag5,0.12569940189079684,0.4214876033057851,72,none
spearman_filter,fold_1,bull,Close_D_lag10,0.1256672454820246,0.4297520661157025,72,none
spearman_filter,fold_1,bull,Close_D_lag20,0.22011061804617663,0.08264462809917356,72,none
spearman_filter,fold_1,bull,Close_D_lag60,0.058428194739211535,0.71900826446281,72,none
spearman_filter,fold_1,bull,Change_pct_D_lag1,0.0034090452579751533,0.9917355371900827,72,none
spearman_filter,fold_1,bull,Change_pct_D_lag2,0.2146452065916666,0.11570247933884298,72,none
spearman_filter,fold_1,bull,Change_pct_D_lag3,0.024039041426687353,0.8842975206611571,72,none
spearman_filter,fold_1,bull,Change_pct_D_lag5,0.05680977675579308,0.7272727272727273,72,none
spearman_filter,fold_1,bull,Change_pct_D_lag10,0.17546934837275882,0.3140495867768595,72,none
spearman_filter,fold_1,bull,Change_pct_D_lag20,0.003923460381662472,0.9834710743801653,72,none
spearman_filter,fold_1,bull,Volume_D_lag1,0.09118247951863326,0.5950413223140496,72,none
spearman_filter,fold_1,bull,Volume_D_lag2,0.09396761341904175,0.5702479338842975,72,none
spearman_filter,fold_1,bull,Volume_D_lag3,0.0463156552216774,0.7933884297520661,72,none
spearman_filter,fold_1,bull,Volume_D_lag5,0.12819915149792732,0.4049586776859504,72,none
spearman_filter,fold_1,bull,Volume_D_lag10,0.07197240764271075,0.6363636363636364,72,none
spearman_filter,fold_1,bull,Volume_D_lag20,0.03618032299159326,0.8264462809917356,72,none
spearman_filter,fold_1,bull,Close_W_lag1,0.1201357496288154,0.4462809917355372,72,none
spearman_filter,fold_1,bull,Close_W_lag2,0.134129993883276,0.39669421487603307,72,none
spearman_filter,fold_1,bull,Close_W_lag4,0.1383321403086223,0.3884297520661157,72,none
spearman_filter,fold_1,bull,Close_M_lag1,0.19960159422169474,0.2066115702479339,72,none
spearman_filter,fold_1,bull,Close_M_lag3,0.10497648073001663,0.5041322314049587,72,none
spearman_filter,fold_1,bull,Return_1D,0.18496366325808736,0.2727272727272727,72,none
spearman_filter,fold_1,bull,Return_3D,0.03617595986880186,0.8347107438016529,72,none
spearman_filter,fold_1,bull,Return_5D,0.05289729243038138,0.7479338842975206,72,none
spearman_filter,fold_1,bull,Return_10D,0.02183420155637019,0.9049586776859504,72,none
spearman_filter,fold_1,bull,Return_20D,0.22242587947778,0.06198347107438017,72,none
spearman_filter,fold_1,bull,Return_60D,0.1042510772396939,0.5165289256198347,72,none
spearman_filter,fold_1,bull,SMA_5,0.2169271335777221,0.10743801652892562,72,none
spearman_filter,fold_1,bull,SMA_10,0.18062254807383116,0.2975206611570248,72,none
spearman_filter,fold_1,bull,SMA_20,0.1999807061547367,0.19834710743801653,72,none
spearman_filter,fold_1,bull,SMA_60,0.19673290886873754,0.2231404958677686,72,none
spearman_filter,fold_1,bull,Close_to_SMA_5,0.040581387870602614,0.8099173553719008,72,none
spearman_filter,fold_1,bull,Close_to_SMA_10,0.0350183291530002,0.8429752066115702,72,none
spearman_filter,fold_1,bull,Close_to_SMA_20,0.11200077175381054,0.4628099173553719,72,none
spearman_filter,fold_1,bull,Close_to_SMA_60,0.02408515017042897,0.8760330578512396,72,none
spearman_filter,fold_1,bull,Volatility_5,0.06801080455334749,0.6528925619834711,72,none
spearman_filter,fold_1,bull,Volatility_10,0.017686024824747577,0.9421487603305785,72,none
spearman_filter,fold_1,bull,Volatility_20,0.0955045340536369,0.5619834710743802,72,none
spearman_filter,fold_1,bull,Volatility_60,0.09794842112032928,0.5454545454545454,72,none
spearman_filter,fold_1,bull,Momentum_5,0.06125795871117115,0.7107438016528925,72,none
spearman_filter,fold_1,bull,Momentum_10,0.014293638607756625,0.9669421487603306,72,none
spearman_filter,fold_1,bull,Momentum_20,0.21184642099170367,0.15702479338842976,72,none
spearman_filter,fold_1,bull,Momentum_60,0.11356127051359398,0.45454545454545453,72,none
spearman_filter,fold_1,bull,ROC_5,0.05289729243038138,0.7479338842975206,72,none
spearman_filter,fold_1,bull,ROC_10,0.02183420155637019,0.9049586776859504,72,none
spearman_filter,fold_1,bull,ROC_20,0.22242587947778,0.06198347107438017,72,none
spearman_filter,fold_1,bull,ROC_60,0.1042510772396939,0.5165289256198347,72,none
spearman_filter,fold_1,bull,Ratio_Close_D_to_W,0.10827062833622744,0.47107438016528924,72,none
spearman_filter,fold_1,bull,Ratio_Close_D_to_M,0.24985529616052482,0.008264462809917356,72,none
spearman_filter,fold_1,bull,Ratio_Volume_D_to_W,0.1416501193862046,0.38016528925619836,72,none
spearman_filter,fold_1,bull,Spread_D,0.28429938101592644,0.0,72,none
spearman_filter,fold_1,bull,Body_D,0.06534234792117315,0.6694214876033058,72,none
spearman_filter,fold_1,bull,Body_abs_D,0.23286812244731722,0.03305785123966942,72,none
spearman_filter,fold_1,bull,Upper_Shadow_D,0.06528065867096633,0.6776859504132231,72,none
spearman_filter,fold_1,bull,Lower_Shadow_D,0.06455554753503458,0.6859504132231405,72,none
spearman_filter,fold_1,bull,Body_to_Range_D,0.19261688854588724,0.256198347107438,72,none
spearman_filter,fold_1,bull,Close_Position_D,0.029376060222950015,0.8677685950413223,72,none
spearman_filter,fold_1,bull,Spread_W,0.15058564637630625,0.35537190082644626,72,none
spearman_filter,fold_1,bull,Body_W,0.17693410813797866,0.30578512396694213,72,none
spearman_filter,fold_1,bull,Close_Position_W,0.09560175367804855,0.5537190082644629,72,none
spearman_filter,fold_1,bull,Spread_M,0.03185428698598372,0.8512396694214877,72,none
spearman_filter,fold_1,bull,Body_M,0.10728314332278381,0.48760330578512395,72,none
spearman_filter,fold_1,bull,Close_Position_M,0.017776852860626066,0.9338842975206612,72,none
spearman_filter,fold_1,bull,Volume_MA_5,0.18384114481032143,0.2809917355371901,72,none
spearman_filter,fold_1,bull,Volume_MA_20,0.014599009582609818,0.9586776859504132,72,none
spearman_filter,fold_1,bull,Volume_Ratio_5,0.06640298411473407,0.6611570247933884,72,none
spearman_filter,fold_1,bull,Volume_Ratio_20,0.10753103093446527,0.4793388429752066,72,none
spearman_filter,fold_1,bull,Volume_Change_1D,0.051804390994591505,0.7603305785123967,72,none
spearman_filter,fold_1,bull,Volume_Change_5D,0.021094604154608017,0.9173553719008265,72,none
spearman_filter,fold_1,bull,Volume_Change_20D,0.06971565467180285,0.6446280991735537,72,none
spearman_filter,fold_1,bull,Direction_lag1,0.10065425246263958,0.5289256198347108,72,none
spearman_filter,fold_1,bull,Direction_lag2,0.12475456643256737,0.4380165289256198,72,none
spearman_filter,fold_1,bull,Direction_lag3,0.09182868481345365,0.5785123966942148,72,none
spearman_filter,fold_1,bull,Direction_lag5,0.0007166515836652131,1.0,72,none
spearman_filter,fold_1,bull,Up_Ratio_5,0.05077992349646489,0.7727272727272727,72,none
spearman_filter,fold_1,bull,Up_Ratio_10,0.06272256338068478,0.6983471074380165,72,none
spearman_filter,fold_1,bull,Up_Ratio_20,0.21314804685987043,0.1446280991735537,72,none
spearman_filter,fold_1,bull,Down_Ratio_5,0.05077992349646489,0.7727272727272727,72,none
spearman_filter,fold_1,bull,Down_Ratio_10,0.06272256338068478,0.6983471074380165,72,none
spearman_filter,fold_1,bull,Down_Ratio_20,0.21314804685987043,0.1446280991735537,72,none
spearman_filter,fold_1,bull,WMA_5,0.22351919737603707,0.049586776859504134,72,none
spearman_filter,fold_1,bull,WMA_10,0.2171200720303557,0.09917355371900827,72,none
spearman_filter,fold_1,bull,WMA_20,0.19457842948099563,0.24793388429752067,72,none
spearman_filter,fold_1,bull,WMA_60,0.21419383883207926,0.12396694214876033,72,none
spearman_filter,fold_1,bull,StochK_14,0.08122708855874976,0.6074380165289256,72,none
spearman_filter,fold_1,bull,StochD_3,0.03701202649688084,0.8181818181818182,72,none
spearman_filter,fold_1,bull,RSI_14,0.09138851373078656,0.5867768595041323,72,none
spearman_filter,fold_1,bull,MACD_12_26,0.03074152678628851,0.859504132231405,72,none
spearman_filter,fold_1,bull,MACD_Signal_9,0.023056145089716384,0.8925619834710744,72,none
spearman_filter,fold_1,bull,MACD_Histogram,0.012476686603640107,0.9752066115702479,72,none
spearman_filter,fold_1,bull,WilliamsR_14,0.08122708855874976,0.6074380165289256,72,none
spearman_filter,fold_1,bull,CCI_20,0.042446459579394184,0.8016528925619835,72,none
spearman_filter,fold_1,bull,ADX_14,0.1693999614123095,0.32231404958677684,72,none
spearman_filter,fold_1,bull,PlusDI_14,0.09814135957296291,0.5371900826446281,72,none
spearman_filter,fold_1,bull,MinusDI_14,0.10576242845199049,0.49586776859504134,72,none
spearman_filter,fold_1,bull,VMD_IMF_1,0.05479452054794521,0.7355371900826446,72,none
spearman_filter,fold_1,bull,VMD_IMF_2,0.15174609299633418,0.34710743801652894,72,none
spearman_filter,fold_1,bull,VMD_IMF_3,0.020965978519518945,0.9256198347107438,72,none
spearman_filter,fold_1,bull,VMD_IMF_4,0.20747314939867523,0.17355371900826447,72,none
spearman_filter,fold_1,bull,VMD_Denoised_Close,0.2138401183355843,0.1322314049586777,72,none
spearman_filter,fold_1,bull,VMD_Noise_Energy_Ratio,0.04829892597594702,0.7851239669421488,72,none
spearman_filter,fold_1,sideway,Open_D,0.12883719250081277,0.08264462809917356,94,none
spearman_filter,fold_1,sideway,High_D,0.12253773990521703,0.12396694214876033,94,none
spearman_filter,fold_1,sideway,Low_D,0.14831485026911823,0.03305785123966942,94,none
spearman_filter,fold_1,sideway,Close_D,0.11310953693509096,0.1487603305785124,94,none
spearman_filter,fold_1,sideway,Volume_D,0.019293789904519472,0.8181818181818182,94,none
spearman_filter,fold_1,sideway,Change_pct_D,0.09993533688742935,0.256198347107438,94,none
spearman_filter,fold_1,sideway,Open_W,0.09264022780966248,0.2892561983471074,94,none
spearman_filter,fold_1,sideway,High_W,0.04817118308366932,0.5867768595041323,94,none
spearman_filter,fold_1,sideway,Low_W,0.08500456744695536,0.3305785123966942,94,none
spearman_filter,fold_1,sideway,Close_W,0.040853675236075006,0.6446280991735537,94,none
spearman_filter,fold_1,sideway,Volume_W,0.03142479160636849,0.71900826446281,94,none
spearman_filter,fold_1,sideway,Change_pct_W,0.04422319960067871,0.628099173553719,94,none
spearman_filter,fold_1,sideway,Open_M,0.0215926905746257,0.8016528925619835,94,none
spearman_filter,fold_1,sideway,High_M,0.004394327511474619,0.9421487603305785,94,none
spearman_filter,fold_1,sideway,Low_M,0.04581614770255543,0.5950413223140496,94,none
spearman_filter,fold_1,sideway,Close_M,0.030833167000081447,0.7272727272727273,94,none
spearman_filter,fold_1,sideway,Volume_M,0.16683140915454137,0.01652892561983471,94,none
spearman_filter,fold_1,sideway,Change_pct_M,0.03717324151912443,0.6818181818181818,94,none
spearman_filter,fold_1,sideway,Close_D_lag1,0.14051273529960298,0.04132231404958678,94,none
spearman_filter,fold_1,sideway,Close_D_lag2,0.10800130043709134,0.1652892561983471,94,none
spearman_filter,fold_1,sideway,Close_D_lag3,0.07629953401004226,0.3884297520661157,94,none
spearman_filter,fold_1,sideway,Close_D_lag5,0.06150344977061734,0.4793388429752066,94,none
spearman_filter,fold_1,sideway,Close_D_lag10,0.05556478705342629,0.5619834710743802,94,none
spearman_filter,fold_1,sideway,Close_D_lag20,0.07427663186793339,0.4214876033057851,94,none
spearman_filter,fold_1,sideway,Close_D_lag60,0.045378029837806595,0.6033057851239669,94,none
spearman_filter,fold_1,sideway,Change_pct_D_lag1,0.0021168914219286453,0.9752066115702479,94,none
spearman_filter,fold_1,sideway,Change_pct_D_lag2,0.0908391404486444,0.2975206611570248,94,none
spearman_filter,fold_1,sideway,Change_pct_D_lag3,0.014154164103316358,0.8429752066115702,94,none
spearman_filter,fold_1,sideway,Change_pct_D_lag5,0.07624697013383977,0.39669421487603307,94,none
spearman_filter,fold_1,sideway,Change_pct_D_lag10,0.07707814044178421,0.371900826446281,94,none
spearman_filter,fold_1,sideway,Change_pct_D_lag20,0.000982612812667529,0.9917355371900827,94,none
spearman_filter,fold_1,sideway,Volume_D_lag1,0.039453575827547875,0.6611570247933884,94,none
spearman_filter,fold_1,sideway,Volume_D_lag2,0.014465631602799784,0.8347107438016529,94,none
spearman_filter,fold_1,sideway,Volume_D_lag3,0.0085047347903145,0.8842975206611571,94,none
spearman_filter,fold_1,sideway,Volume_D_lag5,0.060196609556109594,0.48760330578512395,94,none
spearman_filter,fold_1,sideway,Volume_D_lag10,0.08516710863028178,0.32231404958677684,94,none
spearman_filter,fold_1,sideway,Volume_D_lag20,0.10067519016819135,0.23140495867768596,94,none
spearman_filter,fold_1,sideway,Close_W_lag1,0.059872468576435106,0.49586776859504134,94,none
spearman_filter,fold_1,sideway,Close_W_lag2,0.07446619186927284,0.4132231404958678,94,none
spearman_filter,fold_1,sideway,Close_W_lag4,0.06754638628207794,0.4297520661157025,94,none
spearman_filter,fold_1,sideway,Close_M_lag1,0.04209224919350324,0.6363636363636364,94,none
spearman_filter,fold_1,sideway,Close_M_lag3,0.06532974529885366,0.4628099173553719,94,none
spearman_filter,fold_1,sideway,Return_1D,0.10009753278185168,0.24793388429752067,94,none
spearman_filter,fold_1,sideway,Return_3D,0.008069934616912907,0.8925619834710744,94,none
spearman_filter,fold_1,sideway,Return_5D,0.004616551674312754,0.9297520661157025,94,none
spearman_filter,fold_1,sideway,Return_10D,0.05757323989452011,0.5495867768595041,94,none
spearman_filter,fold_1,sideway,Return_20D,0.002564750930173753,0.9628099173553719,94,none
spearman_filter,fold_1,sideway,Return_60D,0.13886500740526675,0.06198347107438017,94,none
spearman_filter,fold_1,sideway,SMA_5,0.09675974424737205,0.2644628099173554,94,none
spearman_filter,fold_1,sideway,SMA_10,0.09563269876819709,0.2727272727272727,94,none
spearman_filter,fold_1,sideway,SMA_20,0.05815121193512264,0.5206611570247934,94,none
spearman_filter,fold_1,sideway,SMA_60,0.08859588917386121,0.3140495867768595,94,none
spearman_filter,fold_1,sideway,Close_to_SMA_5,0.03822562583535022,0.6694214876033058,94,none
spearman_filter,fold_1,sideway,Close_to_SMA_10,0.013647364808727377,0.8512396694214877,94,none
spearman_filter,fold_1,sideway,Close_to_SMA_20,0.11513925513853267,0.1322314049586777,94,none
spearman_filter,fold_1,sideway,Close_to_SMA_60,0.08389986634396561,0.33884297520661155,94,none
spearman_filter,fold_1,sideway,Volatility_5,0.006061481775819094,0.9090909090909091,94,none
spearman_filter,fold_1,sideway,Volatility_10,0.18660549795903625,0.008264462809917356,94,none
spearman_filter,fold_1,sideway,Volatility_20,0.00561355344435213,0.9173553719008265,94,none
spearman_filter,fold_1,sideway,Volatility_60,0.01285265325289889,0.8677685950413223,94,none
spearman_filter,fold_1,sideway,Momentum_5,0.002868186251490084,0.9504132231404959,94,none
spearman_filter,fold_1,sideway,Momentum_10,0.05787667521583643,0.5371900826446281,94,none
spearman_filter,fold_1,sideway,Momentum_20,0.00019506556370335582,1.0,94,none
spearman_filter,fold_1,sideway,Momentum_60,0.14031044435465007,0.049586776859504134,94,none
spearman_filter,fold_1,sideway,ROC_5,0.004616551674312754,0.9297520661157025,94,none
spearman_filter,fold_1,sideway,ROC_10,0.05757323989452011,0.5495867768595041,94,none
spearman_filter,fold_1,sideway,ROC_20,0.002564750930173753,0.9628099173553719,94,none
spearman_filter,fold_1,sideway,ROC_60,0.13886500740526675,0.06198347107438017,94,none
spearman_filter,fold_1,sideway,Ratio_Close_D_to_W,0.09340750641187733,0.2809917355371901,94,none
spearman_filter,fold_1,sideway,Ratio_Close_D_to_M,0.11185926380811329,0.15702479338842976,94,none
spearman_filter,fold_1,sideway,Ratio_Volume_D_to_W,0.08057769141023102,0.35537190082644626,94,none
spearman_filter,fold_1,sideway,Spread_D,0.20122964440538463,0.0,94,none
spearman_filter,fold_1,sideway,Body_D,0.06665510714408067,0.4462809917355372,94,none
spearman_filter,fold_1,sideway,Body_abs_D,0.0012281994596242914,0.9834710743801653,94,none
spearman_filter,fold_1,sideway,Upper_Shadow_D,0.040124282365585184,0.6528925619834711,94,none
spearman_filter,fold_1,sideway,Lower_Shadow_D,0.048876173156938305,0.5785123966942148,94,none
spearman_filter,fold_1,sideway,Body_to_Range_D,0.020308492576671604,0.8099173553719008,94,none
spearman_filter,fold_1,sideway,Close_Position_D,0.10652080556330355,0.18181818181818182,94,none
spearman_filter,fold_1,sideway,Spread_W,0.10166419005649817,0.2231404958677686,94,none
spearman_filter,fold_1,sideway,Body_W,0.10607494083419829,0.19834710743801653,94,none
spearman_filter,fold_1,sideway,Close_Position_W,0.06665295191613087,0.45454545454545453,94,none
spearman_filter,fold_1,sideway,Spread_M,0.12469541964982123,0.10743801652892562,94,none
spearman_filter,fold_1,sideway,Body_M,0.03717324151912443,0.6818181818181818,94,none
spearman_filter,fold_1,sideway,Close_Position_M,0.021913338021565802,0.7933884297520661,94,none
spearman_filter,fold_1,sideway,Volume_MA_5,0.01345239643423783,0.859504132231405,94,none
spearman_filter,fold_1,sideway,Volume_MA_20,0.05505965820131356,0.5702479338842975,94,none
spearman_filter,fold_1,sideway,Volume_Ratio_5,0.016074847379258028,0.8264462809917356,94,none
spearman_filter,fold_1,sideway,Volume_Ratio_20,0.010699707401654443,0.8760330578512396,94,none
spearman_filter,fold_1,sideway,Volume_Change_1D,0.03204132500090308,0.7107438016528925,94,none
spearman_filter,fold_1,sideway,Volume_Change_5D,0.06734096738070296,0.4380165289256198,94,none
spearman_filter,fold_1,sideway,Volume_Change_20D,0.025011830408104552,0.768595041322314,94,none
spearman_filter,fold_1,sideway,Direction_lag1,0.06443399983979818,0.47107438016528924,94,none
spearman_filter,fold_1,sideway,Direction_lag2,0.05810919003957258,0.5289256198347108,94,none
spearman_filter,fold_1,sideway,Direction_lag3,0.029512044562335728,0.7355371900826446,94,none
spearman_filter,fold_1,sideway,Direction_lag5,0.03360055206369843,0.7024793388429752,94,none
spearman_filter,fold_1,sideway,Up_Ratio_5,0.0450649213692275,0.6157024793388429,94,none
spearman_filter,fold_1,sideway,Up_Ratio_10,0.023045040527303304,0.78099173553719,94,none
spearman_filter,fold_1,sideway,Up_Ratio_20,0.0288283671416703,0.7479338842975206,94,none
spearman_filter,fold_1,sideway,Down_Ratio_5,0.0450649213692275,0.6157024793388429,94,none
spearman_filter,fold_1,sideway,Down_Ratio_10,0.023045040527303304,0.78099173553719,94,none
spearman_filter,fold_1,sideway,Down_Ratio_20,0.0288283671416703,0.7479338842975206,94,none
spearman_filter,fold_1,sideway,WMA_5,0.12312971859986274,0.11570247933884298,94,none
spearman_filter,fold_1,sideway,WMA_10,0.10057435971534875,0.2396694214876033,94,none
spearman_filter,fold_1,sideway,WMA_20,0.10615178990716324,0.19008264462809918,94,none
spearman_filter,fold_1,sideway,WMA_60,0.10710544377415744,0.17355371900826447,94,none
spearman_filter,fold_1,sideway,StochK_14,0.05981288155185493,0.5082644628099173,94,none
spearman_filter,fold_1,sideway,StochD_3,0.1265397536394177,0.09917355371900827,94,none
spearman_filter,fold_1,sideway,RSI_14,0.08050428060542571,0.36363636363636365,94,none
spearman_filter,fold_1,sideway,MACD_12_26,0.10196149261279486,0.21487603305785125,94,none
spearman_filter,fold_1,sideway,MACD_Signal_9,0.026767330130404943,0.7603305785123967,94,none
spearman_filter,fold_1,sideway,MACD_Histogram,0.10301629158689449,0.2066115702479339,94,none
spearman_filter,fold_1,sideway,WilliamsR_14,0.05981288155185493,0.5082644628099173,94,none
spearman_filter,fold_1,sideway,CCI_20,0.11340533901672507,0.14049586776859505,94,none
spearman_filter,fold_1,sideway,ADX_14,0.15793808474515045,0.024793388429752067,94,none
spearman_filter,fold_1,sideway,PlusDI_14,0.1376223675179713,0.0743801652892562,94,none
spearman_filter,fold_1,sideway,MinusDI_14,0.036968536647039696,0.6942148760330579,94,none
spearman_filter,fold_1,sideway,VMD_IMF_1,0.07690640465267493,0.38016528925619836,94,none
spearman_filter,fold_1,sideway,VMD_IMF_2,0.09051764620886464,0.30578512396694213,94,none
spearman_filter,fold_1,sideway,VMD_IMF_3,0.07608279449481632,0.4049586776859504,94,none
spearman_filter,fold_1,sideway,VMD_IMF_4,0.08333634360437814,0.34710743801652894,94,none
spearman_filter,fold_1,sideway,VMD_Denoised_Close,0.12658310154246288,0.09090909090909091,94,none
spearman_filter,fold_1,sideway,VMD_Noise_Energy_Ratio,0.006986237040783151,0.9008264462809917,94,none
spearman_filter,fold_1,bear,Open_D,0.04500562728410829,0.768595041322314,78,none
spearman_filter,fold_1,bear,High_D,0.10054502459565749,0.34710743801652894,78,none
spearman_filter,fold_1,bear,Low_D,0.08906283589827894,0.45454545454545453,78,none
spearman_filter,fold_1,bear,Close_D,0.15153201229150592,0.08264462809917356,78,none
spearman_filter,fold_1,bear,Volume_D,0.10099592180571068,0.33884297520661155,78,none
spearman_filter,fold_1,bear,Change_pct_D,0.14493743335453468,0.09917355371900827,78,none
spearman_filter,fold_1,bear,Open_W,0.03211288059124166,0.8347107438016529,78,none
spearman_filter,fold_1,bear,High_W,0.04806801842442956,0.7520661157024794,78,none
spearman_filter,fold_1,bear,Low_W,0.08066208571222769,0.49586776859504134,78,none
spearman_filter,fold_1,bear,Close_W,0.0671128813618221,0.6115702479338843,78,none
spearman_filter,fold_1,bear,Volume_W,0.038191028337218,0.7933884297520661,78,none
spearman_filter,fold_1,bear,Change_pct_W,0.0957474879330712,0.4049586776859504,78,none
spearman_filter,fold_1,bear,Open_M,0.005342567459450258,0.9917355371900827,78,none
spearman_filter,fold_1,bear,High_M,0.0017722940129907105,1.0,78,none
spearman_filter,fold_1,bear,Low_M,0.07474457359134737,0.5537190082644629,78,none
spearman_filter,fold_1,bear,Close_M,0.026019330944341883,0.8677685950413223,78,none
spearman_filter,fold_1,bear,Volume_M,0.00798816576869726,0.9752066115702479,78,none
spearman_filter,fold_1,bear,Change_pct_M,0.09059247802635124,0.43388429752066116,78,none
spearman_filter,fold_1,bear,Close_D_lag1,0.03974506506152075,0.7768595041322314,78,none
spearman_filter,fold_1,bear,Close_D_lag2,0.099432213356264,0.35537190082644626,78,none
spearman_filter,fold_1,bear,Close_D_lag3,0.030817478834938867,0.8512396694214877,78,none
spearman_filter,fold_1,bear,Close_D_lag5,0.07749261809622708,0.5371900826446281,78,none
spearman_filter,fold_1,bear,Close_D_lag10,0.012936430657949643,0.9008264462809917,78,none
spearman_filter,fold_1,bear,Close_D_lag20,0.020561846772921874,0.8760330578512396,78,none
spearman_filter,fold_1,bear,Close_D_lag60,0.05686718344946193,0.7024793388429752,78,none
spearman_filter,fold_1,bear,Change_pct_D_lag1,0.10712411404441782,0.2975206611570248,78,none
spearman_filter,fold_1,bear,Change_pct_D_lag2,0.15391522091100834,0.0743801652892562,78,none
spearman_filter,fold_1,bear,Change_pct_D_lag3,0.11432184649466855,0.24793388429752067,78,none
spearman_filter,fold_1,bear,Change_pct_D_lag5,0.13045842571227884,0.1652892561983471,78,none
spearman_filter,fold_1,bear,Change_pct_D_lag10,0.011723047754486474,0.9338842975206612,78,none
spearman_filter,fold_1,bear,Change_pct_D_lag20,0.010800283328439967,0.9421487603305785,78,none
spearman_filter,fold_1,bear,Volume_D_lag1,0.01074962854180492,0.9504132231404959,78,none
spearman_filter,fold_1,bear,Volume_D_lag2,0.10982187485069561,0.2809917355371901,78,none
spearman_filter,fold_1,bear,Volume_D_lag3,0.01778115027032673,0.8842975206611571,78,none
spearman_filter,fold_1,bear,Volume_D_lag5,0.034946373187862007,0.8264462809917356,78,none
spearman_filter,fold_1,bear,Volume_D_lag10,0.03183376160709858,0.8429752066115702,78,none
spearman_filter,fold_1,bear,Volume_D_lag20,0.12513438114447092,0.18181818181818182,78,none
spearman_filter,fold_1,bear,Close_W_lag1,0.10223951021044368,0.3140495867768595,78,none
spearman_filter,fold_1,bear,Close_W_lag2,0.046817962513874024,0.7603305785123967,78,none
spearman_filter,fold_1,bear,Close_W_lag4,0.06263382140299456,0.6363636363636364,78,none
spearman_filter,fold_1,bear,Close_M_lag1,0.03719223630203038,0.8181818181818182,78,none
spearman_filter,fold_1,bear,Close_M_lag3,0.05932196475250119,0.6528925619834711,78,none
spearman_filter,fold_1,bear,Return_1D,0.145765626778285,0.09090909090909091,78,none
spearman_filter,fold_1,bear,Return_3D,0.11645316708607847,0.2396694214876033,78,none
spearman_filter,fold_1,bear,Return_5D,0.012177695721999518,0.9132231404958677,78,none
spearman_filter,fold_1,bear,Return_10D,0.11354468316493632,0.2603305785123967,78,none
spearman_filter,fold_1,bear,Return_20D,0.07937631988264898,0.5082644628099173,78,none
spearman_filter,fold_1,bear,Return_60D,0.05722125975290531,0.6900826446280992,78,none
spearman_filter,fold_1,bear,SMA_5,0.08091908091908091,0.48760330578512395,78,none
spearman_filter,fold_1,bear,SMA_10,0.0779853058334071,0.5289256198347108,78,none
spearman_filter,fold_1,bear,SMA_20,0.039416279922609036,0.7851239669421488,78,none
spearman_filter,fold_1,bear,SMA_60,0.007928780080678816,0.9834710743801653,78,none
spearman_filter,fold_1,bear,Close_to_SMA_5,0.09902755472375725,0.36363636363636365,78,none
spearman_filter,fold_1,bear,Close_to_SMA_10,0.08367581785303303,0.4793388429752066,78,none
spearman_filter,fold_1,bear,Close_to_SMA_20,0.16278658050809947,0.04132231404958678,78,none
spearman_filter,fold_1,bear,Close_to_SMA_60,0.1399486589360007,0.1322314049586777,78,none
spearman_filter,fold_1,bear,Volatility_5,0.14131438182071093,0.12396694214876033,78,none
spearman_filter,fold_1,bear,Volatility_10,0.11840058675501713,0.2066115702479339,78,none
spearman_filter,fold_1,bear,Volatility_20,0.12378760480026303,0.19008264462809918,78,none
spearman_filter,fold_1,bear,Volatility_60,0.03789881005070878,0.8016528925619835,78,none
spearman_filter,fold_1,bear,Momentum_5,0.01043260536931423,0.9586776859504132,78,none
spearman_filter,fold_1,bear,Momentum_10,0.12057562690474082,0.19834710743801653,78,none
spearman_filter,fold_1,bear,Momentum_20,0.07618963315165847,0.5454545454545454,78,none
spearman_filter,fold_1,bear,Momentum_60,0.05117667142983599,0.743801652892562,78,none
spearman_filter,fold_1,bear,ROC_5,0.012177695721999518,0.9132231404958677,78,none
spearman_filter,fold_1,bear,ROC_10,0.11354468316493632,0.2603305785123967,78,none
spearman_filter,fold_1,bear,ROC_20,0.07937631988264898,0.5082644628099173,78,none
spearman_filter,fold_1,bear,ROC_60,0.05722125975290531,0.6900826446280992,78,none
spearman_filter,fold_1,bear,Ratio_Close_D_to_W,0.1329177151961962,0.15702479338842976,78,none
spearman_filter,fold_1,bear,Ratio_Close_D_to_M,0.017033599312080323,0.8925619834710744,78,none
spearman_filter,fold_1,bear,Ratio_Volume_D_to_W,0.13815385977501318,0.14049586776859505,78,none
spearman_filter,fold_1,bear,Spread_D,0.16683527657572117,0.03305785123966942,78,none
spearman_filter,fold_1,bear,Body_D,0.15738791201462832,0.05785123966942149,78,none
spearman_filter,fold_1,bear,Body_abs_D,0.18181933142747272,0.008264462809917356,78,none
spearman_filter,fold_1,bear,Upper_Shadow_D,0.05833554638485793,0.6611570247933884,78,none
spearman_filter,fold_1,bear,Lower_Shadow_D,0.08811608866306582,0.4628099173553719,78,none
spearman_filter,fold_1,bear,Body_to_Range_D,0.16769306642724363,0.024793388429752067,78,none
spearman_filter,fold_1,bear,Close_Position_D,0.10665351518008799,0.30578512396694213,78,none
spearman_filter,fold_1,bear,Spread_W,0.07230463256151021,0.5785123966942148,78,none
spearman_filter,fold_1,bear,Body_W,0.08977930733119219,0.4462809917355372,78,none
spearman_filter,fold_1,bear,Close_Position_W,0.10112518312368135,0.3305785123966942,78,none
spearman_filter,fold_1,bear,Spread_M,0.05964154635020913,0.6446280991735537,78,none
spearman_filter,fold_1,bear,Body_M,0.09059247802635124,0.43388429752066116,78,none
spearman_filter,fold_1,bear,Close_Position_M,0.056739093836180865,0.7107438016528925,78,none
spearman_filter,fold_1,bear,Volume_MA_5,0.11805990250430419,0.2231404958677686,78,none
spearman_filter,fold_1,bear,Volume_MA_20,0.06806067545591508,0.6033057851239669,78,none
spearman_filter,fold_1,bear,Volume_Ratio_5,0.0373676955955437,0.8099173553719008,78,none
spearman_filter,fold_1,bear,Volume_Ratio_20,0.1183247132614221,0.21487603305785125,78,none
spearman_filter,fold_1,bear,Volume_Change_1D,0.10992804663690739,0.2727272727272727,78,none
spearman_filter,fold_1,bear,Volume_Change_5D,0.05279530595986291,0.7272727272727273,78,none
spearman_filter,fold_1,bear,Volume_Change_20D,0.15507277532593988,0.06611570247933884,78,none
spearman_filter,fold_1,bear,Direction_lag1,0.09508728264112049,0.4132231404958678,78,none
spearman_filter,fold_1,bear,Direction_lag2,0.06482847966483693,0.6198347107438017,78,none
spearman_filter,fold_1,bear,Direction_lag3,0.10776558699326985,0.2892561983471074,78,none
spearman_filter,fold_1,bear,Direction_lag5,0.03054318775745082,0.859504132231405,78,none
spearman_filter,fold_1,bear,Up_Ratio_5,0.09758637854180145,0.384297520661157,78,none
spearman_filter,fold_1,bear,Up_Ratio_10,0.058307071764888564,0.6735537190082644,78,none
spearman_filter,fold_1,bear,Up_Ratio_20,0.14261357452693849,0.1115702479338843,78,none
spearman_filter,fold_1,bear,Down_Ratio_5,0.09758637854180145,0.384297520661157,78,none
spearman_filter,fold_1,bear,Down_Ratio_10,0.058307071764888564,0.6735537190082644,78,none
spearman_filter,fold_1,bear,Down_Ratio_20,0.14261357452693849,0.1115702479338843,78,none
spearman_filter,fold_1,bear,WMA_5,0.09633465480696114,0.39669421487603307,78,none
spearman_filter,fold_1,bear,WMA_10,0.07892107892107891,0.5206611570247934,78,none
spearman_filter,fold_1,bear,WMA_20,0.0699932978413991,0.5950413223140496,78,none
spearman_filter,fold_1,bear,WMA_60,0.009294502965389041,0.9669421487603306,78,none
spearman_filter,fold_1,bear,StochK_14,0.073306440395048,0.5661157024793388,78,none
spearman_filter,fold_1,bear,StochD_3,0.05223890034016616,0.7355371900826446,78,none
spearman_filter,fold_1,bear,RSI_14,0.13372703246120968,0.1487603305785124,78,none
spearman_filter,fold_1,bear,MACD_12_26,0.09414635996914479,0.4214876033057851,78,none
spearman_filter,fold_1,bear,MACD_Signal_9,0.05284588828892625,0.71900826446281,78,none
spearman_filter,fold_1,bear,MACD_Histogram,0.0981929462942121,0.371900826446281,78,none
spearman_filter,fold_1,bear,WilliamsR_14,0.073306440395048,0.5661157024793388,78,none
spearman_filter,fold_1,bear,CCI_20,0.0639234183537981,0.628099173553719,78,none
spearman_filter,fold_1,bear,ADX_14,0.1253556570012266,0.17355371900826447,78,none
spearman_filter,fold_1,bear,PlusDI_14,0.183879411727513,0.0,78,none
spearman_filter,fold_1,bear,MinusDI_14,0.07133372956157766,0.5867768595041323,78,none
spearman_filter,fold_1,bear,VMD_IMF_1,0.012101822228404505,0.9256198347107438,78,none
spearman_filter,fold_1,bear,VMD_IMF_2,0.15815829739880372,0.049586776859504134,78,none
spearman_filter,fold_1,bear,VMD_IMF_3,0.17151203227152595,0.01652892561983471,78,none
spearman_filter,fold_1,bear,VMD_IMF_4,0.08729245438106197,0.47107438016528924,78,none
spearman_filter,fold_1,bear,VMD_Denoised_Close,0.11698428154124356,0.23140495867768596,78,none
spearman_filter,fold_1,bear,VMD_Noise_Energy_Ratio,0.10125317720254429,0.32231404958677684,78,none
spearman_filter,fold_2,global,Open_D,0.17873145601455356,0.09917355371900827,243,none
spearman_filter,fold_2,global,High_D,0.17201184223755367,0.15702479338842976,243,none
spearman_filter,fold_2,global,Low_D,0.16661160922997056,0.17355371900826447,243,none
spearman_filter,fold_2,global,Close_D,0.18246689654198286,0.08264462809917356,243,none
spearman_filter,fold_2,global,Volume_D,0.11525406756537013,0.2892561983471074,243,none
spearman_filter,fold_2,global,Change_pct_D,0.005065751484105893,0.9834710743801653,243,none
spearman_filter,fold_2,global,Open_W,0.1865847237958927,0.06611570247933884,243,none
spearman_filter,fold_2,global,High_W,0.17265501617864193,0.1487603305785124,243,none
spearman_filter,fold_2,global,Low_W,0.17464748381476103,0.1322314049586777,243,none
spearman_filter,fold_2,global,Close_W,0.17522548345227498,0.12396694214876033,243,none
spearman_filter,fold_2,global,Volume_W,0.017308271913017172,0.859504132231405,243,none
spearman_filter,fold_2,global,Change_pct_W,0.02824723181641319,0.7851239669421488,243,none
spearman_filter,fold_2,global,Open_M,0.07076183327383287,0.4132231404958678,243,none
spearman_filter,fold_2,global,High_M,0.036505938726741176,0.7355371900826446,243,none
spearman_filter,fold_2,global,Low_M,0.10848133555289526,0.3140495867768595,243,none
spearman_filter,fold_2,global,Close_M,0.16023067317369594,0.19008264462809918,243,none
spearman_filter,fold_2,global,Volume_M,0.0682491021011844,0.4214876033057851,243,none
spearman_filter,fold_2,global,Change_pct_M,0.13787458333501526,0.2231404958677686,243,none
spearman_filter,fold_2,global,Close_D_lag1,0.18087622447048735,0.09090909090909091,243,none
spearman_filter,fold_2,global,Close_D_lag2,0.17404310871856626,0.14049586776859505,243,none
spearman_filter,fold_2,global,Close_D_lag3,0.16312584624679854,0.18181818181818182,243,none
spearman_filter,fold_2,global,Close_D_lag5,0.19953233237526433,0.03305785123966942,243,none
spearman_filter,fold_2,global,Close_D_lag10,0.17644751576669956,0.10743801652892562,243,none
spearman_filter,fold_2,global,Close_D_lag20,0.10276977180093116,0.3305785123966942,243,none
spearman_filter,fold_2,global,Close_D_lag60,0.12910366860171663,0.2644628099173554,243,none
spearman_filter,fold_2,global,Change_pct_D_lag1,0.04008691313284911,0.6694214876033058,243,none
spearman_filter,fold_2,global,Change_pct_D_lag2,0.0072774746886935665,0.9338842975206612,243,none
spearman_filter,fold_2,global,Change_pct_D_lag3,0.08029434407432219,0.3884297520661157,243,none
spearman_filter,fold_2,global,Change_pct_D_lag5,0.024801843491435088,0.8429752066115702,243,none
spearman_filter,fold_2,global,Change_pct_D_lag10,0.04299315349848779,0.6446280991735537,243,none
spearman_filter,fold_2,global,Change_pct_D_lag20,0.0664208926264205,0.4380165289256198,243,none
spearman_filter,fold_2,global,Volume_D_lag1,0.04298381320463009,0.6528925619834711,243,none
spearman_filter,fold_2,global,Volume_D_lag2,0.09103700086879421,0.36363636363636365,243,none
spearman_filter,fold_2,global,Volume_D_lag3,0.04836304079375591,0.6115702479338843,243,none
spearman_filter,fold_2,global,Volume_D_lag5,0.0394546868957389,0.6776859504132231,243,none
spearman_filter,fold_2,global,Volume_D_lag10,0.01784969760430357,0.8512396694214877,243,none
spearman_filter,fold_2,global,Volume_D_lag20,0.029016265685978104,0.7520661157024794,243,none
spearman_filter,fold_2,global,Close_W_lag1,0.17585623101814352,0.11570247933884298,243,none
spearman_filter,fold_2,global,Close_W_lag2,0.19267820954599427,0.04132231404958678,243,none
spearman_filter,fold_2,global,Close_W_lag4,0.1694300762747021,0.1652892561983471,243,none
spearman_filter,fold_2,global,Close_M_lag1,0.15236907376734868,0.2066115702479339,243,none
spearman_filter,fold_2,global,Close_M_lag3,0.10959281640831076,0.30578512396694213,243,none
spearman_filter,fold_2,global,Return_1D,0.005131627585676269,0.9752066115702479,243,none
spearman_filter,fold_2,global,Return_3D,0.01558305358603421,0.8842975206611571,243,none
spearman_filter,fold_2,global,Return_5D,0.06509205316954944,0.45041322314049587,243,none
spearman_filter,fold_2,global,Return_10D,0.037200118422175056,0.7148760330578512,243,none
spearman_filter,fold_2,global,Return_20D,0.028171263889097967,0.7975206611570248,243,none
spearman_filter,fold_2,global,Return_60D,0.027365892740954835,0.8223140495867769,243,none
spearman_filter,fold_2,global,SMA_5,0.18522950986935088,0.0743801652892562,243,none
spearman_filter,fold_2,global,SMA_10,0.20305397201607667,0.024793388429752067,243,none
spearman_filter,fold_2,global,SMA_20,0.20857691001754589,0.008264462809917356,243,none
spearman_filter,fold_2,global,SMA_60,0.13368073849941708,0.24793388429752067,243,none
spearman_filter,fold_2,global,Close_to_SMA_5,0.003990057889710149,0.9917355371900827,243,none
spearman_filter,fold_2,global,Close_to_SMA_10,0.01673884063352518,0.8760330578512396,243,none
spearman_filter,fold_2,global,Close_to_SMA_20,0.010622034218656175,0.9090909090909091,243,none
spearman_filter,fold_2,global,Close_to_SMA_60,0.09609842421566216,0.34710743801652894,243,none
spearman_filter,fold_2,global,Volatility_5,0.008142360849762737,0.9173553719008265,243,none
spearman_filter,fold_2,global,Volatility_10,0.038873584328129776,0.7024793388429752,243,none
spearman_filter,fold_2,global,Volatility_20,0.061131266297684575,0.47107438016528924,243,none
spearman_filter,fold_2,global,Volatility_60,0.03913953243312408,0.6859504132231405,243,none
spearman_filter,fold_2,global,Momentum_5,0.06457819173538559,0.4628099173553719,243,none
spearman_filter,fold_2,global,Momentum_10,0.036673247768555656,0.7272727272727273,243,none
spearman_filter,fold_2,global,Momentum_20,0.026513275350223155,0.8347107438016529,243,none
spearman_filter,fold_2,global,Momentum_60,0.02846691902482012,0.768595041322314,243,none
spearman_filter,fold_2,global,ROC_5,0.06509205316954944,0.45041322314049587,243,none
spearman_filter,fold_2,global,ROC_10,0.037200118422175056,0.7148760330578512,243,none
spearman_filter,fold_2,global,ROC_20,0.028171263889097967,0.7975206611570248,243,none
spearman_filter,fold_2,global,ROC_60,0.027365892740954835,0.8223140495867769,243,none
spearman_filter,fold_2,global,Ratio_Close_D_to_W,0.005890165105266943,0.9669421487603306,243,none
spearman_filter,fold_2,global,Ratio_Close_D_to_M,0.012248666496058448,0.8925619834710744,243,none
spearman_filter,fold_2,global,Ratio_Volume_D_to_W,0.1211687341779986,0.2809917355371901,243,none
spearman_filter,fold_2,global,Spread_D,0.045226430089334496,0.6198347107438017,243,none
spearman_filter,fold_2,global,Body_D,0.02824908250908703,0.7768595041322314,243,none
spearman_filter,fold_2,global,Body_abs_D,0.050041125969770416,0.5867768595041323,243,none
spearman_filter,fold_2,global,Upper_Shadow_D,0.11315016424162935,0.2975206611570248,243,none
spearman_filter,fold_2,global,Lower_Shadow_D,0.13713352856530384,0.23140495867768596,243,none
spearman_filter,fold_2,global,Body_to_Range_D,0.056240497373135225,0.5041322314049587,243,none
spearman_filter,fold_2,global,Close_Position_D,0.1028339122779048,0.32231404958677684,243,none
spearman_filter,fold_2,global,Spread_W,0.05931773559259774,0.49586776859504134,243,none
spearman_filter,fold_2,global,Body_W,0.05326170465829788,0.5619834710743802,243,none
spearman_filter,fold_2,global,Close_Position_W,0.006657033451743849,0.9421487603305785,243,none
spearman_filter,fold_2,global,Spread_M,0.07236816843229953,0.4049586776859504,243,none
spearman_filter,fold_2,global,Body_M,0.13567153746721222,0.2396694214876033,243,none
spearman_filter,fold_2,global,Close_Position_M,0.12815180757177794,0.2727272727272727,243,none
spearman_filter,fold_2,global,Volume_MA_5,0.04377919013457937,0.6363636363636364,243,none
spearman_filter,fold_2,global,Volume_MA_20,0.05288229742461394,0.5785123966942148,243,none
spearman_filter,fold_2,global,Volume_Ratio_5,0.08911854093175504,0.371900826446281,243,none
spearman_filter,fold_2,global,Volume_Ratio_20,0.09465912645246971,0.35537190082644626,243,none
spearman_filter,fold_2,global,Volume_Change_1D,0.038899518219854254,0.6942148760330579,243,none
spearman_filter,fold_2,global,Volume_Change_5D,0.07487447429743145,0.39669421487603307,243,none
spearman_filter,fold_2,global,Volume_Change_20D,0.05525617796452248,0.512396694214876,243,none
spearman_filter,fold_2,global,Direction_lag1,0.017020018152563987,0.8677685950413223,243,none
spearman_filter,fold_2,global,Direction_lag2,0.0401546578286064,0.6611570247933884,243,none
spearman_filter,fold_2,global,Direction_lag3,0.053304721211074005,0.5537190082644629,243,none
spearman_filter,fold_2,global,Direction_lag5,0.007751774085257304,0.9256198347107438,243,none
spearman_filter,fold_2,global,Up_Ratio_5,0.04836681681969442,0.5991735537190083,243,none
spearman_filter,fold_2,global,Up_Ratio_10,0.05411187797487363,0.5330578512396694,243,none
spearman_filter,fold_2,global,Up_Ratio_20,0.06028772966560388,0.4834710743801653,243,none
spearman_filter,fold_2,global,Down_Ratio_5,0.04836681681969442,0.5991735537190083,243,none
spearman_filter,fold_2,global,Down_Ratio_10,0.05411187797487363,0.5330578512396694,243,none
spearman_filter,fold_2,global,Down_Ratio_20,0.06028772966560388,0.4834710743801653,243,none
spearman_filter,fold_2,global,WMA_5,0.18675582341795227,0.05785123966942149,243,none
spearman_filter,fold_2,global,WMA_10,0.2033683414706763,0.01652892561983471,243,none
spearman_filter,fold_2,global,WMA_20,0.22381791085218805,0.0,243,none
spearman_filter,fold_2,global,WMA_60,0.13338635569137308,0.256198347107438,243,none
spearman_filter,fold_2,global,StochK_14,0.006469731258603588,0.9545454545454546,243,none
spearman_filter,fold_2,global,StochD_3,0.03025452404488668,0.743801652892562,243,none
spearman_filter,fold_2,global,RSI_14,0.02891140248318589,0.7603305785123967,243,none
spearman_filter,fold_2,global,MACD_12_26,0.09992456440543872,0.33884297520661155,243,none
spearman_filter,fold_2,global,MACD_Signal_9,0.14735866698112104,0.21487603305785125,243,none
spearman_filter,fold_2,global,MACD_Histogram,0.08063496364539582,0.38016528925619836,243,none
spearman_filter,fold_2,global,WilliamsR_14,0.006469731258603588,0.9545454545454546,243,none
spearman_filter,fold_2,global,CCI_20,0.0529621433744633,0.5702479338842975,243,none
spearman_filter,fold_2,global,ADX_14,0.045016316501661754,0.628099173553719,243,none
spearman_filter,fold_2,global,PlusDI_14,0.027730525991827532,0.8099173553719008,243,none
spearman_filter,fold_2,global,MinusDI_14,0.011265160296456867,0.9008264462809917,243,none
spearman_filter,fold_2,global,VMD_IMF_1,0.156423483050408,0.19834710743801653,243,none
spearman_filter,fold_2,global,VMD_IMF_2,0.00306593004059472,1.0,243,none
spearman_filter,fold_2,global,VMD_IMF_3,0.05470920498242902,0.5206611570247934,243,none
spearman_filter,fold_2,global,VMD_IMF_4,0.05388794385316988,0.5454545454545454,243,none
spearman_filter,fold_2,global,VMD_Denoised_Close,0.19235407561289328,0.049586776859504134,243,none
spearman_filter,fold_2,global,VMD_Noise_Energy_Ratio,0.06689012998004552,0.4297520661157025,243,none
spearman_filter,fold_2,bull,Open_D,0.16795740231015946,0.2396694214876033,76,none
spearman_filter,fold_2,bull,High_D,0.147012987012987,0.30578512396694213,76,none
spearman_filter,fold_2,bull,Low_D,0.17315224301322482,0.21487603305785125,76,none
spearman_filter,fold_2,bull,Close_D,0.19010252904989747,0.15702479338842976,76,none
spearman_filter,fold_2,bull,Volume_D,0.05557910343284149,0.743801652892562,76,none
spearman_filter,fold_2,bull,Change_pct_D,0.04626996365675365,0.7933884297520661,76,none
spearman_filter,fold_2,bull,Open_W,0.1230338734345129,0.4132231404958678,76,none
spearman_filter,fold_2,bull,High_W,0.09644749508691924,0.5454545454545454,76,none
spearman_filter,fold_2,bull,Low_W,0.09499633334395072,0.5537190082644629,76,none
spearman_filter,fold_2,bull,Close_W,0.10156763180267622,0.512396694214876,76,none
spearman_filter,fold_2,bull,Volume_W,0.20627032057836941,0.10743801652892562,76,none
spearman_filter,fold_2,bull,Change_pct_W,0.17152457997785825,0.2231404958677686,76,none
spearman_filter,fold_2,bull,Open_M,0.27396155823616036,0.049586776859504134,76,none
spearman_filter,fold_2,bull,High_M,0.051007024315038764,0.768595041322314,76,none
spearman_filter,fold_2,bull,Low_M,0.20730275932172995,0.09917355371900827,76,none
spearman_filter,fold_2,bull,Close_M,0.30923355383159795,0.01652892561983471,76,none
spearman_filter,fold_2,bull,Volume_M,0.09438242094420395,0.5619834710743802,76,none
spearman_filter,fold_2,bull,Change_pct_M,0.33942704809425417,0.004132231404958678,76,none
spearman_filter,fold_2,bull,Close_D_lag1,0.16363636363636366,0.24793388429752067,76,none
spearman_filter,fold_2,bull,Close_D_lag2,0.11669252695096219,0.4297520661157025,76,none
spearman_filter,fold_2,bull,Close_D_lag3,0.09301498985172758,0.5702479338842975,76,none
spearman_filter,fold_2,bull,Close_D_lag5,0.12656185919343815,0.38016528925619836,76,none
spearman_filter,fold_2,bull,Close_D_lag10,0.18690362269309638,0.16942148760330578,76,none
spearman_filter,fold_2,bull,Close_D_lag20,0.14936431989063567,0.2975206611570248,76,none
spearman_filter,fold_2,bull,Close_D_lag60,0.03078605604921394,0.8429752066115702,76,none
spearman_filter,fold_2,bull,Change_pct_D_lag1,0.11479590234674943,0.4462809917355372,76,none
spearman_filter,fold_2,bull,Change_pct_D_lag2,0.03828300752471342,0.8181818181818182,76,none
spearman_filter,fold_2,bull,Change_pct_D_lag3,0.005017774178701847,0.9917355371900827,76,none
spearman_filter,fold_2,bull,Change_pct_D_lag5,0.10363261056714666,0.5041322314049587,76,none
spearman_filter,fold_2,bull,Change_pct_D_lag10,0.014054371865365102,0.9504132231404959,76,none
spearman_filter,fold_2,bull,Change_pct_D_lag20,0.08967365339180935,0.6033057851239669,76,none
spearman_filter,fold_2,bull,Volume_D_lag1,0.07842493920717654,0.6446280991735537,76,none
spearman_filter,fold_2,bull,Volume_D_lag2,0.12201758536684532,0.4214876033057851,76,none
spearman_filter,fold_2,bull,Volume_D_lag3,0.253303712467303,0.05785123966942149,76,none
spearman_filter,fold_2,bull,Volume_D_lag5,0.10138507345306566,0.5206611570247934,76,none
spearman_filter,fold_2,bull,Volume_D_lag10,0.009256347607388362,0.9834710743801653,76,none
spearman_filter,fold_2,bull,Volume_D_lag20,0.1251768973900193,0.39669421487603307,76,none
spearman_filter,fold_2,bull,Close_W_lag1,0.12360377836841008,0.4049586776859504,76,none
spearman_filter,fold_2,bull,Close_W_lag2,0.1905800390961394,0.1487603305785124,76,none
spearman_filter,fold_2,bull,Close_W_lag4,0.16190369533594226,0.256198347107438,76,none
spearman_filter,fold_2,bull,Close_M_lag1,0.2819545858110573,0.04132231404958678,76,none
spearman_filter,fold_2,bull,Close_M_lag3,0.28278469787111987,0.03305785123966942,76,none
spearman_filter,fold_2,bull,Return_1D,0.04896787423103213,0.7768595041322314,76,none
spearman_filter,fold_2,bull,Return_3D,0.10712235133287765,0.4793388429752066,76,none
spearman_filter,fold_2,bull,Return_5D,0.02460697197539303,0.8884297520661157,76,none
spearman_filter,fold_2,bull,Return_10D,0.19152426520847576,0.13636363636363635,76,none
spearman_filter,fold_2,bull,Return_20D,0.026520847573479153,0.8636363636363636,76,none
spearman_filter,fold_2,bull,Return_60D,0.13356117566643882,0.359504132231405,76,none
spearman_filter,fold_2,bull,SMA_5,0.12773752563226246,0.371900826446281,76,none
spearman_filter,fold_2,bull,SMA_10,0.1454965515861165,0.3140495867768595,76,none
spearman_filter,fold_2,bull,SMA_20,0.18313055365686948,0.18181818181818182,76,none
spearman_filter,fold_2,bull,SMA_60,0.03516062884483937,0.8264462809917356,76,none
spearman_filter,fold_2,bull,Close_to_SMA_5,0.053670539986329466,0.7520661157024794,76,none
spearman_filter,fold_2,bull,Close_to_SMA_10,0.06192754613807245,0.7272727272727273,76,none
spearman_filter,fold_2,bull,Close_to_SMA_20,0.09933014354066987,0.5289256198347108,76,none
spearman_filter,fold_2,bull,Close_to_SMA_60,0.18291182501708816,0.19008264462809918,76,none
spearman_filter,fold_2,bull,Volatility_5,0.010526315789473684,0.9752066115702479,76,none
spearman_filter,fold_2,bull,Volatility_10,0.04202323991797676,0.8016528925619835,76,none
spearman_filter,fold_2,bull,Volatility_20,0.07384825700615173,0.6611570247933884,76,none
spearman_filter,fold_2,bull,Volatility_60,0.028462064251537935,0.8512396694214877,76,none
spearman_filter,fold_2,bull,Momentum_5,0.0247438465067059,0.8760330578512396,76,none
spearman_filter,fold_2,bull,Momentum_10,0.18690362269309638,0.16942148760330578,76,none
spearman_filter,fold_2,bull,Momentum_20,0.017990430622009567,0.9421487603305785,76,none
spearman_filter,fold_2,bull,Momentum_60,0.13766233766233768,0.33884297520661155,76,none
spearman_filter,fold_2,bull,ROC_5,0.02460697197539303,0.8884297520661157,76,none
spearman_filter,fold_2,bull,ROC_10,0.19152426520847576,0.13636363636363635,76,none
spearman_filter,fold_2,bull,ROC_20,0.026520847573479153,0.8636363636363636,76,none
spearman_filter,fold_2,bull,ROC_60,0.13356117566643882,0.359504132231405,76,none
spearman_filter,fold_2,bull,Ratio_Close_D_to_W,0.06955570745044429,0.7107438016528925,76,none
spearman_filter,fold_2,bull,Ratio_Close_D_to_M,0.22701298701298703,0.0743801652892562,76,none
spearman_filter,fold_2,bull,Ratio_Volume_D_to_W,0.22192754613807245,0.08264462809917356,76,none
spearman_filter,fold_2,bull,Spread_D,0.09651863053026584,0.5371900826446281,76,none
spearman_filter,fold_2,bull,Body_D,0.06959814625139814,0.7024793388429752,76,none
spearman_filter,fold_2,bull,Body_abs_D,0.17703954349175932,0.2066115702479339,76,none
spearman_filter,fold_2,bull,Upper_Shadow_D,0.09095134589155951,0.5785123966942148,76,none
spearman_filter,fold_2,bull,Lower_Shadow_D,0.23150483625401175,0.06611570247933884,76,none
spearman_filter,fold_2,bull,Body_to_Range_D,0.18280246069719755,0.19834710743801653,76,none
spearman_filter,fold_2,bull,Close_Position_D,0.10539986329460015,0.49586776859504134,76,none
spearman_filter,fold_2,bull,Spread_W,0.07243487530232644,0.6694214876033058,76,none
spearman_filter,fold_2,bull,Body_W,0.20542152786078402,0.11570247933884298,76,none
spearman_filter,fold_2,bull,Close_Position_W,0.08971191416672561,0.5950413223140496,76,none
spearman_filter,fold_2,bull,Spread_M,0.10598249502673181,0.48760330578512395,76,none
spearman_filter,fold_2,bull,Body_M,0.33942704809425417,0.004132231404958678,76,none
spearman_filter,fold_2,bull,Close_Position_M,0.3080124934018582,0.024793388429752067,76,none
spearman_filter,fold_2,bull,Volume_MA_5,0.13630988592174836,0.34710743801652894,76,none
spearman_filter,fold_2,bull,Volume_MA_20,0.05230348598769652,0.7603305785123967,76,none
spearman_filter,fold_2,bull,Volume_Ratio_5,0.20164046479835954,0.12396694214876033,76,none
spearman_filter,fold_2,bull,Volume_Ratio_20,0.11652768284347231,0.4380165289256198,76,none
spearman_filter,fold_2,bull,Volume_Change_1D,0.12623376623376623,0.3884297520661157,76,none
spearman_filter,fold_2,bull,Volume_Change_5D,0.16174982911825017,0.2644628099173554,76,none
spearman_filter,fold_2,bull,Volume_Change_20D,0.002050580997949419,1.0,76,none
spearman_filter,fold_2,bull,Direction_lag1,0.07117100182022246,0.6942148760330579,76,none
spearman_filter,fold_2,bull,Direction_lag2,0.11043776144517277,0.45454545454545453,76,none
spearman_filter,fold_2,bull,Direction_lag3,0.01403541845427202,0.9586776859504132,76,none
spearman_filter,fold_2,bull,Direction_lag5,0.13852347778781515,0.3305785123966942,76,none
spearman_filter,fold_2,bull,Up_Ratio_5,0.01906881632251918,0.9297520661157025,76,none
spearman_filter,fold_2,bull,Up_Ratio_10,0.11020777399378773,0.4669421487603306,76,none
spearman_filter,fold_2,bull,Up_Ratio_20,0.08773706572833012,0.6157024793388429,76,none
spearman_filter,fold_2,bull,Down_Ratio_5,0.01906881632251918,0.9297520661157025,76,none
spearman_filter,fold_2,bull,Down_Ratio_10,0.11020777399378773,0.4669421487603306,76,none
spearman_filter,fold_2,bull,Down_Ratio_20,0.08773706572833012,0.6157024793388429,76,none
spearman_filter,fold_2,bull,WMA_5,0.1589336978810663,0.2809917355371901,76,none
spearman_filter,fold_2,bull,WMA_10,0.14359535201640464,0.32231404958677684,76,none
spearman_filter,fold_2,bull,WMA_20,0.16123034859876964,0.2727272727272727,76,none
spearman_filter,fold_2,bull,WMA_60,0.07190704032809296,0.6859504132231405,76,none
spearman_filter,fold_2,bull,StochK_14,0.022146274777853726,0.9049586776859504,76,none
spearman_filter,fold_2,bull,StochD_3,0.07978127136021872,0.6363636363636364,76,none
spearman_filter,fold_2,bull,RSI_14,0.07228981544771018,0.6776859504132231,76,none
spearman_filter,fold_2,bull,MACD_12_26,0.0899794941900205,0.5867768595041323,76,none
spearman_filter,fold_2,bull,MACD_Signal_9,0.15166097060833905,0.2892561983471074,76,none
spearman_filter,fold_2,bull,MACD_Histogram,0.20907723855092278,0.09090909090909091,76,none
spearman_filter,fold_2,bull,WilliamsR_14,0.022146274777853726,0.9049586776859504,76,none
spearman_filter,fold_2,bull,CCI_20,0.06857142857142857,0.71900826446281,76,none
spearman_filter,fold_2,bull,ADX_14,0.03926179084073821,0.8099173553719008,76,none
spearman_filter,fold_2,bull,PlusDI_14,0.019330143540669857,0.9173553719008265,76,none
spearman_filter,fold_2,bull,MinusDI_14,0.07565276828434724,0.6528925619834711,76,none
spearman_filter,fold_2,bull,VMD_IMF_1,0.08683526999316474,0.628099173553719,76,none
spearman_filter,fold_2,bull,VMD_IMF_2,0.033055365686944636,0.8347107438016529,76,none
spearman_filter,fold_2,bull,VMD_IMF_3,0.05960355434039645,0.7355371900826446,76,none
spearman_filter,fold_2,bull,VMD_IMF_4,0.04817498291182502,0.7851239669421488,76,none
spearman_filter,fold_2,bull,VMD_Denoised_Close,0.1698427887901572,0.23140495867768596,76,none
spearman_filter,fold_2,bull,VMD_Noise_Energy_Ratio,0.012221462747778536,0.9669421487603306,76,none
spearman_filter,fold_2,sideway,Open_D,0.18425544540095393,0.14049586776859505,92,none
spearman_filter,fold_2,sideway,High_D,0.16213154549088513,0.2231404958677686,92,none
spearman_filter,fold_2,sideway,Low_D,0.17250347742786926,0.17355371900826447,92,none
spearman_filter,fold_2,sideway,Close_D,0.20157129591604986,0.09090909090909091,92,none
spearman_filter,fold_2,sideway,Volume_D,0.2365481196318397,0.024793388429752067,92,none
spearman_filter,fold_2,sideway,Change_pct_D,0.11172594545176458,0.4214876033057851,92,none
spearman_filter,fold_2,sideway,Open_W,0.17005512694210034,0.19008264462809918,92,none
spearman_filter,fold_2,sideway,High_W,0.1704561821646043,0.18181818181818182,92,none
spearman_filter,fold_2,sideway,Low_W,0.15785379305746147,0.24793388429752067,92,none
spearman_filter,fold_2,sideway,Close_W,0.17604010487792826,0.15702479338842976,92,none
spearman_filter,fold_2,sideway,Volume_W,0.07534439362771002,0.512396694214876,92,none
spearman_filter,fold_2,sideway,Change_pct_W,0.07318486550653501,0.5206611570247934,92,none
spearman_filter,fold_2,sideway,Open_M,0.013114784580323833,0.9504132231404959,92,none
spearman_filter,fold_2,sideway,High_M,0.09474033363297917,0.45454545454545453,92,none
spearman_filter,fold_2,sideway,Low_M,0.04332229787907921,0.7520661157024794,92,none
spearman_filter,fold_2,sideway,Close_M,0.09455386750150536,0.4628099173553719,92,none
spearman_filter,fold_2,sideway,Volume_M,0.127760377748131,0.371900826446281,92,none
spearman_filter,fold_2,sideway,Change_pct_M,0.019252628074669705,0.8512396694214877,92,none
spearman_filter,fold_2,sideway,Close_D_lag1,0.20313487354160564,0.08264462809917356,92,none
spearman_filter,fold_2,sideway,Close_D_lag2,0.1521816192222924,0.256198347107438,92,none
spearman_filter,fold_2,sideway,Close_D_lag3,0.16534377263690028,0.21487603305785125,92,none
spearman_filter,fold_2,sideway,Close_D_lag5,0.18577500010873998,0.1322314049586777,92,none
spearman_filter,fold_2,sideway,Close_D_lag10,0.13209931723255705,0.34710743801652894,92,none
spearman_filter,fold_2,sideway,Close_D_lag20,0.13041937025106728,0.36363636363636365,92,none
spearman_filter,fold_2,sideway,Close_D_lag60,0.2770217160118983,0.0,92,none
spearman_filter,fold_2,sideway,Change_pct_D_lag1,0.09400576475579954,0.47107438016528924,92,none
spearman_filter,fold_2,sideway,Change_pct_D_lag2,0.013949258649890472,0.9421487603305785,92,none
spearman_filter,fold_2,sideway,Change_pct_D_lag3,0.07289037562934304,0.5289256198347108,92,none
spearman_filter,fold_2,sideway,Change_pct_D_lag5,0.02432229356123093,0.8181818181818182,92,none
spearman_filter,fold_2,sideway,Change_pct_D_lag10,0.014850836599453372,0.9338842975206612,92,none
spearman_filter,fold_2,sideway,Change_pct_D_lag20,0.05218195491226065,0.71900826446281,92,none
spearman_filter,fold_2,sideway,Volume_D_lag1,0.1478780990601219,0.2644628099173554,92,none
spearman_filter,fold_2,sideway,Volume_D_lag2,0.26575868907323213,0.008264462809917356,92,none
spearman_filter,fold_2,sideway,Volume_D_lag3,0.14366808572523,0.2892561983471074,92,none
spearman_filter,fold_2,sideway,Volume_D_lag5,0.07019923788433254,0.5454545454545454,92,none
spearman_filter,fold_2,sideway,Volume_D_lag10,0.20856952530508058,0.0743801652892562,92,none
spearman_filter,fold_2,sideway,Volume_D_lag20,0.03488219767280751,0.7933884297520661,92,none
spearman_filter,fold_2,sideway,Close_W_lag1,0.16798231515703343,0.19834710743801653,92,none
spearman_filter,fold_2,sideway,Close_W_lag2,0.1437766325536476,0.2809917355371901,92,none
spearman_filter,fold_2,sideway,Close_W_lag4,0.1448580613282475,0.2727272727272727,92,none
spearman_filter,fold_2,sideway,Close_M_lag1,0.06367884155785372,0.6115702479338843,92,none
spearman_filter,fold_2,sideway,Close_M_lag3,0.019163723382181985,0.859504132231405,92,none
spearman_filter,fold_2,sideway,Return_1D,0.11244856125641538,0.4132231404958678,92,none
spearman_filter,fold_2,sideway,Return_3D,0.025522864232541652,0.8099173553719008,92,none
spearman_filter,fold_2,sideway,Return_5D,0.06078633848619823,0.6322314049586777,92,none
spearman_filter,fold_2,sideway,Return_10D,0.018510241511644036,0.8801652892561983,92,none
spearman_filter,fold_2,sideway,Return_20D,0.06858499144614151,0.5578512396694215,92,none
spearman_filter,fold_2,sideway,Return_60D,0.13633771558035232,0.30991735537190085,92,none
spearman_filter,fold_2,sideway,SMA_5,0.19652297211904501,0.10743801652892562,92,none
spearman_filter,fold_2,sideway,SMA_10,0.1821278300941695,0.1487603305785124,92,none
spearman_filter,fold_2,sideway,SMA_20,0.21976480742259144,0.05785123966942149,92,none
spearman_filter,fold_2,sideway,SMA_60,0.22193794984818827,0.049586776859504134,92,none
spearman_filter,fold_2,sideway,Close_to_SMA_5,0.052741087804201406,0.7107438016528925,92,none
spearman_filter,fold_2,sideway,Close_to_SMA_10,0.04710016491222662,0.7355371900826446,92,none
spearman_filter,fold_2,sideway,Close_to_SMA_20,0.04105852072191483,0.7603305785123967,92,none
spearman_filter,fold_2,sideway,Close_to_SMA_60,0.03678929765886287,0.7768595041322314,92,none
spearman_filter,fold_2,sideway,Volatility_5,0.008430559622705485,0.9752066115702479,92,none
spearman_filter,fold_2,sideway,Volatility_10,0.056517115423146275,0.6859504132231405,92,none
spearman_filter,fold_2,sideway,Volatility_20,0.020221013208390485,0.8264462809917356,92,none
spearman_filter,fold_2,sideway,Volatility_60,0.010742413266957445,0.9669421487603306,92,none
spearman_filter,fold_2,sideway,Momentum_5,0.0573033664576116,0.6611570247933884,92,none
spearman_filter,fold_2,sideway,Momentum_10,0.01669158331149916,0.8925619834710744,92,none
spearman_filter,fold_2,sideway,Momentum_20,0.06596489064932262,0.5950413223140496,92,none
spearman_filter,fold_2,sideway,Momentum_60,0.13475024274463263,0.32231404958677684,92,none
spearman_filter,fold_2,sideway,ROC_5,0.06078633848619823,0.6322314049586777,92,none
spearman_filter,fold_2,sideway,ROC_10,0.018510241511644036,0.8801652892561983,92,none
spearman_filter,fold_2,sideway,ROC_20,0.06858499144614151,0.5578512396694215,92,none
spearman_filter,fold_2,sideway,ROC_60,0.13633771558035232,0.30991735537190085,92,none
spearman_filter,fold_2,sideway,Ratio_Close_D_to_W,0.02020560085076214,0.8347107438016529,92,none
spearman_filter,fold_2,sideway,Ratio_Close_D_to_M,0.012761432116270826,0.9586776859504132,92,none
spearman_filter,fold_2,sideway,Ratio_Volume_D_to_W,0.17490848842657067,0.1652892561983471,92,none
spearman_filter,fold_2,sideway,Spread_D,0.04033460615460841,0.768595041322314,92,none
spearman_filter,fold_2,sideway,Body_D,0.06433167649403057,0.6033057851239669,92,none
spearman_filter,fold_2,sideway,Body_abs_D,0.04357928077656266,0.743801652892562,92,none
spearman_filter,fold_2,sideway,Upper_Shadow_D,0.2313232409089579,0.03305785123966942,92,none
spearman_filter,fold_2,sideway,Lower_Shadow_D,0.10930570380148369,0.4297520661157025,92,none
spearman_filter,fold_2,sideway,Body_to_Range_D,0.05445185950094786,0.7024793388429752,92,none
spearman_filter,fold_2,sideway,Close_Position_D,0.018712044199963574,0.8677685950413223,92,none
spearman_filter,fold_2,sideway,Spread_W,0.030225681096017566,0.8016528925619835,92,none
spearman_filter,fold_2,sideway,Body_W,0.015124409448657934,0.9090909090909091,92,none
spearman_filter,fold_2,sideway,Close_Position_W,0.09616841479618347,0.4380165289256198,92,none
spearman_filter,fold_2,sideway,Spread_M,0.00522105168126636,0.9834710743801653,92,none
spearman_filter,fold_2,sideway,Body_M,0.02015388104345973,0.8429752066115702,92,none
spearman_filter,fold_2,sideway,Close_Position_M,0.08569672625649995,0.49586776859504134,92,none
spearman_filter,fold_2,sideway,Volume_MA_5,0.2278366881686103,0.04132231404958678,92,none
spearman_filter,fold_2,sideway,Volume_MA_20,0.19401075782562455,0.12396694214876033,92,none
spearman_filter,fold_2,sideway,Volume_Ratio_5,0.07117426752770371,0.5371900826446281,92,none
spearman_filter,fold_2,sideway,Volume_Ratio_20,0.1327466362529476,0.3305785123966942,92,none
spearman_filter,fold_2,sideway,Volume_Change_1D,0.09102538415301388,0.4793388429752066,92,none
spearman_filter,fold_2,sideway,Volume_Change_5D,0.11788957773917999,0.3884297520661157,92,none
spearman_filter,fold_2,sideway,Volume_Change_20D,0.12436231370312716,0.38016528925619836,92,none
spearman_filter,fold_2,sideway,Direction_lag1,0.13223480934477266,0.33884297520661155,92,none
spearman_filter,fold_2,sideway,Direction_lag2,0.004092989450207143,1.0,92,none
spearman_filter,fold_2,sideway,Direction_lag3,0.09586660715716251,0.4462809917355372,92,none
spearman_filter,fold_2,sideway,Direction_lag5,0.08392611738600123,0.5041322314049587,92,none
spearman_filter,fold_2,sideway,Up_Ratio_5,0.059064729187747425,0.6487603305785123,92,none
spearman_filter,fold_2,sideway,Up_Ratio_10,0.05654893975811915,0.6735537190082644,92,none
spearman_filter,fold_2,sideway,Up_Ratio_20,0.11667936296267942,0.40082644628099173,92,none
spearman_filter,fold_2,sideway,Down_Ratio_5,0.059064729187747425,0.6487603305785123,92,none
spearman_filter,fold_2,sideway,Down_Ratio_10,0.05654893975811915,0.6735537190082644,92,none
spearman_filter,fold_2,sideway,Down_Ratio_20,0.11667936296267942,0.40082644628099173,92,none
spearman_filter,fold_2,sideway,WMA_5,0.19827998088867654,0.09917355371900827,92,none
spearman_filter,fold_2,sideway,WMA_10,0.1946734892036435,0.11570247933884298,92,none
spearman_filter,fold_2,sideway,WMA_20,0.21326079250342925,0.06611570247933884,92,none
spearman_filter,fold_2,sideway,WMA_60,0.14284173049951449,0.2975206611570248,92,none
spearman_filter,fold_2,sideway,StochK_14,0.06645808609342971,0.5826446280991735,92,none
spearman_filter,fold_2,sideway,StochD_3,0.015551068847001526,0.9008264462809917,92,none
spearman_filter,fold_2,sideway,RSI_14,0.014980811614752709,0.9256198347107438,92,none
spearman_filter,fold_2,sideway,MACD_12_26,0.15825408812786093,0.2396694214876033,92,none
spearman_filter,fold_2,sideway,MACD_Signal_9,0.16101290014333494,0.23140495867768596,92,none
spearman_filter,fold_2,sideway,MACD_Histogram,0.03591079327404713,0.7851239669421488,92,none
spearman_filter,fold_2,sideway,WilliamsR_14,0.06645808609342971,0.5826446280991735,92,none
spearman_filter,fold_2,sideway,CCI_20,0.061556956367615545,0.6198347107438017,92,none
spearman_filter,fold_2,sideway,ADX_14,0.055885208760384074,0.6942148760330579,92,none
spearman_filter,fold_2,sideway,PlusDI_14,0.13055808146972242,0.35537190082644626,92,none
spearman_filter,fold_2,sideway,MinusDI_14,0.04817902994621088,0.7272727272727273,92,none
spearman_filter,fold_2,sideway,VMD_IMF_1,0.16571366921998057,0.2066115702479339,92,none
spearman_filter,fold_2,sideway,VMD_IMF_2,0.015042461045266095,0.9173553719008265,92,none
spearman_filter,fold_2,sideway,VMD_IMF_3,0.0051323150902393535,0.9917355371900827,92,none
spearman_filter,fold_2,sideway,VMD_IMF_4,0.06761401291555569,0.5702479338842975,92,none
spearman_filter,fold_2,sideway,VMD_Denoised_Close,0.240479016075089,0.01652892561983471,92,none
spearman_filter,fold_2,sideway,VMD_Noise_Energy_Ratio,0.09059383813942018,0.48760330578512395,92,none
spearman_filter,fold_2,bear,Open_D,0.36477951635846373,0.049586776859504134,75,none
spearman_filter,fold_2,bear,High_D,0.38905247589250386,0.01652892561983471,75,none
spearman_filter,fold_2,bear,Low_D,0.3759512937975497,0.04132231404958678,75,none
spearman_filter,fold_2,bear,Close_D,0.39700422485133047,0.0,75,none
spearman_filter,fold_2,bear,Volume_D,0.02975030301798548,0.8264462809917356,75,none
spearman_filter,fold_2,bear,Change_pct_D,0.07925059760184182,0.5867768595041323,75,none
spearman_filter,fold_2,bear,Open_W,0.2970970267364439,0.1487603305785124,75,none
spearman_filter,fold_2,bear,High_W,0.30020262020700467,0.14049586776859505,75,none
spearman_filter,fold_2,bear,Low_W,0.28860650513803005,0.15702479338842976,75,none
spearman_filter,fold_2,bear,Close_W,0.3186937226142885,0.10743801652892562,75,none
spearman_filter,fold_2,bear,Volume_W,0.024289159941771127,0.8677685950413223,75,none
spearman_filter,fold_2,bear,Change_pct_W,0.0010406147405479739,1.0,75,none
spearman_filter,fold_2,bear,Open_M,0.06986459529055203,0.6528925619834711,75,none
spearman_filter,fold_2,bear,High_M,0.08707005532479246,0.5206611570247934,75,none
spearman_filter,fold_2,bear,Low_M,0.15337190384057756,0.35537190082644626,75,none
spearman_filter,fold_2,bear,Close_M,0.156268445933884,0.33884297520661155,75,none
spearman_filter,fold_2,bear,Volume_M,0.017668906769169462,0.8925619834710744,75,none
spearman_filter,fold_2,bear,Change_pct_M,0.03803159768511394,0.8016528925619835,75,none
spearman_filter,fold_2,bear,Close_D_lag1,0.332012774174602,0.08264462809917356,75,none
spearman_filter,fold_2,bear,Close_D_lag2,0.3799227580400716,0.024793388429752067,75,none
spearman_filter,fold_2,bear,Close_D_lag3,0.2670753999626458,0.19008264462809918,75,none
spearman_filter,fold_2,bear,Close_D_lag5,0.32549306894897917,0.09090909090909091,75,none
spearman_filter,fold_2,bear,Close_D_lag10,0.273172119487909,0.17355371900826447,75,none
spearman_filter,fold_2,bear,Close_D_lag20,0.13402560455192034,0.4214876033057851,75,none
spearman_filter,fold_2,bear,Close_D_lag60,0.04031294452347084,0.7768595041322314,75,none
spearman_filter,fold_2,bear,Change_pct_D_lag1,0.0373273397497685,0.8181818181818182,75,none
spearman_filter,fold_2,bear,Change_pct_D_lag2,0.0628240972562439,0.7024793388429752,75,none
spearman_filter,fold_2,bear,Change_pct_D_lag3,0.12492175577405479,0.4297520661157025,75,none
spearman_filter,fold_2,bear,Change_pct_D_lag5,0.12211829212022926,0.4380165289256198,75,none
spearman_filter,fold_2,bear,Change_pct_D_lag10,0.06299347050141287,0.6942148760330579,75,none
spearman_filter,fold_2,bear,Change_pct_D_lag20,0.028353357298843772,0.8347107438016529,75,none
spearman_filter,fold_2,bear,Volume_D_lag1,0.053780652914739754,0.7272727272727273,75,none
spearman_filter,fold_2,bear,Volume_D_lag2,0.08415676243139832,0.5537190082644629,75,none
spearman_filter,fold_2,bear,Volume_D_lag3,0.08469620922662092,0.5454545454545454,75,none
spearman_filter,fold_2,bear,Volume_D_lag5,0.10726099804459854,0.4793388429752066,75,none
spearman_filter,fold_2,bear,Volume_D_lag10,0.15860504380497997,0.3305785123966942,75,none
spearman_filter,fold_2,bear,Volume_D_lag20,0.052337698588472925,0.743801652892562,75,none
spearman_filter,fold_2,bear,Close_W_lag1,0.30061345767834413,0.1322314049586777,75,none
spearman_filter,fold_2,bear,Close_W_lag2,0.3189360122536406,0.09917355371900827,75,none
spearman_filter,fold_2,bear,Close_W_lag4,0.2726233037617867,0.18181818181818182,75,none
spearman_filter,fold_2,bear,Close_M_lag1,0.18660420138615574,0.2727272727272727,75,none
spearman_filter,fold_2,bear,Close_M_lag3,0.16454433487675638,0.3140495867768595,75,none
spearman_filter,fold_2,bear,Return_1D,0.07982930298719772,0.5785123966942148,75,none
spearman_filter,fold_2,bear,Return_3D,0.00352773826458037,0.9752066115702479,75,none
spearman_filter,fold_2,bear,Return_5D,0.15086770981507822,0.4090909090909091,75,none
spearman_filter,fold_2,bear,Return_10D,0.001678520625889047,0.987603305785124,75,none
spearman_filter,fold_2,bear,Return_20D,0.16887624466571835,0.29338842975206614,75,none
spearman_filter,fold_2,bear,Return_60D,0.2224466571834993,0.25206611570247933,75,none
spearman_filter,fold_2,bear,SMA_5,0.3497581792318634,0.06611570247933884,75,none
spearman_filter,fold_2,bear,SMA_10,0.3150520274050341,0.11570247933884298,75,none
spearman_filter,fold_2,bear,SMA_20,0.3049217638691323,0.12396694214876033,75,none
spearman_filter,fold_2,bear,SMA_60,0.22503556187766713,0.23140495867768596,75,none
spearman_filter,fold_2,bear,Close_to_SMA_5,0.03931721194879089,0.7933884297520661,75,none
spearman_filter,fold_2,bear,Close_to_SMA_10,0.06534850640113798,0.6611570247933884,75,none
spearman_filter,fold_2,bear,Close_to_SMA_20,0.0732574679943101,0.6198347107438017,75,none
spearman_filter,fold_2,bear,Close_to_SMA_60,0.2839829302987198,0.1652892561983471,75,none
spearman_filter,fold_2,bear,Volatility_5,0.1000284495021337,0.49586776859504134,75,none
spearman_filter,fold_2,bear,Volatility_10,0.10463726884779516,0.48760330578512395,75,none
spearman_filter,fold_2,bear,Volatility_20,0.16503556187766713,0.30578512396694213,75,none
spearman_filter,fold_2,bear,Volatility_60,0.1780085348506401,0.2809917355371901,75,none
spearman_filter,fold_2,bear,Momentum_5,0.15226173541963015,0.38016528925619836,75,none
spearman_filter,fold_2,bear,Momentum_10,0.0042958748221906115,0.9586776859504132,75,none
spearman_filter,fold_2,bear,Momentum_20,0.15334281650071124,0.36363636363636365,75,none
spearman_filter,fold_2,bear,Momentum_60,0.22257626299469788,0.2396694214876033,75,none
spearman_filter,fold_2,bear,ROC_5,0.15086770981507822,0.4090909090909091,75,none
spearman_filter,fold_2,bear,ROC_10,0.001678520625889047,0.987603305785124,75,none
spearman_filter,fold_2,bear,ROC_20,0.16887624466571835,0.29338842975206614,75,none
spearman_filter,fold_2,bear,ROC_60,0.2224466571834993,0.25206611570247933,75,none
spearman_filter,fold_2,bear,Ratio_Close_D_to_W,0.012660028449502134,0.9173553719008265,75,none
spearman_filter,fold_2,bear,Ratio_Close_D_to_M,0.15314366998577525,0.371900826446281,75,none
spearman_filter,fold_2,bear,Ratio_Volume_D_to_W,0.018193586014585452,0.8760330578512396,75,none
spearman_filter,fold_2,bear,Spread_D,0.07917609070631358,0.5950413223140496,75,none
spearman_filter,fold_2,bear,Body_D,0.06438122332859175,0.6776859504132231,75,none
spearman_filter,fold_2,bear,Body_abs_D,0.06179275812928789,0.7107438016528925,75,none
spearman_filter,fold_2,bear,Upper_Shadow_D,0.07202196366964987,0.6446280991735537,75,none
spearman_filter,fold_2,bear,Lower_Shadow_D,0.06095435892622835,0.71900826446281,75,none
spearman_filter,fold_2,bear,Body_to_Range_D,0.09783783783783784,0.5041322314049587,75,none
spearman_filter,fold_2,bear,Close_Position_D,0.15139510238720325,0.39669421487603307,75,none
spearman_filter,fold_2,bear,Spread_W,0.07625799012803568,0.6115702479338843,75,none
spearman_filter,fold_2,bear,Body_W,0.004259506640814995,0.9669421487603306,75,none
spearman_filter,fold_2,bear,Close_Position_W,0.049361841171986484,0.7603305785123967,75,none
spearman_filter,fold_2,bear,Spread_M,0.10902584439205551,0.4628099173553719,75,none
spearman_filter,fold_2,bear,Body_M,0.017321321717972685,0.9008264462809917,75,none
spearman_filter,fold_2,bear,Close_Position_M,0.01772683761103559,0.8842975206611571,75,none
spearman_filter,fold_2,bear,Volume_MA_5,0.011238592521036588,0.9256198347107438,75,none
spearman_filter,fold_2,bear,Volume_MA_20,0.011138138523723237,0.9338842975206612,75,none
spearman_filter,fold_2,bear,Volume_Ratio_5,0.008733997155049786,0.9421487603305785,75,none
spearman_filter,fold_2,bear,Volume_Ratio_20,0.028307254623044096,0.8429752066115702,75,none
spearman_filter,fold_2,bear,Volume_Change_1D,0.09098150782361308,0.512396694214876,75,none
spearman_filter,fold_2,bear,Volume_Change_5D,0.05260312944523471,0.7355371900826446,75,none
spearman_filter,fold_2,bear,Volume_Change_20D,0.03738264580369843,0.8099173553719008,75,none
spearman_filter,fold_2,bear,Direction_lag1,0.16423867621183644,0.32231404958677684,75,none
spearman_filter,fold_2,bear,Direction_lag2,0.04964740541926502,0.7520661157024794,75,none
spearman_filter,fold_2,bear,Direction_lag3,0.06366636089154606,0.6859504132231405,75,none
spearman_filter,fold_2,bear,Direction_lag5,0.04621099316532656,0.768595041322314,75,none
spearman_filter,fold_2,bear,Up_Ratio_5,0.08673506075492596,0.5330578512396694,75,none
spearman_filter,fold_2,bear,Up_Ratio_10,0.02615288177360031,0.8553719008264463,75,none
spearman_filter,fold_2,bear,Up_Ratio_20,0.07210077259049025,0.6322314049586777,75,none
spearman_filter,fold_2,bear,Down_Ratio_5,0.08673506075492596,0.5330578512396694,75,none
spearman_filter,fold_2,bear,Down_Ratio_10,0.02615288177360031,0.8553719008264463,75,none
spearman_filter,fold_2,bear,Down_Ratio_20,0.07210077259049025,0.6322314049586777,75,none
spearman_filter,fold_2,bear,WMA_5,0.3953058321479374,0.008264462809917356,75,none
spearman_filter,fold_2,bear,WMA_10,0.3607965860597439,0.05785123966942149,75,none
spearman_filter,fold_2,bear,WMA_20,0.34125177809388335,0.0743801652892562,75,none
spearman_filter,fold_2,bear,WMA_60,0.23203413940256043,0.2231404958677686,75,none
spearman_filter,fold_2,bear,StochK_14,0.08147937411095305,0.5661157024793388,75,none
spearman_filter,fold_2,bear,StochD_3,0.01499288762446657,0.9090909090909091,75,none
spearman_filter,fold_2,bear,RSI_14,0.1206827880512091,0.4462809917355372,75,none
spearman_filter,fold_2,bear,MACD_12_26,0.2038122332859175,0.2644628099173554,75,none
spearman_filter,fold_2,bear,MACD_Signal_9,0.24019914651493596,0.2066115702479339,75,none
spearman_filter,fold_2,bear,MACD_Histogram,0.15604551920341395,0.34710743801652894,75,none
spearman_filter,fold_2,bear,WilliamsR_14,0.08147937411095305,0.5661157024793388,75,none
spearman_filter,fold_2,bear,CCI_20,0.1514651493598862,0.3884297520661157,75,none
spearman_filter,fold_2,bear,ADX_14,0.07698435277382647,0.6033057851239669,75,none
spearman_filter,fold_2,bear,PlusDI_14,0.06526315789473684,0.6694214876033058,75,none
spearman_filter,fold_2,bear,MinusDI_14,0.03991465149359886,0.7851239669421488,75,none
spearman_filter,fold_2,bear,VMD_IMF_1,0.2644665718349929,0.19834710743801653,75,none
spearman_filter,fold_2,bear,VMD_IMF_2,0.004438122332859175,0.9504132231404959,75,none
spearman_filter,fold_2,bear,VMD_IMF_3,0.11044096728307254,0.45454545454545453,75,none
spearman_filter,fold_2,bear,VMD_IMF_4,0.10896159317211948,0.47107438016528924,75,none
spearman_filter,fold_2,bear,VMD_Denoised_Close,0.37940256045519205,0.03305785123966942,75,none
spearman_filter,fold_2,bear,VMD_Noise_Energy_Ratio,0.23672830725462302,0.21487603305785125,75,none
spearman_filter,fold_3,global,Open_D,0.10732119114807968,0.33884297520661155,242,none
spearman_filter,fold_3,global,High_D,0.11156749607648642,0.30578512396694213,242,none
spearman_filter,fold_3,global,Low_D,0.11752804407884042,0.2644628099173554,242,none
spearman_filter,fold_3,global,Close_D,0.12577475402619206,0.19008264462809918,242,none
spearman_filter,fold_3,global,Volume_D,0.10839761788878768,0.3305785123966942,242,none
spearman_filter,fold_3,global,Change_pct_D,0.09748940574955002,0.39669421487603307,242,none
spearman_filter,fold_3,global,Open_W,0.1486154253822848,0.06611570247933884,242,none
spearman_filter,fold_3,global,High_W,0.12959277288428991,0.1652892561983471,242,none
spearman_filter,fold_3,global,Low_W,0.13615017642324348,0.10743801652892562,242,none
spearman_filter,fold_3,global,Close_W,0.13252721731958297,0.1322314049586777,242,none
spearman_filter,fold_3,global,Volume_W,0.15216263975262412,0.05785123966942149,242,none
spearman_filter,fold_3,global,Change_pct_W,0.015921370407404604,0.8677685950413223,242,none
spearman_filter,fold_3,global,Open_M,0.09758570271244175,0.3884297520661157,242,none
spearman_filter,fold_3,global,High_M,0.09454119465104929,0.4297520661157025,242,none
spearman_filter,fold_3,global,Low_M,0.1760249080351664,0.0,242,none
spearman_filter,fold_3,global,Close_M,0.11021917908888135,0.32231404958677684,242,none
spearman_filter,fold_3,global,Volume_M,0.05116099089490376,0.5867768595041323,242,none
spearman_filter,fold_3,global,Change_pct_M,0.021916549379708567,0.8264462809917356,242,none
spearman_filter,fold_3,global,Close_D_lag1,0.09854236168736384,0.36363636363636365,242,none
spearman_filter,fold_3,global,Close_D_lag2,0.10474378079965715,0.34710743801652894,242,none
spearman_filter,fold_3,global,Close_D_lag3,0.1151165941305077,0.2809917355371901,242,none
spearman_filter,fold_3,global,Close_D_lag5,0.12193654637517817,0.2231404958677686,242,none
spearman_filter,fold_3,global,Close_D_lag10,0.11084867318081977,0.3140495867768595,242,none
spearman_filter,fold_3,global,Close_D_lag20,0.11487228944635205,0.2892561983471074,242,none
spearman_filter,fold_3,global,Close_D_lag60,0.0018213066202717933,1.0,242,none
spearman_filter,fold_3,global,Change_pct_D_lag1,0.02132379682068199,0.8347107438016529,242,none
spearman_filter,fold_3,global,Change_pct_D_lag2,0.007471605739698527,0.9256198347107438,242,none
spearman_filter,fold_3,global,Change_pct_D_lag3,0.029964322746651346,0.7024793388429752,242,none
spearman_filter,fold_3,global,Change_pct_D_lag5,0.06805181521948105,0.5206611570247934,242,none
spearman_filter,fold_3,global,Change_pct_D_lag10,0.15394290970046126,0.04132231404958678,242,none
spearman_filter,fold_3,global,Change_pct_D_lag20,0.004434783179716889,0.9586776859504132,242,none
spearman_filter,fold_3,global,Volume_D_lag1,0.1281777878985293,0.18181818181818182,242,none
spearman_filter,fold_3,global,Volume_D_lag2,0.13048225613241635,0.1487603305785124,242,none
spearman_filter,fold_3,global,Volume_D_lag3,0.17521457815661728,0.008264462809917356,242,none
spearman_filter,fold_3,global,Volume_D_lag5,0.15588201246430516,0.024793388429752067,242,none
spearman_filter,fold_3,global,Volume_D_lag10,0.05840633971125071,0.5619834710743802,242,none
spearman_filter,fold_3,global,Volume_D_lag20,0.04000762095069177,0.6363636363636364,242,none
spearman_filter,fold_3,global,Close_W_lag1,0.12281861969455561,0.19834710743801653,242,none
spearman_filter,fold_3,global,Close_W_lag2,0.11903813902876124,0.24793388429752067,242,none
spearman_filter,fold_3,global,Close_W_lag4,0.11820958817650942,0.256198347107438,242,none
spearman_filter,fold_3,global,Close_M_lag1,0.07796294965289301,0.47107438016528924,242,none
spearman_filter,fold_3,global,Close_M_lag3,0.09829139755157404,0.38016528925619836,242,none
spearman_filter,fold_3,global,Return_1D,0.0971189746494663,0.4049586776859504,242,none
spearman_filter,fold_3,global,Return_3D,0.027781482201198037,0.768595041322314,242,none
spearman_filter,fold_3,global,Return_5D,0.02810662473682718,0.756198347107438,242,none
spearman_filter,fold_3,global,Return_10D,0.028872064456120786,0.7231404958677686,242,none
spearman_filter,fold_3,global,Return_20D,0.03921227446941015,0.6487603305785123,242,none
spearman_filter,fold_3,global,Return_60D,0.07040140285456518,0.5,242,none
spearman_filter,fold_3,global,SMA_5,0.11532526319399199,0.2727272727272727,242,none
spearman_filter,fold_3,global,SMA_10,0.12050722235558146,0.2396694214876033,242,none
spearman_filter,fold_3,global,SMA_20,0.14365245988532802,0.0743801652892562,242,none
spearman_filter,fold_3,global,SMA_60,0.13219711258187306,0.14049586776859505,242,none
spearman_filter,fold_3,global,Close_to_SMA_5,0.028301371568063383,0.743801652892562,242,none
spearman_filter,fold_3,global,Close_to_SMA_10,0.008001131225071878,0.9173553719008265,242,none
spearman_filter,fold_3,global,Close_to_SMA_20,0.012471841089972614,0.9008264462809917,242,none
spearman_filter,fold_3,global,Close_to_SMA_60,0.003349222134586149,0.9917355371900827,242,none
spearman_filter,fold_3,global,Volatility_5,0.09831878447495196,0.371900826446281,242,none
spearman_filter,fold_3,global,Volatility_10,0.15995361638515165,0.01652892561983471,242,none
spearman_filter,fold_3,global,Volatility_20,0.1539571074337829,0.03305785123966942,242,none
spearman_filter,fold_3,global,Volatility_60,0.13943322745032793,0.09090909090909091,242,none
spearman_filter,fold_3,global,Momentum_5,0.0271811539257786,0.7933884297520661,242,none
spearman_filter,fold_3,global,Momentum_10,0.027375065621245108,0.7768595041322314,242,none
spearman_filter,fold_3,global,Momentum_20,0.037382524720699126,0.6611570247933884,242,none
spearman_filter,fold_3,global,Momentum_60,0.06858433024659606,0.512396694214876,242,none
spearman_filter,fold_3,global,ROC_5,0.02810662473682718,0.756198347107438,242,none
spearman_filter,fold_3,global,ROC_10,0.028872064456120786,0.7231404958677686,242,none
spearman_filter,fold_3,global,ROC_20,0.03921227446941015,0.6487603305785123,242,none
spearman_filter,fold_3,global,ROC_60,0.07040140285456518,0.5,242,none
spearman_filter,fold_3,global,Ratio_Close_D_to_W,0.018967075289353,0.8429752066115702,242,none
spearman_filter,fold_3,global,Ratio_Close_D_to_M,0.004375454188867732,0.9669421487603306,242,none
spearman_filter,fold_3,global,Ratio_Volume_D_to_W,0.09082445682546411,0.45454545454545453,242,none
spearman_filter,fold_3,global,Spread_D,0.1537759731188533,0.049586776859504134,242,none
spearman_filter,fold_3,global,Body_D,0.12898226023469805,0.17355371900826447,242,none
spearman_filter,fold_3,global,Body_abs_D,0.09502867125812511,0.4214876033057851,242,none
spearman_filter,fold_3,global,Upper_Shadow_D,0.055559471683603784,0.5702479338842975,242,none
spearman_filter,fold_3,global,Lower_Shadow_D,0.06439616451882495,0.5454545454545454,242,none
spearman_filter,fold_3,global,Body_to_Range_D,0.027212482763847027,0.7851239669421488,242,none
spearman_filter,fold_3,global,Close_Position_D,0.1326548670581006,0.12396694214876033,242,none
spearman_filter,fold_3,global,Spread_W,0.09523902439434412,0.4132231404958678,242,none
spearman_filter,fold_3,global,Body_W,0.06715389284813254,0.5289256198347108,242,none
spearman_filter,fold_3,global,Close_Position_W,0.024274588187885155,0.8016528925619835,242,none
spearman_filter,fold_3,global,Spread_M,0.10001842015027781,0.35537190082644626,242,none
spearman_filter,fold_3,global,Body_M,0.02412579329810667,0.8099173553719008,242,none
spearman_filter,fold_3,global,Close_Position_M,0.05241516167319438,0.5785123966942148,242,none
spearman_filter,fold_3,global,Volume_MA_5,0.13738814973100744,0.09917355371900827,242,none
spearman_filter,fold_3,global,Volume_MA_20,0.12228457652806325,0.2066115702479339,242,none
spearman_filter,fold_3,global,Volume_Ratio_5,0.07373580729547032,0.48760330578512395,242,none
spearman_filter,fold_3,global,Volume_Ratio_20,0.013633548274564243,0.8925619834710744,242,none
spearman_filter,fold_3,global,Volume_Change_1D,0.016129274667390697,0.8512396694214877,242,none
spearman_filter,fold_3,global,Volume_Change_5D,0.05893720236263115,0.5537190082644629,242,none
spearman_filter,fold_3,global,Volume_Change_20D,0.06591638237832143,0.5371900826446281,242,none
spearman_filter,fold_3,global,Direction_lag1,0.011646402405730035,0.9090909090909091,242,none
spearman_filter,fold_3,global,Direction_lag2,0.031956716956057125,0.6776859504132231,242,none
spearman_filter,fold_3,global,Direction_lag3,0.006515504006893348,0.9338842975206612,242,none
spearman_filter,fold_3,global,Direction_lag5,0.04773350965469641,0.6033057851239669,242,none
spearman_filter,fold_3,global,Up_Ratio_5,0.014924591324352608,0.8760330578512396,242,none
spearman_filter,fold_3,global,Up_Ratio_10,0.031524342258657446,0.6859504132231405,242,none
spearman_filter,fold_3,global,Up_Ratio_20,0.04418843557835158,0.628099173553719,242,none
spearman_filter,fold_3,global,Down_Ratio_5,0.0044965285869310815,0.9504132231404959,242,none
spearman_filter,fold_3,global,Down_Ratio_10,0.045170685939620384,0.6115702479338843,242,none
spearman_filter,fold_3,global,Down_Ratio_20,0.0446302325958057,0.6198347107438017,242,none
spearman_filter,fold_3,global,WMA_5,0.11442096051677342,0.2975206611570248,242,none
spearman_filter,fold_3,global,WMA_10,0.12067701633397329,0.23140495867768596,242,none
spearman_filter,fold_3,global,WMA_20,0.1344070657537274,0.11570247933884298,242,none
spearman_filter,fold_3,global,WMA_60,0.14249837322891518,0.08264462809917356,242,none
spearman_filter,fold_3,global,StochK_14,0.0042255873475413675,0.9793388429752066,242,none
spearman_filter,fold_3,global,StochD_3,0.03213111034059104,0.6694214876033058,242,none
spearman_filter,fold_3,global,RSI_14,0.03109303163938199,0.6942148760330579,242,none
spearman_filter,fold_3,global,MACD_12_26,0.028876298082886796,0.7107438016528925,242,none
spearman_filter,fold_3,global,MACD_Signal_9,0.023083849941639457,0.8181818181818182,242,none
spearman_filter,fold_3,global,MACD_Histogram,0.028358102166727846,0.7355371900826446,242,none
spearman_filter,fold_3,global,WilliamsR_14,0.0042255873475413675,0.9793388429752066,242,none
spearman_filter,fold_3,global,CCI_20,0.05089031054075691,0.5950413223140496,242,none
spearman_filter,fold_3,global,ADX_14,0.09290651601729183,0.4380165289256198,242,none
spearman_filter,fold_3,global,PlusDI_14,0.07385096194350564,0.4793388429752066,242,none
spearman_filter,fold_3,global,MinusDI_14,0.014311775282478163,0.8842975206611571,242,none
spearman_filter,fold_3,global,VMD_IMF_1,0.0820294821300731,0.4628099173553719,242,none
spearman_filter,fold_3,global,VMD_IMF_2,0.006443156575182227,0.9421487603305785,242,none
spearman_filter,fold_3,global,VMD_IMF_3,0.016105139580557662,0.859504132231405,242,none
spearman_filter,fold_3,global,VMD_IMF_4,0.09279390154531611,0.4462809917355372,242,none
spearman_filter,fold_3,global,VMD_Denoised_Close,0.12208297823788836,0.21487603305785125,242,none
spearman_filter,fold_3,global,VMD_Noise_Energy_Ratio,0.13041983606550436,0.15702479338842976,242,none
spearman_filter,fold_3,bull,Open_D,0.1478052231689686,0.32231404958677684,58,none
spearman_filter,fold_3,bull,High_D,0.14694392322126182,0.3347107438016529,58,none
spearman_filter,fold_3,bull,Low_D,0.1570334368943985,0.2644628099173554,58,none
spearman_filter,fold_3,bull,Close_D,0.17887354271124922,0.10743801652892562,58,none
spearman_filter,fold_3,bull,Volume_D,0.04061038689445783,0.8016528925619835,58,none
spearman_filter,fold_3,bull,Change_pct_D,0.049065600298332165,0.743801652892562,58,none
spearman_filter,fold_3,bull,Open_W,0.14950552011017113,0.2975206611570248,58,none
spearman_filter,fold_3,bull,High_W,0.17608839105385254,0.12396694214876033,58,none
spearman_filter,fold_3,bull,Low_W,0.11971543503871378,0.4214876033057851,58,none
spearman_filter,fold_3,bull,Close_W,0.170969183888364,0.18181818181818182,58,none
spearman_filter,fold_3,bull,Volume_W,0.2535212239617468,0.03305785123966942,58,none
spearman_filter,fold_3,bull,Change_pct_W,0.01659116539176404,0.9421487603305785,58,none
spearman_filter,fold_3,bull,Open_M,0.06271196140712113,0.628099173553719,58,none
spearman_filter,fold_3,bull,High_M,0.17664763361633465,0.11570247933884298,58,none
spearman_filter,fold_3,bull,Low_M,0.04219722818385553,0.7933884297520661,58,none
spearman_filter,fold_3,bull,Close_M,0.13372449948765586,0.371900826446281,58,none
spearman_filter,fold_3,bull,Volume_M,0.15613290039306904,0.2727272727272727,58,none
spearman_filter,fold_3,bull,Change_pct_M,0.038409892819560344,0.8223140495867769,58,none
spearman_filter,fold_3,bull,Close_D_lag1,0.1484204374173306,0.3140495867768595,58,none
spearman_filter,fold_3,bull,Close_D_lag2,0.13617767387492696,0.35537190082644626,58,none
spearman_filter,fold_3,bull,Close_D_lag3,0.14694392322126182,0.3347107438016529,58,none
spearman_filter,fold_3,bull,Close_D_lag5,0.1327324740840998,0.38016528925619836,58,none
spearman_filter,fold_3,bull,Close_D_lag10,0.08369989848964904,0.5041322314049587,58,none
spearman_filter,fold_3,bull,Close_D_lag20,0.03208342305207789,0.8842975206611571,58,none
spearman_filter,fold_3,bull,Close_D_lag60,0.07293477091469755,0.5537190082644629,58,none
spearman_filter,fold_3,bull,Change_pct_D_lag1,0.07106271074497676,0.5702479338842975,58,none
spearman_filter,fold_3,bull,Change_pct_D_lag2,0.06712400418770784,0.5950413223140496,58,none
spearman_filter,fold_3,bull,Change_pct_D_lag3,0.025778666489029683,0.9256198347107438,58,none
spearman_filter,fold_3,bull,Change_pct_D_lag5,0.0009843730778620794,1.0,58,none
spearman_filter,fold_3,bull,Change_pct_D_lag10,0.15267011204467187,0.2892561983471074,58,none
spearman_filter,fold_3,bull,Change_pct_D_lag20,0.08745539563630911,0.48760330578512395,58,none
spearman_filter,fold_3,bull,Volume_D_lag1,0.0456223468379922,0.768595041322314,58,none
spearman_filter,fold_3,bull,Volume_D_lag2,0.08318336357334076,0.512396694214876,58,none
spearman_filter,fold_3,bull,Volume_D_lag3,0.055283802910513075,0.6859504132231405,58,none
spearman_filter,fold_3,bull,Volume_D_lag5,0.06657232539272766,0.6033057851239669,58,none
spearman_filter,fold_3,bull,Volume_D_lag10,0.1202713752927156,0.4132231404958678,58,none
spearman_filter,fold_3,bull,Volume_D_lag20,0.2270692665175611,0.06611570247933884,58,none
spearman_filter,fold_3,bull,Close_W_lag1,0.1321002994467326,0.3884297520661157,58,none
spearman_filter,fold_3,bull,Close_W_lag2,0.1728316375091975,0.15702479338842976,58,none
spearman_filter,fold_3,bull,Close_W_lag4,0.16328280107264967,0.23140495867768596,58,none
spearman_filter,fold_3,bull,Close_M_lag1,0.11660530305654261,0.4297520661157025,58,none
spearman_filter,fold_3,bull,Close_M_lag3,0.24020352814812068,0.04132231404958678,58,none
spearman_filter,fold_3,bull,Return_1D,0.049801593404903255,0.7355371900826446,58,none
spearman_filter,fold_3,bull,Return_3D,0.12651881017564368,0.39669421487603307,58,none
spearman_filter,fold_3,bull,Return_5D,0.06056784275123813,0.640495867768595,58,none
spearman_filter,fold_3,bull,Return_10D,0.03417515149650866,0.8471074380165289,58,none
spearman_filter,fold_3,bull,Return_20D,0.07447168476421914,0.5330578512396694,58,none
spearman_filter,fold_3,bull,Return_60D,0.16681534344335414,0.2024793388429752,58,none
spearman_filter,fold_3,bull,SMA_5,0.18078070688117137,0.09917355371900827,58,none
spearman_filter,fold_3,bull,SMA_10,0.15567996554800212,0.2809917355371901,58,none
spearman_filter,fold_3,bull,SMA_20,0.13611615245009073,0.36363636363636365,58,none
spearman_filter,fold_3,bull,SMA_60,0.33095450490633366,0.0,58,none
spearman_filter,fold_3,bull,Close_to_SMA_5,0.08935986957457935,0.4793388429752066,58,none
spearman_filter,fold_3,bull,Close_to_SMA_10,0.06875019225445261,0.5867768595041323,58,none
spearman_filter,fold_3,bull,Close_to_SMA_20,0.03694361561413763,0.8347107438016529,58,none
spearman_filter,fold_3,bull,Close_to_SMA_60,0.07373342766618475,0.5454545454545454,58,none
spearman_filter,fold_3,bull,Volatility_5,0.06432064966624629,0.6115702479338843,58,none
spearman_filter,fold_3,bull,Volatility_10,0.05121658617613584,0.7107438016528925,58,none
spearman_filter,fold_3,bull,Volatility_20,0.005875296071857025,0.9752066115702479,58,none
spearman_filter,fold_3,bull,Volatility_60,0.2576824879264204,0.024793388429752067,58,none
spearman_filter,fold_3,bull,Momentum_5,0.038420129810206406,0.8099173553719008,58,none
spearman_filter,fold_3,bull,Momentum_10,0.05087900088271183,0.71900826446281,58,none
spearman_filter,fold_3,bull,Momentum_20,0.06352087114337569,0.6198347107438017,58,none
spearman_filter,fold_3,bull,Momentum_60,0.16669230059368176,0.21487603305785125,58,none
spearman_filter,fold_3,bull,ROC_5,0.06056784275123813,0.640495867768595,58,none
spearman_filter,fold_3,bull,ROC_10,0.03417515149650866,0.8471074380165289,58,none
spearman_filter,fold_3,bull,ROC_20,0.07447168476421914,0.5330578512396694,58,none
spearman_filter,fold_3,bull,ROC_60,0.16681534344335414,0.2024793388429752,58,none
spearman_filter,fold_3,bull,Ratio_Close_D_to_W,0.09237441939155312,0.47107438016528924,58,none
spearman_filter,fold_3,bull,Ratio_Close_D_to_M,0.031591251653388296,0.8925619834710744,58,none
spearman_filter,fold_3,bull,Ratio_Volume_D_to_W,0.1575871297179243,0.256198347107438,58,none
spearman_filter,fold_3,bull,Spread_D,0.05174031407782424,0.6942148760330579,58,none
spearman_filter,fold_3,bull,Body_D,0.01491894552277831,0.9586776859504132,58,none
spearman_filter,fold_3,bull,Body_abs_D,0.049033329750328085,0.7520661157024794,58,none
spearman_filter,fold_3,bull,Upper_Shadow_D,0.004552935580197646,0.9834710743801653,58,none
spearman_filter,fold_3,bull,Lower_Shadow_D,0.2285696713572196,0.05785123966942149,58,none
spearman_filter,fold_3,bull,Body_to_Range_D,0.07268756344396937,0.5619834710743802,58,none
spearman_filter,fold_3,bull,Close_Position_D,0.0461746701584553,0.7603305785123967,58,none
spearman_filter,fold_3,bull,Spread_W,0.05735979113137753,0.6694214876033058,58,none
spearman_filter,fold_3,bull,Body_W,0.08030370758392855,0.5206611570247934,58,none
spearman_filter,fold_3,bull,Close_Position_W,0.08585465511277153,0.49586776859504134,58,none
spearman_filter,fold_3,bull,Spread_M,0.10039594828185823,0.4628099173553719,58,none
spearman_filter,fold_3,bull,Body_M,0.038409892819560344,0.8223140495867769,58,none
spearman_filter,fold_3,bull,Close_Position_M,0.18763090617279068,0.08264462809917356,58,none
spearman_filter,fold_3,bull,Volume_MA_5,0.02894672082088177,0.9008264462809917,58,none
spearman_filter,fold_3,bull,Volume_MA_20,0.16281645082900123,0.2396694214876033,58,none
spearman_filter,fold_3,bull,Volume_Ratio_5,0.006182903196038021,0.9669421487603306,58,none
spearman_filter,fold_3,bull,Volume_Ratio_20,0.16195515088129442,0.24793388429752067,58,none
spearman_filter,fold_3,bull,Volume_Change_1D,0.10670891137838753,0.45454545454545453,58,none
spearman_filter,fold_3,bull,Volume_Change_5D,0.14260885616218383,0.34710743801652894,58,none
spearman_filter,fold_3,bull,Volume_Change_20D,0.19453373735324647,0.0743801652892562,58,none
spearman_filter,fold_3,bull,Direction_lag1,0.05991228738769984,0.6611570247933884,58,none
spearman_filter,fold_3,bull,Direction_lag2,0.06034631830889362,0.6528925619834711,58,none
spearman_filter,fold_3,bull,Direction_lag3,0.12567485325361016,0.4049586776859504,58,none
spearman_filter,fold_3,bull,Direction_lag5,0.057309730044142984,0.6776859504132231,58,none
spearman_filter,fold_3,bull,Up_Ratio_5,0.027955290497686244,0.9132231404958677,58,none
spearman_filter,fold_3,bull,Up_Ratio_10,0.1747685596397834,0.13636363636363635,58,none
spearman_filter,fold_3,bull,Up_Ratio_20,0.3081179565688053,0.012396694214876033,58,none
spearman_filter,fold_3,bull,Down_Ratio_5,0.027955290497686244,0.9132231404958677,58,none
spearman_filter,fold_3,bull,Down_Ratio_10,0.1747685596397834,0.13636363636363635,58,none
spearman_filter,fold_3,bull,Down_Ratio_20,0.3081179565688053,0.012396694214876033,58,none
spearman_filter,fold_3,bull,WMA_5,0.16767664339106095,0.19008264462809918,58,none
spearman_filter,fold_3,bull,WMA_10,0.1715524931557415,0.17355371900826447,58,none
spearman_filter,fold_3,bull,WMA_20,0.16601556492048355,0.2231404958677686,58,none
spearman_filter,fold_3,bull,WMA_60,0.22962871820111358,0.049586776859504134,58,none
spearman_filter,fold_3,bull,StochK_14,0.11114016335504102,0.44214876033057854,58,none
spearman_filter,fold_3,bull,StochD_3,0.05133962902580824,0.7024793388429752,58,none
spearman_filter,fold_3,bull,RSI_14,0.03331385154880187,0.8677685950413223,58,none
spearman_filter,fold_3,bull,MACD_12_26,0.017810452490079672,0.9338842975206612,58,none
spearman_filter,fold_3,bull,MACD_Signal_9,0.042726629548740354,0.78099173553719,58,none
spearman_filter,fold_3,bull,MACD_Histogram,0.015349595496631705,0.9504132231404959,58,none
spearman_filter,fold_3,bull,WilliamsR_14,0.11114016335504102,0.44214876033057854,58,none
spearman_filter,fold_3,bull,CCI_20,0.042726629548740354,0.78099173553719,58,none
spearman_filter,fold_3,bull,ADX_14,0.06991909932634041,0.5785123966942148,58,none
spearman_filter,fold_3,bull,PlusDI_14,0.03349841582331047,0.859504132231405,58,none
spearman_filter,fold_3,bull,MinusDI_14,0.0038450890522624508,0.9917355371900827,58,none
spearman_filter,fold_3,bull,VMD_IMF_1,0.17284444307730168,0.1487603305785124,58,none
spearman_filter,fold_3,bull,VMD_IMF_2,0.14854348026700298,0.30578512396694213,58,none
spearman_filter,fold_3,bull,VMD_IMF_3,0.05004767910424806,0.7272727272727273,58,none
spearman_filter,fold_3,bull,VMD_IMF_4,0.032944722999784674,0.8760330578512396,58,none
spearman_filter,fold_3,bull,VMD_Denoised_Close,0.18539481374388633,0.09090909090909091,58,none
spearman_filter,fold_3,bull,VMD_Noise_Energy_Ratio,0.1726598788027931,0.1652892561983471,58,none
spearman_filter,fold_3,sideway,Open_D,0.1971401781528364,0.18181818181818182,80,none
spearman_filter,fold_3,sideway,High_D,0.18992030004688235,0.21487603305785125,80,none
spearman_filter,fold_3,sideway,Low_D,0.21351508155008897,0.14049586776859505,80,none
spearman_filter,fold_3,sideway,Close_D,0.21889357712142524,0.11570247933884298,80,none
spearman_filter,fold_3,sideway,Volume_D,0.1446866386368375,0.4628099173553719,80,none
spearman_filter,fold_3,sideway,Change_pct_D,0.12836606365199363,0.512396694214876,80,none
spearman_filter,fold_3,sideway,Open_W,0.15752644363566032,0.35537190082644626,80,none
spearman_filter,fold_3,sideway,High_W,0.1238244214275542,0.5537190082644629,80,none
spearman_filter,fold_3,sideway,Low_W,0.14680093935355415,0.4380165289256198,80,none
spearman_filter,fold_3,sideway,Close_W,0.16060093173403212,0.3305785123966942,80,none
spearman_filter,fold_3,sideway,Volume_W,0.1427876762633131,0.47107438016528924,80,none
spearman_filter,fold_3,sideway,Change_pct_W,0.064540780691011,0.7768595041322314,80,none
spearman_filter,fold_3,sideway,Open_M,0.10409301542742472,0.6446280991735537,80,none
spearman_filter,fold_3,sideway,High_M,0.1447175788815167,0.45454545454545453,80,none
spearman_filter,fold_3,sideway,Low_M,0.2665199563764069,0.04132231404958678,80,none
spearman_filter,fold_3,sideway,Close_M,0.12059005874933217,0.5619834710743802,80,none
spearman_filter,fold_3,sideway,Volume_M,0.17046152400777861,0.3140495867768595,80,none
spearman_filter,fold_3,sideway,Change_pct_M,0.11628751575039087,0.5826446280991735,80,none
spearman_filter,fold_3,sideway,Close_D_lag1,0.17737927801218942,0.2809917355371901,80,none
spearman_filter,fold_3,sideway,Close_D_lag2,0.18745897796530708,0.23140495867768596,80,none
spearman_filter,fold_3,sideway,Close_D_lag3,0.14917955930614157,0.4214876033057851,80,none
spearman_filter,fold_3,sideway,Close_D_lag5,0.15679793717768403,0.36363636363636365,80,none
spearman_filter,fold_3,sideway,Close_D_lag10,0.15220346929207687,0.39669421487603307,80,none
spearman_filter,fold_3,sideway,Close_D_lag20,0.19624941397093298,0.19008264462809918,80,none
spearman_filter,fold_3,sideway,Close_D_lag60,0.049085794655414905,0.8181818181818182,80,none
spearman_filter,fold_3,sideway,Change_pct_D_lag1,0.049625813869844874,0.8099173553719008,80,none
spearman_filter,fold_3,sideway,Change_pct_D_lag2,0.15552312806777788,0.371900826446281,80,none
spearman_filter,fold_3,sideway,Change_pct_D_lag3,0.08725107545509116,0.71900826446281,80,none
spearman_filter,fold_3,sideway,Change_pct_D_lag5,0.027849406941387465,0.8842975206611571,80,none
spearman_filter,fold_3,sideway,Change_pct_D_lag10,0.2181004120193844,0.1322314049586777,80,none
spearman_filter,fold_3,sideway,Change_pct_D_lag20,0.05235798472462957,0.8016528925619835,80,none
spearman_filter,fold_3,sideway,Volume_D_lag1,0.10836820634438737,0.6198347107438017,80,none
spearman_filter,fold_3,sideway,Volume_D_lag2,0.1670339467208997,0.32231404958677684,80,none
spearman_filter,fold_3,sideway,Volume_D_lag3,0.23568506637538852,0.0743801652892562,80,none
spearman_filter,fold_3,sideway,Volume_D_lag5,0.29755485877263427,0.01652892561983471,80,none
spearman_filter,fold_3,sideway,Volume_D_lag10,0.13971398525244466,0.48760330578512395,80,none
spearman_filter,fold_3,sideway,Volume_D_lag20,0.18672043843403557,0.24793388429752067,80,none
spearman_filter,fold_3,sideway,Close_W_lag1,0.15074733656478378,0.4049586776859504,80,none
spearman_filter,fold_3,sideway,Close_W_lag2,0.15269720820709132,0.3884297520661157,80,none
spearman_filter,fold_3,sideway,Close_W_lag4,0.15855276340059088,0.34710743801652894,80,none
spearman_filter,fold_3,sideway,Close_M_lag1,0.10750627730035997,0.628099173553719,80,none
spearman_filter,fold_3,sideway,Close_M_lag3,0.12679817273316277,0.5371900826446281,80,none
spearman_filter,fold_3,sideway,Return_1D,0.12730895452414442,0.5206611570247934,80,none
spearman_filter,fold_3,sideway,Return_3D,0.17787154242850445,0.2727272727272727,80,none
spearman_filter,fold_3,sideway,Return_5D,0.09125644631973746,0.6900826446280992,80,none
spearman_filter,fold_3,sideway,Return_10D,0.012892639474917957,0.9380165289256198,80,none
spearman_filter,fold_3,sideway,Return_20D,0.10869667135489922,0.6074380165289256,80,none
spearman_filter,fold_3,sideway,Return_60D,0.1754336615096109,0.29338842975206614,80,none
spearman_filter,fold_3,sideway,SMA_5,0.18713080168776372,0.2396694214876033,80,none
spearman_filter,fold_3,sideway,SMA_10,0.139521800281294,0.49586776859504134,80,none
spearman_filter,fold_3,sideway,SMA_20,0.17219878105954056,0.30578512396694213,80,none
spearman_filter,fold_3,sideway,SMA_60,0.1952648851383029,0.19834710743801653,80,none
spearman_filter,fold_3,sideway,Close_to_SMA_5,0.14948429442100328,0.4132231404958678,80,none
spearman_filter,fold_3,sideway,Close_to_SMA_10,0.14158462259728083,0.4793388429752066,80,none
spearman_filter,fold_3,sideway,Close_to_SMA_20,0.031153305203938116,0.859504132231405,80,none
spearman_filter,fold_3,sideway,Close_to_SMA_60,0.010712611345522738,0.9586776859504132,80,none
spearman_filter,fold_3,sideway,Volatility_5,0.12693389592123772,0.5289256198347108,80,none
spearman_filter,fold_3,sideway,Volatility_10,0.18579465541490858,0.256198347107438,80,none
spearman_filter,fold_3,sideway,Volatility_20,0.23717768401312708,0.06611570247933884,80,none
spearman_filter,fold_3,sideway,Volatility_60,0.3144397562119081,0.0,80,none
spearman_filter,fold_3,sideway,Momentum_5,0.09006094702297235,0.7024793388429752,80,none
spearman_filter,fold_3,sideway,Momentum_10,0.01683075480543835,0.9256198347107438,80,none
spearman_filter,fold_3,sideway,Momentum_20,0.10719643694327238,0.6363636363636364,80,none
spearman_filter,fold_3,sideway,Momentum_60,0.17951242381622132,0.2644628099173554,80,none
spearman_filter,fold_3,sideway,ROC_5,0.09125644631973746,0.6900826446280992,80,none
spearman_filter,fold_3,sideway,ROC_10,0.012892639474917957,0.9380165289256198,80,none
spearman_filter,fold_3,sideway,ROC_20,0.10869667135489922,0.6074380165289256,80,none
spearman_filter,fold_3,sideway,ROC_60,0.1754336615096109,0.29338842975206614,80,none
spearman_filter,fold_3,sideway,Ratio_Close_D_to_W,0.05281293952180029,0.7933884297520661,80,none
spearman_filter,fold_3,sideway,Ratio_Close_D_to_M,0.1916315049226442,0.2066115702479339,80,none
spearman_filter,fold_3,sideway,Ratio_Volume_D_to_W,0.039463428642430125,0.8429752066115702,80,none
spearman_filter,fold_3,sideway,Spread_D,0.3126754455847548,0.008264462809917356,80,none
spearman_filter,fold_3,sideway,Body_D,0.15456021191200653,0.38016528925619836,80,none
spearman_filter,fold_3,sideway,Body_abs_D,0.08200938824208007,0.7355371900826446,80,none
spearman_filter,fold_3,sideway,Upper_Shadow_D,0.1585803948714225,0.33884297520661155,80,none
spearman_filter,fold_3,sideway,Lower_Shadow_D,0.10139772032366146,0.6528925619834711,80,none
spearman_filter,fold_3,sideway,Body_to_Range_D,0.07599624941397094,0.7603305785123967,80,none
spearman_filter,fold_3,sideway,Close_Position_D,0.14573712467962596,0.4462809917355372,80,none
spearman_filter,fold_3,sideway,Spread_W,0.10920300092919062,0.5950413223140496,80,none
spearman_filter,fold_3,sideway,Body_W,0.01049081053413888,0.9669421487603306,80,none
spearman_filter,fold_3,sideway,Close_Position_W,0.09326729544221009,0.6611570247933884,80,none
spearman_filter,fold_3,sideway,Spread_M,0.23730545170403766,0.05785123966942149,80,none
spearman_filter,fold_3,sideway,Body_M,0.11628751575039087,0.5826446280991735,80,none
spearman_filter,fold_3,sideway,Close_Position_M,0.21838377089101413,0.12396694214876033,80,none
spearman_filter,fold_3,sideway,Volume_MA_5,0.21908367422595096,0.10743801652892562,80,none
spearman_filter,fold_3,sideway,Volume_MA_20,0.28553680262541026,0.03305785123966942,80,none
spearman_filter,fold_3,sideway,Volume_Ratio_5,0.08030942334739805,0.743801652892562,80,none
spearman_filter,fold_3,sideway,Volume_Ratio_20,0.0842006563525551,0.7272727272727273,80,none
spearman_filter,fold_3,sideway,Volume_Change_1D,0.08980309423347398,0.7107438016528925,80,none
spearman_filter,fold_3,sideway,Volume_Change_5D,0.2627418116653864,0.049586776859504134,80,none
spearman_filter,fold_3,sideway,Volume_Change_20D,0.07996999513730345,0.7520661157024794,80,none
spearman_filter,fold_3,sideway,Direction_lag1,0.03109847902221497,0.8677685950413223,80,none
spearman_filter,fold_3,sideway,Direction_lag2,0.06603959658359915,0.768595041322314,80,none
spearman_filter,fold_3,sideway,Direction_lag3,0.09259263657224946,0.6776859504132231,80,none
spearman_filter,fold_3,sideway,Direction_lag5,0.006495698024616309,0.9834710743801653,80,none
spearman_filter,fold_3,sideway,Up_Ratio_5,8.888822712757152e-05,0.9958677685950413,80,none
spearman_filter,fold_3,sideway,Up_Ratio_10,0.01773954149940683,0.9132231404958677,80,none
spearman_filter,fold_3,sideway,Up_Ratio_20,0.23566126559155806,0.08677685950413223,80,none
spearman_filter,fold_3,sideway,Down_Ratio_5,8.888822712757152e-05,0.9958677685950413,80,none
spearman_filter,fold_3,sideway,Down_Ratio_10,0.01773954149940683,0.9132231404958677,80,none
spearman_filter,fold_3,sideway,Down_Ratio_20,0.23566126559155806,0.08677685950413223,80,none
spearman_filter,fold_3,sideway,WMA_5,0.20548523206751057,0.1487603305785124,80,none
spearman_filter,fold_3,sideway,WMA_10,0.18852665569156182,0.2231404958677686,80,none
spearman_filter,fold_3,sideway,WMA_20,0.14833567744960152,0.4297520661157025,80,none
spearman_filter,fold_3,sideway,WMA_60,0.2267229254571027,0.09917355371900827,80,none
spearman_filter,fold_3,sideway,StochK_14,0.02780121894045945,0.8966942148760331,80,none
spearman_filter,fold_3,sideway,StochD_3,0.043272386310361,0.8347107438016529,80,none
spearman_filter,fold_3,sideway,RSI_14,0.01209563994374121,0.9504132231404959,80,none
spearman_filter,fold_3,sideway,MACD_12_26,0.13265353961556495,0.5041322314049587,80,none
spearman_filter,fold_3,sideway,MACD_Signal_9,0.11753398968588843,0.5702479338842975,80,none
spearman_filter,fold_3,sideway,MACD_Histogram,0.00904828879512424,0.9752066115702479,80,none
spearman_filter,fold_3,sideway,WilliamsR_14,0.02780121894045945,0.8966942148760331,80,none
spearman_filter,fold_3,sideway,CCI_20,0.05400843881856541,0.7851239669421488,80,none
spearman_filter,fold_3,sideway,ADX_14,0.19791373652133146,0.17355371900826447,80,none
spearman_filter,fold_3,sideway,PlusDI_14,0.199929676511955,0.1652892561983471,80,none
spearman_filter,fold_3,sideway,MinusDI_14,0.04535864978902954,0.8264462809917356,80,none
spearman_filter,fold_3,sideway,VMD_IMF_1,0.12447257383966244,0.5454545454545454,80,none
spearman_filter,fold_3,sideway,VMD_IMF_2,0.030590717299578064,0.8760330578512396,80,none
spearman_filter,fold_3,sideway,VMD_IMF_3,0.03863103609939053,0.8512396694214877,80,none
spearman_filter,fold_3,sideway,VMD_IMF_4,0.09306141584622599,0.6694214876033058,80,none
spearman_filter,fold_3,sideway,VMD_Denoised_Close,0.20426629160806375,0.15702479338842976,80,none
spearman_filter,fold_3,sideway,VMD_Noise_Energy_Ratio,0.2856305672761369,0.024793388429752067,80,none
spearman_filter,fold_3,bear,Open_D,0.1541662221273872,0.21487603305785125,104,none
spearman_filter,fold_3,bear,High_D,0.17818201216259472,0.09090909090909091,104,none
spearman_filter,fold_3,bear,Low_D,0.16069561506454713,0.19008264462809918,104,none
spearman_filter,fold_3,bear,Close_D,0.18891013792379668,0.04132231404958678,104,none
spearman_filter,fold_3,bear,Volume_D,0.07833210209864183,0.6198347107438017,104,none
spearman_filter,fold_3,bear,Change_pct_D,0.16641993891154142,0.14049586776859505,104,none
spearman_filter,fold_3,bear,Open_W,0.1795290841602587,0.08264462809917356,104,none
spearman_filter,fold_3,bear,High_W,0.17663509006053943,0.10743801652892562,104,none
spearman_filter,fold_3,bear,Low_W,0.179614515720398,0.0743801652892562,104,none
spearman_filter,fold_3,bear,Close_W,0.20010741120881584,0.008264462809917356,104,none
spearman_filter,fold_3,bear,Volume_W,0.11357591973270864,0.38016528925619836,104,none
spearman_filter,fold_3,bear,Change_pct_W,0.08645139938847658,0.5702479338842975,104,none
spearman_filter,fold_3,bear,Open_M,0.044203463798471745,0.8347107438016529,104,none
spearman_filter,fold_3,bear,High_M,0.046380867602783184,0.8016528925619835,104,none
spearman_filter,fold_3,bear,Low_M,0.10861561812899814,0.4214876033057851,104,none
spearman_filter,fold_3,bear,Close_M,0.10842062674353742,0.4297520661157025,104,none
spearman_filter,fold_3,bear,Volume_M,0.054353848697177305,0.7520661157024794,104,none
spearman_filter,fold_3,bear,Change_pct_M,0.10701235562632107,0.4462809917355372,104,none
spearman_filter,fold_3,bear,Close_D_lag1,0.12830504722399003,0.30578512396694213,104,none
spearman_filter,fold_3,bear,Close_D_lag2,0.15777808006585536,0.2066115702479339,104,none
spearman_filter,fold_3,bear,Close_D_lag3,0.18200731358038066,0.05785123966942149,104,none
spearman_filter,fold_3,bear,Close_D_lag5,0.18013490914101507,0.06611570247933884,104,none
spearman_filter,fold_3,bear,Close_D_lag10,0.10234210589523733,0.48760330578512395,104,none
spearman_filter,fold_3,bear,Close_D_lag20,0.0511897236471565,0.7851239669421488,104,none
spearman_filter,fold_3,bear,Close_D_lag60,0.02078310039475088,0.9090909090909091,104,none
spearman_filter,fold_3,bear,Change_pct_D_lag1,0.06298061665674427,0.6942148760330579,104,none
spearman_filter,fold_3,bear,Change_pct_D_lag2,0.0041183327171782635,0.9917355371900827,104,none
spearman_filter,fold_3,bear,Change_pct_D_lag3,0.0052332839016639736,0.9834710743801653,104,none
spearman_filter,fold_3,bear,Change_pct_D_lag5,0.15001467024087584,0.2396694214876033,104,none
spearman_filter,fold_3,bear,Change_pct_D_lag10,0.08090006326431355,0.5950413223140496,104,none
spearman_filter,fold_3,bear,Change_pct_D_lag20,0.11107317575348061,0.3884297520661157,104,none
spearman_filter,fold_3,bear,Volume_D_lag1,0.14362689708968326,0.256198347107438,104,none
spearman_filter,fold_3,bear,Volume_D_lag2,0.10535357071797428,0.47107438016528924,104,none
spearman_filter,fold_3,bear,Volume_D_lag3,0.14818213390026605,0.24793388429752067,104,none
spearman_filter,fold_3,bear,Volume_D_lag5,0.10206221076322441,0.49586776859504134,104,none
spearman_filter,fold_3,bear,Volume_D_lag10,0.04562404986733422,0.8181818181818182,104,none
spearman_filter,fold_3,bear,Volume_D_lag20,0.046045629663759864,0.8099173553719008,104,none
spearman_filter,fold_3,bear,Close_W_lag1,0.196529527272471,0.01652892561983471,104,none
spearman_filter,fold_3,bear,Close_W_lag2,0.16597352872671062,0.15702479338842976,104,none
spearman_filter,fold_3,bear,Close_W_lag4,0.12391454618088668,0.32231404958677684,104,none
spearman_filter,fold_3,bear,Close_M_lag1,0.055428130356805154,0.743801652892562,104,none
spearman_filter,fold_3,bear,Close_M_lag3,0.0006176001055052955,1.0,104,none
spearman_filter,fold_3,bear,Return_1D,0.16530459831430708,0.17355371900826447,104,none
spearman_filter,fold_3,bear,Return_3D,0.03406593406593407,0.859504132231405,104,none
spearman_filter,fold_3,bear,Return_5D,0.01732636295743092,0.9380165289256198,104,none
spearman_filter,fold_3,bear,Return_10D,0.06604075536114372,0.6735537190082644,104,none
spearman_filter,fold_3,bear,Return_20D,0.13544222767523742,0.2768595041322314,104,none
spearman_filter,fold_3,bear,Return_60D,0.12237277285820977,0.34297520661157027,104,none
spearman_filter,fold_3,bear,SMA_5,0.18246025818841355,0.049586776859504134,104,none
spearman_filter,fold_3,bear,SMA_10,0.16551797716846264,0.1652892561983471,104,none
spearman_filter,fold_3,bear,SMA_20,0.1290942067641097,0.2975206611570248,104,none
spearman_filter,fold_3,bear,SMA_60,0.04245172303424731,0.8429752066115702,104,none
spearman_filter,fold_3,bear,Close_to_SMA_5,0.06843059852768592,0.6528925619834711,104,none
spearman_filter,fold_3,bear,Close_to_SMA_10,0.07975034674063801,0.6115702479338843,104,none
spearman_filter,fold_3,bear,Close_to_SMA_20,0.12258615171236531,0.3305785123966942,104,none
spearman_filter,fold_3,bear,Close_to_SMA_60,0.1661901205590526,0.1487603305785124,104,none
spearman_filter,fold_3,bear,Volatility_5,0.07465059212632029,0.628099173553719,104,none
spearman_filter,fold_3,bear,Volatility_10,0.15969273445001603,0.19834710743801653,104,none
spearman_filter,fold_3,bear,Volatility_20,0.09499626587005228,0.5206611570247934,104,none
spearman_filter,fold_3,bear,Volatility_60,0.12201002880614532,0.35537190082644626,104,none
spearman_filter,fold_3,bear,Momentum_5,0.028368718659980797,0.8842975206611571,104,none
spearman_filter,fold_3,bear,Momentum_10,0.052235143497279424,0.7603305785123967,104,none
spearman_filter,fold_3,bear,Momentum_20,0.13371990675484596,0.2892561983471074,104,none
spearman_filter,fold_3,bear,Momentum_60,0.1056865464632455,0.45454545454545453,104,none
spearman_filter,fold_3,bear,ROC_5,0.01732636295743092,0.9380165289256198,104,none
spearman_filter,fold_3,bear,ROC_10,0.06604075536114372,0.6735537190082644,104,none
spearman_filter,fold_3,bear,ROC_20,0.13544222767523742,0.2768595041322314,104,none
spearman_filter,fold_3,bear,ROC_60,0.12237277285820977,0.34297520661157027,104,none
spearman_filter,fold_3,bear,Ratio_Close_D_to_W,0.017843854272586335,0.9256198347107438,104,none
spearman_filter,fold_3,bear,Ratio_Close_D_to_M,0.02173802874762013,0.9008264462809917,104,none
spearman_filter,fold_3,bear,Ratio_Volume_D_to_W,0.09116102411486635,0.5454545454545454,104,none
spearman_filter,fold_3,bear,Spread_D,0.08862204535517836,0.5537190082644629,104,none
spearman_filter,fold_3,bear,Body_D,0.22028166008748537,0.0,104,none
spearman_filter,fold_3,bear,Body_abs_D,0.10097087378640777,0.5041322314049587,104,none
spearman_filter,fold_3,bear,Upper_Shadow_D,0.03251394979327046,0.8760330578512396,104,none
spearman_filter,fold_3,bear,Lower_Shadow_D,0.09455678347246672,0.5289256198347108,104,none
spearman_filter,fold_3,bear,Body_to_Range_D,0.06207190867385043,0.7024793388429752,104,none
spearman_filter,fold_3,bear,Close_Position_D,0.1951241632018959,0.024793388429752067,104,none
spearman_filter,fold_3,bear,Spread_W,0.1027795063201029,0.4793388429752066,104,none
spearman_filter,fold_3,bear,Body_W,0.05049539151484301,0.7933884297520661,104,none
spearman_filter,fold_3,bear,Close_Position_W,0.08088766903440381,0.6033057851239669,104,none
spearman_filter,fold_3,bear,Spread_M,0.15190370570127926,0.23140495867768596,104,none
spearman_filter,fold_3,bear,Body_M,0.1097855664417625,0.39669421487603307,104,none
spearman_filter,fold_3,bear,Close_Position_M,0.05621709971380202,0.7272727272727273,104,none
spearman_filter,fold_3,bear,Volume_MA_5,0.12418182109331227,0.3140495867768595,104,none
spearman_filter,fold_3,bear,Volume_MA_20,0.09299608715515624,0.5371900826446281,104,none
spearman_filter,fold_3,bear,Volume_Ratio_5,0.10820441694228104,0.4380165289256198,104,none
spearman_filter,fold_3,bear,Volume_Ratio_20,0.03982716312813401,0.8512396694214877,104,none
spearman_filter,fold_3,bear,Volume_Change_1D,0.09510295529713006,0.512396694214876,104,none
spearman_filter,fold_3,bear,Volume_Change_5D,0.015064547103382057,0.9586776859504132,104,none
spearman_filter,fold_3,bear,Volume_Change_20D,0.045118958711191724,0.8264462809917356,104,none
spearman_filter,fold_3,bear,Direction_lag1,0.0665484793033383,0.6611570247933884,104,none
spearman_filter,fold_3,bear,Direction_lag2,0.032714097165096274,0.8677685950413223,104,none
spearman_filter,fold_3,bear,Direction_lag3,0.018710476903827555,0.9173553719008265,104,none
spearman_filter,fold_3,bear,Direction_lag5,0.08106840304121192,0.5867768595041323,104,none
spearman_filter,fold_3,bear,Up_Ratio_5,0.058200556044896795,0.71900826446281,104,none
spearman_filter,fold_3,bear,Up_Ratio_10,0.11690147740819593,0.371900826446281,104,none
spearman_filter,fold_3,bear,Up_Ratio_20,0.02485210803095471,0.8925619834710744,104,none
spearman_filter,fold_3,bear,Down_Ratio_5,0.06860778243149526,0.6446280991735537,104,none
spearman_filter,fold_3,bear,Down_Ratio_10,0.12031071901147909,0.36363636363636365,104,none
spearman_filter,fold_3,bear,Down_Ratio_20,0.01713983096025536,0.9504132231404959,104,none
spearman_filter,fold_3,bear,WMA_5,0.17366904939720476,0.11570247933884298,104,none
spearman_filter,fold_3,bear,WMA_10,0.1781286674490558,0.09917355371900827,104,none
spearman_filter,fold_3,bear,WMA_20,0.15288594900245386,0.2231404958677686,104,none
spearman_filter,fold_3,bear,WMA_60,0.05562786727835272,0.7355371900826446,104,none
spearman_filter,fold_3,bear,StochK_14,0.172245204964885,0.128099173553719,104,none
spearman_filter,fold_3,bear,StochD_3,0.10963405526512324,0.4049586776859504,104,none
spearman_filter,fold_3,bear,RSI_14,0.08569851087865457,0.5785123966942148,104,none
spearman_filter,fold_3,bear,MACD_12_26,0.13767203670116293,0.2644628099173554,104,none
spearman_filter,fold_3,bear,MACD_Signal_9,0.1055905259788755,0.4628099173553719,104,none
spearman_filter,fold_3,bear,MACD_Histogram,0.060471567267683775,0.7107438016528925,104,none
spearman_filter,fold_3,bear,WilliamsR_14,0.172245204964885,0.128099173553719,104,none
spearman_filter,fold_3,bear,CCI_20,0.00880187773391657,0.9752066115702479,104,none
spearman_filter,fold_3,bear,ADX_14,0.08727195134962128,0.5619834710743802,104,none
spearman_filter,fold_3,bear,PlusDI_14,0.010028806145311,0.9669421487603306,104,none
spearman_filter,fold_3,bear,MinusDI_14,0.10868451936413102,0.4132231404958678,104,none
spearman_filter,fold_3,bear,VMD_IMF_1,0.051232262882748326,0.7727272727272727,104,none
spearman_filter,fold_3,bear,VMD_IMF_2,0.07266616878267365,0.6363636363636364,104,none
spearman_filter,fold_3,bear,VMD_IMF_3,0.051232262882748326,0.7727272727272727,104,none
spearman_filter,fold_3,bear,VMD_IMF_4,0.16173050250720156,0.18181818181818182,104,none
spearman_filter,fold_3,bear,VMD_Denoised_Close,0.1892136989224368,0.03305785123966942,104,none
spearman_filter,fold_3,bear,VMD_Noise_Energy_Ratio,0.06560332871012484,0.6859504132231405,104,none
