Date,Close,Open,High,Low,Volume,Change_pct,Target_Next_Close
2012-01-04,726.99,727.22,731.54,725.16,684660.0,1.2,727.12
2012-01-05,727.12,726.45,730.39,723.50,827350.0,0.02,725.69
2012-01-06,725.69,725.00,728.96,723.79,798070.0,-0.2,732.21
2012-01-09,732.21,723.76,732.21,723.13,718550.0,0.9,738.13
2012-01-10,738.13,734.53,740.07,733.90,882740.0,0.81,736.14
2012-01-11,736.14,737.61,742.21,735.56,704690.0,-0.27,735.88
2012-01-12,735.88,737.54,739.45,734.33,610050.0,-0.04,730.40
2012-01-13,730.40,735.45,736.95,727.55,743620.0,-0.74,724.43
2012-01-16,724.43,725.57,726.47,722.68,519169.99999999994,-0.82,740.03
2012-01-17,740.03,729.48,740.03,728.30,680140.0,2.15,735.37
2012-01-18,735.37,739.61,741.74,735.29,910770.0,-0.63,740.60
2012-01-19,740.60,740.50,742.82,736.36,712540.0,0.71,739.56
2012-01-20,739.56,742.19,743.13,737.58,648330.0,-0.14,741.67
2012-01-23,741.67,739.92,744.98,739.21,382160.0,0.29,742.95
2012-01-24,742.95,744.26,748.81,742.95,769600.0,0.17,736.69
2012-01-25,736.69,745.71,746.25,735.99,514000.0,-0.84,745.81
2012-01-26,745.81,740.54,746.52,740.10,549610.0,1.24,752.18
2012-01-27,752.18,748.94,753.48,746.86,833570.0,0.85,750.95
2012-01-30,750.95,751.83,755.36,749.14,1260000.0,-0.16,757.45
2012-01-31,757.45,755.00,757.45,749.26,822470.0,0.87,759.16
2012-02-01,759.16,756.55,760.08,753.02,1790000.0,0.23,763.40
2012-02-02,763.40,763.43,769.03,762.25,1210000.0,0.56,768.96
2012-02-03,768.96,765.41,769.42,761.94,1070000.0,0.73,765.82
2012-02-06,765.82,774.30,775.68,765.82,935420.0,-0.41,770.95
2012-02-07,770.95,767.68,772.13,764.11,982840.0,0.67,783.39
2012-02-08,783.39,776.32,787.15,776.21,1400000.0,1.61,784.72
2012-02-09,784.72,784.24,787.65,779.31,1260000.0,0.17,781.21
2012-02-10,781.21,783.17,787.10,779.57,815650.0,-0.45,784.08
2012-02-13,784.08,782.79,786.57,781.09,762890.0,0.37,776.12
2012-02-14,776.12,781.86,787.35,773.24,1240000.0,-1.02,791.85
2012-02-15,791.85,782.11,793.21,782.11,2049999.9999999998,2.03,787.13
2012-02-16,787.13,790.17,792.38,784.75,1360000.0,-0.6,794.86
2012-02-17,794.86,796.21,797.02,789.13,1150000.0,0.98,800.22
2012-02-20,800.22,799.60,801.66,796.53,1400000.0,0.67,803.66
2012-02-21,803.66,802.46,806.04,799.97,1020000.0,0.43,801.59
2012-02-22,801.59,806.61,809.71,801.38,5850000000.0,-0.26,803.61
2012-02-23,803.61,802.97,805.36,795.03,976320000.0,0.25,808.27
2012-02-24,808.27,806.13,809.32,804.66,698350000.0,0.58,799.19
2012-02-27,799.19,809.13,810.04,797.64,701400000.0,-1.12,807.69
2012-02-28,807.69,801.04,807.69,798.49,612980000.0,1.06,818.78
2012-02-29,818.78,810.78,818.78,810.29,1090000000.0,1.37,821.96
2012-03-01,821.96,817.39,823.20,815.57,1400000000.0,0.39,821.18
2012-03-02,821.18,825.27,827.85,820.56,1140000000.0,-0.09,814.68
2012-03-05,814.68,818.90,819.58,813.77,753750000.0,-0.79,810.79
2012-03-06,810.79,812.25,816.16,808.54,771010000.0,-0.48,823.07
2012-03-08,823.07,813.49,823.07,813.21,1510000000.0,1.51,814.89
2012-03-09,814.89,824.41,824.94,814.89,1910000000.0,-0.99,807.65
2012-03-12,807.65,817.53,820.02,804.49,1180000000.0,-0.89,809.97
2012-03-13,809.97,812.13,813.09,802.71,1370000000.0,0.29,818.14
2012-03-14,818.14,817.35,820.98,813.18,1020000000.0,1.01,823.39
2012-03-15,823.39,819.82,826.05,819.41,1340000000.0,0.64,838.44
2012-03-16,838.44,827.74,838.44,824.71,1920000000.0,1.83,837.93
2012-03-19,837.93,843.59,847.87,837.93,1730000000.0,-0.06,843.65
2012-03-20,843.65,838.32,846.73,837.67,1030000000.0,0.68,852.14
2012-03-21,852.14,843.18,852.14,840.23,1720000000.0,1.01,839.22
2012-03-22,839.22,851.41,857.00,839.22,2570000000.0,-1.52,841.76
2012-03-23,841.76,840.48,844.12,830.10,1170000000.0,0.3,836.77
2012-03-26,836.77,842.99,845.08,835.96,745170000.0,-0.59,852.25
2012-03-27,852.25,848.14,852.25,844.45,817760000.0,1.85,849.51
2012-03-28,849.51,849.47,853.53,845.67,679890000.0,-0.32,849.34
2012-03-29,849.34,844.82,850.73,841.55,716130000.0,-0.02,842.91
2012-03-30,842.91,850.32,851.94,840.46,855680000.0,-0.76,843.87
2012-04-02,843.87,842.04,847.13,841.08,448470000.0,0.11,853.51
2012-04-03,853.51,848.26,855.38,848.01,703850000.0,1.14,843.26
2012-04-04,843.26,851.28,853.32,843.26,706340000.0,-1.2,831.74
2012-04-05,831.74,841.62,842.45,827.91,760320000.0,-1.37,819.57
2012-04-10,819.57,825.28,826.57,813.38,697780000.0,-1.46,810.76
2012-04-11,810.76,812.25,816.09,808.06,834390000.0,-1.07,821.45
2012-04-12,821.45,813.41,821.45,813.41,469120000.0,1.32,813.00
2012-04-17,813.00,829.87,829.87,809.76,640060000.0,-1.03,818.87
2012-04-18,818.87,820.89,823.27,815.60,632290000.0,0.72,832.66
2012-04-19,832.66,820.58,832.82,819.07,652360000.0,1.68,839.45
2012-04-20,839.45,832.12,840.17,830.04,974840000.0,0.82,834.68
2012-04-23,834.68,842.38,844.61,832.56,1470000000.0,-0.57,842.26
2012-04-24,842.26,838.06,842.26,834.69,885590000.0,0.91,842.33
2012-04-25,842.33,843.33,845.64,838.72,854770000.0,0.01,848.32
2012-04-26,848.32,843.86,851.26,843.86,799370000.0,0.71,850.11
2012-04-27,850.11,850.31,852.48,844.54,531960000.00000006,0.21,863.82
2012-04-30,863.82,855.09,863.82,854.89,852670000.0,1.61,871.94
2012-05-02,871.94,869.58,873.64,867.86,811380000.0,0.94,872.75
2012-05-03,872.75,872.92,879.50,869.33,1080000000.0,0.09,861.93
2012-05-04,861.93,872.66,872.66,861.01,1150000000.0,-1.24,864.17
2012-05-08,864.17,856.98,865.44,854.85,1160000000.0,0.26,845.27
2012-05-09,845.27,858.92,860.91,845.27,1620000000.0,-2.19,832.43
2012-05-10,832.43,840.01,840.65,828.49,1770000000.0,-1.52,833.65
2012-05-11,833.65,830.00,836.72,823.56,1880000000.0,0.15,815.21
2012-05-14,815.21,833.13,840.65,810.36,1180000000.0,-2.21,830.41
2012-05-15,830.41,814.32,830.41,810.58,733550000.0,1.86,820.40
2012-05-16,820.40,815.94,820.40,805.66,1100000000.0,-1.21,821.87
2012-05-17,821.87,821.96,826.24,815.84,967990000.0,0.18,806.71
2012-05-18,806.71,809.48,811.97,802.61,853760000.0,-1.84,790.73
2012-05-21,790.73,805.20,806.19,790.73,684290000.0,-1.98,786.06
2012-05-22,786.06,799.42,801.47,786.06,633520000.0,-0.59,770.17
2012-05-23,770.17,781.38,783.73,768.13,725480000.0,-2.02,783.86
2012-05-24,783.86,770.89,783.86,764.09,1180000000.0,1.78,786.87
2012-05-25,786.87,777.80,788.69,774.76,534890000.0,0.38,791.76
2012-05-28,791.76,784.10,791.78,778.90,444420000.0,0.62,802.16
2012-05-29,802.16,792.07,804.46,791.87,846980000.0,1.31,789.62
2012-05-30,789.62,795.05,797.18,788.76,534020000.0,-1.56,791.54
2012-05-31,791.54,781.04,794.48,777.33,780570000.0,0.24,772.39
2012-06-01,772.39,787.71,789.73,772.39,604790000.0,-2.42,761.66
2012-06-05,761.66,776.13,778.32,761.66,610650000.0,-1.39,775.60
2012-06-06,775.60,770.26,780.37,769.41,462020000.0,1.83,777.14
2012-06-07,777.14,785.73,789.06,773.83,647800000.0,0.2,783.68
2012-06-08,783.68,774.90,783.68,771.36,415090000.0,0.84,807.94
2012-06-11,807.94,796.74,807.94,796.74,731090000.0,3.1,810.66
2012-06-12,810.66,799.98,810.66,797.65,614080000.0,0.34,806.51
2012-06-13,806.51,811.33,813.62,801.63,551380000.0,-0.51,801.72
2012-06-14,801.72,802.48,810.85,801.37,1150000000.0,-0.59,812.56
2012-06-15,812.56,808.25,816.37,807.13,1530000000.0,1.35,809.88
2012-06-18,809.88,822.50,824.79,807.17,952500000.0,-0.33,816.90
2012-06-19,816.90,812.14,816.90,808.36,890240000.0,0.87,816.68
2012-06-20,816.68,814.80,818.61,812.40,457660000.0,-0.03,804.89
2012-06-21,804.89,809.94,811.07,802.90,495010000.0,-1.44,800.07
2012-06-22,800.07,797.53,800.07,793.75,786740000.0,-0.6,795.68
2012-06-25,795.68,798.85,803.97,795.68,693870000.0,-0.55,798.51
2012-06-26,798.51,795.05,801.32,794.04,429000000.0,0.36,809.75
2012-06-27,809.75,802.93,810.75,802.23,572350000.0,1.41,814.02
2012-06-28,814.02,813.42,819.99,805.27,604240000.0,0.53,814.38
2012-06-29,814.38,817.78,826.08,814.38,784500000.0,0.04,827.40
2012-07-02,827.40,824.57,828.45,821.44,571400000.0,1.6,834.48
2012-07-03,834.48,831.33,835.09,829.15,645070000.0,0.86,830.48
2012-07-04,830.48,837.86,838.44,827.47,860240000.0,-0.48,836.15
2012-07-05,836.15,829.59,836.15,826.64,676010000.0,0.68,833.94
2012-07-06,833.94,835.87,838.23,827.32,565290000.0,-0.26,823.21
2012-07-09,823.21,826.92,827.88,822.77,425890000.0,-1.29,837.67
2012-07-10,837.67,824.61,837.67,823.34,496400000.0,1.76,840.61
2012-07-11,840.61,834.49,842.10,833.29,574220000.0,0.35,828.66
2012-07-12,828.66,836.13,838.29,828.60,466410000.0,-1.42,841.59
2012-07-13,841.59,829.53,843.68,829.53,449090000.0,1.56,843.80
2012-07-16,843.80,843.33,848.33,840.48,552350000.0,0.26,851.44
2012-07-17,851.44,850.34,852.27,847.69,816700000.0,0.91,846.80
2012-07-18,846.80,849.29,851.39,843.38,799320000.0,-0.54,840.77
2012-07-19,840.77,853.39,853.64,838.53,993560000.0,-0.71,836.99
2012-07-20,836.99,843.54,845.50,834.19,565890000.0,-0.45,818.43
2012-07-23,818.43,820.99,825.41,817.16,590240000.0,-2.22,819.59
2012-07-24,819.59,817.53,823.96,815.93,521169999.99999994,0.14,820.13
2012-07-25,820.13,818.42,821.06,812.57,602190000.0,0.07,808.79
2012-07-26,808.79,824.12,826.23,808.42,639030000.0,-1.38,812.36
2012-07-27,812.36,821.21,821.64,808.90,743960000.0,0.44,824.48
2012-07-30,824.48,816.32,824.48,815.85,417650000.0,1.49,828.67
2012-07-31,828.67,828.66,829.16,820.84,704210000.0,0.51,829.10
2012-08-01,829.10,826.78,830.29,824.39,775770000.0,0.05,825.47
2012-08-03,825.47,823.69,826.99,816.83,912020000.0,-0.44,833.52
2012-08-06,833.52,832.44,834.92,828.51,617580000.0,0.98,832.96
2012-08-07,832.96,836.09,836.84,831.55,593460000.0,-0.07,835.75
2012-08-08,835.75,836.79,839.53,834.71,1270000000.0,0.33,839.25
2012-08-09,839.25,840.39,843.39,833.79,1070000000.0000001,0.42,841.50
2012-08-10,841.50,838.26,841.50,833.82,481460000.0,0.27,848.99
2012-08-14,848.99,845.42,848.99,840.78,608050000.0,0.89,848.75
2012-08-15,848.75,845.54,848.89,841.48,621370000.0,-0.03,845.18
2012-08-16,845.18,849.85,851.22,845.18,758510000.0,-0.42,843.73
2012-08-17,843.73,849.45,849.46,840.87,664550000.0,-0.17,846.85
2012-08-20,846.85,842.03,847.76,838.96,391190000.0,0.37,848.17
2012-08-21,848.17,845.25,850.84,844.77,769210000.0,0.16,848.83
2012-08-22,848.83,846.25,849.58,844.86,662960000.0,0.08,852.17
2012-08-23,852.17,850.20,855.64,849.30,762960000.0,0.39,850.60
2012-08-24,850.60,847.31,851.26,845.71,836930000.0,-0.18,846.66
2012-08-27,846.66,852.16,853.93,846.66,548940000.0,-0.46,845.55
2012-08-28,845.55,846.94,850.84,845.44,836700000.0,-0.13,834.88
2012-08-29,834.88,845.34,847.96,834.88,873520000.0,-1.26,830.52
2012-08-30,830.52,831.61,832.38,825.35,905780000.0,-0.52,840.32
2012-08-31,840.32,829.25,840.32,827.67,1060000000.0,1.18,846.27
2012-09-03,846.27,842.89,849.05,840.97,860270000.0,0.71,846.46
2012-09-04,846.46,849.88,850.56,843.01,943440000.0,0.02,843.17
2012-09-05,843.17,841.76,847.19,841.01,888680000.0,-0.39,850.50
2012-09-06,850.50,846.09,852.80,845.58,919960000.0,0.87,851.95
2012-09-07,851.95,858.49,859.74,851.95,1060000000.0,0.17,855.12
2012-09-10,855.12,854.56,858.27,854.17,790250000.0,0.37,852.80
2012-09-11,852.80,854.59,856.43,850.17,1390000000.0,-0.27,862.15
2012-09-12,862.15,858.15,862.15,856.00,925540000.0,1.1,860.36
2012-09-13,860.36,863.31,863.43,856.88,1310000000.0,-0.21,874.81
2012-09-14,874.81,872.85,877.34,869.82,1400000000.0,1.68,876.61
2012-09-17,876.61,875.76,879.40,872.67,926510000.0,0.21,870.49
2012-09-18,870.49,872.93,876.81,868.50,623980000.0,-0.7,879.92
2012-09-19,879.92,871.04,880.25,870.93,1020000000.0,1.08,877.22
2012-09-20,877.22,876.74,879.99,871.90,1000000000.0,-0.31,878.85
2012-09-21,878.85,879.06,881.12,875.82,1010000000.0,0.19,876.60
2012-09-24,876.60,875.96,879.56,873.45,1650000000.0,-0.26,878.03
2012-09-25,878.03,878.59,880.07,875.59,1300000000.0,0.16,868.98
2012-09-26,868.98,873.92,875.69,866.03,1750000000.0,-1.03,876.67
2012-09-27,876.67,870.50,880.37,870.05,953380000.0,0.88,886.58
2012-09-28,886.58,884.40,887.86,882.10,937540000.0,1.13,884.21
2012-10-01,884.21,882.98,887.89,881.68,593830000.0,-0.27,887.50
2012-10-02,887.50,887.69,890.11,884.53,644960000.0,0.37,887.49
2012-10-03,887.49,888.82,891.00,884.37,842130000.0,0.0,886.98
2012-10-04,886.98,887.85,892.63,885.82,1120000000.0,-0.06,889.77
2012-10-05,889.77,890.16,892.45,887.74,857750000.0,0.31,883.05
2012-10-08,883.05,886.82,888.13,880.22,753830000.0,-0.76,874.48
2012-10-09,874.48,887.85,890.82,874.48,800820000.0,-0.97,872.13
2012-10-10,872.13,869.86,875.84,869.86,1030000000.0,-0.27,877.16
2012-10-11,877.16,872.83,877.42,865.81,1350000000.0,0.58,879.31
2012-10-12,879.31,879.68,882.96,878.15,843500000.0,0.25,874.48
2012-10-15,874.48,875.45,877.83,869.94,561320000.0,-0.55,871.78
2012-10-16,871.78,878.28,879.26,871.13,864790000.0,-0.31,881.67
2012-10-17,881.67,875.67,881.93,873.31,1140000000.0,1.13,889.29
2012-10-18,889.29,885.64,889.78,882.00,1250000000.0,0.86,886.76
2012-10-19,886.76,889.30,891.39,885.82,1310000000.0,-0.28,887.97
2012-10-22,887.97,881.98,888.71,880.92,537240000.0,0.14,875.64
2012-10-24,875.64,882.76,885.45,873.21,1210000000.0,-1.39,877.61
2012-10-25,877.61,873.97,878.93,868.34,716720000.0,0.22,866.98
2012-10-26,866.98,873.80,874.99,859.29,750120000.0,-1.21,865.65
2012-10-29,865.65,866.74,868.23,861.56,611010000.0,-0.15,876.66
2012-10-30,876.66,867.01,876.66,865.72,472710000.0,1.27,879.06
2012-10-31,879.06,876.21,880.38,874.39,647010000.0,0.27,877.71
2012-11-01,877.71,877.29,880.99,874.93,705370000.0,-0.15,883.54
2012-11-02,883.54,884.81,887.15,882.37,1100000000.0,0.66,883.43
2012-11-05,883.43,883.62,886.73,880.66,660440000.0,-0.01,878.72
2012-11-06,878.72,884.21,888.42,876.61,609100000.0,-0.53,877.02
2012-11-07,877.02,881.60,882.70,875.40,1040000000.0,-0.19,872.18
2012-11-08,872.18,868.58,873.02,866.42,955200000.0,-0.55,873.17
2012-11-09,873.17,871.70,877.28,869.50,774430000.0,0.11,876.30
2012-11-12,876.30,875.24,877.55,872.08,896930000.0,0.36,871.41
2012-11-13,871.41,873.47,874.48,867.59,1270000000.0,-0.56,864.47
2012-11-14,864.47,872.78,874.61,864.08,964400000.0,-0.8,862.90
2012-11-15,862.90,861.09,863.71,855.61,937880000.0,-0.18,867.07
2012-11-16,867.07,862.47,867.29,861.52,501570000.0,0.48,869.41
2012-11-19,869.41,868.58,870.24,865.30,419940000.0,0.27,864.21
2012-11-20,864.21,873.80,875.02,862.27,509580000.0,-0.6,864.97
2012-11-21,864.97,865.29,866.41,858.55,476270000.0,0.09,867.40
2012-11-22,867.40,866.95,869.76,865.04,1040000000.0,0.28,869.72
2012-11-23,869.72,865.40,870.16,862.17,472530000.0,0.27,874.87
2012-11-26,874.87,873.88,876.64,871.59,549990000.0,0.59,879.61
2012-11-27,879.61,876.75,880.61,875.49,695170000.0,0.54,880.70
2012-11-28,880.70,877.93,882.73,875.52,560690000.0,0.12,887.44
2012-11-29,887.44,883.62,888.84,883.09,993150000.0,0.77,898.81
2012-11-30,898.81,890.94,902.18,890.32,1350000000.0,1.28,904.43
2012-12-03,904.43,902.10,905.23,899.94,760060000.0,0.63,901.85
2012-12-04,901.85,905.40,906.35,899.24,466520000.0,-0.29,909.23
2012-12-06,909.23,906.55,911.88,905.73,738890000.0,0.82,905.71
2012-12-07,905.71,910.27,911.57,902.08,535590000.00000006,-0.39,911.37
2012-12-11,911.37,910.53,913.58,908.34,722970000.0,0.62,921.70
2012-12-12,921.70,915.97,922.08,914.16,873670000.0,1.13,920.41
2012-12-13,920.41,922.80,925.39,917.93,633050000.0,-0.14,922.86
2012-12-14,922.86,921.09,924.96,919.85,755950000.0,0.27,922.78
2012-12-17,922.78,925.22,928.59,921.33,633440000.0,-0.01,927.02
2012-12-18,927.02,926.41,928.05,915.88,728560000.0,0.46,938.71
2012-12-19,938.71,932.13,939.03,929.89,660550000.0,1.26,937.52
2012-12-20,937.52,937.83,939.64,933.07,597090000.0,-0.13,934.21
2012-12-21,934.21,932.63,936.13,930.26,470370000.0,-0.35,935.73
2012-12-24,935.73,933.75,935.73,930.58,493990000.0,0.16,937.42
2012-12-25,937.42,935.07,937.90,934.19,841280000.0,0.18,939.36
2012-12-26,939.36,937.81,941.69,936.58,605130000.0,0.21,951.29
2012-12-27,951.29,941.13,952.79,940.35,717190000.0,1.27,945.39
2012-12-28,945.39,954.69,955.60,945.39,710470000.0,-0.62,954.41
2013-01-02,954.41,952.24,958.80,951.73,940880000.0,0.95,953.05
2013-01-03,953.05,957.06,959.26,951.83,1230000000.0,-0.14,958.42
2013-01-04,958.42,950.42,958.42,946.31,1390000000.0,0.56,956.17
2013-01-07,956.17,963.14,964.01,956.17,902700000.0,-0.23,956.61
2013-01-08,956.61,955.62,960.48,950.65,1110000000.0,0.05,959.45
2013-01-09,959.45,960.62,964.79,959.15,1370000000.0,0.3,947.10
2013-01-10,947.10,961.32,963.35,945.57,1720000000.0,-1.29,950.08
2013-01-11,950.08,947.76,950.08,935.99,1130000000.0,0.31,957.21
2013-01-14,957.21,953.57,958.84,950.61,1790000000.0,0.75,953.81
2013-01-15,953.81,961.60,962.35,949.90,1200000000.0,-0.36,946.73
2013-01-16,946.73,954.92,955.92,944.20,859090000.0,-0.74,949.84
2013-01-17,949.84,950.19,950.90,941.43,1080000000.0,0.33,959.56
2013-01-18,959.56,955.26,961.12,953.87,1670000000.0,1.02,963.10
2013-01-21,963.10,964.34,965.65,958.53,1820000000.0,0.37,960.22
2013-01-22,960.22,963.89,971.50,959.85,1360000000.0,-0.3,965.24
2013-01-23,965.24,965.32,967.66,953.40,1510000000.0,0.52,969.81
2013-01-24,969.81,970.42,972.30,963.15,1740000000.0,0.47,977.53
2013-01-25,977.53,971.13,978.99,970.08,1810000000.0,0.8,984.52
2013-01-28,984.52,981.33,985.48,978.37,2170000000.0,0.72,989.92
2013-01-29,989.92,986.83,990.78,982.43,2270000000.0,0.55,"1,000.25"
2013-01-30,"1,000.25",993.40,"1,001.97",990.14,1890000000.0,1.04,988.21
2013-01-31,988.21,997.22,"1,000.59",985.87,2160000000.0,-1.2,"1,005.09"
2013-02-01,"1,005.09",993.32,"1,005.52",992.01,1550000000.0,1.71,"1,009.27"
2013-02-04,"1,009.27","1,011.58","1,014.12","1,006.84",1490000000.0,0.42,"1,007.88"
2013-02-05,"1,007.88","1,000.90","1,010.86",999.98,949980000.0,-0.14,"1,001.02"
2013-02-06,"1,001.02","1,008.47","1,009.72","1,000.04",1180000000.0,-0.68,999.93
2013-02-07,999.93,997.95,"1,002.63",988.59,958310000.0,-0.11,995.90
2013-02-08,995.90,999.08,"1,005.56",994.68,1820000000.0,-0.4,986.18
2013-02-11,986.18,997.75,998.59,986.18,1020000000.0,-0.98,983.68
2013-02-12,983.68,984.54,990.07,982.12,1270000000.0,-0.25,"1,004.05"
2013-02-13,"1,004.05",989.51,"1,004.14",989.46,1840000000.0,2.07,"1,012.43"
2013-02-14,"1,012.43","1,009.80","1,013.06","1,005.25",1280000000.0,0.83,"1,006.06"
2013-02-15,"1,006.06","1,009.92","1,011.09","1,001.91",1400000000.0,-0.63,"1,004.82"
2013-02-18,"1,004.82","1,006.91","1,010.21","1,003.58",1030000000.0,-0.12,"1,011.33"
2013-02-19,"1,011.33","1,007.87","1,013.12","1,005.52",929550000.0,0.65,"1,021.05"
2013-02-20,"1,021.05","1,016.16","1,021.59","1,013.48",897890000.0,0.96,"1,007.13"
2013-02-21,"1,007.13","1,013.92","1,016.08","1,005.62",977850000.0,-1.36,"1,014.25"
2013-02-22,"1,014.25","1,006.06","1,016.86","1,005.19",1340000000.0,0.71,"1,004.67"
2013-02-26,"1,004.67","1,011.98","1,012.78",999.94,1230000000.0,-0.94,994.37
2013-02-27,994.37,"1,007.75","1,009.74",994.37,981140000.0,-1.03,"1,014.03"
2013-02-28,"1,014.03","1,002.02","1,014.03",996.91,1240000000.0,1.98,"1,013.15"
2013-03-01,"1,013.15","1,015.48","1,020.35","1,010.77",995980000.0,-0.09,"1,014.20"
2013-03-04,"1,014.20","1,013.80","1,016.38","1,007.79",1110000000.0,0.1,"1,018.94"
2013-03-05,"1,018.94","1,021.47","1,023.53","1,016.49",1270000000.0,0.47,"1,024.14"
2013-03-06,"1,024.14","1,025.15","1,026.51","1,020.77",996000000.0,0.51,"1,022.64"
2013-03-07,"1,022.64","1,024.64","1,025.61","1,018.73",1610000000.0,-0.15,"1,025.72"
2013-03-08,"1,025.72","1,029.83","1,031.31","1,022.68",1550000000.0,0.3,"1,032.33"
2013-03-11,"1,032.33","1,029.98","1,035.21","1,027.51",1820000000.0,0.64,"1,032.74"
2013-03-12,"1,032.74","1,035.11","1,037.14","1,028.02",1390000000.0,0.04,"1,033.34"
2013-03-13,"1,033.34","1,033.34","1,035.80","1,027.74",1060000000.0,0.06,"1,038.12"
2013-03-14,"1,038.12","1,031.59","1,038.59","1,028.59",1320000000.0,0.46,"1,045.26"
2013-03-15,"1,045.26","1,044.45","1,046.88","1,040.68",2060000000.0,0.69,"1,041.27"
2013-03-18,"1,041.27","1,038.18","1,043.78","1,037.04",1610000000.0,-0.38,"1,029.44"
2013-03-19,"1,029.44","1,045.86","1,047.64","1,021.25",2220000000.0,-1.14,"1,016.01"
2013-03-20,"1,016.01","1,029.96","1,030.86","1,012.07",2089999999.9999998,-1.3,"1,008.14"
2013-03-21,"1,008.14","1,018.36","1,019.66","1,005.11",1800000000.0,-0.77,977.04
2013-03-22,977.04,"1,003.43","1,007.47",971.25,2870000000.0,-3.08,"1,002.43"
2013-03-25,"1,002.43",987.29,"1,004.66",984.44,1300000000.0,2.6,"1,015.99"
2013-03-26,"1,015.99","1,002.53","1,018.49",997.63,1280000000.0,1.35,"1,025.96"
2013-03-27,"1,025.96","1,021.61","1,032.72","1,020.81",1110000000.0,0.98,"1,014.98"
2013-03-28,"1,014.98","1,022.91","1,025.95","1,012.06",1560000000.0,-1.07,"1,024.92"
2013-03-29,"1,024.92","1,021.29","1,029.33","1,020.78",1010000000.0,0.98,"1,017.35"
2013-04-01,"1,017.35","1,024.99","1,025.31","1,016.90",642380000.0,-0.74,"1,021.89"
2013-04-02,"1,021.89","1,020.00","1,024.49","1,012.04",780040000.0,0.45,"1,004.67"
2013-04-03,"1,004.67","1,027.22","1,030.26","1,003.40",1120000000.0,-1.69,"1,010.71"
2013-04-04,"1,010.71",982.66,"1,010.71",980.91,1130000000.0,0.6,982.48
2013-04-05,982.48,"1,000.06","1,001.92",980.14,915020000.0,-2.79,971.41
2013-04-09,971.41,985.86,986.63,968.90,661340000.0,-1.13,984.77
2013-04-10,984.77,975.04,984.77,962.05,748340000.0,1.38,"1,002.02"
2013-04-11,"1,002.02",991.67,"1,002.08",984.55,808000000.0,1.75,"1,007.45"
2013-04-12,"1,007.45","1,003.52","1,010.60",999.42,633090000.0,0.54,"1,003.73"
2013-04-17,"1,003.73","1,005.11","1,015.62","1,001.27",1070000000.0000001,-0.37,"1,008.83"
2013-04-18,"1,008.83","1,003.23","1,009.05",994.49,894840000.0,0.51,"1,018.36"
2013-04-19,"1,018.36","1,012.14","1,022.82","1,009.19",1160000000.0,0.94,"1,027.92"
2013-04-22,"1,027.92","1,027.66","1,028.66","1,017.66",1140000000.0,0.94,"1,021.18"
2013-04-23,"1,021.18","1,025.61","1,031.38","1,018.81",1010000000.0,-0.66,"1,024.94"
2013-04-24,"1,024.94","1,026.00","1,029.32","1,021.68",1220000000.0,0.37,"1,039.46"
2013-04-25,"1,039.46","1,026.64","1,040.12","1,025.54",1100000000.0,1.42,"1,044.82"
2013-04-26,"1,044.82","1,044.99","1,048.69","1,039.59",868720000.0,0.52,"1,046.12"
2013-04-29,"1,046.12","1,049.61","1,051.96","1,039.44",1070000000.0000001,0.12,"1,055.62"
2013-04-30,"1,055.62","1,051.99","1,055.62","1,046.08",903800000.0,0.91,"1,050.48"
2013-05-02,"1,050.48","1,058.74","1,059.98","1,049.64",1220000000.0,-0.49,"1,042.70"
2013-05-03,"1,042.70","1,054.92","1,056.83","1,040.99",1110000000.0,-0.74,"1,061.37"
2013-05-07,"1,061.37","1,049.43","1,061.37","1,038.83",909320000.0,1.79,"1,071.05"
2013-05-08,"1,071.05","1,066.68","1,076.58","1,064.76",1090000000.0,0.91,"1,075.95"
2013-05-09,"1,075.95","1,073.77","1,079.77","1,067.70",1200000000.0,0.46,"1,076.13"
2013-05-10,"1,076.13","1,076.64","1,079.54","1,070.14",958690000.0,0.02,"1,071.68"
2013-05-13,"1,071.68","1,074.94","1,077.93","1,065.12",902800000.0,-0.41,"1,074.35"
2013-05-14,"1,074.35","1,073.30","1,079.77","1,072.37",927670000.0,0.25,"1,081.13"
2013-05-15,"1,081.13","1,080.46","1,084.09","1,078.51",882810000.0,0.63,"1,072.89"
2013-05-16,"1,072.89","1,083.05","1,084.81","1,067.90",1220000000.0,-0.76,"1,079.78"
2013-05-17,"1,079.78","1,070.43","1,083.13","1,067.09",939570000.0,0.64,"1,092.27"
2013-05-20,"1,092.27","1,086.04","1,094.62","1,085.41",1060000000.0,1.16,"1,091.20"
2013-05-21,"1,091.20","1,093.31","1,096.29","1,088.24",1050000000.0,-0.1,"1,081.69"
2013-05-22,"1,081.69","1,089.41","1,094.60","1,081.20",1470000000.0,-0.87,"1,064.49"
2013-05-23,"1,064.49","1,075.66","1,079.68","1,048.25",1790000000.0,-1.59,"1,053.50"
2013-05-27,"1,053.50","1,057.67","1,058.02","1,047.82",1200000000.0,-1.03,"1,072.57"
2013-05-28,"1,072.57","1,053.45","1,072.57","1,052.52",1130000000.0,1.81,"1,058.59"
2013-05-29,"1,058.59","1,070.85","1,075.93","1,056.93",1240000000.0,-1.3,"1,044.40"
2013-05-30,"1,044.40","1,048.90","1,056.26","1,041.47",1060000000.0,-1.34,"1,029.01"
2013-05-31,"1,029.01","1,049.86","1,054.27","1,024.14",1820000000.0,-1.47,"1,015.37"
2013-06-03,"1,015.37","1,025.82","1,032.75","1,012.13",1310000000.0,-1.33,"1,028.91"
2013-06-04,"1,028.91","1,019.41","1,029.97","1,005.27",1220000000.0,1.33,"1,005.65"
2013-06-05,"1,005.65","1,022.27","1,024.18","1,005.65",993340000.0,-2.26,989.00
2013-06-06,989.00,997.20,999.82,983.87,2069999999.9999998,-1.66,"1,007.39"
2013-06-07,"1,007.39",985.30,"1,008.31",984.49,1470000000.0,1.86,"1,014.27"
2013-06-10,"1,014.27","1,018.07","1,023.03","1,012.23",639050000.0,0.68,962.73
2013-06-11,962.73,"1,006.40","1,006.81",958.82,1340000000.0,-5.08,950.87
2013-06-12,950.87,950.74,969.52,942.50,1430000000.0,-1.23,938.26
2013-06-13,938.26,917.91,944.58,903.24,2160000000.0,-1.33,978.87
2013-06-14,978.87,964.89,979.08,962.14,1500000000.0,4.33,982.16
2013-06-17,982.16,982.57,985.27,966.77,897270000.0,0.34,950.53
2013-06-18,950.53,980.64,997.14,950.53,1230000000.0,-3.22,960.32
2013-06-19,960.32,962.23,966.10,942.30,1120000000.0,1.03,937.44
2013-06-20,937.44,932.01,944.24,927.56,1340000000.0,-2.38,940.65
2013-06-21,940.65,921.76,945.86,907.93,1900000000.0,0.34,916.55
2013-06-24,916.55,932.75,943.78,916.55,1030000000.0,-2.56,934.24
2013-06-25,934.24,923.73,941.53,899.82,1570000000.0,1.93,961.98
2013-06-26,961.98,945.77,963.07,937.81,1480000000.0,2.97,978.96
2013-06-27,978.96,981.25,989.45,958.05,1450000000.0,1.77,982.99
2013-06-28,982.99,992.16,994.32,978.22,1280000000.0,0.41,992.00
2013-07-02,992.00,992.28,"1,000.20",983.65,1140000000.0,0.92,977.00
2013-07-03,977.00,984.84,992.06,969.35,1400000000.0,-1.51,969.00
2013-07-04,969.00,981.96,984.40,964.01,1660000000.0,-0.82,977.53
2013-07-05,977.53,978.22,980.64,969.26,892180000.0,0.88,952.19
2013-07-08,952.19,965.50,970.15,952.14,1200000000.0,-2.59,949.11
2013-07-09,949.11,954.46,963.50,948.47,1510000000.0,-0.32,946.66
2013-07-10,946.66,951.65,955.69,936.62,1480000000.0,-0.26,989.22
2013-07-11,989.22,962.41,989.22,961.68,1510000000.0,4.5,991.60
2013-07-12,991.60,993.97,997.49,984.00,1120000000.0,0.24,989.99
2013-07-15,989.99,999.20,999.53,986.02,1050000000.0,-0.16,986.45
2013-07-16,986.45,987.71,990.11,975.11,964170000.0,-0.36,991.41
2013-07-17,991.41,991.46,995.97,986.21,873100000.0,0.5,"1,010.46"
2013-07-18,"1,010.46",995.60,"1,011.41",994.48,1320000000.0,1.92,"1,004.94"
2013-07-19,"1,004.94","1,011.56","1,011.68","1,000.50",1300000000.0,-0.55,"1,027.39"
2013-07-23,"1,027.39","1,019.60","1,027.39","1,015.78",1330000000.0,2.23,"1,017.90"
2013-07-24,"1,017.90","1,026.00","1,030.20","1,014.77",1430000000.0,-0.92,987.42
2013-07-25,987.42,"1,012.12","1,013.16",987.38,1690000000.0,-2.99,"1,002.93"
2013-07-26,"1,002.93",991.02,"1,002.93",979.99,1200000000.0,1.57,986.13
2013-07-29,986.13,991.43,992.46,983.72,921980000.0,-1.68,971.85
2013-07-30,971.85,989.77,994.44,971.42,802950000.0,-1.45,966.03
2013-07-31,966.03,972.71,973.39,950.19,1250000000.0,-0.6,977.47
2013-08-01,977.47,977.00,982.59,967.23,864120000.0,1.18,966.98
2013-08-02,966.98,979.06,980.66,956.64,1320000000.0,-1.07,970.19
2013-08-05,970.19,963.99,973.03,956.15,685270000.0,0.33,973.34
2013-08-06,973.34,960.71,981.92,958.45,895430000.0,0.32,972.45
2013-08-07,972.45,966.20,977.10,963.85,901080000.0,-0.09,983.96
2013-08-08,983.96,979.25,990.36,978.60,1070000000.0000001,1.18,969.70
2013-08-09,969.70,982.35,982.59,969.07,875680000.0,-1.45,989.86
2013-08-13,989.86,977.87,989.86,976.77,1230000000.0,2.08,992.98
2013-08-14,992.98,987.88,993.13,985.17,932690000.0,0.32,986.83
2013-08-15,986.83,991.22,993.37,982.93,1110000000.0,-0.62,981.08
2013-08-16,981.08,978.05,986.18,977.47,1320000000.0,-0.58,947.70
2013-08-19,947.70,974.73,975.58,947.70,1540000000.0,-3.4,931.47
2013-08-20,931.47,934.72,935.88,917.10,2089999999.9999998,-1.71,918.82
2013-08-21,918.82,919.68,932.88,917.99,1960000000.0,-1.36,919.82
2013-08-22,919.82,908.93,922.74,898.52,2190000000.0,0.11,908.97
2013-08-23,908.97,932.17,933.35,908.58,2230000000.0,-1.18,903.47
2013-08-26,903.47,916.89,922.14,902.92,1460000000.0,-0.61,883.90
2013-08-27,883.90,897.88,898.94,880.72,1850000000.0,-2.17,873.62
2013-08-28,873.62,869.63,888.00,861.97,2380000000.0,-1.16,885.07
2013-08-29,885.07,878.46,886.76,870.93,1380000000.0,1.31,882.98
2013-08-30,882.98,891.07,891.51,876.91,1250000000.0,-0.24,903.50
2013-09-02,903.50,886.37,903.50,883.75,1440000000.0,2.32,898.13
2013-09-03,898.13,902.41,910.35,894.81,1370000000.0,-0.59,889.33
2013-09-04,889.33,894.57,900.52,887.77,968680000.0,-0.98,897.31
2013-09-05,897.31,893.49,906.88,891.07,1040000000.0,0.9,913.56
2013-09-06,913.56,898.14,914.73,895.61,947780000.0,1.81,951.35
2013-09-09,951.35,927.07,951.35,926.11,1460000000.0,4.14,957.77
2013-09-10,957.77,958.49,972.79,950.23,3170000000.0,0.67,970.21
2013-09-11,970.21,958.41,970.42,946.86,1690000000.0,1.3,956.70
2013-09-12,956.70,971.36,977.18,956.70,1380000000.0,-1.39,957.25
2013-09-13,957.25,949.98,968.34,948.80,1670000000.0,0.06,989.37
2013-09-16,989.37,979.25,989.53,978.52,2330000000.0,3.36,988.56
2013-09-17,988.56,988.25,992.52,982.14,1600000000.0,-0.08,982.43
2013-09-18,982.43,987.38,993.04,977.35,1540000000.0,-0.62,"1,019.09"
2013-09-19,"1,019.09","1,017.26","1,023.56","1,012.11",2330000000.0,3.73,"1,017.30"
2013-09-20,"1,017.30","1,014.36","1,018.72","1,008.02",1770000000.0,-0.18,983.20
2013-09-23,983.20,"1,006.56","1,007.03",979.86,1570000000.0,-3.35,968.70
2013-09-24,968.70,979.03,986.31,967.53,1290000000.0,-1.47,982.96
2013-09-25,982.96,971.00,982.96,964.59,1090000000.0,1.47,973.13
2013-09-26,973.13,973.21,985.46,972.51,1000000000.0,-1.0,967.51
2013-09-27,967.51,979.30,981.39,964.39,857700000.0,-0.58,940.88
2013-09-30,940.88,953.89,954.31,939.86,881940000.0,-2.75,959.71
2013-10-01,959.71,945.59,962.34,939.43,1060000000.0,2.0,959.29
2013-10-02,959.29,960.43,964.70,953.55,709230000.0,-0.04,974.66
2013-10-03,974.66,966.44,977.89,965.92,1290000000.0,1.6,973.12
2013-10-04,973.12,969.80,975.84,966.29,953950000.0,-0.16,962.87
2013-10-07,962.87,970.57,976.52,962.30,1380000000.0,-1.05,978.53
2013-10-08,978.53,962.91,981.54,959.79,1090000000.0,1.63,979.02
2013-10-09,979.02,979.87,980.75,973.30,906230000.0,0.05,991.92
2013-10-10,991.92,981.20,995.00,979.84,1350000000.0,1.32,996.01
2013-10-11,996.01,"1,004.42","1,005.07",992.88,1290000000.0,0.41,997.23
2013-10-14,997.23,990.16,998.42,984.19,2160000000.0,0.12,"1,006.65"
2013-10-15,"1,006.65","1,004.08","1,009.38","1,001.28",1730000000.0,0.94,999.59
2013-10-16,999.59,"1,005.22","1,010.44",999.59,2320000000.0,-0.7,"1,002.85"
2013-10-17,"1,002.85","1,003.47","1,011.19",997.75,2770000000.0,0.33,"1,014.42"
2013-10-18,"1,014.42","1,008.58","1,014.87","1,003.93",1310000000.0,1.15,988.50
2013-10-21,988.50,"1,013.57","1,014.28",986.25,1500000000.0,-2.56,994.70
2013-10-22,994.70,987.13,994.70,981.17,1270000000.0,0.63,"1,001.30"
2013-10-24,"1,001.30",986.34,"1,001.30",984.68,1020000000.0,0.66,992.01
2013-10-25,992.01,999.47,999.77,989.83,1040000000.0,-0.93,988.57
2013-10-28,988.57,995.08,998.55,984.47,623540000.0,-0.35,992.83
2013-10-29,992.83,988.16,993.63,985.33,772830000.0,0.43,977.09
2013-10-30,977.09,993.21,993.72,973.87,1250000000.0,-1.59,987.06
2013-10-31,987.06,971.42,987.06,968.53,1870000000.0,1.02,977.27
2013-11-01,977.27,977.54,980.08,971.46,1110000000.0,-0.99,949.84
2013-11-04,949.84,965.43,965.78,949.11,1320000000.0,-2.81,967.41
2013-11-05,967.41,954.97,969.49,954.25,1510000000.0,1.85,982.61
2013-11-06,982.61,969.80,983.65,962.40,1440000000.0,1.57,975.97
2013-11-07,975.97,980.49,986.31,971.77,1580000000.0,-0.68,960.68
2013-11-08,960.68,968.54,968.95,955.22,1390000000.0,-1.57,962.39
2013-11-11,962.39,944.72,964.47,941.84,1150000000.0,0.18,965.95
2013-11-12,965.95,970.04,974.20,963.65,913320000.0,0.37,957.50
2013-11-13,957.50,958.74,965.89,956.86,778580000.0,-0.87,966.27
2013-11-14,966.27,962.46,971.11,961.87,1060000000.0,0.92,971.07
2013-11-15,971.07,973.12,975.49,965.77,968120000.0,0.5,974.16
2013-11-18,974.16,977.78,978.68,972.34,971910000.0,0.32,966.06
2013-11-19,966.06,972.29,972.80,963.46,688950000.0,-0.83,960.66
2013-11-20,960.66,967.93,972.68,957.31,1510000000.0,-0.56,940.41
2013-11-21,940.41,952.46,953.20,939.04,1220000000.0,-2.11,927.07
2013-11-22,927.07,937.53,941.76,924.63,1290000000.0,-1.42,923.30
2013-11-25,923.30,918.12,928.66,917.24,894310000.0,-0.41,927.55
2013-11-26,927.55,919.54,934.71,918.07,2660000000.0,0.46,937.53
2013-11-27,937.53,924.96,938.51,924.04,1370000000.0,1.08,927.29
2013-11-28,927.29,940.56,942.25,924.82,1080000000.0,-1.09,935.22
2013-11-29,935.22,924.34,935.83,920.70,936700000.0,0.86,938.80
2013-12-02,938.80,926.74,939.59,921.06,1160000000.0,0.38,945.88
2013-12-03,945.88,938.24,952.77,937.46,1550000000.0,0.75,939.42
2013-12-04,939.42,943.32,949.81,939.42,783810000.0,-0.68,928.98
2013-12-06,928.98,936.76,939.51,923.10,1020000000.0,-1.11,934.34
2013-12-09,934.34,935.98,942.05,925.08,910340000.0,0.58,935.79
2013-12-11,935.79,929.81,937.28,929.39,638420000.0,0.16,925.03
2013-12-12,925.03,931.54,934.96,925.03,986670000.0,-1.15,912.95
2013-12-13,912.95,923.87,926.03,909.99,901930000.0,-1.31,904.51
2013-12-16,904.51,909.99,911.11,902.11,709670000.0,-0.92,911.88
2013-12-17,911.88,910.16,914.24,908.74,885390000.0,0.81,922.32
2013-12-18,922.32,915.51,925.25,914.71,827880000.0,1.14,919.45
2013-12-19,919.45,922.46,925.26,916.50,848000000.0,-0.31,916.83
2013-12-20,916.83,918.72,919.22,907.92,676350000.0,-0.28,904.57
2013-12-23,904.57,916.16,917.11,901.41,668910000.0,-1.34,905.31
2013-12-24,905.31,900.86,911.42,900.10,585010000.0,0.08,909.60
2013-12-25,909.60,906.41,910.11,904.77,477400000.0,0.47,891.45
2013-12-26,891.45,910.28,910.83,886.22,889220000.0,-2.0,883.40
2013-12-27,883.40,888.91,889.61,875.17,1150000000.0,-0.9,833.29
2014-01-02,833.29,878.09,878.80,833.29,1150000000.0,-5.67,829.89
2014-01-03,829.89,822.27,837.38,816.50,1320000000.0,-0.41,837.68
2014-01-06,837.68,829.46,838.87,815.56,1210000000.0,0.94,861.63
2014-01-07,861.63,842.15,861.71,840.12,1130000000.0,2.86,859.35
2014-01-08,859.35,861.40,871.47,854.50,1150000000.0,-0.26,860.00
2014-01-09,860.00,864.58,875.56,856.62,919860000.0,0.08,858.25
2014-01-10,858.25,850.59,861.79,845.18,718610000.0,-0.2,880.70
2014-01-13,880.70,849.36,880.70,849.21,986560000.0,2.62,887.93
2014-01-14,887.93,874.54,892.46,872.68,1370000000.0,0.82,871.02
2014-01-15,871.02,885.12,889.09,870.00,1030000000.0,-1.9,888.02
2014-01-16,888.02,874.18,891.94,873.16,1530000000.0,1.95,883.94
2014-01-17,883.94,890.86,891.70,876.50,1200000000.0,-0.46,879.05
2014-01-20,879.05,879.66,885.32,877.28,611780000.0,-0.55,880.84
2014-01-21,880.84,883.37,890.70,874.45,973170000.0,0.2,879.59
2014-01-22,879.59,872.89,884.16,871.11,1050000000.0,-0.14,894.11
2014-01-23,894.11,881.05,897.30,877.37,1360000000.0,1.65,898.88
2014-01-24,898.88,898.91,903.86,892.58,1180000000.0,0.53,878.55
2014-01-27,878.55,884.29,885.93,877.50,793470000.0,-2.26,865.18
2014-01-28,865.18,877.11,878.00,861.99,930080000.0,-1.52,863.61
2014-01-29,863.61,867.26,870.86,861.05,672500000.0,-0.18,857.50
2014-01-30,857.50,857.09,860.67,852.59,554000000.0,-0.71,866.34
2014-01-31,866.34,860.79,866.56,860.11,648080000.0,1.03,879.72
2014-02-03,879.72,872.84,881.92,871.60,819460000.0,1.54,865.23
2014-02-04,865.23,869.97,871.46,863.07,783830000.0,-1.65,867.11
2014-02-05,867.11,869.99,873.18,860.83,747800000.0,0.22,878.27
2014-02-06,878.27,874.33,878.55,870.72,951210000.0,1.29,879.69
2014-02-07,879.69,884.09,886.82,878.81,1160000000.0,0.16,874.88
2014-02-10,874.88,882.98,884.75,872.85,902100000.0,-0.55,879.09
2014-02-11,879.09,876.78,881.78,872.38,684470000.0,0.48,892.57
2014-02-12,892.57,881.34,892.85,880.19,883910000.0,1.53,890.01
2014-02-13,890.01,892.36,894.52,887.44,908580000.0,-0.29,906.24
2014-02-17,906.24,895.41,906.82,893.10,1150000000.0,1.82,901.09
2014-02-18,901.09,902.20,904.07,893.05,1050000000.0,-0.57,896.85
2014-02-19,896.85,905.33,906.32,894.73,884520000.0,-0.47,883.30
2014-02-20,883.30,890.78,893.31,880.72,934110000.0,-1.51,883.06
2014-02-21,883.06,883.32,887.35,876.06,593830000.0,-0.03,881.56
2014-02-24,881.56,878.83,884.11,875.33,517049999.99999994,-0.17,883.16
2014-02-25,883.16,884.89,890.31,879.63,550710000.0,0.18,883.56
2014-02-26,883.56,883.58,887.64,881.68,492670000.0,0.05,894.16
2014-02-27,894.16,884.79,896.74,884.00,711770000.0,1.2,899.51
2014-02-28,899.51,893.98,900.77,890.37,688150000.0,0.6,909.96
2014-03-03,909.96,903.53,915.81,903.32,1110000000.0,1.16,913.94
2014-03-04,913.94,913.67,918.15,912.63,696120000.0,0.44,917.59
2014-03-05,917.59,920.53,922.54,911.43,894090000.0,0.4,916.04
2014-03-06,916.04,917.85,918.28,912.71,970810000.0,-0.17,916.97
2014-03-07,916.97,917.98,920.28,914.15,624760000.0,0.1,912.28
2014-03-10,912.28,915.91,917.59,904.55,975160000.0,-0.51,923.94
2014-03-11,923.94,915.62,925.47,914.71,1050000000.0,1.28,917.68
2014-03-12,917.68,920.08,924.48,917.54,673170000.0,-0.68,928.86
2014-03-13,928.86,921.77,928.86,921.36,1290000000.0,1.22,928.10
2014-03-14,928.10,923.27,928.21,920.23,907250000.0,-0.08,931.77
2014-03-17,931.77,929.16,931.77,923.51,731530000.0,0.4,928.80
2014-03-18,928.80,933.47,934.71,928.12,1020000000.0,-0.32,922.81
2014-03-19,922.81,930.98,935.30,919.88,1100000000.0,-0.64,920.22
2014-03-20,920.22,917.35,920.22,912.26,957510000.0,-0.28,919.32
2014-03-21,919.32,920.80,921.76,913.30,1120000000.0,-0.1,912.35
2014-03-24,912.35,918.70,919.06,910.51,907480000.0,-0.76,917.34
2014-03-25,917.34,913.68,917.37,906.28,712860000.0,0.55,921.49
2014-03-26,921.49,920.34,923.76,918.45,599060000.0,0.45,919.06
2014-03-27,919.06,922.49,925.84,917.51,485270000.0,-0.26,929.84
2014-03-28,929.84,919.48,937.38,918.70,833960000.0,1.17,935.76
2014-03-31,935.76,933.64,937.00,931.22,559200000.0,0.64,943.93
2014-04-01,943.93,936.78,943.93,933.96,654150000.0,0.87,950.66
2014-04-02,950.66,945.72,951.42,941.25,862700000.0,0.71,946.18
2014-04-03,946.18,949.39,951.58,943.37,784250000.0,-0.47,946.53
2014-04-04,946.53,946.84,951.17,943.48,624550000.0,0.04,936.94
2014-04-08,936.94,947.20,952.75,936.64,738040000.0,-1.01,938.35
2014-04-09,938.35,940.45,944.65,936.59,497480000.0,0.15,944.06
2014-04-10,944.06,940.25,944.26,936.04,560770000.0,0.61,943.45
2014-04-11,943.45,939.39,943.69,937.28,461570000.0,-0.06,952.63
2014-04-16,952.63,944.14,953.47,943.54,547870000.0,0.97,957.23
2014-04-17,957.23,952.11,959.99,951.45,901350000.0,0.48,957.17
2014-04-18,957.17,958.81,961.80,956.19,909660000.0,-0.01,960.25
2014-04-21,960.25,957.66,963.24,954.71,536059999.99999994,0.32,961.20
2014-04-22,961.20,963.42,964.82,956.14,684810000.0,0.1,966.50
2014-04-23,966.50,963.94,968.43,963.15,647270000.0,0.55,964.83
2014-04-24,964.83,967.25,968.30,962.66,820910000.0,-0.17,953.36
2014-04-25,953.36,961.65,964.63,953.36,1060000000.0,-1.19,956.25
2014-04-28,956.25,954.61,960.96,954.31,540700000.0,0.3,956.51
2014-04-29,956.51,954.06,958.54,950.91,441420000.0,0.03,959.51
2014-04-30,959.51,958.06,962.75,956.93,609370000.0,0.31,964.36
2014-05-02,964.36,960.73,964.71,959.89,899710000.0,0.51,952.73
2014-05-06,952.73,966.21,968.39,952.67,867510000.0,-1.21,951.52
2014-05-07,951.52,943.08,952.40,940.57,1010000000.0,-0.13,935.41
2014-05-08,935.41,948.93,950.43,934.56,926550000.0,-1.69,935.41
2014-05-09,935.41,933.75,940.30,930.44,688330000.0,0.0,932.70
2014-05-12,932.70,934.86,936.89,930.00,540040000.0,-0.29,946.78
2014-05-14,946.78,936.95,946.90,936.89,1080000000.0,1.51,946.88
2014-05-15,946.88,945.45,948.08,940.88,911750000.0,0.01,955.52
2014-05-16,955.52,943.04,957.89,941.85,996210000.0,0.91,959.26
2014-05-19,959.26,955.03,959.34,953.71,426670000.0,0.39,946.50
2014-05-20,946.50,947.49,951.49,942.29,857260000.0,-1.33,950.46
2014-05-21,950.46,945.65,953.60,944.58,678550000.0,0.42,950.59
2014-05-22,950.59,955.47,959.47,948.62,876250000.0,0.01,944.13
2014-05-23,944.13,931.99,944.67,930.44,1100000000.0,-0.68,937.07
2014-05-26,937.07,944.18,944.41,931.43,819460000.0,-0.75,938.09
2014-05-27,938.09,939.21,941.94,933.77,1040000000.0,0.11,945.08
2014-05-28,945.08,943.07,950.01,942.01,1110000000.0,0.75,948.66
2014-05-29,948.66,946.16,952.54,945.51,840390000.0,0.38,952.20
2014-05-30,952.20,951.43,955.98,950.52,1350000000.0,0.37,971.73
2014-06-02,971.73,958.66,972.53,957.87,1600000000.0,2.05,982.07
2014-06-03,982.07,982.48,984.60,975.77,1470000000.0,1.06,978.32
2014-06-04,978.32,983.54,985.16,976.92,1160000000.0,-0.38,980.11
2014-06-05,980.11,981.65,982.50,974.12,802190000.0,0.18,983.64
2014-06-06,983.64,986.46,987.31,980.89,973340000.0,0.36,982.07
2014-06-09,982.07,988.24,988.96,979.54,743790000.0,-0.16,990.66
2014-06-10,990.66,979.30,990.98,976.04,2490000000.0,0.87,985.56
2014-06-11,985.56,990.05,990.67,979.59,2320000000.0,-0.51,979.28
2014-06-12,979.28,983.49,987.60,979.28,1060000000.0,-0.64,977.89
2014-06-13,977.89,978.17,983.84,976.25,1150000000.0,-0.14,990.03
2014-06-16,990.03,980.89,992.17,980.82,609640000.0,1.24,988.25
2014-06-17,988.25,992.14,993.80,986.38,1080000000.0,-0.18,974.78
2014-06-18,974.78,988.20,989.36,972.91,959210000.0,-1.36,981.66
2014-06-19,981.66,977.76,982.71,970.36,1190000000.0,0.71,984.82
2014-06-20,984.82,983.66,985.87,979.17,810220000.0,0.32,985.71
2014-06-23,985.71,987.69,989.69,983.61,705740000.0,0.09,979.83
2014-06-24,979.83,983.76,984.13,974.54,762300000.0,-0.6,985.87
2014-06-25,985.87,981.21,986.83,978.49,853940000.0,0.62,992.67
2014-06-26,992.67,988.73,993.48,988.01,637480000.0,0.69,997.61
2014-06-27,997.61,994.70,"1,003.08",988.63,568190000.0,0.5,999.62
2014-06-30,999.62,"1,001.50","1,004.79",997.70,652010000.0,0.2,"1,002.53"
2014-07-02,"1,002.53","1,003.49","1,005.29",998.94,1080000000.0,0.29,"1,002.99"
2014-07-03,"1,002.99","1,002.81","1,005.51",999.16,811670000.0,0.05,"1,003.64"
2014-07-04,"1,003.64","1,006.53","1,011.06","1,003.53",1170000000.0,0.06,"1,009.18"
2014-07-07,"1,009.18","1,007.27","1,012.04","1,005.40",705820000.0,0.55,"1,013.82"
2014-07-08,"1,013.82","1,011.66","1,017.93","1,011.03",945040000.0,0.46,"1,013.12"
2014-07-09,"1,013.12","1,011.87","1,017.30","1,010.68",545600000.0,-0.07,"1,021.06"
2014-07-10,"1,021.06","1,017.62","1,022.28","1,016.56",855640000.0,0.78,"1,029.68"
2014-07-14,"1,029.68","1,026.26","1,032.20","1,024.79",1040000000.0,0.84,"1,026.21"
2014-07-15,"1,026.21","1,032.55","1,032.90","1,023.47",1300000000.0,-0.34,"1,029.54"
2014-07-16,"1,029.54","1,027.98","1,033.44","1,025.81",1340000000.0,0.32,"1,033.07"
2014-07-17,"1,033.07","1,028.14","1,033.07","1,025.53",2120000000.0,0.34,"1,030.19"
2014-07-18,"1,030.19","1,030.63","1,034.91","1,023.45",1900000000.0,-0.28,"1,031.65"
2014-07-21,"1,031.65","1,031.97","1,035.70","1,029.40",917710000.0,0.14,"1,019.72"
2014-07-22,"1,019.72","1,034.53","1,035.93","1,016.13",1550000000.0,-1.16,"1,033.86"
2014-07-23,"1,033.86","1,024.79","1,033.86","1,024.00",866160000.0,1.39,"1,034.98"
2014-07-24,"1,034.98","1,036.56","1,036.95","1,031.38",843880000.0,0.11,"1,033.82"
2014-07-25,"1,033.82","1,035.21","1,037.05","1,028.82",919150000.0,-0.11,"1,028.27"
2014-07-28,"1,028.27","1,034.64","1,035.18","1,024.99",1070000000.0000001,-0.54,"1,018.53"
2014-07-29,"1,018.53","1,030.50","1,034.86","1,016.31",1150000000.0,-0.95,"1,019.40"
2014-07-30,"1,019.40","1,019.08","1,025.35","1,006.90",1660000000.0,0.09,"1,006.97"
2014-07-31,"1,006.97","1,015.79","1,022.99","1,005.54",1290000000.0,-1.22,"1,005.23"
2014-08-01,"1,005.23",997.61,"1,007.10",996.70,1240000000.0,-0.17,"1,019.45"
2014-08-04,"1,019.45","1,008.42","1,020.58","1,006.19",1760000000.0,1.41,"1,025.51"
2014-08-05,"1,025.51","1,021.52","1,028.69","1,019.43",1390000000.0,0.59,"1,021.42"
2014-08-06,"1,021.42","1,024.42","1,028.51","1,019.99",2009999999.9999998,-0.4,"1,021.71"
2014-08-07,"1,021.71","1,022.90","1,023.72","1,014.59",1320000000.0,0.03,"1,018.47"
2014-08-08,"1,018.47","1,014.45","1,019.85","1,012.44",952970000.0,-0.32,"1,038.63"
2014-08-13,"1,038.63","1,026.42","1,039.61","1,025.26",1680000000.0,1.98,"1,036.64"
2014-08-14,"1,036.64","1,042.71","1,044.40","1,034.20",2009999999.9999998,-0.19,"1,039.38"
2014-08-15,"1,039.38","1,037.66","1,042.17","1,031.52",1490000000.0,0.26,"1,035.54"
2014-08-18,"1,035.54","1,040.19","1,042.36","1,033.03",1030000000.0,-0.37,"1,035.70"
2014-08-19,"1,035.70","1,041.30","1,042.06","1,035.17",829050000.0,0.02,"1,041.56"
2014-08-20,"1,041.56","1,037.76","1,042.88","1,037.76",1400000000.0,0.57,"1,040.80"
2014-08-21,"1,040.80","1,040.01","1,044.28","1,038.77",2049999999.9999998,-0.07,"1,043.55"
2014-08-22,"1,043.55","1,044.21","1,046.05","1,042.43",1600000000.0,0.26,"1,048.53"
2014-08-25,"1,048.53","1,046.93","1,051.48","1,044.37",1080000000.0,0.48,"1,046.19"
2014-08-26,"1,046.19","1,049.90","1,051.55","1,044.78",710610000.0,-0.22,"1,049.71"
2014-08-27,"1,049.71","1,048.74","1,054.11","1,045.64",966610000.0,0.34,"1,044.40"
2014-08-28,"1,044.40","1,050.94","1,051.85","1,039.00",773830000.0,-0.51,"1,044.25"
2014-08-29,"1,044.25","1,040.35","1,047.39","1,039.37",1090000000.0,-0.01,"1,046.14"
2014-09-01,"1,046.14","1,048.53","1,051.06","1,045.85",828170000.0,0.18,"1,047.85"
2014-09-02,"1,047.85","1,047.88","1,051.42","1,045.47",1050000000.0,0.16,"1,058.83"
2014-09-03,"1,058.83","1,051.77","1,060.08","1,049.78",930590000.0,1.05,"1,056.87"
2014-09-04,"1,056.87","1,060.10","1,061.91","1,054.58",1230000000.0,-0.19,"1,059.57"
2014-09-05,"1,059.57","1,058.92","1,061.29","1,055.09",903910000.0,0.26,"1,059.30"
2014-09-08,"1,059.30","1,062.71","1,064.22","1,059.13",681150000.0,-0.03,"1,058.47"
2014-09-09,"1,058.47","1,060.53","1,063.12","1,055.97",1740000000.0,-0.08,"1,057.77"
2014-09-10,"1,057.77","1,053.37","1,060.14","1,046.68",1550000000.0,-0.07,"1,056.05"
2014-09-11,"1,056.05","1,056.68","1,062.37","1,054.63",1520000000.0,-0.16,"1,056.21"
2014-09-12,"1,056.21","1,058.23","1,059.20","1,047.48",1220000000.0,0.02,"1,053.01"
2014-09-15,"1,053.01","1,052.74","1,056.72","1,050.39",571310000.0,-0.3,"1,043.58"
2014-09-16,"1,043.58","1,055.80","1,055.91","1,043.58",822820000.0,-0.9,"1,048.39"
2014-09-17,"1,048.39","1,047.67","1,050.89","1,042.67",917780000.0,0.46,"1,056.78"
2014-09-18,"1,056.78","1,052.13","1,057.23","1,050.48",991350000.0,0.8,"1,057.43"
2014-09-19,"1,057.43","1,061.45","1,062.81","1,055.31",1240000000.0,0.06,"1,061.18"
2014-09-22,"1,061.18","1,056.51","1,064.28","1,055.20",743300000.0,0.35,"1,062.16"
2014-09-23,"1,062.16","1,063.88","1,066.20","1,058.40",629910000.0,0.09,"1,062.76"
2014-09-24,"1,062.76","1,064.41","1,067.64","1,060.90",1160000000.0,0.06,"1,063.18"
2014-09-25,"1,063.18","1,064.92","1,067.88","1,062.53",1710000000.0,0.04,"1,069.08"
2014-09-26,"1,069.08","1,062.81","1,069.08","1,062.01",656280000.0,0.55,"1,056.50"
2014-09-29,"1,056.50","1,068.82","1,070.00","1,050.84",1020000000.0,-1.18,"1,057.22"
2014-09-30,"1,057.22","1,056.73","1,062.06","1,053.13",897410000.0,0.07,"1,057.88"
2014-10-01,"1,057.88","1,059.84","1,064.43","1,056.12",1240000000.0,0.06,"1,047.78"
2014-10-02,"1,047.78","1,054.40","1,058.48","1,043.41",1150000000.0,-0.95,"1,047.12"
2014-10-03,"1,047.12","1,046.52","1,050.31","1,036.05",897180000.0,-0.06,"1,031.32"
2014-10-06,"1,031.32","1,048.67","1,050.40","1,029.29",1270000000.0,-1.51,"1,028.87"
2014-10-07,"1,028.87","1,033.45","1,037.47","1,025.70",1170000000.0,-0.24,"1,029.19"
2014-10-08,"1,029.19","1,020.70","1,032.61","1,020.15",898990000.0,0.03,"1,041.70"
2014-10-09,"1,041.70","1,036.89","1,043.12","1,034.21",892250000.0,1.22,"1,034.96"
2014-10-10,"1,034.96","1,030.96","1,037.23","1,029.72",615890000.0,-0.65,"1,025.06"
2014-10-13,"1,025.06","1,028.33","1,031.22","1,023.62",618390000.0,-0.96,"1,028.32"
2014-10-14,"1,028.32","1,026.64","1,032.74","1,026.10",764040000.0,0.32,"1,026.57"
2014-10-15,"1,026.57","1,030.01","1,034.76","1,026.54",776160000.0,-0.17,"1,012.23"
2014-10-16,"1,012.23","1,021.91","1,025.45","1,012.23",663790000.0,-1.4,"1,014.58"
2014-10-17,"1,014.58","1,014.86","1,018.00","1,009.17",1030000000.0,0.23,"1,014.52"
2014-10-20,"1,014.52","1,024.06","1,025.02","1,013.66",742720000.0,-0.01,"1,014.79"
2014-10-21,"1,014.79","1,016.87","1,017.66","1,010.74",762790000.0,0.03,"1,018.42"
2014-10-22,"1,018.42","1,019.93","1,021.10","1,011.47",641980000.0,0.36,"1,022.37"
2014-10-24,"1,022.37","1,022.54","1,024.69","1,018.31",535580000.00000006,0.39,"1,026.29"
2014-10-27,"1,026.29","1,023.36","1,026.58","1,019.43",605640000.0,0.38,"1,031.73"
2014-10-28,"1,031.73","1,026.70","1,032.22","1,023.60",784610000.0,0.53,"1,035.26"
2014-10-29,"1,035.26","1,037.47","1,041.58","1,033.68",646440000.0,0.34,"1,037.37"
2014-10-30,"1,037.37","1,037.50","1,041.50","1,034.15",533480000.0,0.2,"1,053.22"
2014-10-31,"1,053.22","1,041.57","1,053.22","1,038.47",648220000.0,1.53,"1,051.08"
2014-11-03,"1,051.08","1,058.45","1,058.57","1,047.36",674100000.0,-0.2,"1,056.34"
2014-11-04,"1,056.34","1,053.99","1,056.51","1,049.16",688870000.0,0.5,"1,050.60"
2014-11-05,"1,050.60","1,056.09","1,057.36","1,046.89",616980000.0,-0.54,"1,053.45"
2014-11-06,"1,053.45","1,052.47","1,056.85","1,049.17",660740000.0,0.27,"1,051.69"
2014-11-07,"1,051.69","1,056.51","1,057.54","1,048.56",773210000.0,-0.17,"1,043.22"
2014-11-10,"1,043.22","1,054.14","1,054.77","1,043.14",569500000.0,-0.81,"1,047.51"
2014-11-11,"1,047.51","1,044.15","1,050.60","1,040.60",652850000.0,0.41,"1,043.18"
2014-11-12,"1,043.18","1,048.01","1,050.83","1,039.75",571820000.0,-0.41,"1,054.49"
2014-11-13,"1,054.49","1,042.71","1,054.49","1,039.03",596410000.0,1.08,"1,051.87"
2014-11-14,"1,051.87","1,055.88","1,056.64","1,049.96",596720000.0,-0.25,"1,046.33"
2014-11-17,"1,046.33","1,051.69","1,052.80","1,045.77",454670000.0,-0.53,"1,056.37"
2014-11-18,"1,056.37","1,047.53","1,060.80","1,047.12",582610000.0,0.96,"1,053.86"
2014-11-19,"1,053.86","1,059.41","1,059.90","1,052.46",481170000.0,-0.24,"1,046.67"
2014-11-20,"1,046.67","1,055.68","1,056.40","1,045.61",878660000.0,-0.68,"1,055.78"
2014-11-21,"1,055.78","1,045.74","1,057.27","1,045.15",1090000000.0,0.87,"1,063.21"
2014-11-24,"1,063.21","1,061.67","1,064.97","1,060.02",726720000.0,0.7,"1,070.59"
2014-11-25,"1,070.59","1,063.97","1,070.59","1,059.57",1160000000.0,0.69,"1,069.11"
2014-11-26,"1,069.11","1,070.18","1,073.79","1,067.43",874310000.0,-0.14,"1,074.80"
2014-11-27,"1,074.80","1,071.37","1,076.94","1,069.95",766880000.0,0.53,"1,069.36"
2014-11-28,"1,069.36","1,071.15","1,074.21","1,067.20",688820000.0,-0.51,"1,069.03"
2014-12-01,"1,069.03","1,065.86","1,071.37","1,061.74",940620000.0,-0.03,"1,069.54"
2014-12-02,"1,069.54","1,071.57","1,073.54","1,063.34",918600000.0,0.05,"1,068.93"
2014-12-03,"1,068.93","1,072.05","1,074.50","1,065.55",636570000.0,-0.06,"1,070.99"
2014-12-04,"1,070.99","1,070.18","1,072.93","1,066.81",706650000.0,0.19,"1,055.73"
2014-12-08,"1,055.73","1,072.45","1,075.00","1,053.75",920130000.0,-1.42,"1,040.98"
2014-12-09,"1,040.98","1,053.04","1,054.88","1,038.98",799050000.0,-1.4,"1,018.38"
2014-12-11,"1,018.38","1,030.09","1,031.78","1,004.02",1560000000.0,-2.17,"1,007.42"
2014-12-12,"1,007.42","1,015.56","1,020.56","1,006.98",968060000.0,-1.08,989.40
2014-12-15,989.40,989.18,994.83,912.67,2420000000.0,-1.79,971.70
2014-12-16,971.70,960.62,983.76,944.81,1790000000.0,-1.79,985.06
2014-12-17,985.06,973.91,990.66,970.66,1190000000.0,1.37,"1,013.14"
2014-12-18,"1,013.14","1,003.61","1,013.14","1,000.16",925930000.0,2.85,"1,011.06"
2014-12-19,"1,011.06","1,020.54","1,021.42","1,003.72",815950000.0,-0.21,"1,028.22"
2014-12-22,"1,028.22","1,016.84","1,028.22","1,014.48",520490000.0,1.7,"1,023.37"
2014-12-23,"1,023.37","1,025.94","1,030.01","1,018.54",479180000.0,-0.47,"1,020.37"
2014-12-24,"1,020.37","1,027.45","1,028.93","1,020.27",428480000.0,-0.29,"1,005.28"
2014-12-25,"1,005.28","1,013.66","1,013.81",998.24,575310000.0,-1.48,"1,010.61"
2014-12-26,"1,010.61","1,004.35","1,011.73",995.93,532390000.0,0.53,"1,001.37"
2014-12-29,"1,001.37","1,015.04","1,015.30",996.88,352610000.0,-0.91,"1,001.01"
2014-12-30,"1,001.01","1,000.32","1,003.03",991.81,445480000.0,-0.04,987.40
2015-01-05,987.40,"1,002.19","1,003.83",986.94,674130000.0,-1.36,980.50
2015-01-06,980.50,974.75,981.66,967.74,1050000000.0,-0.7,998.05
2015-01-07,998.05,980.88,998.10,980.18,784320000.0,1.79,"1,013.24"
2015-01-08,"1,013.24","1,009.68","1,015.52","1,008.11",1070000000.0000001,1.52,"1,017.87"
2015-01-09,"1,017.87","1,018.89","1,019.91","1,013.03",813370000.0,0.46,"1,019.38"
2015-01-12,"1,019.38","1,014.95","1,025.69","1,010.78",803230000.0,0.15,"1,020.22"
2015-01-13,"1,020.22","1,010.05","1,023.08","1,005.37",837960000.0,0.08,"1,010.98"
2015-01-14,"1,010.98","1,023.22","1,030.91","1,009.73",744210000.0,-0.91,"1,009.97"
2015-01-15,"1,009.97","1,015.62","1,020.78","1,008.99",553090000.0,-0.1,"1,005.51"
2015-01-16,"1,005.51","1,003.45","1,011.44","1,002.71",512659999.99999994,-0.44,"1,019.92"
2015-01-19,"1,019.92","1,013.63","1,020.12","1,010.54",528169999.99999994,1.43,"1,018.99"
2015-01-20,"1,018.99","1,021.97","1,024.53","1,015.64",820530000.0,-0.09,"1,019.07"
2015-01-21,"1,019.07","1,020.83","1,022.06","1,013.73",994260000.0,0.01,"1,039.12"
2015-01-22,"1,039.12","1,027.23","1,040.25","1,023.73",1160000000.0,1.97,"1,073.00"
2015-01-23,"1,073.00","1,046.98","1,075.19","1,046.40",1290000000.0,3.26,"1,062.93"
2015-01-26,"1,062.93","1,075.58","1,083.47","1,062.68",1010000000.0,-0.94,"1,061.12"
2015-01-27,"1,061.12","1,062.67","1,073.84","1,058.75",1390000000.0,-0.17,"1,062.01"
2015-01-28,"1,062.01","1,064.60","1,071.03","1,055.10",883150000.0,0.08,"1,056.23"
2015-01-29,"1,056.23","1,061.59","1,067.65","1,052.86",943230000.0,-0.54,"1,050.29"
2015-01-30,"1,050.29","1,059.76","1,060.92","1,050.18",1100000000.0,-0.56,"1,051.38"
2015-02-02,"1,051.38","1,047.72","1,053.10","1,043.58",870120000.0,0.1,"1,068.91"
2015-02-03,"1,068.91","1,058.95","1,070.92","1,058.72",1350000000.0,1.67,"1,066.10"
2015-02-04,"1,066.10","1,080.05","1,082.59","1,066.10",1680000000.0,-0.26,"1,071.36"
2015-02-05,"1,071.36","1,061.39","1,071.36","1,055.58",1120000000.0,0.49,"1,074.39"
2015-02-06,"1,074.39","1,076.10","1,077.04","1,070.60",965890000.0,0.28,"1,063.80"
2015-02-09,"1,063.80","1,070.07","1,074.63","1,063.80",1350000000.0,-0.99,"1,057.54"
2015-02-10,"1,057.54","1,062.62","1,066.92","1,056.44",1060000000.0,-0.59,"1,064.61"
2015-02-11,"1,064.61","1,060.33","1,066.00","1,048.93",1210000000.0,0.67,"1,070.50"
2015-02-12,"1,070.50","1,064.51","1,070.50","1,057.99",1210000000.0,0.55,"1,071.02"
2015-02-13,"1,071.02","1,072.17","1,074.59","1,067.93",937100000.0,0.05,"1,064.75"
2015-02-16,"1,064.75","1,070.37","1,072.49","1,064.69",483770000.0,-0.59,"1,050.81"
2015-02-17,"1,050.81","1,063.30","1,065.61","1,050.81",742950000.0,-1.31,"1,061.45"
2015-02-18,"1,061.45","1,053.00","1,061.94","1,052.55",560550000.0,1.01,"1,056.48"
2015-02-19,"1,056.48","1,060.00","1,063.99","1,055.07",923610000.0,-0.47,"1,058.77"
2015-02-20,"1,058.77","1,058.77","1,062.73","1,056.27",740020000.0,0.22,"1,049.93"
2015-02-23,"1,049.93","1,062.27","1,063.26","1,049.79",1530000000.0,-0.83,"1,052.61"
2015-02-24,"1,052.61","1,052.26","1,058.17","1,051.00",1400000000.0,0.26,"1,045.80"
2015-02-25,"1,045.80","1,054.21","1,055.59","1,041.96",2300000000.0,-0.65,"1,051.10"
2015-02-26,"1,051.10","1,046.05","1,051.10","1,031.37",1690000000.0,0.51,"1,042.80"
2015-02-27,"1,042.80","1,047.62","1,050.62","1,042.12",1200000000.0,-0.79,"1,039.47"
2015-03-02,"1,039.47","1,043.90","1,045.39","1,033.23",1450000000.0,-0.32,"1,027.89"
2015-03-03,"1,027.89","1,037.64","1,039.39","1,027.89",1110000000.0,-1.11,"1,022.09"
2015-03-05,"1,022.09","1,025.86","1,026.93","1,016.62",1520000000.0,-0.56,"1,032.49"
2015-03-06,"1,032.49","1,022.24","1,032.49","1,020.59",1070000000.0000001,1.02,"1,027.02"
2015-03-09,"1,027.02","1,025.51","1,031.27","1,021.47",1060000000.0,-0.53,"1,005.25"
2015-03-10,"1,005.25","1,027.77","1,029.31","1,005.25",1190000000.0,-2.12,"1,015.94"
2015-03-11,"1,015.94","1,001.88","1,016.07",998.63,1550000000.0,1.06,"1,013.98"
2015-03-12,"1,013.98","1,014.17","1,017.90","1,006.31",1050000000.0,-0.19,"1,012.25"
2015-03-13,"1,012.25","1,016.55","1,020.29","1,010.55",997080000.0,-0.17,996.39
2015-03-16,996.39,"1,006.45","1,007.66",993.95,1170000000.0,-1.57,997.43
2015-03-17,997.43,"1,003.58","1,005.45",996.87,1430000000.0,0.1,"1,010.99"
2015-03-18,"1,010.99",998.55,"1,012.40",997.30,1230000000.0,1.36,"1,012.18"
2015-03-19,"1,012.18","1,020.44","1,020.44","1,009.63",1080000000.0,0.12,"1,010.67"
2015-03-20,"1,010.67","1,013.31","1,015.42","1,002.18",1680000000.0,-0.15,"1,006.03"
2015-03-23,"1,006.03","1,015.28","1,017.45","1,004.23",1420000000.0,-0.46,"1,005.12"
2015-03-24,"1,005.12","1,005.09","1,005.94",994.65,1330000000.0,-0.09,"1,002.56"
2015-03-25,"1,002.56","1,005.46","1,008.78","1,002.56",846580000.0,-0.25,992.82
2015-03-26,992.82,997.76,"1,003.01",992.49,1150000000.0,-0.97,993.33
2015-03-27,993.33,991.74,995.17,986.78,1000000000.0,0.05,993.27
2015-03-30,993.27,998.46,"1,000.68",993.12,919710000.0,-0.01,997.66
2015-03-31,997.66,997.28,"1,001.88",993.58,831540000.0,0.44,"1,010.04"
2015-04-01,"1,010.04",998.13,"1,010.13",995.03,965190000.0,1.24,"1,015.30"
2015-04-02,"1,015.30","1,013.60","1,020.45","1,009.24",1010000000.0,0.52,"1,017.08"
2015-04-03,"1,017.08","1,016.82","1,018.42","1,012.88",653900000.0,0.18,"1,027.62"
2015-04-07,"1,027.62","1,024.32","1,032.17","1,022.23",829590000.0,1.04,"1,023.97"
2015-04-08,"1,023.97","1,029.90","1,033.19","1,023.92",929980000.0,-0.36,"1,023.65"
2015-04-09,"1,023.65","1,024.24","1,027.84","1,020.71",638550000.0,-0.03,"1,025.38"
2015-04-10,"1,025.38","1,024.94","1,026.56","1,019.45",873280000.0,0.17,"1,043.73"
2015-04-16,"1,043.73","1,035.90","1,043.79","1,031.09",984070000.0,1.79,"1,039.53"
2015-04-17,"1,039.53","1,045.69","1,046.62","1,039.53",1770000000.0,-0.4,"1,033.75"
2015-04-20,"1,033.75","1,038.24","1,039.24","1,031.02",1310000000.0,-0.56,"1,040.23"
2015-04-21,"1,040.23","1,038.40","1,042.31","1,036.62",951360000.0,0.63,"1,024.61"
2015-04-22,"1,024.61","1,040.82","1,041.14","1,024.61",1080000000.0,-1.5,"1,019.38"
2015-04-23,"1,019.38","1,027.86","1,032.91","1,017.82",1290000000.0,-0.51,"1,028.41"
2015-04-24,"1,028.41","1,023.00","1,028.41","1,020.33",834990000.0,0.89,"1,023.45"
2015-04-27,"1,023.45","1,030.52","1,033.32","1,021.51",1060000000.0,-0.48,"1,011.87"
2015-04-28,"1,011.87","1,022.94","1,023.25","1,006.89",1400000000.0,-1.13,"1,003.48"
2015-04-29,"1,003.48","1,003.15","1,009.51",997.02,1300000000.0,-0.83,"1,006.10"
2015-04-30,"1,006.10","1,002.45","1,009.94","1,001.99",1180000000.0,0.26,"1,003.19"
2015-05-06,"1,003.19","1,008.25","1,010.04",998.01,1210000000.0,-0.29,990.69
2015-05-07,990.69,999.28,"1,005.45",990.69,1630000000.0,-1.25,"1,001.04"
2015-05-08,"1,001.04",994.81,"1,005.24",989.06,1490000000.0,1.04,996.27
2015-05-11,996.27,"1,006.05","1,009.07",996.27,958790000.0,-0.48,986.51
2015-05-12,986.51,995.53,997.04,981.55,1080000000.0,-0.98,994.61
2015-05-13,994.61,992.02,996.28,989.03,1060000000.0,0.82,993.03
2015-05-14,993.03,994.31,997.24,984.83,988340000.0,-0.16,"1,002.83"
2015-05-15,"1,002.83",992.01,"1,002.83",990.07,807950000.0,0.99,"1,001.25"
2015-05-18,"1,001.25","1,001.13","1,005.37",997.25,559510000.0,-0.16,"1,012.71"
2015-05-19,"1,012.71","1,003.09","1,014.41","1,003.05",860960000.0,1.14,"1,005.98"
2015-05-20,"1,005.98","1,012.51","1,014.66","1,005.73",1110000000.0,-0.66,"1,010.71"
2015-05-21,"1,010.71","1,008.87","1,013.09","1,007.28",1080000000.0,0.47,"1,007.68"
2015-05-22,"1,007.68","1,015.03","1,017.93","1,007.48",763420000.0,-0.3,996.05
2015-05-25,996.05,"1,009.58","1,011.17",996.05,552130000.0,-1.15,989.31
2015-05-26,989.31,995.88,"1,000.21",988.88,728200000.0,-0.68,991.39
2015-05-27,991.39,984.86,992.35,980.95,731920000.0,0.21,985.15
2015-05-28,985.15,992.13,992.94,980.31,741370000.0,-0.63,985.37
2015-05-29,985.37,987.14,990.18,982.78,861310000.0,0.02,972.01
2015-06-02,972.01,981.60,983.14,971.92,835640000.0,-1.36,975.93
2015-06-03,975.93,975.58,979.97,972.75,759620000.0,0.4,981.86
2015-06-04,981.86,976.77,982.49,969.95,783460000.0,0.61,994.33
2015-06-05,994.33,981.42,995.99,981.23,986330000.0,1.27,993.57
2015-06-08,993.57,993.53,996.29,988.53,762990000.0,-0.08,981.38
2015-06-09,981.38,990.44,991.05,980.94,1320000000.0,-1.23,991.38
2015-06-10,991.38,984.69,996.13,984.43,767300000.0,1.02,999.10
2015-06-11,999.10,998.46,"1,002.04",995.31,1880000000.0,0.78,992.39
2015-06-12,992.39,998.91,999.91,992.04,806540000.0,-0.67,986.87
2015-06-15,986.87,991.43,991.70,984.30,803930000.0,-0.56,987.79
2015-06-16,987.79,987.36,992.27,986.87,620820000.0,0.09,996.87
2015-06-17,996.87,990.97,998.70,988.63,807780000.0,0.92,991.03
2015-06-18,991.03,997.97,998.86,989.49,1450000000.0,-0.59,978.69
2015-06-19,978.69,990.33,990.96,976.31,1210000000.0,-1.25,989.51
2015-06-22,989.51,980.31,994.20,979.81,791290000.0,1.11,988.05
2015-06-23,988.05,995.65,996.56,986.88,810500000.0,-0.15,999.93
2015-06-24,999.93,991.59,999.93,990.97,1190000000.0,1.2,"1,000.75"
2015-06-25,"1,000.75",998.71,"1,004.12",995.32,935110000.0,0.08,999.11
2015-06-26,999.11,"1,001.34","1,003.92",998.44,844800000.0,-0.16,995.93
2015-06-29,995.93,987.71,"1,000.67",984.90,1080000000.0,-0.32,989.21
2015-06-30,989.21,995.38,996.61,984.92,1300000000.0,-0.67,980.19
2015-07-02,980.19,989.01,989.41,978.42,1490000000.0,-0.91,979.10
2015-07-03,979.10,979.48,983.51,974.97,1140000000.0,-0.11,968.48
2015-07-06,968.48,971.78,973.35,964.82,1490000000.0,-1.08,975.23
2015-07-07,975.23,970.38,976.09,968.31,1120000000.0,0.7,964.62
2015-07-08,964.62,968.63,970.92,962.24,942690000.0,-1.09,967.42
2015-07-09,967.42,963.93,971.87,958.50,1120000000.0,0.29,977.57
2015-07-10,977.57,975.29,978.15,970.49,1170000000.0,1.05,980.28
2015-07-13,980.28,975.47,983.13,973.39,918020000.0,0.28,977.29
2015-07-14,977.29,981.56,982.71,976.16,843940000.0,-0.31,976.71
2015-07-15,976.71,979.21,983.62,976.61,1090000000.0,-0.06,974.29
2015-07-16,974.29,977.60,979.75,969.61,2230000000.0,-0.25,972.51
2015-07-17,972.51,975.34,976.55,969.61,915460000.0,-0.18,964.19
2015-07-20,964.19,972.73,973.73,963.89,1000000000.0,-0.86,952.25
2015-07-21,952.25,964.92,965.28,948.36,2020000000.0,-1.24,953.40
2015-07-22,953.40,948.17,954.65,942.07,1980000000.0,0.12,948.67
2015-07-23,948.67,952.28,956.56,948.67,1130000000.0,-0.5,943.07
2015-07-24,943.07,945.88,946.85,939.91,935050000.0,-0.59,926.10
2015-07-27,926.10,938.01,939.52,923.35,1960000000.0,-1.8,926.83
2015-07-28,926.83,930.59,934.40,921.14,1750000000.0,0.08,933.59
2015-07-29,933.59,930.71,935.48,921.96,1410000000.0,0.73,950.42
2015-07-31,950.42,938.72,950.42,937.94,1160000000.0,1.8,949.76
2015-08-03,949.76,946.25,949.95,943.10,1030000000.0,-0.07,941.36
2015-08-04,941.36,946.56,946.89,938.16,1130000000.0,-0.88,943.86
2015-08-05,943.86,946.82,948.71,941.88,1050000000.0,0.27,937.69
2015-08-06,937.69,942.63,945.07,936.16,617430000.0,-0.65,935.41
2015-08-07,935.41,936.41,938.83,933.75,569840000.0,-0.24,928.25
2015-08-10,928.25,929.88,932.32,926.75,888040000.0,-0.77,918.65
2015-08-11,918.65,929.79,931.84,918.65,812750000.0,-1.03,918.71
2015-08-13,918.71,912.21,918.71,901.58,1820000000.0,0.01,924.79
2015-08-14,924.79,917.15,926.50,913.35,1240000000.0,0.66,919.88
2015-08-17,919.88,923.89,927.38,919.88,1230000000.0,-0.53,894.25
2015-08-18,894.25,893.48,904.59,886.16,2650000000.0,-2.79,896.73
2015-08-19,896.73,896.65,901.03,891.14,1420000000.0,0.28,889.57
2015-08-20,889.57,890.97,895.94,887.98,1510000000.0,-0.8,885.80
2015-08-21,885.80,884.99,889.08,877.89,1520000000.0,-0.42,840.84
2015-08-24,840.84,861.72,863.75,840.84,2240000000.0,-5.08,861.52
2015-08-25,861.52,854.39,862.02,838.84,2370000000.0,2.46,857.24
2015-08-26,857.24,855.16,867.58,855.11,1900000000.0,-0.5,886.24
2015-08-27,886.24,871.41,887.22,869.28,2040000000.0,3.38,893.77
2015-08-28,893.77,899.46,903.70,887.16,1810000000.0,0.85,905.68
2015-08-31,905.68,894.15,905.68,890.99,1260000000.0,1.33,888.92
2015-09-01,888.92,904.05,905.39,888.05,1470000000.0,-1.85,897.69
2015-09-02,897.69,887.48,898.79,882.88,1690000000.0,0.99,903.56
2015-09-03,903.56,901.65,906.35,900.53,1640000000.0,0.65,892.34
2015-09-04,892.34,897.96,901.12,890.29,1210000000.0,-1.24,891.87
2015-09-07,891.87,889.84,894.04,887.55,1080000000.0,-0.05,897.65
2015-09-08,897.65,891.31,897.65,882.20,1300000000.0,0.65,909.87
2015-09-09,909.87,906.75,911.61,902.54,2470000000.0,1.36,908.29
2015-09-10,908.29,901.09,908.29,900.04,1860000000.0,-0.17,897.13
2015-09-11,897.13,910.49,913.15,896.87,2100000000.0,-1.23,894.25
2015-09-14,894.25,896.97,898.91,889.17,1310000000.0,-0.32,889.97
2015-09-15,889.97,893.53,896.78,887.44,1820000000.0,-0.48,898.30
2015-09-16,898.30,893.18,898.30,888.78,1330000000.0,0.94,904.51
2015-09-17,904.51,902.17,906.95,899.40,1120000000.0,0.69,903.24
2015-09-18,903.24,907.38,910.08,900.65,1630000000.0,-0.14,905.38
2015-09-21,905.38,898.33,907.00,896.20,991630000.0,0.24,894.23
2015-09-22,894.23,907.52,908.23,892.45,1450000000.0,-1.23,888.90
2015-09-23,888.90,888.09,892.80,881.31,1300000000.0,-0.6,887.90
2015-09-24,887.90,886.39,890.14,880.46,1440000000.0,-0.11,890.47
2015-09-25,890.47,889.24,893.79,882.89,1170000000.0,0.29,872.24
2015-09-28,872.24,882.38,882.93,872.18,1060000000.0,-2.05,868.04
2015-09-29,868.04,865.10,877.75,864.22,1410000000.0,-0.48,868.71
2015-09-30,868.71,872.15,874.54,867.60,1310000000.0,0.08,867.23
2015-10-01,867.23,872.13,876.07,866.48,1230000000.0,-0.17,868.39
2015-10-02,868.39,867.51,871.02,864.13,700610000.0,0.13,881.81
2015-10-05,881.81,874.59,882.14,874.25,1220000000.0,1.55,888.08
2015-10-06,888.08,885.24,889.09,881.34,1470000000.0,0.71,908.45
2015-10-07,908.45,893.11,908.45,889.61,1780000000.0,2.29,907.17
2015-10-08,907.17,907.65,915.52,905.42,2060000000.0,-0.14,921.20
2015-10-09,921.20,917.05,925.41,916.06,2330000000.0,1.55,920.43
2015-10-12,920.43,923.40,924.89,914.99,1610000000.0,-0.08,916.17
2015-10-13,916.17,916.33,918.29,908.91,1600000000.0,-0.46,909.47
2015-10-14,909.47,914.18,918.16,908.78,1200000000.0,-0.73,923.53
2015-10-15,923.53,914.88,924.87,914.28,1620000000.0,1.55,919.63
2015-10-16,919.63,926.62,927.27,917.68,1730000000.0,-0.42,916.82
2015-10-19,916.82,921.07,925.04,913.84,803320000.0,-0.31,915.72
2015-10-20,915.72,915.05,921.28,914.42,741610000.0,-0.12,914.31
2015-10-21,914.31,917.44,919.29,910.98,993010000.0,-0.15,914.68
2015-10-22,914.68,913.89,915.91,912.25,1300000000.0,0.04,921.25
2015-10-26,921.25,924.26,926.64,920.07,1410000000.0,0.72,921.45
2015-10-27,921.45,919.24,924.90,917.56,925620000.0,0.02,910.86
2015-10-28,910.86,919.43,920.89,909.05,1700000000.0,-1.15,897.73
2015-10-29,897.73,910.26,912.16,896.10,1770000000.0,-1.44,899.52
2015-10-30,899.52,898.71,904.10,896.81,1160000000.0,0.2,915.60
2015-11-02,915.60,900.38,915.60,899.86,901500000.0,1.79,913.52
2015-11-03,913.52,920.17,920.47,910.58,1520000000.0,-0.23,921.61
2015-11-04,921.61,920.05,923.05,917.15,1280000000.0,0.89,913.30
2015-11-05,913.30,918.70,923.03,912.26,2080000000.0,-0.9,914.02
2015-11-06,914.02,911.51,915.43,908.91,2240000000.0,0.08,903.93
2015-11-09,903.93,911.23,912.52,902.28,1400000000.0,-1.1,898.99
2015-11-10,898.99,899.90,903.02,896.50,933650000.0,-0.55,893.76
2015-11-11,893.76,899.10,901.32,893.76,1690000000.0,-0.58,889.79
2015-11-12,889.79,887.34,892.11,884.34,1880000000.0,-0.44,888.10
2015-11-13,888.10,886.84,891.24,885.27,2029999999.9999998,-0.19,892.91
2015-11-16,892.91,879.74,892.91,878.37,1610000000.0,0.54,892.68
2015-11-17,892.68,898.89,900.28,892.12,1710000000.0,-0.03,882.73
2015-11-18,882.73,893.30,895.74,881.54,1580000000.0,-1.11,888.57
2015-11-19,888.57,888.93,891.79,885.92,1960000000.0,0.66,895.84
2015-11-20,895.84,890.08,897.83,886.81,1390000000.0,0.82,895.29
2015-11-23,895.29,898.50,900.96,895.29,1190000000.0,-0.06,888.18
2015-11-24,888.18,896.37,899.41,886.96,1540000000.0,-0.79,886.19
2015-11-25,886.19,890.87,893.25,883.38,1280000000.0,-0.22,874.82
2015-11-26,874.82,888.01,889.93,872.94,1500000000.0,-1.28,872.72
2015-11-27,872.72,873.84,876.81,869.59,1340000000.0,-0.24,869.38
2015-11-30,869.38,870.09,878.35,865.15,1440000000.0,-0.38,870.09
2015-12-01,870.09,872.53,873.51,865.92,1320000000.0,0.08,857.35
2015-12-02,857.35,869.31,876.20,857.02,1620000000.0,-1.46,861.42
2015-12-03,861.42,851.84,862.89,849.28,1650000000.0,0.47,855.76
2015-12-04,855.76,857.04,859.30,853.95,1240000000.0,-0.66,837.43
2015-12-08,837.43,848.60,849.42,837.30,1510000000.0,-2.14,830.85
2015-12-09,830.85,839.59,844.81,829.76,1140000000.0,-0.79,818.69
2015-12-11,818.69,830.94,831.59,816.60,1220000000.0,-1.46,810.64
2015-12-14,810.64,804.11,811.88,796.33,1550000000.0,-0.98,833.49
2015-12-15,833.49,817.44,833.57,813.17,2470000000.0,2.82,832.29
2015-12-16,832.29,835.87,839.26,829.72,1830000000.0,-0.14,836.95
2015-12-17,836.95,827.94,839.10,827.03,1930000000.0,0.56,816.37
2015-12-18,816.37,829.99,830.32,816.37,2470000000.0,-2.46,801.81
2015-12-21,801.81,803.70,813.32,799.21,2610000000.0,-1.78,802.23
2015-12-22,802.23,809.74,813.67,798.53,3110000000.0,0.05,810.78
2015-12-23,810.78,809.00,811.66,803.82,1620000000.0,1.07,816.42
2015-12-24,816.42,819.46,819.72,813.84,1300000000.0,0.7,815.07
2015-12-25,815.07,817.54,817.77,808.26,784430000.0,-0.17,815.37
2015-12-28,815.37,816.45,817.60,811.91,650210000.0,0.04,811.78
2015-12-29,811.78,811.59,814.52,805.87,983040000.0,-0.44,813.55
2015-12-30,813.55,812.43,818.27,812.08,756610000.0,0.22,794.95
2016-01-04,794.95,811.91,812.00,791.95,1050000000.0,-2.29,785.72
2016-01-05,785.72,797.70,799.26,784.37,1460000000.0,-1.16,790.02
2016-01-06,790.02,782.90,790.74,780.43,1620000000.0,0.55,761.75
2016-01-07,761.75,771.44,775.08,761.69,2120000000.0,-3.58,777.88
2016-01-08,777.88,767.73,779.65,764.58,1580000000.0,2.12,769.81
2016-01-11,769.81,768.73,770.38,757.91,1660000000.0,-1.04,786.13
2016-01-12,786.13,767.05,786.13,766.76,1920000000.0,2.12,803.90
2016-01-13,803.90,796.13,804.17,790.96,2560000000.0,2.26,789.91
2016-01-14,789.91,792.52,798.97,787.48,1980000000.0,-1.74,773.46
2016-01-15,773.46,793.02,796.42,772.50,1580000000.0,-2.08,771.71
2016-01-18,771.71,763.34,776.70,760.55,1250000000.0,-0.23,790.51
2016-01-19,790.51,773.75,792.74,773.50,1600000000.0,2.44,775.54
2016-01-20,775.54,778.34,781.44,772.34,1650000000.0,-1.89,775.07
2016-01-21,775.07,785.65,787.82,768.58,1380000000.0,-0.06,793.57
2016-01-22,793.57,786.85,797.31,781.11,1900000000.0,2.39,794.17
2016-01-25,794.17,800.21,806.12,793.07,2320000000.0,0.08,794.42
2016-01-26,794.42,788.40,796.69,787.08,1950000000.0,0.03,802.65
2016-01-27,802.65,801.22,807.59,799.74,2230000000.0,1.04,813.29
2016-01-28,813.29,807.14,813.44,800.17,1700000000.0,1.33,826.21
2016-01-29,826.21,815.62,826.21,812.61,1990000000.0,1.59,821.82
2016-02-01,821.82,824.13,831.04,818.04,2280000000.0,-0.53,810.85
2016-02-02,810.85,819.86,823.85,810.57,1590000000.0,-1.33,816.62
2016-02-03,816.62,804.05,816.72,802.33,1450000000.0,0.71,821.30
2016-02-04,821.30,822.58,824.98,818.74,1350000000.0,0.57,828.28
2016-02-05,828.28,826.96,828.98,822.66,1190000000.0,0.85,825.48
2016-02-08,825.48,827.29,830.54,823.44,645710000.0,-0.34,821.52
2016-02-09,821.52,818.41,822.54,814.14,1040000000.0,-0.48,822.04
2016-02-10,822.04,818.24,823.77,814.70,1020000000.0,0.06,804.55
2016-02-11,804.55,817.41,823.40,804.55,1470000000.0,-2.13,804.38
2016-02-12,804.38,806.41,809.31,798.90,1180000000.0,-0.02,812.74
2016-02-15,812.74,812.34,817.30,809.46,861580000.0,1.04,814.10
2016-02-16,814.10,818.95,821.21,812.30,928480000.0,0.17,814.71
2016-02-17,814.71,811.69,815.06,803.75,1390000000.0,0.07,822.03
2016-02-18,822.03,822.30,825.79,815.68,1430000000.0,0.9,844.43
2016-02-19,844.43,821.76,844.45,820.99,1660000000.0,2.72,848.50
2016-02-23,848.50,848.01,851.46,842.71,1640000000.0,0.48,851.36
2016-02-24,851.36,844.57,855.85,842.53,1280000000.0,0.34,851.17
2016-02-25,851.17,855.18,855.94,845.96,1330000000.0,-0.02,859.51
2016-02-26,859.51,854.87,860.26,853.16,1470000000.0,0.98,851.02
2016-02-29,851.02,859.14,859.86,851.02,1190000000.0,-0.99,865.40
2016-03-01,865.40,854.20,865.40,850.96,2480000000.0,1.69,879.95
2016-03-02,879.95,871.97,886.00,869.52,4640000000.0,1.68,890.96
2016-03-03,890.96,884.51,894.33,882.78,2690000000.0,1.25,889.89
2016-03-04,889.89,896.39,898.49,887.45,2570000000.0,-0.12,905.47
2016-03-07,905.47,895.56,905.56,894.81,4570000000.0,1.75,887.92
2016-03-08,887.92,901.13,906.53,886.78,3900000000.0,-1.94,900.49
2016-03-09,900.49,884.38,900.51,880.02,2590000000.0,1.42,887.86
2016-03-10,887.86,900.77,901.03,886.44,2840000000.0,-1.4,899.73
2016-03-11,899.73,893.19,902.97,892.35,2620000000.0,1.34,899.54
2016-03-14,899.54,905.62,910.48,897.90,2180000000.0,-0.02,889.12
2016-03-15,889.12,895.12,896.79,886.66,1600000000.0,-1.16,883.15
2016-03-16,883.15,892.34,897.06,877.20,2180000000.0,-0.67,886.31
2016-03-17,886.31,892.16,893.58,886.07,2020000000.0,0.36,888.84
2016-03-18,888.84,891.59,893.84,882.69,1840000000.0,0.29,898.86
2016-03-21,898.86,889.93,898.88,886.52,2040000000.0,1.13,902.10
2016-03-22,902.10,905.63,906.43,896.59,1270000000.0,0.36,913.76
2016-03-23,913.76,900.59,914.08,897.85,2480000000.0,1.29,907.57
2016-03-24,907.57,909.03,913.64,905.92,1760000000.0,-0.68,897.50
2016-03-25,897.50,908.57,910.86,897.50,1420000000.0,-1.11,893.29
2016-03-28,893.29,897.65,900.74,891.23,1330000000.0,-0.47,895.07
2016-03-29,895.07,892.85,896.22,889.86,1110000000.0,0.2,908.79
2016-03-30,908.79,901.71,916.95,901.21,1880000000.0,1.53,905.93
2016-03-31,905.93,905.22,909.80,900.45,1130000000.0,-0.31,899.39
2016-04-01,899.39,902.60,903.90,895.26,1330000000.0,-0.72,897.12
2016-04-04,897.12,897.86,899.58,894.23,961600000.0,-0.25,874.04
2016-04-05,874.04,887.06,887.38,873.78,1890000000.0,-2.57,860.01
2016-04-07,860.01,874.48,876.91,860.01,1710000000.0,-1.61,870.60
2016-04-08,870.60,861.58,871.62,856.72,1420000000.0,1.23,868.59
2016-04-11,868.59,871.37,873.90,864.73,831520000.0,-0.23,880.09
2016-04-12,880.09,873.09,880.84,871.88,1460000000.0,1.32,890.08
2016-04-18,890.08,881.24,890.08,878.59,1970000000.0,1.14,904.35
2016-04-19,904.35,893.60,906.27,892.21,1780000000.0,1.6,902.84
2016-04-20,902.84,904.34,906.82,896.94,1870000000.0,-0.17,909.05
2016-04-21,909.05,910.26,916.09,907.04,1660000000.0,0.69,898.04
2016-04-22,898.04,910.18,910.67,898.04,1380000000.0,-1.21,895.77
2016-04-25,895.77,897.35,900.11,893.65,938670000.0,-0.25,903.05
2016-04-26,903.05,894.95,905.80,892.51,1420000000.0,0.81,897.16
2016-04-27,897.16,904.80,906.10,894.88,1300000000.0,-0.65,887.53
2016-04-28,887.53,900.91,902.99,885.27,1200000000.0,-1.07,891.83
2016-04-29,891.83,887.50,891.83,882.96,1820000000.0,0.48,886.63
2016-05-03,886.63,890.85,896.05,885.83,1390000000.0,-0.58,882.15
2016-05-04,882.15,882.40,883.32,877.22,959300000.0,-0.51,886.96
2016-05-09,886.96,882.58,887.07,876.92,1530000000.0,0.55,882.86
2016-05-10,882.86,880.83,885.15,877.62,1400000000.0,-0.46,874.54
2016-05-11,874.54,882.93,885.37,874.45,1550000000.0,-0.94,890.37
2016-05-12,890.37,877.21,890.44,876.08,1490000000.0,1.81,885.90
2016-05-13,885.90,890.60,894.58,885.57,1820000000.0,-0.5,889.02
2016-05-16,889.02,893.60,896.36,886.24,2190000000.0,0.35,899.47
2016-05-17,899.47,896.84,903.42,894.61,2350000000.0,1.18,894.93
2016-05-18,894.93,899.85,902.77,894.17,2190000000.0,-0.5,883.91
2016-05-19,883.91,895.01,895.36,881.67,1680000000.0,-1.23,881.80
2016-05-23,881.80,885.42,886.37,878.51,1140000000.0,-0.24,882.25
2016-05-24,882.25,881.71,884.34,876.84,877750000.0,0.05,891.68
2016-05-25,891.68,890.31,892.21,886.42,1080000000.0,1.07,893.78
2016-05-26,893.78,892.16,896.16,890.73,1180000000.0,0.24,903.13
2016-05-27,903.13,893.83,903.13,891.84,1140000000.0,1.05,911.91
2016-05-30,911.91,911.61,913.96,906.99,1410000000.0,0.97,911.11
2016-05-31,911.11,913.89,914.56,907.41,2100000000.0,-0.09,903.25
2016-06-01,903.25,909.37,913.52,903.25,1090000000.0,-0.86,907.14
2016-06-02,907.14,904.72,912.75,904.17,1360000000.0,0.43,916.77
2016-06-03,916.77,911.99,918.03,909.42,1780000000.0,1.06,920.90
2016-06-06,920.90,920.24,923.91,919.38,1250000000.0,0.45,921.02
2016-06-07,921.02,925.13,926.79,919.55,1410000000.0,0.01,923.13
2016-06-08,923.13,921.82,924.33,915.46,994790000.0,0.23,914.25
2016-06-09,914.25,925.93,927.20,914.25,944920000.0,-0.96,909.42
2016-06-10,909.42,913.23,916.49,909.42,854790000.0,-0.53,902.39
2016-06-13,902.39,901.99,906.37,898.28,2590000000.0,-0.77,906.77
2016-06-14,906.77,902.30,908.14,901.85,1140000000.0,0.49,911.40
2016-06-15,911.40,907.92,913.11,903.57,1280000000.0,0.51,893.11
2016-06-16,893.11,905.93,906.81,891.96,1390000000.0,-2.01,900.11
2016-06-17,900.11,897.00,900.78,892.77,997400000.0,0.78,901.08
2016-06-20,901.08,903.32,904.58,898.92,1250000000.0,0.11,907.65
2016-06-21,907.65,901.55,909.53,899.89,1460000000.0,0.73,902.26
2016-06-22,902.26,907.97,910.14,900.09,1140000000.0,-0.59,913.35
2016-06-23,913.35,902.23,914.25,896.66,1310000000.0,1.23,892.63
2016-06-24,892.63,893.42,896.77,879.69,3350000000.0,-2.27,897.24
2016-06-27,897.24,890.40,900.10,888.54,1490000000.0,0.52,904.85
2016-06-28,904.85,898.68,906.06,896.38,1210000000.0,0.85,908.89
2016-06-29,908.89,911.13,914.24,907.35,2180000000.0,0.45,910.56
2016-06-30,910.56,914.96,915.68,904.80,1630000000.0,0.18,918.54
2016-07-04,918.54,916.81,919.97,914.56,1280000000.0,0.88,913.48
2016-07-05,913.48,918.45,921.62,912.81,1470000000.0,-0.55,913.75
2016-07-06,913.75,908.48,917.24,908.04,1350000000.0,0.03,915.44
2016-07-07,915.44,918.48,921.90,915.32,3650000000.0,0.18,915.88
2016-07-08,915.88,914.74,917.62,910.03,1850000000.0,0.05,926.08
2016-07-11,926.08,922.34,928.03,921.14,2380000000.0,1.11,931.03
2016-07-12,931.03,929.43,932.99,923.88,2490000000.0,0.53,934.38
2016-07-13,934.38,935.58,937.70,931.52,2650000000.0,0.36,942.75
2016-07-14,942.75,935.36,942.95,931.65,2060000000.0,0.9,942.95
2016-07-15,942.95,945.01,948.38,941.50,1560000000.0,0.02,958.84
2016-07-20,958.84,949.51,958.84,948.08,1850000000.0,1.69,953.96
2016-07-21,953.96,959.17,963.90,953.68,1700000000.0,-0.51,958.98
2016-07-22,958.98,953.20,959.54,948.76,1540000000.0,0.53,959.62
2016-07-25,959.62,957.02,963.53,956.25,1950000000.0,0.07,952.66
2016-07-26,952.66,960.54,962.23,950.40,2100000000.0,-0.73,960.17
2016-07-27,960.17,957.90,961.83,956.92,1620000000.0,0.79,967.14
2016-07-28,967.14,960.01,968.63,955.16,1830000000.0,0.73,964.44
2016-07-29,964.44,968.29,971.32,963.98,1750000000.0,-0.28,956.31
2016-08-01,956.31,969.60,971.15,954.93,2150000000.0,-0.84,945.53
2016-08-02,945.53,952.25,955.76,944.59,1880000000.0,-1.13,953.09
2016-08-03,953.09,945.32,954.75,942.22,1670000000.0,0.8,953.56
2016-08-04,953.56,955.01,958.48,952.50,1350000000.0,0.05,962.62
2016-08-05,962.62,960.11,963.63,958.02,1410000000.0,0.95,983.07
2016-08-08,983.07,978.07,983.45,973.73,1940000000.0,2.12,986.05
2016-08-09,986.05,984.87,989.78,981.90,1930000000.0,0.3,986.58
2016-08-10,986.58,987.88,990.54,982.00,1690000000.0,0.05,990.71
2016-08-11,990.71,987.18,990.73,984.01,2000000000.0,0.42,989.06
2016-08-15,989.06,982.67,995.59,981.34,1820000000.0,-0.17,981.84
2016-08-16,981.84,991.54,994.70,978.40,1910000000.0,-0.73,976.90
2016-08-17,976.90,979.85,983.46,975.45,1670000000.0,-0.5,987.73
2016-08-18,987.73,980.27,990.10,979.20,1830000000.0,1.11,981.26
2016-08-19,981.26,989.33,991.05,979.28,1380000000.0,-0.66,982.53
2016-08-22,982.53,979.97,984.59,978.31,1680000000.0,0.13,981.17
2016-08-23,981.17,976.28,982.21,973.04,1740000000.0,-0.14,986.20
2016-08-24,986.20,981.00,988.24,978.34,1600000000.0,0.51,983.53
2016-08-25,983.53,988.39,991.16,979.62,1640000000.0,-0.27,987.29
2016-08-26,987.29,984.01,991.87,983.52,1130000000.0,0.38,982.53
2016-08-29,982.53,988.51,989.74,979.32,1410000000.0,-0.48,983.07
2016-08-30,983.07,985.46,988.74,983.07,1120000000.0,0.05,983.26
2016-08-31,983.26,981.71,983.82,976.86,1290000000.0,0.02,978.17
2016-09-01,978.17,983.85,984.67,978.17,1630000000.0,-0.52,964.44
2016-09-02,964.44,977.47,978.07,961.14,2000000000.0,-1.4,949.11
2016-09-05,949.11,968.82,969.55,939.06,2290000000.0,-1.59,950.22
2016-09-06,950.22,950.07,955.43,946.72,1620000000.0,0.12,943.39
2016-09-07,943.39,952.51,959.61,943.18,1450000000.0,-0.72,927.82
2016-09-08,927.82,944.81,945.81,924.36,2220000000.0,-1.65,921.48
2016-09-09,921.48,927.59,930.92,915.62,1680000000.0,-0.68,899.38
2016-09-12,899.38,907.68,913.48,899.06,1440000000.0,-2.4,925.46
2016-09-13,925.46,913.50,928.18,910.82,1480000000.0,2.9,930.95
2016-09-14,930.95,923.74,933.75,922.63,1040000000.0,0.59,932.21
2016-09-15,932.21,931.36,936.70,928.37,1300000000.0,0.14,943.94
2016-09-16,943.94,936.86,943.94,933.70,2180000000.0,1.26,951.81
2016-09-19,951.81,946.16,952.61,943.64,1330000000.0,0.83,938.80
2016-09-20,938.80,949.41,949.77,933.77,1370000000.0,-1.37,948.33
2016-09-21,948.33,944.05,956.21,943.04,1890000000.0,1.02,961.13
2016-09-22,961.13,957.35,962.72,954.44,1570000000.0,1.35,951.73
2016-09-23,951.73,961.04,961.04,946.52,1410000000.0,-0.98,948.87
2016-09-26,948.87,942.81,950.52,940.53,952360000.0,-0.3,947.58
2016-09-27,947.58,951.88,955.09,947.58,849530000.0,-0.14,941.30
2016-09-28,941.30,946.70,949.24,938.82,1110000000.0,-0.66,949.91
2016-09-29,949.91,949.80,955.91,946.97,1430000000.0,0.91,944.42
2016-09-30,944.42,945.45,948.79,942.11,1140000000.0,-0.58,950.24
2016-10-03,950.24,949.75,952.83,947.88,1280000000.0,0.62,963.83
2016-10-04,963.83,953.21,964.94,951.65,1630000000.0,1.43,962.77
2016-10-05,962.77,965.61,966.51,960.06,1360000000.0,-0.11,963.65
2016-10-06,963.65,964.12,967.78,961.03,1770000000.0,0.09,957.23
2016-10-07,957.23,963.65,964.20,954.50,1370000000.0,-0.67,927.87
2016-10-10,927.87,924.39,936.60,922.30,2390000000.0,-3.07,917.14
2016-10-11,917.14,933.67,934.89,910.55,1920000000.0,-1.16,896.30
2016-10-12,896.30,910.77,912.60,850.23,4160000000.0,-2.27,906.77
2016-10-13,906.77,883.77,906.77,863.11,3310000000.0,1.17,943.85
2016-10-14,943.85,941.68,947.19,929.68,3310000000.0,4.09,939.76
2016-10-17,939.76,937.61,944.46,932.02,1820000000.0,-0.43,937.67
2016-10-18,937.67,941.07,942.78,932.33,1620000000.0,-0.22,940.21
2016-10-19,940.21,932.25,944.93,930.38,1740000000.0,0.27,944.52
2016-10-20,944.52,947.47,949.71,944.16,1650000000.0,0.46,947.01
2016-10-21,947.01,945.48,948.30,942.24,1560000000.0,0.26,949.16
2016-10-25,949.16,949.75,950.94,943.82,1130000000.0,0.23,938.42
2016-10-26,938.42,948.02,949.07,938.42,1080000000.0,-1.13,941.27
2016-10-27,941.27,938.10,944.11,936.85,1220000000.0,0.3,938.72
2016-10-28,938.72,942.76,943.31,935.96,1030000000.0,-0.27,936.66
2016-10-31,936.66,937.37,939.35,934.67,848850000.0,-0.22,942.56
2016-11-01,942.56,939.53,944.40,938.73,1510000000.0,0.63,937.75
2016-11-02,937.75,940.80,940.97,934.74,1150000000.0,-0.51,932.36
2016-11-03,932.36,936.70,942.18,932.31,1270000000.0,-0.57,926.47
2016-11-04,926.47,928.19,931.06,923.23,1160000000.0,-0.63,938.33
2016-11-07,938.33,934.02,940.71,932.90,1230000000.0,1.28,945.39
2016-11-08,945.39,939.59,946.15,937.47,2240000000.0,0.75,944.07
2016-11-09,944.07,937.41,944.08,928.15,3900000000.0,-0.14,946.79
2016-11-10,946.79,950.72,952.98,946.22,2200000000.0,0.29,933.81
2016-11-11,933.81,942.45,942.94,932.93,2230000000.0,-1.37,914.45
2016-11-14,914.45,923.08,924.68,913.04,1330000000.0,-2.07,920.17
2016-11-15,920.17,917.67,921.96,909.30,1580000000.0,0.63,917.28
2016-11-16,917.28,925.72,928.19,917.24,1270000000.0,-0.31,918.03
2016-11-17,918.03,919.03,919.98,912.03,1260000000.0,0.08,917.20
2016-11-18,917.20,916.61,919.27,911.72,1030000000.0,-0.09,919.41
2016-11-21,919.41,919.31,923.89,916.27,883310000.0,0.24,925.45
2016-11-22,925.45,925.19,928.44,923.97,1070000000.0000001,0.66,933.20
2016-11-23,933.20,928.96,933.22,927.08,1080000000.0,0.84,928.03
2016-11-24,928.03,931.72,933.48,927.01,1440000000.0,-0.55,935.46
2016-11-25,935.46,931.41,935.46,930.41,953480000.0,0.8,934.78
2016-11-28,934.78,936.51,937.73,933.44,895600000.0,-0.07,932.48
2016-11-29,932.48,940.24,942.05,931.85,1090000000.0,-0.25,943.18
2016-11-30,943.18,933.12,945.14,930.88,1210000000.0,1.15,947.32
2016-12-01,947.32,950.36,954.22,946.37,1120000000.0,0.44,940.21
2016-12-02,940.21,948.23,952.01,937.68,758250000.0,-0.75,950.09
2016-12-06,950.09,942.64,950.09,939.29,755420000.0,1.05,951.71
2016-12-07,951.71,947.78,954.45,946.49,1010000000.0,0.17,953.68
2016-12-08,953.68,953.71,958.22,953.24,1200000000.0,0.21,954.37
2016-12-09,954.37,958.60,959.36,951.35,910750000.0,0.07,956.86
2016-12-13,956.86,955.22,959.08,950.12,1320000000.0,0.26,950.09
2016-12-14,950.09,956.60,957.42,948.52,993010000.0,-0.71,946.98
2016-12-15,946.98,945.76,950.22,944.23,1020000000.0,-0.33,946.62
2016-12-16,946.62,949.26,951.63,946.13,898940000.0,-0.04,948.14
2016-12-19,948.14,947.65,950.70,946.42,666870000.0,0.16,944.18
2016-12-20,944.18,949.21,949.52,940.86,655800000.0,-0.42,940.30
2016-12-21,940.30,945.40,946.97,940.07,489360000.0,-0.41,938.60
2016-12-22,938.60,940.70,941.29,936.00,482280000.0,-0.18,940.98
2016-12-23,940.98,938.85,943.81,936.20,628370000.0,0.25,945.45
2016-12-26,945.45,942.19,947.04,941.89,438100000.0,0.48,945.88
2016-12-27,945.88,945.86,948.02,944.34,495140000.0,0.05,951.39
2016-12-28,951.39,948.33,953.35,946.45,620270000.0,0.58,961.96
2016-12-29,961.96,950.76,966.85,950.31,718650000.0,1.11,964.84
2016-12-30,964.84,963.08,968.60,961.74,705940000.0,0.3,980.93
2017-01-04,980.93,968.24,981.50,968.12,1980000000.0,1.67,985.53
2017-01-05,985.53,983.91,988.18,980.40,1990000000.0,0.47,983.91
2017-01-06,983.91,986.65,988.39,980.63,2100000000.0,-0.16,978.56
2017-01-09,978.56,984.33,984.99,976.03,1560000000.0,-0.54,983.72
2017-01-10,983.72,977.64,985.65,977.60,1670000000.0,0.53,981.90
2017-01-11,981.90,982.99,989.57,981.90,1500000000.0,-0.19,979.29
2017-01-12,979.29,987.07,987.25,977.98,1620000000.0,-0.27,983.23
2017-01-13,983.23,982.47,984.68,977.89,1080000000.0,0.4,979.74
2017-01-16,979.74,981.55,984.25,976.33,1080000000.0,-0.35,976.82
2017-01-17,976.82,980.06,983.43,976.05,1450000000.0,-0.3,972.59
2017-01-18,972.59,978.13,980.01,972.51,1790000000.0,-0.43,969.19
2017-01-19,969.19,971.26,972.52,963.58,1570000000.0,-0.35,972.72
2017-01-20,972.72,967.73,975.63,966.29,1890000000.0,0.36,976.04
2017-01-23,976.04,975.90,977.74,973.27,1010000000.0,0.34,984.23
2017-01-24,984.23,977.12,985.07,976.89,2940000000.0,0.84,990.51
2017-01-25,990.51,987.34,992.74,984.83,2830000000.0,0.64,998.44
2017-01-26,998.44,"1,000.98","1,004.03",993.98,1910000000.0,0.8,996.10
2017-01-27,996.10,997.54,998.24,993.03,940020000.0,-0.23,994.76
2017-01-30,994.76,994.15,997.52,991.84,621540000.0,-0.13,984.21
2017-01-31,984.21,991.02,991.68,982.97,1310000000.0,-1.06,984.71
2017-02-01,984.71,982.22,987.18,979.10,1230000000.0,0.05,982.41
2017-02-02,982.41,984.91,988.59,981.46,904010000.0,-0.23,990.97
2017-02-03,990.97,982.49,993.43,980.49,1100000000.0,0.87,996.40
2017-02-06,996.40,993.72,998.78,991.17,1300000000.0,0.55,991.30
2017-02-07,991.30,994.49,997.32,988.97,933370000.0,-0.51,996.23
2017-02-08,996.23,990.91,"1,000.71",989.90,1440000000.0,0.5,990.33
2017-02-09,990.33,998.74,"1,000.66",990.15,1120000000.0,-0.59,992.36
2017-02-10,992.36,995.08,995.91,990.36,1150000000.0,0.2,981.66
2017-02-14,981.66,993.55,994.52,980.72,1090000000.0,-1.08,984.60
2017-02-15,984.60,980.85,985.62,975.67,1660000000.0,0.3,987.04
2017-02-16,987.04,985.39,990.11,983.72,1110000000.0,0.25,988.95
2017-02-17,988.95,989.56,993.92,988.57,974680000.0,0.19,989.74
2017-02-20,989.74,990.97,992.42,986.52,967240000.0,0.08,981.03
2017-02-21,981.03,989.62,993.87,981.03,1060000000.0,-0.88,987.05
2017-02-22,987.05,983.76,987.56,979.68,927520000.0,0.61,982.64
2017-02-23,982.64,985.23,985.56,979.65,1520000000.0,-0.45,981.51
2017-02-24,981.51,981.92,984.23,978.57,1050000000.0,-0.11,976.06
2017-02-27,976.06,977.72,979.83,975.54,767560000.0,-0.56,978.46
2017-02-28,978.46,978.00,981.18,977.39,761680000.0,0.25,985.94
2017-03-01,985.94,981.19,986.01,979.67,1070000000.0000001,0.76,985.93
2017-03-02,985.93,988.19,989.79,985.39,1080000000.0,0.0,983.41
2017-03-03,983.41,983.41,985.74,982.05,1020000000.0,-0.26,975.54
2017-03-06,975.54,981.46,982.10,973.12,836020000.0,-0.8,974.53
2017-03-07,974.53,975.37,978.89,972.94,710760000.0,-0.1,980.14
2017-03-08,980.14,974.31,980.71,968.10,1110000000.0,0.58,977.50
2017-03-09,977.50,977.33,979.51,973.94,718410000.0,-0.27,972.88
2017-03-10,972.88,976.89,977.45,970.11,794410000.0,-0.47,975.37
2017-03-13,975.37,972.25,975.88,968.15,938240000.0,0.26,977.25
2017-03-14,977.25,975.16,980.35,973.36,925290000.0,0.19,975.71
2017-03-15,975.71,976.70,978.63,973.43,969000000.0,-0.16,986.70
2017-03-16,986.70,982.58,989.20,980.28,1620000000.0,1.13,988.44
2017-03-17,988.44,988.28,989.58,984.14,1250000000.0,0.18,989.53
2017-03-20,989.53,991.07,994.59,987.92,934670000.0,0.11,993.96
2017-03-21,993.96,991.29,996.44,989.89,995710000.0,0.45,992.07
2017-03-22,992.07,987.87,995.03,985.81,899210000.0,-0.19,993.25
2017-03-23,993.25,995.72,996.60,992.40,732530000.0,0.12,998.25
2017-03-24,998.25,993.32,999.93,992.16,1120000000.0,0.5,995.43
2017-03-27,995.43,997.73,999.94,994.20,651900000.0,-0.28,"1,000.40"
2017-03-28,"1,000.40",997.38,"1,002.49",996.36,1070000000.0000001,0.5,997.63
2017-03-29,997.63,998.86,"1,001.37",995.63,860600000.0,-0.28,"1,001.52"
2017-03-30,"1,001.52",997.96,"1,005.43",996.41,1130000000.0,0.39,996.44
2017-03-31,996.44,"1,002.97","1,004.58",996.44,1280000000.0,-0.51,999.39
2017-04-03,999.39,998.92,"1,002.35",997.90,853260000.0,0.3,"1,000.98"
2017-04-04,"1,000.98",998.94,"1,002.48",996.97,951570000.0,0.16,"1,000.13"
2017-04-05,"1,000.13","1,000.87","1,002.47",996.20,1080000000.0,-0.08,"1,003.26"
2017-04-07,"1,003.26",998.53,"1,003.59",995.75,853720000.0,0.31,"1,002.50"
2017-04-10,"1,002.50","1,000.60","1,003.78",997.74,653600000.0,-0.08,"1,003.25"
2017-04-11,"1,003.25","1,003.65","1,006.90","1,001.83",809930000.0,0.07,"1,009.23"
2017-04-12,"1,009.23","1,005.30","1,009.23","1,004.70",715930000.0,0.6,999.77
2017-04-17,999.77,"1,005.88","1,006.04",998.52,596670000.0,-0.94,997.68
2017-04-18,997.68,"1,002.31","1,004.78",997.62,980590000.0,-0.21,992.89
2017-04-19,992.89,997.01,998.39,992.71,1490000000.0,-0.48,993.86
2017-04-20,993.86,992.80,998.18,991.91,1180000000.0,0.1,995.83
2017-04-21,995.83,995.56,998.69,994.60,943040000.0,0.2,992.51
2017-04-24,992.51,996.31,997.62,990.36,844560000.0,-0.33,993.39
2017-04-25,993.39,994.19,996.76,987.25,1230000000.0,0.09,996.93
2017-04-26,996.93,993.71,998.89,991.47,1030000000.0,0.36,995.19
2017-04-27,995.19,996.13,997.36,992.55,705150000.0,-0.17,993.98
2017-04-28,993.98,996.60,997.20,992.20,1020000000.0,-0.12,992.82
2017-05-02,992.82,994.03,997.39,992.36,643940000.0,-0.12,993.57
2017-05-03,993.57,993.77,997.19,992.85,632300000.0,0.08,999.01
2017-05-04,999.01,994.79,"1,000.63",994.59,987410000.0,0.55,997.24
2017-05-05,997.24,997.67,998.75,992.96,773580000.0,-0.18,996.56
2017-05-08,996.56,996.87,998.70,994.42,760590000.0,-0.07,993.46
2017-05-09,993.46,998.46,998.94,991.19,966950000.0,-0.31,989.38
2017-05-11,989.38,994.54,995.70,986.24,1140000000.0,-0.41,983.37
2017-05-12,983.37,989.56,989.56,979.40,1240000000.0,-0.61,980.75
2017-05-15,980.75,982.29,983.19,976.94,1080000000.0,-0.27,984.66
2017-05-16,984.66,980.64,986.26,979.65,1350000000.0,0.4,983.98
2017-05-17,983.98,985.09,987.98,983.02,1330000000.0,-0.07,980.83
2017-05-18,980.83,981.39,984.28,979.23,793740000.0,-0.32,982.25
2017-05-19,982.25,981.71,984.97,979.92,783980000.0,0.14,987.38
2017-05-22,987.38,985.24,989.57,985.21,841450000.0,0.52,990.69
2017-05-23,990.69,989.04,991.99,987.18,776500000.0,0.34,991.62
2017-05-24,991.62,991.23,993.48,989.58,805490000.0,0.09,992.43
2017-05-25,992.43,993.57,994.86,991.07,754160000.0,0.08,991.97
2017-05-26,991.97,991.83,994.51,990.09,746370000.0,-0.05,991.87
2017-05-29,991.87,991.79,993.90,989.92,655450000.0,-0.01,991.49
2017-05-30,991.49,993.01,993.91,990.93,482850000.0,-0.04,986.08
2017-05-31,986.08,993.70,995.34,984.18,1120000000.0,-0.55,987.79
2017-06-01,987.79,986.69,989.64,984.64,1060000000.0,0.17,990.22
2017-06-02,990.22,989.31,992.51,988.30,807130000.0,0.25,988.36
2017-06-05,988.36,993.57,994.33,985.89,896330000.0,-0.19,990.04
2017-06-06,990.04,988.95,991.35,985.24,968970000.0,0.17,987.95
2017-06-07,987.95,990.88,992.82,987.44,789310000.0,-0.21,990.74
2017-06-08,990.74,988.68,991.81,985.51,845960000.0,0.28,987.52
2017-06-09,987.52,990.71,991.04,985.79,862280000.0,-0.33,984.87
2017-06-12,984.87,987.78,989.80,982.82,711620000.0,-0.27,991.24
2017-06-13,991.24,986.35,992.22,985.03,917440000.0,0.65,993.15
2017-06-14,993.15,991.66,994.72,989.09,715810000.0,0.19,989.58
2017-06-15,989.58,990.99,994.30,989.22,640640000.0,-0.36,992.10
2017-06-16,992.10,992.13,993.98,988.76,811460000.0,0.25,995.90
2017-06-19,995.90,994.29,997.72,993.74,763120000.0,0.38,994.52
2017-06-20,994.52,997.42,997.81,993.00,715560000.0,-0.14,992.70
2017-06-21,992.70,992.40,993.92,989.73,920840000.0,-0.18,994.96
2017-06-22,994.96,993.05,997.51,992.47,1170000000.0,0.23,996.26
2017-06-23,996.26,996.12,998.28,994.93,1230000000.0,0.13,997.44
2017-06-26,997.44,998.82,"1,000.62",995.63,1080000000.0,0.12,999.60
2017-06-27,999.60,999.46,"1,001.15",997.04,730310000.0,0.22,997.33
2017-06-28,997.33,999.26,"1,000.19",995.38,803630000.0,-0.23,995.10
2017-06-29,995.10,"1,000.46","1,003.26",993.77,1460000000.0,-0.22,994.35
2017-06-30,994.35,995.48,997.67,990.74,959300000.0,-0.08,999.16
2017-07-03,999.16,996.76,999.89,994.94,662810000.0,0.48,995.39
2017-07-04,995.39,"1,001.13","1,002.06",994.02,670820000.0,-0.38,996.08
2017-07-05,996.08,996.39,998.84,994.13,692740000.0,0.07,993.69
2017-07-06,993.69,995.93,996.57,988.89,986140000.0,-0.24,992.88
2017-07-07,992.88,992.02,993.79,989.29,714950000.0,-0.08,991.95
2017-07-11,991.95,993.13,994.60,988.87,924190000.0,-0.09,996.09
2017-07-12,996.09,995.16,998.97,992.48,1210000000.0,0.42,999.35
2017-07-13,999.35,"1,000.35","1,002.66",996.70,1040000000.0,0.33,999.30
2017-07-14,999.30,"1,000.55","1,001.46",996.01,682720000.0,-0.01,996.76
2017-07-17,996.76,"1,001.81","1,002.79",995.29,674980000.0,-0.25,996.25
2017-07-18,996.25,997.64,998.38,993.31,975740000.0,-0.05,"1,000.22"
2017-07-19,"1,000.22",998.65,"1,001.33",996.48,613170000.0,0.4,998.59
2017-07-20,998.59,"1,000.52","1,001.81",997.99,831860000.0,-0.16,998.19
2017-07-21,998.19,999.93,"1,001.36",997.35,1160000000.0,-0.04,"1,000.91"
2017-07-24,"1,000.91",998.74,"1,003.12",998.34,782730000.0,0.27,"1,005.53"
2017-07-25,"1,005.53","1,002.23","1,006.36","1,000.89",1220000000.0,0.46,"1,007.28"
2017-07-26,"1,007.28","1,006.47","1,009.21","1,005.18",945630000.0,0.17,"1,007.08"
2017-07-27,"1,007.08","1,008.35","1,008.75","1,004.22",707690000.0,-0.02,"1,003.96"
2017-07-31,"1,003.96","1,007.39","1,007.97",998.29,1030000000.0,-0.31,"1,002.77"
2017-08-01,"1,002.77","1,001.85","1,004.96",999.30,842530000.0,-0.12,"1,004.88"
2017-08-02,"1,004.88","1,005.83","1,006.72","1,002.59",905850000.0,0.21,"1,002.69"
2017-08-03,"1,002.69","1,004.50","1,006.96","1,002.24",588860000.0,-0.22,"1,002.19"
2017-08-04,"1,002.19","1,004.31","1,005.35","1,001.23",678830000.0,-0.05,999.79
2017-08-07,999.79,"1,002.16","1,003.20",998.38,661670000.0,-0.24,"1,002.40"
2017-08-08,"1,002.40","1,000.98","1,004.29",999.16,672710000.0,0.26,999.47
2017-08-09,999.47,"1,002.63","1,002.95",997.37,535940000.00000006,-0.29,"1,000.34"
2017-08-10,"1,000.34","1,000.01","1,001.73",996.20,615580000.0,0.09,995.06
2017-08-11,995.06,997.47,998.07,991.42,884070000.0,-0.53,999.16
2017-08-15,999.16,"1,000.08","1,002.91",997.60,762350000.0,0.41,998.51
2017-08-16,998.51,998.13,999.71,995.02,923590000.0,-0.07,997.78
2017-08-17,997.78,999.45,"1,000.25",995.82,1280000000.0,-0.07,996.70
2017-08-18,996.70,996.55,998.40,994.05,860090000.0,-0.11,999.27
2017-08-21,999.27,998.70,"1,001.06",997.36,724450000.0,0.26,"1,001.85"
2017-08-22,"1,001.85","1,000.97","1,003.14",999.13,778430000.0,0.26,"1,001.51"
2017-08-23,"1,001.51","1,003.10","1,004.21",998.78,661890000.0,-0.03,"1,003.56"
2017-08-24,"1,003.56","1,003.30","1,005.06","1,000.84",906790000.0,0.2,"1,003.17"
2017-08-25,"1,003.17","1,003.81","1,005.44",999.97,731330000.0,-0.04,"1,010.57"
2017-08-28,"1,010.57","1,006.23","1,013.78","1,004.60",1190000000.0,0.74,"1,034.76"
2017-08-29,"1,034.76","1,011.65","1,038.13","1,010.40",2360000000.0,2.39,"1,034.65"
2017-08-30,"1,034.65","1,037.19","1,044.36","1,032.32",1310000000.0,-0.01,"1,034.29"
2017-08-31,"1,034.29","1,031.96","1,034.38","1,028.29",1340000000.0,-0.03,"1,033.85"
2017-09-01,"1,033.85","1,037.25","1,038.85","1,032.48",728340000.0,-0.04,"1,033.90"
2017-09-04,"1,033.90","1,032.80","1,034.92","1,029.63",870350000.0,0.0,"1,033.79"
2017-09-05,"1,033.79","1,034.74","1,036.10","1,030.63",1110000000.0,-0.01,"1,033.92"
2017-09-06,"1,033.92","1,033.54","1,034.08","1,029.10",1310000000.0,0.01,"1,041.78"
2017-09-07,"1,041.78","1,035.33","1,043.04","1,033.59",1490000000.0,0.76,"1,046.26"
2017-09-08,"1,046.26","1,046.67","1,054.70","1,044.80",1740000000.0,0.43,"1,047.31"
2017-09-11,"1,047.31","1,046.99","1,051.51","1,044.95",1170000000.0,0.1,"1,050.24"
2017-09-12,"1,050.24","1,050.12","1,052.90","1,046.95",1130000000.0,0.28,"1,049.16"
2017-09-13,"1,049.16","1,052.59","1,055.76","1,047.62",1370000000.0,-0.1,"1,062.29"
2017-09-14,"1,062.29","1,051.39","1,064.66","1,049.53",1690000000.0,1.25,"1,064.27"
2017-09-15,"1,064.27","1,062.62","1,065.42","1,058.04",1420000000.0,0.19,"1,074.16"
2017-09-18,"1,074.16","1,066.64","1,079.83","1,066.17",2000000000.0,0.93,"1,075.89"
2017-09-19,"1,075.89","1,075.60","1,077.94","1,068.00",1640000000.0,0.16,"1,072.61"
2017-09-20,"1,072.61","1,074.21","1,076.71","1,067.81",1280000000.0,-0.3,"1,070.39"
2017-09-21,"1,070.39","1,072.55","1,075.99","1,069.83",834530000.0,-0.21,"1,061.16"
2017-09-22,"1,061.16","1,066.47","1,070.01","1,060.64",1330000000.0,-0.86,"1,067.41"
2017-09-25,"1,067.41","1,062.45","1,068.74","1,059.45",1040000000.0,0.59,"1,069.07"
2017-09-26,"1,069.07","1,070.36","1,073.28","1,067.41",1020000000.0,0.16,"1,070.45"
2017-09-27,"1,070.45","1,069.40","1,073.75","1,063.80",1270000000.0,0.13,"1,066.16"
2017-09-28,"1,066.16","1,071.61","1,073.23","1,061.07",1170000000.0,-0.4,"1,068.92"
2017-09-29,"1,068.92","1,065.98","1,072.06","1,063.62",1050000000.0,0.26,"1,081.51"
2017-10-02,"1,081.51","1,071.88","1,083.11","1,071.65",1280000000.0,1.18,"1,081.07"
2017-10-03,"1,081.07","1,083.51","1,084.35","1,077.81",935760000.0,-0.04,"1,077.26"
2017-10-04,"1,077.26","1,083.73","1,088.20","1,074.65",1500000000.0,-0.35,"1,077.91"
2017-10-05,"1,077.91","1,078.52","1,080.81","1,075.14",1200000000.0,0.06,"1,081.63"
2017-10-06,"1,081.63","1,082.07","1,085.89","1,079.69",1310000000.0,0.35,"1,079.82"
2017-10-09,"1,079.82","1,082.86","1,084.97","1,079.15",776380000.0,-0.17,"1,092.02"
2017-10-10,"1,092.02","1,081.33","1,093.50","1,076.70",1380000000.0,1.13,"1,096.64"
2017-10-11,"1,096.64","1,097.65","1,100.37","1,093.72",1380000000.0,0.42,"1,094.33"
2017-10-12,"1,094.33","1,099.16","1,100.66","1,091.87",1170000000.0,-0.21,"1,105.49"
2017-10-16,"1,105.49","1,100.18","1,107.12","1,099.44",1270000000.0,1.02,"1,104.72"
2017-10-17,"1,104.72","1,105.20","1,107.69","1,100.02",1630000000.0,-0.07,"1,092.55"
2017-10-18,"1,092.55","1,103.79","1,103.94","1,091.67",1180000000.0,-1.1,"1,074.37"
2017-10-19,"1,074.37","1,091.80","1,094.64","1,072.75",1480000000.0,-1.66,"1,079.07"
2017-10-20,"1,079.07","1,066.12","1,082.21","1,065.27",1500000000.0,0.44,"1,082.98"
2017-10-24,"1,082.98","1,080.11","1,087.10","1,077.81",788080000.0,0.36,"1,086.25"
2017-10-25,"1,086.25","1,087.59","1,089.75","1,083.73",768030000.0,0.3,"1,090.66"
2017-10-27,"1,090.66","1,088.22","1,096.06","1,087.91",886460000.0,0.41,"1,093.45"
2017-10-30,"1,093.45","1,093.21","1,097.20","1,081.64",1020000000.0,0.26,"1,094.74"
2017-10-31,"1,094.74","1,095.63","1,099.57","1,092.81",1060000000.0,0.12,"1,089.13"
2017-11-01,"1,089.13","1,099.65","1,100.46","1,088.31",1250000000.0,-0.51,"1,079.45"
2017-11-02,"1,079.45","1,089.24","1,090.02","1,079.41",1200000000.0,-0.89,"1,078.50"
2017-11-03,"1,078.50","1,083.00","1,083.40","1,076.09",1110000000.0,-0.09,"1,086.33"
2017-11-06,"1,086.33","1,079.68","1,087.00","1,073.89",1040000000.0,0.73,"1,087.89"
2017-11-07,"1,087.89","1,089.43","1,092.91","1,086.55",907880000.0,0.14,"1,089.02"
2017-11-08,"1,089.02","1,089.07","1,092.77","1,085.41",927120000.0,0.1,"1,081.52"
2017-11-09,"1,081.52","1,091.70","1,092.10","1,080.33",917620000.0,-0.69,"1,072.97"
2017-11-10,"1,072.97","1,081.15","1,082.88","1,072.31",986660000.0,-0.79,"1,072.23"
2017-11-13,"1,072.23","1,070.79","1,075.19","1,066.35",825330000.0,-0.07,"1,083.79"
2017-11-14,"1,083.79","1,074.56","1,085.88","1,071.21",827050000.0,1.08,"1,075.03"
2017-11-15,"1,075.03","1,081.88","1,082.88","1,073.46",1040000000.0,-0.81,"1,076.63"
2017-11-16,"1,076.63","1,076.94","1,081.46","1,076.38",1680000000.0,0.15,"1,089.23"
2017-11-17,"1,089.23","1,084.38","1,091.03","1,080.43",1060000000.0,1.17,"1,090.86"
2017-11-20,"1,090.86","1,092.98","1,094.73","1,089.87",734790000.0,0.15,"1,089.93"
2017-11-21,"1,089.93","1,092.91","1,094.59","1,086.96",1080000000.0,-0.09,"1,092.94"
2017-11-22,"1,092.94","1,093.87","1,099.45","1,091.50",896200000.0,0.28,"1,090.30"
2017-11-23,"1,090.30","1,095.19","1,096.91","1,089.57",1010000000.0,-0.24,"1,083.70"
2017-11-24,"1,083.70","1,089.36","1,092.14","1,080.15",1370000000.0,-0.61,"1,084.57"
2017-11-27,"1,084.57","1,081.72","1,085.57","1,078.19",761680000.0,0.08,"1,091.06"
2017-11-28,"1,091.06","1,084.40","1,091.06","1,083.93",953870000.0,0.6,"1,091.68"
2017-11-29,"1,091.68","1,093.12","1,098.11","1,090.30",1200000000.0,0.06,"1,085.86"
2017-11-30,"1,085.86","1,088.97","1,093.75","1,082.86",1170000000.0,-0.53,"1,089.24"
2017-12-01,"1,089.24","1,091.57","1,092.82","1,085.90",1110000000.0,0.31,"1,090.40"
2017-12-04,"1,090.40","1,093.58","1,094.79","1,086.33",695690000.0,0.11,"1,090.79"
2017-12-06,"1,090.79","1,088.21","1,091.26","1,082.71",904250000.0,0.04,"1,098.08"
2017-12-07,"1,098.08","1,090.44","1,098.08","1,087.66",899590000.0,0.67,"1,100.68"
2017-12-08,"1,100.68","1,100.24","1,105.04","1,097.44",945580000.0,0.24,"1,101.36"
2017-12-12,"1,101.36","1,103.00","1,104.83","1,098.70",739720000.0,0.06,"1,104.15"
2017-12-13,"1,104.15","1,102.69","1,106.29","1,100.85",836790000.0,0.25,"1,111.49"
2017-12-14,"1,111.49","1,105.79","1,111.55","1,103.71",827030000.0,0.66,"1,113.30"
2017-12-15,"1,113.30","1,110.35","1,113.55","1,106.92",1030000000.0,0.16,"1,117.82"
2017-12-18,"1,117.82","1,115.33","1,120.45","1,112.69",948640000.0,0.41,"1,122.30"
2017-12-19,"1,122.30","1,119.87","1,125.79","1,119.20",1300000000.0,0.4,"1,126.23"
2017-12-20,"1,126.23","1,122.98","1,127.37","1,118.73",1080000000.0,0.35,"1,124.57"
2017-12-21,"1,124.57","1,126.95","1,128.66","1,122.86",751380000.0,-0.15,"1,128.48"
2017-12-22,"1,128.48","1,126.11","1,130.42","1,123.05",873420000.0,0.35,"1,135.70"
2017-12-25,"1,135.70","1,130.90","1,137.99","1,129.61",772370000.0,0.64,"1,136.20"
2017-12-26,"1,136.20","1,135.62","1,137.88","1,129.15",758150000.0,0.04,"1,136.92"
2017-12-27,"1,136.92","1,139.49","1,145.14","1,135.76",832130000.0,0.06,"1,129.30"
2017-12-28,"1,129.30","1,139.05","1,140.04","1,123.40",1350000000.0,-0.67,"1,135.14"
2017-12-29,"1,135.14","1,133.14","1,136.54","1,130.55",896640000.0,0.52,"1,156.28"
2018-01-03,"1,156.28","1,139.70","1,157.16","1,138.20",2060000000.0,1.86,"1,167.29"
2018-01-04,"1,167.29","1,162.74","1,167.80","1,156.97",2109999999.9999998,0.95,"1,167.18"
2018-01-05,"1,167.18","1,169.49","1,173.90","1,163.09",1830000000.0,-0.01,"1,163.72"
2018-01-08,"1,163.72","1,168.99","1,179.54","1,163.72",1560000000.0,-0.3,"1,165.86"
2018-01-09,"1,165.86","1,164.60","1,167.95","1,156.48",1500000000.0,0.18,"1,164.68"
2018-01-10,"1,164.68","1,170.56","1,175.28","1,162.75",2250000000.0,-0.1,"1,170.56"
2018-01-11,"1,170.56","1,164.05","1,171.70","1,157.07",1550000000.0,0.5,"1,175.81"
2018-01-12,"1,175.81","1,176.10","1,181.54","1,174.80",1560000000.0,0.45,"1,188.44"
2018-01-15,"1,188.44","1,182.69","1,191.78","1,182.16",2020000000.0,1.07,"1,187.02"
2018-01-16,"1,187.02","1,194.16","1,195.19","1,184.83",1520000000.0,-0.12,"1,189.89"
2018-01-17,"1,189.89","1,184.66","1,190.65","1,181.69",1700000000.0,0.24,"1,182.70"
2018-01-18,"1,182.70","1,194.53","1,195.75","1,182.65",1830000000.0,-0.6,"1,183.60"
2018-01-19,"1,183.60","1,178.63","1,183.60","1,170.95",2000000000.0,0.08,"1,185.78"
2018-01-22,"1,185.78","1,182.14","1,189.08","1,178.78",1170000000.0,0.18,"1,192.74"
2018-01-23,"1,192.74","1,190.69","1,195.60","1,186.67",1830000000.0,0.59,"1,195.60"
2018-01-24,"1,195.60","1,191.27","1,197.75","1,189.01",1450000000.0,0.24,"1,181.56"
2018-01-25,"1,181.56","1,198.88","1,202.06","1,181.56",2089999999.9999998,-1.17,"1,189.45"
2018-01-26,"1,189.45","1,182.41","1,189.85","1,173.81",2009999999.9999998,0.67,"1,195.46"
2018-01-29,"1,195.46","1,194.95","1,197.76","1,190.74",1230000000.0,0.51,"1,186.17"
2018-01-30,"1,186.17","1,192.89","1,193.78","1,182.60",1510000000.0,-0.78,"1,186.16"
2018-01-31,"1,186.16","1,181.83","1,192.44","1,180.36",1380000000.0,0.0,"1,191.83"
2018-02-01,"1,191.83","1,191.58","1,194.61","1,188.21",1310000000.0,0.48,"1,188.12"
2018-02-02,"1,188.12","1,195.82","1,198.35","1,184.14",1530000000.0,-0.31,"1,175.46"
2018-02-05,"1,175.46","1,168.66","1,179.18","1,167.74",2700000000.0,-1.07,"1,161.67"
2018-02-06,"1,161.67","1,151.47","1,164.18","1,140.37",3030000000.0,-1.17,"1,159.01"
2018-02-07,"1,159.01","1,170.19","1,172.46","1,156.18",1630000000.0,-0.23,"1,156.96"
2018-02-08,"1,156.96","1,159.55","1,165.05","1,154.11",1210000000.0,-0.18,"1,154.71"
2018-02-09,"1,154.71","1,143.32","1,157.25","1,142.57",1360000000.0,-0.19,"1,163.81"
2018-02-12,"1,163.81","1,156.89","1,164.11","1,153.98",953430000.0,0.79,"1,164.95"
2018-02-13,"1,164.95","1,167.60","1,168.59","1,162.24",1220000000.0,0.1,"1,160.09"
2018-02-14,"1,160.09","1,169.04","1,169.87","1,159.98",1020000000.0,-0.42,"1,168.97"
2018-02-15,"1,168.97","1,166.48","1,170.00","1,161.26",711900000.0,0.77,"1,171.83"
2018-02-16,"1,171.83","1,171.85","1,174.72","1,169.23",644340000.0,0.24,"1,174.97"
2018-02-19,"1,174.97","1,176.50","1,181.30","1,174.15",954310000.0,0.27,"1,169.10"
2018-02-20,"1,169.10","1,176.10","1,178.52","1,168.80",882910000.0,-0.5,"1,173.75"
2018-02-21,"1,173.75","1,178.10","1,180.27","1,170.06",3040000000.0,0.4,"1,171.45"
2018-02-22,"1,171.45","1,174.35","1,181.76","1,170.21",1540000000.0,-0.2,"1,183.47"
2018-02-23,"1,183.47","1,175.55","1,184.93","1,171.66",1090000000.0,1.03,"1,206.31"
2018-02-26,"1,206.31","1,185.73","1,206.38","1,183.57",1350000000.0,1.93,"1,205.90"
2018-02-27,"1,205.90","1,212.54","1,223.67","1,205.80",2089999999.9999998,-0.03,"1,205.57"
2018-02-28,"1,205.57","1,204.59","1,214.22","1,201.77",1430000000.0,-0.03,"1,193.17"
2018-03-02,"1,193.17","1,197.88","1,201.62","1,188.45",1400000000.0,-1.03,"1,189.54"
2018-03-05,"1,189.54","1,192.54","1,195.81","1,176.61",1180000000.0,-0.3,"1,182.24"
2018-03-06,"1,182.24","1,190.99","1,196.52","1,179.96",1770000000.0,-0.61,"1,170.00"
2018-03-07,"1,170.00","1,180.04","1,181.08","1,168.85",1520000000.0,-1.04,"1,169.75"
2018-03-08,"1,169.75","1,173.54","1,182.05","1,164.22",1420000000.0,-0.02,"1,172.17"
2018-03-09,"1,172.17","1,175.16","1,176.50","1,162.09",1300000000.0,0.21,"1,190.66"
2018-03-12,"1,190.66","1,183.58","1,190.66","1,178.45",1660000000.0,1.58,"1,195.91"
2018-03-13,"1,195.91","1,187.79","1,196.00","1,184.30",1990000000.0,0.44,"1,195.41"
2018-03-14,"1,195.41","1,192.35","1,199.66","1,190.48",2020000000.0,-0.04,"1,195.26"
2018-03-15,"1,195.26","1,196.52","1,200.41","1,191.51",2049999999.9999998,-0.01,"1,192.49"
2018-03-16,"1,192.49","1,191.60","1,197.15","1,188.92",1470000000.0,-0.23,"1,184.63"
2018-03-19,"1,184.63","1,192.99","1,193.37","1,183.14",1200000000.0,-0.66,"1,183.87"
2018-03-20,"1,183.87","1,180.51","1,187.89","1,179.17",1160000000.0,-0.06,"1,183.00"
2018-03-21,"1,183.00","1,189.53","1,191.09","1,180.94",1280000000.0,-0.07,"1,182.23"
2018-03-22,"1,182.23","1,189.31","1,193.40","1,180.58",942120000.0,-0.07,"1,181.86"
2018-03-23,"1,181.86","1,169.67","1,181.86","1,168.81",980330000.0,-0.03,"1,187.86"
2018-03-26,"1,187.86","1,183.30","1,188.12","1,179.77",659280000.0,0.51,"1,188.10"
2018-03-27,"1,188.10","1,192.26","1,193.82","1,186.21",1350000000.0,0.02,"1,177.92"
2018-03-28,"1,177.92","1,186.23","1,190.44","1,175.21",1170000000.0,-0.86,"1,164.10"
2018-03-29,"1,164.10","1,176.58","1,180.63","1,156.01",2670000000.0,-1.17,"1,171.79"
2018-03-30,"1,171.79","1,169.93","1,173.48","1,155.88",1740000000.0,0.66,"1,175.24"
2018-04-02,"1,175.24","1,170.17","1,176.41","1,168.00",1060000000.0,0.29,"1,165.17"
2018-04-03,"1,165.17","1,168.17","1,174.10","1,163.11",1640000000.0,-0.86,"1,136.72"
2018-04-04,"1,136.72","1,166.24","1,170.25","1,136.63",2840000000.0,-2.44,"1,147.21"
2018-04-05,"1,147.21","1,144.85","1,149.65","1,136.17",1380000000.0,0.92,"1,159.00"
2018-04-09,"1,159.00","1,146.71","1,160.26","1,144.88",1300000000.0,1.03,"1,164.71"
2018-04-10,"1,164.71","1,163.28","1,166.33","1,153.66",1280000000.0,0.49,"1,164.07"
2018-04-11,"1,164.07","1,166.69","1,170.40","1,159.51",1130000000.0,-0.05,"1,166.38"
2018-04-12,"1,166.38","1,165.43","1,169.78","1,159.85",874480000.0,0.2,"1,157.32"
2018-04-17,"1,157.32","1,166.08","1,167.83","1,155.26",1100000000.0,-0.78,"1,170.16"
2018-04-18,"1,170.16","1,161.69","1,170.33","1,160.65",1340000000.0,1.11,"1,188.65"
2018-04-19,"1,188.65","1,174.94","1,188.87","1,173.69",1660000000.0,1.58,"1,194.87"
2018-04-20,"1,194.87","1,190.12","1,198.48","1,183.67",1900000000.0,0.52,"1,185.35"
2018-04-23,"1,185.35","1,194.25","1,198.11","1,184.94",1140000000.0,-0.8,"1,183.41"
2018-04-24,"1,183.41","1,190.19","1,196.94","1,180.11",1590000000.0,-0.16,"1,176.61"
2018-04-25,"1,176.61","1,177.38","1,182.74","1,170.91",1550000000.0,-0.57,"1,171.85"
2018-04-26,"1,171.85","1,176.92","1,181.37","1,168.90",1120000000.0,-0.4,"1,177.59"
2018-04-27,"1,177.59","1,175.37","1,177.59","1,167.44",1290000000.0,0.49,"1,177.02"
2018-04-30,"1,177.02","1,179.90","1,181.22","1,174.86",988430000.0,-0.05,"1,186.26"
2018-05-02,"1,186.26","1,174.72","1,186.26","1,170.47",1280000000.0,0.79,"1,184.62"
2018-05-03,"1,184.62","1,182.77","1,191.14","1,182.25",1330000000.0,-0.14,"1,175.71"
2018-05-04,"1,175.71","1,182.33","1,185.94","1,174.11",1660000000.0,-0.75,"1,176.49"
2018-05-07,"1,176.49","1,180.38","1,183.88","1,172.78",1320000000.0,0.07,"1,161.46"
2018-05-08,"1,161.46","1,177.05","1,178.09","1,157.97",1830000000.0,-1.28,"1,159.19"
2018-05-09,"1,159.19","1,162.18","1,164.17","1,154.82",1770000000.0,-0.2,"1,153.50"
2018-05-10,"1,153.50","1,163.51","1,164.44","1,151.19",1340000000.0,-0.49,"1,168.31"
2018-05-11,"1,168.31","1,155.09","1,168.31","1,151.94",1360000000.0,1.28,"1,172.57"
2018-05-14,"1,172.57","1,171.31","1,174.60","1,168.78",1450000000.0,0.36,"1,168.56"
2018-05-15,"1,168.56","1,172.79","1,174.17","1,162.58",1630000000.0,-0.34,"1,156.63"
2018-05-16,"1,156.63","1,161.43","1,164.55","1,154.17",1630000000.0,-1.02,"1,158.80"
2018-05-17,"1,158.80","1,158.06","1,164.17","1,153.25",2080000000.0,0.19,"1,161.26"
2018-05-18,"1,161.26","1,159.14","1,164.06","1,154.24",1630000000.0,0.21,"1,171.03"
2018-05-21,"1,171.03","1,166.79","1,173.65","1,164.67",1280000000.0,0.84,"1,165.04"
2018-05-22,"1,165.04","1,171.52","1,173.15","1,160.46",1320000000.0,-0.51,"1,156.18"
2018-05-23,"1,156.18","1,160.03","1,162.95","1,152.06",1480000000.0,-0.76,"1,139.91"
2018-05-24,"1,139.91","1,150.83","1,154.32","1,138.04",1580000000.0,-1.41,"1,147.49"
2018-05-25,"1,147.49","1,142.62","1,147.50","1,134.68",1400000000.0,0.66,"1,140.74"
2018-05-28,"1,140.74","1,142.83","1,144.45","1,137.24",1330000000.0,-0.59,"1,133.06"
2018-05-30,"1,133.06","1,126.45","1,134.81","1,122.97",1850000000.0,-0.67,"1,134.76"
2018-05-31,"1,134.76","1,137.35","1,142.40","1,131.22",2450000000.0,0.15,"1,129.66"
2018-06-01,"1,129.66","1,134.55","1,137.54","1,125.68",1280000000.0,-0.45,"1,131.82"
2018-06-04,"1,131.82","1,128.60","1,135.22","1,126.03",1130000000.0,0.19,"1,141.39"
2018-06-05,"1,141.39","1,132.72","1,143.14","1,124.83",2150000000.0,0.85,"1,145.95"
2018-06-06,"1,145.95","1,145.24","1,150.87","1,140.96",1520000000.0,0.4,"1,141.12"
2018-06-07,"1,141.12","1,149.52","1,152.40","1,141.12",1250000000.0,-0.42,"1,130.91"
2018-06-08,"1,130.91","1,143.70","1,143.87","1,130.76",1050000000.0,-0.89,"1,131.83"
2018-06-11,"1,131.83","1,132.23","1,135.66","1,125.64",786530000.0,0.08,"1,135.11"
2018-06-12,"1,135.11","1,133.80","1,142.11","1,132.71",1230000000.0,0.29,"1,128.55"
2018-06-13,"1,128.55","1,134.21","1,136.24","1,126.58",1160000000.0,-0.58,"1,121.70"
2018-06-14,"1,121.70","1,125.19","1,126.28","1,113.93",1310000000.0,-0.61,"1,117.85"
2018-06-15,"1,117.85","1,118.75","1,123.31","1,109.92",1510000000.0,-0.34,"1,100.25"
2018-06-18,"1,100.25","1,108.53","1,110.29","1,100.15",1170000000.0,-1.57,"1,071.96"
2018-06-19,"1,071.96","1,090.34","1,096.99","1,067.58",2320000000.0,-2.57,"1,090.62"
2018-06-20,"1,090.62","1,078.94","1,093.20","1,072.62",1530000000.0,1.74,"1,068.68"
2018-06-21,"1,068.68","1,090.03","1,091.31","1,064.13",1530000000.0,-2.01,"1,071.18"
2018-06-22,"1,071.18","1,075.98","1,081.65","1,065.54",1280000000.0,0.23,"1,061.68"
2018-06-25,"1,061.68","1,076.07","1,080.45","1,060.45",1070000000.0000001,-0.89,"1,065.20"
2018-06-26,"1,065.20","1,057.10","1,069.64","1,052.04",1290000000.0,0.33,"1,060.58"
2018-06-27,"1,060.58","1,071.28","1,076.15","1,057.06",1240000000.0,-0.43,"1,050.60"
2018-06-28,"1,050.60","1,064.31","1,066.65","1,050.50",1830000000.0,-0.94,"1,051.63"
2018-06-29,"1,051.63","1,054.99","1,059.81","1,043.32",1900000000.0,0.1,"1,058.12"
2018-07-02,"1,058.12","1,053.26","1,058.16","1,043.67",1260000000.0,0.62,"1,069.77"
2018-07-03,"1,069.77","1,056.91","1,071.32","1,052.26",1400000000.0,1.1,"1,073.20"
2018-07-04,"1,073.20","1,068.75","1,076.41","1,062.92",2210000000.0,0.32,"1,054.84"
2018-07-05,"1,054.84","1,071.10","1,072.89","1,051.51",2680000000.0,-1.71,"1,063.71"
2018-07-06,"1,063.71","1,052.82","1,067.59","1,043.87",2650000000.0,0.84,"1,069.83"
2018-07-09,"1,069.83","1,072.62","1,075.12","1,068.05",1380000000.0,0.58,"1,085.36"
2018-07-10,"1,085.36","1,074.74","1,085.52","1,064.19",1500000000.0,1.45,"1,078.82"
2018-07-11,"1,078.82","1,075.83","1,083.06","1,073.24",1010000000.0,-0.6,"1,079.87"
2018-07-12,"1,079.87","1,076.52","1,085.26","1,075.62",1210000000.0,0.1,"1,080.05"
2018-07-13,"1,080.05","1,082.95","1,085.97","1,077.31",1180000000.0,0.02,"1,069.04"
2018-07-16,"1,069.04","1,075.03","1,077.25","1,065.12",959210000.0,-1.02,"1,068.09"
2018-07-17,"1,068.09","1,066.12","1,072.15","1,060.52",1310000000.0,-0.09,"1,077.22"
2018-07-18,"1,077.22","1,073.82","1,078.83","1,071.59",1350000000.0,0.85,"1,084.85"
2018-07-19,"1,084.85","1,081.07","1,087.98","1,077.24",1190000000.0,0.71,"1,103.32"
2018-07-20,"1,103.32","1,088.29","1,106.20","1,085.53",2720000000.0,1.7,"1,107.43"
2018-07-23,"1,107.43","1,103.46","1,112.38","1,098.25",2029999999.9999998,0.37,"1,105.93"
2018-07-24,"1,105.93","1,114.04","1,116.02","1,101.40",2109999999.9999998,-0.14,"1,117.74"
2018-07-25,"1,117.74","1,108.65","1,122.56","1,108.46",1930000000.0,1.07,"1,126.25"
2018-07-26,"1,126.25","1,126.22","1,127.83","1,116.47",1560000000.0,0.76,"1,127.56"
2018-07-31,"1,127.56","1,127.71","1,132.39","1,121.62",1670000000.0,0.12,"1,143.46"
2018-08-01,"1,143.46","1,129.93","1,144.14","1,127.60",1610000000.0,1.41,"1,132.47"
2018-08-02,"1,132.47","1,138.35","1,140.17","1,125.52",1190000000.0,-0.96,"1,133.78"
2018-08-03,"1,133.78","1,131.77","1,137.32","1,129.92",994020000.0,0.12,"1,122.94"
2018-08-06,"1,122.94","1,138.23","1,140.76","1,121.11",1440000000.0,-0.96,"1,131.25"
2018-08-07,"1,131.25","1,126.42","1,134.54","1,119.29",1120000000.0,0.74,"1,141.69"
2018-08-08,"1,141.69","1,132.27","1,143.99","1,130.82",1430000000.0,0.92,"1,141.63"
2018-08-09,"1,141.63","1,142.39","1,147.45","1,137.46",956060000.0,-0.01,"1,128.62"
2018-08-10,"1,128.62","1,137.70","1,138.71","1,128.09",1180000000.0,-1.14,"1,122.32"
2018-08-14,"1,122.32","1,119.14","1,123.48","1,113.42",1370000000.0,-0.56,"1,107.78"
2018-08-15,"1,107.78","1,116.03","1,117.64","1,105.80",1760000000.0,-1.3,"1,110.87"
2018-08-16,"1,110.87","1,106.00","1,112.28","1,098.99",1510000000.0,0.28,"1,116.46"
2018-08-17,"1,116.46","1,116.23","1,121.17","1,115.30",1380000000.0,0.5,"1,125.61"
2018-08-20,"1,125.61","1,123.56","1,129.69","1,120.44",2330000000.0,0.82,"1,120.66"
2018-08-21,"1,120.66","1,127.36","1,131.78","1,116.15",1370000000.0,-0.44,"1,124.34"
2018-08-22,"1,124.34","1,122.40","1,131.04","1,121.55",1050000000.0,0.33,"1,129.73"
2018-08-23,"1,129.73","1,131.13","1,134.03","1,126.53",951850000.0,0.48,"1,128.03"
2018-08-24,"1,128.03","1,126.29","1,129.19","1,122.84",760740000.0,-0.15,"1,137.79"
2018-08-27,"1,137.79","1,132.83","1,138.57","1,131.75",1340000000.0,0.87,"1,139.30"
2018-08-28,"1,139.30","1,143.11","1,146.83","1,137.79",1220000000.0,0.13,"1,142.30"
2018-08-29,"1,142.30","1,141.67","1,143.11","1,136.38",895460000.0,0.26,"1,138.12"
2018-08-30,"1,138.12","1,144.90","1,147.31","1,138.12",1050000000.0,-0.37,"1,138.80"
2018-08-31,"1,138.80","1,132.84","1,139.54","1,131.43",1170000000.0,0.06,"1,137.68"
2018-09-03,"1,137.68","1,138.38","1,142.34","1,136.10",906970000.0,-0.1,"1,131.26"
2018-09-04,"1,131.26","1,138.28","1,140.22","1,130.75",1050000000.0,-0.56,"1,111.30"
2018-09-05,"1,111.30","1,126.34","1,129.10","1,110.87",1510000000.0,-1.76,"1,116.61"
2018-09-06,"1,116.61","1,110.48","1,116.75","1,104.03",1910000000.0,0.48,"1,112.49"
2018-09-07,"1,112.49","1,111.20","1,117.26","1,108.16",957790000.0,-0.37,"1,113.47"
2018-09-10,"1,113.47","1,110.12","1,114.39","1,105.08",772470000.0,0.09,"1,096.63"
2018-09-11,"1,096.63","1,112.48","1,115.91","1,096.63",1060000000.0,-1.51,"1,102.07"
2018-09-12,"1,102.07","1,095.82","1,103.71","1,090.92",1110000000.0,0.5,"1,133.44"
2018-09-13,"1,133.44","1,111.61","1,138.13","1,111.42",1720000000.0,2.85,"1,135.98"
2018-09-14,"1,135.98","1,138.42","1,141.17","1,132.12",1280000000.0,0.22,"1,131.92"
2018-09-17,"1,131.92","1,132.31","1,137.40","1,126.31",1010000000.0,-0.36,"1,151.59"
2018-09-18,"1,151.59","1,131.03","1,155.43","1,129.98",2089999999.9999998,1.74,"1,155.35"
2018-09-19,"1,155.35","1,155.11","1,165.88","1,153.00",4010000000.0,0.33,"1,157.31"
2018-09-20,"1,157.31","1,161.64","1,166.12","1,155.87",1640000000.0,0.17,"1,159.54"
2018-09-21,"1,159.54","1,162.05","1,166.78","1,156.80",1830000000.0,0.19,"1,154.60"
2018-09-24,"1,154.60","1,154.66","1,162.04","1,153.73",1100000000.0,-0.43,"1,156.18"
2018-09-25,"1,156.18","1,158.00","1,160.37","1,152.87",865900000.0,0.14,"1,155.61"
2018-09-26,"1,155.61","1,159.06","1,161.30","1,152.50",1150000000.0,-0.05,"1,158.54"
2018-09-27,"1,158.54","1,157.19","1,158.54","1,142.80",1700000000.0,0.25,"1,158.75"
2018-09-28,"1,158.75","1,161.48","1,162.14","1,154.35",1050000000.0,0.02,"1,161.24"
2018-10-01,"1,161.24","1,163.05","1,164.92","1,159.23",1050000000.0,0.21,"1,150.93"
2018-10-02,"1,150.93","1,158.74","1,162.26","1,149.16",1200000000.0,-0.89,"1,147.75"
2018-10-03,"1,147.75","1,154.87","1,157.21","1,147.27",1340000000.0,-0.28,"1,138.05"
2018-10-04,"1,138.05","1,143.00","1,146.75","1,132.09",1550000000.0,-0.85,"1,131.13"
2018-10-05,"1,131.13","1,135.22","1,140.11","1,129.85",885420000.0,-0.61,"1,115.02"
2018-10-08,"1,115.02","1,130.70","1,137.01","1,115.02",1410000000.0,-1.42,"1,116.48"
2018-10-09,"1,116.48","1,117.32","1,124.44","1,110.95",1080000000.0,0.13,"1,134.73"
2018-10-10,"1,134.73","1,125.64","1,134.73","1,124.23",920430000.0,1.63,"1,105.61"
2018-10-11,"1,105.61","1,103.11","1,110.43","1,099.01",1720000000.0,-2.57,"1,114.62"
2018-10-12,"1,114.62","1,111.56","1,117.60","1,109.04",791290000.0,0.81,"1,115.21"
2018-10-16,"1,115.21","1,114.96","1,118.47","1,108.29",723830000.0,0.05,"1,113.98"
2018-10-17,"1,113.98","1,123.35","1,125.15","1,113.98",1410000000.0,-0.11,"1,105.93"
2018-10-18,"1,105.93","1,111.43","1,113.87","1,104.14",945690000.0,-0.72,"1,096.19"
2018-10-19,"1,096.19","1,104.06","1,105.52","1,094.13",1110000000.0,-0.88,"1,093.15"
2018-10-22,"1,093.15","1,098.45","1,102.09","1,088.66",768600000.0,-0.28,"1,067.15"
2018-10-24,"1,067.15","1,079.90","1,085.50","1,064.51",1310000000.0,-2.38,"1,083.50"
2018-10-25,"1,083.50","1,055.03","1,085.99","1,048.41",1630000000.0,1.53,"1,070.25"
2018-10-26,"1,070.25","1,078.00","1,079.59","1,067.50",778500000.0,-1.22,"1,077.41"
2018-10-29,"1,077.41","1,073.71","1,084.31","1,072.17",724380000.0,0.67,"1,078.15"
2018-10-30,"1,078.15","1,078.67","1,084.03","1,074.89",626010000.0,0.07,"1,102.49"
2018-10-31,"1,102.49","1,087.42","1,102.65","1,085.63",994000000.0,2.26,"1,099.63"
2018-11-01,"1,099.63","1,104.04","1,105.41","1,093.79",1180000000.0,-0.26,"1,109.70"
2018-11-02,"1,109.70","1,104.61","1,114.36","1,101.74",1220000000.0,0.92,"1,102.09"
2018-11-05,"1,102.09","1,099.96","1,103.50","1,097.92",785460000.0,-0.69,"1,101.89"
2018-11-06,"1,101.89","1,107.50","1,113.19","1,101.79",859270000.0,-0.02,"1,108.12"
2018-11-07,"1,108.12","1,105.46","1,108.12","1,091.91",983290000.0,0.57,"1,112.57"
2018-11-08,"1,112.57","1,115.88","1,118.18","1,111.69",961500000.0,0.4,"1,102.77"
2018-11-09,"1,102.77","1,107.29","1,108.91","1,099.34",572010000.0,-0.88,"1,094.78"
2018-11-12,"1,094.78","1,106.38","1,106.97","1,094.46",545140000.0,-0.72,"1,099.57"
2018-11-13,"1,099.57","1,088.27","1,104.03","1,086.66",936110000.0,0.44,"1,094.08"
2018-11-14,"1,094.08","1,094.56","1,099.70","1,088.56",807170000.0,-0.5,"1,086.32"
2018-11-15,"1,086.32","1,097.56","1,098.60","1,085.00",792690000.0,-0.71,"1,084.54"
2018-11-16,"1,084.54","1,087.21","1,092.80","1,082.60",750400000.0,-0.16,"1,087.15"
2018-11-19,"1,087.15","1,084.17","1,089.91","1,081.45",550040000.0,0.24,"1,071.83"
2018-11-20,"1,071.83","1,083.81","1,084.09","1,069.75",780920000.0,-1.41,"1,074.39"
2018-11-21,"1,074.39","1,065.46","1,079.50","1,062.21",959730000.0,0.24,"1,065.48"
2018-11-22,"1,065.48","1,073.45","1,077.65","1,064.38",867670000.0,-0.83,"1,077.93"
2018-11-23,"1,077.93","1,067.38","1,079.60","1,061.59",766390000.0,1.17,"1,084.72"
2018-11-26,"1,084.72","1,077.64","1,086.33","1,073.48",694910000.0,0.63,"1,086.51"
2018-11-27,"1,086.51","1,083.63","1,088.92","1,081.36",681670000.0,0.17,"1,090.57"
2018-11-28,"1,090.57","1,088.35","1,094.17","1,087.37",742580000.0,0.37,"1,087.85"
2018-11-29,"1,087.85","1,095.18","1,098.90","1,086.38",724470000.0,-0.25,"1,091.55"
2018-11-30,"1,091.55","1,091.47","1,097.81","1,085.36",1010000000.0,0.34,"1,117.86"
2018-12-03,"1,117.86","1,108.31","1,120.70","1,106.31",1320000000.0,2.41,"1,118.59"
2018-12-04,"1,118.59","1,119.10","1,122.34","1,114.91",1130000000.0,0.07,"1,103.85"
2018-12-06,"1,103.85","1,102.95","1,107.87","1,100.21",843460000.0,-1.32,"1,099.57"
2018-12-07,"1,099.57","1,105.85","1,107.91","1,098.01",735010000.0,-0.39,"1,086.83"
2018-12-11,"1,086.83","1,097.24","1,098.18","1,086.31",981030000.0,-1.16,"1,089.20"
2018-12-12,"1,089.20","1,094.40","1,096.38","1,087.31",748840000.0,0.22,"1,074.20"
2018-12-13,"1,074.20","1,092.27","1,094.89","1,072.54",1040000000.0,-1.38,"1,071.65"
2018-12-14,"1,071.65","1,072.81","1,078.90","1,065.89",813060000.0,-0.24,"1,068.52"
2018-12-17,"1,068.52","1,074.95","1,077.35","1,062.04",880630000.0,-0.29,"1,055.76"
2018-12-18,"1,055.76","1,063.25","1,064.58","1,053.34",788220000.0,-1.19,"1,068.47"
2018-12-19,"1,068.47","1,055.13","1,069.24","1,050.87",1050000000.0,1.2,"1,066.22"
2018-12-20,"1,066.22","1,063.33","1,067.24","1,056.07",850400000.0,-0.21,"1,067.01"
2018-12-21,"1,067.01","1,061.00","1,072.02","1,058.47",1260000000.0,0.07,"1,064.26"
2018-12-24,"1,064.26","1,061.48","1,071.49","1,060.55",664080000.0,-0.26,"1,040.06"
2018-12-25,"1,040.06","1,052.17","1,052.51","1,038.19",771750000.0,-2.27,"1,040.71"
2018-12-26,"1,040.71","1,040.17","1,044.26","1,034.62",819010000.0,0.06,"1,033.81"
2018-12-27,"1,033.81","1,061.32","1,063.67","1,031.45",1220000000.0,-0.66,"1,044.92"
2018-12-28,"1,044.92","1,035.67","1,045.73","1,034.58",854130000.0,1.07,"1,046.71"
2019-01-02,"1,046.71","1,048.13","1,054.00","1,044.96",790070000.0,0.17,"1,041.49"
2019-01-03,"1,041.49","1,051.31","1,055.91","1,038.39",915780000.0,-0.5,"1,054.29"
2019-01-04,"1,054.29","1,041.26","1,055.23","1,034.66",1190000000.0,1.23,"1,066.99"
2019-01-07,"1,066.99","1,061.63","1,071.14","1,059.24",1110000000.0,1.2,"1,067.20"
2019-01-08,"1,067.20","1,067.45","1,070.39","1,062.44",797260000.0,0.02,"1,064.82"
2019-01-09,"1,064.82","1,075.28","1,079.45","1,061.87",1140000000.0,-0.22,"1,063.19"
2019-01-10,"1,063.19","1,064.02","1,071.57","1,055.49",1180000000.0,-0.15,"1,069.42"
2019-01-11,"1,069.42","1,065.76","1,069.69","1,061.51",1190000000.0,0.59,"1,058.27"
2019-01-14,"1,058.27","1,065.25","1,066.63","1,055.72",1080000000.0,-1.04,"1,054.01"
2019-01-15,"1,054.01","1,061.84","1,064.69","1,051.25",887580000.0,-0.4,"1,055.89"
2019-01-16,"1,055.89","1,057.36","1,060.81","1,046.53",1610000000.0,0.18,"1,057.92"
2019-01-17,"1,057.92","1,056.48","1,062.89","1,055.21",1230000000.0,0.19,"1,060.95"
2019-01-18,"1,060.95","1,061.31","1,063.91","1,055.68",1040000000.0,0.29,"1,064.57"
2019-01-21,"1,064.57","1,062.75","1,069.92","1,061.78",1030000000.0,0.34,"1,073.73"
2019-01-22,"1,073.73","1,063.51","1,073.73","1,061.95",1150000000.0,0.86,"1,082.61"
2019-01-23,"1,082.61","1,073.14","1,086.22","1,071.94",1580000000.0,0.83,"1,083.97"
2019-01-24,"1,083.97","1,083.45","1,090.12","1,079.47",1330000000.0,0.13,"1,086.11"
2019-01-25,"1,086.11","1,087.29","1,090.33","1,080.71",1420000000.0,0.2,"1,086.46"
2019-01-28,"1,086.46","1,088.97","1,093.38","1,083.69",1140000000.0,0.03,"1,086.30"
2019-01-29,"1,086.30","1,084.56","1,086.61","1,079.53",1300000000.0,-0.01,"1,091.05"
2019-01-30,"1,091.05","1,088.06","1,091.52","1,083.07",1060000000.0,0.44,"1,096.50"
2019-01-31,"1,096.50","1,096.80","1,102.66","1,095.96",1320000000.0,0.5,"1,102.22"
2019-02-01,"1,102.22","1,098.26","1,106.06","1,095.78",960430000.0,0.52,"1,102.57"
2019-02-04,"1,102.57","1,104.63","1,107.39","1,101.29",639230000.0,0.03,"1,102.66"
2019-02-05,"1,102.66","1,101.53","1,103.98","1,096.90",683930000.0,0.01,"1,105.74"
2019-02-06,"1,105.74","1,103.64","1,109.68","1,101.59",846400000.0,0.28,"1,102.30"
2019-02-07,"1,102.30","1,106.68","1,112.13","1,099.56",976980000.0,-0.31,"1,101.55"
2019-02-08,"1,101.55","1,098.67","1,106.75","1,091.30",1570000000.0,-0.07,"1,091.82"
2019-02-11,"1,091.82","1,095.63","1,098.66","1,088.21",873650000.0,-0.88,"1,093.16"
2019-02-12,"1,093.16","1,091.11","1,096.89","1,089.33",726710000.0,0.12,"1,103.01"
2019-02-13,"1,103.01","1,098.67","1,104.44","1,095.46",964370000.0,0.9,"1,100.41"
2019-02-14,"1,100.41","1,104.54","1,105.64","1,098.24",1260000000.0,-0.24,"1,089.39"
2019-02-15,"1,089.39","1,098.70","1,099.89","1,086.88",1250000000.0,-1.0,"1,088.97"
2019-02-18,"1,088.97","1,095.20","1,097.16","1,088.34",698350000.0,-0.04,"1,095.88"
2019-02-20,"1,095.88","1,091.06","1,097.31","1,087.61",1050000000.0,0.63,"1,096.79"
2019-02-21,"1,096.79","1,096.44","1,100.63","1,092.50",833570000.0,0.08,"1,105.88"
2019-02-22,"1,105.88","1,094.71","1,108.23","1,094.28",944830000.0,0.83,"1,114.72"
2019-02-25,"1,114.72","1,110.52","1,117.58","1,110.20",1260000000.0,0.8,"1,108.46"
2019-02-26,"1,108.46","1,109.60","1,114.26","1,106.71",1010000000.0,-0.56,"1,109.88"
2019-02-27,"1,109.88","1,108.48","1,112.52","1,105.61",1540000000.0,0.13,"1,099.30"
2019-02-28,"1,099.30","1,110.42","1,110.87","1,099.21",1230000000.0,-0.95,"1,091.76"
2019-03-01,"1,091.76","1,100.90","1,102.15","1,090.77",1580000000.0,-0.69,"1,087.22"
2019-03-04,"1,087.22","1,091.54","1,094.28","1,085.21",1080000000.0,-0.42,"1,089.38"
2019-03-05,"1,089.38","1,086.09","1,092.10","1,082.70",912210000.0,0.2,"1,078.65"
2019-03-06,"1,078.65","1,086.95","1,089.21","1,076.99",1040000000.0,-0.98,"1,084.58"
2019-03-07,"1,084.58","1,078.38","1,087.60","1,077.19",841040000.0,0.55,"1,082.08"
2019-03-08,"1,082.08","1,083.28","1,087.94","1,078.39",749210000.0,-0.23,"1,079.36"
2019-03-11,"1,079.36","1,084.82","1,087.29","1,077.99",591350000.0,-0.25,"1,079.46"
2019-03-12,"1,079.46","1,082.75","1,084.82","1,077.43",1260000000.0,0.01,"1,089.10"
2019-03-13,"1,089.10","1,078.20","1,089.10","1,075.67",1030000000.0,0.89,"1,087.12"
2019-03-14,"1,087.12","1,091.11","1,092.14","1,085.83",856370000.0,-0.18,"1,080.01"
2019-03-15,"1,080.01","1,087.68","1,089.48","1,079.72",1000000000.0,-0.65,"1,074.63"
2019-03-18,"1,074.63","1,082.45","1,083.96","1,070.63",920410000.0,-0.5,"1,084.30"
2019-03-19,"1,084.30","1,074.91","1,086.93","1,074.15",721880000.0,0.9,"1,081.97"
2019-03-20,"1,081.97","1,085.18","1,088.68","1,081.30",844330000.0,-0.21,"1,087.41"
2019-03-21,"1,087.41","1,085.73","1,092.41","1,085.30",954440000.0,0.5,"1,098.85"
2019-03-22,"1,098.85","1,089.77","1,099.31","1,087.54",1020000000.0,1.05,"1,083.05"
2019-03-25,"1,083.05","1,087.35","1,091.73","1,076.70",1010000000.0,-1.44,"1,088.47"
2019-03-26,"1,088.47","1,083.40","1,090.34","1,080.50",882930000.0,0.5,"1,085.46"
2019-03-27,"1,085.46","1,087.86","1,089.86","1,080.41",739850000.0,-0.28,"1,088.36"
2019-03-28,"1,088.36","1,082.11","1,091.44","1,081.27",899800000.0,0.27,"1,090.94"
2019-03-29,"1,090.94","1,092.50","1,095.49","1,087.75",731050000.0,0.24,"1,095.08"
2019-04-01,"1,095.08","1,095.81","1,100.65","1,094.29",1070000000.0000001,0.38,"1,100.22"
2019-04-02,"1,100.22","1,099.87","1,103.24","1,096.85",824960000.0,0.47,"1,098.51"
2019-04-03,"1,098.51","1,101.29","1,102.19","1,095.17",1060000000.0,-0.16,"1,094.76"
2019-04-04,"1,094.76","1,098.39","1,099.27","1,090.64",787680000.0,-0.34,"1,096.13"
2019-04-05,"1,096.13","1,095.86","1,099.59","1,093.14",694000000.0,0.13,"1,105.37"
2019-04-09,"1,105.37","1,099.88","1,107.62","1,097.82",859000000.0,0.84,"1,108.81"
2019-04-10,"1,108.81","1,106.61","1,111.38","1,105.40",1140000000.0,0.31,"1,105.48"
2019-04-11,"1,105.48","1,107.78","1,108.78","1,103.44",1200000000.0,-0.3,"1,105.42"
2019-04-12,"1,105.42","1,104.12","1,107.26","1,100.85",929840000.0,-0.01,"1,112.52"
2019-04-17,"1,112.52","1,108.99","1,116.23","1,107.05",1080000000.0,0.64,"1,114.04"
2019-04-18,"1,114.04","1,113.60","1,116.32","1,108.10",1090000000.0,0.14,"1,113.14"
2019-04-19,"1,113.14","1,113.56","1,117.38","1,110.82",727340000.0,-0.08,"1,113.03"
2019-04-22,"1,113.03","1,115.90","1,121.14","1,113.03",985840000.0,-0.01,"1,111.33"
2019-04-23,"1,111.33","1,113.99","1,117.15","1,110.61",872310000.0,-0.15,"1,113.76"
2019-04-24,"1,113.76","1,114.28","1,116.50","1,109.29",925830000.0,0.22,"1,112.93"
2019-04-25,"1,112.93","1,113.17","1,116.96","1,110.86",630770000.0,-0.07,"1,107.88"
2019-04-26,"1,107.88","1,112.74","1,113.63","1,104.35",853180000.0,-0.45,"1,106.62"
2019-04-29,"1,106.62","1,106.03","1,108.96","1,103.42",1050000000.0,-0.11,"1,112.39"
2019-04-30,"1,112.39","1,107.22","1,114.83","1,106.88",935990000.0,0.52,"1,116.30"
2019-05-02,"1,116.30","1,115.35","1,119.20","1,114.16",845380000.0,0.35,"1,116.18"
2019-05-03,"1,116.18","1,113.68","1,118.65","1,113.14",892940000.0,-0.01,"1,108.83"
2019-05-07,"1,108.83","1,109.09","1,113.37","1,105.92",1180000000.0,-0.66,"1,098.65"
2019-05-08,"1,098.65","1,103.34","1,104.89","1,096.63",1550000000.0,-0.92,"1,092.97"
2019-05-09,"1,092.97","1,098.06","1,103.02","1,092.17",1010000000.0,-0.52,"1,095.38"
2019-05-10,"1,095.38","1,099.23","1,100.90","1,088.38",1000000000.0,0.22,"1,090.33"
2019-05-13,"1,090.33","1,095.02","1,097.70","1,085.68",1120000000.0,-0.46,"1,086.59"
2019-05-14,"1,086.59","1,084.42","1,090.67","1,083.06",1460000000.0,-0.34,"1,078.60"
2019-05-15,"1,078.60","1,088.71","1,091.29","1,078.60",1140000000.0,-0.74,"1,073.25"
2019-05-16,"1,073.25","1,080.09","1,082.52","1,067.37",1300000000.0,-0.5,"1,068.45"
2019-05-17,"1,068.45","1,076.63","1,079.39","1,067.11",961260000.0,-0.45,"1,071.60"
2019-05-21,"1,071.60","1,069.54","1,076.75","1,065.17",1150000000.0,0.29,"1,083.04"
2019-05-22,"1,083.04","1,076.35","1,084.22","1,076.22",963760000.0,1.07,"1,070.49"
2019-05-23,"1,070.49","1,079.21","1,082.57","1,069.03",1010000000.0,-1.16,"1,072.13"
2019-05-24,"1,072.13","1,065.77","1,075.63","1,061.58",1180000000.0,0.15,"1,078.98"
2019-05-27,"1,078.98","1,075.76","1,082.64","1,070.97",1000000000.0,0.64,"1,084.58"
2019-05-28,"1,084.58","1,081.99","1,085.97","1,074.68",4219999999.9999995,0.52,"1,074.89"
2019-05-29,"1,074.89","1,084.46","1,085.27","1,073.94",993650000.0,-0.89,"1,076.85"
2019-05-30,"1,076.85","1,074.92","1,082.52","1,074.34",762650000.0,0.18,"1,074.87"
2019-05-31,"1,074.87","1,075.79","1,081.32","1,068.07",1040000000.0,-0.18,"1,088.03"
2019-06-04,"1,088.03","1,078.64","1,090.70","1,076.83",1350000000.0,1.22,"1,095.47"
2019-06-05,"1,095.47","1,095.81","1,098.76","1,091.34",1270000000.0,0.68,"1,097.14"
2019-06-06,"1,097.14","1,095.07","1,099.20","1,090.42",950280000.0,0.15,"1,095.52"
2019-06-07,"1,095.52","1,099.81","1,100.88","1,093.35",642840000.0,-0.15,"1,103.29"
2019-06-10,"1,103.29","1,101.87","1,105.70","1,101.00",932330000.0,0.71,"1,108.53"
2019-06-11,"1,108.53","1,104.75","1,112.21","1,101.76",1200000000.0,0.47,"1,108.20"
2019-06-12,"1,108.20","1,107.08","1,109.40","1,103.78",1160000000.0,-0.03,"1,109.23"
2019-06-13,"1,109.23","1,106.55","1,111.42","1,101.08",1330000000.0,0.09,"1,107.36"
2019-06-14,"1,107.36","1,108.14","1,110.51","1,103.08",1320000000.0,-0.17,"1,103.64"
2019-06-17,"1,103.64","1,108.37","1,112.02","1,103.20",1900000000.0,-0.34,"1,117.49"
2019-06-18,"1,117.49","1,103.10","1,117.74","1,101.70",1400000000.0,1.25,"1,135.23"
2019-06-19,"1,135.23","1,125.76","1,140.20","1,123.18",2280000000.0,1.59,"1,144.64"
2019-06-20,"1,144.64","1,139.15","1,148.56","1,135.93",1840000000.0,0.83,"1,142.46"
2019-06-21,"1,142.46","1,147.97","1,152.44","1,140.21",2109999999.9999998,-0.19,"1,141.98"
2019-06-24,"1,141.98","1,146.84","1,148.18","1,139.73",1140000000.0,-0.04,"1,145.73"
2019-06-25,"1,145.73","1,141.48","1,149.38","1,135.08",1570000000.0,0.33,"1,145.17"
2019-06-26,"1,145.17","1,141.80","1,146.91","1,139.77",1250000000.0,-0.05,"1,152.36"
2019-06-27,"1,152.36","1,148.90","1,155.69","1,147.71",1180000000.0,0.63,"1,150.85"
2019-06-28,"1,150.85","1,152.10","1,155.09","1,149.82",1310000000.0,-0.13,"1,159.79"
2019-07-01,"1,159.79","1,162.32","1,164.72","1,158.28",1380000000.0,0.78,"1,152.63"
2019-07-02,"1,152.63","1,157.02","1,160.16","1,150.52",1220000000.0,-0.62,"1,154.77"
2019-07-03,"1,154.77","1,153.27","1,158.18","1,149.73",1240000000.0,0.19,"1,144.08"
2019-07-04,"1,144.08","1,156.88","1,161.21","1,137.41",1890000000.0,-0.93,"1,148.28"
2019-07-05,"1,148.28","1,144.47","1,149.17","1,140.05",1130000000.0,0.37,"1,145.56"
2019-07-08,"1,145.56","1,144.61","1,148.53","1,140.27",1080000000.0,-0.24,"1,136.68"
2019-07-09,"1,136.68","1,142.44","1,146.49","1,136.56",1380000000.0,-0.78,"1,151.09"
2019-07-10,"1,151.09","1,140.75","1,153.02","1,138.06",1740000000.0,1.27,"1,150.20"
2019-07-11,"1,150.20","1,155.86","1,157.57","1,148.28",1870000000.0,-0.08,"1,143.08"
2019-07-12,"1,143.08","1,153.51","1,154.76","1,140.54",1800000000.0,-0.62,"1,142.60"
2019-07-15,"1,142.60","1,144.34","1,149.35","1,140.69",1190000000.0,-0.04,"1,138.76"
2019-07-17,"1,138.76","1,140.72","1,144.84","1,137.97",1260000000.0,-0.34,"1,140.37"
2019-07-18,"1,140.37","1,135.95","1,142.74","1,135.51",1040000000.0,0.14,"1,147.90"
2019-07-19,"1,147.90","1,149.21","1,150.79","1,145.27",1310000000.0,0.66,"1,140.67"
2019-07-22,"1,140.67","1,145.21","1,147.59","1,137.71",1480000000.0,-0.63,"1,139.56"
2019-07-23,"1,139.56","1,143.01","1,144.44","1,135.51",1470000000.0,-0.1,"1,138.31"
2019-07-24,"1,138.31","1,141.43","1,143.30","1,134.60",930090000.0,-0.11,"1,141.45"
2019-07-25,"1,141.45","1,139.65","1,143.38","1,137.59",1070000000.0000001,0.28,"1,131.41"
2019-07-26,"1,131.41","1,139.82","1,140.47","1,129.02",1060000000.0,-0.88,"1,126.43"
2019-07-30,"1,126.43","1,132.37","1,135.14","1,124.38",1050000000.0,-0.44,"1,130.92"
2019-07-31,"1,130.92","1,124.85","1,134.54","1,123.89",932500000.0,0.4,"1,124.54"
2019-08-01,"1,124.54","1,126.28","1,128.70","1,120.73",951750000.0,-0.56,"1,113.17"
2019-08-02,"1,113.17","1,110.65","1,115.31","1,103.58",1660000000.0,-1.01,"1,098.46"
2019-08-05,"1,098.46","1,105.37","1,111.18","1,097.85",1010000000.0,-1.32,"1,102.31"
2019-08-06,"1,102.31","1,089.84","1,105.45","1,086.45",1590000000.0,0.35,"1,100.80"
2019-08-07,"1,100.80","1,103.29","1,110.41","1,098.14",1900000000.0,-0.14,"1,096.27"
2019-08-08,"1,096.27","1,101.40","1,103.29","1,092.76",1190000000.0,-0.41,"1,087.14"
2019-08-09,"1,087.14","1,101.82","1,104.56","1,086.32",1330000000.0,-0.83,"1,065.58"
2019-08-13,"1,065.58","1,081.21","1,082.92","1,064.44",1540000000.0,-1.98,"1,065.92"
2019-08-14,"1,065.92","1,076.52","1,081.74","1,059.91",1520000000.0,0.03,"1,056.32"
2019-08-15,"1,056.32","1,055.51","1,065.21","1,046.62",2140000000.0000002,-0.9,"1,075.84"
2019-08-16,"1,075.84","1,059.72","1,077.62","1,056.89",1400000000.0,1.85,"1,079.75"
2019-08-19,"1,079.75","1,081.66","1,084.91","1,076.71",1390000000.0,0.36,"1,070.23"
2019-08-20,"1,070.23","1,083.71","1,084.26","1,067.35",1230000000.0,-0.88,"1,080.46"
2019-08-21,"1,080.46","1,072.95","1,084.69","1,068.52",1050000000.0,0.96,"1,077.88"
2019-08-22,"1,077.88","1,071.78","1,080.68","1,070.94",1450000000.0,-0.24,"1,088.69"
2019-08-23,"1,088.69","1,081.42","1,088.90","1,079.87",1190000000.0,1.0,"1,071.74"
2019-08-26,"1,071.74","1,069.03","1,073.10","1,060.50",1520000000.0,-1.56,"1,065.29"
2019-08-27,"1,065.29","1,072.86","1,077.08","1,062.02",1840000000.0,-0.6,"1,066.21"
2019-08-28,"1,066.21","1,068.05","1,071.99","1,064.53",1060000000.0,0.09,"1,083.32"
2019-08-29,"1,083.32","1,069.89","1,083.57","1,068.52",1460000000.0,1.6,"1,096.47"
2019-08-30,"1,096.47","1,089.45","1,096.47","1,085.56",1380000000.0,1.21,"1,095.04"
2019-09-02,"1,095.04","1,092.95","1,099.18","1,088.88",1150000000.0,-0.13,"1,085.80"
2019-09-03,"1,085.80","1,097.42","1,099.63","1,085.80",1150000000.0,-0.84,"1,099.93"
2019-09-04,"1,099.93","1,092.64","1,104.83","1,089.86",1330000000.0,1.3,"1,108.91"
2019-09-05,"1,108.91","1,109.50","1,112.00","1,103.70",1280000000.0,0.82,"1,109.20"
2019-09-06,"1,109.20","1,114.82","1,116.11","1,106.88",1020000000.0,0.03,"1,110.57"
2019-09-09,"1,110.57","1,111.17","1,114.24","1,106.01",1210000000.0,0.12,"1,107.41"
2019-09-10,"1,107.41","1,114.05","1,115.85","1,104.27",1330000000.0,-0.28,"1,115.39"
2019-09-11,"1,115.39","1,110.44","1,115.91","1,104.78",1820000000.0,0.72,"1,103.91"
2019-09-12,"1,103.91","1,118.36","1,118.99","1,102.25",1600000000.0,-1.03,"1,103.67"
2019-09-13,"1,103.67","1,106.12","1,107.85","1,098.89",1210000000.0,-0.02,"1,106.03"
2019-09-16,"1,106.03","1,107.85","1,109.68","1,101.18",1190000000.0,0.21,"1,107.82"
2019-09-17,"1,107.82","1,104.87","1,113.26","1,103.19",1570000000.0,0.16,"1,100.54"
2019-09-18,"1,100.54","1,107.30","1,108.43","1,097.22",1330000000.0,-0.66,"1,090.34"
2019-09-19,"1,090.34","1,102.35","1,106.01","1,087.93",1520000000.0,-0.93,"1,089.04"
2019-09-20,"1,089.04","1,090.31","1,093.41","1,080.92",1660000000.0,-0.12,"1,078.65"
2019-09-23,"1,078.65","1,088.04","1,088.74","1,077.05",1110000000.0,-0.95,"1,084.56"
2019-09-24,"1,084.56","1,079.08","1,087.73","1,078.29",1590000000.0,0.55,"1,081.53"
2019-09-25,"1,081.53","1,079.40","1,084.22","1,077.05",1330000000.0,-0.28,"1,088.50"
2019-09-26,"1,088.50","1,086.04","1,089.88","1,083.09",1300000000.0,0.64,"1,094.73"
2019-09-27,"1,094.73","1,088.01","1,099.45","1,083.30",1090000000.0,0.57,"1,090.31"
2019-09-30,"1,090.31","1,093.95","1,096.00","1,086.86",896470000.0,-0.4,"1,080.07"
2019-10-01,"1,080.07","1,090.54","1,091.90","1,079.20",716770000.0,-0.94,"1,072.27"
2019-10-02,"1,072.27","1,075.27","1,076.60","1,068.03",836630000.0,-0.72,"1,070.62"
2019-10-03,"1,070.62","1,066.55","1,074.10","1,065.55",773220000.0,-0.15,"1,067.75"
2019-10-04,"1,067.75","1,072.57","1,074.11","1,065.65",840770000.0,-0.27,"1,074.00"
2019-10-07,"1,074.00","1,072.78","1,076.66","1,069.14",858640000.0,0.59,"1,071.95"
2019-10-08,"1,071.95","1,079.41","1,081.86","1,070.10",796420000.0,-0.19,"1,076.56"
2019-10-09,"1,076.56","1,071.29","1,078.10","1,066.68",869370000.0,0.43,"1,067.54"
2019-10-10,"1,067.54","1,073.96","1,075.22","1,067.46",879360000.0,-0.84,"1,083.77"
2019-10-11,"1,083.77","1,073.15","1,085.12","1,072.81",1190000000.0,1.52,"1,085.38"
2019-10-15,"1,085.38","1,087.31","1,089.67","1,080.62",963070000.0,0.15,"1,091.29"
2019-10-16,"1,091.29","1,087.84","1,093.41","1,086.72",1590000000.0,0.54,"1,090.67"
2019-10-17,"1,090.67","1,095.38","1,096.38","1,087.74",1700000000.0,-0.06,"1,089.28"
2019-10-18,"1,089.28","1,091.65","1,094.74","1,083.01",1810000000.0,-0.13,"1,081.38"
2019-10-21,"1,081.38","1,088.23","1,089.41","1,079.80",1320000000.0,-0.73,"1,089.35"
2019-10-22,"1,089.35","1,084.66","1,090.19","1,084.06",1040000000.0,0.74,"1,083.43"
2019-10-24,"1,083.43","1,093.33","1,094.66","1,080.29",1540000000.0,-0.54,"1,066.34"
2019-10-25,"1,066.34","1,083.17","1,085.02","1,065.08",1610000000.0,-1.58,"1,070.68"
2019-10-28,"1,070.68","1,066.17","1,073.49","1,057.94",1200000000.0,0.41,"1,066.48"
2019-10-29,"1,066.48","1,074.50","1,077.29","1,064.36",1180000000.0,-0.39,"1,075.91"
2019-10-30,"1,075.91","1,069.02","1,075.91","1,064.61",1450000000.0,0.88,"1,073.26"
2019-10-31,"1,073.26","1,079.82","1,081.76","1,072.74",1380000000.0,-0.25,"1,068.71"
2019-11-01,"1,068.71","1,072.65","1,075.43","1,065.93",979380000.0,-0.42,"1,092.58"
2019-11-04,"1,092.58","1,076.72","1,095.29","1,075.76",1220000000.0,2.23,"1,096.79"
2019-11-05,"1,096.79","1,097.78","1,098.66","1,089.13",1300000000.0,0.39,"1,093.50"
2019-11-06,"1,093.50","1,096.32","1,099.82","1,091.50",1420000000.0,-0.3,"1,106.15"
2019-11-07,"1,106.15","1,092.68","1,106.64","1,089.14",1430000000.0,1.16,"1,103.55"
2019-11-08,"1,103.55","1,105.85","1,107.13","1,100.39",1360000000.0,-0.24,"1,092.69"
2019-11-11,"1,092.69","1,098.91","1,100.60","1,089.82",1530000000.0,-0.98,"1,095.68"
2019-11-12,"1,095.68","1,095.28","1,101.81","1,092.64",992150000.0,0.27,"1,088.37"
2019-11-13,"1,088.37","1,091.90","1,097.07","1,084.58",916220000.0,-0.67,"1,085.44"
2019-11-14,"1,085.44","1,089.47","1,092.62","1,081.89",1040000000.0,-0.27,"1,081.78"
2019-11-15,"1,081.78","1,088.21","1,089.77","1,076.17",1680000000.0,-0.34,"1,085.81"
2019-11-18,"1,085.81","1,084.34","1,088.15","1,077.73",1280000000.0,0.37,"1,084.27"
2019-11-19,"1,084.27","1,083.42","1,086.89","1,078.58",1360000000.0,-0.14,"1,075.77"
2019-11-20,"1,075.77","1,077.33","1,080.51","1,074.20",1630000000.0,-0.78,"1,073.10"
2019-11-21,"1,073.10","1,074.03","1,075.35","1,066.41",1780000000.0,-0.25,"1,077.51"
2019-11-22,"1,077.51","1,075.47","1,079.03","1,071.86",1360000000.0,0.41,"1,089.67"
2019-11-25,"1,089.67","1,081.87","1,089.67","1,079.97",1730000000.0,1.13,"1,083.70"
2019-11-26,"1,083.70","1,092.29","1,094.05","1,082.99",3020000000.0,-0.55,"1,084.13"
2019-11-27,"1,084.13","1,085.52","1,087.82","1,081.31",2020000000.0,0.04,"1,077.30"
2019-11-28,"1,077.30","1,083.92","1,085.02","1,074.97",1620000000.0,-0.63,"1,070.23"
2019-11-29,"1,070.23","1,073.66","1,073.93","1,062.23",1590000000.0,-0.66,"1,054.88"
2019-12-02,"1,054.88","1,068.96","1,069.60","1,051.89",1140000000.0,-1.43,"1,054.28"
2019-12-03,"1,054.28","1,049.45","1,058.44","1,048.25",1350000000.0,-0.06,"1,053.40"
2019-12-04,"1,053.40","1,049.74","1,056.88","1,045.39",1650000000.0,-0.08,"1,048.76"
2019-12-06,"1,048.76","1,057.54","1,061.04","1,047.89",1150000000.0,-0.44,"1,047.02"
2019-12-09,"1,047.02","1,049.48","1,049.56","1,041.28",1290000000.0,-0.17,"1,048.85"
2019-12-11,"1,048.85","1,049.20","1,052.84","1,043.54",1560000000.0,0.17,"1,057.87"
2019-12-12,"1,057.87","1,054.20","1,062.31","1,051.95",1590000000.0,0.86,"1,066.63"
2019-12-13,"1,066.63","1,069.18","1,072.76","1,062.63",1620000000.0,0.83,"1,048.08"
2019-12-16,"1,048.08","1,065.46","1,066.21","1,048.08",969060000.0,-1.74,"1,049.84"
2019-12-17,"1,049.84","1,049.57","1,054.45","1,043.16",1430000000.0,0.17,"1,062.62"
2019-12-18,"1,062.62","1,055.62","1,064.39","1,054.99",1380000000.0,1.22,"1,068.39"
2019-12-19,"1,068.39","1,057.78","1,071.73","1,052.51",2770000000.0,0.54,"1,067.62"
2019-12-20,"1,067.62","1,067.24","1,070.42","1,061.71",1750000000.0,-0.07,"1,069.53"
2019-12-23,"1,069.53","1,069.11","1,075.29","1,067.13",1420000000.0,0.18,"1,065.23"
2019-12-24,"1,065.23","1,070.38","1,071.83","1,063.74",1270000000.0,-0.4,"1,067.99"
2019-12-25,"1,067.99","1,062.79","1,069.60","1,061.32",591910000.0,0.26,"1,070.74"
2019-12-26,"1,070.74","1,068.57","1,071.84","1,066.53",752040000.0,0.26,"1,068.72"
2019-12-27,"1,068.72","1,074.67","1,077.51","1,059.21",1030000000.0,-0.19,"1,068.50"
2019-12-30,"1,068.50","1,071.21","1,072.95","1,066.34",778800000.0,-0.02,"1,081.00"
2020-01-02,"1,081.00","1,072.36","1,083.41","1,071.16",1750000000.0,1.17,"1,079.50"
2020-01-03,"1,079.50","1,081.12","1,086.71","1,077.32",1480000000.0,-0.14,"1,063.83"
2020-01-06,"1,063.83","1,072.49","1,074.50","1,061.17",2029999999.9999998,-1.45,"1,075.07"
2020-01-07,"1,075.07","1,071.20","1,075.20","1,062.78",1580000000.0,1.06,"1,057.19"
2020-01-08,"1,057.19","1,063.94","1,066.77","1,054.24",1970000000.0,-1.66,"1,071.15"
2020-01-09,"1,071.15","1,066.38","1,073.19","1,061.88",1780000000.0,1.32,"1,071.03"
2020-01-10,"1,071.03","1,073.46","1,074.07","1,065.68",1230000000.0,-0.01,"1,074.25"
2020-01-13,"1,074.25","1,075.44","1,077.54","1,068.69",1140000000.0,0.3,"1,074.04"
2020-01-14,"1,074.04","1,076.57","1,078.39","1,067.77",1280000000.0,-0.02,"1,067.66"
2020-01-15,"1,067.66","1,069.78","1,073.38","1,063.70",1270000000.0,-0.59,"1,078.87"
2020-01-16,"1,078.87","1,068.58","1,080.94","1,067.44",1340000000.0,1.05,"1,081.22"
2020-01-17,"1,081.22","1,081.83","1,084.23","1,078.16",1360000000.0,0.22,"1,071.80"
2020-01-20,"1,071.80","1,077.28","1,078.48","1,069.72",1460000000.0,-0.87,"1,062.26"
2020-01-21,"1,062.26","1,066.66","1,070.09","1,060.49",1760000000.0,-0.89,"1,063.33"
2020-01-22,"1,063.33","1,066.02","1,066.97","1,056.99",1830000000.0,0.1,"1,062.84"
2020-01-23,"1,062.84","1,060.05","1,066.01","1,056.94",1400000000.0,-0.05,"1,059.82"
2020-01-24,"1,059.82","1,064.02","1,064.79","1,057.64",1130000000.0,-0.28,"1,024.53"
2020-01-27,"1,024.53","1,041.33","1,042.98","1,019.61",1960000000.0,-3.33,"1,016.90"
2020-01-28,"1,016.90","1,020.87","1,032.90","1,011.96",1550000000.0,-0.74,"1,026.58"
2020-01-29,"1,026.58","1,024.56","1,029.63","1,015.42",1410000000.0,0.95,"1,024.76"
2020-01-30,"1,024.76","1,019.45","1,026.74","1,018.41",1080000000.0,-0.18,"1,018.08"
2020-01-31,"1,018.08","1,028.78","1,031.37","1,018.03",1270000000.0,-0.65,"1,005.79"
2020-02-03,"1,005.79","1,013.10","1,018.89","1,005.59",1080000000.0,-1.21,"1,023.89"
2020-02-04,"1,023.89","1,009.86","1,024.88","1,007.70",1440000000.0,1.8,"1,032.89"
2020-02-05,"1,032.89","1,024.78","1,034.35","1,020.48",1460000000.0,0.88,"1,032.07"
2020-02-06,"1,032.07","1,035.92","1,038.72","1,028.72",1590000000.0,-0.08,"1,030.90"
2020-02-07,"1,030.90","1,032.15","1,034.30","1,024.64",1250000000.0,-0.11,"1,021.95"
2020-02-11,"1,021.95","1,033.20","1,034.14","1,021.19",1170000000.0,-0.87,"1,034.01"
2020-02-12,"1,034.01","1,027.66","1,036.91","1,025.87",1180000000.0,1.18,"1,026.68"
2020-02-13,"1,026.68","1,032.93","1,034.95","1,025.10",940930000.0,-0.71,"1,022.02"
2020-02-14,"1,022.02","1,030.08","1,031.78","1,019.94",1150000000.0,-0.45,"1,025.18"
2020-02-17,"1,025.18","1,023.69","1,028.12","1,021.04",978280000.0,0.31,"1,015.09"
2020-02-18,"1,015.09","1,019.47","1,020.52","1,012.54",1020000000.0,-0.98,"1,011.38"
2020-02-19,"1,011.38","1,018.00","1,022.72","1,008.34",1380000000.0,-0.37,999.99
2020-02-20,999.99,"1,010.72","1,011.09",994.55,1620000000.0,-1.13,"1,003.51"
2020-02-21,"1,003.51",990.51,"1,003.66",989.65,1470000000.0,0.35,962.25
2020-02-24,962.25,987.78,988.80,962.25,1820000000.0,-4.11,967.92
2020-02-25,967.92,964.38,974.46,952.09,2069999999.9999998,0.59,917.49
2020-02-26,917.49,958.07,961.12,917.49,2660000000.0,-5.21,938.77
2020-02-27,938.77,922.16,942.12,909.98,2000000000.0,2.32,897.84
2020-02-28,897.84,903.70,911.85,894.31,2210000000.0,-4.36,897.96
2020-03-02,897.96,911.75,915.20,884.05,1840000000.0,0.01,928.25
2020-03-03,928.25,915.55,933.11,910.00,1990000000.0,3.37,928.25
2020-03-04,928.25,917.65,931.33,915.15,1380000000.0,0.0,934.94
2020-03-05,934.94,937.25,948.74,934.94,1550000000.0,0.72,914.22
2020-03-06,914.22,921.45,922.41,910.15,1430000000.0,-2.22,827.85
2020-03-09,827.85,839.28,864.17,823.11,3050000000.0,-9.45,839.52
2020-03-10,839.52,833.45,852.25,830.31,2210000000.0,1.41,822.99
2020-03-11,822.99,836.90,848.23,812.00,1920000000.0,-1.97,726.73
2020-03-12,726.73,769.29,772.45,712.65,3330000000.0,-11.7,749.01
2020-03-13,749.01,653.63,777.49,628.97,4280000000.0000005,3.07,689.47
2020-03-16,689.47,707.26,732.79,687.01,2490000000.0,-7.95,683.16
2020-03-17,683.16,690.68,710.79,683.16,2360000000.0,-0.92,693.14
2020-03-18,693.14,697.38,715.32,675.79,2140000000.0000002,1.46,691.99
2020-03-19,691.99,670.64,697.29,665.27,2300000000.0,-0.17,756.11
2020-03-20,756.11,718.02,761.08,710.41,3240000000.0,9.27,680.07
2020-03-23,680.07,693.19,711.63,679.35,2160000000.0,-10.06,691.15
2020-03-24,691.15,712.99,715.76,681.94,2310000000.0,1.63,728.53
2020-03-25,728.53,715.20,745.13,704.52,2430000000.0,5.41,737.58
2020-03-26,737.58,724.06,746.55,721.66,2240000000.0,1.24,740.05
2020-03-27,740.05,753.99,761.24,732.02,2280000000.0,0.33,729.91
2020-03-30,729.91,730.57,736.34,719.39,1310000000.0,-1.37,756.91
2020-03-31,756.91,747.15,758.79,741.68,2130000000.0,3.7,740.46
2020-04-01,740.46,749.55,761.18,740.29,2009999999.9999998,-2.17,767.79
2020-04-02,767.79,747.35,772.59,741.04,4070000000.0000005,3.69,766.67
2020-04-03,766.67,777.96,782.72,760.30,3790000000.0,-0.15,825.42
2020-04-07,825.42,804.69,830.44,793.47,3110000000.0,7.66,815.05
2020-04-08,815.05,814.38,823.28,805.74,2610000000.0,-1.26,816.47
2020-04-09,816.47,825.30,842.10,809.88,2680000000.0,0.17,829.00
2020-04-10,829.00,812.42,829.13,811.16,1960000000.0,1.53,833.16
2020-04-13,833.16,828.97,833.98,821.75,1670000000.0,0.5,845.32
2020-04-14,845.32,844.94,854.07,834.11,2510000000.0,1.46,828.38
2020-04-15,828.38,841.46,847.45,827.05,1960000000.0,-2.0,801.61
2020-04-16,801.61,820.44,824.95,801.61,1890000000.0,-3.23,833.49
2020-04-17,833.49,825.35,834.33,816.02,1590000000.0,3.98,855.45
2020-04-20,855.45,835.76,862.09,831.68,1830000000.0,2.63,842.65
2020-04-21,842.65,839.55,850.30,835.93,1750000000.0,-1.5,848.81
2020-04-22,848.81,836.19,850.03,825.29,1950000000.0,0.73,854.09
2020-04-23,854.09,851.45,859.57,845.89,1720000000.0,0.62,842.03
2020-04-24,842.03,855.05,858.73,839.61,1570000000.0,-1.41,848.40
2020-04-27,848.40,851.34,852.74,841.74,1050000000.0,0.76,854.34
2020-04-28,854.34,848.62,861.27,843.27,1650000000.0,0.7,857.63
2020-04-29,857.63,860.22,863.25,853.80,1180000000.0,0.39,873.56
2020-04-30,873.56,870.04,873.56,865.34,2190000000.0,1.86,856.57
2020-05-05,856.57,862.83,864.96,855.72,1480000000.0,-1.94,842.56
2020-05-07,842.56,852.75,855.67,838.04,1680000000.0,-1.64,848.27
2020-05-08,848.27,848.77,852.58,840.92,1230000000.0,0.68,864.32
2020-05-11,864.32,857.08,869.80,856.32,1800000000.0,1.89,872.60
2020-05-12,872.60,862.68,875.14,860.78,1750000000.0,0.96,867.36
2020-05-13,867.36,870.05,874.65,864.38,1900000000.0,-0.6,856.11
2020-05-14,856.11,860.67,863.81,852.78,1300000000.0,-1.3,854.57
2020-05-15,854.57,860.48,862.07,853.52,1260000000.0,-0.18,858.94
2020-05-18,858.94,862.10,866.75,857.05,1770000000.0,0.51,875.44
2020-05-19,875.44,876.86,882.78,872.28,2530000000.0,1.92,883.08
2020-05-20,883.08,876.12,883.08,872.55,2650000000.0,0.87,881.97
2020-05-21,881.97,889.20,891.36,877.10,2500000000.0,-0.13,867.81
2020-05-22,867.81,872.31,873.76,855.96,2140000000.0000002,-1.61,878.06
2020-05-25,878.06,870.15,880.52,865.73,1960000000.0,1.18,888.53
2020-05-26,888.53,889.03,896.78,885.98,2370000000.0,1.19,895.13
2020-05-27,895.13,889.60,895.66,882.17,2980000000.0,0.74,888.84
2020-05-28,888.84,903.39,904.63,888.84,2550000000.0,-0.7,896.01
2020-05-29,896.01,886.46,896.10,879.17,3780000000.0,0.81,901.45
2020-06-01,901.45,905.10,909.52,898.81,1950000000.0,0.61,919.05
2020-06-02,919.05,908.03,919.05,904.53,2440000000.0,1.95,946.71
2020-06-04,946.71,936.95,949.26,933.68,3950000000.0,3.01,965.37
2020-06-05,965.37,949.46,968.33,939.26,3490000000.0,1.97,965.12
2020-06-08,965.12,975.69,979.98,959.34,3170000000.0,-0.03,941.69
2020-06-09,941.69,964.03,971.75,936.25,3000000000.0,-2.43,950.03
2020-06-10,950.03,948.31,954.26,937.47,2230000000.0,0.89,932.34
2020-06-11,932.34,945.65,951.60,923.35,2280000000.0,-1.86,920.52
2020-06-12,920.52,905.89,924.28,902.47,2340000000.0,-1.27,889.98
2020-06-15,889.98,912.11,916.98,886.27,2460000000.0,-3.32,909.52
2020-06-16,909.52,915.72,916.97,905.63,1670000000.0,2.2,914.49
2020-06-17,914.49,905.22,918.64,901.82,1960000000.0,0.55,910.63
2020-06-18,910.63,900.29,914.53,899.26,1760000000.0,-0.42,907.67
2020-06-19,907.67,912.93,915.59,905.09,1560000000.0,-0.33,893.92
2020-06-22,893.92,899.01,905.79,890.73,1820000000.0,-1.51,897.32
2020-06-23,897.32,899.23,901.29,892.77,1350000000.0,0.38,880.20
2020-06-24,880.20,901.13,903.56,879.90,1590000000.0,-1.91,874.96
2020-06-25,874.96,870.02,875.85,861.47,1820000000.0,-0.6,878.61
2020-06-26,878.61,881.97,888.22,876.06,1110000000.0,0.42,878.64
2020-06-29,878.64,871.03,878.76,865.37,1320000000.0,0.0,885.15
2020-06-30,885.15,889.87,895.10,885.15,1510000000.0,0.74,892.30
2020-07-01,892.30,889.71,892.96,878.59,1180000000.0,0.81,912.22
2020-07-02,912.22,898.28,914.19,895.86,1720000000.0,2.23,908.49
2020-07-03,908.49,914.01,915.50,907.29,1130000000.0,-0.41,907.90
2020-07-07,907.90,920.05,922.66,907.90,1620000000.0,-0.06,898.45
2020-07-08,898.45,906.18,912.19,897.52,1270000000.0,-1.04,899.93
2020-07-09,899.93,901.78,904.85,894.33,1640000000.0,0.16,885.71
2020-07-10,885.71,892.86,896.94,882.13,1000000000.0,-1.58,878.65
2020-07-13,878.65,894.04,895.19,876.30,1420000000.0,-0.8,879.13
2020-07-14,879.13,871.20,880.64,866.57,1290000000.0,0.05,888.98
2020-07-15,888.98,887.11,891.97,882.13,1300000000.0,1.12,883.16
2020-07-16,883.16,888.20,890.87,879.63,940820000.0,-0.65,892.09
2020-07-17,892.09,886.46,893.42,883.58,745200000.0,1.01,890.04
2020-07-20,890.04,890.77,896.79,885.54,1040000000.0,-0.23,904.21
2020-07-21,904.21,896.86,906.57,895.92,1590000000.0,1.59,889.48
2020-07-22,889.48,906.34,907.58,889.21,1290000000.0,-1.63,890.70
2020-07-23,890.70,888.74,894.24,882.61,1560000000.0,0.14,875.50
2020-07-24,875.50,881.01,882.71,872.38,1190000000.0,-1.71,871.41
2020-07-29,871.41,878.20,881.21,870.06,1260000000.0,-0.47,854.12
2020-07-30,854.12,875.48,876.71,851.90,1360000000.0,-1.98,862.98
2020-07-31,862.98,852.92,863.07,844.39,1520000000.0,1.04,852.67
2020-08-03,852.67,858.84,859.45,847.64,1060000000.0,-1.19,860.32
2020-08-04,860.32,859.93,865.54,857.74,1110000000.0,0.9,865.49
2020-08-05,865.49,863.28,868.94,856.96,1280000000.0,0.6,864.05
2020-08-06,864.05,863.65,872.54,863.35,1130000000.0,-0.17,856.88
2020-08-07,856.88,862.48,863.57,854.28,809770000.0,-0.83,853.92
2020-08-10,853.92,858.65,860.91,853.82,664570000.0,-0.35,866.77
2020-08-11,866.77,863.19,870.99,861.13,1660000000.0,1.5,878.70
2020-08-13,878.70,876.64,880.89,874.82,1890000000.0,1.38,863.69
2020-08-14,863.69,877.43,879.38,861.87,1340000000.0,-1.71,861.25
2020-08-17,861.25,866.29,867.93,856.66,1330000000.0,-0.28,867.86
2020-08-18,867.86,861.06,867.95,860.63,1120000000.0,0.77,850.57
2020-08-19,850.57,868.69,869.55,846.43,1590000000.0,-1.99,840.28
2020-08-20,840.28,841.66,847.32,838.10,1230000000.0,-1.21,840.07
2020-08-21,840.07,847.14,848.96,838.21,852520000.0,-0.02,852.29
2020-08-24,852.29,844.78,853.83,839.50,1190000000.0,1.45,853.89
2020-08-25,853.89,859.14,861.85,853.29,1220000000.0,0.19,856.64
2020-08-26,856.64,854.87,858.38,848.73,1110000000.0,0.32,858.66
2020-08-27,858.66,856.10,863.14,854.51,1200000000.0,0.24,855.29
2020-08-28,855.29,865.30,867.45,852.87,1430000000.0,-0.39,844.22
2020-08-31,844.22,859.55,863.28,843.49,1630000000.0,-1.29,841.66
2020-09-01,841.66,846.41,849.17,838.14,1060000000.0,-0.3,847.56
2020-09-02,847.56,840.34,848.12,837.36,997130000.0,0.7,844.60
2020-09-03,844.60,850.08,851.65,841.60,970710000.0,-0.35,832.91
2020-09-08,832.91,840.41,840.65,831.47,929270000.0,-1.38,831.54
2020-09-09,831.54,821.94,833.16,819.85,1060000000.0,-0.16,830.25
2020-09-10,830.25,832.31,835.20,826.35,805330000.0,-0.16,823.64
2020-09-11,823.64,829.00,833.53,822.50,718550000.0,-0.8,818.43
2020-09-14,818.43,827.99,829.15,817.09,738930000.0,-0.63,827.38
2020-09-15,827.38,822.26,828.44,819.13,752930000.0,1.09,832.88
2020-09-16,832.88,827.59,834.79,825.18,958010000.0,0.66,825.66
2020-09-17,825.66,828.74,831.22,822.17,792190000.0,-0.87,826.83
2020-09-18,826.83,827.91,831.07,821.19,1140000000.0,0.14,815.81
2020-09-21,815.81,830.08,831.47,814.24,790080000.0,-1.33,808.83
2020-09-22,808.83,812.66,815.25,805.49,954370000.0,-0.86,802.30
2020-09-23,802.30,811.27,812.14,801.80,964410000.0,-0.81,787.21
2020-09-24,787.21,795.26,798.13,784.04,1310000000.0,-1.88,786.03
2020-09-25,786.03,789.81,794.22,783.53,1080000000.0,-0.15,802.03
2020-09-28,802.03,790.56,803.25,790.45,1050000000.0,2.04,796.43
2020-09-29,796.43,804.40,805.19,793.61,911710000.0,-0.7,781.06
2020-09-30,781.06,797.46,798.54,780.61,986580000.0,-1.93,788.02
2020-10-01,788.02,786.49,791.02,777.61,995650000.0,0.89,777.31
2020-10-02,777.31,785.07,785.75,772.78,1370000000.0,-1.36,781.81
2020-10-05,781.81,783.52,785.56,778.07,862930000.0,0.58,787.62
2020-10-06,787.62,788.32,792.25,785.10,1370000000.0,0.74,797.43
2020-10-07,797.43,785.08,798.08,782.21,1360000000.0,1.25,804.96
2020-10-08,804.96,801.81,810.61,799.45,1350000000.0,0.94,800.79
2020-10-09,800.79,808.18,809.17,797.89,983310000.0,-0.52,804.59
2020-10-12,804.59,801.79,808.69,797.87,954350000.0,0.47,794.81
2020-10-14,794.81,800.31,801.91,790.40,1080000000.0,-1.22,782.02
2020-10-15,782.02,787.60,790.65,779.99,1200000000.0,-1.61,776.50
2020-10-16,776.50,783.74,785.44,771.77,1010000000.0,-0.71,760.94
2020-10-19,760.94,768.22,769.28,757.33,1350000000.0,-2.0,760.71
2020-10-20,760.71,757.61,767.63,753.63,1190000000.0,-0.03,765.10
2020-10-21,765.10,765.40,769.14,760.64,1120000000.0,0.58,762.68
2020-10-22,762.68,762.96,771.22,755.75,1260000000.0,-0.32,757.85
2020-10-26,757.85,761.79,762.80,755.42,774730000.0,-0.63,758.72
2020-10-27,758.72,751.57,761.47,748.23,1030000000.0,0.11,756.02
2020-10-28,756.02,756.84,764.39,754.70,1340000000.0,-0.36,751.14
2020-10-29,751.14,750.49,755.49,746.81,1190000000.0,-0.65,746.26
2020-10-30,746.26,753.06,753.25,739.95,1450000000.0,-0.65,750.87
2020-11-02,750.87,747.17,751.63,743.57,967530000.0,0.62,766.00
2020-11-03,766.00,756.79,767.28,756.29,1260000000.0,2.01,765.09
2020-11-04,765.09,766.71,772.75,759.88,1260000000.0,-0.12,799.58
2020-11-05,799.58,774.29,801.95,772.36,2310000000.0,4.51,798.05
2020-11-06,798.05,800.01,805.38,790.93,2220000000.0,-0.19,819.07
2020-11-09,819.07,814.64,826.86,811.64,2250000000.0,2.63,875.64
2020-11-10,875.64,861.56,879.64,846.56,5330000000.0,6.91,878.09
2020-11-11,878.09,885.25,888.28,867.01,3350000000.0,0.28,868.27
2020-11-12,868.27,873.24,873.75,860.82,2400000000.0,-1.12,875.40
2020-11-13,875.40,862.37,880.98,859.95,3780000000.0,0.82,878.24
2020-11-16,878.24,886.17,889.98,878.00,2770000000.0,0.32,876.66
2020-11-17,876.66,882.56,889.17,872.64,3020000000.0,-0.18,888.51
2020-11-18,888.51,872.85,888.51,868.84,1940000000.0,1.35,889.70
2020-11-19,889.70,886.73,895.15,885.50,2130000000.0,0.13,904.47
2020-11-20,904.47,888.78,905.30,886.94,3000000000.0,1.66,927.63
2020-11-23,927.63,910.11,929.43,908.38,3760000000.0,2.56,912.85
2020-11-24,912.85,934.92,937.36,912.03,3650000000.0,-1.59,924.42
2020-11-25,924.42,924.77,933.87,904.71,3330000000.0,1.27,933.60
2020-11-26,933.60,928.48,934.17,923.73,2029999999.9999998,0.99,933.14
2020-11-27,933.14,930.56,938.34,927.77,2290000000.0,-0.05,908.61
2020-11-30,908.61,924.36,929.03,908.39,6850000000.0,-2.63,919.58
2020-12-01,919.58,915.65,926.91,915.07,3280000000.0,1.21,917.49
2020-12-02,917.49,914.80,926.81,913.81,2920000000.0,-0.23,931.10
2020-12-03,931.10,922.17,933.02,918.67,3030000000.0,1.48,940.17
2020-12-04,940.17,931.47,944.35,931.00,3650000000.0,0.97,955.75
2020-12-08,955.75,937.80,960.32,932.41,4880000000.0,1.66,958.49
2020-12-09,958.49,962.47,968.93,951.88,4150000000.0000005,0.29,947.82
2020-12-14,947.82,962.45,965.84,945.14,4000000000.0,-1.11,949.28
2020-12-15,949.28,941.09,950.06,934.63,2830000000.0,0.15,950.90
2020-12-16,950.90,955.90,956.95,944.69,7240000000.0,0.17,948.99
2020-12-17,948.99,954.01,959.85,948.47,14380000000.0,-0.2,947.28
2020-12-18,947.28,949.32,953.60,940.86,3290000000.0,-0.18,892.00
2020-12-21,892.00,912.02,926.20,891.88,4920000000.0,-5.84,906.00
2020-12-22,906.00,893.89,910.49,881.64,3700000000.0,1.57,893.90
2020-12-23,893.90,903.99,916.35,893.87,4010000000.0,-1.34,910.01
2020-12-24,910.01,896.75,913.11,890.63,3780000000.0,1.8,918.35
2020-12-25,918.35,915.07,920.89,911.17,3320000000.0,0.92,905.64
2020-12-28,905.64,925.42,925.75,905.13,2810000000.0,-1.38,924.00
2020-12-29,924.00,910.61,924.16,907.95,2170000000.0,2.03,910.45
2020-12-30,910.45,927.67,929.05,907.73,3080000000.0,-1.47,924.36
2021-01-04,924.36,896.70,924.36,893.62,2760000000.0,1.53,953.99
2021-01-05,953.99,923.20,953.99,921.51,2930000000.0,3.21,940.41
2021-01-06,940.41,951.94,957.42,935.88,3410000000.0,-1.42,955.39
2021-01-07,955.39,952.69,959.29,946.05,4560000000.0,1.59,977.59
2021-01-08,977.59,965.70,977.59,964.91,3000000000.0,2.32,974.91
2021-01-11,974.91,978.89,988.32,968.69,1980000000.0,-0.27,975.51
2021-01-12,975.51,973.75,978.64,967.01,1520000000.0,0.06,980.75
2021-01-13,980.75,981.68,992.03,976.81,2320000000.0,0.54,971.35
2021-01-14,971.35,978.11,984.91,969.64,1710000000.0,-0.96,957.86
2021-01-15,957.86,971.49,977.38,954.30,1740000000.0,-1.39,949.64
2021-01-18,949.64,951.27,954.98,943.94,1390000000.0,-0.86,958.16
2021-01-19,958.16,956.20,964.13,955.68,1400000000.0,0.9,952.86
2021-01-20,952.86,958.86,962.86,949.18,1890000000.0,-0.55,951.58
2021-01-21,951.58,960.09,962.79,948.47,2530000000.0,-0.13,939.73
2021-01-22,939.73,947.04,954.35,936.03,1980000000.0,-1.25,942.00
2021-01-25,942.00,939.47,944.67,933.29,1530000000.0,0.24,951.02
2021-01-26,951.02,937.58,952.25,932.19,1590000000.0,0.96,936.76
2021-01-27,936.76,948.39,951.58,936.76,1230000000.0,-1.5,916.91
2021-01-28,916.91,925.61,932.62,916.46,1920000000.0,-2.12,916.66
2021-01-29,916.66,923.79,925.38,908.82,2140000000.0000002,-0.03,922.89
2021-02-01,922.89,914.83,926.75,908.04,1740000000.0,0.68,928.07
2021-02-02,928.07,933.33,937.20,924.15,1420000000.0,0.56,923.94
2021-02-03,923.94,937.39,938.54,923.94,2120000000.0,-0.45,923.52
2021-02-04,923.52,927.13,931.10,919.96,1800000000.0,-0.05,933.55
2021-02-05,933.55,929.03,934.84,927.29,1800000000.0,1.09,948.24
2021-02-08,948.24,942.44,949.10,940.46,3000000000.0,1.57,949.46
2021-02-09,949.46,954.11,958.20,948.22,2150000000.0,0.13,950.28
2021-02-10,950.28,955.13,957.03,946.65,1570000000.0,0.09,942.63
2021-02-11,942.63,953.27,953.96,939.09,1040000000.0,-0.81,949.89
2021-02-15,949.89,946.55,955.42,943.04,1090000000.0,0.77,950.00
2021-02-16,950.00,952.71,954.94,949.37,1140000000.0,0.01,942.16
2021-02-17,942.16,946.31,953.75,941.67,1670000000.0,-0.83,938.08
2021-02-18,938.08,945.24,949.22,938.05,1290000000.0,-0.43,930.51
2021-02-19,930.51,933.13,935.38,925.33,1780000000.0,-0.81,916.29
2021-02-22,916.29,933.25,934.10,915.41,1600000000.0,-1.53,933.34
2021-02-23,933.34,924.03,938.33,922.76,1600000000.0,1.86,926.74
2021-02-24,926.74,935.71,938.57,922.77,1540000000.0,-0.71,929.95
2021-02-25,929.95,939.83,941.27,927.97,2430000000.0,0.35,932.94
2021-03-01,932.94,928.25,936.97,924.02,1390000000.0,0.32,933.35
2021-03-02,933.35,934.58,938.21,931.35,1440000000.0,0.04,964.34
2021-03-03,964.34,938.15,964.34,937.97,2940000000.0,3.32,953.61
2021-03-04,953.61,957.15,959.90,950.12,2330000000.0,-1.11,958.33
2021-03-05,958.33,950.12,966.77,949.13,2420000000.0,0.49,958.16
2021-03-08,958.16,968.90,971.51,955.09,2740000000.0,-0.02,961.27
2021-03-09,961.27,964.96,966.67,951.81,2130000000.0,0.32,975.73
2021-03-10,975.73,962.16,976.66,959.33,2590000000.0,1.5,978.70
2021-03-11,978.70,982.46,984.62,973.57,2480000000.0,0.3,973.16
2021-03-12,973.16,981.83,985.45,969.49,2100000000.0,-0.57,968.34
2021-03-15,968.34,975.43,977.83,965.77,1210000000.0,-0.5,965.26
2021-03-16,965.26,970.23,973.38,963.97,1330000000.0,-0.32,967.45
2021-03-17,967.45,963.35,970.93,960.50,1610000000.0,0.23,966.15
2021-03-18,966.15,976.51,979.53,965.74,1520000000.0,-0.13,959.41
2021-03-19,959.41,960.62,963.37,954.70,1570000000.0,-0.7,959.48
2021-03-22,959.48,958.28,963.97,952.19,1040000000.0,0.01,957.73
2021-03-23,957.73,962.92,964.34,955.59,1620000000.0,-0.18,961.59
2021-03-24,961.59,952.63,961.59,950.90,1480000000.0,0.4,961.75
2021-03-25,961.75,964.35,967.50,960.03,2000000000.0,0.02,963.66
2021-03-26,963.66,965.70,968.87,958.75,1450000000.0,0.2,967.69
2021-03-29,967.69,968.29,975.11,966.74,1320000000.0,0.42,972.70
2021-03-30,972.70,971.49,976.17,968.91,2530000000.0,0.52,971.24
2021-03-31,971.24,974.15,975.28,969.28,1160000000.0,-0.15,975.66
2021-04-01,975.66,975.60,980.06,971.42,1400000000.0,0.46,976.13
2021-04-02,976.13,980.78,983.18,975.17,1120000000.0,0.05,964.71
2021-04-05,964.71,977.68,979.38,961.79,1190000000.0,-1.17,950.22
2021-04-07,950.22,956.32,960.28,949.45,1990000000.0,-1.5,950.04
2021-04-08,950.04,948.51,954.24,947.40,1140000000.0,-0.02,955.90
2021-04-09,955.90,952.33,960.11,951.97,1170000000.0,0.62,941.08
2021-04-12,941.08,952.53,953.00,938.94,1270000000.0,-1.55,946.50
2021-04-16,946.50,945.53,947.07,937.10,1750000000.0,0.58,960.33
2021-04-19,960.33,949.65,961.54,947.00,1300000000.0,1.46,963.94
2021-04-20,963.94,958.88,965.01,956.46,1630000000.0,0.38,961.89
2021-04-21,961.89,959.98,965.65,958.89,1300000000.0,-0.21,952.58
2021-04-22,952.58,964.88,966.02,949.77,1620000000.0,-0.97,942.63
2021-04-23,942.63,949.54,949.78,940.29,1560000000.0,-1.04,943.92
2021-04-26,943.92,941.86,946.06,935.96,1420000000.0,0.14,943.34
2021-04-27,943.34,945.76,949.44,938.95,1650000000.0,-0.06,954.24
2021-04-28,954.24,946.51,955.32,944.21,1420000000.0,1.16,964.55
2021-04-29,964.55,959.61,966.44,958.73,1530000000.0,1.08,955.97
2021-04-30,955.97,964.17,965.24,955.45,1070000000.0000001,-0.89,929.63
2021-05-05,929.63,953.45,954.62,928.03,1950000000.0,-2.76,945.55
2021-05-06,945.55,932.35,949.14,930.77,1330000000.0,1.71,955.80
2021-05-07,955.80,953.17,958.56,949.03,1050000000.0,1.08,959.45
2021-05-10,959.45,965.46,965.58,950.64,925610000.0,0.38,956.97
2021-05-11,956.97,952.20,962.01,948.27,1610000000.0,-0.26,952.55
2021-05-12,952.55,955.02,956.92,942.52,1500000000.0,-0.46,938.33
2021-05-13,938.33,940.79,944.41,912.03,2420000000.0,-1.49,938.68
2021-05-14,938.68,941.96,944.15,928.10,1430000000.0,0.04,938.99
2021-05-17,938.99,934.61,942.97,927.06,1310000000.0,0.03,948.87
2021-05-18,948.87,946.09,951.89,944.88,1200000000.0,1.05,943.47
2021-05-19,943.47,943.94,949.25,941.38,1170000000.0,-0.57,938.31
2021-05-20,938.31,945.18,947.36,937.83,1340000000.0,-0.55,937.53
2021-05-21,937.53,941.28,941.77,931.84,1060000000.0,-0.08,934.83
2021-05-24,934.83,938.47,941.96,933.25,1220000000.0,-0.29,948.06
2021-05-25,948.06,942.82,949.91,940.30,1190000000.0,1.42,957.10
2021-05-27,957.10,948.71,961.21,946.73,2740000000.0,0.95,956.19
2021-05-28,956.19,962.07,965.22,954.83,1380000000.0,-0.1,962.58
2021-05-31,962.58,956.03,963.49,952.25,1050000000.0,0.67,981.19
2021-06-01,981.19,968.66,982.49,964.72,1810000000.0,1.93,978.28
2021-06-02,978.28,984.63,986.37,975.07,1480000000.0,-0.3,972.32
2021-06-04,972.32,974.25,980.59,972.19,1390000000.0,-0.61,972.97
2021-06-07,972.97,976.48,981.93,971.75,1390000000.0,0.07,973.13
2021-06-08,973.13,973.86,977.28,967.19,1520000000.0,0.02,982.05
2021-06-09,982.05,976.13,983.58,975.98,1210000000.0,0.92,981.60
2021-06-10,981.60,985.82,989.23,980.02,1590000000.0,-0.05,990.78
2021-06-11,990.78,985.97,990.79,983.89,1360000000.0,0.94,988.38
2021-06-14,988.38,993.95,995.06,984.94,1210000000.0,-0.24,979.39
2021-06-15,979.39,988.20,989.50,976.81,1390000000.0,-0.91,980.13
2021-06-16,980.13,979.55,985.12,976.41,1450000000.0,0.08,973.93
2021-06-17,973.93,976.33,982.99,972.72,1220000000.0,-0.63,971.19
2021-06-18,971.19,974.78,976.97,965.61,1920000000.0,-0.28,962.99
2021-06-21,962.99,961.21,964.32,956.76,1230000000.0,-0.84,961.99
2021-06-22,961.99,968.74,970.42,961.52,1040000000.0,-0.1,959.00
2021-06-23,959.00,966.20,967.21,957.89,1340000000.0,-0.31,956.14
2021-06-24,956.14,955.45,957.11,946.69,1520000000.0,-0.3,954.78
2021-06-25,954.78,959.99,962.24,951.46,1130000000.0,-0.14,950.26
2021-06-28,950.26,949.09,953.05,943.86,1340000000.0,-0.47,957.39
2021-06-29,957.39,951.36,961.14,950.50,1400000000.0,0.75,953.72
2021-06-30,953.72,960.77,963.16,950.64,1690000000.0,-0.38,957.36
2021-07-01,957.36,955.95,960.45,951.61,1230000000.0,0.38,949.27
2021-07-02,949.27,954.76,958.89,945.86,1210000000.0,-0.85,950.33
2021-07-05,950.33,950.72,951.93,945.73,930660000.0,0.11,956.78
2021-07-06,956.78,955.26,960.00,954.40,927200000.0,0.68,948.23
2021-07-07,948.23,951.50,954.39,945.96,1660000000.0,-0.89,929.76
2021-07-08,929.76,940.33,942.61,927.15,2950000000.0,-1.95,934.18
2021-07-09,934.18,927.60,938.34,925.80,2080000000.0,0.48,932.24
2021-07-12,932.24,937.99,939.96,928.96,1270000000.0,-0.21,944.31
2021-07-13,944.31,937.27,945.92,935.54,1190000000.0,1.29,940.68
2021-07-14,940.68,943.50,945.17,936.74,1120000000.0,-0.38,942.55
2021-07-15,942.55,944.05,948.17,940.61,1210000000.0,0.2,942.35
2021-07-16,942.35,939.33,943.71,937.45,1400000000.0,-0.02,930.44
2021-07-19,930.44,932.69,935.63,927.19,1070000000.0000001,-1.26,920.40
2021-07-20,920.40,926.92,927.86,915.68,1550000000.0,-1.08,922.25
2021-07-21,922.25,922.18,924.22,915.92,1530000000.0,0.2,929.30
2021-07-22,929.30,928.54,930.73,924.98,1430000000.0,0.76,923.24
2021-07-23,923.24,927.16,928.97,920.15,1420000000.0,-0.65,917.72
2021-07-27,917.72,924.08,927.02,912.62,1180000000.0,-0.6,919.34
2021-07-29,919.34,920.52,923.04,914.37,1360000000.0,0.18,910.61
2021-07-30,910.61,917.78,919.49,908.20,1990000000.0,-0.95,914.26
2021-08-02,914.26,912.78,914.33,905.46,1210000000.0,0.4,922.36
2021-08-03,922.36,914.46,922.36,913.27,1220000000.0,0.89,925.63
2021-08-04,925.63,922.65,928.18,916.80,880910000.0,0.35,911.53
2021-08-05,911.53,924.15,926.13,911.00,1160000000.0,-1.52,908.50
2021-08-06,908.50,912.84,918.52,903.57,1230000000.0,-0.33,921.51
2021-08-09,921.51,912.95,924.09,910.17,1040000000.0,1.43,922.27
2021-08-10,922.27,923.79,928.22,920.08,1230000000.0,0.08,917.24
2021-08-11,917.24,927.17,928.68,916.48,1340000000.0,-0.55,917.54
2021-08-13,917.54,915.21,922.92,913.74,1300000000.0,0.03,922.42
2021-08-16,922.42,917.83,924.25,910.33,1290000000.0,0.53,929.61
2021-08-17,929.61,926.16,931.35,922.09,1420000000.0,0.78,933.97
2021-08-18,933.97,931.00,938.01,929.40,1320000000.0,0.47,927.09
2021-08-19,927.09,929.68,934.23,926.58,1070000000.0000001,-0.74,932.27
2021-08-20,932.27,931.05,933.88,927.53,1510000000.0,0.56,954.17
2021-08-23,954.17,941.35,954.99,941.05,2440000000.0,2.35,956.78
2021-08-24,956.78,959.28,966.08,955.41,1870000000.0,0.27,965.45
2021-08-25,965.45,959.19,966.03,956.75,1420000000.0,0.91,964.79
2021-08-26,964.79,965.50,966.91,961.05,976890000.0,-0.07,972.16
2021-08-27,972.16,965.17,974.49,962.91,1590000000.0,0.76,987.31
2021-08-30,987.31,978.82,989.24,978.18,1860000000.0,1.56,992.13
2021-08-31,992.13,985.48,995.78,982.19,1820000000.0,0.49,988.20
2021-09-01,988.20,994.57,997.23,984.22,1580000000.0,-0.4,998.81
2021-09-02,998.81,987.99,"1,002.16",986.43,1510000000.0,1.07,"1,000.64"
2021-09-03,"1,000.64","1,002.94","1,005.67",995.68,935510000.0,0.18,997.45
2021-09-06,997.45,"1,000.94","1,002.92",994.38,898570000.0,-0.32,991.33
2021-09-07,991.33,"1,001.47","1,005.63",989.87,1610000000.0,-0.61,992.35
2021-09-08,992.35,988.07,993.74,982.58,1170000000.0,0.1,981.86
2021-09-09,981.86,989.26,995.88,980.60,1340000000.0,-1.06,985.29
2021-09-10,985.29,984.41,989.09,975.61,1230000000.0,0.35,981.52
2021-09-13,981.52,983.44,990.15,977.93,1400000000.0,-0.38,974.58
2021-09-14,974.58,985.46,985.46,972.94,1240000000.0,-0.71,975.79
2021-09-15,975.79,974.63,978.90,971.53,950920000.0,0.12,978.53
2021-09-16,978.53,979.77,981.37,975.17,1280000000.0,0.28,974.71
2021-09-17,974.71,978.56,980.70,969.39,1880000000.0,-0.39,960.58
2021-09-20,960.58,968.06,970.93,958.15,1060000000.0,-1.45,967.39
2021-09-21,967.39,961.87,969.94,953.40,1140000000.0,0.71,969.44
2021-09-22,969.44,966.67,973.35,964.01,1780000000.0,0.21,981.73
2021-09-23,981.73,979.53,985.23,973.38,4240000000.0,1.27,976.02
2021-09-27,976.02,985.52,987.63,972.88,3670000000.0,-0.58,972.95
2021-09-28,972.95,977.85,980.18,971.04,2530000000.0,-0.31,971.85
2021-09-29,971.85,964.19,976.19,963.42,2440000000.0,-0.11,964.35
2021-09-30,964.35,970.56,974.00,960.49,2060000000.0,-0.77,964.99
2021-10-01,964.99,960.35,968.09,956.65,1730000000.0,0.07,971.22
2021-10-04,971.22,968.74,975.23,968.06,1690000000.0,0.65,978.86
2021-10-05,978.86,969.26,980.85,968.44,2160000000.0,0.79,973.25
2021-10-06,973.25,980.05,982.33,971.54,2020000000.0,-0.57,982.10
2021-10-07,982.10,977.83,985.78,975.52,3070000000.0,0.91,985.71
2021-10-08,985.71,987.97,989.92,982.65,2080000000.0,0.37,982.45
2021-10-11,982.45,988.75,991.44,979.85,2270000000.0,-0.33,989.66
2021-10-12,989.66,990.40,992.30,984.89,1960000000.0,0.73,987.28
2021-10-14,987.28,992.31,993.09,984.18,2260000000.0,-0.24,987.44
2021-10-15,987.44,990.72,994.78,984.39,1930000000.0,0.02,991.07
2021-10-18,991.07,989.77,994.60,987.62,1700000000.0,0.37,982.02
2021-10-19,982.02,994.39,995.31,978.97,2260000000.0,-0.91,985.86
2021-10-20,985.86,984.09,987.42,982.60,1360000000.0,0.39,988.81
2021-10-21,988.81,990.66,991.66,985.73,1340000000.0,0.3,982.81
2021-10-25,982.81,989.95,990.85,979.45,1340000000.0,-0.61,984.04
2021-10-26,984.04,983.08,985.79,976.85,1570000000.0,0.13,977.32
2021-10-27,977.32,980.90,982.90,976.53,1660000000.0,-0.68,976.67
2021-10-28,976.67,976.35,981.46,973.49,1350000000.0,-0.07,974.67
2021-10-29,974.67,977.62,979.99,972.47,1140000000.0,-0.2,970.42
2021-11-01,970.42,978.17,982.54,967.92,1280000000.0,-0.44,975.13
2021-11-02,975.13,972.65,977.17,967.65,1330000000.0,0.49,972.64
2021-11-03,972.64,976.72,978.80,969.53,2600000000.0,-0.26,980.11
2021-11-04,980.11,973.63,981.70,968.95,1560000000.0,0.77,980.03
2021-11-05,980.03,980.78,982.59,975.83,944990000.0,-0.01,980.22
2021-11-08,980.22,983.65,986.82,976.63,1470000000.0,0.02,980.53
2021-11-09,980.53,980.38,983.65,977.14,1250000000.0,0.03,979.27
2021-11-10,979.27,977.10,981.85,975.13,1300000000.0,-0.13,979.88
2021-11-11,979.88,978.04,981.93,975.93,1350000000.0,0.06,979.59
2021-11-12,979.59,982.83,985.04,978.86,1190000000.0,-0.03,984.06
2021-11-15,984.06,981.27,986.79,980.98,1640000000.0,0.46,986.51
2021-11-16,986.51,986.13,990.01,983.13,2130000000.0,0.25,986.52
2021-11-17,986.52,987.92,991.63,984.92,3060000000.0,0.0,989.18
2021-11-18,989.18,985.22,992.05,984.13,2590000000.0,0.27,984.39
2021-11-19,984.39,990.63,992.86,982.23,2710000000.0,-0.48,989.18
2021-11-22,989.18,987.02,992.11,984.81,3420000000.0,0.49,987.26
2021-11-23,987.26,991.08,992.04,984.91,1990000000.0,-0.19,989.19
2021-11-24,989.19,989.70,994.89,987.45,2280000000.0,0.2,987.60
2021-11-25,987.60,992.69,993.69,984.49,2220000000.0,-0.16,961.93
2021-11-26,961.93,980.33,981.54,959.97,4120000000.0,-2.6,948.28
2021-11-29,948.28,961.15,966.70,947.16,2550000000.0,-1.42,935.08
2021-11-30,935.08,955.91,963.18,933.35,3650000000.0,-1.39,947.82
2021-12-01,947.82,940.99,949.07,931.04,1900000000.0,1.36,947.84
2021-12-02,947.84,942.90,948.40,939.68,1250000000.0,0.0,943.76
2021-12-03,943.76,948.38,951.21,943.69,1150000000.0,-0.43,957.96
2021-12-07,957.96,952.43,959.75,948.48,1740000000.0,1.5,964.44
2021-12-08,964.44,963.35,966.39,957.97,2009999999.9999998,0.68,962.24
2021-12-09,962.24,966.18,967.51,958.05,1450000000.0,-0.23,966.81
2021-12-13,966.81,967.89,969.77,960.96,1210000000.0,0.47,971.13
2021-12-14,971.13,962.36,971.36,959.50,1330000000.0,0.45,964.12
2021-12-15,964.12,967.99,970.64,962.62,849100000.0,-0.72,980.51
2021-12-16,980.51,968.68,980.62,963.72,1910000000.0,1.7,977.86
2021-12-17,977.86,978.82,980.90,974.57,1770000000.0,-0.27,959.26
2021-12-20,959.26,969.43,971.87,956.30,1740000000.0,-1.9,962.82
2021-12-21,962.82,964.38,968.32,960.83,941560000.0,0.37,965.38
2021-12-22,965.38,966.86,969.30,963.48,849400000.0,0.27,975.92
2021-12-23,975.92,970.02,979.77,969.75,1650000000.0,1.09,975.13
2021-12-24,975.13,977.15,978.57,972.61,1040000000.0,-0.08,975.51
2021-12-27,975.51,977.89,978.50,972.06,801100000.0,0.04,982.48
2021-12-28,982.48,978.50,986.04,978.32,1950000000.0,0.71,989.30
2021-12-29,989.30,983.23,990.57,981.58,1850000000.0,0.69,990.75
2021-12-30,990.75,991.81,993.53,986.45,1540000000.0,0.15,999.46
2022-01-04,999.46,995.80,"1,002.71",995.17,2460000000.0,0.88,"1,002.61"
2022-01-05,"1,002.61","1,000.10","1,004.26",998.04,1810000000.0,0.32,983.71
2022-01-06,983.71,992.83,994.69,983.14,2710000000.0,-1.89,985.96
2022-01-07,985.96,988.09,990.41,981.31,1870000000.0,0.23,985.79
2022-01-10,985.79,987.70,990.32,982.39,1390000000.0,-0.02,991.82
2022-01-11,991.82,986.44,992.59,986.14,1380000000.0,0.61,998.37
2022-01-12,998.37,998.06,"1,000.20",993.85,1750000000.0,0.66,996.96
2022-01-13,996.96,999.53,"1,001.51",994.06,1690000000.0,-0.14,993.89
2022-01-14,993.89,994.58,997.64,989.86,1590000000.0,-0.31,996.67
2022-01-17,996.67,995.84,999.19,993.60,1110000000.0,0.28,987.60
2022-01-18,987.60,998.76,"1,000.87",987.06,1830000000.0,-0.91,989.16
2022-01-19,989.16,987.06,993.94,985.12,2510000000.0,0.16,990.44
2022-01-20,990.44,992.10,994.56,989.66,2120000000.0,0.13,987.06
2022-01-21,987.06,985.80,989.43,980.71,2420000000.0,-0.34,985.15
2022-01-24,985.15,985.41,989.48,981.81,2180000000.0,-0.19,985.44
2022-01-25,985.44,981.75,985.84,975.62,2109999999.9999998,0.03,992.13
2022-01-26,992.13,989.70,995.43,988.07,2160000000.0,0.68,988.36
2022-01-27,988.36,984.41,988.60,977.24,2610000000.0,-0.38,990.46
2022-01-28,990.46,990.11,994.21,987.79,1800000000.0,0.21,993.29
2022-01-31,993.29,995.91,"1,000.29",993.17,1680000000.0,0.29,998.15
2022-02-01,998.15,"1,000.29","1,001.47",998.06,1060000000.0,0.49,999.78
2022-02-02,999.78,"1,000.57","1,002.07",995.05,1180000000.0,0.16,"1,000.18"
2022-02-03,"1,000.18",996.70,"1,002.89",996.70,2049999999.9999998,0.04,"1,003.29"
2022-02-04,"1,003.29","1,002.29","1,007.48","1,001.50",1740000000.0,0.31,"1,006.16"
2022-02-07,"1,006.16","1,006.52","1,009.21",998.74,1870000000.0,0.29,"1,011.50"
2022-02-08,"1,011.50","1,007.91","1,012.07","1,004.87",1930000000.0,0.53,"1,029.80"
2022-02-09,"1,029.80","1,015.10","1,031.47","1,014.16",4370000000.0,1.81,"1,029.88"
2022-02-10,"1,029.88","1,030.77","1,031.72","1,024.10",2590000000.0,0.01,"1,028.14"
2022-02-11,"1,028.14","1,023.33","1,029.84","1,020.51",2650000000.0,-0.17,"1,021.09"
2022-02-14,"1,021.09","1,024.47","1,026.31","1,017.25",2000000000.0,-0.69,"1,029.70"
2022-02-15,"1,029.70","1,023.12","1,031.08","1,020.02",2580000000.0,0.84,"1,035.94"
2022-02-17,"1,035.94","1,034.82","1,041.37","1,033.83",3150000000.0,0.61,"1,035.89"
2022-02-18,"1,035.89","1,033.14","1,039.55","1,029.61",3000000000.0,0.0,"1,019.70"
2022-02-21,"1,019.70","1,034.06","1,034.20","1,017.46",3310000000.0,-1.56,"1,016.55"
2022-02-22,"1,016.55","1,009.06","1,016.98","1,005.39",2320000000.0,-0.31,"1,021.68"
2022-02-23,"1,021.68","1,017.27","1,024.37","1,013.61",1880000000.0,0.5,"1,004.86"
2022-02-24,"1,004.86","1,014.88","1,017.46","1,000.02",3100000000.0,-1.65,"1,012.52"
2022-02-25,"1,012.52","1,012.45","1,016.23","1,007.12",1970000000.0,0.76,"1,016.58"
2022-02-28,"1,016.58","1,011.95","1,020.54","1,005.40",1930000000.0,0.4,"1,021.67"
2022-03-01,"1,021.67","1,022.53","1,026.64","1,018.87",2150000000.0,0.5,"1,023.36"
2022-03-02,"1,023.36","1,022.11","1,026.04","1,017.94",2390000000.0,0.17,"1,026.15"
2022-03-03,"1,026.15","1,031.04","1,034.67","1,022.74",2440000000.0,0.27,"1,009.68"
2022-03-04,"1,009.68","1,020.34","1,021.07","1,009.68",2320000000.0,-1.61,983.58
2022-03-07,983.58,998.92,999.46,976.93,3740000000.0,-2.58,982.97
2022-03-08,982.97,981.04,987.76,958.08,4019999999.9999995,-0.06,994.96
2022-03-09,994.96,986.57,995.07,975.27,2740000000.0,1.22,998.41
2022-03-10,998.41,"1,000.33","1,004.53",995.48,2190000000.0,0.35,"1,005.31"
2022-03-11,"1,005.31",995.43,"1,006.81",992.16,1510000000.0,0.69,"1,008.36"
2022-03-14,"1,008.36","1,003.31","1,008.61","1,000.12",1350000000.0,0.3,998.72
2022-03-15,998.72,"1,004.58","1,008.78",994.33,1600000000.0,-0.96,"1,011.95"
2022-03-16,"1,011.95","1,005.67","1,012.90","1,002.14",1650000000.0,1.32,"1,019.17"
2022-03-17,"1,019.17","1,018.02","1,023.85","1,016.81",1780000000.0,0.71,"1,015.02"
2022-03-18,"1,015.02","1,021.54","1,023.14","1,015.02",1940000000.0,-0.41,"1,010.88"
2022-03-21,"1,010.88","1,018.09","1,019.31","1,007.97",1950000000.0,-0.41,"1,012.53"
2022-03-22,"1,012.53","1,009.95","1,014.46","1,008.50",1640000000.0,0.16,"1,008.61"
2022-03-23,"1,008.61","1,016.13","1,017.42","1,007.85",1200000000.0,-0.39,"1,012.34"
2022-03-24,"1,012.34","1,007.67","1,014.29","1,006.35",1220000000.0,0.37,"1,008.81"
2022-03-25,"1,008.81","1,013.95","1,014.35","1,006.35",1070000000.0000001,-0.35,"1,012.43"
2022-03-28,"1,012.43","1,010.49","1,015.65","1,008.71",924320000.0,0.36,"1,016.80"
2022-03-29,"1,016.80","1,014.63","1,018.53","1,012.59",1200000000.0,0.43,"1,022.83"
2022-03-30,"1,022.83","1,019.64","1,026.10","1,017.18",1800000000.0,0.59,"1,019.67"
2022-03-31,"1,019.67","1,022.09","1,024.41","1,017.94",975050000.0,-0.31,"1,023.66"
2022-04-01,"1,023.66","1,018.20","1,024.14","1,016.60",1370000000.0,0.39,"1,022.81"
2022-04-04,"1,022.81","1,025.39","1,026.23","1,020.19",1190000000.0,-0.08,"1,021.32"
2022-04-05,"1,021.32","1,024.11","1,027.07","1,019.37",1080000000.0,-0.15,"1,006.38"
2022-04-07,"1,006.38","1,015.57","1,016.32","1,002.48",1860000000.0,-1.46,"1,006.33"
2022-04-08,"1,006.33","1,008.22","1,010.39","1,002.48",1260000000.0,0.0,"1,002.47"
2022-04-11,"1,002.47","1,003.60","1,005.48",998.66,951770000.0,-0.38,996.54
2022-04-12,996.54,998.53,"1,001.18",995.24,851000000.0,-0.59,991.80
2022-04-18,991.80,991.83,998.46,990.37,1240000000.0,-0.48,991.59
2022-04-19,991.59,997.53,999.75,991.54,1300000000.0,-0.02,993.94
2022-04-20,993.94,992.32,997.94,989.97,1510000000.0,0.24,998.37
2022-04-21,998.37,997.94,"1,001.89",995.88,1060000000.0,0.45,995.80
2022-04-22,995.80,994.51,996.85,989.48,1380000000.0,-0.26,983.07
2022-04-25,983.07,987.15,989.08,982.54,1810000000.0,-1.28,981.16
2022-04-26,981.16,987.52,990.66,981.09,2080000000.0,-0.19,978.76
2022-04-27,978.76,980.90,982.69,974.86,1400000000.0,-0.24,983.54
2022-04-28,983.54,979.57,985.22,977.16,1450000000.0,0.49,983.56
2022-04-29,983.56,983.67,989.38,983.25,1320000000.0,0.0,979.01
2022-05-03,979.01,983.39,984.80,976.79,1580000000.0,-0.46,976.98
2022-05-05,976.98,986.61,989.40,976.89,1820000000.0,-0.21,966.79
2022-05-06,966.79,967.76,972.10,963.95,1450000000.0,-1.04,954.33
2022-05-09,954.33,964.09,964.49,953.46,1650000000.0,-1.29,965.49
2022-05-10,965.49,953.02,965.49,948.90,2200000000.0,1.17,961.66
2022-05-11,961.66,964.18,965.66,955.25,2100000000.0,-0.4,950.31
2022-05-12,950.31,958.02,958.73,945.90,2000000000.0,-1.18,953.06
2022-05-13,953.06,955.93,958.63,949.30,2029999999.9999998,0.29,970.51
2022-05-17,970.51,961.01,971.80,956.04,1900000000.0,1.83,977.01
2022-05-18,977.01,972.63,979.27,967.11,1650000000.0,0.67,966.84
2022-05-19,966.84,964.11,971.48,961.58,1220000000.0,-1.04,977.36
2022-05-20,977.36,975.45,980.31,973.07,1270000000.0,1.09,986.94
2022-05-23,986.94,981.02,986.98,978.41,1290000000.0,0.98,979.56
2022-05-24,979.56,986.94,987.55,978.75,1190000000.0,-0.75,977.46
2022-05-25,977.46,983.16,988.85,977.13,1240000000.0,-0.21,983.09
2022-05-26,983.09,981.26,985.03,979.96,1090000000.0,0.58,987.08
2022-05-27,987.08,990.58,992.21,982.59,1270000000.0,0.41,995.88
2022-05-30,995.88,994.38,998.18,990.79,991490000.0,0.89,"1,002.24"
2022-05-31,"1,002.24",995.60,"1,002.27",992.26,2040000000.0,0.64,"1,002.24"
2022-06-01,"1,002.24","1,000.98","1,004.63",997.20,1560000000.0,0.0,995.90
2022-06-02,995.90,999.30,"1,000.33",994.25,1340000000.0,-0.63,995.24
2022-06-06,995.24,997.63,998.80,987.92,1420000000.0,-0.07,986.07
2022-06-07,986.07,992.69,993.52,984.36,1340000000.0,-0.92,988.66
2022-06-08,988.66,990.39,991.57,983.94,1230000000.0,0.26,993.15
2022-06-09,993.15,988.71,995.94,987.87,2350000000.0,0.45,987.61
2022-06-10,987.61,989.69,992.73,985.84,1460000000.0,-0.56,968.75
2022-06-13,968.75,975.27,978.03,967.11,1580000000.0,-1.91,970.69
2022-06-14,970.69,968.12,974.12,964.07,1370000000.0,0.2,965.91
2022-06-15,965.91,971.21,972.11,962.64,1470000000.0,-0.49,944.90
2022-06-16,944.90,972.18,973.71,944.78,2450000000.0,-2.18,945.05
2022-06-17,945.05,941.07,952.25,936.57,2640000000.0,0.02,946.34
2022-06-20,946.34,942.82,950.24,940.16,1330000000.0,0.14,954.71
2022-06-21,954.71,952.71,956.85,947.16,1450000000.0,0.88,945.80
2022-06-22,945.80,950.86,951.83,939.30,1490000000.0,-0.93,943.42
2022-06-23,943.42,948.14,948.58,940.87,1350000000.0,-0.25,950.36
2022-06-24,950.36,949.69,951.68,943.69,1310000000.0,0.74,958.71
2022-06-27,958.71,956.47,961.87,954.97,1230000000.0,0.88,968.73
2022-06-28,968.73,958.59,969.95,955.48,1230000000.0,1.05,963.08
2022-06-29,963.08,963.19,965.61,959.57,965400000.0,-0.58,951.07
2022-06-30,951.07,963.43,965.55,948.80,1510000000.0,-1.25,955.99
2022-07-01,955.99,953.74,958.20,948.88,1100000000.0,0.52,950.85
2022-07-04,950.85,957.05,959.09,949.52,1010000000.0,-0.54,943.49
2022-07-05,943.49,955.02,957.81,941.19,1560000000.0,-0.77,944.15
2022-07-06,944.15,943.19,947.33,936.90,1580000000.0,0.07,954.85
2022-07-07,954.85,946.14,956.59,943.10,1560000000.0,1.13,954.36
2022-07-08,954.36,959.41,960.27,950.81,1270000000.0,-0.05,955.75
2022-07-11,955.75,953.03,955.82,949.09,1070000000.0000001,0.15,948.50
2022-07-12,948.50,953.07,954.76,945.46,929760000.0,-0.76,942.57
2022-07-14,942.57,946.02,949.83,938.29,1580000000.0,-0.63,940.90
2022-07-15,940.90,943.48,944.22,929.92,1600000000.0,-0.18,947.96
2022-07-18,947.96,944.45,949.64,941.38,1070000000.0000001,0.75,940.27
2022-07-19,940.27,944.56,945.85,932.17,1330000000.0,-0.81,941.96
2022-07-20,941.96,945.45,946.16,938.35,1320000000.0,0.18,944.99
2022-07-21,944.99,941.07,946.97,938.22,1550000000.0,0.32,950.20
2022-07-22,950.20,948.57,952.24,942.27,2930000000.0,0.55,953.07
2022-07-25,953.07,950.58,955.54,945.61,1050000000.0,0.3,950.42
2022-07-26,950.42,955.13,956.13,949.36,1200000000.0,-0.28,958.73
2022-07-27,958.73,951.54,959.04,947.73,1140000000.0,0.87,965.53
2022-08-01,965.53,962.56,967.61,958.52,1830000000.0,0.71,965.65
2022-08-02,965.65,963.50,968.51,961.61,1440000000.0,0.01,967.19
2022-08-03,967.19,965.30,969.58,961.60,1240000000.0,0.16,967.29
2022-08-04,967.29,969.83,971.85,963.13,1360000000.0,0.01,969.41
2022-08-05,969.41,969.56,970.31,964.10,1510000000.0,0.22,979.06
2022-08-08,979.06,969.23,979.06,961.49,1420000000.0,1.0,982.23
2022-08-09,982.23,978.49,984.80,975.64,1180000000.0,0.32,983.12
2022-08-10,983.12,980.68,983.24,974.81,1520000000.0,0.09,985.62
2022-08-11,985.62,987.14,987.83,978.63,1690000000.0,0.25,986.65
2022-08-15,986.65,985.67,990.44,982.39,1340000000.0,0.1,986.68
2022-08-16,986.68,989.11,989.96,983.73,1490000000.0,0.0,991.48
2022-08-17,991.48,987.75,993.44,985.67,1560000000.0,0.49,989.00
2022-08-18,989.00,989.84,991.92,984.87,1230000000.0,-0.25,983.35
2022-08-19,983.35,987.10,989.97,981.73,1170000000.0,-0.57,976.20
2022-08-22,976.20,981.75,984.00,972.97,1070000000.0000001,-0.73,987.23
2022-08-23,987.23,975.27,989.54,972.29,1460000000.0,1.13,988.14
2022-08-24,988.14,986.78,992.73,982.79,2060000000.0,0.09,995.67
2022-08-25,995.67,993.38,997.74,990.80,1770000000.0,0.76,995.69
2022-08-26,995.69,996.52,998.54,990.45,1260000000.0,0.0,985.36
2022-08-29,985.36,982.93,989.91,980.16,1480000000.0,-1.04,994.59
2022-08-30,994.59,987.10,996.27,984.93,1240000000.0,0.94,996.33
2022-08-31,996.33,989.33,998.53,987.55,1780000000.0,0.17,984.55
2022-09-01,984.55,993.51,995.87,981.10,1570000000.0,-1.18,983.99
2022-09-02,983.99,984.56,987.31,976.98,1380000000.0,-0.06,982.59
2022-09-05,982.59,984.57,984.81,977.33,1030000000.0,-0.14,990.97
2022-09-06,990.97,986.29,993.75,984.75,1250000000.0,0.85,989.33
2022-09-07,989.33,988.78,990.58,983.50,1380000000.0,-0.17,987.49
2022-09-08,987.49,993.09,995.19,985.33,1290000000.0,-0.19,993.48
2022-09-09,993.48,991.43,996.05,988.43,948750000.0,0.61,"1,001.19"
2022-09-12,"1,001.19",997.84,"1,004.56",997.20,1120000000.0,0.78,"1,001.73"
2022-09-13,"1,001.73","1,003.06","1,005.46",998.97,1370000000.0,0.05,996.41
2022-09-14,996.41,991.86,998.94,990.42,1390000000.0,-0.53,989.04
2022-09-15,989.04,997.23,997.96,988.56,1200000000.0,-0.74,981.42
2022-09-16,981.42,986.50,988.07,979.63,2180000000.0,-0.77,981.37
2022-09-19,981.37,982.59,984.59,979.35,1050000000.0,-0.01,985.66
2022-09-20,985.66,986.70,990.22,983.71,1190000000.0,0.44,983.43
2022-09-21,983.43,986.37,988.62,983.20,1710000000.0,-0.23,989.15
2022-09-22,989.15,981.36,992.47,977.65,1210000000.0,0.58,980.86
2022-09-23,980.86,988.26,990.73,980.05,1080000000.0,-0.84,974.90
2022-09-26,974.90,977.80,978.57,970.48,1800000000.0,-0.61,972.71
2022-09-27,972.71,975.65,979.89,970.95,1670000000.0,-0.22,963.75
2022-09-28,963.75,965.31,969.07,962.40,1540000000.0,-0.92,956.73
2022-09-29,956.73,968.24,973.22,954.51,1490000000.0,-0.73,954.44
2022-09-30,954.44,955.62,959.66,952.51,1200000000.0,-0.24,937.55
2022-10-03,937.55,952.76,956.98,936.10,1720000000.0,-1.77,946.89
2022-10-04,946.89,948.11,950.75,939.90,1230000000.0,1.0,948.33
2022-10-05,948.33,951.78,953.98,944.96,1060000000.0,0.15,950.17
2022-10-06,950.17,951.90,957.11,950.09,1400000000.0,0.19,946.51
2022-10-07,946.51,951.09,952.52,941.61,950770000.0,-0.39,940.62
2022-10-10,940.62,941.54,943.19,936.07,1200000000.0,-0.62,937.22
2022-10-11,937.22,937.99,940.57,933.71,1090000000.0,-0.36,937.91
2022-10-12,937.91,938.66,941.36,935.14,1310000000.0,0.07,942.77
2022-10-17,942.77,938.84,945.27,931.66,1600000000.0,0.52,952.84
2022-10-18,952.84,946.36,956.40,945.35,1430000000.0,1.07,952.96
2022-10-19,952.96,954.13,956.93,949.59,956060000.0,0.01,961.71
2022-10-20,961.71,950.21,962.98,948.53,1770000000.0,0.92,961.60
2022-10-21,961.60,959.65,963.66,957.80,1130000000.0,-0.01,967.32
2022-10-25,967.32,965.90,968.66,962.90,1890000000.0,0.59,967.34
2022-10-26,967.34,970.18,971.42,965.33,2390000000.0,0.0,974.96
2022-10-27,974.96,969.81,977.20,967.09,1700000000.0,0.79,976.57
2022-10-28,976.57,975.35,978.08,970.35,937190000.0,0.17,979.45
2022-10-31,979.45,982.19,985.18,976.27,1130000000.0,0.29,989.52
2022-11-01,989.52,983.00,992.01,981.58,1270000000.0,1.03,991.48
2022-11-02,991.48,991.04,994.97,987.62,1010000000.0,0.2,989.65
2022-11-03,989.65,988.66,992.31,986.72,1040000000.0,-0.18,989.77
2022-11-04,989.77,991.58,997.03,989.30,1200000000.0,0.01,987.27
2022-11-07,987.27,993.31,995.52,984.97,1240000000.0,-0.25,994.83
2022-11-08,994.83,990.23,996.85,990.02,994710000.0,0.77,989.39
2022-11-09,989.39,994.96,996.86,987.55,1360000000.0,-0.55,987.63
2022-11-10,987.63,982.93,990.30,981.00,1030000000.0,-0.18,"1,001.30"
2022-11-11,"1,001.30",999.32,"1,003.34",994.96,1650000000.0,1.38,992.15
2022-11-14,992.15,997.43,"1,000.05",988.46,1040000000.0,-0.91,992.23
2022-11-15,992.23,993.04,996.30,989.20,1250000000.0,0.01,984.61
2022-11-16,984.61,991.42,991.67,981.99,1260000000.0,-0.77,980.74
2022-11-17,980.74,981.81,983.21,977.47,1010000000.0,-0.39,981.62
2022-11-18,981.62,980.92,983.55,977.37,932840000.0,0.09,984.74
2022-11-21,984.74,978.92,986.35,976.91,911520000.0,0.32,981.97
2022-11-22,981.97,985.15,991.22,979.59,1400000000.0,-0.28,987.84
2022-11-23,987.84,985.06,990.17,983.13,1320000000.0,0.6,988.13
2022-11-24,988.13,991.12,992.12,984.82,948240000.0,0.03,983.27
2022-11-25,983.27,985.35,985.84,980.42,743710000.0,-0.49,979.53
2022-11-28,979.53,978.91,982.56,976.28,793310000.0,-0.38,986.92
2022-11-29,986.92,981.12,987.37,978.47,1080000000.0,0.75,993.78
2022-11-30,993.78,987.32,994.48,983.53,1730000000.0,0.7,994.36
2022-12-01,994.36,996.86,997.99,992.39,1310000000.0,0.06,987.30
2022-12-02,987.30,993.63,994.21,985.39,843550000.0,-0.71,983.77
2022-12-06,983.77,985.74,986.56,980.06,1180000000.0,-0.36,978.83
2022-12-07,978.83,983.25,987.36,977.78,1040000000.0,-0.5,977.47
2022-12-08,977.47,979.22,980.26,972.84,956890000.0,-0.14,979.01
2022-12-09,979.01,977.90,983.22,974.63,817210000.0,0.16,981.17
2022-12-13,981.17,982.87,984.62,977.14,962510000.0,0.22,984.70
2022-12-14,984.70,983.50,987.28,981.22,987360000.0,0.36,978.58
2022-12-15,978.58,983.87,985.33,975.72,1090000000.0,-0.62,980.24
2022-12-16,980.24,975.34,980.60,973.29,1540000000.0,0.17,979.42
2022-12-19,979.42,979.57,982.62,975.22,1170000000.0,-0.08,973.67
2022-12-20,973.67,979.80,980.49,968.38,1080000000.0,-0.59,973.64
2022-12-21,973.64,975.13,975.30,969.31,940280000.0,0.0,977.86
2022-12-22,977.86,976.12,978.43,973.80,678330000.0,0.43,978.21
2022-12-23,978.21,974.47,979.92,972.89,739020000.0,0.04,983.51
2022-12-26,983.51,980.11,985.48,979.23,525429999.99999994,0.54,996.07
2022-12-27,996.07,986.71,998.02,986.02,1220000000.0,1.28,"1,000.54"
2022-12-28,"1,000.54",996.23,"1,002.07",994.18,814760000.0,0.45,"1,010.19"
2022-12-29,"1,010.19",998.37,"1,011.44",995.90,1170000000.0,0.96,"1,005.24"
2022-12-30,"1,005.24","1,010.12","1,014.08","1,005.10",1770000000.0,-0.49,"1,013.39"
2023-01-03,"1,013.39","1,009.84","1,016.78","1,007.95",1190000000.0,0.81,"1,009.90"
2023-01-04,"1,009.90","1,013.30","1,018.70","1,005.99",1400000000.0,-0.34,"1,002.46"
2023-01-05,"1,002.46","1,009.94","1,011.34",999.82,1770000000.0,-0.74,"1,007.61"
2023-01-06,"1,007.61","1,003.79","1,011.48","1,002.84",1660000000.0,0.51,"1,017.96"
2023-01-09,"1,017.96","1,015.57","1,020.24","1,014.48",1400000000.0,1.03,"1,017.02"
2023-01-10,"1,017.02","1,019.61","1,020.39","1,012.62",1420000000.0,-0.09,"1,011.61"
2023-01-11,"1,011.61","1,017.20","1,018.37","1,008.59",1300000000.0,-0.53,"1,011.80"
2023-01-12,"1,011.80","1,013.26","1,015.10","1,006.74",1170000000.0,0.02,"1,006.49"
2023-01-13,"1,006.49","1,014.31","1,016.63","1,001.50",1840000000.0,-0.52,"1,007.45"
2023-01-16,"1,007.45","1,009.29","1,012.57","1,003.50",1090000000.0,0.1,"1,004.34"
2023-01-17,"1,004.34","1,007.91","1,009.95","1,002.53",1020000000.0,-0.31,"1,008.22"
2023-01-18,"1,008.22","1,005.34","1,010.03","1,003.28",1090000000.0,0.39,"1,010.31"
2023-01-19,"1,010.31","1,005.61","1,011.63","1,004.83",1010000000.0,0.21,"1,001.97"
2023-01-20,"1,001.97","1,009.04","1,009.82",998.39,1610000000.0,-0.83,"1,006.08"
2023-01-23,"1,006.08","1,004.42","1,010.64","1,001.88",1110000000.0,0.41,"1,005.12"
2023-01-24,"1,005.12","1,009.80","1,013.53","1,004.93",824130000.0,-0.1,"1,005.04"
2023-01-25,"1,005.04","1,007.48","1,008.75","1,002.17",1170000000.0,-0.01,997.69
2023-01-26,997.69,"1,004.97","1,006.22",994.82,1290000000.0,-0.73,"1,003.12"
2023-01-27,"1,003.12",999.54,"1,005.32",996.04,1160000000.0,0.54,"1,002.72"
2023-01-30,"1,002.72","1,004.06","1,005.20",999.30,1260000000.0,-0.04,992.95
2023-01-31,992.95,"1,002.86","1,003.55",992.13,1590000000.0,-0.97,"1,002.39"
2023-02-01,"1,002.39",996.56,"1,003.93",995.91,1130000000.0,0.95,999.11
2023-02-02,999.11,"1,004.03","1,007.11",998.64,770560000.0,-0.33,"1,004.22"
2023-02-03,"1,004.22",999.61,"1,005.74",996.94,844000000.0,0.51,998.63
2023-02-06,998.63,"1,001.86","1,003.32",997.04,641980000.0,-0.56,998.25
2023-02-07,998.25,"1,000.28","1,004.09",995.65,1030000000.0,-0.04,992.32
2023-02-08,992.32,"1,000.64","1,001.49",990.31,998630000.0,-0.59,991.51
2023-02-09,991.51,992.04,994.08,984.62,1220000000.0,-0.08,989.10
2023-02-10,989.10,990.12,992.38,985.45,1260000000.0,-0.24,990.97
2023-02-13,990.97,986.10,993.03,984.47,904320000.0,0.19,986.08
2023-02-14,986.08,993.26,994.65,983.71,1150000000.0,-0.49,986.19
2023-02-15,986.19,985.32,990.02,982.18,6890000000.0,0.01,994.81
2023-02-16,994.81,990.55,995.98,987.33,991590000.0,0.87,990.44
2023-02-17,990.44,991.95,993.57,985.41,1280000000.0,-0.44,991.60
2023-02-20,991.60,992.72,993.47,987.82,959070000.0,0.12,997.76
2023-02-21,997.76,992.62,998.94,987.36,966650000.0,0.62,991.27
2023-02-22,991.27,995.42,996.87,988.97,934190000.0,-0.65,986.26
2023-02-23,986.26,989.80,990.96,982.75,1230000000.0,-0.51,973.75
2023-02-24,973.75,986.85,987.62,972.22,1160000000.0,-1.27,969.33
2023-02-27,969.33,973.40,975.96,968.82,987840000.0,-0.45,965.56
2023-02-28,965.56,973.97,976.73,964.03,2029999999.9999998,-0.39,966.94
2023-03-01,966.94,969.37,972.60,965.61,1090000000.0,0.14,965.31
2023-03-02,965.31,966.41,973.55,962.01,1250000000.0,-0.17,960.90
2023-03-03,960.90,966.55,966.76,958.58,1860000000.0,-0.46,967.02
2023-03-07,967.02,965.74,972.48,965.36,1750000000.0,0.64,961.77
2023-03-08,961.77,958.13,964.54,953.36,1400000000.0,-0.54,962.35
2023-03-09,962.35,964.20,968.30,958.88,1230000000.0,0.06,954.28
2023-03-10,954.28,955.95,959.01,951.63,1040000000.0,-0.84,939.39
2023-03-13,939.39,951.32,959.25,938.67,2020000000.0,-1.56,910.71
2023-03-14,910.71,933.92,939.42,906.76,2990000000.0,-3.05,937.98
2023-03-15,937.98,923.91,944.35,923.56,1770000000.0,2.99,932.80
2023-03-16,932.80,928.13,936.37,921.90,1720000000.0,-0.55,940.40
2023-03-17,940.40,939.65,946.53,933.89,1840000000.0,0.81,933.94
2023-03-20,933.94,937.54,944.41,925.89,1390000000.0,-0.69,949.49
2023-03-21,949.49,940.00,951.41,938.19,1210000000.0,1.66,956.67
2023-03-22,956.67,954.93,958.93,951.26,1370000000.0,0.76,961.29
2023-03-23,961.29,954.89,965.39,951.84,1420000000.0,0.48,960.41
2023-03-24,960.41,963.69,966.12,958.44,970430000.0,-0.09,960.01
2023-03-27,960.01,962.36,962.91,956.06,760850000.0,-0.04,967.78
2023-03-28,967.78,965.41,968.63,964.04,1430000000.0,0.81,971.45
2023-03-29,971.45,970.93,974.30,965.49,1030000000.0,0.38,969.55
2023-03-30,969.55,971.63,975.04,964.65,1050000000.0,-0.2,974.26
2023-03-31,974.26,970.47,976.98,968.78,745130000.0,0.49,964.83
2023-04-03,964.83,975.01,977.46,961.42,758790000.0,-0.97,961.27
2023-04-04,961.27,965.83,967.34,958.09,944510000.0,-0.37,946.12
2023-04-05,946.12,960.74,961.44,944.75,1010000000.0,-1.58,950.93
2023-04-07,950.93,947.86,955.00,945.92,936500000.0,0.51,963.52
2023-04-10,963.52,950.72,966.35,946.22,775730000.0,1.32,965.51
2023-04-11,965.51,964.87,966.41,959.95,992930000.0,0.21,961.76
2023-04-12,961.76,965.82,966.28,952.52,1200000000.0,-0.39,966.09
2023-04-17,966.09,961.08,969.22,957.44,1120000000.0,0.45,961.00
2023-04-18,961.00,965.53,966.54,957.56,1020000000.0,-0.53,953.80
2023-04-19,953.80,956.55,962.49,951.54,1230000000.0,-0.75,943.50
2023-04-20,943.50,952.83,954.96,941.16,1680000000.0,-1.08,938.50
2023-04-21,938.50,942.37,948.37,931.70,2049999999.9999998,-0.53,939.38
2023-04-24,939.38,936.02,940.92,934.52,1080000000.0,0.09,931.62
2023-04-25,931.62,938.92,940.60,930.36,1330000000.0,-0.83,934.54
2023-04-26,934.54,934.71,939.02,926.85,1340000000.0,0.31,924.98
2023-04-27,924.98,931.15,931.67,921.36,818980000.0,-1.02,922.72
2023-04-28,922.72,928.16,932.89,918.86,939540000.0,-0.24,927.01
2023-05-02,927.01,925.86,928.64,918.67,1030000000.0,0.46,929.50
2023-05-03,929.50,922.56,930.73,913.14,1650000000.0,0.27,949.68
2023-05-08,949.68,936.05,949.68,932.05,1600000000.0,2.17,949.21
2023-05-09,949.21,949.51,953.34,943.83,1410000000.0,-0.05,951.69
2023-05-10,951.69,947.47,953.24,943.89,1180000000.0,0.26,950.57
2023-05-11,950.57,953.01,956.76,948.30,1470000000.0,-0.12,947.72
2023-05-12,947.72,948.57,950.44,938.38,1500000000.0,-0.3,935.87
2023-05-15,935.87,954.75,954.75,933.05,1720000000.0,-1.25,934.35
2023-05-16,934.35,936.03,939.57,932.18,1400000000.0,-0.16,922.93
2023-05-17,922.93,935.31,936.13,918.12,1680000000.0,-1.22,925.91
2023-05-18,925.91,928.07,936.59,925.91,1420000000.0,0.32,919.44
2023-05-19,919.44,927.70,928.80,917.52,1580000000.0,-0.7,929.56
2023-05-22,929.56,912.18,931.52,903.66,1600000000.0,1.1,929.43
2023-05-23,929.43,926.79,931.42,919.78,1840000000.0,-0.01,929.22
2023-05-24,929.22,926.14,934.28,925.64,1220000000.0,-0.02,928.88
2023-05-25,928.88,929.40,933.06,924.56,1570000000.0,-0.04,924.72
2023-05-26,924.72,926.88,929.05,922.70,1140000000.0,-0.45,931.76
2023-05-29,931.76,928.23,933.22,927.86,972410000.0,0.76,926.91
2023-05-30,926.91,933.01,934.49,923.79,1360000000.0,-0.52,924.65
2023-05-31,924.65,919.23,924.92,916.65,2630000000.0,-0.24,917.28
2023-06-01,917.28,925.34,927.91,916.56,1450000000.0,-0.8,924.89
2023-06-02,924.89,921.08,927.80,918.88,1540000000.0,0.83,923.54
2023-06-06,923.54,929.53,930.85,921.70,1460000000.0,-0.15,927.00
2023-06-07,927.00,925.37,927.68,918.94,1460000000.0,0.37,945.95
2023-06-08,945.95,927.06,945.95,924.77,1630000000.0,2.04,941.58
2023-06-09,941.58,944.80,945.28,938.26,1240000000.0,-0.46,939.81
2023-06-12,939.81,938.24,942.99,936.15,1250000000.0,-0.19,947.28
2023-06-13,947.28,940.80,950.39,939.92,928060000.0,0.79,946.07
2023-06-14,946.07,949.55,952.18,944.30,1100000000.0,-0.13,947.62
2023-06-15,947.62,945.99,950.81,943.29,1210000000.0,0.16,948.82
2023-06-16,948.82,951.16,954.62,939.84,1600000000.0,0.13,949.69
2023-06-19,949.69,946.35,953.84,944.31,802810000.0,0.09,934.61
2023-06-20,934.61,939.35,942.90,930.41,1730000000.0,-1.59,925.93
2023-06-21,925.93,931.51,933.28,921.45,1300000000.0,-0.93,918.69
2023-06-22,918.69,927.91,928.35,915.29,1280000000.0,-0.78,917.58
2023-06-23,917.58,915.42,921.61,910.60,1060000000.0,-0.12,908.30
2023-06-26,908.30,916.90,919.63,906.54,1480000000.0,-1.01,902.74
2023-06-27,902.74,910.21,914.45,902.74,1110000000.0,-0.61,896.42
2023-06-28,896.42,906.47,908.30,895.16,1940000000.0,-0.7,902.65
2023-06-29,902.65,897.31,911.03,891.79,2420000000.0,0.69,919.28
2023-06-30,919.28,909.37,920.82,908.00,1870000000.0,1.84,922.40
2023-07-03,922.40,922.27,923.41,914.05,927800000.0,0.34,928.06
2023-07-04,928.06,919.70,931.00,917.92,1420000000.0,0.61,926.27
2023-07-05,926.27,925.51,929.72,923.81,1200000000.0,-0.19,914.49
2023-07-06,914.49,921.42,923.53,910.71,1210000000.0,-1.27,914.37
2023-07-07,914.37,908.04,918.20,903.16,873790000.0,-0.01,919.81
2023-07-10,919.81,916.85,920.94,908.75,1050000000.0,0.59,921.32
2023-07-11,921.32,924.79,926.34,917.40,890250000.0,0.16,920.65
2023-07-12,920.65,924.50,929.43,917.61,1330000000.0,-0.07,921.83
2023-07-13,921.83,920.74,924.74,918.19,1160000000.0,0.13,937.80
2023-07-14,937.80,924.90,939.00,924.90,1430000000.0,1.73,942.50
2023-07-17,942.50,939.79,945.71,934.90,1450000000.0,0.5,948.76
2023-07-18,948.76,941.08,949.08,941.08,1470000000.0,0.66,947.99
2023-07-19,947.99,949.82,954.82,944.09,1800000000.0,-0.08,938.72
2023-07-20,938.72,947.55,951.46,938.49,1350000000.0,-0.98,945.22
2023-07-21,945.22,941.01,947.74,935.58,1500000000.0,0.69,944.01
2023-07-24,944.01,945.28,951.88,940.96,1180000000.0,-0.13,946.10
2023-07-25,946.10,947.92,951.12,940.79,1090000000.0,0.22,945.55
2023-07-26,945.55,946.94,948.51,941.92,1020000000.0,-0.06,957.58
2023-07-27,957.58,947.28,960.28,942.69,1810000000.0,1.27,966.18
2023-07-31,966.18,962.36,970.58,961.05,1530000000.0,0.9,963.01
2023-08-02,963.01,961.51,969.85,958.85,1460000000.0,-0.33,947.72
2023-08-03,947.72,957.71,960.21,947.22,1490000000.0,-1.59,948.68
2023-08-04,948.68,948.81,955.73,948.46,1140000000.0,0.1,952.05
2023-08-07,952.05,950.82,957.81,942.80,1120000000.0,0.36,942.11
2023-08-08,942.11,953.53,954.83,942.11,1120000000.0,-1.04,948.05
2023-08-09,948.05,944.12,948.80,939.10,1110000000.0,0.63,951.10
2023-08-10,951.10,947.93,951.13,940.46,1420000000.0,0.32,951.23
2023-08-11,951.23,952.18,955.45,946.97,2460000000.0,0.01,939.78
2023-08-15,939.78,950.26,951.24,936.93,1430000000.0,-1.2,938.88
2023-08-16,938.88,936.72,939.78,930.15,1490000000.0,-0.1,944.29
2023-08-17,944.29,934.76,945.97,932.52,1370000000.0,0.58,936.68
2023-08-18,936.68,941.60,943.10,934.07,2000000000.0,-0.81,941.98
2023-08-21,941.98,939.41,945.03,933.87,1190000000.0,0.57,954.56
2023-08-22,954.56,949.09,956.73,946.41,2040000000.0,1.34,954.71
2023-08-23,954.71,957.33,960.22,951.50,1730000000.0,0.02,960.35
2023-08-24,960.35,957.69,965.30,957.69,2490000000.0,0.59,960.47
2023-08-25,960.47,957.88,961.90,954.71,1820000000.0,0.01,960.75
2023-08-28,960.75,963.80,966.07,958.65,1270000000.0,0.03,963.46
2023-08-29,963.46,962.46,967.31,960.11,1560000000.0,0.28,966.69
2023-08-30,966.69,966.68,970.42,964.23,1750000000.0,0.34,957.21
2023-08-31,957.21,964.80,965.62,956.67,4480000000.0,-0.98,957.01
2023-09-01,957.01,959.57,962.12,954.82,1530000000.0,-0.02,948.49
2023-09-04,948.49,958.52,959.30,946.78,1590000000.0,-0.89,947.09
2023-09-05,947.09,948.36,951.37,945.00,1460000000.0,-0.15,948.79
2023-09-06,948.79,946.71,952.47,944.80,1670000000.0,0.18,948.94
2023-09-07,948.94,948.53,953.97,946.43,1040000000.0,0.02,946.00
2023-09-08,946.00,949.05,951.30,945.87,973330000.0,-0.31,941.90
2023-09-11,941.90,946.65,948.06,938.35,926060000.0,-0.43,945.63
2023-09-12,945.63,944.15,949.43,943.22,951690000.0,0.4,941.24
2023-09-13,941.24,946.28,946.28,938.37,1010000000.0,-0.46,947.35
2023-09-14,947.35,943.26,949.34,939.12,959620000.0,0.65,946.02
2023-09-15,946.02,950.78,951.21,945.10,1430000000.0,-0.14,937.17
2023-09-18,937.17,944.04,944.04,935.78,1050000000.0,-0.94,933.53
2023-09-19,933.53,937.01,939.49,932.08,1110000000.0,-0.39,924.16
2023-09-20,924.16,932.74,932.74,920.84,1380000000.0,-1.0,927.52
2023-09-21,927.52,921.63,929.62,920.22,1130000000.0,0.36,933.69
2023-09-22,933.69,927.69,937.63,924.55,1430000000.0,0.67,923.50
2023-09-25,923.50,934.93,935.14,923.48,1130000000.0,-1.09,917.39
2023-09-26,917.39,921.32,928.96,916.94,1540000000.0,-0.66,919.75
2023-09-27,919.75,918.26,921.24,913.88,1320000000.0,0.26,909.88
2023-09-28,909.88,919.65,925.74,908.50,1750000000.0,-1.07,899.28
2023-09-29,899.28,909.59,911.23,899.28,1560000000.0,-1.16,901.06
2023-10-02,901.06,900.67,906.19,893.99,1180000000.0,0.2,885.67
2023-10-03,885.67,892.77,893.83,882.38,2210000000.0,-1.71,886.30
2023-10-04,886.30,873.49,889.02,872.86,1800000000.0,0.07,887.91
2023-10-05,887.91,887.84,889.62,880.68,1090000000.0,0.18,876.95
2023-10-06,876.95,890.93,891.15,874.00,985740000.0,-1.23,874.50
2023-10-09,874.50,874.98,876.58,868.27,1120000000.0,-0.28,878.02
2023-10-10,878.02,881.87,882.12,874.31,1030000000.0,0.4,893.57
2023-10-11,893.57,880.76,894.50,878.59,1340000000.0,1.77,890.26
2023-10-12,890.26,893.44,895.18,887.77,961950000.0,-0.37,876.65
2023-10-16,876.65,885.69,887.69,868.52,1370000000.0,-1.53,880.99
2023-10-17,880.99,880.18,886.01,877.71,973050000.0,0.5,888.33
2023-10-18,888.33,880.40,891.97,879.67,1320000000.0,0.83,877.98
2023-10-19,877.98,878.30,880.93,874.43,1060000000.0,-1.17,863.93
2023-10-20,863.93,875.37,877.72,862.01,1470000000.0,-1.6,857.99
2023-10-24,857.99,862.02,863.54,856.23,1330000000.0,-0.69,865.04
2023-10-25,865.04,865.62,873.81,863.53,1110000000.0,0.82,846.89
2023-10-26,846.89,859.83,861.05,845.61,1220000000.0,-2.1,859.26
2023-10-27,859.26,854.96,861.58,845.27,1080000000.0,1.46,865.78
2023-10-30,865.78,855.18,867.94,854.84,837550000.0,0.76,856.53
2023-10-31,856.53,865.03,865.21,851.57,1090000000.0,-1.07,855.05
2023-11-01,855.05,855.59,860.28,849.82,1220000000.0,-0.17,869.19
2023-11-02,869.19,863.55,872.42,862.74,1170000000.0,1.65,878.73
2023-11-03,878.73,875.42,881.86,873.04,1120000000.0,1.1,876.34
2023-11-06,876.34,885.81,886.33,876.34,1100000000.0,-0.27,871.54
2023-11-07,871.54,873.63,880.02,869.91,1150000000.0,-0.55,872.38
2023-11-08,872.38,872.57,876.90,869.27,1100000000.0,0.1,870.23
2023-11-09,870.23,871.74,874.23,859.62,1170000000.0,-0.25,860.48
2023-11-10,860.48,862.00,870.74,858.14,1420000000.0,-1.12,861.39
2023-11-13,861.39,861.57,863.11,853.72,1300000000.0,0.11,860.71
2023-11-14,860.71,863.90,866.22,855.97,1350000000.0,-0.08,878.86
2023-11-15,878.86,871.74,880.98,870.71,1900000000.0,2.11,879.00
2023-11-16,879.00,877.59,879.31,873.85,1500000000.0,0.02,876.75
2023-11-17,876.75,873.02,882.16,871.70,1320000000.0,-0.26,879.24
2023-11-20,879.24,876.32,880.29,872.58,1160000000.0,0.28,881.47
2023-11-21,881.47,884.79,884.79,877.52,998280000.0,0.25,874.59
2023-11-22,874.59,879.86,880.81,869.71,1120000000.0,-0.78,867.64
2023-11-23,867.64,874.93,875.05,863.54,897340000.0,-0.79,862.82
2023-11-24,862.82,868.14,870.65,860.84,757640000.0,-0.56,860.75
2023-11-27,860.75,859.18,863.73,855.07,1020000000.0,-0.24,866.36
2023-11-28,866.36,865.27,869.73,861.32,1000000000.0,0.65,857.90
2023-11-29,857.90,868.96,869.34,857.52,1310000000.0,-0.98,852.94
2023-11-30,852.94,858.85,859.38,847.26,2410000000.0,-0.58,852.94
2023-12-01,852.94,853.57,854.87,847.86,884910000.0,0.0,855.70
2023-12-04,855.70,849.48,859.59,848.00,868290000.0,0.32,857.44
2023-12-06,857.44,854.80,860.83,851.50,980910000.0,0.2,850.00
2023-12-07,850.00,851.45,853.49,845.88,1210000000.0,-0.87,852.69
2023-12-08,852.69,852.30,857.76,848.98,984880000.0,0.32,850.55
2023-12-12,850.55,854.37,854.64,847.18,924640000.0,-0.25,841.20
2023-12-13,841.20,847.63,848.15,838.67,973590000.0,-1.1,854.81
2023-12-14,854.81,849.50,856.18,846.61,1030000000.0,1.62,863.64
2023-12-15,863.64,858.69,867.62,856.36,1650000000.0,1.03,865.13
2023-12-18,865.13,860.30,866.89,857.13,691100000.0,0.17,866.96
2023-12-19,866.96,866.53,868.67,862.71,767060000.0,0.21,869.24
2023-12-20,869.24,869.00,874.51,866.65,962130000.0,0.26,870.81
2023-12-21,870.81,865.31,873.54,864.65,1020000000.0,0.18,871.46
2023-12-22,871.46,872.37,872.51,866.68,859280000.0,0.07,874.45
2023-12-25,874.45,871.16,875.14,870.85,481320000.0,0.34,877.26
2023-12-26,877.26,873.35,878.07,872.31,774170000.0,0.32,873.79
2023-12-27,873.79,878.06,878.77,871.14,1060000000.0,-0.4,875.25
2023-12-28,875.25,874.11,878.69,873.37,1390000000.0,0.17,884.83
2024-01-02,884.83,874.70,886.36,872.71,1100000000.0,1.09,880.60
2024-01-03,880.60,883.52,885.69,878.32,1160000000.0,-0.48,881.44
2024-01-04,881.44,879.05,882.72,873.71,1280000000.0,0.1,874.81
2024-01-05,874.81,879.15,883.38,872.74,1020000000.0,-0.75,868.83
2024-01-08,868.83,874.37,875.34,865.48,1120000000.0,-0.68,867.94
2024-01-09,867.94,875.53,876.04,866.80,957740000.0,-0.1,866.99
2024-01-10,866.99,868.76,870.61,864.29,1340000000.0,-0.11,863.87
2024-01-11,863.87,869.43,869.83,862.70,724300000.0,-0.36,865.60
2024-01-12,865.60,863.35,868.01,862.08,977200000.0,0.2,860.62
2024-01-15,860.62,866.88,866.97,858.43,692360000.0,-0.58,857.05
2024-01-16,857.05,859.99,860.91,855.73,928120000.0,-0.41,843.57
2024-01-17,843.57,853.82,854.04,841.67,1740000000.0,-1.57,840.80
2024-01-18,840.80,845.14,847.66,838.88,1540000000.0,-0.33,845.38
2024-01-19,845.38,845.84,849.15,842.24,1960000000.0,0.54,836.68
2024-01-22,836.68,845.91,845.98,836.19,2940000000.0,-1.03,830.52
2024-01-23,830.52,839.60,841.41,827.20,1860000000.0,-0.74,846.15
2024-01-24,846.15,831.57,847.60,829.42,1510000000.0,1.88,842.28
2024-01-25,842.28,843.20,844.77,838.19,1240000000.0,-0.46,836.86
2024-01-26,836.86,841.95,844.76,833.99,1100000000.0,-0.64,841.30
2024-01-29,841.30,841.29,844.12,834.65,1040000000.0,0.53,838.49
2024-01-30,838.49,840.65,841.82,836.37,1270000000.0,-0.33,834.02
2024-01-31,834.02,839.59,840.02,830.29,1310000000.0,-0.53,836.15
2024-02-01,836.15,833.73,840.26,829.39,1160000000.0,0.26,847.31
2024-02-02,847.31,841.95,849.07,841.50,1170000000.0,1.33,846.52
2024-02-05,846.52,846.28,851.02,843.82,1380000000.0,-0.09,855.37
2024-02-06,855.37,847.98,858.54,847.98,1400000000.0,1.05,857.43
2024-02-07,857.43,857.17,859.30,853.07,1110000000.0,0.24,849.62
2024-02-08,849.62,856.49,860.04,849.12,1080000000.0,-0.91,848.58
2024-02-09,848.58,850.41,851.86,846.71,684730000.0,-0.12,849.52
2024-02-12,849.52,849.26,851.99,846.78,796560000.0,0.11,850.94
2024-02-13,850.94,850.96,855.08,849.87,932790000.0,0.17,844.51
2024-02-14,844.51,843.66,846.80,841.39,941790000.0,-0.76,845.18
2024-02-15,845.18,845.37,849.14,842.42,1170000000.0,0.08,845.97
2024-02-16,845.97,850.72,852.87,843.26,1140000000.0,0.09,846.24
2024-02-19,846.24,843.27,848.38,842.38,868230000.0,0.03,842.74
2024-02-20,842.74,847.04,847.66,838.50,1100000000.0,-0.41,852.03
2024-02-21,852.03,844.02,852.93,840.61,1590000000.0,1.1,857.54
2024-02-22,857.54,854.20,859.80,851.40,1390000000.0,0.65,855.12
2024-02-23,855.12,858.19,858.64,853.39,1310000000.0,-0.28,849.90
2024-02-27,849.90,853.81,856.86,847.28,1520000000.0,-0.61,841.77
2024-02-28,841.77,846.66,847.41,840.57,1100000000.0,-0.96,836.19
2024-02-29,836.19,841.16,842.23,832.90,2440000000.0,-0.66,833.85
2024-03-01,833.85,836.02,840.06,832.36,1300000000.0,-0.28,831.58
2024-03-04,831.58,834.91,837.55,830.85,914680000.0,-0.27,829.39
2024-03-05,829.39,828.85,831.72,823.55,1210000000.0,-0.26,837.26
2024-03-06,837.26,827.70,841.06,827.43,1110000000.0,0.95,838.39
2024-03-07,838.39,839.86,842.07,833.14,1050000000.0,0.13,848.02
2024-03-08,848.02,839.01,848.12,838.48,903880000.0,1.15,842.76
2024-03-11,842.76,845.37,848.59,841.96,923630000.0,-0.62,843.40
2024-03-12,843.40,845.52,847.20,839.44,988600000.0,0.08,846.75
2024-03-13,846.75,843.14,849.14,842.03,1110000000.0,0.4,854.36
2024-03-14,854.36,846.82,854.80,845.14,1060000000.0,0.9,847.13
2024-03-15,847.13,850.59,852.21,847.03,1540000000.0,-0.85,848.72
2024-03-18,848.72,848.91,853.47,847.53,981080000.0,0.19,845.98
2024-03-19,845.98,847.83,852.28,845.67,834040000.0,-0.32,841.04
2024-03-20,841.04,847.51,849.01,840.11,885420000.0,-0.58,850.82
2024-03-21,850.82,848.34,851.75,847.39,926260000.0,1.16,847.80
2024-03-22,847.80,847.79,853.09,846.33,1060000000.0,-0.35,841.69
2024-03-25,841.69,847.31,850.91,838.73,1230000000.0,-0.72,844.10
2024-03-26,844.10,841.36,845.84,838.89,1100000000.0,0.29,845.66
2024-03-27,845.66,842.30,849.07,841.79,851050000.0,0.18,838.31
2024-03-28,838.31,846.20,847.49,836.85,963860000.0,-0.87,844.41
2024-03-29,844.41,839.87,844.91,839.20,827350000.0,0.73,845.21
2024-04-01,845.21,845.49,849.12,841.71,862940000.0,0.09,845.81
2024-04-02,845.81,843.53,847.19,841.89,1270000000.0,0.07,844.40
2024-04-03,844.40,842.58,849.77,841.93,1270000000.0,-0.17,844.16
2024-04-04,844.16,846.35,847.52,840.40,862300000.0,-0.03,846.14
2024-04-05,846.14,842.00,848.02,839.88,703340000.0,0.23,864.86
2024-04-09,864.86,848.92,864.86,846.88,1490000000.0,2.21,868.31
2024-04-10,868.31,866.50,871.51,864.90,1080000000.0,0.4,859.39
2024-04-11,859.39,866.25,867.21,858.28,1130000000.0,-1.03,839.55
2024-04-17,839.55,845.71,847.29,837.01,1700000000.0,-2.31,834.89
2024-04-18,834.89,840.34,843.74,826.82,1700000000.0,-0.56,816.80
2024-04-19,816.80,820.35,824.43,815.35,1760000000.0,-2.17,827.66
2024-04-22,827.66,825.20,829.13,821.36,1160000000.0,1.33,832.20
2024-04-23,832.20,830.29,836.19,829.73,1440000000.0,0.55,834.74
2024-04-24,834.74,837.50,837.67,830.48,1240000000.0,0.31,836.55
2024-04-25,836.55,832.91,838.11,831.31,1010000000.0,0.22,833.69
2024-04-26,833.69,837.23,838.24,832.08,978910000.0,-0.34,834.08
2024-04-29,834.08,837.37,837.41,828.80,1140000000.0,0.05,837.97
2024-04-30,837.97,836.17,841.99,834.65,1210000000.0,0.47,835.21
2024-05-02,835.21,838.63,840.71,834.81,1520000000.0,-0.33,840.39
2024-05-03,840.39,837.84,842.68,836.64,1190000000.0,0.62,845.72
2024-05-07,845.72,844.16,851.91,843.54,1500000000.0,0.63,843.29
2024-05-08,843.29,846.45,847.48,842.87,1280000000.0,-0.29,841.31
2024-05-09,841.31,843.84,847.55,839.87,1110000000.0,-0.23,843.75
2024-05-10,843.75,842.42,844.31,838.97,749440000.0,0.29,844.41
2024-05-13,844.41,844.26,846.89,840.11,1300000000.0,0.08,847.74
2024-05-14,847.74,845.23,850.34,844.27,1070000000.0000001,0.39,844.54
2024-05-15,844.54,848.47,849.14,842.22,1500000000.0,-0.38,850.15
2024-05-16,850.15,847.81,854.95,846.09,1290000000.0,0.66,853.89
2024-05-17,853.89,850.34,855.38,848.81,996580000.0,0.44,850.86
2024-05-20,850.86,855.70,858.61,849.53,1350000000.0,-0.35,844.77
2024-05-21,844.77,849.32,849.32,842.26,1190000000.0,-0.72,843.52
2024-05-23,843.52,842.70,847.16,841.26,1470000000.0,-0.15,840.13
2024-05-24,840.13,838.34,841.66,837.24,1570000000.0,-0.4,842.65
2024-05-27,842.65,843.24,844.32,838.80,1270000000.0,0.3,839.50
2024-05-28,839.50,843.69,844.09,838.31,1100000000.0,-0.37,829.58
2024-05-29,829.58,837.11,839.96,829.58,1310000000.0,-1.18,830.37
2024-05-30,830.37,826.78,832.33,823.05,1410000000.0,0.1,825.96
2024-05-31,825.96,832.22,836.65,824.23,4090000000.0,-0.53,822.31
2024-06-04,822.31,830.08,833.37,821.55,2390000000.0,-0.44,822.85
2024-06-05,822.85,824.01,827.43,819.43,1990000000.0,0.07,817.15
2024-06-06,817.15,825.09,827.21,815.27,1550000000.0,-0.69,819.85
2024-06-07,819.85,816.31,821.76,815.57,1570000000.0,0.33,811.63
2024-06-10,811.63,817.01,817.84,806.78,1480000000.0,-1.0,809.92
2024-06-11,809.92,811.37,816.80,808.25,1400000000.0,-0.21,812.74
2024-06-12,812.74,810.28,815.47,808.41,1630000000.0,0.35,810.56
2024-06-13,810.56,815.42,817.45,809.08,1180000000.0,-0.27,808.76
2024-06-14,808.76,809.95,812.88,806.47,1210000000.0,-0.22,802.38
2024-06-17,802.38,807.99,807.99,796.62,1320000000.0,-0.79,802.35
2024-06-18,802.35,804.89,811.37,801.16,1380000000.0,0.0,811.09
2024-06-19,811.09,805.35,811.09,796.93,2330000000.0,1.09,807.17
2024-06-20,807.17,810.06,810.90,803.33,1490000000.0,-0.48,808.74
2024-06-21,808.74,804.42,813.45,800.39,2320000000.0,0.19,815.52
2024-06-24,815.52,805.79,816.95,803.90,1650000000.0,0.84,816.55
2024-06-25,816.55,816.04,820.06,814.13,1570000000.0,0.13,817.58
2024-06-26,817.58,819.31,821.05,814.80,1210000000.0,0.13,811.50
2024-06-27,811.50,814.56,815.42,809.44,1260000000.0,-0.74,806.10
2024-06-28,806.10,812.58,812.86,803.44,2330000000.0,-0.67,805.84
2024-07-01,805.84,806.33,809.54,802.91,1110000000.0,-0.03,800.12
2024-07-02,800.12,804.26,804.55,797.41,1310000000.0,-0.71,804.69
2024-07-03,804.69,800.98,805.61,799.15,892130000.0,0.57,808.62
2024-07-04,808.62,808.72,814.02,808.20,919130000.0,0.49,814.04
2024-07-05,814.04,810.33,814.45,806.65,1170000000.0,0.67,819.63
2024-07-08,819.63,813.41,819.63,812.52,1060000000.0,0.69,818.75
2024-07-09,818.75,820.17,821.23,815.64,1180000000.0,-0.11,821.98
2024-07-10,821.98,819.33,824.03,818.11,1150000000.0,0.39,826.95
2024-07-11,826.95,823.96,827.64,819.14,1210000000.0,0.6,827.38
2024-07-12,827.38,825.40,828.51,823.55,1440000000.0,0.05,826.14
2024-07-15,826.14,823.47,826.97,820.58,1170000000.0,-0.15,822.62
2024-07-16,822.62,826.05,828.09,821.18,1250000000.0,-0.43,824.25
2024-07-17,824.25,825.75,829.54,822.63,1320000000.0,0.2,827.91
2024-07-18,827.91,822.62,830.03,822.15,2190000000.0,0.44,822.87
2024-07-19,822.87,825.27,827.55,822.28,1350000000.0,-0.61,815.89
2024-07-23,815.89,824.30,826.47,814.97,1890000000.0,-0.85,813.22
2024-07-24,813.22,814.69,816.17,810.14,1660000000.0,-0.33,810.88
2024-07-25,810.88,807.51,812.61,807.31,1420000000.0,-0.29,821.29
2024-07-26,821.29,811.95,821.48,809.52,1520000000.0,1.28,822.64
2024-07-30,822.64,825.21,828.28,820.55,1590000000.0,0.16,831.91
2024-07-31,831.91,826.43,833.10,825.83,1740000000.0,1.13,832.82
2024-08-01,832.82,832.71,837.52,829.93,1530000000.0,0.11,827.63
2024-08-02,827.63,827.33,830.77,825.26,1210000000.0,-0.62,805.95
2024-08-05,805.95,816.27,817.52,804.04,2060000000.0,-2.62,806.18
2024-08-06,806.18,813.54,816.02,805.56,1280000000.0,0.03,817.70
2024-08-07,817.70,811.66,819.71,811.66,1530000000.0,1.43,819.10
2024-08-08,819.10,815.09,821.51,814.69,1490000000.0,0.17,822.84
2024-08-09,822.84,826.28,828.87,818.98,1740000000.0,0.46,823.16
2024-08-13,823.16,824.61,825.91,819.77,1690000000.0,0.04,818.89
2024-08-14,818.89,824.40,828.92,810.92,2089999999.9999998,-0.52,817.71
2024-08-15,817.71,817.63,818.78,810.09,1280000000.0,-0.14,825.35
2024-08-16,825.35,821.82,827.19,820.18,1380000000.0,0.93,837.25
2024-08-19,837.25,826.78,837.88,824.11,1940000000.0,1.44,839.99
2024-08-20,839.99,839.58,846.73,837.20,1510000000.0,0.33,845.53
2024-08-21,845.53,840.32,846.86,838.74,1210000000.0,0.66,846.76
2024-08-22,846.76,845.63,849.05,842.50,1240000000.0,0.15,854.25
2024-08-23,854.25,846.00,855.15,845.37,2410000000.0,0.88,861.22
2024-08-26,861.22,854.11,862.90,851.21,2350000000.0,0.82,860.47
2024-08-27,860.47,861.18,864.07,858.01,1500000000.0,-0.09,863.26
2024-08-28,863.26,858.10,866.68,855.36,1460000000.0,0.32,857.40
2024-08-29,857.40,859.34,863.09,856.46,1260000000.0,-0.68,857.38
2024-08-30,857.38,859.23,864.15,855.16,2830000000.0,0.0,854.15
2024-09-02,854.15,853.75,857.20,852.63,1660000000.0,-0.38,860.21
2024-09-03,860.21,853.98,864.69,853.98,1490000000.0,0.71,860.59
2024-09-04,860.59,853.89,862.61,853.89,1300000000.0,0.04,888.75
2024-09-05,888.75,865.22,889.76,864.56,2460000000.0,3.27,905.34
2024-09-06,905.34,895.60,908.41,894.66,4250000000.0,1.87,904.37
2024-09-09,904.37,905.27,911.23,896.63,3230000000.0,-0.11,901.78
2024-09-10,901.78,904.05,906.09,897.71,2260000000.0,-0.29,893.40
2024-09-11,893.40,898.84,901.94,886.98,1900000000.0,-0.93,897.32
2024-09-12,897.32,898.55,904.02,897.00,1320000000.0,0.44,899.81
2024-09-13,899.81,902.00,906.14,897.34,2000000000.0,0.28,904.75
2024-09-16,904.75,899.90,906.15,897.75,2840000000.0,0.55,906.50
2024-09-17,906.50,905.55,907.94,901.70,2220000000.0,0.19,904.90
2024-09-18,904.90,906.84,913.14,903.15,2430000000.0,-0.18,917.74
2024-09-19,917.74,907.48,917.74,903.87,2450000000.0,1.42,913.59
2024-09-20,913.59,919.56,922.50,913.59,2170000000.0,-0.45,913.23
2024-09-23,913.23,915.70,917.72,908.27,1480000000.0,-0.04,924.61
2024-09-24,924.61,915.77,925.72,912.94,1550000000.0,1.25,924.27
2024-09-25,924.27,927.23,931.59,922.11,2120000000.0,-0.04,920.46
2024-09-26,920.46,925.23,926.58,916.11,1820000000.0,-0.41,915.43
2024-09-27,915.43,919.03,922.62,912.11,2100000000.0,-0.55,914.07
2024-09-30,914.07,910.97,917.88,910.36,1450000000.0,-0.15,924.78
2024-10-01,924.78,914.19,928.42,914.17,1660000000.0,1.17,917.98
2024-10-02,917.98,923.03,925.25,914.45,1640000000.0,-0.74,914.94
2024-10-03,914.94,914.17,919.97,910.26,1570000000.0,-0.33,917.34
2024-10-04,917.34,914.50,920.26,909.29,1660000000.0,0.26,922.53
2024-10-07,922.53,916.97,923.16,915.71,1570000000.0,0.57,922.03
2024-10-08,922.03,919.32,927.42,918.56,1510000000.0,-0.05,926.37
2024-10-09,926.37,923.37,929.25,922.13,1250000000.0,0.47,935.24
2024-10-10,935.24,930.33,940.46,926.71,1180000000.0,0.96,936.64
2024-10-11,936.64,937.99,945.43,936.08,1570000000.0,0.15,936.38
2024-10-15,936.38,938.14,945.15,934.92,1410000000.0,-0.03,947.65
2024-10-16,947.65,934.77,950.46,933.29,1910000000.0,1.2,956.49
2024-10-17,956.49,951.25,959.39,950.56,1420000000.0,0.93,954.67
2024-10-18,954.67,955.18,965.78,953.65,1840000000.0,-0.19,953.76
2024-10-21,953.76,957.23,958.20,948.36,1350000000.0,-0.1,941.96
2024-10-22,941.96,951.18,953.67,939.12,1500000000.0,-1.24,934.94
2024-10-24,934.94,938.68,945.58,933.51,1690000000.0,-0.75,937.49
2024-10-25,937.49,937.54,941.40,932.32,1230000000.0,0.27,928.13
2024-10-28,928.13,937.81,938.95,926.00,1750000000.0,-1.0,927.31
2024-10-29,927.31,928.24,935.12,925.90,1130000000.0,-0.09,924.99
2024-10-30,924.99,924.99,930.82,921.79,1250000000.0,-0.25,936.69
2024-10-31,936.69,924.01,939.77,924.01,1080000000.0,1.26,935.77
2024-11-01,935.77,935.54,938.29,931.92,886790000.0,-0.1,937.15
2024-11-04,937.15,938.76,943.54,934.93,860620000.0,0.15,952.29
2024-11-05,952.29,938.46,956.35,936.93,1040000000.0,1.62,944.56
2024-11-06,944.56,953.99,958.59,941.30,1480000000.0,-0.81,947.96
2024-11-07,947.96,946.09,953.87,945.00,1100000000.0,0.36,941.49
2024-11-08,941.49,949.00,950.61,937.24,1080000000.0,-0.68,936.93
2024-11-11,936.93,941.31,942.68,934.47,1080000000.0,-0.48,931.81
2024-11-12,931.81,936.03,940.23,929.44,1160000000.0,-0.55,936.61
2024-11-13,936.61,934.25,946.68,934.02,957520000.0,0.52,935.95
2024-11-14,935.95,935.75,944.90,928.79,1330000000.0,-0.07,931.56
2024-11-15,931.56,939.73,942.09,927.21,1150000000.0,-0.47,938.91
2024-11-18,938.91,936.60,942.62,931.68,876330000.0,0.79,944.85
2024-11-19,944.85,945.09,953.71,943.56,1200000000.0,0.63,948.03
2024-11-20,948.03,947.19,948.06,941.75,935910000.0,0.34,929.11
2024-11-21,929.11,930.69,940.20,925.81,1020000000.0,-2.0,933.61
2024-11-22,933.61,932.36,936.88,925.19,1260000000.0,0.48,931.75
2024-11-25,931.75,938.47,940.71,930.80,1360000000.0,-0.2,928.55
2024-11-26,928.55,931.06,936.09,926.34,884930000.0,-0.34,923.23
2024-11-27,923.23,926.83,927.68,919.34,1050000000.0,-0.57,920.96
2024-11-28,920.96,923.21,925.87,916.57,1170000000.0,-0.25,918.45
2024-11-29,918.45,921.75,924.49,915.94,1430000000.0,-0.27,926.46
2024-12-02,926.46,921.23,926.46,913.58,965020000.0,0.87,939.60
2024-12-03,939.60,930.08,940.59,930.05,1390000000.0,1.42,935.49
2024-12-04,935.49,939.52,941.44,933.54,1040000000.0,-0.44,936.67
2024-12-06,936.67,934.99,939.78,933.33,990160000.0,0.13,934.77
2024-12-09,934.77,934.40,936.57,929.33,802710000.0,-0.2,931.80
2024-12-11,931.80,932.25,939.71,930.41,848220000.0,-0.32,930.00
2024-12-12,930.00,935.80,943.29,929.22,1400000000.0,-0.19,923.47
2024-12-13,923.47,926.25,928.90,921.69,1760000000.0,-0.7,920.01
2024-12-16,920.01,919.50,922.05,915.04,996080000.0,-0.37,903.02
2024-12-17,903.02,918.86,921.50,901.41,1370000000.0,-1.85,905.70
2024-12-18,905.70,905.59,909.35,898.04,1420000000.0,0.3,891.01
2024-12-19,891.01,894.48,902.25,888.20,1360000000.0,-1.62,883.72
2024-12-20,883.72,889.65,892.45,880.01,1960000000.0,-0.82,899.93
2024-12-23,899.93,890.55,900.90,885.51,1380000000.0,1.83,904.44
2024-12-24,904.44,902.36,906.79,900.32,779470000.0,0.5,907.17
2024-12-25,907.17,907.45,910.27,904.22,1050000000.0,0.3,906.41
2024-12-26,906.41,906.77,909.57,903.59,757570000.0,-0.08,908.90
2024-12-27,908.90,906.94,916.00,904.10,729340000.0,0.27,906.23
2024-12-30,906.23,910.62,915.79,905.96,807320000.0,-0.29,891.72
2025-01-02,891.72,904.48,906.10,890.13,962660000.0,-1.6,896.07
2025-01-03,896.07,894.62,899.22,890.93,793190000.0,0.49,888.73
2025-01-06,888.73,899.56,900.90,886.76,1280000000.0,-0.82,902.90
2025-01-07,902.90,890.96,906.27,890.96,1170000000.0,1.59,902.20
2025-01-08,902.20,902.93,905.03,897.06,1030000000.0,-0.08,887.78
2025-01-09,887.78,899.89,899.89,885.80,1450000000.0,-1.6,892.34
2025-01-10,892.34,887.88,894.63,880.06,1350000000.0,0.51,882.28
2025-01-13,882.28,885.88,889.06,878.62,1440000000.0,-1.13,874.32
2025-01-14,874.32,889.70,889.70,874.09,1490000000.0,-0.9,884.02
2025-01-15,884.02,876.52,884.02,869.93,1380000000.0,1.11,883.40
2025-01-16,883.40,890.78,891.83,879.01,1180000000.0,-0.07,875.76
2025-01-17,875.76,880.15,886.46,874.31,1380000000.0,-0.86,876.01
2025-01-20,876.01,879.18,883.27,873.63,1090000000.0,0.03,883.85
2025-01-21,883.85,880.71,888.15,877.18,1360000000.0,0.89,890.71
2025-01-22,890.71,885.44,892.22,885.29,2029999999.9999998,0.78,877.57
2025-01-23,877.57,889.00,890.84,877.57,1470000000.0,-1.48,884.29
2025-01-24,884.29,881.98,884.46,877.78,1080000000.0,0.77,873.85
2025-01-27,873.85,879.94,883.89,873.15,1040000000.0,-1.18,876.49
2025-01-28,876.49,867.77,878.29,867.77,1530000000.0,0.3,875.48
2025-01-29,875.48,880.98,881.72,873.00,1710000000.0,-0.12,870.26
2025-01-30,870.26,874.72,876.99,868.46,1250000000.0,-0.6,856.40
2025-01-31,856.40,871.27,872.79,852.95,2109999999.9999998,-1.59,849.54
2025-02-03,849.54,826.89,849.54,823.53,2150000000.0,-0.8,848.47
2025-02-04,848.47,854.03,858.32,847.16,1470000000.0,-0.13,838.08
2025-02-05,838.08,847.30,850.87,834.01,1400000000.0,-1.22,822.10
2025-02-06,822.10,840.27,841.17,820.18,1890000000.0,-1.91,838.22
2025-02-07,838.22,826.30,838.22,817.22,2280000000.0,1.96,829.87
2025-02-10,829.87,831.81,833.43,822.79,1620000000.0,-1.0,837.12
2025-02-11,837.12,831.38,838.81,828.22,1250000000.0,0.87,839.29
2025-02-13,839.29,840.06,849.78,836.63,1430000000.0,0.26,828.87
2025-02-14,828.87,840.59,841.22,827.03,1570000000.0,-1.24,810.82
2025-02-17,810.82,805.13,812.95,798.94,2049999999.9999998,-2.18,808.20
2025-02-18,808.20,811.42,813.51,804.16,1570000000.0,-0.32,808.57
2025-02-19,808.57,805.48,814.49,804.39,2100000000.0,0.05,795.06
2025-02-20,795.06,801.96,806.72,791.61,2089999999.9999998,-1.67,795.09
2025-02-21,795.09,793.60,800.91,790.96,1600000000.0,0.0,787.51
2025-02-24,787.51,792.01,792.04,781.71,2190000000.0,-0.95,768.55
2025-02-25,768.55,784.00,784.00,768.44,2230000000.0,-2.41,785.03
2025-02-26,785.03,770.79,787.63,769.78,2640000000.0,2.14,775.42
2025-02-27,775.42,781.98,787.26,773.02,1900000000.0,-1.22,766.70
2025-02-28,766.70,757.89,769.06,753.75,2900000000.0,-1.12,755.38
2025-03-03,755.38,769.43,772.36,753.37,1690000000.0,-1.48,746.01
2025-03-04,746.01,751.10,760.55,742.55,1680000000.0,-1.24,766.78
2025-03-05,766.78,752.39,768.56,750.36,1720000000.0,2.78,754.01
2025-03-06,754.01,766.40,766.79,751.77,1670000000.0,-1.67,763.23
2025-03-07,763.23,753.39,763.36,751.89,1450000000.0,1.22,745.12
2025-03-10,745.12,757.73,758.91,745.12,1270000000.0,-2.37,751.89
2025-03-11,751.89,737.67,754.20,733.19,1820000000.0,0.91,733.03
2025-03-12,733.03,750.42,751.86,731.10,1790000000.0,-2.51,732.83
2025-03-13,732.83,736.00,739.37,731.42,1100000000.0,-0.03,742.98
2025-03-14,742.98,735.29,745.89,733.23,1350000000.0,1.39,739.84
2025-03-17,739.84,744.69,747.02,736.53,1210000000.0,-0.42,745.01
2025-03-18,745.01,745.88,748.84,737.65,1440000000.0,0.7,753.88
2025-03-19,753.88,746.38,758.66,743.75,1360000000.0,1.19,747.90
2025-03-20,747.90,755.65,762.13,747.90,1350000000.0,-0.79,754.58
2025-03-21,754.58,752.41,755.23,748.61,2570000000.0,0.89,758.24
2025-03-24,758.24,755.89,759.88,751.43,851850000.0,0.49,755.22
2025-03-25,755.22,758.42,758.72,750.91,1280000000.0,-0.4,759.36
2025-03-26,759.36,756.45,762.84,756.45,1150000000.0,0.55,759.10
2025-03-27,759.10,759.32,762.76,756.82,1390000000.0,-0.03,750.73
2025-03-28,750.73,756.71,756.88,748.76,894660000.0,-1.1,739.77
2025-03-31,739.77,737.73,747.03,737.73,1640000000.0,-1.46,747.60
2025-04-01,747.60,745.48,751.61,745.07,871770000.0,1.06,751.43
2025-04-02,751.43,747.52,754.16,746.25,1190000000.0,0.51,741.67
2025-04-03,741.67,741.54,744.70,737.49,1720000000.0,-1.3,715.17
2025-04-04,715.17,736.56,737.09,713.61,2120000000.0,-3.57,683.69
2025-04-08,683.69,680.16,687.41,667.69,2890000000.0,-4.4,696.06
2025-04-09,696.06,682.30,701.24,676.75,2430000000.0,1.81,729.82
2025-04-10,729.82,730.53,739.55,720.88,2130000000.0,4.85,727.04
2025-04-11,727.04,726.12,732.49,718.90,1630000000.0,-0.38,730.31
2025-04-16,730.31,725.46,733.41,717.92,1730000000.0,0.45,729.31
2025-04-17,729.31,728.35,733.03,725.50,1390000000.0,-0.14,735.70
2025-04-18,735.70,731.23,737.92,729.34,1550000000.0,0.88,724.16
2025-04-21,724.16,734.16,737.77,720.64,1790000000.0,-1.57,730.20
2025-04-22,730.20,720.02,732.27,718.69,1820000000.0,0.83,738.54
2025-04-23,738.54,737.53,742.76,732.71,1710000000.0,1.14,732.52
2025-04-24,732.52,734.49,739.32,730.00,1280000000.0,-0.82,741.52
2025-04-25,741.52,738.89,743.60,736.20,1180000000.0,1.23,743.23
2025-04-28,743.23,743.91,747.99,740.61,1060000000.0,0.23,754.00
2025-04-29,754.00,744.43,754.00,740.54,1450000000.0,1.45,775.79
2025-04-30,775.79,754.52,775.79,752.65,2040000000.0,2.89,776.89
2025-05-02,776.89,787.49,790.70,774.35,1760000000.0,0.14,769.57
2025-05-06,769.57,778.31,779.85,769.22,1800000000.0,-0.94,793.73
2025-05-07,793.73,777.89,793.73,775.73,2230000000.0,3.14,783.61
2025-05-08,783.61,791.22,794.31,783.07,1940000000.0,-1.27,789.38
2025-05-09,789.38,788.37,791.19,776.85,1820000000.0,0.74,789.97
2025-05-13,789.97,801.92,805.23,788.23,2350000000.0,0.07,793.90
2025-05-14,793.90,790.80,795.72,785.47,1770000000.0,0.5,778.41
2025-05-15,778.41,788.19,790.61,775.50,1800000000.0,-1.95,779.20
2025-05-16,779.20,781.78,786.06,774.52,1400000000.0,0.1,771.93
2025-05-19,771.93,775.81,779.53,770.28,1570000000.0,-0.93,774.62
2025-05-20,774.62,777.30,781.93,772.24,1800000000.0,0.35,769.40
2025-05-21,769.40,777.86,782.88,766.29,1650000000.0,-0.67,766.63
2025-05-22,766.63,765.60,772.61,765.25,1380000000.0,-0.36,768.45
2025-05-23,768.45,769.95,775.17,766.44,1330000000.0,0.24,770.46
2025-05-26,770.46,770.18,771.80,762.35,1100000000.0,0.26,758.66
2025-05-27,758.66,768.81,768.81,755.81,1270000000.0,-1.53,756.00
2025-05-28,756.00,762.47,765.98,755.78,1210000000.0,-0.35,758.11
2025-05-29,758.11,767.71,769.86,757.14,1350000000.0,0.28,746.02
2025-05-30,746.02,751.47,755.66,746.02,2860000000.0,-1.59,734.36
2025-06-04,734.36,744.44,746.24,730.15,1860000000.0,-1.56,741.35
2025-06-05,741.35,739.16,745.17,736.81,1290000000.0,0.95,737.62
2025-06-06,737.62,741.12,741.67,731.97,1210000000.0,-0.5,736.15
2025-06-09,736.15,742.20,743.85,734.22,1030000000.0,-0.2,739.49
2025-06-10,739.49,735.65,743.22,735.65,1440000000.0,0.45,742.31
2025-06-11,742.31,741.52,745.07,739.81,1180000000.0,0.38,733.14
2025-06-12,733.14,741.28,743.79,731.47,1430000000.0,-1.24,730.27
2025-06-13,730.27,730.19,733.65,726.78,1890000000.0,-0.39,725.71
2025-06-16,725.71,729.42,732.53,720.39,1750000000.0,-0.62,724.09
2025-06-17,724.09,727.65,728.51,722.97,1020000000.0,-0.22,710.29
2025-06-18,710.29,723.92,729.42,710.29,1780000000.0,-1.91,692.83
2025-06-19,692.83,701.65,704.69,690.91,2460000000.0,-2.46,693.21
2025-06-20,693.21,695.65,703.59,691.09,2580000000.0,0.05,692.53
2025-06-23,692.53,688.11,696.18,684.49,1570000000.0,-0.1,720.17
2025-06-24,720.17,703.18,720.17,701.90,2530000000.0,3.99,725.35
2025-06-25,725.35,716.20,728.40,713.44,2670000000.0,0.72,722.33
2025-06-26,722.33,723.19,731.58,721.09,1720000000.0,-0.42,703.75
2025-06-27,703.75,720.28,720.67,700.48,1590000000.0,-2.57,708.60
2025-06-30,708.60,708.93,713.63,701.79,1940000000.0,0.69,723.73
2025-07-01,723.73,712.86,723.87,706.23,1660000000.0,2.14,726.38
2025-07-02,726.38,721.64,726.38,718.62,1260000000.0,0.37,732.19
2025-07-03,732.19,725.39,733.38,724.51,1400000000.0,0.8,726.16
2025-07-04,726.16,732.10,733.03,723.08,1280000000.0,-0.82,729.21
2025-07-07,729.21,721.92,729.21,717.45,1580000000.0,0.42,724.09
2025-07-08,724.09,722.57,728.22,720.79,1330000000.0,-0.7,720.98
2025-07-09,720.98,723.78,727.79,718.89,1280000000.0,-0.43,728.07
2025-07-11,728.07,725.91,735.77,725.09,1240000000.0,0.98,744.01
2025-07-14,744.01,728.84,744.01,728.10,1410000000.0,2.19,755.26
2025-07-15,755.26,743.65,756.74,740.21,2020000000.0,1.51,753.26
2025-07-16,753.26,754.41,760.77,750.66,1800000000.0,-0.26,782.85
2025-07-17,782.85,758.26,783.94,756.93,2300000000.0,3.93,789.42
2025-07-18,789.42,781.93,791.85,780.73,2170000000.0,0.84,789.99
2025-07-21,789.99,794.29,797.70,783.44,1650000000.0,0.07,779.28
2025-07-22,779.28,790.75,793.29,778.51,1890000000.0,-1.36,798.47
2025-07-23,798.47,787.84,801.32,787.37,2040000000.0,2.46,794.00
2025-07-24,794.00,794.12,804.66,789.11,1720000000.0,-0.56,798.05
2025-07-25,798.05,787.95,799.26,787.60,1260000000.0,0.51,810.12
2025-07-29,810.12,803.64,811.56,796.10,1730000000.0,1.51,815.40
2025-07-30,815.40,811.78,817.66,809.33,2250000000.0,0.65,814.78
2025-07-31,814.78,813.05,820.66,804.46,1960000000.0,-0.08,796.43
2025-08-01,796.43,821.06,823.48,795.49,2280000000.0,-2.25,806.38
2025-08-04,806.38,799.81,807.87,793.67,1430000000.0,1.25,815.58
2025-08-05,815.58,811.28,819.91,809.05,1890000000.0,1.14,823.56
2025-08-06,823.56,820.47,826.10,815.53,2520000000.0,0.98,825.09
2025-08-07,825.09,827.76,836.45,821.42,2280000000.0,0.19,818.09
2025-08-08,818.09,820.52,823.69,814.02,1970000000.0,-0.85,830.05
2025-08-13,830.05,826.72,832.50,820.40,2590000000.0,1.46,820.42
2025-08-14,820.42,828.77,832.00,819.68,1820000000.0,-1.16,817.19
2025-08-15,817.19,821.15,823.56,814.25,1730000000.0,-0.39,808.21
2025-08-18,808.21,818.41,818.41,807.35,1160000000.0,-1.1,803.55
2025-08-19,803.55,805.73,811.98,803.55,1310000000.0,-0.58,814.25
2025-08-20,814.25,802.17,816.10,799.13,1600000000.0,1.33,814.77
2025-08-21,814.77,817.72,820.13,811.60,1720000000.0,0.06,819.27
2025-08-22,819.27,816.72,823.26,813.51,1280000000.0,0.55,825.58
2025-08-25,825.58,827.13,829.70,823.45,1390000000.0,0.77,818.54
2025-08-26,818.54,820.26,826.46,816.77,2640000000.0,-0.85,817.01
2025-08-27,817.01,820.07,825.53,815.74,1230000000.0,-0.19,817.39
2025-08-28,817.39,816.88,822.11,815.31,1050000000.0,0.05,808.02
2025-08-29,808.02,815.92,821.73,807.66,2100000000.0,-1.15,813.99
2025-09-01,813.99,806.29,815.14,803.24,1490000000.0,0.74,816.85
2025-09-02,816.85,816.66,820.70,812.74,1220000000.0,0.35,823.37
2025-09-03,823.37,818.39,825.64,817.59,1750000000.0,0.8,815.65
2025-09-04,815.65,825.10,829.45,814.62,1360000000.0,-0.94,822.56
2025-09-05,822.56,819.39,827.48,817.25,1660000000.0,0.85,820.43
2025-09-08,820.43,827.94,830.15,819.42,1910000000.0,-0.26,826.50
2025-09-09,826.50,822.55,827.20,820.20,1720000000.0,0.74,826.21
2025-09-10,826.21,828.32,829.84,823.90,1290000000.0,-0.04,833.87
2025-09-11,833.87,827.29,836.64,827.29,1500000000.0,0.93,836.87
2025-09-12,836.87,838.87,841.59,833.57,1110000000.0,0.36,840.09
2025-09-15,840.09,837.32,840.90,831.97,1040000000.0,0.38,844.57
2025-09-16,844.57,843.44,847.31,841.04,1640000000.0,0.53,843.94
2025-09-17,843.94,845.33,847.76,842.64,1580000000.0,-0.07,838.74
2025-09-18,838.74,847.36,847.97,834.66,1380000000.0,-0.62,834.86
2025-09-19,834.86,840.78,841.97,834.21,1590000000.0,-0.46,829.34
2025-09-22,829.34,836.18,837.38,829.34,1240000000.0,-0.66,824.30
2025-09-23,824.30,831.03,834.84,823.67,1450000000.0,-0.61,825.68
2025-09-24,825.68,824.81,829.94,820.27,1340000000.0,0.17,832.92
2025-09-25,832.92,827.68,834.62,826.23,1230000000.0,0.88,825.62
2025-09-26,825.62,830.95,832.87,825.23,1080000000.0,-0.88,834.29
2025-09-29,834.29,831.39,837.47,826.83,1530000000.0,1.05,825.42
2025-09-30,825.42,832.44,835.29,821.85,1750000000.0,-1.06,824.34
2025-10-01,824.34,822.56,827.36,821.53,1140000000.0,-0.13,832.17
2025-10-02,832.17,830.69,836.67,828.89,1120000000.0,0.95,836.26
2025-10-03,836.26,833.22,840.05,830.67,1380000000.0,0.49,829.88
2025-10-06,829.88,837.89,839.37,829.88,1430000000.0,-0.76,841.82
2025-10-07,841.82,835.76,845.28,834.17,1250000000.0,1.44,841.60
2025-10-08,841.60,842.27,847.34,839.96,1550000000.0,-0.03,850.00
2025-10-09,850.00,844.31,850.02,842.65,1300000000.0,1.0,834.49
2025-10-10,834.49,839.62,841.23,832.51,1070000000.0000001,-1.82,821.14
2025-10-14,821.14,834.74,836.53,820.65,1470000000.0,-1.6,834.58
2025-10-15,834.58,828.47,836.16,826.05,1560000000.0,1.64,836.77
2025-10-16,836.77,838.87,843.01,833.58,1240000000.0,0.26,826.83
2025-10-17,826.83,830.29,836.47,826.26,1320000000.0,-1.19,835.45
2025-10-20,835.45,835.48,837.78,832.68,964120000.0,1.04,839.05
2025-10-21,839.05,839.63,841.65,835.93,1460000000.0,0.43,848.34
2025-10-22,848.34,840.12,855.50,836.53,1960000000.0,1.11,858.28
2025-10-24,858.28,853.52,863.22,851.02,2049999999.9999998,1.17,861.68
2025-10-27,861.68,865.24,876.98,861.07,1930000000.0,0.4,854.48
2025-10-28,854.48,864.62,866.50,851.78,1850000000.0,-0.84,855.68
2025-10-29,855.68,855.00,859.33,853.57,1370000000.0,0.14,855.87
2025-10-30,855.87,849.65,859.48,847.38,2350000000.0,0.02,851.93
2025-10-31,851.93,851.91,857.86,848.99,1350000000.0,-0.46,851.22
2025-11-03,851.22,856.04,857.36,848.12,1100000000.0,-0.08,844.31
2025-11-04,844.31,849.12,854.26,841.95,1730000000.0,-0.81,842.93
2025-11-05,842.93,837.03,846.79,835.47,1470000000.0,-0.16,853.59
2025-11-06,853.59,848.32,856.34,843.77,1690000000.0,1.26,847.55
2025-11-07,847.55,851.13,855.17,847.09,986490000.0,-0.71,850.53
2025-11-10,850.53,850.78,853.87,845.79,1100000000.0,0.35,847.15
2025-11-11,847.15,852.09,853.11,845.45,1430000000.0,-0.4,837.70
2025-11-12,837.70,849.56,849.90,837.70,1580000000.0,-1.12,840.27
2025-11-13,840.27,840.40,843.72,836.13,1250000000.0,0.31,828.73
2025-11-14,828.73,834.41,839.85,825.53,1070000000.0000001,-1.37,837.34
2025-11-17,837.34,828.13,839.51,825.09,1300000000.0,1.04,830.71
2025-11-18,830.71,829.46,836.73,829.46,1080000000.0,-0.79,829.29
2025-11-19,829.29,831.94,833.18,824.12,1610000000.0,-0.17,836.46
2025-11-20,836.46,835.94,845.26,833.01,1400000000.0,0.86,819.10
2025-11-21,819.10,827.63,830.29,814.66,1900000000.0,-2.08,818.98
2025-11-24,818.98,822.81,823.52,818.02,1460000000.0,-0.01,829.67
2025-11-25,829.67,824.06,831.18,820.53,1720000000.0,1.31,825.79
2025-11-26,825.79,833.59,834.03,823.61,2330000000.0,-0.47,820.47
2025-11-27,820.47,827.73,828.21,819.12,1190000000.0,-0.64,822.78
2025-11-28,822.78,823.70,828.15,818.67,1560000000.0,0.28,836.89
2025-12-01,836.89,823.80,838.72,823.20,1700000000.0,1.71,837.85
2025-12-02,837.85,838.69,838.84,831.18,1420000000.0,0.11,836.36
2025-12-03,836.36,837.37,841.80,834.79,1430000000.0,-0.18,837.85
2025-12-04,837.85,840.23,844.73,834.82,1520000000.0,0.18,832.04
2025-12-08,832.04,838.74,842.79,829.25,1230000000.0,-0.69,837.65
2025-12-09,837.65,832.61,837.65,831.70,859080000.0,0.67,828.42
2025-12-11,828.42,840.26,839.88,825.54,1200000000.0,-1.1,827.81
2025-12-12,827.81,829.56,834.29,826.63,1430000000.0,-0.07,841.16
2025-12-15,841.16,824.94,841.16,823.93,1420000000.0,1.61,832.84
2025-12-16,832.84,838.06,838.06,831.42,1320000000.0,-0.99,830.30
2025-12-17,830.30,833.38,836.80,828.89,1480000000.0,-0.3,828.64
2025-12-18,828.64,832.17,835.55,823.29,2080000000.0,-0.2,828.50
2025-12-19,828.50,831.34,832.63,826.38,1540000000.0,-0.02,839.24
