inner_fold,seed,anchor_split,strategy,anchor_index,source_index,anchor_date,source_date,source_partition,source_before_anchor,endpoint_gap_rows,regime_agreement,coverage_distance,same_year
inner_2021,456,train,matched,5,0,2019-01-15,2019-01-08,inner_train,True,5.0,True,2.4894806201076367,True
inner_2021,456,train,matched,6,1,2019-01-16,2019-01-09,inner_train,True,5.0,True,1.4799201556559574,True
inner_2021,456,train,matched,7,1,2019-01-17,2019-01-09,inner_train,True,6.0,True,1.4075523231524798,True
inner_2021,456,train,matched,8,3,2019-01-18,2019-01-11,inner_train,True,5.0,True,0.34937564145712097,True
inner_2021,456,train,matched,9,3,2019-01-21,2019-01-11,inner_train,True,6.0,True,0.4726738578016141,True
inner_2021,456,train,matched,10,4,2019-01-22,2019-01-14,inner_train,True,6.0,True,0.490622916448471,True
inner_2021,456,train,matched,11,4,2019-01-23,2019-01-14,inner_train,True,7.0,True,0.5670840825429484,True
inner_2021,456,train,matched,17,12,2019-01-31,2019-01-24,inner_train,True,5.0,True,0.7202063286739513,True
inner_2021,456,train,matched,18,12,2019-02-01,2019-01-24,inner_train,True,6.0,True,0.7296168603413373,True
inner_2021,456,train,matched,19,12,2019-02-04,2019-01-24,inner_train,True,7.0,True,0.5915889508518579,True
inner_2021,456,train,matched,20,15,2019-02-05,2019-01-29,inner_train,True,5.0,True,0.5069720544500007,True
inner_2021,456,train,matched,21,12,2019-02-06,2019-01-24,inner_train,True,9.0,True,0.8630105024318588,True
inner_2021,456,train,matched,22,17,2019-02-07,2019-01-31,inner_train,True,5.0,True,0.07991209969320279,True
inner_2021,456,train,matched,23,13,2019-02-08,2019-01-25,inner_train,True,10.0,True,0.232622295268754,True
inner_2021,456,train,matched,24,13,2019-02-11,2019-01-25,inner_train,True,11.0,True,0.058268908123976004,True
inner_2021,456,train,matched,25,19,2019-02-12,2019-02-04,inner_train,True,6.0,True,0.24941869311600717,True
inner_2021,456,train,matched,26,12,2019-02-13,2019-01-24,inner_train,True,14.0,True,0.3307415619122285,True
inner_2021,456,train,matched,27,17,2019-02-14,2019-01-31,inner_train,True,10.0,True,0.3429447511268302,True
inner_2021,456,train,matched,28,4,2019-02-15,2019-01-14,inner_train,True,24.0,True,0.21732958144878944,True
inner_2021,456,train,matched,29,9,2019-02-18,2019-01-21,inner_train,True,20.0,True,0.30054022739514963,True
inner_2021,456,train,matched,30,6,2019-02-20,2019-01-16,inner_train,True,24.0,True,0.29062139852349533,True
inner_2021,456,train,matched,31,4,2019-02-21,2019-01-14,inner_train,True,27.0,True,0.3394322782496899,True
inner_2021,456,train,matched,32,27,2019-02-22,2019-02-14,inner_train,True,5.0,True,0.09985951946747873,True
inner_2021,456,train,matched,33,24,2019-02-25,2019-02-11,inner_train,True,9.0,True,0.13613217432457958,True
inner_2021,456,train,matched,34,24,2019-02-26,2019-02-11,inner_train,True,10.0,True,0.14792013007662197,True
inner_2021,456,train,matched,35,21,2019-02-27,2019-02-06,inner_train,True,14.0,True,0.12498101017870944,True
inner_2021,456,train,matched,36,5,2019-02-28,2019-01-15,inner_train,True,31.0,True,0.4585749334221121,True
inner_2021,456,train,matched,37,28,2019-03-01,2019-02-15,inner_train,True,9.0,True,0.2837681731306443,True
inner_2021,456,train,matched,43,38,2019-03-11,2019-03-04,inner_train,True,5.0,True,0.38014730012387465,True
inner_2021,456,train,matched,44,39,2019-03-12,2019-03-05,inner_train,True,5.0,True,0.13758566295256314,True
inner_2021,456,train,matched,45,7,2019-03-13,2019-01-17,inner_train,True,38.0,True,0.13844540742695166,True
inner_2021,456,train,matched,46,7,2019-03-14,2019-01-17,inner_train,True,39.0,True,0.16987561073390278,True
inner_2021,456,train,matched,47,29,2019-03-15,2019-02-18,inner_train,True,18.0,True,0.11107722678919263,True
inner_2021,456,train,matched,48,37,2019-03-18,2019-03-01,inner_train,True,11.0,True,0.15023678050612155,True
inner_2021,456,train,matched,49,29,2019-03-19,2019-02-18,inner_train,True,20.0,True,0.21193110028053086,True
inner_2021,456,train,matched,50,9,2019-03-20,2019-01-21,inner_train,True,41.0,True,0.2596456402284977,True
inner_2021,456,train,matched,51,30,2019-03-21,2019-02-20,inner_train,True,21.0,True,0.13774547387135394,True
inner_2021,456,train,matched,52,27,2019-03-22,2019-02-14,inner_train,True,25.0,True,0.1420765311960981,True
inner_2021,456,train,matched,53,47,2019-03-25,2019-03-15,inner_train,True,6.0,True,0.502091943797236,True
inner_2021,456,train,matched,54,9,2019-03-26,2019-01-21,inner_train,True,45.0,True,0.0,True
inner_2021,456,train,matched,55,48,2019-03-27,2019-03-18,inner_train,True,7.0,True,0.07257069283483508,True
inner_2021,456,train,matched,56,36,2019-03-28,2019-02-28,inner_train,True,20.0,True,0.13720112151348474,True
inner_2021,456,train,matched,57,36,2019-03-29,2019-02-28,inner_train,True,21.0,True,0.14673408217220896,True
inner_2021,456,train,matched,58,15,2019-04-01,2019-01-29,inner_train,True,43.0,True,0.17416954671775065,True
inner_2021,456,train,matched,59,35,2019-04-02,2019-02-27,inner_train,True,24.0,True,0.15724187239693066,True
inner_2021,456,train,matched,60,17,2019-04-03,2019-01-31,inner_train,True,43.0,True,0.04884313167388088,True
inner_2021,456,train,matched,61,19,2019-04-04,2019-02-04,inner_train,True,42.0,True,0.15894110814989126,True
inner_2021,456,train,matched,62,2,2019-04-05,2019-01-10,inner_train,True,60.0,True,0.1823215567939549,True
inner_2021,456,train,matched,63,52,2019-04-09,2019-03-22,inner_train,True,11.0,True,0.16779345623104502,True
inner_2021,456,train,matched,64,52,2019-04-10,2019-03-22,inner_train,True,12.0,True,0.4583285976652327,True
inner_2021,456,train,matched,65,12,2019-04-11,2019-01-24,inner_train,True,53.0,True,0.2639655458344645,True
inner_2021,456,train,matched,66,12,2019-04-12,2019-01-24,inner_train,True,54.0,True,0.17299376762873786,True
inner_2021,456,train,matched,67,23,2019-04-17,2019-02-08,inner_train,True,44.0,True,0.41985384556026384,True
inner_2021,456,train,matched,68,25,2019-04-18,2019-02-12,inner_train,True,43.0,True,0.3699820155200908,True
inner_2021,456,train,matched,69,24,2019-04-19,2019-02-11,inner_train,True,45.0,True,0.1445812288111079,True
inner_2021,456,train,matched,70,32,2019-04-22,2019-02-22,inner_train,True,38.0,True,0.3101549283038394,True
inner_2021,456,train,matched,71,64,2019-04-23,2019-04-10,inner_train,True,7.0,True,0.3646431135879098,True
inner_2021,456,train,matched,72,19,2019-04-24,2019-02-04,inner_train,True,53.0,True,0.27535145999430233,True
inner_2021,456,train,matched,73,20,2019-04-25,2019-02-05,inner_train,True,53.0,True,0.16214903861136776,True
inner_2021,456,train,matched,74,69,2019-04-26,2019-04-19,inner_train,True,5.0,True,0.0,True
inner_2021,456,train,matched,75,6,2019-04-29,2019-01-16,inner_train,True,69.0,True,0.13729787541999938,True
inner_2021,456,train,matched,76,59,2019-04-30,2019-04-02,inner_train,True,17.0,True,0.1310774036629554,True
inner_2021,456,train,matched,77,59,2019-05-02,2019-04-02,inner_train,True,18.0,True,0.18372113714837734,True
inner_2021,456,train,matched,78,21,2019-05-03,2019-02-06,inner_train,True,57.0,True,0.28900713438148884,True
inner_2021,456,train,matched,79,37,2019-05-07,2019-03-01,inner_train,True,42.0,True,0.2775468505577381,True
inner_2021,456,train,matched,80,36,2019-05-08,2019-02-28,inner_train,True,44.0,True,0.14330490445150224,True
inner_2021,456,train,matched,81,38,2019-05-09,2019-03-04,inner_train,True,43.0,True,0.16537199848018158,True
inner_2021,456,train,matched,82,38,2019-05-10,2019-03-04,inner_train,True,44.0,True,0.4289293474431308,True
inner_2021,456,train,matched,83,42,2019-05-13,2019-03-08,inner_train,True,41.0,True,0.9330316447550451,True
inner_2021,456,train,matched,84,40,2019-05-14,2019-03-06,inner_train,True,44.0,True,1.4534336639575196,True
inner_2021,456,train,matched,85,40,2019-05-15,2019-03-06,inner_train,True,45.0,True,1.783675350828096,True
inner_2021,456,train,matched,86,38,2019-05-16,2019-03-04,inner_train,True,48.0,True,1.9568392195875042,True
inner_2021,456,train,matched,87,39,2019-05-17,2019-03-05,inner_train,True,48.0,True,1.8645967931803216,True
inner_2021,456,train,matched,88,82,2019-05-21,2019-05-10,inner_train,True,6.0,True,1.0165920893563452,True
inner_2021,456,train,matched,89,83,2019-05-22,2019-05-13,inner_train,True,6.0,True,0.2983669725517988,True
inner_2021,456,train,matched,90,85,2019-05-23,2019-05-15,inner_train,True,5.0,True,0.7516433872415531,True
inner_2021,456,train,matched,91,39,2019-05-24,2019-03-05,inner_train,True,52.0,True,0.17048709914695204,True
inner_2021,456,train,matched,92,42,2019-05-27,2019-03-08,inner_train,True,50.0,True,0.3253501069229392,True
inner_2021,456,train,matched,93,44,2019-05-28,2019-03-12,inner_train,True,49.0,True,0.13353139262452274,True
inner_2021,456,train,matched,94,81,2019-05-29,2019-05-09,inner_train,True,13.0,True,0.5024573740954739,True
inner_2021,456,train,matched,95,41,2019-05-30,2019-03-07,inner_train,True,54.0,True,0.4251083093378445,True
inner_2021,456,train,matched,96,44,2019-05-31,2019-03-12,inner_train,True,52.0,True,0.2893173957925117,True
inner_2021,456,train,matched,97,6,2019-06-04,2019-01-16,inner_train,True,91.0,True,0.12726177961092766,True
inner_2021,456,train,matched,98,37,2019-06-05,2019-03-01,inner_train,True,61.0,True,0.13434805253107873,True
inner_2021,456,train,matched,99,22,2019-06-06,2019-02-07,inner_train,True,77.0,True,0.0727593542824283,True
inner_2021,456,train,matched,100,25,2019-06-07,2019-02-12,inner_train,True,75.0,True,0.022989518224698635,True
inner_2021,456,train,matched,101,26,2019-06-10,2019-02-13,inner_train,True,75.0,True,0.04652001563489261,True
inner_2021,456,train,matched,102,66,2019-06-11,2019-04-12,inner_train,True,36.0,True,0.20116464459543426,True
inner_2021,456,train,matched,103,67,2019-06-12,2019-04-17,inner_train,True,36.0,True,0.2267733193647885,True
inner_2021,456,train,matched,104,12,2019-06-13,2019-01-24,inner_train,True,92.0,True,0.18340322266469533,True
inner_2021,456,train,matched,105,52,2019-06-14,2019-03-22,inner_train,True,53.0,True,0.08536837697210142,True
inner_2021,456,train,matched,106,71,2019-06-17,2019-04-23,inner_train,True,35.0,True,0.11202518740355938,True
inner_2021,456,train,matched,107,73,2019-06-18,2019-04-25,inner_train,True,34.0,True,0.1383116157975124,True
inner_2021,456,train,matched,108,72,2019-06-19,2019-04-24,inner_train,True,36.0,True,0.08004270767353638,True
inner_2021,456,train,matched,109,61,2019-06-20,2019-04-04,inner_train,True,48.0,True,0.09280010516587422,True
inner_2021,456,train,matched,110,72,2019-06-21,2019-04-24,inner_train,True,38.0,True,0.09946079353063819,True
inner_2021,456,train,matched,111,17,2019-06-24,2019-01-31,inner_train,True,94.0,True,0.11980119981262005,True
inner_2021,456,train,matched,112,69,2019-06-25,2019-04-19,inner_train,True,43.0,True,0.09245711082191832,True
inner_2021,456,train,matched,113,108,2019-06-26,2019-06-19,inner_train,True,5.0,True,0.11926342082681796,True
inner_2021,456,train,matched,114,13,2019-06-27,2019-01-25,inner_train,True,101.0,True,0.06899287148695166,True
inner_2021,456,train,matched,115,24,2019-06-28,2019-02-11,inner_train,True,91.0,True,0.08919557880447115,True
inner_2021,456,train,matched,116,100,2019-07-01,2019-06-07,inner_train,True,16.0,True,0.11332868530700324,True
inner_2021,456,train,matched,117,52,2019-07-02,2019-03-22,inner_train,True,65.0,True,0.06243294057321869,True
inner_2021,456,train,matched,118,12,2019-07-03,2019-01-24,inner_train,True,106.0,True,0.13353139262452274,True
inner_2021,456,train,matched,119,68,2019-07-04,2019-04-18,inner_train,True,51.0,True,0.1451820098444978,True
inner_2021,456,train,matched,120,64,2019-07-05,2019-04-10,inner_train,True,56.0,True,0.12348105677102161,True
inner_2021,456,train,matched,121,52,2019-07-08,2019-03-22,inner_train,True,69.0,True,0.1269714617107902,True
inner_2021,456,train,matched,122,63,2019-07-09,2019-04-09,inner_train,True,59.0,True,0.08004270767353638,True
inner_2021,456,train,matched,123,25,2019-07-10,2019-02-12,inner_train,True,98.0,True,0.04445176257083405,True
inner_2021,456,train,matched,124,105,2019-07-11,2019-06-14,inner_train,True,19.0,True,0.06221023137798021,True
inner_2021,456,train,matched,125,23,2019-07-12,2019-02-08,inner_train,True,102.0,True,0.05834655088965013,True
inner_2021,456,train,matched,126,110,2019-07-15,2019-06-21,inner_train,True,16.0,True,0.10318423623523065,True
inner_2021,456,train,matched,127,97,2019-07-17,2019-06-04,inner_train,True,30.0,True,0.15106901328985023,True
inner_2021,456,train,matched,128,97,2019-07-18,2019-06-04,inner_train,True,31.0,True,0.13237688027769767,True
inner_2021,456,train,matched,129,56,2019-07-19,2019-03-28,inner_train,True,73.0,True,0.15906469462968742,True
inner_2021,456,train,matched,130,98,2019-07-22,2019-06-05,inner_train,True,32.0,True,0.08053886248401243,True
inner_2021,456,train,matched,131,7,2019-07-23,2019-01-17,inner_train,True,124.0,True,0.12742760968650524,True
inner_2021,456,train,matched,132,57,2019-07-24,2019-03-29,inner_train,True,75.0,True,0.07341893471172867,True
inner_2021,456,train,matched,133,57,2019-07-25,2019-03-29,inner_train,True,76.0,True,0.06018879701110569,True
inner_2021,456,train,matched,134,79,2019-07-26,2019-05-07,inner_train,True,55.0,True,0.016260520871780315,True
inner_2021,456,train,matched,135,91,2019-07-30,2019-05-24,inner_train,True,44.0,True,0.0,True
inner_2021,456,train,matched,136,44,2019-07-31,2019-03-12,inner_train,True,92.0,True,0.0816780310142673,True
inner_2021,456,train,matched,137,94,2019-08-01,2019-05-29,inner_train,True,43.0,True,0.4344526449814161,True
inner_2021,456,train,matched,138,41,2019-08-02,2019-03-07,inner_train,True,97.0,True,0.20951729960244503,True
inner_2021,456,train,matched,139,41,2019-08-05,2019-03-07,inner_train,True,98.0,True,0.06453852113757108,True
inner_2021,456,train,matched,140,93,2019-08-06,2019-05-28,inner_train,True,47.0,True,0.26314888592790897,True
inner_2021,456,train,matched,141,93,2019-08-07,2019-05-28,inner_train,True,48.0,True,0.2780374984216598,True
inner_2021,456,train,matched,142,96,2019-08-08,2019-05-31,inner_train,True,46.0,True,0.18658595558041213,True
inner_2021,456,train,matched,143,40,2019-08-09,2019-03-06,inner_train,True,103.0,True,0.16223479822721742,True
inner_2021,456,train,matched,144,43,2019-08-13,2019-03-11,inner_train,True,101.0,True,0.052750565385529136,True
inner_2021,456,train,matched,145,91,2019-08-14,2019-05-24,inner_train,True,54.0,True,0.48324280915084783,True
inner_2021,456,train,matched,146,84,2019-08-15,2019-05-14,inner_train,True,62.0,True,0.40772627357130187,True
inner_2021,456,train,matched,147,89,2019-08-16,2019-05-22,inner_train,True,58.0,True,0.2278648239301324,True
inner_2021,456,train,matched,148,89,2019-08-19,2019-05-22,inner_train,True,59.0,True,0.3016928095213798,True
inner_2021,456,train,matched,149,83,2019-08-20,2019-05-13,inner_train,True,66.0,True,0.20069239708651754,True
inner_2021,456,train,matched,150,83,2019-08-21,2019-05-13,inner_train,True,67.0,True,0.4650160877346958,True
inner_2021,456,train,matched,151,81,2019-08-22,2019-05-09,inner_train,True,70.0,True,0.057158413839948796,True
inner_2021,456,train,matched,152,142,2019-08-23,2019-08-08,inner_train,True,10.0,True,0.13815033848081715,True
inner_2021,456,train,matched,153,140,2019-08-26,2019-08-06,inner_train,True,13.0,True,0.5918910078101054,True
inner_2021,456,train,matched,154,96,2019-08-27,2019-05-31,inner_train,True,58.0,True,0.6838704696884546,True
inner_2021,456,train,matched,155,138,2019-08-28,2019-08-02,inner_train,True,17.0,True,0.7624477230244735,True
inner_2021,456,train,matched,156,94,2019-08-29,2019-05-29,inner_train,True,62.0,True,0.508990283708405,True
inner_2021,456,train,matched,157,54,2019-08-30,2019-03-26,inner_train,True,103.0,True,0.8752746395016713,True
inner_2021,456,train,matched,158,28,2019-09-02,2019-02-15,inner_train,True,130.0,True,0.21776370344388685,True
inner_2021,456,train,matched,159,5,2019-09-03,2019-01-15,inner_train,True,154.0,True,0.05608946665104364,True
inner_2021,456,train,matched,160,112,2019-09-04,2019-06-25,inner_train,True,48.0,True,0.03704127168034921,True
inner_2021,456,train,matched,161,114,2019-09-05,2019-06-27,inner_train,True,47.0,True,0.058268908123976004,True
inner_2021,456,train,matched,162,17,2019-09-06,2019-01-31,inner_train,True,145.0,True,0.01709443335930061,True
inner_2021,456,train,matched,163,60,2019-09-09,2019-04-03,inner_train,True,103.0,True,0.14803701395262436,True
inner_2021,456,train,matched,164,111,2019-09-10,2019-06-24,inner_train,True,53.0,True,0.10717704658422411,True
inner_2021,456,train,matched,165,110,2019-09-11,2019-06-21,inner_train,True,55.0,True,0.12260232209233246,True
inner_2021,456,train,matched,166,107,2019-09-12,2019-06-18,inner_train,True,59.0,True,0.10082852254277208,True
inner_2021,456,train,matched,167,108,2019-09-13,2019-06-19,inner_train,True,59.0,True,0.09909090264423082,True
inner_2021,456,train,matched,168,62,2019-09-16,2019-04-05,inner_train,True,106.0,True,0.279960026357871,True
inner_2021,456,train,matched,169,3,2019-09-17,2019-01-11,inner_train,True,166.0,True,0.30294954458257006,True
inner_2021,456,train,matched,170,10,2019-09-18,2019-01-22,inner_train,True,160.0,True,0.1910552367627094,True
inner_2021,456,train,matched,171,1,2019-09-19,2019-01-09,inner_train,True,170.0,True,0.6079893722196386,True
inner_2021,456,train,matched,172,156,2019-09-20,2019-08-29,inner_train,True,16.0,True,0.5953248874661003,True
inner_2021,456,train,matched,173,154,2019-09-23,2019-08-27,inner_train,True,19.0,True,0.11488027599842221,True
inner_2021,456,train,matched,174,156,2019-09-24,2019-08-29,inner_train,True,18.0,True,0.14933957673084786,True
inner_2021,456,train,matched,175,153,2019-09-25,2019-08-26,inner_train,True,22.0,True,0.3925617032722566,True
inner_2021,456,train,matched,176,91,2019-09-26,2019-05-24,inner_train,True,85.0,True,0.3496651384413041,True
inner_2021,456,train,matched,177,57,2019-09-27,2019-03-29,inner_train,True,120.0,True,0.10441129869049348,True
inner_2021,456,train,matched,178,133,2019-09-30,2019-07-25,inner_train,True,45.0,True,0.14909590916563387,True
inner_2021,456,train,matched,179,151,2019-10-01,2019-08-22,inner_train,True,28.0,True,0.22884157242884706,True
inner_2021,456,train,matched,180,150,2019-10-02,2019-08-21,inner_train,True,30.0,True,0.3170959576580752,True
inner_2021,456,train,matched,181,151,2019-10-03,2019-08-22,inner_train,True,30.0,True,0.15415067982725805,True
inner_2021,456,train,matched,182,93,2019-10-04,2019-05-28,inner_train,True,89.0,True,0.16153078712488078,True
inner_2021,456,train,matched,183,95,2019-10-07,2019-05-30,inner_train,True,88.0,True,0.16984089557034565,True
inner_2021,456,train,matched,184,137,2019-10-08,2019-08-01,inner_train,True,47.0,True,0.2113090936672064,True
inner_2021,456,train,matched,185,141,2019-10-09,2019-08-07,inner_train,True,44.0,True,0.21455980762281834,True
inner_2021,456,train,matched,186,141,2019-10-10,2019-08-07,inner_train,True,45.0,True,0.2537805207760999,True
inner_2021,456,train,matched,187,142,2019-10-11,2019-08-08,inner_train,True,45.0,True,0.09146572733901026,True
inner_2021,456,train,matched,188,7,2019-10-15,2019-01-17,inner_train,True,181.0,True,0.10318423623523065,True
inner_2021,456,train,matched,189,127,2019-10-16,2019-07-17,inner_train,True,62.0,True,0.09716374845364806,True
inner_2021,456,train,matched,190,158,2019-10-17,2019-09-02,inner_train,True,32.0,True,0.08894748601649605,True
inner_2021,456,train,matched,191,3,2019-10-18,2019-01-11,inner_train,True,188.0,True,0.08701137698962969,True
inner_2021,456,train,matched,192,128,2019-10-21,2019-07-18,inner_train,True,64.0,True,0.058268908123976004,True
inner_2021,456,train,matched,193,169,2019-10-22,2019-09-17,inner_train,True,24.0,True,0.09880058474409381,True
inner_2021,456,train,matched,194,54,2019-10-24,2019-03-26,inner_train,True,140.0,True,0.2231435513142097,True
inner_2021,456,train,matched,195,168,2019-10-25,2019-09-16,inner_train,True,27.0,True,0.0747656505726928,True
inner_2021,456,train,matched,196,137,2019-10-28,2019-08-01,inner_train,True,59.0,True,0.3663251997708943,True
inner_2021,456,train,matched,197,184,2019-10-29,2019-10-08,inner_train,True,13.0,True,0.5114833021849616,True
inner_2021,456,train,matched,198,184,2019-10-30,2019-10-08,inner_train,True,14.0,True,0.19671029424605457,True
inner_2021,456,train,matched,199,131,2019-10-31,2019-07-23,inner_train,True,68.0,True,0.06788114263426026,True
inner_2021,456,train,matched,200,177,2019-11-01,2019-09-27,inner_train,True,23.0,True,0.12649310724101248,True
inner_2021,456,train,matched,201,79,2019-11-04,2019-05-07,inner_train,True,122.0,True,0.3139676844583952,True
inner_2021,456,train,matched,202,79,2019-11-05,2019-05-07,inner_train,True,123.0,True,0.22144431556125044,True
inner_2021,456,train,matched,203,134,2019-11-06,2019-07-26,inner_train,True,69.0,True,0.3348685848866779,True
inner_2021,456,train,matched,204,35,2019-11-07,2019-02-27,inner_train,True,169.0,True,0.09522157052687552,True
inner_2021,456,train,matched,205,35,2019-11-08,2019-02-27,inner_train,True,170.0,True,0.04587045406609702,True
inner_2021,456,train,matched,206,21,2019-11-11,2019-02-06,inner_train,True,185.0,True,0.23764239571503865,True
inner_2021,456,train,matched,207,202,2019-11-12,2019-11-05,inner_train,True,5.0,True,0.1923718926474569,True
inner_2021,456,train,matched,208,203,2019-11-13,2019-11-06,inner_train,True,5.0,True,0.3677247801253172,True
inner_2021,456,train,matched,209,201,2019-11-14,2019-11-04,inner_train,True,8.0,True,0.7197664668352233,True
inner_2021,456,train,matched,210,200,2019-11-15,2019-11-01,inner_train,True,10.0,True,1.2142073337410784,True
inner_2021,456,train,matched,211,201,2019-11-18,2019-11-04,inner_train,True,10.0,True,0.9407337387268373,True
inner_2021,456,train,matched,212,203,2019-11-19,2019-11-06,inner_train,True,9.0,True,0.829279354884525,True
inner_2021,456,train,matched,213,203,2019-11-20,2019-11-06,inner_train,True,10.0,True,0.4746225751020301,True
inner_2021,456,train,matched,214,203,2019-11-21,2019-11-06,inner_train,True,11.0,True,0.24149268998240636,True
inner_2021,456,train,matched,215,201,2019-11-22,2019-11-04,inner_train,True,14.0,True,0.15082288973458358,True
inner_2021,456,train,matched,216,133,2019-11-25,2019-07-25,inner_train,True,83.0,True,0.06018879701110569,True
inner_2021,456,train,matched,217,6,2019-11-26,2019-01-16,inner_train,True,211.0,True,0.08358671610826551,True
inner_2021,456,train,matched,218,97,2019-11-27,2019-06-04,inner_train,True,121.0,True,0.03922071315328157,True
inner_2021,456,train,matched,219,8,2019-11-28,2019-01-18,inner_train,True,211.0,True,0.15236336925316252,True
inner_2021,456,train,matched,220,194,2019-11-29,2019-10-24,inner_train,True,26.0,True,0.16001579927965626,True
inner_2021,456,train,matched,221,196,2019-12-02,2019-10-28,inner_train,True,25.0,True,0.1541506798272585,True
inner_2021,456,train,matched,222,198,2019-12-03,2019-10-30,inner_train,True,24.0,True,0.2267733193647885,True
inner_2021,456,train,matched,223,183,2019-12-04,2019-10-07,inner_train,True,40.0,True,0.1628346691204583,True
inner_2021,456,train,matched,224,96,2019-12-06,2019-05-31,inner_train,True,128.0,True,0.04348511193973881,True
inner_2021,456,train,matched,225,186,2019-12-09,2019-10-10,inner_train,True,39.0,True,0.16342431661258727,True
inner_2021,456,train,matched,226,198,2019-12-11,2019-10-30,inner_train,True,28.0,True,0.11155248590574729,True
inner_2021,456,train,matched,227,181,2019-12-12,2019-10-03,inner_train,True,46.0,True,0.22006188477680189,True
inner_2021,456,train,matched,228,94,2019-12-13,2019-05-29,inner_train,True,134.0,True,0.20252426411147395,True
inner_2021,456,train,matched,229,222,2019-12-16,2019-12-03,inner_train,True,7.0,True,0.1287581138718652,True
inner_2021,456,train,matched,230,183,2019-12-17,2019-10-07,inner_train,True,47.0,True,0.10357320508373036,True
inner_2021,456,train,matched,231,44,2019-12-18,2019-03-12,inner_train,True,187.0,True,0.12169693497751988,True
inner_2021,456,train,matched,232,48,2019-12-19,2019-03-18,inner_train,True,184.0,True,0.07257069283483508,True
inner_2021,456,train,matched,233,56,2019-12-20,2019-03-28,inner_train,True,177.0,True,0.01739174271186883,True
inner_2021,456,train,matched,234,98,2019-12-23,2019-06-05,inner_train,True,136.0,True,0.07020425867324853,True
inner_2021,456,train,matched,235,177,2019-12-24,2019-09-27,inner_train,True,58.0,True,0.02898753687325195,True
inner_2021,456,train,matched,236,189,2019-12-25,2019-10-16,inner_train,True,47.0,True,0.057943035300366486,True
inner_2021,456,train,matched,237,131,2019-12-26,2019-07-23,inner_train,True,106.0,True,0.06899287148695077,True
inner_2021,456,train,matched,238,199,2019-12-27,2019-10-31,inner_train,True,39.0,True,0.03390155167568132,True
inner_2021,456,train,matched,239,130,2019-12-30,2019-07-22,inner_train,True,109.0,True,0.018018505502678472,True
inner_2021,456,train,matched,240,6,2020-01-02,2019-01-16,inner_train,True,234.0,True,0.0,False
inner_2021,456,train,matched,241,6,2020-01-03,2019-01-16,inner_train,True,235.0,True,0.03846628082779624,False
inner_2021,456,train,matched,242,219,2020-01-06,2019-11-28,inner_train,True,23.0,True,0.022989518224698635,False
inner_2021,456,train,matched,243,168,2020-01-07,2019-09-16,inner_train,True,75.0,True,0.09531017980432521,False
inner_2021,456,train,matched,244,219,2020-01-08,2019-11-28,inner_train,True,25.0,True,0.0,False
inner_2021,456,train,matched,245,168,2020-01-09,2019-09-16,inner_train,True,77.0,True,0.1753528874778616,False
inner_2021,456,train,matched,246,9,2020-01-10,2019-01-21,inner_train,True,237.0,True,0.11236914581230284,False
inner_2021,456,train,matched,247,11,2020-01-13,2019-01-23,inner_train,True,236.0,True,0.18805223150293937,False
inner_2021,456,train,matched,248,54,2020-01-14,2019-03-26,inner_train,True,194.0,True,0.14054002277899924,False
inner_2021,456,train,matched,249,240,2020-01-15,2020-01-02,inner_train,True,9.0,True,0.5724334331554815,True
inner_2021,456,train,matched,250,244,2020-01-16,2020-01-08,inner_train,True,6.0,True,0.15933203856925582,True
inner_2021,456,train,matched,251,244,2020-01-17,2020-01-08,inner_train,True,7.0,True,0.23116986218843882,True
inner_2021,456,train,matched,252,247,2020-01-20,2020-01-13,inner_train,True,5.0,True,0.18910124377933357,True
inner_2021,456,train,matched,253,244,2020-01-21,2020-01-08,inner_train,True,9.0,True,0.18115944161377717,True
inner_2021,456,train,matched,254,247,2020-01-22,2020-01-13,inner_train,True,7.0,True,0.2617857281482019,True
inner_2021,456,train,matched,255,242,2020-01-23,2020-01-06,inner_train,True,13.0,True,0.13146313956046374,True
inner_2021,456,train,matched,256,241,2020-01-24,2020-01-03,inner_train,True,15.0,True,0.2803019651541585,True
inner_2021,456,train,matched,257,95,2020-01-27,2019-05-30,inner_train,True,162.0,True,0.18054535739269895,False
inner_2021,456,train,matched,258,94,2020-01-28,2019-05-29,inner_train,True,164.0,True,0.10536051565782634,False
inner_2021,456,train,matched,259,227,2020-01-29,2019-12-12,inner_train,True,32.0,True,0.18232155679395445,False
inner_2021,456,train,matched,260,227,2020-01-30,2019-12-12,inner_train,True,33.0,True,0.10024541499105588,False
inner_2021,456,train,matched,261,198,2020-01-31,2019-10-30,inner_train,True,63.0,True,0.15692974599752363,False
inner_2021,456,train,matched,262,257,2020-02-03,2020-01-27,inner_train,True,5.0,True,0.08029994240164307,True
inner_2021,456,train,matched,263,227,2020-02-04,2019-12-12,inner_train,True,36.0,True,0.2225279772719948,False
inner_2021,456,train,matched,264,91,2020-02-05,2019-05-24,inner_train,True,173.0,True,0.14286272005340672,False
inner_2021,456,train,matched,265,93,2020-02-06,2019-05-28,inner_train,True,172.0,True,0.16498502199296805,False
inner_2021,456,train,matched,266,257,2020-02-07,2020-01-27,inner_train,True,9.0,True,0.40170065085272144,True
inner_2021,456,train,matched,267,262,2020-02-11,2020-02-03,inner_train,True,5.0,True,0.361790044605502,True
inner_2021,456,train,matched,268,257,2020-02-12,2020-01-27,inner_train,True,11.0,True,0.5108256237659909,True
inner_2021,456,train,matched,269,257,2020-02-13,2020-01-27,inner_train,True,12.0,True,0.0789272585896712,True
inner_2021,456,train,matched,270,264,2020-02-14,2020-02-05,inner_train,True,6.0,True,0.14107859825990543,True
inner_2021,456,train,matched,271,263,2020-02-17,2020-02-04,inner_train,True,8.0,True,0.3384056232855044,True
inner_2021,456,train,matched,272,264,2020-02-18,2020-02-05,inner_train,True,8.0,True,0.45406722127027566,True
inner_2021,456,train,matched,273,258,2020-02-19,2020-01-28,inner_train,True,15.0,True,0.5508228897345835,True
inner_2021,456,train,matched,274,265,2020-02-20,2020-02-06,inner_train,True,9.0,True,0.548420005118273,True
inner_2021,456,train,matched,275,264,2020-02-21,2020-02-05,inner_train,True,11.0,True,0.5486216383481124,True
inner_2021,456,train,matched,276,261,2020-02-24,2020-01-31,inner_train,True,15.0,True,0.6310377181512457,True
inner_2021,456,train,matched,277,270,2020-02-25,2020-02-14,inner_train,True,7.0,True,0.20067069546215155,True
inner_2021,456,train,matched,278,271,2020-02-26,2020-02-17,inner_train,True,7.0,True,0.22721239730817588,True
inner_2021,456,train,matched,279,271,2020-02-27,2020-02-17,inner_train,True,8.0,True,0.2915591196787921,True
inner_2021,456,train,matched,280,275,2020-02-28,2020-02-21,inner_train,True,5.0,True,0.6861155091962647,True
inner_2021,456,train,matched,281,274,2020-03-02,2020-02-20,inner_train,True,7.0,True,0.46262352194811296,True
inner_2021,456,train,matched,282,273,2020-03-03,2020-02-19,inner_train,True,9.0,True,0.3207820208781258,True
inner_2021,456,train,matched,283,276,2020-03-04,2020-02-24,inner_train,True,7.0,True,0.3677247801253172,True
inner_2021,456,train,matched,284,272,2020-03-05,2020-02-18,inner_train,True,12.0,True,1.31024823313084,True
inner_2021,456,train,matched,285,277,2020-03-06,2020-02-25,inner_train,True,8.0,True,0.7533603643948505,True
inner_2021,456,train,matched,286,280,2020-03-09,2020-02-28,inner_train,True,6.0,True,0.5451820098444977,True
inner_2021,456,train,matched,287,261,2020-03-10,2020-01-31,inner_train,True,26.0,True,0.3818109172102746,True
inner_2021,456,train,matched,288,277,2020-03-11,2020-02-25,inner_train,True,11.0,True,0.2608838792970567,True
inner_2021,456,train,matched,289,277,2020-03-12,2020-02-25,inner_train,True,12.0,True,0.14310084364067333,True
inner_2021,456,train,matched,290,279,2020-03-13,2020-02-27,inner_train,True,11.0,True,0.22800334941245914,True
inner_2021,456,train,matched,291,264,2020-03-16,2020-02-05,inner_train,True,27.0,True,0.1493774010746005,True
inner_2021,456,train,matched,292,264,2020-03-17,2020-02-05,inner_train,True,28.0,True,0.2789483924830263,True
inner_2021,456,train,matched,293,277,2020-03-18,2020-02-25,inner_train,True,16.0,True,0.16062319433287575,True
inner_2021,456,train,matched,294,260,2020-03-19,2020-01-30,inner_train,True,34.0,True,0.26481624771477774,True
inner_2021,456,train,matched,295,288,2020-03-20,2020-03-11,inner_train,True,7.0,True,0.08004270767353638,True
inner_2021,456,train,matched,296,285,2020-03-23,2020-03-06,inner_train,True,11.0,True,0.252091127349078,True
inner_2021,456,train,matched,297,284,2020-03-24,2020-03-05,inner_train,True,13.0,True,0.5603426500751794,True
inner_2021,456,train,matched,298,283,2020-03-25,2020-03-04,inner_train,True,15.0,True,0.8806885293457518,True
inner_2021,456,train,matched,299,281,2020-03-26,2020-03-02,inner_train,True,18.0,True,1.6212723700811034,True
inner_2021,456,train,matched,300,285,2020-03-27,2020-03-06,inner_train,True,15.0,True,1.4020314606623296,True
inner_2021,456,train,matched,301,283,2020-03-30,2020-03-04,inner_train,True,18.0,True,0.9590604082620042,True
inner_2021,456,train,matched,302,281,2020-03-31,2020-03-02,inner_train,True,21.0,True,0.6227435399699761,True
inner_2021,456,train,matched,303,283,2020-04-01,2020-03-04,inner_train,True,20.0,True,0.03636764417087468,True
inner_2021,456,train,matched,304,287,2020-04-02,2020-03-10,inner_train,True,17.0,True,0.21822953651178034,True
inner_2021,456,train,matched,305,293,2020-04-03,2020-03-18,inner_train,True,12.0,True,0.11536283835571393,True
inner_2021,456,train,matched,306,241,2020-04-07,2020-01-03,inner_train,True,65.0,True,0.1926169606550543,True
inner_2021,456,train,matched,307,244,2020-04-08,2020-01-08,inner_train,True,63.0,True,0.44907391353559856,True
inner_2021,456,train,matched,308,240,2020-04-09,2020-01-02,inner_train,True,68.0,True,0.1926169606550543,True
inner_2021,456,train,matched,309,19,2020-04-10,2019-02-04,inner_train,True,290.0,True,0.09237332013101529,False
inner_2021,456,train,matched,310,24,2020-04-13,2019-02-11,inner_train,True,286.0,True,0.05299253014051031,False
inner_2021,456,train,matched,311,26,2020-04-14,2019-02-13,inner_train,True,285.0,True,0.04879016416943216,False
inner_2021,456,train,matched,312,34,2020-04-15,2019-02-26,inner_train,True,278.0,True,0.0,False
inner_2021,456,train,matched,313,240,2020-04-16,2020-01-02,inner_train,True,73.0,True,0.0784716154414955,True
inner_2021,456,train,matched,314,244,2020-04-17,2020-01-08,inner_train,True,70.0,True,0.16899019369003243,True
inner_2021,456,train,matched,315,105,2020-04-20,2019-06-14,inner_train,True,210.0,True,0.10357320508373036,False
inner_2021,456,train,matched,316,105,2020-04-21,2019-06-14,inner_train,True,211.0,True,0.060729846207545624,False
inner_2021,456,train,matched,317,118,2020-04-22,2019-07-03,inner_train,True,199.0,True,0.025317807984289953,False
inner_2021,456,train,matched,318,66,2020-04-23,2019-04-12,inner_train,True,252.0,True,0.7245866293872321,False
inner_2021,456,train,matched,319,120,2020-04-24,2019-07-05,inner_train,True,199.0,True,0.5177830356563833,False
inner_2021,456,train,matched,320,309,2020-04-27,2020-04-10,inner_train,True,11.0,True,1.196331416795176,True
inner_2021,456,train,matched,321,316,2020-04-28,2020-04-21,inner_train,True,5.0,True,0.7184537311185344,True
inner_2021,456,train,matched,322,311,2020-04-29,2020-04-14,inner_train,True,11.0,True,0.6946025152963546,True
inner_2021,456,train,matched,323,309,2020-04-30,2020-04-10,inner_train,True,14.0,True,0.15299794194744987,True
inner_2021,456,train,matched,324,311,2020-05-05,2020-04-14,inner_train,True,13.0,True,0.3321525754766963,True
inner_2021,456,train,matched,325,307,2020-05-07,2020-04-08,inner_train,True,18.0,True,0.07244435506732172,True
inner_2021,456,train,matched,326,313,2020-05-08,2020-04-16,inner_train,True,13.0,True,0.08515780834030684,True
inner_2021,456,train,matched,327,306,2020-05-11,2020-04-07,inner_train,True,21.0,True,0.05505977718302768,True
inner_2021,456,train,matched,328,241,2020-05-12,2020-01-03,inner_train,True,87.0,True,0.3032465889928928,True
inner_2021,456,train,matched,329,307,2020-05-13,2020-04-08,inner_train,True,22.0,True,0.4097847692526808,True
inner_2021,456,train,matched,330,307,2020-05-14,2020-04-08,inner_train,True,23.0,True,0.6875657707217502,True
inner_2021,456,train,matched,331,308,2020-05-15,2020-04-09,inner_train,True,23.0,True,0.7457980963796982,True
inner_2021,456,train,matched,332,240,2020-05-18,2020-01-02,inner_train,True,92.0,True,0.9845957358072033,True
inner_2021,456,train,matched,333,328,2020-05-19,2020-05-12,inner_train,True,5.0,True,0.917255517284254,True
inner_2021,456,train,matched,334,323,2020-05-20,2020-04-30,inner_train,True,11.0,True,0.9573707576176194,True
inner_2021,456,train,matched,335,324,2020-05-21,2020-05-05,inner_train,True,11.0,True,0.7103149841823111,True
inner_2021,456,train,matched,336,331,2020-05-22,2020-05-15,inner_train,True,5.0,True,0.155835152054983,True
inner_2021,456,train,matched,337,329,2020-05-25,2020-05-13,inner_train,True,8.0,True,0.06618190688130099,True
inner_2021,456,train,matched,338,307,2020-05-26,2020-04-08,inner_train,True,31.0,True,0.07244435506732172,True
inner_2021,456,train,matched,339,324,2020-05-27,2020-05-05,inner_train,True,15.0,True,0.2382423467135535,True
inner_2021,456,train,matched,340,309,2020-05-28,2020-04-10,inner_train,True,31.0,True,0.0698582977633806,True
inner_2021,456,train,matched,341,323,2020-05-29,2020-04-30,inner_train,True,18.0,True,0.1887940712995726,True
inner_2021,456,train,matched,342,310,2020-06-01,2020-04-13,inner_train,True,32.0,True,0.08689408181619163,True
inner_2021,456,train,matched,343,312,2020-06-02,2020-04-15,inner_train,True,31.0,True,0.12041897953202785,True
inner_2021,456,train,matched,344,312,2020-06-04,2020-04-15,inner_train,True,32.0,True,0.37865385065750745,True
inner_2021,456,train,matched,345,316,2020-06-05,2020-04-21,inner_train,True,29.0,True,0.19758902892474328,True
inner_2021,456,train,matched,346,315,2020-06-08,2020-04-20,inner_train,True,31.0,True,0.15415067982725805,True
inner_2021,456,train,matched,347,319,2020-06-09,2020-04-24,inner_train,True,28.0,True,0.4444517625708335,True
inner_2021,456,train,matched,348,311,2020-06-10,2020-04-14,inner_train,True,37.0,True,0.17373781310256353,True
inner_2021,456,train,matched,349,317,2020-06-11,2020-04-22,inner_train,True,32.0,True,0.13930417171026388,True
inner_2021,456,train,matched,350,312,2020-06-12,2020-04-15,inner_train,True,38.0,True,0.13197980193310377,True
inner_2021,456,train,matched,351,313,2020-06-15,2020-04-16,inner_train,True,38.0,True,0.08515780834030684,True
inner_2021,456,train,matched,352,310,2020-06-16,2020-04-13,inner_train,True,42.0,True,0.1708449355725108,True
inner_2021,456,train,matched,353,312,2020-06-17,2020-04-15,inner_train,True,41.0,True,0.05325490353554363,True
inner_2021,456,train,matched,354,310,2020-06-18,2020-04-13,inner_train,True,44.0,True,0.04000533461369926,True
inner_2021,456,train,matched,355,240,2020-06-19,2020-01-02,inner_train,True,115.0,True,0.16806953408675307,True
inner_2021,456,train,matched,356,314,2020-06-22,2020-04-17,inner_train,True,42.0,True,0.09561417737468503,True
inner_2021,456,train,matched,357,325,2020-06-23,2020-05-07,inner_train,True,32.0,True,0.1419251847529912,True
inner_2021,456,train,matched,358,313,2020-06-24,2020-04-16,inner_train,True,45.0,True,0.09531017980432477,True
inner_2021,456,train,matched,359,325,2020-06-25,2020-05-07,inner_train,True,34.0,True,0.12069618433107632,True
inner_2021,456,train,matched,360,351,2020-06-26,2020-06-15,inner_train,True,9.0,True,0.3142035168298394,True
inner_2021,456,train,matched,361,308,2020-06-29,2020-04-09,inner_train,True,53.0,True,0.1321717731084826,True
inner_2021,456,train,matched,362,351,2020-06-30,2020-06-15,inner_train,True,11.0,True,0.1335313926245223,True
inner_2021,456,train,matched,363,246,2020-07-01,2020-01-10,inner_train,True,117.0,True,0.11236914581230284,True
inner_2021,456,train,matched,364,311,2020-07-02,2020-04-14,inner_train,True,53.0,True,0.05859416426605302,True
inner_2021,456,train,matched,365,311,2020-07-03,2020-04-14,inner_train,True,54.0,True,0.06040912779556029,True
inner_2021,456,train,matched,366,247,2020-07-07,2020-01-13,inner_train,True,119.0,True,0.18805223150293937,True
inner_2021,456,train,matched,367,245,2020-07-08,2020-01-09,inner_train,True,122.0,True,0.20479441264601306,True
inner_2021,456,train,matched,368,356,2020-07-09,2020-06-22,inner_train,True,12.0,True,0.11506932978478712,True
inner_2021,456,train,matched,369,247,2020-07-10,2020-01-13,inner_train,True,122.0,True,0.07154715129204803,True
inner_2021,456,train,matched,370,242,2020-07-13,2020-01-06,inner_train,True,128.0,True,0.1670540846631665,True
inner_2021,456,train,matched,371,306,2020-07-14,2020-04-07,inner_train,True,65.0,True,0.2624549715290976,True
inner_2021,456,train,matched,372,327,2020-07-15,2020-05-11,inner_train,True,45.0,True,0.24023798467350943,True
inner_2021,456,train,matched,373,327,2020-07-16,2020-05-11,inner_train,True,46.0,True,0.20575180860234,True
inner_2021,456,train,matched,374,328,2020-07-17,2020-05-12,inner_train,True,46.0,True,0.2933122018901728,True
inner_2021,456,train,matched,375,327,2020-07-20,2020-05-11,inner_train,True,48.0,True,0.14677057252963488,True
inner_2021,456,train,matched,376,357,2020-07-21,2020-06-23,inner_train,True,19.0,True,0.10536051565782634,True
inner_2021,456,train,matched,377,356,2020-07-22,2020-06-22,inner_train,True,21.0,True,0.05834655088965013,True
inner_2021,456,train,matched,378,357,2020-07-23,2020-06-23,inner_train,True,21.0,True,0.08055369388802758,True
inner_2021,456,train,matched,379,244,2020-07-24,2020-01-08,inner_train,True,135.0,True,0.14131353306657735,True
inner_2021,456,train,matched,380,247,2020-07-29,2020-01-13,inner_train,True,133.0,True,0.04255961441879608,True
inner_2021,456,train,matched,381,296,2020-07-30,2020-03-23,inner_train,True,85.0,True,0.2555937579002805,True
inner_2021,456,train,matched,382,296,2020-07-31,2020-03-23,inner_train,True,86.0,True,0.27589411669973884,True
inner_2021,456,train,matched,383,289,2020-08-03,2020-03-12,inner_train,True,94.0,True,0.35139788683788886,True
inner_2021,456,train,matched,384,286,2020-08-04,2020-03-09,inner_train,True,98.0,True,0.38216954550464255,True
inner_2021,456,train,matched,385,285,2020-08-05,2020-03-06,inner_train,True,100.0,True,0.3147840022295725,True
inner_2021,456,train,matched,386,270,2020-08-06,2020-02-14,inner_train,True,116.0,True,0.1316778239751999,True
inner_2021,456,train,matched,387,291,2020-08-07,2020-03-16,inner_train,True,96.0,True,0.15968410543498202,True
inner_2021,456,train,matched,388,264,2020-08-10,2020-02-05,inner_train,True,124.0,True,0.22691003410968635,True
inner_2021,456,train,matched,389,308,2020-08-11,2020-04-09,inner_train,True,81.0,True,0.019418085857101808,True
inner_2021,456,train,matched,390,328,2020-08-13,2020-05-12,inner_train,True,62.0,True,0.2587938947121984,True
inner_2021,456,train,matched,391,325,2020-08-14,2020-05-07,inner_train,True,66.0,True,0.2231435513142097,True
inner_2021,456,train,matched,392,329,2020-08-17,2020-05-13,inner_train,True,63.0,True,0.1811228752000238,True
inner_2021,456,train,matched,393,337,2020-08-18,2020-05-25,inner_train,True,56.0,True,0.3106867017808752,True
inner_2021,456,train,matched,394,389,2020-08-19,2020-08-11,inner_train,True,5.0,True,0.2905351414341877,True
inner_2021,456,train,matched,395,279,2020-08-20,2020-02-27,inner_train,True,116.0,True,0.18511290543122572,True
inner_2021,456,train,matched,396,388,2020-08-21,2020-08-10,inner_train,True,8.0,True,0.27247265378825203,True
inner_2021,456,train,matched,397,291,2020-08-24,2020-03-16,inner_train,True,106.0,True,0.13580154115906184,True
inner_2021,456,train,matched,398,277,2020-08-25,2020-02-25,inner_train,True,121.0,True,0.09393181983420362,True
inner_2021,456,train,matched,399,368,2020-08-26,2020-07-09,inner_train,True,31.0,True,0.12411839272838332,True
inner_2021,456,train,matched,400,369,2020-08-27,2020-07-10,inner_train,True,31.0,True,0.23860777701179137,True
inner_2021,456,train,matched,401,252,2020-08-28,2020-01-20,inner_train,True,149.0,True,0.27871340246902054,True
inner_2021,456,train,matched,402,385,2020-08-31,2020-08-05,inner_train,True,17.0,True,0.1906898064644711,True
inner_2021,456,train,matched,403,279,2020-09-01,2020-02-27,inner_train,True,124.0,True,0.10605957196032412,True
inner_2021,456,train,matched,404,278,2020-09-02,2020-02-26,inner_train,True,126.0,True,0.04912079733495034,True
inner_2021,456,train,matched,405,294,2020-09-03,2020-03-19,inner_train,True,111.0,True,0.12014431184206353,True
inner_2021,456,train,matched,406,264,2020-09-08,2020-02-05,inner_train,True,142.0,True,0.08193026384943991,True
inner_2021,456,train,matched,407,290,2020-09-09,2020-03-13,inner_train,True,117.0,True,0.14178802892364173,True
inner_2021,456,train,matched,408,260,2020-09-10,2020-01-30,inner_train,True,148.0,True,0.24116205681688818,True
inner_2021,456,train,matched,409,260,2020-09-11,2020-01-30,inner_train,True,149.0,True,0.06102470183777431,True
inner_2021,456,train,matched,410,261,2020-09-14,2020-01-31,inner_train,True,149.0,True,0.13339924858732966,True
inner_2021,456,train,matched,411,258,2020-09-15,2020-01-28,inner_train,True,153.0,True,0.17039298592868102,True
inner_2021,456,train,matched,412,261,2020-09-16,2020-01-31,inner_train,True,151.0,True,0.04348511193973881,True
inner_2021,456,train,matched,413,258,2020-09-17,2020-01-28,inner_train,True,155.0,True,0.12783337150988494,True
inner_2021,456,train,matched,414,288,2020-09-18,2020-03-11,inner_train,True,126.0,True,0.18540322333136272,True
inner_2021,456,train,matched,415,410,2020-09-21,2020-09-14,inner_train,True,5.0,True,0.1455918403170311,True
inner_2021,456,train,matched,416,407,2020-09-22,2020-09-09,inner_train,True,9.0,True,0.057158413839948796,True
inner_2021,456,train,matched,417,278,2020-09-23,2020-02-26,inner_train,True,139.0,True,0.018018505502678472,True
inner_2021,456,train,matched,418,291,2020-09-24,2020-03-16,inner_train,True,127.0,True,0.08086949564953061,True
inner_2021,456,train,matched,419,405,2020-09-25,2020-09-03,inner_train,True,14.0,True,0.05148195583514337,True
inner_2021,456,train,matched,420,290,2020-09-28,2020-03-13,inner_train,True,130.0,True,0.05942342047080107,True
inner_2021,456,train,matched,421,415,2020-09-29,2020-09-21,inner_train,True,6.0,True,0.0970974903784203,True
inner_2021,456,train,matched,422,292,2020-09-30,2020-03-17,inner_train,True,130.0,True,0.06453852113757108,True
inner_2021,456,train,matched,423,293,2020-10-01,2020-03-18,inner_train,True,130.0,True,0.1620015543029969,True
inner_2021,456,train,matched,424,277,2020-10-02,2020-02-25,inner_train,True,147.0,True,0.16907633004393396,True
inner_2021,456,train,matched,425,280,2020-10-05,2020-02-28,inner_train,True,145.0,True,0.1733528868111942,True
inner_2021,456,train,matched,426,302,2020-10-06,2020-03-31,inner_train,True,124.0,True,0.09385290880634667,True
inner_2021,456,train,matched,427,284,2020-10-07,2020-03-05,inner_train,True,143.0,True,0.6246120797378887,True
inner_2021,456,train,matched,428,302,2020-10-08,2020-03-31,inner_train,True,126.0,True,0.3234001550538599,True
inner_2021,456,train,matched,429,301,2020-10-09,2020-03-30,inner_train,True,128.0,True,0.2113090936672064,True
inner_2021,456,train,matched,430,245,2020-10-12,2020-01-09,inner_train,True,185.0,True,0.2336148511815055,True
inner_2021,456,train,matched,431,287,2020-10-14,2020-03-10,inner_train,True,144.0,True,0.16170226959121914,True
inner_2021,456,train,matched,432,414,2020-10-15,2020-09-18,inner_train,True,18.0,True,0.0,True
inner_2021,456,train,matched,433,410,2020-10-16,2020-09-14,inner_train,True,23.0,True,0.10691210634924486,True
inner_2021,456,train,matched,434,410,2020-10-19,2020-09-14,inner_train,True,24.0,True,0.08802198849555332,True
inner_2021,456,train,matched,435,296,2020-10-20,2020-03-23,inner_train,True,139.0,True,0.18058393689541363,True
inner_2021,456,train,matched,436,431,2020-10-21,2020-10-14,inner_train,True,5.0,True,0.07469089260158945,True
inner_2021,456,train,matched,437,296,2020-10-22,2020-03-23,inner_train,True,141.0,True,0.07620046088541388,True
inner_2021,456,train,matched,438,287,2020-10-26,2020-03-10,inner_train,True,151.0,True,0.08004270767353638,True
inner_2021,456,train,matched,439,292,2020-10-27,2020-03-17,inner_train,True,147.0,True,0.052750565385529136,True
inner_2021,456,train,matched,440,388,2020-10-28,2020-08-10,inner_train,True,52.0,True,0.1009302312491247,True
inner_2021,456,train,matched,441,278,2020-10-29,2020-02-26,inner_train,True,163.0,True,0.14107859825990543,True
inner_2021,456,train,matched,442,291,2020-10-30,2020-03-16,inner_train,True,151.0,True,0.058840500022933284,True
inner_2021,456,train,matched,443,294,2020-11-02,2020-03-19,inner_train,True,149.0,True,0.07446251922355884,True
inner_2021,456,train,matched,444,386,2020-11-03,2020-08-06,inner_train,True,58.0,True,0.03509131981127034,True
inner_2021,456,train,matched,445,434,2020-11-04,2020-10-19,inner_train,True,11.0,True,0.04255961441879608,True
inner_2021,456,train,matched,446,377,2020-11-05,2020-07-22,inner_train,True,69.0,True,0.11778303565638337,True
inner_2021,456,train,matched,447,353,2020-11-06,2020-06-17,inner_train,True,94.0,True,0.10178269430994247,True
inner_2021,456,train,matched,448,341,2020-11-09,2020-05-29,inner_train,True,107.0,True,0.07954308238210439,True
inner_2021,456,train,matched,449,323,2020-11-10,2020-04-30,inner_train,True,126.0,True,0.07430831273337635,True
inner_2021,456,train,matched,450,339,2020-11-11,2020-05-27,inner_train,True,111.0,True,0.05129329438755059,True
inner_2021,456,train,matched,451,309,2020-11-12,2020-04-10,inner_train,True,142.0,True,0.6325225587435108,True
inner_2021,456,train,matched,452,339,2020-11-13,2020-05-27,inner_train,True,113.0,True,0.6664789334777845,True
inner_2021,456,train,matched,453,335,2020-11-16,2020-05-21,inner_train,True,118.0,True,0.5218286971103216,True
inner_2021,456,train,matched,454,339,2020-11-17,2020-05-27,inner_train,True,115.0,True,0.9631296759123247,True
inner_2021,456,train,matched,455,339,2020-11-18,2020-05-27,inner_train,True,116.0,True,0.7852624694677504,True
inner_2021,456,train,matched,456,450,2020-11-19,2020-11-11,inner_train,True,6.0,True,0.5521808094479046,True
inner_2021,456,train,matched,457,450,2020-11-20,2020-11-11,inner_train,True,7.0,True,0.2112209063573034,True
inner_2021,456,train,matched,458,364,2020-11-23,2020-07-02,inner_train,True,94.0,True,0.11454894171223273,True
inner_2021,456,train,matched,459,311,2020-11-24,2020-04-14,inner_train,True,148.0,True,0.13926206733350766,True
inner_2021,456,train,matched,460,309,2020-11-25,2020-04-10,inner_train,True,151.0,True,0.06899287148695121,True
inner_2021,456,train,matched,461,339,2020-11-26,2020-05-27,inner_train,True,122.0,True,0.11997842621981913,True
inner_2021,456,train,matched,462,309,2020-11-27,2020-04-10,inner_train,True,153.0,True,0.1683840489501729,True
inner_2021,456,train,matched,463,450,2020-11-30,2020-11-11,inner_train,True,13.0,True,0.28071340313568705,True
inner_2021,456,train,matched,464,339,2020-12-01,2020-05-27,inner_train,True,125.0,True,0.23669651771891287,True
inner_2021,456,train,matched,465,352,2020-12-02,2020-06-16,inner_train,True,113.0,True,0.08404731405627963,True
inner_2021,456,train,matched,466,460,2020-12-03,2020-11-25,inner_train,True,6.0,True,0.16251892949777513,True
inner_2021,456,train,matched,467,339,2020-12-04,2020-05-27,inner_train,True,128.0,True,0.1922175597510929,True
inner_2021,456,train,matched,468,462,2020-12-08,2020-11-27,inner_train,True,6.0,True,0.19977903245166928,True
inner_2021,456,train,matched,469,352,2020-12-09,2020-06-16,inner_train,True,117.0,True,0.03704127168034921,True
inner_2021,456,train,matched,470,309,2020-12-14,2020-04-10,inner_train,True,161.0,True,0.08004270767353683,True
inner_2021,456,train,matched,471,324,2020-12-15,2020-05-05,inner_train,True,147.0,True,0.09019507913755476,True
inner_2021,456,train,matched,472,346,2020-12-16,2020-06-08,inner_train,True,126.0,True,0.023530497410193973,True
inner_2021,456,train,matched,473,309,2020-12-17,2020-04-10,inner_train,True,164.0,True,0.08004270767353683,True
inner_2021,456,train,matched,474,450,2020-12-18,2020-11-11,inner_train,True,24.0,True,0.21072103131565223,True
inner_2021,456,train,matched,475,335,2020-12-21,2020-05-21,inner_train,True,140.0,True,0.09412884475849337,True
inner_2021,456,train,matched,476,330,2020-12-22,2020-05-14,inner_train,True,146.0,True,0.1250387725788693,True
inner_2021,456,train,matched,477,330,2020-12-23,2020-05-14,inner_train,True,147.0,True,0.10054687206914581,True
inner_2021,456,train,matched,478,390,2020-12-24,2020-08-13,inner_train,True,88.0,True,0.07878087785311383,True
inner_2021,456,train,matched,479,375,2020-12-25,2020-07-20,inner_train,True,104.0,True,0.2194724043063676,True
inner_2021,456,train,matched,480,308,2020-12-28,2020-04-09,inner_train,True,172.0,True,0.0,True
inner_2021,456,train,matched,481,328,2020-12-29,2020-05-12,inner_train,True,153.0,True,0.04436782418156193,True
inner_2021,456,train,matched,482,327,2020-12-30,2020-05-11,inner_train,True,155.0,True,0.08223809823697215,True
inner_2021,456,train,random,5,0,2019-01-15,2019-01-08,inner_train,True,5.0,True,2.4894806201076367,True
inner_2021,456,train,random,6,0,2019-01-16,2019-01-08,inner_train,True,6.0,True,2.5955401920679613,True
inner_2021,456,train,random,7,1,2019-01-17,2019-01-09,inner_train,True,6.0,True,1.4075523231524798,True
inner_2021,456,train,random,8,1,2019-01-18,2019-01-09,inner_train,True,7.0,True,1.0554068525770983,True
inner_2021,456,train,random,9,2,2019-01-21,2019-01-10,inner_train,True,7.0,True,0.45798314239161053,True
inner_2021,456,train,random,10,0,2019-01-22,2019-01-08,inner_train,True,10.0,True,1.7607424944449888,True
inner_2021,456,train,random,11,0,2019-01-23,2019-01-08,inner_train,True,11.0,True,1.7694005571881035,True
inner_2021,456,train,random,17,10,2019-01-31,2019-01-22,inner_train,True,7.0,False,0.9577386174402602,True
inner_2021,456,train,random,18,10,2019-02-01,2019-01-22,inner_train,True,8.0,False,0.9671491491076463,True
inner_2021,456,train,random,19,9,2019-02-04,2019-01-21,inner_train,True,10.0,False,0.6205764877251099,True
inner_2021,456,train,random,20,15,2019-02-05,2019-01-29,inner_train,True,5.0,True,0.5069720544500007,True
inner_2021,456,train,random,21,1,2019-02-06,2019-01-09,inner_train,True,20.0,False,1.7456652492311528,True
inner_2021,456,train,random,22,1,2019-02-07,2019-01-09,inner_train,True,21.0,False,1.6479896897427104,True
inner_2021,456,train,random,23,6,2019-02-08,2019-01-16,inner_train,True,17.0,False,0.232622295268754,True
inner_2021,456,train,random,24,6,2019-02-11,2019-01-16,inner_train,True,18.0,False,0.058268908123976004,True
inner_2021,456,train,random,25,14,2019-02-12,2019-01-28,inner_train,True,11.0,True,0.5389965007326869,True
inner_2021,456,train,random,26,17,2019-02-13,2019-01-31,inner_train,True,9.0,True,0.3894647667617228,True
inner_2021,456,train,random,27,16,2019-02-14,2019-01-30,inner_train,True,11.0,True,0.3440564799795207,True
inner_2021,456,train,random,28,9,2019-02-15,2019-01-21,inner_train,True,19.0,True,0.4581691715987328,True
inner_2021,456,train,random,29,13,2019-02-18,2019-01-25,inner_train,True,16.0,False,0.32571271833476567,True
inner_2021,456,train,random,30,25,2019-02-20,2019-02-12,inner_train,True,5.0,False,0.10570888702522341,True
inner_2021,456,train,random,31,6,2019-02-21,2019-01-16,inner_train,True,25.0,True,0.22000383130954226,True
inner_2021,456,train,random,32,6,2019-02-22,2019-01-16,inner_train,True,26.0,False,0.12014431184206353,True
inner_2021,456,train,random,33,14,2019-02-25,2019-01-28,inner_train,True,19.0,True,0.28768207245178035,True
inner_2021,456,train,random,34,16,2019-02-26,2019-01-30,inner_train,True,18.0,True,0.3302416868705764,True
inner_2021,456,train,random,35,15,2019-02-27,2019-01-29,inner_train,True,20.0,True,0.23284294840292352,True
inner_2021,456,train,random,36,16,2019-02-28,2019-01-30,inner_train,True,20.0,False,0.29626581614317216,True
inner_2021,456,train,random,37,14,2019-03-01,2019-01-28,inner_train,True,23.0,False,0.28589795065827905,True
inner_2021,456,train,random,43,12,2019-03-11,2019-01-24,inner_train,True,31.0,False,0.4981745062124321,True
inner_2021,456,train,random,44,18,2019-03-12,2019-02-01,inner_train,True,26.0,False,0.10627921117489914,True
inner_2021,456,train,random,45,9,2019-03-13,2019-01-21,inner_train,True,36.0,True,0.6123198514259909,True
inner_2021,456,train,random,46,9,2019-03-14,2019-01-21,inner_train,True,37.0,True,0.5173922514898792,True
inner_2021,456,train,random,47,23,2019-03-15,2019-02-08,inner_train,True,24.0,False,0.2041676498552043,True
inner_2021,456,train,random,48,37,2019-03-18,2019-03-01,inner_train,True,11.0,True,0.15023678050612155,True
inner_2021,456,train,random,49,15,2019-03-19,2019-01-29,inner_train,True,34.0,False,0.6017054775335411,True
inner_2021,456,train,random,50,32,2019-03-20,2019-02-22,inner_train,True,18.0,False,0.2464629936593541,True
inner_2021,456,train,random,51,37,2019-03-21,2019-03-01,inner_train,True,14.0,True,0.5440512713943111,True
inner_2021,456,train,random,52,8,2019-03-22,2019-01-18,inner_train,True,44.0,False,0.06243294057321869,True
inner_2021,456,train,random,53,17,2019-03-25,2019-01-31,inner_train,True,36.0,False,0.9916401691159415,True
inner_2021,456,train,random,54,4,2019-03-26,2019-01-14,inner_train,True,50.0,True,0.4488413824335158,True
inner_2021,456,train,random,55,8,2019-03-27,2019-01-18,inner_train,True,47.0,True,0.39903421777787385,True
inner_2021,456,train,random,56,51,2019-03-28,2019-03-21,inner_train,True,5.0,True,0.6436811123431525,True
inner_2021,456,train,random,57,41,2019-03-29,2019-03-07,inner_train,True,16.0,False,0.5313453539971671,True
inner_2021,456,train,random,58,3,2019-04-01,2019-01-11,inner_train,True,55.0,False,0.7230001437096258,True
inner_2021,456,train,random,59,37,2019-04-02,2019-03-01,inner_train,True,22.0,False,0.2402966305404588,True
inner_2021,456,train,random,60,31,2019-04-03,2019-02-21,inner_train,True,29.0,False,0.3917878828007111,True
inner_2021,456,train,random,61,16,2019-04-04,2019-01-30,inner_train,True,45.0,True,0.17435338714477755,True
inner_2021,456,train,random,62,12,2019-04-05,2019-01-24,inner_train,True,50.0,False,0.24667404872440368,True
inner_2021,456,train,random,63,0,2019-04-09,2019-01-08,inner_train,True,63.0,False,2.0656663733312755,True
inner_2021,456,train,random,64,10,2019-04-10,2019-01-22,inner_train,True,54.0,False,0.2939126222024169,True
inner_2021,456,train,random,65,56,2019-04-11,2019-03-28,inner_train,True,9.0,False,1.076545194639431,True
inner_2021,456,train,random,66,58,2019-04-12,2019-04-01,inner_train,True,8.0,True,1.0840134892469568,True
inner_2021,456,train,random,67,39,2019-04-17,2019-03-05,inner_train,True,28.0,False,0.7765287894989963,True
inner_2021,456,train,random,68,49,2019-04-18,2019-03-19,inner_train,True,19.0,False,0.5112955485866686,True
inner_2021,456,train,random,69,32,2019-04-19,2019-02-22,inner_train,True,37.0,True,0.20645663252919544,True
inner_2021,456,train,random,70,65,2019-04-22,2019-04-11,inner_train,True,5.0,True,0.43093171454522494,True
inner_2021,456,train,random,71,34,2019-04-23,2019-02-26,inner_train,True,37.0,True,0.4637730794950996,True
inner_2021,456,train,random,72,6,2019-04-24,2019-01-16,inner_train,True,66.0,False,0.24219174628490414,True
inner_2021,456,train,random,73,25,2019-04-25,2019-02-12,inner_train,True,48.0,True,0.2602102517875826,True
inner_2021,456,train,random,74,37,2019-04-26,2019-03-01,inner_train,True,37.0,False,0.2789292813421862,True
inner_2021,456,train,random,75,35,2019-04-29,2019-02-27,inner_train,True,40.0,False,0.11778303565638337,True
inner_2021,456,train,random,76,61,2019-04-30,2019-04-04,inner_train,True,15.0,True,0.4793840979311712,True
inner_2021,456,train,random,77,47,2019-05-02,2019-03-15,inner_train,True,30.0,False,0.8483343984432117,True
inner_2021,456,train,random,78,62,2019-05-03,2019-04-05,inner_train,True,16.0,False,0.9869875771294536,True
inner_2021,456,train,random,79,72,2019-05-07,2019-04-24,inner_train,True,7.0,False,0.635422995842104,True
inner_2021,456,train,random,80,3,2019-05-08,2019-01-11,inner_train,True,77.0,True,0.6184562879583559,True
inner_2021,456,train,random,81,27,2019-05-09,2019-02-14,inner_train,True,54.0,False,0.3356882303090041,True
inner_2021,456,train,random,82,55,2019-05-10,2019-03-27,inner_train,True,27.0,False,0.7354648302237594,True
inner_2021,456,train,random,83,60,2019-05-13,2019-04-03,inner_train,True,23.0,False,0.9976363713281065,True
inner_2021,456,train,random,84,7,2019-05-14,2019-01-17,inner_train,True,77.0,False,1.5664725361919247,True
inner_2021,456,train,random,85,59,2019-05-15,2019-04-02,inner_train,True,26.0,False,1.5263404347656069,True
inner_2021,456,train,random,86,21,2019-05-16,2019-02-06,inner_train,True,65.0,False,1.972150523491952,True
inner_2021,456,train,random,87,31,2019-05-17,2019-02-21,inner_train,True,56.0,False,2.2086532731598423,True
inner_2021,456,train,random,88,52,2019-05-21,2019-03-22,inner_train,True,36.0,False,2.0886581967847597,True
inner_2021,456,train,random,89,60,2019-05-22,2019-04-03,inner_train,True,29.0,False,1.2960033438799052,True
inner_2021,456,train,random,90,55,2019-05-23,2019-03-27,inner_train,True,35.0,False,1.0981820886184557,True
inner_2021,456,train,random,91,2,2019-05-24,2019-01-10,inner_train,True,89.0,False,0.794779826103758,True
inner_2021,456,train,random,92,85,2019-05-27,2019-05-15,inner_train,True,7.0,True,1.8031881650516772,True
inner_2021,456,train,random,93,85,2019-05-28,2019-05-15,inner_train,True,8.0,True,1.9318055428737715,True
inner_2021,456,train,random,94,26,2019-05-29,2019-02-13,inner_train,True,68.0,False,0.2582348711254796,True
inner_2021,456,train,random,95,69,2019-05-30,2019-04-19,inner_train,True,26.0,False,0.13638446160692963,True
inner_2021,456,train,random,96,86,2019-05-31,2019-05-16,inner_train,True,10.0,True,2.5011407725498844,True
inner_2021,456,train,random,97,24,2019-06-04,2019-02-11,inner_train,True,73.0,False,0.06899287148695166,True
inner_2021,456,train,random,98,9,2019-06-05,2019-01-21,inner_train,True,89.0,True,0.7586043972145893,True
inner_2021,456,train,random,99,42,2019-06-06,2019-03-08,inner_train,True,57.0,False,0.14107859825990543,True
inner_2021,456,train,random,100,89,2019-06-07,2019-05-22,inner_train,True,11.0,False,1.7458720647165853,True
inner_2021,456,train,random,101,63,2019-06-10,2019-04-09,inner_train,True,38.0,True,0.3098699874271431,True
inner_2021,456,train,random,102,85,2019-06-11,2019-05-15,inner_train,True,17.0,False,2.3934409224489905,True
inner_2021,456,train,random,103,27,2019-06-12,2019-02-14,inner_train,True,76.0,True,0.6592456288842641,True
inner_2021,456,train,random,104,37,2019-06-13,2019-03-01,inner_train,True,67.0,False,0.7852133282111988,True
inner_2021,456,train,random,105,40,2019-06-14,2019-03-06,inner_train,True,65.0,False,0.39286368123016047,True
inner_2021,456,train,random,106,68,2019-06-17,2019-04-18,inner_train,True,38.0,True,0.23922968906583408,True
inner_2021,456,train,random,107,76,2019-06-18,2019-04-30,inner_train,True,31.0,True,0.7104958188945578,True
inner_2021,456,train,random,108,73,2019-06-19,2019-04-25,inner_train,True,35.0,True,0.019048194970694432,True
inner_2021,456,train,random,109,69,2019-06-20,2019-04-19,inner_train,True,40.0,True,0.05678852295354142,True
inner_2021,456,train,random,110,28,2019-06-21,2019-02-15,inner_train,True,82.0,False,0.13473259397015624,True
inner_2021,456,train,random,111,55,2019-06-24,2019-03-27,inner_train,True,56.0,False,0.16200155430299734,True
inner_2021,456,train,random,112,67,2019-06-25,2019-04-17,inner_train,True,45.0,True,0.6205245410224154,True
inner_2021,456,train,random,113,29,2019-06-26,2019-02-18,inner_train,True,84.0,False,0.27095762951058644,True
inner_2021,456,train,random,114,24,2019-06-27,2019-02-11,inner_train,True,90.0,True,0.12726177961092766,True
inner_2021,456,train,random,115,16,2019-06-28,2019-01-30,inner_train,True,99.0,True,0.2715171355984256,True
inner_2021,456,train,random,116,103,2019-07-01,2019-06-12,inner_train,True,13.0,True,0.48783610554129186,True
inner_2021,456,train,random,117,71,2019-07-02,2019-04-23,inner_train,True,46.0,True,0.395895657092014,True
inner_2021,456,train,random,118,72,2019-07-03,2019-04-24,inner_train,True,46.0,True,0.3031862589877461,True
inner_2021,456,train,random,119,101,2019-07-04,2019-06-10,inner_train,True,18.0,True,0.550255345175859,True
inner_2021,456,train,random,120,29,2019-07-05,2019-02-18,inner_train,True,91.0,False,0.3712151850650858,True
inner_2021,456,train,random,121,32,2019-07-08,2019-02-22,inner_train,True,89.0,True,0.36890751237436703,True
inner_2021,456,train,random,122,44,2019-07-09,2019-03-12,inner_train,True,78.0,False,0.47590335137292383,True
inner_2021,456,train,random,123,15,2019-07-10,2019-01-29,inner_train,True,108.0,True,0.6985672480292848,True
inner_2021,456,train,random,124,92,2019-07-11,2019-05-27,inner_train,True,32.0,False,0.3895820619351622,True
inner_2021,456,train,random,125,26,2019-07-12,2019-02-13,inner_train,True,99.0,True,0.16243074218787168,True
inner_2021,456,train,random,126,29,2019-07-15,2019-02-18,inner_train,True,97.0,False,0.1891773019385088,True
inner_2021,456,train,random,127,86,2019-07-17,2019-05-16,inner_train,True,41.0,False,2.3623043276956683,True
inner_2021,456,train,random,128,28,2019-07-18,2019-02-15,inner_train,True,100.0,True,0.17319887479795248,True
inner_2021,456,train,random,129,86,2019-07-19,2019-05-16,inner_train,True,43.0,False,2.1816460717485318,True
inner_2021,456,train,random,130,29,2019-07-22,2019-02-18,inner_train,True,101.0,True,0.41356231834078416,True
inner_2021,456,train,random,131,32,2019-07-23,2019-02-22,inner_train,True,99.0,False,0.17520408902509121,True
inner_2021,456,train,random,132,3,2019-07-24,2019-01-11,inner_train,True,129.0,True,0.6749909245232657,True
inner_2021,456,train,random,133,15,2019-07-25,2019-01-29,inner_train,True,118.0,False,0.15415067982725894,True
inner_2021,456,train,random,134,34,2019-07-26,2019-02-26,inner_train,True,100.0,False,0.4540827246108754,True
inner_2021,456,train,random,135,123,2019-07-30,2019-07-10,inner_train,True,12.0,False,0.39086630868701233,True
inner_2021,456,train,random,136,25,2019-07-31,2019-02-12,inner_train,True,111.0,False,0.19948936041632015,True
inner_2021,456,train,random,137,15,2019-08-01,2019-01-29,inner_train,True,122.0,False,1.0008481199022183,True
inner_2021,456,train,random,138,118,2019-08-02,2019-07-03,inner_train,True,20.0,False,0.16462197969455383,True
inner_2021,456,train,random,139,129,2019-08-05,2019-07-19,inner_train,True,10.0,False,0.38077249551779246,True
inner_2021,456,train,random,140,83,2019-08-06,2019-05-13,inner_train,True,57.0,True,1.4020427180880288,True
inner_2021,456,train,random,141,123,2019-08-07,2019-07-10,inner_train,True,18.0,False,0.17485326218642916,True
inner_2021,456,train,random,142,42,2019-08-08,2019-03-08,inner_train,True,100.0,True,0.40001820184603254,True
inner_2021,456,train,random,143,129,2019-08-09,2019-07-19,inner_train,True,14.0,False,0.3746934494414105,True
inner_2021,456,train,random,144,115,2019-08-13,2019-06-28,inner_train,True,29.0,False,0.22748195291280782,True
inner_2021,456,train,random,145,69,2019-08-14,2019-04-19,inner_train,True,76.0,False,0.7878744399164024,True
inner_2021,456,train,random,146,56,2019-08-15,2019-03-28,inner_train,True,90.0,False,0.8710641901688421,True
inner_2021,456,train,random,147,8,2019-08-16,2019-01-18,inner_train,True,139.0,False,1.6644358745198007,True
inner_2021,456,train,random,148,132,2019-08-19,2019-07-24,inner_train,True,16.0,False,0.9003494922744988,True
inner_2021,456,train,random,149,21,2019-08-20,2019-02-06,inner_train,True,128.0,False,0.7029829321575622,True
inner_2021,456,train,random,150,138,2019-08-21,2019-08-02,inner_train,True,12.0,True,1.1061029603972674,True
inner_2021,456,train,random,151,118,2019-08-22,2019-07-03,inner_train,True,33.0,False,0.6365768290715512,True
inner_2021,456,train,random,152,94,2019-08-23,2019-05-29,inner_train,True,58.0,True,0.36129388979502686,True
inner_2021,456,train,random,153,48,2019-08-26,2019-03-18,inner_train,True,105.0,False,0.7899609215721992,True
inner_2021,456,train,random,154,10,2019-08-27,2019-01-22,inner_train,True,144.0,False,0.6876820724517807,True
inner_2021,456,train,random,155,118,2019-08-28,2019-07-03,inner_train,True,37.0,False,0.6484613592984996,True
inner_2021,456,train,random,156,107,2019-08-29,2019-06-18,inner_train,True,49.0,False,0.5703929859286805,True
inner_2021,456,train,random,157,61,2019-08-30,2019-04-04,inner_train,True,96.0,False,1.3932517730102836,True
inner_2021,456,train,random,158,85,2019-09-02,2019-05-15,inner_train,True,73.0,False,2.210193868134093,True
inner_2021,456,train,random,159,40,2019-09-03,2019-03-06,inner_train,True,119.0,False,0.44802472252696024,True
inner_2021,456,train,random,160,15,2019-09-04,2019-01-29,inner_train,True,145.0,True,0.5569167309662579,True
inner_2021,456,train,random,161,116,2019-09-05,2019-07-01,inner_train,True,45.0,True,0.2641515750415868,True
inner_2021,456,train,random,162,141,2019-09-06,2019-08-07,inner_train,True,21.0,False,0.4553493642904556,True
inner_2021,456,train,random,163,112,2019-09-09,2019-06-25,inner_train,True,51.0,True,0.15489251962389083,True
inner_2021,456,train,random,164,41,2019-09-10,2019-03-07,inner_train,True,123.0,False,0.49937823792563973,True
inner_2021,456,train,random,165,142,2019-09-11,2019-08-08,inner_train,True,23.0,False,0.3908663086870119,True
inner_2021,456,train,random,166,57,2019-09-12,2019-03-29,inner_train,True,109.0,False,0.6048671940199299,True
inner_2021,456,train,random,167,110,2019-09-13,2019-06-21,inner_train,True,57.0,True,0.11850898850133262,True
inner_2021,456,train,random,168,10,2019-09-16,2019-01-22,inner_train,True,158.0,True,0.40212620684264966,True
inner_2021,456,train,random,169,65,2019-09-17,2019-04-11,inner_train,True,104.0,False,0.24661590749935192,True
inner_2021,456,train,random,170,76,2019-09-18,2019-04-30,inner_train,True,94.0,False,1.4549362938420538,True
inner_2021,456,train,random,171,18,2019-09-19,2019-02-01,inner_train,True,153.0,False,2.22026097936027,True
inner_2021,456,train,random,172,25,2019-09-20,2019-02-12,inner_train,True,147.0,False,1.192035181712154,True
inner_2021,456,train,random,173,9,2019-09-23,2019-01-21,inner_train,True,164.0,False,0.6756615855976555,True
inner_2021,456,train,random,174,101,2019-09-24,2019-06-10,inner_train,True,73.0,False,0.6143779729100709,True
inner_2021,456,train,random,175,39,2019-09-25,2019-03-05,inner_train,True,136.0,True,0.7466246080852312,True
inner_2021,456,train,random,176,169,2019-09-26,2019-09-17,inner_train,True,7.0,False,1.2420834341089781,True
inner_2021,456,train,random,177,100,2019-09-27,2019-06-07,inner_train,True,77.0,False,0.6073431686430322,True
inner_2021,456,train,random,178,131,2019-09-30,2019-07-23,inner_train,True,47.0,True,0.25869453557852795,True
inner_2021,456,train,random,179,155,2019-10-01,2019-08-28,inner_train,True,24.0,True,1.5138797607988979,True
inner_2021,456,train,random,180,124,2019-10-02,2019-07-11,inner_train,True,56.0,False,0.814559984266908,True
inner_2021,456,train,random,181,116,2019-10-03,2019-07-01,inner_train,True,65.0,False,0.41010548766466703,True
inner_2021,456,train,random,182,160,2019-10-04,2019-09-04,inner_train,True,22.0,False,0.19999706795267702,True
inner_2021,456,train,random,183,96,2019-10-07,2019-05-31,inner_train,True,87.0,True,0.08894748601649605,True
inner_2021,456,train,random,184,101,2019-10-08,2019-06-10,inner_train,True,83.0,False,0.22982727975360673,True
inner_2021,456,train,random,185,36,2019-10-09,2019-02-28,inner_train,True,149.0,False,0.8823891801984733,True
inner_2021,456,train,random,186,131,2019-10-10,2019-07-23,inner_train,True,55.0,False,0.6241543090729946,True
inner_2021,456,train,random,187,179,2019-10-11,2019-10-01,inner_train,True,8.0,True,0.6567795363890703,True
inner_2021,456,train,random,188,68,2019-10-15,2019-04-18,inner_train,True,120.0,False,0.4495250979021952,True
inner_2021,456,train,random,189,82,2019-10-16,2019-05-10,inner_train,True,107.0,False,0.931558204004943,True
inner_2021,456,train,random,190,56,2019-10-17,2019-03-28,inner_train,True,134.0,True,0.6901092035398686,True
inner_2021,456,train,random,191,77,2019-10-18,2019-05-02,inner_train,True,114.0,False,0.8890807757378267,True
inner_2021,456,train,random,192,158,2019-10-21,2019-09-02,inner_train,True,34.0,True,0.18447772581042,True
inner_2021,456,train,random,193,36,2019-10-22,2019-02-28,inner_train,True,157.0,True,0.9659101522483344,True
inner_2021,456,train,random,194,99,2019-10-24,2019-06-06,inner_train,True,95.0,False,0.9447066768484498,True
inner_2021,456,train,random,195,171,2019-10-25,2019-09-19,inner_train,True,24.0,True,1.3985288301111272,True
inner_2021,456,train,random,196,78,2019-10-28,2019-05-03,inner_train,True,118.0,False,1.4340016881504907,True
inner_2021,456,train,random,197,127,2019-10-29,2019-07-17,inner_train,True,70.0,False,0.8369057026195899,True
inner_2021,456,train,random,198,182,2019-10-30,2019-10-04,inner_train,True,16.0,True,0.22933552156213066,True
inner_2021,456,train,random,199,21,2019-10-31,2019-02-06,inner_train,True,178.0,False,0.14280417375790755,True
inner_2021,456,train,random,200,35,2019-11-01,2019-02-27,inner_train,True,165.0,False,0.20067069546215066,True
inner_2021,456,train,random,201,45,2019-11-04,2019-03-13,inner_train,True,156.0,True,0.7211320283195195,True
inner_2021,456,train,random,202,103,2019-11-05,2019-06-12,inner_train,True,99.0,False,1.4939250253122567,True
inner_2021,456,train,random,203,23,2019-11-06,2019-02-08,inner_train,True,180.0,False,0.9444616088408515,True
inner_2021,456,train,random,204,193,2019-11-07,2019-10-22,inner_train,True,11.0,False,0.9636972723898047,True
inner_2021,456,train,random,205,31,2019-11-08,2019-02-21,inner_train,True,174.0,False,0.429214288319828,True
inner_2021,456,train,random,206,38,2019-11-11,2019-03-04,inner_train,True,168.0,False,0.12146938455680623,True
inner_2021,456,train,random,207,40,2019-11-12,2019-03-06,inner_train,True,167.0,False,0.6486954179891113,True
inner_2021,456,train,random,208,158,2019-11-13,2019-09-02,inner_train,True,50.0,True,1.465411571272484,True
inner_2021,456,train,random,209,78,2019-11-14,2019-05-03,inner_train,True,131.0,False,0.872213172894134,True
inner_2021,456,train,random,210,28,2019-11-15,2019-02-15,inner_train,True,182.0,True,1.8380427144107943,True
inner_2021,456,train,random,211,44,2019-11-18,2019-03-12,inner_train,True,167.0,False,1.6218604324326575,True
inner_2021,456,train,random,212,53,2019-11-19,2019-03-25,inner_train,True,159.0,True,2.409817917755276,True
inner_2021,456,train,random,213,191,2019-11-20,2019-10-18,inner_train,True,22.0,True,1.5938155714701603,True
inner_2021,456,train,random,214,105,2019-11-21,2019-06-14,inner_train,True,109.0,False,1.3055246450537368,True
inner_2021,456,train,random,215,160,2019-11-22,2019-09-04,inner_train,True,55.0,False,0.6713479522173604,True
inner_2021,456,train,random,216,3,2019-11-25,2019-01-11,inner_train,True,213.0,True,0.7484098592349944,True
inner_2021,456,train,random,217,198,2019-11-26,2019-10-30,inner_train,True,19.0,False,0.543815787168636,True
inner_2021,456,train,random,218,173,2019-11-27,2019-09-23,inner_train,True,45.0,False,0.7441942827151231,True
inner_2021,456,train,random,219,42,2019-11-28,2019-03-08,inner_train,True,177.0,False,0.6686241272369995,True
inner_2021,456,train,random,220,159,2019-11-29,2019-09-03,inner_train,True,61.0,True,0.527231659153101,True
inner_2021,456,train,random,221,176,2019-12-02,2019-09-26,inner_train,True,45.0,True,1.2549868389448857,True
inner_2021,456,train,random,222,52,2019-12-03,2019-03-22,inner_train,True,170.0,False,0.3630184178609075,True
inner_2021,456,train,random,223,92,2019-12-04,2019-05-27,inner_train,True,131.0,True,0.5361855361270376,True
inner_2021,456,train,random,224,80,2019-12-06,2019-05-08,inner_train,True,144.0,False,0.5159407244327614,True
inner_2021,456,train,random,225,205,2019-12-09,2019-11-08,inner_train,True,20.0,False,0.7816438901657672,True
inner_2021,456,train,random,226,47,2019-12-11,2019-03-15,inner_train,True,179.0,False,0.35831832968246236,True
inner_2021,456,train,random,227,60,2019-12-12,2019-04-03,inner_train,True,167.0,False,0.37315380325581815,True
inner_2021,456,train,random,228,133,2019-12-13,2019-07-25,inner_train,True,95.0,False,0.9230704188595333,True
inner_2021,456,train,random,229,138,2019-12-16,2019-08-02,inner_train,True,91.0,True,0.2876820724517808,True
inner_2021,456,train,random,230,164,2019-12-17,2019-09-10,inner_train,True,66.0,False,0.4231646852075652,True
inner_2021,456,train,random,231,41,2019-12-18,2019-03-07,inner_train,True,190.0,True,0.33995050099753765,True
inner_2021,456,train,random,232,138,2019-12-19,2019-08-02,inner_train,True,94.0,False,0.37621954001170277,True
inner_2021,456,train,random,233,4,2019-12-20,2019-01-14,inner_train,True,229.0,True,0.5420972784109357,True
inner_2021,456,train,random,234,103,2019-12-23,2019-06-12,inner_train,True,131.0,False,1.0818051703517289,True
inner_2021,456,train,random,235,119,2019-12-24,2019-07-04,inner_train,True,116.0,False,1.128505212656174,True
inner_2021,456,train,random,236,39,2019-12-25,2019-03-05,inner_train,True,197.0,False,0.2876820724517808,True
inner_2021,456,train,random,237,23,2019-12-26,2019-02-08,inner_train,True,214.0,False,0.35667494393873245,True
inner_2021,456,train,random,238,42,2019-12-27,2019-03-08,inner_train,True,196.0,False,0.32765160391121784,True
inner_2021,456,train,random,239,90,2019-12-30,2019-05-23,inner_train,True,149.0,False,1.0028719088141305,True
inner_2021,456,train,random,240,79,2020-01-02,2019-05-07,inner_train,True,161.0,True,0.3932312495571999,False
inner_2021,456,train,random,241,121,2020-01-03,2019-07-08,inner_train,True,120.0,False,0.4505855433886343,False
inner_2021,456,train,random,242,63,2020-01-06,2019-04-09,inner_train,True,179.0,False,0.12062798778861472,False
inner_2021,456,train,random,243,166,2020-01-07,2019-09-12,inner_train,True,77.0,False,0.3511820299933093,False
inner_2021,456,train,random,244,19,2020-01-08,2019-02-04,inner_train,True,225.0,False,0.42655889116796386,False
inner_2021,456,train,random,245,143,2020-01-09,2019-08-09,inner_train,True,102.0,False,0.5753641449035616,False
inner_2021,456,train,random,246,103,2020-01-10,2019-06-12,inner_train,True,143.0,False,0.1986024423980921,False
inner_2021,456,train,random,247,232,2020-01-13,2019-12-19,inner_train,True,15.0,True,0.612608318075933,False
inner_2021,456,train,random,248,118,2020-01-14,2019-07-03,inner_train,True,130.0,False,0.18874212459687723,False
inner_2021,456,train,random,249,174,2020-01-15,2019-09-24,inner_train,True,75.0,False,0.6699675645194629,False
inner_2021,456,train,random,250,170,2020-01-16,2019-09-18,inner_train,True,80.0,True,0.4342855466436566,False
inner_2021,456,train,random,251,111,2020-01-17,2019-06-24,inner_train,True,140.0,False,0.666544931365876,False
inner_2021,456,train,random,252,207,2020-01-20,2019-11-12,inner_train,True,45.0,True,1.405415402566669,False
inner_2021,456,train,random,253,44,2020-01-21,2019-03-12,inner_train,True,209.0,False,0.6394670310963213,False
inner_2021,456,train,random,254,154,2020-01-22,2019-08-27,inner_train,True,100.0,False,0.6964157524205357,False
inner_2021,456,train,random,255,72,2020-01-23,2019-04-24,inner_train,True,183.0,False,0.20961369908196215,False
inner_2021,456,train,random,256,146,2020-01-24,2019-08-15,inner_train,True,110.0,False,1.2908298484192025,False
inner_2021,456,train,random,257,56,2020-01-27,2019-03-28,inner_train,True,201.0,False,0.46232527266915646,False
inner_2021,456,train,random,258,159,2020-01-28,2019-09-03,inner_train,True,99.0,False,0.11926342082681796,False
inner_2021,456,train,random,259,129,2020-01-29,2019-07-19,inner_train,True,130.0,False,0.14310084364067333,False
inner_2021,456,train,random,260,94,2020-01-30,2019-05-29,inner_train,True,166.0,True,0.08515780834030684,False
inner_2021,456,train,random,261,245,2020-01-31,2020-01-09,inner_train,True,16.0,False,0.2666286632539485,True
inner_2021,456,train,random,262,205,2020-02-03,2019-11-08,inner_train,True,57.0,False,0.4514022032951899,False
inner_2021,456,train,random,263,114,2020-02-04,2019-06-27,inner_train,True,149.0,False,0.09015109699429713,False
inner_2021,456,train,random,264,78,2020-02-05,2019-05-03,inner_train,True,186.0,False,0.48199287367425603,False
inner_2021,456,train,random,265,56,2020-02-06,2019-03-28,inner_train,True,209.0,False,0.23052365861183244,False
inner_2021,456,train,random,266,189,2020-02-07,2019-10-16,inner_train,True,77.0,False,0.37626207721403704,False
inner_2021,456,train,random,267,102,2020-02-11,2019-06-11,inner_train,True,165.0,False,0.6886928302105648,False
inner_2021,456,train,random,268,168,2020-02-12,2019-09-16,inner_train,True,100.0,False,0.976009966575778,False
inner_2021,456,train,random,269,125,2020-02-13,2019-07-12,inner_train,True,144.0,False,0.31449332990243795,False
inner_2021,456,train,random,270,14,2020-02-14,2019-01-28,inner_train,True,256.0,False,0.3522205935893514,False
inner_2021,456,train,random,271,60,2020-02-17,2019-04-03,inner_train,True,211.0,False,0.18777979730168104,False
inner_2021,456,train,random,272,159,2020-02-18,2019-09-03,inner_train,True,113.0,False,0.5808411716235202,False
inner_2021,456,train,random,273,59,2020-02-19,2019-04-02,inner_train,True,214.0,False,1.130241304966186,False
inner_2021,456,train,random,274,14,2020-02-20,2019-01-28,inner_train,True,260.0,False,0.8475307733936766,False
inner_2021,456,train,random,275,21,2020-02-21,2019-02-06,inner_train,True,254.0,False,0.47688514268821525,False
inner_2021,456,train,random,276,202,2020-02-24,2019-11-05,inner_train,True,74.0,False,1.5871089982739317,False
inner_2021,456,train,random,277,70,2020-02-25,2019-04-22,inner_train,True,207.0,False,0.24827952458575187,False
inner_2021,456,train,random,278,213,2020-02-26,2019-11-20,inner_train,True,65.0,False,1.0541104371894536,False
inner_2021,456,train,random,279,147,2020-02-27,2019-08-16,inner_train,True,132.0,True,1.0576010146469872,False
inner_2021,456,train,random,280,77,2020-02-28,2019-05-02,inner_train,True,203.0,False,1.346461609507518,False
inner_2021,456,train,random,281,28,2020-03-02,2019-02-15,inner_train,True,253.0,False,0.8581691715987327,False
inner_2021,456,train,random,282,232,2020-03-03,2019-12-19,inner_train,True,50.0,False,0.6812511821214904,False
inner_2021,456,train,random,283,190,2020-03-04,2019-10-17,inner_train,True,93.0,False,0.8653632496892332,False
inner_2021,456,train,random,284,279,2020-03-05,2020-02-27,inner_train,True,5.0,True,1.8738776569126419,True
inner_2021,456,train,random,285,186,2020-03-06,2019-10-10,inner_train,True,99.0,True,0.4532557719445123,False
inner_2021,456,train,random,286,18,2020-03-09,2019-02-01,inner_train,True,268.0,False,0.7422679778948957,False
inner_2021,456,train,random,287,45,2020-03-10,2019-03-13,inner_train,True,242.0,False,0.6241543090729937,False
inner_2021,456,train,random,288,198,2020-03-11,2019-10-30,inner_train,True,90.0,True,0.27675300191959096,False
inner_2021,456,train,random,289,151,2020-03-12,2019-08-22,inner_train,True,138.0,True,0.5849335959197126,False
inner_2021,456,train,random,290,176,2020-03-13,2019-09-26,inner_train,True,114.0,True,0.5755698511968426,False
inner_2021,456,train,random,291,4,2020-03-16,2019-01-14,inner_train,True,287.0,False,0.4581770939909786,False
inner_2021,456,train,random,292,282,2020-03-17,2020-03-03,inner_train,True,10.0,True,0.6296182714970198,True
inner_2021,456,train,random,293,80,2020-03-18,2019-05-08,inner_train,True,213.0,False,0.36252291382115587,False
inner_2021,456,train,random,294,190,2020-03-19,2019-10-17,inner_train,True,104.0,False,0.35465065174950183,False
inner_2021,456,train,random,295,180,2020-03-20,2019-10-02,inner_train,True,115.0,True,0.8959672589022412,False
inner_2021,456,train,random,296,251,2020-03-23,2020-01-17,inner_train,True,45.0,False,0.2887975215356464,True
inner_2021,456,train,random,297,129,2020-03-24,2019-07-19,inner_train,True,168.0,False,1.1874629953621239,False
inner_2021,456,train,random,298,197,2020-03-25,2019-10-29,inner_train,True,101.0,True,0.4595323293784399,False
inner_2021,456,train,random,299,83,2020-03-26,2019-05-13,inner_train,True,216.0,True,3.816945738630294,False
inner_2021,456,train,random,300,200,2020-03-27,2019-11-01,inner_train,True,100.0,False,2.8801333710353423,False
inner_2021,456,train,random,301,33,2020-03-30,2019-02-25,inner_train,True,268.0,False,2.2954378987028967,False
inner_2021,456,train,random,302,197,2020-03-31,2019-10-29,inner_train,True,105.0,True,0.6876820724517807,False
inner_2021,456,train,random,303,20,2020-04-01,2019-02-05,inner_train,True,283.0,False,1.2847423741392294,False
inner_2021,456,train,random,304,67,2020-04-02,2019-04-17,inner_train,True,237.0,False,0.2889600278972728,False
inner_2021,456,train,random,305,253,2020-04-03,2020-01-21,inner_train,True,52.0,False,0.529466135881993,True
inner_2021,456,train,random,306,102,2020-04-07,2019-06-11,inner_train,True,204.0,False,0.723245211717225,False
inner_2021,456,train,random,307,173,2020-04-08,2019-09-23,inner_train,True,134.0,False,0.8490739135355985,False
inner_2021,456,train,random,308,114,2020-04-09,2019-06-27,inner_train,True,194.0,False,0.26160983214200595,False
inner_2021,456,train,random,309,47,2020-04-10,2019-03-15,inner_train,True,262.0,False,0.4533041676276275,False
inner_2021,456,train,random,310,6,2020-04-13,2019-01-16,inner_train,True,304.0,False,0.11126143826448631,False
inner_2021,456,train,random,311,110,2020-04-14,2019-06-21,inner_train,True,201.0,True,0.3521454705753815,False
inner_2021,456,train,random,312,103,2020-04-15,2019-06-12,inner_train,True,209.0,True,0.8021374642683505,False
inner_2021,456,train,random,313,264,2020-04-16,2020-02-05,inner_train,True,49.0,False,0.1512309697239238,True
inner_2021,456,train,random,314,275,2020-04-17,2020-02-21,inner_train,True,39.0,False,0.8846261481132776,True
inner_2021,456,train,random,315,95,2020-04-20,2019-05-30,inner_train,True,220.0,False,0.19497267434751286,False
inner_2021,456,train,random,316,209,2020-04-21,2019-11-14,inner_train,True,107.0,False,1.7184281961425056,False
inner_2021,456,train,random,317,228,2020-04-22,2019-12-13,inner_train,True,89.0,False,0.24846135929849966,False
inner_2021,456,train,random,318,278,2020-04-23,2020-02-26,inner_train,True,40.0,False,1.6271972573573072,True
inner_2021,456,train,random,319,130,2020-04-24,2019-07-22,inner_train,True,189.0,False,1.3025605390622532,False
inner_2021,456,train,random,320,168,2020-04-27,2019-09-16,inner_train,True,152.0,False,0.6769630638886435,False
inner_2021,456,train,random,321,182,2020-04-28,2019-10-04,inner_train,True,139.0,False,0.740926586970593,False
inner_2021,456,train,random,322,256,2020-04-29,2020-01-24,inner_train,True,66.0,False,0.8054651081081645,True
inner_2021,456,train,random,323,63,2020-04-30,2019-04-09,inner_train,True,260.0,True,0.46357273891544537,False
inner_2021,456,train,random,324,42,2020-05-05,2019-03-08,inner_train,True,282.0,False,0.21955021370140093,False
inner_2021,456,train,random,325,54,2020-05-07,2019-03-26,inner_train,True,271.0,True,0.5706471550254228,False
inner_2021,456,train,random,326,306,2020-05-08,2020-04-07,inner_train,True,20.0,True,0.3177801036090604,True
inner_2021,456,train,random,327,132,2020-05-11,2019-07-24,inner_train,True,195.0,True,0.11450971031141366,False
inner_2021,456,train,random,328,144,2020-05-12,2019-08-13,inner_train,True,184.0,False,0.3111206454237987,False
inner_2021,456,train,random,329,78,2020-05-13,2019-05-03,inner_train,True,251.0,False,0.2763448386486185,False
inner_2021,456,train,random,330,298,2020-05-14,2020-03-25,inner_train,True,32.0,False,2.12525107771113,True
inner_2021,456,train,random,331,13,2020-05-15,2019-01-25,inner_train,True,318.0,False,0.86148249537916,False
inner_2021,456,train,random,332,235,2020-05-18,2019-12-24,inner_train,True,97.0,True,0.6263496996364304,False
inner_2021,456,train,random,333,113,2020-05-19,2019-06-26,inner_train,True,220.0,False,1.4634482848875363,False
inner_2021,456,train,random,334,69,2020-05-20,2019-04-19,inner_train,True,265.0,True,1.0154783884249001,False
inner_2021,456,train,random,335,45,2020-05-21,2019-03-13,inner_train,True,290.0,False,0.7410866428490648,False
inner_2021,456,train,random,336,118,2020-05-22,2019-07-03,inner_train,True,218.0,False,1.1693813595563176,False
inner_2021,456,train,random,337,92,2020-05-25,2019-05-27,inner_train,True,245.0,False,0.33928320122686273,False
inner_2021,456,train,random,338,144,2020-05-26,2019-08-13,inner_train,True,194.0,False,0.052277863887717047,False
inner_2021,456,train,random,339,248,2020-05-27,2020-01-14,inner_train,True,91.0,False,0.9075570519054006,True
inner_2021,456,train,random,340,43,2020-05-28,2019-03-11,inner_train,True,297.0,False,0.11592946700706053,False
inner_2021,456,train,random,341,177,2020-05-29,2019-09-27,inner_train,True,164.0,False,0.5843536504183335,False
inner_2021,456,train,random,342,321,2020-06-01,2020-04-28,inner_train,True,21.0,True,0.9177460666105643,True
inner_2021,456,train,random,343,257,2020-06-02,2020-01-27,inner_train,True,86.0,False,0.41412317085127937,True
inner_2021,456,train,random,344,240,2020-06-04,2020-01-02,inner_train,True,104.0,False,0.45576584658296326,True
inner_2021,456,train,random,345,174,2020-06-05,2019-09-24,inner_train,True,171.0,False,0.586585955580412,False
inner_2021,456,train,random,346,180,2020-06-08,2019-10-02,inner_train,True,166.0,False,0.7477513145947974,False
inner_2021,456,train,random,347,120,2020-06-09,2019-07-05,inner_train,True,227.0,True,0.16223479822721698,False
inner_2021,456,train,random,348,283,2020-06-10,2020-03-04,inner_train,True,65.0,False,0.851106389064368,True
inner_2021,456,train,random,349,100,2020-06-11,2019-06-07,inner_train,True,249.0,True,0.12361395596717673,False
inner_2021,456,train,random,350,333,2020-06-12,2020-05-19,inner_train,True,17.0,False,1.3911276233079102,True
inner_2021,456,train,random,351,207,2020-06-15,2019-11-12,inner_train,True,144.0,True,0.8529958815018412,False
inner_2021,456,train,random,352,42,2020-06-16,2019-03-08,inner_train,True,310.0,False,0.1112256351102241,False
inner_2021,456,train,random,353,342,2020-06-17,2020-06-01,inner_train,True,11.0,True,0.12856677821675966,True
inner_2021,456,train,random,354,208,2020-06-18,2019-11-13,inner_train,True,146.0,False,1.0852405517022201,False
inner_2021,456,train,random,355,236,2020-06-19,2019-12-25,inner_train,True,119.0,True,0.3316989578685554,False
inner_2021,456,train,random,356,213,2020-06-22,2019-11-20,inner_train,True,143.0,True,1.3971052772241062,False
inner_2021,456,train,random,357,199,2020-06-23,2019-10-31,inner_train,True,158.0,True,0.3204718952747716,False
inner_2021,456,train,random,358,319,2020-06-24,2020-04-24,inner_train,True,39.0,False,1.231549503419064,True
inner_2021,456,train,random,359,267,2020-06-25,2020-02-11,inner_train,True,92.0,False,0.4994656619760516,True
inner_2021,456,train,random,360,232,2020-06-26,2019-12-19,inner_train,True,128.0,True,0.4523538553106565,False
inner_2021,456,train,random,361,102,2020-06-29,2019-06-11,inner_train,True,259.0,False,0.5526071577809462,False
inner_2021,456,train,random,362,91,2020-06-30,2019-05-24,inner_train,True,271.0,False,0.34830669426821625,False
inner_2021,456,train,random,363,115,2020-07-01,2019-06-28,inner_train,True,248.0,False,0.47878845880146814,False
inner_2021,456,train,random,364,52,2020-07-02,2019-03-22,inner_train,True,312.0,True,0.10536051565782634,False
inner_2021,456,train,random,365,293,2020-07-03,2020-03-18,inner_train,True,72.0,False,0.2224106820985572,True
inner_2021,456,train,random,366,9,2020-07-07,2019-01-21,inner_train,True,357.0,True,0.19988668914994223,False
inner_2021,456,train,random,367,164,2020-07-08,2019-09-10,inner_train,True,203.0,False,0.45953232937844035,False
inner_2021,456,train,random,368,219,2020-07-09,2019-11-28,inner_train,True,149.0,True,0.2017787288165125,False
inner_2021,456,train,random,369,219,2020-07-10,2019-11-28,inner_train,True,150.0,True,0.2773992054961969,False
inner_2021,456,train,random,370,316,2020-07-13,2020-04-21,inner_train,True,54.0,False,0.12475170497247712,True
inner_2021,456,train,random,371,366,2020-07-14,2020-07-07,inner_train,True,5.0,True,1.0635209688568392,True
inner_2021,456,train,random,372,269,2020-07-15,2020-02-13,inner_train,True,103.0,False,0.24142775280909845,True
inner_2021,456,train,random,373,84,2020-07-16,2019-05-14,inner_train,True,289.0,False,1.4552469010817002,False
inner_2021,456,train,random,374,268,2020-07-17,2020-02-12,inner_train,True,106.0,False,0.1251631429540061,True
inner_2021,456,train,random,375,45,2020-07-20,2019-03-13,inner_train,True,330.0,True,0.31193905009734113,False
inner_2021,456,train,random,376,212,2020-07-21,2019-11-19,inner_train,True,164.0,True,1.6332891282562798,False
inner_2021,456,train,random,377,242,2020-07-22,2020-01-06,inner_train,True,135.0,True,0.14025589150844198,True
inner_2021,456,train,random,378,233,2020-07-23,2019-12-20,inner_train,True,145.0,True,0.47600716658194564,False
inner_2021,456,train,random,379,110,2020-07-24,2019-06-21,inner_train,True,269.0,False,0.2318963424238043,False
inner_2021,456,train,random,380,125,2020-07-29,2019-07-12,inner_train,True,255.0,False,0.433635985074861,False
inner_2021,456,train,random,381,230,2020-07-30,2019-12-17,inner_train,True,151.0,True,0.5700870878027184,False
inner_2021,456,train,random,382,293,2020-07-31,2020-03-18,inner_train,True,89.0,True,0.8312975190407625,True
inner_2021,456,train,random,383,327,2020-08-03,2020-05-11,inner_train,True,56.0,False,0.9726991269284766,True
inner_2021,456,train,random,384,225,2020-08-04,2019-12-09,inner_train,True,159.0,True,0.3581093214258755,False
inner_2021,456,train,random,385,360,2020-08-05,2020-06-26,inner_train,True,25.0,False,0.32277339226305113,True
inner_2021,456,train,random,386,374,2020-08-06,2020-07-17,inner_train,True,12.0,False,0.5162395136100715,True
inner_2021,456,train,random,387,140,2020-08-07,2019-08-06,inner_train,True,247.0,True,0.18694050265024886,False
inner_2021,456,train,random,388,339,2020-08-10,2020-05-27,inner_train,True,49.0,False,0.1009302312491247,True
inner_2021,456,train,random,389,282,2020-08-11,2020-03-03,inner_train,True,107.0,False,0.8418327522790392,True
inner_2021,456,train,random,390,0,2020-08-13,2019-01-08,inner_train,True,390.0,True,3.1191143949452558,False
inner_2021,456,train,random,391,175,2020-08-14,2019-09-25,inner_train,True,216.0,False,0.9138605274611451,False
inner_2021,456,train,random,392,248,2020-08-17,2020-01-14,inner_train,True,144.0,True,1.0799201556559574,True
inner_2021,456,train,random,393,8,2020-08-18,2019-01-18,inner_train,True,385.0,True,0.7098340993449597,False
inner_2021,456,train,random,394,127,2020-08-19,2019-07-17,inner_train,True,267.0,True,0.625526992884966,False
inner_2021,456,train,random,395,227,2020-08-20,2019-12-12,inner_train,True,168.0,True,0.5688042139898295,False
inner_2021,456,train,random,396,154,2020-08-21,2019-08-27,inner_train,True,242.0,True,1.3737389587867015,False
inner_2021,456,train,random,397,239,2020-08-24,2019-12-30,inner_train,True,158.0,False,0.21667103680859245,False
inner_2021,456,train,random,398,127,2020-08-25,2019-07-17,inner_train,True,271.0,False,0.3139937046110055,False
inner_2021,456,train,random,399,103,2020-08-26,2019-06-12,inner_train,True,296.0,False,0.42941834913065735,False
inner_2021,456,train,random,400,369,2020-08-27,2020-07-10,inner_train,True,31.0,True,0.23860777701179137,True
inner_2021,456,train,random,401,346,2020-08-28,2020-06-08,inner_train,True,55.0,False,0.6931471805599454,True
inner_2021,456,train,random,402,154,2020-08-31,2019-08-27,inner_train,True,248.0,True,0.5479201300766223,False
inner_2021,456,train,random,403,387,2020-09-01,2020-08-07,inner_train,True,16.0,True,0.12194377745213503,True
inner_2021,456,train,random,404,51,2020-09-02,2019-03-21,inner_train,True,353.0,False,0.5115975265445729,False
inner_2021,456,train,random,405,241,2020-09-03,2020-01-03,inner_train,True,164.0,False,0.03846628082779624,True
inner_2021,456,train,random,406,234,2020-09-08,2019-12-23,inner_train,True,172.0,False,0.0478660920260543,False
inner_2021,456,train,random,407,93,2020-09-09,2019-05-28,inner_train,True,314.0,True,0.0,False
inner_2021,456,train,random,408,72,2020-09-10,2019-04-24,inner_train,True,336.0,False,0.30058547728768925,False
inner_2021,456,train,random,409,190,2020-09-11,2019-10-17,inner_train,True,219.0,False,0.23420449867363446,False
inner_2021,456,train,random,410,69,2020-09-14,2019-04-19,inner_train,True,341.0,False,0.3503862529630446,False
inner_2021,456,train,random,411,88,2020-09-15,2019-05-21,inner_train,True,323.0,True,2.178383279645986,False
inner_2021,456,train,random,412,407,2020-09-16,2020-09-09,inner_train,True,5.0,True,0.36632519977089384,True
inner_2021,456,train,random,413,317,2020-09-17,2020-04-22,inner_train,True,96.0,False,0.16144998230886953,True
inner_2021,456,train,random,414,153,2020-09-18,2019-08-26,inner_train,True,261.0,True,0.4800427076735363,False
inner_2021,456,train,random,415,20,2020-09-21,2019-02-05,inner_train,True,395.0,False,0.31015492830383984,False
inner_2021,456,train,random,416,363,2020-09-22,2020-07-01,inner_train,True,53.0,False,0.5759522072551162,True
inner_2021,456,train,random,417,127,2020-09-23,2019-07-17,inner_train,True,290.0,False,0.2747786676158732,False
inner_2021,456,train,random,418,101,2020-09-24,2019-06-10,inner_train,True,317.0,False,0.2898349258128823,False
inner_2021,456,train,random,419,217,2020-09-25,2019-11-26,inner_train,True,202.0,False,0.06948902629742726,False
inner_2021,456,train,random,420,108,2020-09-28,2019-06-19,inner_train,True,312.0,False,0.17589066646366414,False
inner_2021,456,train,random,421,258,2020-09-29,2020-01-28,inner_train,True,163.0,True,0.30497356956184163,True
inner_2021,456,train,random,422,268,2020-09-30,2020-02-12,inner_train,True,154.0,True,0.4054651081081646,True
inner_2021,456,train,random,423,227,2020-10-01,2019-12-12,inner_train,True,196.0,True,0.41078426958576486,False
inner_2021,456,train,random,424,165,2020-10-02,2019-09-11,inner_train,True,259.0,False,0.4545821230731195,False
inner_2021,456,train,random,425,317,2020-10-05,2020-04-22,inner_train,True,108.0,False,0.5490355791604875,True
inner_2021,456,train,random,426,116,2020-10-06,2019-07-01,inner_train,True,310.0,False,1.2488494510786223,False
inner_2021,456,train,random,427,75,2020-10-07,2019-04-29,inner_train,True,352.0,False,2.4534660552765755,False
inner_2021,456,train,random,428,255,2020-10-08,2020-01-23,inner_train,True,173.0,False,1.520591195386885,True
inner_2021,456,train,random,429,186,2020-10-09,2019-10-10,inner_train,True,243.0,True,1.8271163556401455,False
inner_2021,456,train,random,430,27,2020-10-12,2019-02-14,inner_train,True,403.0,False,0.7105389232718147,False
inner_2021,456,train,random,431,290,2020-10-14,2020-03-13,inner_train,True,141.0,True,0.6977661264162398,True
inner_2021,456,train,random,432,395,2020-10-15,2020-08-20,inner_train,True,37.0,True,0.8719904729775756,True
inner_2021,456,train,random,433,378,2020-10-16,2020-07-23,inner_train,True,55.0,False,0.13685918271719721,True
inner_2021,456,train,random,434,37,2020-10-19,2019-03-01,inner_train,True,397.0,False,0.5024573740954739,False
inner_2021,456,train,random,435,0,2020-10-20,2019-01-08,inner_train,True,435.0,False,1.8239213960665202,False
inner_2021,456,train,random,436,124,2020-10-21,2019-07-11,inner_train,True,312.0,False,0.356674943938732,False
inner_2021,456,train,random,437,76,2020-10-22,2019-04-30,inner_train,True,361.0,False,1.2755429968271872,False
inner_2021,456,train,random,438,113,2020-10-26,2019-06-26,inner_train,True,325.0,False,0.3550736625717592,False
inner_2021,456,train,random,439,282,2020-10-27,2020-03-03,inner_train,True,157.0,True,0.638411023444998,True
inner_2021,456,train,random,440,258,2020-10-28,2020-01-28,inner_train,True,182.0,True,0.5364933705145685,True
inner_2021,456,train,random,441,269,2020-10-29,2020-02-13,inner_train,True,172.0,True,0.4775508348811184,True
inner_2021,456,train,random,442,66,2020-10-30,2019-04-12,inner_train,True,376.0,False,0.9431019893248118,False
inner_2021,456,train,random,443,148,2020-11-02,2019-08-19,inner_train,True,295.0,True,1.211776378468199,False
inner_2021,456,train,random,444,276,2020-11-03,2020-02-24,inner_train,True,168.0,True,0.880262973355824,True
inner_2021,456,train,random,445,284,2020-11-04,2020-03-05,inner_train,True,161.0,True,1.2622235106038793,True
inner_2021,456,train,random,446,171,2020-11-05,2019-09-19,inner_train,True,275.0,True,1.7011365527795839,False
inner_2021,456,train,random,447,187,2020-11-06,2019-10-11,inner_train,True,260.0,False,0.06595796779179741,False
inner_2021,456,train,random,448,35,2020-11-09,2019-02-27,inner_train,True,413.0,True,0.43063297981509097,False
inner_2021,456,train,random,449,391,2020-11-10,2020-08-14,inner_train,True,58.0,False,0.24464975653517307,True
inner_2021,456,train,random,450,180,2020-11-11,2019-10-02,inner_train,True,270.0,False,0.3504829736908115,False
inner_2021,456,train,random,451,167,2020-11-12,2019-09-13,inner_train,True,284.0,True,0.9423629721839304,False
inner_2021,456,train,random,452,210,2020-11-13,2019-11-15,inner_train,True,242.0,False,0.7483990957254445,False
inner_2021,456,train,random,453,319,2020-11-16,2020-04-24,inner_train,True,134.0,True,2.4636931847116967,True
inner_2021,456,train,random,454,320,2020-11-17,2020-04-27,inner_train,True,134.0,True,2.3278451416576735,True
inner_2021,456,train,random,455,268,2020-11-18,2020-02-12,inner_train,True,187.0,False,0.7765287894989954,True
inner_2021,456,train,random,456,49,2020-11-19,2019-03-19,inner_train,True,407.0,False,0.9723366329660728,False
inner_2021,456,train,random,457,237,2020-11-20,2019-12-26,inner_train,True,220.0,False,0.46134556650262093,False
inner_2021,456,train,random,458,213,2020-11-23,2019-11-20,inner_train,True,245.0,False,1.4286536349590322,False
inner_2021,456,train,random,459,450,2020-11-24,2020-11-11,inner_train,True,9.0,True,0.6931471805599454,True
inner_2021,456,train,random,460,334,2020-11-25,2020-05-20,inner_train,True,126.0,True,0.8153906134106168,True
inner_2021,456,train,random,461,455,2020-11-26,2020-11-18,inner_train,True,6.0,True,0.9052408956875695,True
inner_2021,456,train,random,462,300,2020-11-27,2020-03-27,inner_train,True,162.0,False,2.6794626755731916,True
inner_2021,456,train,random,463,2,2020-11-30,2019-01-10,inner_train,True,461.0,False,1.2016445145663446,False
inner_2021,456,train,random,464,448,2020-12-01,2020-11-09,inner_train,True,16.0,True,0.6673294975340038,True
inner_2021,456,train,random,465,69,2020-12-02,2019-04-19,inner_train,True,396.0,True,0.3336191676388065,False
inner_2021,456,train,random,466,413,2020-12-03,2020-09-17,inner_train,True,53.0,False,0.5894687510851044,True
inner_2021,456,train,random,467,5,2020-12-04,2019-01-15,inner_train,True,462.0,False,0.4452236002472483,False
inner_2021,456,train,random,468,190,2020-12-08,2019-10-17,inner_train,True,278.0,False,0.7072036368991692,False
inner_2021,456,train,random,469,430,2020-12-09,2020-10-12,inner_train,True,39.0,False,1.0927471692157122,True
inner_2021,456,train,random,470,163,2020-12-14,2019-09-09,inner_train,True,307.0,True,0.27433073927691654,False
inner_2021,456,train,random,471,193,2020-12-15,2019-10-22,inner_train,True,278.0,False,0.6588851169534231,False
inner_2021,456,train,random,472,283,2020-12-16,2020-03-04,inner_train,True,189.0,False,1.0620735439352873,True
inner_2021,456,train,random,473,86,2020-12-17,2019-05-16,inner_train,True,387.0,False,2.192405290900271,False
inner_2021,456,train,random,474,167,2020-12-18,2019-09-13,inner_train,True,307.0,True,0.6896031721252154,False
inner_2021,456,train,random,475,100,2020-12-21,2019-06-07,inner_train,True,375.0,True,0.9674511270655501,False
inner_2021,456,train,random,476,63,2020-12-22,2019-04-09,inner_train,True,413.0,False,1.1092393812423955,False
inner_2021,456,train,random,477,394,2020-12-23,2020-08-19,inner_train,True,83.0,True,0.37263577833194494,True
inner_2021,456,train,random,478,74,2020-12-24,2019-04-26,inner_train,True,404.0,False,0.7267637913589295,False
inner_2021,456,train,random,479,57,2020-12-25,2019-03-29,inner_train,True,422.0,True,0.14631364911997835,False
inner_2021,456,train,random,480,252,2020-12-28,2020-01-20,inner_train,True,228.0,True,0.8317333438460919,True
inner_2021,456,train,random,481,455,2020-12-29,2020-11-18,inner_train,True,26.0,False,0.7311952481974746,True
inner_2021,456,train,random,482,135,2020-12-30,2019-07-30,inner_train,True,347.0,False,0.1112256351102241,False
inner_2021,456,validation,matched,0,462,2021-01-04,2020-11-27,inner_train,True,,True,0.02666824708216131,False
inner_2021,456,validation,matched,1,469,2021-01-05,2020-12-09,inner_train,True,,True,0.02898753687325195,False
inner_2021,456,validation,matched,2,467,2021-01-06,2020-12-04,inner_train,True,,True,0.07006756261671665,False
inner_2021,456,validation,matched,3,470,2021-01-07,2020-12-14,inner_train,True,,True,0.03174869831458027,False
inner_2021,456,validation,matched,4,126,2021-01-08,2019-07-15,inner_train,True,,True,0.02150620522096336,False
inner_2021,456,validation,matched,5,124,2021-01-11,2019-07-11,inner_train,True,,True,0.0,False
inner_2021,456,validation,matched,6,121,2021-01-12,2019-07-08,inner_train,True,,True,0.06453852113757153,False
inner_2021,456,validation,matched,7,317,2021-01-13,2020-04-22,inner_train,True,,True,0.05001042057466165,False
inner_2021,456,validation,matched,8,99,2021-01-14,2019-06-06,inner_train,True,,True,0.030771658666753687,False
inner_2021,456,validation,matched,9,461,2021-01-15,2020-11-26,inner_train,True,,True,0.05608946665104364,False
inner_2021,456,validation,matched,10,352,2021-01-18,2020-06-16,inner_train,True,,True,0.0,False
inner_2021,456,validation,matched,11,204,2021-01-19,2019-11-07,inner_train,True,,True,0.02666824708216131,False
inner_2021,456,validation,matched,12,450,2021-01-20,2020-11-11,inner_train,True,,True,0.11324600993181688,False
inner_2021,456,validation,matched,13,204,2021-01-21,2019-11-07,inner_train,True,,True,0.0859801537530136,False
inner_2021,456,validation,matched,14,464,2021-01-22,2020-12-01,inner_train,True,,True,0.10850939887105504,False
inner_2021,456,validation,matched,15,76,2021-01-25,2019-04-30,inner_train,True,,True,0.06791120561621034,False
inner_2021,456,validation,matched,16,21,2021-01-26,2019-02-06,inner_train,True,,True,0.08455738802806279,False
inner_2021,456,validation,matched,17,55,2021-01-27,2019-03-27,inner_train,True,,True,0.07096941146786184,False
inner_2021,456,validation,matched,18,31,2021-01-28,2019-02-21,inner_train,True,,True,0.022472855852058604,False
inner_2021,456,validation,matched,19,54,2021-01-29,2019-03-26,inner_train,True,,True,0.06980953139350676,False
inner_2021,456,validation,matched,20,1,2021-02-01,2019-01-09,inner_train,True,,True,0.5007752879124894,False
inner_2021,456,validation,matched,21,1,2021-02-02,2019-01-09,inner_train,True,,True,0.43363598507486056,False
inner_2021,456,validation,matched,22,430,2021-02-03,2020-10-12,inner_train,True,,True,0.5419972937769777,False
inner_2021,456,validation,matched,23,157,2021-02-04,2019-08-30,inner_train,True,,True,0.4307829160924541,False
inner_2021,456,validation,matched,24,171,2021-02-05,2019-09-19,inner_train,True,,True,0.35667494393873245,False
inner_2021,456,validation,matched,25,254,2021-02-08,2020-01-22,inner_train,True,,True,0.19823701209985378,False
inner_2021,456,validation,matched,26,400,2021-02-09,2020-08-27,inner_train,True,,True,0.2578291093020999,False
inner_2021,456,validation,matched,27,366,2021-02-10,2020-07-07,inner_train,True,,True,0.06669137449867213,False
inner_2021,456,validation,matched,28,351,2021-02-11,2020-06-15,inner_train,True,,True,0.04546237407675724,False
inner_2021,456,validation,matched,29,46,2021-02-15,2019-03-14,inner_train,True,,True,0.04445176257083405,False
inner_2021,456,validation,matched,30,358,2021-02-16,2020-06-24,inner_train,True,,True,0.020619287202735315,False
inner_2021,456,validation,matched,31,338,2021-02-17,2020-05-26,inner_train,True,,True,0.03174869831458027,False
inner_2021,456,validation,matched,32,351,2021-02-18,2020-06-15,inner_train,True,,True,0.06453852113757153,False
inner_2021,456,validation,matched,33,54,2021-02-19,2019-03-26,inner_train,True,,True,0.08455738802806279,False
inner_2021,456,validation,matched,34,361,2021-02-22,2020-06-29,inner_train,True,,True,0.07154715129204803,False
inner_2021,456,validation,matched,35,79,2021-02-23,2019-05-07,inner_train,True,,True,0.049596941139371964,False
inner_2021,456,validation,matched,36,476,2021-02-24,2020-12-22,inner_train,True,,True,0.0,False
inner_2021,456,validation,matched,37,481,2021-02-25,2020-12-29,inner_train,True,,True,0.02666824708216131,False
inner_2021,456,validation,matched,38,479,2021-03-01,2020-12-25,inner_train,True,,True,0.0,False
inner_2021,456,validation,matched,39,389,2021-03-02,2020-08-11,inner_train,True,,True,0.0281708769666964,False
inner_2021,456,validation,matched,40,459,2021-03-03,2020-11-24,inner_train,True,,True,0.17535288747786115,False
inner_2021,456,validation,matched,41,311,2021-03-04,2020-04-14,inner_train,True,,True,0.08519484606323191,False
inner_2021,456,validation,matched,42,364,2021-03-05,2020-07-02,inner_train,True,,True,0.05001042057466165,False
inner_2021,456,validation,matched,43,349,2021-03-08,2020-06-11,inner_train,True,,True,0.06234313057413532,False
inner_2021,456,validation,matched,44,64,2021-03-09,2019-04-10,inner_train,True,,True,0.15415067982725805,False
inner_2021,456,validation,matched,45,65,2021-03-10,2019-04-11,inner_train,True,,True,0.19852353137023515,False
inner_2021,456,validation,matched,46,119,2021-03-11,2019-07-04,inner_train,True,,True,0.0984400728132524,False
inner_2021,456,validation,matched,47,12,2021-03-12,2019-01-24,inner_train,True,,True,0.06980953139350676,False
inner_2021,456,validation,matched,48,100,2021-03-15,2019-06-07,inner_train,True,,True,0.0,False
inner_2021,456,validation,matched,49,471,2021-03-16,2020-12-15,inner_train,True,,True,0.04981985363744812,False
inner_2021,456,validation,matched,50,75,2021-03-17,2019-04-29,inner_train,True,,True,0.06648974126883278,False
inner_2021,456,validation,matched,51,189,2021-03-18,2019-10-16,inner_train,True,,True,0.04000533461369926,False
inner_2021,456,validation,matched,52,98,2021-03-19,2019-06-05,inner_train,True,,True,0.04879016416943216,False
inner_2021,456,validation,matched,53,6,2021-03-22,2019-01-16,inner_train,True,,True,0.03846628082779624,False
inner_2021,456,validation,matched,54,368,2021-03-23,2020-07-09,inner_train,True,,True,0.07410797215372167,False
inner_2021,456,validation,matched,55,378,2021-03-24,2020-07-23,inner_train,True,,True,0.07410797215372167,False
inner_2021,456,validation,matched,56,6,2021-03-25,2019-01-16,inner_train,True,,True,0.03278982282299081,False
inner_2021,456,validation,matched,57,192,2021-03-26,2019-10-21,inner_train,True,,True,0.05942342047080107,False
inner_2021,456,validation,matched,58,250,2021-03-29,2020-01-16,inner_train,True,,True,0.07232066157962613,False
inner_2021,456,validation,matched,59,167,2021-03-30,2019-09-13,inner_train,True,,True,0.03846628082779624,False
inner_2021,456,validation,matched,60,17,2021-03-31,2019-01-31,inner_train,True,,True,0.06252035698133396,False
inner_2021,456,validation,matched,61,470,2021-04-01,2020-12-14,inner_train,True,,True,0.05116678417168208,False
inner_2021,456,validation,matched,62,352,2021-04-02,2020-06-16,inner_train,True,,True,0.058268908123976004,False
inner_2021,456,validation,matched,63,358,2021-04-05,2020-06-24,inner_train,True,,True,0.05942342047080107,False
inner_2021,456,validation,matched,64,46,2021-04-07,2019-03-14,inner_train,True,,True,0.02197890671877545,False
inner_2021,456,validation,matched,65,433,2021-04-08,2020-10-16,inner_train,True,,True,0.04082199452025481,False
inner_2021,456,validation,matched,66,433,2021-04-09,2020-10-16,inner_train,True,,True,0.06275121056347555,False
inner_2021,456,validation,matched,67,444,2021-04-12,2020-11-03,inner_train,True,,True,0.07145896398214502,False
inner_2021,456,validation,matched,68,91,2021-04-16,2019-05-24,inner_train,True,,True,0.0640788566845214,False
inner_2021,456,validation,matched,69,216,2021-04-19,2019-11-25,inner_train,True,,True,0.044171218313137306,False
inner_2021,456,validation,matched,70,177,2021-04-20,2019-09-27,inner_train,True,,True,0.02898753687325195,False
inner_2021,456,validation,matched,71,202,2021-04-21,2019-11-05,inner_train,True,,True,0.09531017980432477,False
inner_2021,456,validation,matched,72,216,2021-04-22,2019-11-25,inner_train,True,,True,0.05914767250269426,False
inner_2021,456,validation,matched,73,56,2021-04-23,2019-03-28,inner_train,True,,True,0.05043085362689226,False
inner_2021,456,validation,matched,74,327,2021-04-26,2020-05-11,inner_train,True,,True,0.047006042375930424,False
inner_2021,456,validation,matched,75,325,2021-04-27,2020-05-07,inner_train,True,,True,0.0,False
inner_2021,456,validation,matched,76,246,2021-04-28,2020-01-10,inner_train,True,,True,0.13406392126052058,False
inner_2021,456,validation,matched,77,245,2021-04-29,2020-01-09,inner_train,True,,True,0.08701137698962969,False
inner_2021,456,validation,matched,78,53,2021-04-30,2019-03-25,inner_train,True,,True,0.04445176257083361,False
inner_2021,456,validation,matched,79,47,2021-05-05,2019-03-15,inner_train,True,,True,0.09812721106430633,False
inner_2021,456,validation,matched,80,249,2021-05-06,2020-01-15,inner_train,True,,True,0.12260232209233246,False
inner_2021,456,validation,matched,81,47,2021-05-07,2019-03-15,inner_train,True,,True,0.08519484606323191,False
inner_2021,456,validation,matched,82,49,2021-05-10,2019-03-19,inner_train,True,,True,0.022989518224698635,False
inner_2021,456,validation,matched,83,480,2021-05-11,2020-12-28,inner_train,True,,True,0.08879549878313098,False
inner_2021,456,validation,matched,84,329,2021-05-12,2020-05-13,inner_train,True,,True,0.17124511318655866,False
inner_2021,456,validation,matched,85,332,2021-05-13,2020-05-18,inner_train,True,,True,0.23127367739745885,False
inner_2021,456,validation,matched,86,210,2021-05-14,2019-11-15,inner_train,True,,True,0.26589880100769925,False
inner_2021,456,validation,matched,87,211,2021-05-17,2019-11-18,inner_train,True,,True,0.19808838285867747,False
inner_2021,456,validation,matched,88,211,2021-05-18,2019-11-18,inner_train,True,,True,0.20993640985523498,False
inner_2021,456,validation,matched,89,211,2021-05-19,2019-11-18,inner_train,True,,True,0.15313699499641142,False
inner_2021,456,validation,matched,90,210,2021-05-20,2019-11-15,inner_train,True,,True,0.16295083175525704,False
inner_2021,456,validation,matched,91,208,2021-05-21,2019-11-13,inner_train,True,,True,0.22570437217588424,False
inner_2021,456,validation,matched,92,333,2021-05-24,2020-05-19,inner_train,True,,True,0.12363425765018743,False
inner_2021,456,validation,matched,93,477,2021-05-25,2020-12-23,inner_train,True,,True,0.09175227406558717,False
inner_2021,456,validation,matched,94,477,2021-05-27,2020-12-23,inner_train,True,,True,0.0431721718652085,False
inner_2021,456,validation,matched,95,462,2021-05-28,2020-11-27,inner_train,True,,True,0.06234313057413576,False
inner_2021,456,validation,matched,96,77,2021-05-31,2019-05-02,inner_train,True,,True,0.08849584338459415,False
inner_2021,456,validation,matched,97,467,2021-06-01,2020-12-04,inner_train,True,,True,0.07032774214205606,False
inner_2021,456,validation,matched,98,465,2021-06-02,2020-12-02,inner_train,True,,True,0.018018505502678472,False
inner_2021,456,validation,matched,99,352,2021-06-04,2020-06-16,inner_train,True,,True,0.0,False
inner_2021,456,validation,matched,100,99,2021-06-07,2019-06-06,inner_train,True,,True,0.058268908123976004,False
inner_2021,456,validation,matched,101,317,2021-06-08,2020-04-22,inner_train,True,,True,0.10821358464023279,False
inner_2021,456,validation,matched,102,66,2021-06-09,2019-04-12,inner_train,True,,True,0.30966097917055624,False
inner_2021,456,validation,matched,103,347,2021-06-10,2020-06-09,inner_train,True,,True,0.18941185101897906,False
inner_2021,456,validation,matched,104,68,2021-06-11,2019-04-18,inner_train,True,,True,0.055569851154810834,False
inner_2021,456,validation,matched,105,52,2021-06-14,2019-03-22,inner_train,True,,True,0.03774032798284699,False
inner_2021,456,validation,matched,106,117,2021-06-15,2019-07-02,inner_train,True,,True,0.025317807984289953,False
inner_2021,456,validation,matched,107,122,2021-06-16,2019-07-09,inner_train,True,,True,0.0,False
inner_2021,456,validation,matched,108,31,2021-06-17,2019-02-21,inner_train,True,,True,0.07145896398214502,False
inner_2021,456,validation,matched,109,399,2021-06-18,2020-08-26,inner_train,True,,True,0.025317807984289953,False
inner_2021,456,validation,matched,110,248,2021-06-21,2020-01-14,inner_train,True,,True,0.06995858860691051,False
inner_2021,456,validation,matched,111,31,2021-06-22,2019-02-21,inner_train,True,,True,0.058080838035968974,False
inner_2021,456,validation,matched,112,368,2021-06-23,2020-07-09,inner_train,True,,True,0.0,False
inner_2021,456,validation,matched,113,30,2021-06-24,2019-02-20,inner_train,True,,True,0.09078892607773259,False
inner_2021,456,validation,matched,114,137,2021-06-25,2019-08-01,inner_train,True,,True,0.06535518104412663,False
inner_2021,456,validation,matched,115,141,2021-06-28,2019-08-07,inner_train,True,,True,0.03390155167568132,False
inner_2021,456,validation,matched,116,399,2021-06-29,2020-08-26,inner_train,True,,True,0.03774032798284699,False
inner_2021,456,validation,matched,117,289,2021-06-30,2020-03-12,inner_train,True,,True,0.05001042057466165,False
inner_2021,456,validation,matched,118,287,2021-07-01,2020-03-10,inner_train,True,,True,0.0281708769666964,False
inner_2021,456,validation,matched,119,187,2021-07-02,2019-10-11,inner_train,True,,True,0.07061756721395307,False
inner_2021,456,validation,matched,120,421,2021-07-05,2020-09-29,inner_train,True,,True,0.047628048989254435,False
inner_2021,456,validation,matched,121,29,2021-07-06,2019-02-18,inner_train,True,,True,0.05001042057466165,False
inner_2021,456,validation,matched,122,41,2021-07-07,2019-03-07,inner_train,True,,True,0.08923113372794278,False
inner_2021,456,validation,matched,123,288,2021-07-08,2020-03-11,inner_train,True,,True,0.06513930217096142,False
inner_2021,456,validation,matched,124,186,2021-07-09,2019-10-10,inner_train,True,,True,0.1278333715098845,False
inner_2021,456,validation,matched,125,381,2021-07-12,2020-07-30,inner_train,True,,True,0.26004810824966107,False
inner_2021,456,validation,matched,126,437,2021-07-13,2020-10-22,inner_train,True,,True,0.1198011998126205,False
inner_2021,456,validation,matched,127,140,2021-07-14,2019-08-06,inner_train,True,,True,0.10689779497671292,False
inner_2021,456,validation,matched,128,37,2021-07-15,2019-03-01,inner_train,True,,True,0.1476359988060647,False
inner_2021,456,validation,matched,129,37,2021-07-16,2019-03-01,inner_train,True,,True,0.13135511320192705,False
inner_2021,456,validation,matched,130,440,2021-07-19,2020-10-28,inner_train,True,,True,0.06371581438610763,False
inner_2021,456,validation,matched,131,39,2021-07-20,2019-03-05,inner_train,True,,True,0.054067221270275745,False
inner_2021,456,validation,matched,132,43,2021-07-21,2019-03-11,inner_train,True,,True,0.08309747766849362,False
inner_2021,456,validation,matched,133,41,2021-07-22,2019-03-07,inner_train,True,,True,0.05644131090495197,False
inner_2021,456,validation,matched,134,303,2021-07-23,2020-04-01,inner_train,True,,True,0.2869053733836089,False
inner_2021,456,validation,matched,135,276,2021-07-27,2020-02-24,inner_train,True,,True,0.19159519357928367,False
inner_2021,456,validation,matched,136,153,2021-07-29,2019-08-26,inner_train,True,,True,0.20173964265105626,False
inner_2021,456,validation,matched,137,155,2021-07-30,2019-08-28,inner_train,True,,True,0.19782574332991976,False
inner_2021,456,validation,matched,138,276,2021-08-02,2020-02-24,inner_train,True,,True,0.07042724897409425,False
inner_2021,456,validation,matched,139,198,2021-08-03,2019-10-30,inner_train,True,,True,0.07410797215372211,False
inner_2021,456,validation,matched,140,384,2021-08-04,2020-08-04,inner_train,True,,True,0.1493774010746005,False
inner_2021,456,validation,matched,141,196,2021-08-05,2019-10-28,inner_train,True,,True,0.05129329438755059,False
inner_2021,456,validation,matched,142,384,2021-08-06,2020-08-04,inner_train,True,,True,0.09531017980432477,False
inner_2021,456,validation,matched,143,381,2021-08-09,2020-07-30,inner_train,True,,True,0.14310084364067333,False
inner_2021,456,validation,matched,144,296,2021-08-10,2020-03-23,inner_train,True,,True,0.07430831273337635,False
inner_2021,456,validation,matched,145,423,2021-08-11,2020-10-01,inner_train,True,,True,0.08519484606323191,False
inner_2021,456,validation,matched,146,143,2021-08-13,2019-08-09,inner_train,True,,True,0.16430305129127598,False
inner_2021,456,validation,matched,147,392,2021-08-16,2020-08-17,inner_train,True,,True,0.1665321834397635,False
inner_2021,456,validation,matched,148,391,2021-08-17,2020-08-14,inner_train,True,,True,0.11066556788751969,False
inner_2021,456,validation,matched,149,482,2021-08-18,2020-12-30,inner_train,True,,True,0.12361395596717673,False
inner_2021,456,validation,matched,150,37,2021-08-19,2019-03-01,inner_train,True,,True,0.12801621193641255,False
inner_2021,456,validation,matched,151,361,2021-08-20,2020-06-29,inner_train,True,,True,0.09729424394521402,False
inner_2021,456,validation,matched,152,102,2021-08-23,2019-06-11,inner_train,True,,True,0.027398974188114433,False
inner_2021,456,validation,matched,153,119,2021-08-24,2019-07-04,inner_train,True,,True,0.10899028370840469,False
inner_2021,456,validation,matched,154,64,2021-08-25,2019-04-10,inner_train,True,,True,0.6161861394238168,False
inner_2021,456,validation,matched,155,103,2021-08-26,2019-06-12,inner_train,True,,True,0.27763173659827967,False
inner_2021,456,validation,matched,156,103,2021-08-27,2019-06-12,inner_train,True,,True,0.34377153910282443,False
inner_2021,456,validation,matched,157,103,2021-08-30,2019-06-12,inner_train,True,,True,0.34377153910282443,False
inner_2021,456,validation,matched,158,121,2021-08-31,2019-07-08,inner_train,True,,True,0.08004270767353638,False
inner_2021,456,validation,matched,159,346,2021-09-01,2020-06-08,inner_train,True,,True,0.03509131981127034,False
inner_2021,456,validation,matched,160,317,2021-09-02,2020-04-22,inner_train,True,,True,0.09186444663870352,False
inner_2021,456,validation,matched,161,365,2021-09-03,2020-07-03,inner_train,True,,True,0.06106680621453098,False
inner_2021,456,validation,matched,162,324,2021-09-06,2020-05-05,inner_train,True,,True,0.07904320734045278,False
inner_2021,456,validation,matched,163,52,2021-09-07,2019-03-22,inner_train,True,,True,0.06106025676124638,False
inner_2021,456,validation,matched,164,317,2021-09-08,2020-04-22,inner_train,True,,True,0.06519619955654221,False
inner_2021,456,validation,matched,165,317,2021-09-09,2020-04-22,inner_train,True,,True,0.03922071315328157,False
inner_2021,456,validation,matched,166,118,2021-09-10,2019-07-03,inner_train,True,,True,0.05129329438755059,False
inner_2021,456,validation,matched,167,347,2021-09-13,2020-06-09,inner_train,True,,True,0.04445176257083361,False
inner_2021,456,validation,matched,168,363,2021-09-14,2020-07-01,inner_train,True,,True,0.05715841383994835,False
inner_2021,456,validation,matched,169,10,2021-09-15,2019-01-22,inner_train,True,,True,0.10899028370840469,False
inner_2021,456,validation,matched,170,363,2021-09-16,2020-07-01,inner_train,True,,True,0.04082199452025481,False
inner_2021,456,validation,matched,171,53,2021-09-17,2019-03-25,inner_train,True,,True,0.12487332988140798,False
inner_2021,456,validation,matched,172,197,2021-09-20,2019-10-29,inner_train,True,,True,0.08304199270213086,False
inner_2021,456,validation,matched,173,194,2021-09-21,2019-10-24,inner_train,True,,True,0.1251631429540061,False
inner_2021,456,validation,matched,174,10,2021-09-22,2019-01-22,inner_train,True,,True,0.06453852113757108,False
inner_2021,456,validation,matched,175,53,2021-09-23,2019-03-25,inner_train,True,,True,0.07835331424651493,False
inner_2021,456,validation,matched,176,50,2021-09-27,2019-03-20,inner_train,True,,True,0.12552618525242076,False
inner_2021,456,validation,matched,177,359,2021-09-28,2020-06-25,inner_train,True,,True,0.047628048989254435,False
inner_2021,456,validation,matched,178,49,2021-09-29,2019-03-19,inner_train,True,,True,0.08605085439152793,False
inner_2021,456,validation,matched,179,362,2021-09-30,2020-06-30,inner_train,True,,True,0.08863607271663154,False
inner_2021,456,validation,matched,180,41,2021-10-01,2019-03-07,inner_train,True,,True,0.05584624989364073,False
inner_2021,456,validation,matched,181,378,2021-10-04,2020-07-23,inner_train,True,,True,0.07232066157962613,False
inner_2021,456,validation,matched,182,11,2021-10-05,2019-01-23,inner_train,True,,True,0.2819513977427963,False
inner_2021,456,validation,matched,183,401,2021-10-06,2020-08-28,inner_train,True,,True,0.15415067982725805,False
inner_2021,456,validation,matched,184,401,2021-10-07,2020-08-28,inner_train,True,,True,0.07410797215372167,False
inner_2021,456,validation,matched,185,119,2021-10-08,2019-07-04,inner_train,True,,True,0.21435079936623103,False
inner_2021,456,validation,matched,186,64,2021-10-11,2019-04-10,inner_train,True,,True,0.42858752552901835,False
inner_2021,456,validation,matched,187,66,2021-10-12,2019-04-12,inner_train,True,,True,0.142891835384086,False
inner_2021,456,validation,matched,188,119,2021-10-14,2019-07-04,inner_train,True,,True,0.3986946015409538,False
inner_2021,456,validation,matched,189,65,2021-10-15,2019-04-11,inner_train,True,,True,0.06453852113757108,False
inner_2021,456,validation,matched,190,103,2021-10-18,2019-06-12,inner_train,True,,True,0.44015066609605435,False
inner_2021,456,validation,matched,191,103,2021-10-19,2019-06-12,inner_train,True,,True,0.21309321546070858,False
inner_2021,456,validation,matched,192,12,2021-10-20,2019-01-24,inner_train,True,,True,0.13043415320994178,False
inner_2021,456,validation,matched,193,365,2021-10-21,2020-07-03,inner_train,True,,True,0.05264373348542195,False
inner_2021,456,validation,matched,194,360,2021-10-25,2020-06-26,inner_train,True,,True,0.03509131981127034,False
inner_2021,456,validation,matched,195,50,2021-10-26,2019-03-20,inner_train,True,,True,0.0984400728132524,False
inner_2021,456,validation,matched,196,362,2021-10-27,2020-06-30,inner_train,True,,True,0.07956182283618585,False
inner_2021,456,validation,matched,197,359,2021-10-28,2020-06-25,inner_train,True,,True,0.18613431294851068,False
inner_2021,456,validation,matched,198,49,2021-10-29,2019-03-19,inner_train,True,,True,0.15987272525450136,False
inner_2021,456,validation,matched,199,37,2021-11-01,2019-03-01,inner_train,True,,True,0.18073299410881694,False
inner_2021,456,validation,matched,200,49,2021-11-02,2019-03-19,inner_train,True,,True,0.047628048989254435,False
inner_2021,456,validation,matched,201,367,2021-11-03,2020-07-08,inner_train,True,,True,0.10536051565782634,False
inner_2021,456,validation,matched,202,47,2021-11-04,2019-03-15,inner_train,True,,True,0.109199291964992,False
inner_2021,456,validation,matched,203,170,2021-11-05,2019-09-18,inner_train,True,,True,0.03390155167568132,False
inner_2021,456,validation,matched,204,248,2021-11-08,2020-01-14,inner_train,True,,True,0.07185073675894804,False
inner_2021,456,validation,matched,205,399,2021-11-09,2020-08-26,inner_train,True,,True,0.08923113372794322,False
inner_2021,456,validation,matched,206,6,2021-11-10,2019-01-16,inner_train,True,,True,0.06453852113757108,False
inner_2021,456,validation,matched,207,48,2021-11-11,2019-03-18,inner_train,True,,True,0.021053409197832718,False
inner_2021,456,validation,matched,208,330,2021-11-12,2020-05-14,inner_train,True,,True,0.06642882323402954,False
inner_2021,456,validation,matched,209,337,2021-11-15,2020-05-25,inner_train,True,,True,0.17548002497723791,False
inner_2021,456,validation,matched,210,207,2021-11-16,2019-11-12,inner_train,True,,True,0.16430305129127554,False
inner_2021,456,validation,matched,211,460,2021-11-17,2020-11-25,inner_train,True,,True,0.22399425319452293,False
inner_2021,456,validation,matched,212,206,2021-11-18,2019-11-11,inner_train,True,,True,0.23180161405732402,False
inner_2021,456,validation,matched,213,400,2021-11-19,2020-08-27,inner_train,True,,True,0.1278333715098845,False
inner_2021,456,validation,matched,214,10,2021-11-22,2019-01-22,inner_train,True,,True,0.31411532951993637,False
inner_2021,456,validation,matched,215,170,2021-11-23,2019-09-18,inner_train,True,,True,0.1823215567939549,False
inner_2021,456,validation,matched,216,66,2021-11-24,2019-04-12,inner_train,True,,True,0.532804530484766,False
inner_2021,456,validation,matched,217,401,2021-11-25,2020-08-28,inner_train,True,,True,0.08515780834030684,False
inner_2021,456,validation,matched,218,219,2021-11-26,2019-11-28,inner_train,True,,True,0.08845004350950925,False
inner_2021,456,validation,matched,219,407,2021-11-29,2020-09-09,inner_train,True,,True,0.07637297878457394,False
inner_2021,456,validation,matched,220,413,2021-11-30,2020-09-17,inner_train,True,,True,0.022989518224698635,False
inner_2021,456,validation,matched,221,433,2021-12-01,2020-10-16,inner_train,True,,True,0.023530497410193973,False
inner_2021,456,validation,matched,222,230,2021-12-02,2019-12-17,inner_train,True,,True,0.02409755157906046,False
inner_2021,456,validation,matched,223,438,2021-12-03,2020-10-26,inner_train,True,,True,0.06820825002653352,False
inner_2021,456,validation,matched,224,438,2021-12-07,2020-10-26,inner_train,True,,True,0.12136085700426724,False
inner_2021,456,validation,matched,225,185,2021-12-08,2019-10-09,inner_train,True,,True,0.14953173397096364,False
inner_2021,456,validation,matched,226,296,2021-12-09,2020-03-23,inner_train,True,,True,0.1818216817523033,False
inner_2021,456,validation,matched,227,11,2021-12-13,2019-01-23,inner_train,True,,True,0.15175890638378808,False
inner_2021,456,validation,matched,228,170,2021-12-14,2019-09-18,inner_train,True,,True,0.3769288008432299,False
inner_2021,456,validation,matched,229,400,2021-12-15,2020-08-27,inner_train,True,,True,0.2747786676158732,False
inner_2021,456,validation,matched,230,347,2021-12-16,2020-06-09,inner_train,True,,True,0.0752234212375873,False
inner_2021,456,validation,matched,231,348,2021-12-17,2020-06-10,inner_train,True,,True,0.025317807984289953,False
inner_2021,456,validation,matched,232,376,2021-12-20,2020-07-21,inner_train,True,,True,0.055294027128789836,False
inner_2021,456,validation,matched,233,307,2021-12-21,2020-04-08,inner_train,True,,True,0.05942342047080107,False
inner_2021,456,validation,matched,234,389,2021-12-22,2020-08-11,inner_train,True,,True,0.04840562273035376,False
inner_2021,456,validation,matched,235,338,2021-12-23,2020-05-26,inner_train,True,,True,0.05325490353554363,False
inner_2021,456,validation,matched,236,378,2021-12-24,2020-07-23,inner_train,True,,True,0.06899287148695166,False
inner_2021,456,validation,matched,237,51,2021-12-27,2019-03-21,inner_train,True,,True,0.055569851154810834,False
inner_2021,456,validation,matched,238,400,2021-12-28,2020-08-27,inner_train,True,,True,0.6086388651113284,False
inner_2021,456,validation,matched,239,319,2021-12-29,2020-04-24,inner_train,True,,True,0.40831006024039596,False
inner_2021,456,validation,random,0,170,2021-01-04,2019-09-18,inner_train,True,,False,1.2542655983799031,False
inner_2021,456,validation,random,1,226,2021-01-05,2019-12-11,inner_train,True,,False,0.5779649266036193,False
inner_2021,456,validation,random,2,225,2021-01-06,2019-12-09,inner_train,True,,False,0.9816650240591223,False
inner_2021,456,validation,random,3,216,2021-01-07,2019-11-25,inner_train,True,,False,0.3254224004346278,False
inner_2021,456,validation,random,4,21,2021-01-08,2019-02-06,inner_train,True,,True,0.5289902490579323,False
inner_2021,456,validation,random,5,59,2021-01-11,2019-04-02,inner_train,True,,True,0.6664297922212326,False
inner_2021,456,validation,random,6,399,2021-01-12,2020-08-26,inner_train,True,,False,0.025317807984289953,False
inner_2021,456,validation,random,7,364,2021-01-13,2020-07-02,inner_train,True,,True,0.1823215567939549,False
inner_2021,456,validation,random,8,299,2021-01-14,2020-03-26,inner_train,True,,False,2.7120638369485897,False
inner_2021,456,validation,random,9,469,2021-01-15,2020-12-09,inner_train,True,,True,0.02898753687325195,False
inner_2021,456,validation,random,10,31,2021-01-18,2019-02-21,inner_train,True,,False,0.34516697426354837,False
inner_2021,456,validation,random,11,40,2021-01-19,2019-03-06,inner_train,True,,False,0.336299688954492,False
inner_2021,456,validation,random,12,158,2021-01-20,2019-09-02,inner_train,True,,False,0.8054676929708195,False
inner_2021,456,validation,random,13,146,2021-01-21,2019-08-15,inner_train,True,,False,0.7167686352960567,False
inner_2021,456,validation,random,14,328,2021-01-22,2020-05-12,inner_train,True,,False,0.3355065195012541,False
inner_2021,456,validation,random,15,384,2021-01-25,2020-08-04,inner_train,True,,False,1.3970023753923626,False
inner_2021,456,validation,random,16,336,2021-01-26,2020-05-22,inner_train,True,,False,0.3553448617209187,False
inner_2021,456,validation,random,17,193,2021-01-27,2019-10-22,inner_train,True,,True,0.6588851169534231,False
inner_2021,456,validation,random,18,252,2021-01-28,2020-01-20,inner_train,True,,True,0.5185179693891464,False
inner_2021,456,validation,random,19,474,2021-01-29,2020-12-18,inner_train,True,,False,1.1045470241879238,False
inner_2021,456,validation,random,20,123,2021-02-01,2019-07-10,inner_train,True,,False,1.0040675505062562,False
inner_2021,456,validation,random,21,114,2021-02-02,2019-06-27,inner_train,True,,False,1.4799201556559574,False
inner_2021,456,validation,random,22,242,2021-02-03,2020-01-06,inner_train,True,,True,1.063294217410264,False
inner_2021,456,validation,random,23,269,2021-02-04,2020-02-13,inner_train,True,,False,1.7062516534463548,False
inner_2021,456,validation,random,24,234,2021-02-05,2019-12-23,inner_train,True,,True,1.933790294094786,False
inner_2021,456,validation,random,25,254,2021-02-08,2020-01-22,inner_train,True,,True,0.19823701209985378,False
inner_2021,456,validation,random,26,210,2021-02-09,2019-11-15,inner_train,True,,True,2.8760303812624692,False
inner_2021,456,validation,random,27,154,2021-02-10,2019-08-27,inner_train,True,,False,0.697451864047586,False
inner_2021,456,validation,random,28,229,2021-02-11,2019-12-16,inner_train,True,,False,0.4802888999059092,False
inner_2021,456,validation,random,29,116,2021-02-15,2019-07-01,inner_train,True,,False,0.23810089784164434,False
inner_2021,456,validation,random,30,112,2021-02-16,2019-06-25,inner_train,True,,False,0.30043522561585645,False
inner_2021,456,validation,random,31,264,2021-02-17,2020-02-05,inner_train,True,,False,0.22569348894748265,False
inner_2021,456,validation,random,32,413,2021-02-18,2020-09-17,inner_train,True,,False,0.31015492830383984,False
inner_2021,456,validation,random,33,163,2021-02-19,2019-09-09,inner_train,True,,False,0.6646364775191409,False
inner_2021,456,validation,random,34,336,2021-02-22,2020-05-22,inner_train,True,,True,0.6505875661411498,False
inner_2021,456,validation,random,35,389,2021-02-23,2020-08-11,inner_train,True,,True,0.20853182356126432,False
inner_2021,456,validation,random,36,82,2021-02-24,2019-05-10,inner_train,True,,False,0.13062018241706408,False
inner_2021,456,validation,random,37,175,2021-02-25,2019-09-25,inner_train,True,,False,0.7144314850710995,False
inner_2021,456,validation,random,38,45,2021-03-01,2019-03-13,inner_train,True,,True,0.4668897299672663,False
inner_2021,456,validation,random,39,85,2021-03-02,2019-05-15,inner_train,True,,False,1.6610730287357636,False
inner_2021,456,validation,random,40,473,2021-03-03,2020-12-17,inner_train,True,,True,0.3184537311185349,False
inner_2021,456,validation,random,41,375,2021-03-04,2020-07-20,inner_train,True,,False,0.630711709619153,False
inner_2021,456,validation,random,42,27,2021-03-05,2019-02-14,inner_train,True,,True,0.15452953946429604,False
inner_2021,456,validation,random,43,329,2021-03-08,2020-05-13,inner_train,True,,False,0.8387141166958121,False
inner_2021,456,validation,random,44,271,2021-03-09,2020-02-17,inner_train,True,,False,1.334123488790981,False
inner_2021,456,validation,random,45,139,2021-03-10,2019-08-05,inner_train,True,,False,0.803034639213549,False
inner_2021,456,validation,random,46,104,2021-03-11,2019-06-13,inner_train,True,,True,0.2880738452285838,False
inner_2021,456,validation,random,47,4,2021-03-12,2019-01-14,inner_train,True,,False,0.408019387913261,False
inner_2021,456,validation,random,48,83,2021-03-15,2019-05-13,inner_train,True,,False,1.4475050921647865,False
inner_2021,456,validation,random,49,448,2021-03-16,2020-11-09,inner_train,True,,True,0.270862248543033,False
inner_2021,456,validation,random,50,452,2021-03-17,2020-11-13,inner_train,True,,False,0.7892083930694933,False
inner_2021,456,validation,random,51,305,2021-03-18,2020-04-03,inner_train,True,,False,0.43888950362544277,False
inner_2021,456,validation,random,52,373,2021-03-19,2020-07-16,inner_train,True,,True,0.11613964991265302,False
inner_2021,456,validation,random,53,244,2021-03-22,2020-01-08,inner_train,True,,True,0.39376906834497305,False
inner_2021,456,validation,random,54,478,2021-03-23,2020-12-24,inner_train,True,,True,1.0021757712188961,False
inner_2021,456,validation,random,55,245,2021-03-24,2020-01-09,inner_train,True,,True,0.34473526190061854,False
inner_2021,456,validation,random,56,49,2021-03-25,2019-03-19,inner_train,True,,True,0.27161215483989354,False
inner_2021,456,validation,random,57,181,2021-03-26,2019-10-03,inner_train,True,,False,0.27948530524760296,False
inner_2021,456,validation,random,58,256,2021-03-29,2020-01-24,inner_train,True,,True,0.3147953078603418,False
inner_2021,456,validation,random,59,238,2021-03-30,2019-12-27,inner_train,True,,False,0.4184523036349752,False
inner_2021,456,validation,random,60,412,2021-03-31,2020-09-16,inner_train,True,,False,0.6592456288842636,False
inner_2021,456,validation,random,61,312,2021-04-01,2020-04-15,inner_train,True,,True,0.13493293454981092,False
inner_2021,456,validation,random,62,410,2021-04-02,2020-09-14,inner_train,True,,False,0.5416891984215955,False
inner_2021,456,validation,random,63,468,2021-04-05,2020-12-08,inner_train,True,,False,0.1561466884739735,False
inner_2021,456,validation,random,64,20,2021-04-07,2019-02-05,inner_train,True,,False,0.17737105163409872,False
inner_2021,456,validation,random,65,171,2021-04-08,2019-09-19,inner_train,True,,False,1.6321436812926327,False
inner_2021,456,validation,random,66,343,2021-04-09,2020-06-02,inner_train,True,,False,0.15466166604174925,False
inner_2021,456,validation,random,67,370,2021-04-12,2020-07-13,inner_train,True,,False,0.0785623225031018,False
inner_2021,456,validation,random,68,46,2021-04-16,2019-03-14,inner_train,True,,False,0.35316247106159127,False
inner_2021,456,validation,random,69,356,2021-04-19,2020-06-22,inner_train,True,,True,0.5376368812166472,False
inner_2021,456,validation,random,70,129,2021-04-20,2019-07-19,inner_train,True,,True,0.3019964908521571,False
inner_2021,456,validation,random,71,185,2021-04-21,2019-10-09,inner_train,True,,False,1.2398595636594605,False
inner_2021,456,validation,random,72,304,2021-04-22,2020-04-02,inner_train,True,,False,0.8761446414012601,False
inner_2021,456,validation,random,73,343,2021-04-23,2020-06-02,inner_train,True,,False,0.46327606903267915,False
inner_2021,456,validation,random,74,314,2021-04-26,2020-04-17,inner_train,True,,True,0.42544957011709217,False
inner_2021,456,validation,random,75,11,2021-04-27,2019-01-23,inner_train,True,,True,0.7705338441753651,False
inner_2021,456,validation,random,76,469,2021-04-28,2020-12-09,inner_train,True,,False,0.9769153536905901,False
inner_2021,456,validation,random,77,462,2021-04-29,2020-11-27,inner_train,True,,False,0.8649974374866045,False
inner_2021,456,validation,random,78,142,2021-04-30,2019-08-08,inner_train,True,,False,0.7495215880876849,False
inner_2021,456,validation,random,79,366,2021-05-05,2020-07-07,inner_train,True,,True,0.3614051183141336,False
inner_2021,456,validation,random,80,455,2021-05-06,2020-11-18,inner_train,True,,False,1.490174491607282,False
inner_2021,456,validation,random,81,126,2021-05-07,2019-07-15,inner_train,True,,False,0.28286278601583215,False
inner_2021,456,validation,random,82,50,2021-05-10,2019-03-20,inner_train,True,,True,0.27581520567188145,False
inner_2021,456,validation,random,83,218,2021-05-11,2019-11-27,inner_train,True,,True,0.3313571359544425,False
inner_2021,456,validation,random,84,450,2021-05-12,2020-11-11,inner_train,True,,False,0.2914942413381354,False
inner_2021,456,validation,random,85,315,2021-05-13,2020-04-20,inner_train,True,,False,1.507159063313682,False
inner_2021,456,validation,random,86,419,2021-05-14,2020-09-25,inner_train,True,,False,1.3525781834367692,False
inner_2021,456,validation,random,87,132,2021-05-17,2019-07-24,inner_train,True,,True,1.4169198999973807,False
inner_2021,456,validation,random,88,179,2021-05-18,2019-10-01,inner_train,True,,False,1.4561846973294097,False
inner_2021,456,validation,random,89,191,2021-05-19,2019-10-18,inner_train,True,,True,2.045067288506343,False
inner_2021,456,validation,random,90,324,2021-05-20,2020-05-05,inner_train,True,,False,1.4901695441615255,False
inner_2021,456,validation,random,91,356,2021-05-21,2020-06-22,inner_train,True,,True,1.5159118544232775,False
inner_2021,456,validation,random,92,343,2021-05-24,2020-06-02,inner_train,True,,False,1.2559325432566468,False
inner_2021,456,validation,random,93,320,2021-05-25,2020-04-27,inner_train,True,,False,1.8640720621625748,False
inner_2021,456,validation,random,94,127,2021-05-27,2019-07-17,inner_train,True,,True,0.8010685170794454,False
inner_2021,456,validation,random,95,250,2021-05-28,2020-01-16,inner_train,True,,False,0.9089914293925436,False
inner_2021,456,validation,random,96,301,2021-05-31,2020-03-30,inner_train,True,,False,2.6924498711000027,False
inner_2021,456,validation,random,97,130,2021-06-01,2019-07-22,inner_train,True,,False,0.2891211286794011,False
inner_2021,456,validation,random,98,107,2021-06-02,2019-06-18,inner_train,True,,True,0.472604410945793,False
inner_2021,456,validation,random,99,71,2021-06-04,2019-04-23,inner_train,True,,True,0.5809289895369694,False
inner_2021,456,validation,random,100,448,2021-06-07,2020-11-09,inner_train,True,,True,0.21259334041905698,False
inner_2021,456,validation,random,101,307,2021-06-08,2020-04-08,inner_train,True,,False,0.6141039732194926,False
inner_2021,456,validation,random,102,307,2021-06-09,2020-04-08,inner_train,True,,False,1.0967587200187867,False
inner_2021,456,validation,random,103,426,2021-06-10,2020-10-06,inner_train,True,,False,0.6805917782267565,False
inner_2021,456,validation,random,104,121,2021-06-11,2019-07-08,inner_train,True,,True,0.19159519357928367,False
inner_2021,456,validation,random,105,133,2021-06-14,2019-07-25,inner_train,True,,False,0.7335938701405347,False
inner_2021,456,validation,random,106,181,2021-06-15,2019-10-03,inner_train,True,,False,0.46852324407530155,False
inner_2021,456,validation,random,107,60,2021-06-16,2019-04-03,inner_train,True,,True,0.6216151625543178,False
inner_2021,456,validation,random,108,373,2021-06-17,2020-07-16,inner_train,True,,True,0.33032059789843427,False
inner_2021,456,validation,random,109,104,2021-06-18,2019-06-13,inner_train,True,,False,0.24501562613287797,False
inner_2021,456,validation,random,110,117,2021-06-21,2019-07-02,inner_train,True,,False,0.1580042491432483,False
inner_2021,456,validation,random,111,339,2021-06-22,2020-05-27,inner_train,True,,False,0.533165580421894,False
inner_2021,456,validation,random,112,110,2021-06-23,2019-06-21,inner_train,True,,False,0.29236153817373944,False
inner_2021,456,validation,random,113,333,2021-06-24,2020-05-19,inner_train,True,,True,1.3818682978951133,False
inner_2021,456,validation,random,114,113,2021-06-25,2019-06-26,inner_train,True,,False,0.3928139905546062,False
inner_2021,456,validation,random,115,122,2021-06-28,2019-07-09,inner_train,True,,False,0.16841865162496328,False
inner_2021,456,validation,random,116,11,2021-06-29,2019-01-23,inner_train,True,,True,0.41404885179955553,False
inner_2021,456,validation,random,117,59,2021-06-30,2019-04-02,inner_train,True,,False,0.6600863182990571,False
inner_2021,456,validation,random,118,128,2021-07-01,2019-07-18,inner_train,True,,False,0.46681568276954843,False
inner_2021,456,validation,random,119,455,2021-07-02,2020-11-18,inner_train,True,,False,1.3660560988788988,False
inner_2021,456,validation,random,120,91,2021-07-05,2019-05-24,inner_train,True,,True,0.5059356384717995,False
inner_2021,456,validation,random,121,58,2021-07-06,2019-04-01,inner_train,True,,False,0.689477451670983,False
inner_2021,456,validation,random,122,426,2021-07-07,2020-10-06,inner_train,True,,True,1.358850346292951,False
inner_2021,456,validation,random,123,463,2021-07-08,2020-11-30,inner_train,True,,False,1.0518221251653443,False
inner_2021,456,validation,random,124,296,2021-07-09,2020-03-23,inner_train,True,,True,0.07333127308554976,False
inner_2021,456,validation,random,125,433,2021-07-12,2020-10-16,inner_train,True,,True,0.4888467170472155,False
inner_2021,456,validation,random,126,149,2021-07-13,2019-08-20,inner_train,True,,True,1.760966108936934,False
inner_2021,456,validation,random,127,449,2021-07-14,2020-11-10,inner_train,True,,False,0.19682844867402904,False
inner_2021,456,validation,random,128,399,2021-07-15,2020-08-26,inner_train,True,,True,0.4178795112565461,False
inner_2021,456,validation,random,129,237,2021-07-16,2019-12-26,inner_train,True,,True,0.4480247225269598,False
inner_2021,456,validation,random,130,193,2021-07-19,2019-10-22,inner_train,True,,False,0.8567108602833429,False
inner_2021,456,validation,random,131,28,2021-07-20,2019-02-15,inner_train,True,,False,0.34620364407143667,False
inner_2021,456,validation,random,132,445,2021-07-21,2020-11-04,inner_train,True,,True,0.4133391645390705,False
inner_2021,456,validation,random,133,72,2021-07-22,2019-04-24,inner_train,True,,False,0.5182976386046918,False
inner_2021,456,validation,random,134,457,2021-07-23,2020-11-20,inner_train,True,,False,1.5344803075475517,False
inner_2021,456,validation,random,135,388,2021-07-27,2020-08-10,inner_train,True,,True,1.1514160886839213,False
inner_2021,456,validation,random,136,308,2021-07-29,2020-04-09,inner_train,True,,False,1.141937344729377,False
inner_2021,456,validation,random,137,157,2021-07-30,2019-08-30,inner_train,True,,False,0.3127557100038967,False
inner_2021,456,validation,random,138,34,2021-08-02,2019-02-26,inner_train,True,,False,0.9657486862041198,False
inner_2021,456,validation,random,139,377,2021-08-03,2020-07-22,inner_train,True,,False,0.3034434937158528,False
inner_2021,456,validation,random,140,340,2021-08-04,2020-05-28,inner_train,True,,False,1.0967587200187867,False
inner_2021,456,validation,random,141,193,2021-08-05,2019-10-22,inner_train,True,,False,0.3171479637948105,False
inner_2021,456,validation,random,142,269,2021-08-06,2020-02-13,inner_train,True,,True,0.8577691602544997,False
inner_2021,456,validation,random,143,126,2021-08-09,2019-07-15,inner_train,True,,False,0.8842024173226548,False
inner_2021,456,validation,random,144,48,2021-08-10,2019-03-18,inner_train,True,,False,0.7248958788745257,False
inner_2021,456,validation,random,145,356,2021-08-11,2020-06-22,inner_train,True,,False,0.26004810824966107,False
inner_2021,456,validation,random,146,434,2021-08-13,2020-10-19,inner_train,True,,True,0.4744579795951154,False
inner_2021,456,validation,random,147,342,2021-08-16,2020-06-01,inner_train,True,,False,0.43472628022734305,False
inner_2021,456,validation,random,148,124,2021-08-17,2019-07-11,inner_train,True,,False,0.6466271649250528,False
inner_2021,456,validation,random,149,426,2021-08-18,2020-10-06,inner_train,True,,False,2.0553253169455714,False
inner_2021,456,validation,random,150,172,2021-08-19,2019-09-20,inner_train,True,,False,1.6512256891764814,False
inner_2021,456,validation,random,151,326,2021-08-20,2020-05-08,inner_train,True,,True,0.140772553881082,False
inner_2021,456,validation,random,152,31,2021-08-23,2019-02-21,inner_train,True,,False,0.32169172639231025,False
inner_2021,456,validation,random,153,192,2021-08-24,2019-10-21,inner_train,True,,False,0.6778797084291566,False
inner_2021,456,validation,random,154,222,2021-08-25,2019-12-03,inner_train,True,,False,0.711496319228142,False
inner_2021,456,validation,random,155,53,2021-08-26,2019-03-25,inner_train,True,,False,0.2881819474934324,False
inner_2021,456,validation,random,156,72,2021-08-27,2019-04-24,inner_train,True,,True,0.9808292530117266,False
inner_2021,456,validation,random,157,27,2021-08-30,2019-02-14,inner_train,True,,True,1.0030171679870885,False
inner_2021,456,validation,random,158,288,2021-08-31,2020-03-11,inner_train,True,,False,0.03922071315328157,False
inner_2021,456,validation,random,159,112,2021-09-01,2019-06-25,inner_train,True,,True,0.3047548867603731,False
inner_2021,456,validation,random,160,476,2021-09-02,2020-12-22,inner_train,True,,False,1.081840407054281,False
inner_2021,456,validation,random,161,281,2021-09-03,2020-03-02,inner_train,True,,False,0.6596456402284976,False
inner_2021,456,validation,random,162,365,2021-09-06,2020-07-03,inner_train,True,,True,0.47160491061270937,False
inner_2021,456,validation,random,163,427,2021-09-07,2020-10-07,inner_train,True,,False,1.9657628489314387,False
inner_2021,456,validation,random,164,342,2021-09-08,2020-06-01,inner_train,True,,True,0.3836361376667523,False
inner_2021,456,validation,random,165,316,2021-09-09,2020-04-21,inner_train,True,,True,0.1583683157714617,False
inner_2021,456,validation,random,166,434,2021-09-10,2020-10-19,inner_train,True,,False,0.20989832456418878,False
inner_2021,456,validation,random,167,259,2021-09-13,2020-01-29,inner_train,True,,False,0.7956627440855399,False
inner_2021,456,validation,random,168,272,2021-09-14,2020-02-18,inner_train,True,,False,0.9877866649021194,False
inner_2021,456,validation,random,169,97,2021-09-15,2019-06-04,inner_train,True,,True,0.6874491594453072,False
inner_2021,456,validation,random,170,350,2021-09-16,2020-06-12,inner_train,True,,False,0.45798314239161053,False
inner_2021,456,validation,random,171,474,2021-09-17,2020-12-18,inner_train,True,,False,1.3922290966397046,False
inner_2021,456,validation,random,172,179,2021-09-20,2019-10-01,inner_train,True,,True,1.343454202443398,False
inner_2021,456,validation,random,173,214,2021-09-21,2019-11-21,inner_train,True,,True,1.927891643552635,False
inner_2021,456,validation,random,174,146,2021-09-22,2019-08-15,inner_train,True,,False,1.8566376066025465,False
inner_2021,456,validation,random,175,198,2021-09-23,2019-10-30,inner_train,True,,False,0.38092399919204656,False
inner_2021,456,validation,random,176,407,2021-09-27,2020-09-09,inner_train,True,,False,0.3846743384390905,False
inner_2021,456,validation,random,177,92,2021-09-28,2019-05-27,inner_train,True,,False,0.3784709985295138,False
inner_2021,456,validation,random,178,253,2021-09-29,2020-01-21,inner_train,True,,True,0.4135623183407837,False
inner_2021,456,validation,random,179,432,2021-09-30,2020-10-15,inner_train,True,,False,0.2478361639045814,False
inner_2021,456,validation,random,180,198,2021-10-01,2019-10-30,inner_train,True,,True,0.2984929885559966,False
inner_2021,456,validation,random,181,318,2021-10-04,2020-04-23,inner_train,True,,False,1.144440474947496,False
inner_2021,456,validation,random,182,454,2021-10-05,2020-11-17,inner_train,True,,False,2.3263016196113613,False
inner_2021,456,validation,random,183,54,2021-10-06,2019-03-26,inner_train,True,,True,0.5226600814129934,False
inner_2021,456,validation,random,184,88,2021-10-07,2019-05-21,inner_train,True,,False,2.7954481537484916,False
inner_2021,456,validation,random,185,112,2021-10-08,2019-06-25,inner_train,True,,True,0.9526583760450298,False
inner_2021,456,validation,random,186,253,2021-10-11,2020-01-21,inner_train,True,,False,0.635601694913345,False
inner_2021,456,validation,random,187,58,2021-10-12,2019-04-01,inner_train,True,,True,1.2269053246310428,False
inner_2021,456,validation,random,188,468,2021-10-14,2020-12-08,inner_train,True,,True,1.4013624513339589,False
inner_2021,456,validation,random,189,75,2021-10-15,2019-04-29,inner_train,True,,False,1.0630673512486983,False
inner_2021,456,validation,random,190,91,2021-10-18,2019-05-24,inner_train,True,,False,1.4996230464268945,False
inner_2021,456,validation,random,191,97,2021-10-19,2019-06-04,inner_train,True,,False,0.867500567704723,False
inner_2021,456,validation,random,192,375,2021-10-20,2020-07-20,inner_train,True,,False,1.0257055178600218,False
inner_2021,456,validation,random,193,185,2021-10-21,2019-10-09,inner_train,True,,False,0.1015069463418361,False
inner_2021,456,validation,random,194,66,2021-10-25,2019-04-12,inner_train,True,,False,0.25733491606248915,False
inner_2021,456,validation,random,195,103,2021-10-26,2019-06-12,inner_train,True,,False,0.6110822275056411,False
inner_2021,456,validation,random,196,123,2021-10-27,2019-07-10,inner_train,True,,False,0.30406499366643525,False
inner_2021,456,validation,random,197,443,2021-10-28,2020-11-02,inner_train,True,,False,0.31675449536557476,False
inner_2021,456,validation,random,198,243,2021-10-29,2020-01-07,inner_train,True,,True,0.6629763029265816,False
inner_2021,456,validation,random,199,366,2021-11-01,2020-07-07,inner_train,True,,True,0.8722307420801241,False
inner_2021,456,validation,random,200,7,2021-11-02,2019-01-17,inner_train,True,,True,0.34746529750002386,False
inner_2021,456,validation,random,201,449,2021-11-03,2020-11-10,inner_train,True,,False,0.30966097917055624,False
inner_2021,456,validation,random,202,391,2021-11-04,2020-08-14,inner_train,True,,True,0.6433443580761269,False
inner_2021,456,validation,random,203,96,2021-11-05,2019-05-31,inner_train,True,,False,0.7965093305786262,False
inner_2021,456,validation,random,204,357,2021-11-08,2020-06-23,inner_train,True,,True,0.47199795375425335,False
inner_2021,456,validation,random,205,392,2021-11-09,2020-08-17,inner_train,True,,True,0.8664854184687085,False
inner_2021,456,validation,random,206,116,2021-11-10,2019-07-01,inner_train,True,,False,0.45595187579008556,False
inner_2021,456,validation,random,207,203,2021-11-11,2019-11-06,inner_train,True,,True,0.76744510427659,False
inner_2021,456,validation,random,208,175,2021-11-12,2019-09-25,inner_train,True,,False,1.111165686062623,False
inner_2021,456,validation,random,209,449,2021-11-15,2020-11-10,inner_train,True,,False,0.5415972824327446,False
inner_2021,456,validation,random,210,103,2021-11-16,2019-06-12,inner_train,True,,False,1.4043128666225697,False
inner_2021,456,validation,random,211,130,2021-11-17,2019-07-22,inner_train,True,,False,0.47888650282331335,False
inner_2021,456,validation,random,212,287,2021-11-18,2020-03-10,inner_train,True,,False,0.8088115713560438,False
inner_2021,456,validation,random,213,296,2021-11-19,2020-03-23,inner_train,True,,False,0.21691300156357363,False
inner_2021,456,validation,random,214,351,2021-11-22,2020-06-15,inner_train,True,,True,0.9852836033611063,False
inner_2021,456,validation,random,215,87,2021-11-23,2019-05-17,inner_train,True,,False,3.1968239330299366,False
inner_2021,456,validation,random,216,292,2021-11-24,2020-03-17,inner_train,True,,False,1.2259517110447113,False
inner_2021,456,validation,random,217,9,2021-11-25,2019-01-21,inner_train,True,,True,0.45366720992604215,False
inner_2021,456,validation,random,218,217,2021-11-26,2019-11-26,inner_train,True,,True,0.48453172980864556,False
inner_2021,456,validation,random,219,249,2021-11-29,2020-01-15,inner_train,True,,False,0.3886013020561596,False
inner_2021,456,validation,random,220,82,2021-11-30,2019-05-10,inner_train,True,,True,1.1422210940955435,False
inner_2021,456,validation,random,221,49,2021-12-01,2019-03-19,inner_train,True,,False,0.27763173659827967,False
inner_2021,456,validation,random,222,88,2021-12-02,2019-05-21,inner_train,True,,True,2.206441232441143,False
inner_2021,456,validation,random,223,186,2021-12-03,2019-10-10,inner_train,True,,True,0.05715841383994835,False
inner_2021,456,validation,random,224,162,2021-12-07,2019-09-06,inner_train,True,,False,0.8194409058842376,False
inner_2021,456,validation,random,225,247,2021-12-08,2020-01-13,inner_train,True,,False,0.20140356467780363,False
inner_2021,456,validation,random,226,128,2021-12-09,2019-07-18,inner_train,True,,False,0.6422167967189294,False
inner_2021,456,validation,random,227,335,2021-12-13,2020-05-21,inner_train,True,,False,1.705052089808786,False
inner_2021,456,validation,random,228,40,2021-12-14,2019-03-06,inner_train,True,,False,1.4434527749598391,False
inner_2021,456,validation,random,229,287,2021-12-15,2020-03-10,inner_train,True,,False,0.5849335959197126,False
inner_2021,456,validation,random,230,207,2021-12-16,2019-11-12,inner_train,True,,False,1.47330573810952,False
inner_2021,456,validation,random,231,462,2021-12-17,2020-11-27,inner_train,True,,True,0.7188149273085234,False
inner_2021,456,validation,random,232,234,2021-12-20,2019-12-23,inner_train,True,,True,0.35002019708636967,False
inner_2021,456,validation,random,233,344,2021-12-21,2020-06-04,inner_train,True,,False,0.5320278314165936,False
inner_2021,456,validation,random,234,335,2021-12-22,2020-05-21,inner_train,True,,False,0.6404566864189305,False
inner_2021,456,validation,random,235,218,2021-12-23,2019-11-27,inner_train,True,,True,0.22438501640227493,False
inner_2021,456,validation,random,236,403,2021-12-24,2020-09-01,inner_train,True,,False,0.2853537826921899,False
inner_2021,456,validation,random,237,86,2021-12-27,2019-05-16,inner_train,True,,False,2.7218323406168077,False
inner_2021,456,validation,random,238,298,2021-12-28,2020-03-25,inner_train,True,,False,0.6639655458344644,False
inner_2021,456,validation,random,239,139,2021-12-29,2019-08-05,inner_train,True,,False,1.3663011524488167,False
