model,fold,base_seed,fit_id,scope,regime,seed,features,feature_hash,training_sequences,fit_seconds,inference_seconds,trainable_parameters,arm_reference_count
cnn,fold_1,123,8702158798139e08,global,global,123,122,279538b1cd564a4b06ef037ac3e334f8324b5edbc753e8ed9f34910dc00e60b7,2339,5.3490175000042655,0.2085664000042015,12017,3
cnn,fold_1,123,50f96243bc475446,global,bull,288347036,122,279538b1cd564a4b06ef037ac3e334f8324b5edbc753e8ed9f34910dc00e60b7,2339,5.215036000008695,0.1843844000104582,12017,1
cnn,fold_1,123,93aa1e9ed6cba158,global,sideway,2046851630,122,279538b1cd564a4b06ef037ac3e334f8324b5edbc753e8ed9f34910dc00e60b7,2339,5.245596499997191,0.1936460000142688,12017,1
cnn,fold_1,123,6861dc9fa391bcbe,global,bear,235231008,122,279538b1cd564a4b06ef037ac3e334f8324b5edbc753e8ed9f34910dc00e60b7,2339,5.031599499998265,0.2228086000104667,12017,1
cnn,fold_1,123,14b06c5bd1a6680c,regime,bull,288347036,122,279538b1cd564a4b06ef037ac3e334f8324b5edbc753e8ed9f34910dc00e60b7,891,3.312925899997936,0.2005156999948667,12017,1
cnn,fold_1,123,48874a45b251646c,regime,sideway,2046851630,122,279538b1cd564a4b06ef037ac3e334f8324b5edbc753e8ed9f34910dc00e60b7,821,3.036062800005311,0.1870886999968206,12017,3
cnn,fold_1,123,1e8371ab8eec9487,regime,bear,235231008,122,279538b1cd564a4b06ef037ac3e334f8324b5edbc753e8ed9f34910dc00e60b7,627,2.764025700002094,0.173383899993496,12017,1
cnn,fold_1,123,d47132bd6593af86,regime,bull,288347036,30,834d1e1f08392962409a468e4fdae8502fe8638e073183aebbdba5131f23b9c5,891,3.0785612000036053,0.18980819999706,3185,1
cnn,fold_1,123,811180e142e3501c,regime,bear,235231008,80,3034bb44ef0fa18ea49b08e084cf6672fd5fcb2627e8c5fb230ab20b267caba1,627,2.777997999990476,0.1870580999966478,7985,1
cnn,fold_1,123,6c191bd41bb3200e,regime,bull,288347036,30,a1b9f7ead332a02910a8d37cb3752a111385bcc0b64732a2fe41aa1b2ee40373,891,3.085423899989109,0.2300535999966086,3185,1
cnn,fold_1,123,009f5d323f855d57,regime,bear,235231008,80,2d219eb3b9d856056e5f2c4cf90b12cdae9574f9a997f641ca3098c3d3f5527d,627,2.756553899991559,0.1733315000019502,7985,1
cnn,fold_1,2025,07356d245ea235a0,global,global,2025,122,279538b1cd564a4b06ef037ac3e334f8324b5edbc753e8ed9f34910dc00e60b7,2339,5.398334199999226,0.1859442999993916,12017,3
cnn,fold_1,2025,42bcd83b4461c14b,global,bull,2072905862,122,279538b1cd564a4b06ef037ac3e334f8324b5edbc753e8ed9f34910dc00e60b7,2339,5.369591600014246,0.1862071000068681,12017,1
cnn,fold_1,2025,f5403de8f6e41a31,global,sideway,1719281127,122,279538b1cd564a4b06ef037ac3e334f8324b5edbc753e8ed9f34910dc00e60b7,2339,5.229870900002425,0.1916515999910188,12017,1
cnn,fold_1,2025,997c5d0b3c6dd154,global,bear,926380243,122,279538b1cd564a4b06ef037ac3e334f8324b5edbc753e8ed9f34910dc00e60b7,2339,5.122216899995692,0.1942253999877721,12017,1
cnn,fold_1,2025,b6ee8b5f108979a0,regime,bull,2072905862,122,279538b1cd564a4b06ef037ac3e334f8324b5edbc753e8ed9f34910dc00e60b7,891,3.081191599994781,0.1811557999899378,12017,1
cnn,fold_1,2025,d55a4748d308dbec,regime,sideway,1719281127,122,279538b1cd564a4b06ef037ac3e334f8324b5edbc753e8ed9f34910dc00e60b7,821,3.0378216999961296,0.1686456000024918,12017,3
cnn,fold_1,2025,a0eaec6f147e548e,regime,bear,926380243,122,279538b1cd564a4b06ef037ac3e334f8324b5edbc753e8ed9f34910dc00e60b7,627,2.863451299999724,0.1798026000033132,12017,1
cnn,fold_1,2025,8c3d48e3b80bdfc7,regime,bull,2072905862,30,834d1e1f08392962409a468e4fdae8502fe8638e073183aebbdba5131f23b9c5,891,3.1405019000085304,0.1920459999964805,3185,1
cnn,fold_1,2025,245227fb2db724b4,regime,bear,926380243,80,3034bb44ef0fa18ea49b08e084cf6672fd5fcb2627e8c5fb230ab20b267caba1,627,2.7708872000075644,0.1797907000000123,7985,1
cnn,fold_1,2025,a34f3ab5e96a284a,regime,bull,2072905862,30,a1b9f7ead332a02910a8d37cb3752a111385bcc0b64732a2fe41aa1b2ee40373,891,3.2391864999954123,0.1943682000128319,3185,1
cnn,fold_1,2025,76178e43da741317,regime,bear,926380243,80,2d219eb3b9d856056e5f2c4cf90b12cdae9574f9a997f641ca3098c3d3f5527d,627,2.954206999987946,0.1732075000036275,7985,1
cnn,fold_1,42,243d1d20c59ea695,global,global,42,122,279538b1cd564a4b06ef037ac3e334f8324b5edbc753e8ed9f34910dc00e60b7,2339,5.266495800009579,0.1940897000022232,12017,3
cnn,fold_1,42,c6c21e74fe2a4923,global,bull,233391756,122,279538b1cd564a4b06ef037ac3e334f8324b5edbc753e8ed9f34910dc00e60b7,2339,5.300953899990418,0.1873075000039534,12017,1
cnn,fold_1,42,b5b873c4d8bca397,global,sideway,1801841624,122,279538b1cd564a4b06ef037ac3e334f8324b5edbc753e8ed9f34910dc00e60b7,2339,5.12880610000866,0.1875527999945916,12017,1
cnn,fold_1,42,9eb1d752fa89ad86,global,bear,1151042323,122,279538b1cd564a4b06ef037ac3e334f8324b5edbc753e8ed9f34910dc00e60b7,2339,5.35146910000185,0.1936816999950679,12017,1
cnn,fold_1,42,9a67bd7809257315,regime,bull,233391756,122,279538b1cd564a4b06ef037ac3e334f8324b5edbc753e8ed9f34910dc00e60b7,891,3.1239714000112144,0.1874843999976292,12017,1
cnn,fold_1,42,9eafb36efdad20c4,regime,sideway,1801841624,122,279538b1cd564a4b06ef037ac3e334f8324b5edbc753e8ed9f34910dc00e60b7,821,3.238836200005608,0.1742554000084055,12017,3
cnn,fold_1,42,05ccbf32630d39ed,regime,bear,1151042323,122,279538b1cd564a4b06ef037ac3e334f8324b5edbc753e8ed9f34910dc00e60b7,627,2.851529700012179,0.1814465000061318,12017,1
cnn,fold_1,42,34de64701a26b458,regime,bull,233391756,30,834d1e1f08392962409a468e4fdae8502fe8638e073183aebbdba5131f23b9c5,891,3.0105295999965165,0.2035655999934533,3185,1
cnn,fold_1,42,22cd5dc3912d36e5,regime,bear,1151042323,80,3034bb44ef0fa18ea49b08e084cf6672fd5fcb2627e8c5fb230ab20b267caba1,627,2.799698199989507,0.1727126999903703,7985,1
cnn,fold_1,42,7a4d31655d9846e7,regime,bull,233391756,30,a1b9f7ead332a02910a8d37cb3752a111385bcc0b64732a2fe41aa1b2ee40373,891,3.069259299998521,0.1780086000071605,3185,1
cnn,fold_1,42,8d40d9e323ff7794,regime,bear,1151042323,80,2d219eb3b9d856056e5f2c4cf90b12cdae9574f9a997f641ca3098c3d3f5527d,627,2.817180999991251,0.1988470999931451,7985,1
cnn,fold_1,456,e3bca2228e072ec8,global,global,456,122,279538b1cd564a4b06ef037ac3e334f8324b5edbc753e8ed9f34910dc00e60b7,2339,5.320822900001076,0.1809009999997215,12017,3
cnn,fold_1,456,1662c7f899c10629,global,bull,1574850040,122,279538b1cd564a4b06ef037ac3e334f8324b5edbc753e8ed9f34910dc00e60b7,2339,5.313838700007182,0.1814392999949632,12017,1
cnn,fold_1,456,3d3a62fb0fc63d91,global,sideway,376207022,122,279538b1cd564a4b06ef037ac3e334f8324b5edbc753e8ed9f34910dc00e60b7,2339,5.305708500003675,0.181492600007914,12017,1
cnn,fold_1,456,4864033066cfe948,global,bear,518123612,122,279538b1cd564a4b06ef037ac3e334f8324b5edbc753e8ed9f34910dc00e60b7,2339,5.016546200000448,0.211551899992628,12017,1
cnn,fold_1,456,9c902a900dff1a5f,regime,bull,1574850040,122,279538b1cd564a4b06ef037ac3e334f8324b5edbc753e8ed9f34910dc00e60b7,891,3.0407343999977456,0.2017652999929851,12017,1
cnn,fold_1,456,ee23cc6f475eef16,regime,sideway,376207022,122,279538b1cd564a4b06ef037ac3e334f8324b5edbc753e8ed9f34910dc00e60b7,821,3.090954300001613,0.211946600000374,12017,3
cnn,fold_1,456,c92fadb76415b4b7,regime,bear,518123612,122,279538b1cd564a4b06ef037ac3e334f8324b5edbc753e8ed9f34910dc00e60b7,627,2.664140900000348,0.1985391000052914,12017,1
cnn,fold_1,456,77e8242fff3c7c5c,regime,bull,1574850040,30,834d1e1f08392962409a468e4fdae8502fe8638e073183aebbdba5131f23b9c5,891,3.112044600013178,0.2038902000058442,3185,1
cnn,fold_1,456,33c236d4a9a7b3a9,regime,bear,518123612,80,3034bb44ef0fa18ea49b08e084cf6672fd5fcb2627e8c5fb230ab20b267caba1,627,2.749718999999459,0.1775228000042261,7985,1
cnn,fold_1,456,1b4a5d91afcf53de,regime,bull,1574850040,30,a1b9f7ead332a02910a8d37cb3752a111385bcc0b64732a2fe41aa1b2ee40373,891,3.106968699998106,0.1847951999952783,3185,1
cnn,fold_1,456,3d6e305978b81958,regime,bear,518123612,80,2d219eb3b9d856056e5f2c4cf90b12cdae9574f9a997f641ca3098c3d3f5527d,627,2.750281900007394,0.1789935999986482,7985,1
cnn,fold_1,789,5088057e20bc2e12,global,global,789,122,279538b1cd564a4b06ef037ac3e334f8324b5edbc753e8ed9f34910dc00e60b7,2339,5.213530300010461,0.2019006000045919,12017,3
cnn,fold_1,789,728d39afb8e24471,global,bull,566602380,122,279538b1cd564a4b06ef037ac3e334f8324b5edbc753e8ed9f34910dc00e60b7,2339,5.323192600000766,0.185500999999931,12017,1
cnn,fold_1,789,b5120794d885de99,global,sideway,1412251680,122,279538b1cd564a4b06ef037ac3e334f8324b5edbc753e8ed9f34910dc00e60b7,2339,5.41757210000651,0.1779084000008879,12017,1
cnn,fold_1,789,e9c0d08623dcc1de,global,bear,1676376697,122,279538b1cd564a4b06ef037ac3e334f8324b5edbc753e8ed9f34910dc00e60b7,2339,5.281212000001688,0.184445400009281,12017,1
cnn,fold_1,789,e5749eb10c248825,regime,bull,566602380,122,279538b1cd564a4b06ef037ac3e334f8324b5edbc753e8ed9f34910dc00e60b7,891,3.135657499995432,0.2080623999936506,12017,1
cnn,fold_1,789,2995e08483076a4c,regime,sideway,1412251680,122,279538b1cd564a4b06ef037ac3e334f8324b5edbc753e8ed9f34910dc00e60b7,821,3.2135888000048,0.2035734000091906,12017,3
cnn,fold_1,789,a50a2a50e4dd22ed,regime,bear,1676376697,122,279538b1cd564a4b06ef037ac3e334f8324b5edbc753e8ed9f34910dc00e60b7,627,2.838663200003793,0.1937552000017603,12017,1
cnn,fold_1,789,cada770d877fe90d,regime,bull,566602380,30,834d1e1f08392962409a468e4fdae8502fe8638e073183aebbdba5131f23b9c5,891,3.033688399998937,0.1927259999938542,3185,1
cnn,fold_1,789,8b5dbf741fa63a28,regime,bear,1676376697,80,3034bb44ef0fa18ea49b08e084cf6672fd5fcb2627e8c5fb230ab20b267caba1,627,3.058351799991214,0.207689200004097,7985,1
cnn,fold_1,789,d34b7159abd3aea7,regime,bull,566602380,30,a1b9f7ead332a02910a8d37cb3752a111385bcc0b64732a2fe41aa1b2ee40373,891,3.1788603000022704,0.2102721000119345,3185,1
cnn,fold_1,789,d6e30fd462ababe9,regime,bear,1676376697,80,2d219eb3b9d856056e5f2c4cf90b12cdae9574f9a997f641ca3098c3d3f5527d,627,2.725178100008634,0.1821151000040117,7985,1
cnn,fold_2,123,8702158798139e08,global,global,123,122,279538b1cd564a4b06ef037ac3e334f8324b5edbc753e8ed9f34910dc00e60b7,2580,5.821206499997061,0.2295253000047523,12017,3
cnn,fold_2,123,50f96243bc475446,global,bull,288347036,122,279538b1cd564a4b06ef037ac3e334f8324b5edbc753e8ed9f34910dc00e60b7,2580,5.486536599986721,0.1918807000038214,12017,1
cnn,fold_2,123,93aa1e9ed6cba158,global,sideway,2046851630,122,279538b1cd564a4b06ef037ac3e334f8324b5edbc753e8ed9f34910dc00e60b7,2580,5.630900099989958,0.1775596999941626,12017,1
cnn,fold_2,123,6861dc9fa391bcbe,global,bear,235231008,122,279538b1cd564a4b06ef037ac3e334f8324b5edbc753e8ed9f34910dc00e60b7,2580,5.3932090000016615,0.1993167000036919,12017,1
cnn,fold_2,123,14b06c5bd1a6680c,regime,bull,288347036,122,279538b1cd564a4b06ef037ac3e334f8324b5edbc753e8ed9f34910dc00e60b7,977,3.178279300002032,0.1844966000062413,12017,1
cnn,fold_2,123,48874a45b251646c,regime,sideway,2046851630,122,279538b1cd564a4b06ef037ac3e334f8324b5edbc753e8ed9f34910dc00e60b7,906,3.298999499995261,0.1949767999903997,12017,3
cnn,fold_2,123,1e8371ab8eec9487,regime,bear,235231008,122,279538b1cd564a4b06ef037ac3e334f8324b5edbc753e8ed9f34910dc00e60b7,697,2.940077499995823,0.1860086999949999,12017,1
cnn,fold_2,123,d47132bd6593af86,regime,bull,288347036,30,834d1e1f08392962409a468e4fdae8502fe8638e073183aebbdba5131f23b9c5,977,3.1767049999907613,0.1926420999952824,3185,1
cnn,fold_2,123,811180e142e3501c,regime,bear,235231008,80,3034bb44ef0fa18ea49b08e084cf6672fd5fcb2627e8c5fb230ab20b267caba1,697,2.8724789999978384,0.1888913999864598,7985,1
cnn,fold_2,123,6c191bd41bb3200e,regime,bull,288347036,30,a1b9f7ead332a02910a8d37cb3752a111385bcc0b64732a2fe41aa1b2ee40373,977,3.028640299991821,0.2059171000000788,3185,1
cnn,fold_2,123,009f5d323f855d57,regime,bear,235231008,80,2d219eb3b9d856056e5f2c4cf90b12cdae9574f9a997f641ca3098c3d3f5527d,697,2.8682526999909896,0.1966184000048088,7985,1
cnn,fold_2,2025,07356d245ea235a0,global,global,2025,122,279538b1cd564a4b06ef037ac3e334f8324b5edbc753e8ed9f34910dc00e60b7,2580,6.1887512000103015,0.2319936999992933,12017,3
cnn,fold_2,2025,42bcd83b4461c14b,global,bull,2072905862,122,279538b1cd564a4b06ef037ac3e334f8324b5edbc753e8ed9f34910dc00e60b7,2580,6.025490899992292,0.2392471999919507,12017,1
cnn,fold_2,2025,f5403de8f6e41a31,global,sideway,1719281127,122,279538b1cd564a4b06ef037ac3e334f8324b5edbc753e8ed9f34910dc00e60b7,2580,6.089477400004398,0.2244004000094719,12017,1
cnn,fold_2,2025,997c5d0b3c6dd154,global,bear,926380243,122,279538b1cd564a4b06ef037ac3e334f8324b5edbc753e8ed9f34910dc00e60b7,2580,6.0073962999886135,0.2341908999951556,12017,1
cnn,fold_2,2025,b6ee8b5f108979a0,regime,bull,2072905862,122,279538b1cd564a4b06ef037ac3e334f8324b5edbc753e8ed9f34910dc00e60b7,977,3.5824386999884155,0.2181025000027148,12017,1
cnn,fold_2,2025,d55a4748d308dbec,regime,sideway,1719281127,122,279538b1cd564a4b06ef037ac3e334f8324b5edbc753e8ed9f34910dc00e60b7,906,3.5594953000108944,0.2235126000014133,12017,3
cnn,fold_2,2025,a0eaec6f147e548e,regime,bear,926380243,122,279538b1cd564a4b06ef037ac3e334f8324b5edbc753e8ed9f34910dc00e60b7,697,3.3270574000052875,0.2237040000036358,12017,1
cnn,fold_2,2025,8c3d48e3b80bdfc7,regime,bull,2072905862,30,834d1e1f08392962409a468e4fdae8502fe8638e073183aebbdba5131f23b9c5,977,3.5635624999995343,0.2207737999997334,3185,1
cnn,fold_2,2025,245227fb2db724b4,regime,bear,926380243,80,3034bb44ef0fa18ea49b08e084cf6672fd5fcb2627e8c5fb230ab20b267caba1,697,3.2269156999973347,0.218327099995804,7985,1
cnn,fold_2,2025,a34f3ab5e96a284a,regime,bull,2072905862,30,a1b9f7ead332a02910a8d37cb3752a111385bcc0b64732a2fe41aa1b2ee40373,977,3.639785200008191,0.2216505000105826,3185,1
cnn,fold_2,2025,76178e43da741317,regime,bear,926380243,80,2d219eb3b9d856056e5f2c4cf90b12cdae9574f9a997f641ca3098c3d3f5527d,697,3.408402100001694,0.2298897000000579,7985,1
cnn,fold_2,42,243d1d20c59ea695,global,global,42,122,279538b1cd564a4b06ef037ac3e334f8324b5edbc753e8ed9f34910dc00e60b7,2580,5.73136269999668,0.2408661999943433,12017,3
cnn,fold_2,42,c6c21e74fe2a4923,global,bull,233391756,122,279538b1cd564a4b06ef037ac3e334f8324b5edbc753e8ed9f34910dc00e60b7,2580,5.428993599998648,0.1801412999921012,12017,1
cnn,fold_2,42,b5b873c4d8bca397,global,sideway,1801841624,122,279538b1cd564a4b06ef037ac3e334f8324b5edbc753e8ed9f34910dc00e60b7,2580,5.72643280000193,0.214186500001233,12017,1
cnn,fold_2,42,9eb1d752fa89ad86,global,bear,1151042323,122,279538b1cd564a4b06ef037ac3e334f8324b5edbc753e8ed9f34910dc00e60b7,2580,5.976055699997232,0.2050778999982867,12017,1
cnn,fold_2,42,9a67bd7809257315,regime,bull,233391756,122,279538b1cd564a4b06ef037ac3e334f8324b5edbc753e8ed9f34910dc00e60b7,977,3.264262199998484,0.1876975000050151,12017,1
cnn,fold_2,42,9eafb36efdad20c4,regime,sideway,1801841624,122,279538b1cd564a4b06ef037ac3e334f8324b5edbc753e8ed9f34910dc00e60b7,906,3.49726489999739,0.1916434000013396,12017,3
cnn,fold_2,42,05ccbf32630d39ed,regime,bear,1151042323,122,279538b1cd564a4b06ef037ac3e334f8324b5edbc753e8ed9f34910dc00e60b7,697,2.808541600010358,0.171737500000745,12017,1
cnn,fold_2,42,34de64701a26b458,regime,bull,233391756,30,834d1e1f08392962409a468e4fdae8502fe8638e073183aebbdba5131f23b9c5,977,3.1931694999948377,0.1877669999958016,3185,1
cnn,fold_2,42,22cd5dc3912d36e5,regime,bear,1151042323,80,3034bb44ef0fa18ea49b08e084cf6672fd5fcb2627e8c5fb230ab20b267caba1,697,2.7440634000085997,0.2090401999885216,7985,1
cnn,fold_2,42,7a4d31655d9846e7,regime,bull,233391756,30,a1b9f7ead332a02910a8d37cb3752a111385bcc0b64732a2fe41aa1b2ee40373,977,3.049775799998315,0.1908523999882163,3185,1
cnn,fold_2,42,8d40d9e323ff7794,regime,bear,1151042323,80,2d219eb3b9d856056e5f2c4cf90b12cdae9574f9a997f641ca3098c3d3f5527d,697,2.885850399994524,0.1777868999924976,7985,1
cnn,fold_2,456,e3bca2228e072ec8,global,global,456,122,279538b1cd564a4b06ef037ac3e334f8324b5edbc753e8ed9f34910dc00e60b7,2580,5.799403499986511,0.1979520000022603,12017,3
cnn,fold_2,456,1662c7f899c10629,global,bull,1574850040,122,279538b1cd564a4b06ef037ac3e334f8324b5edbc753e8ed9f34910dc00e60b7,2580,5.550958799998625,0.1941208000062033,12017,1
cnn,fold_2,456,3d3a62fb0fc63d91,global,sideway,376207022,122,279538b1cd564a4b06ef037ac3e334f8324b5edbc753e8ed9f34910dc00e60b7,2580,6.093112499991548,0.1847102999890921,12017,1
cnn,fold_2,456,4864033066cfe948,global,bear,518123612,122,279538b1cd564a4b06ef037ac3e334f8324b5edbc753e8ed9f34910dc00e60b7,2580,5.468281999987084,0.182803599993349,12017,1
cnn,fold_2,456,9c902a900dff1a5f,regime,bull,1574850040,122,279538b1cd564a4b06ef037ac3e334f8324b5edbc753e8ed9f34910dc00e60b7,977,3.255709600009141,0.1857697999948868,12017,1
cnn,fold_2,456,ee23cc6f475eef16,regime,sideway,376207022,122,279538b1cd564a4b06ef037ac3e334f8324b5edbc753e8ed9f34910dc00e60b7,906,3.152246199999354,0.2027272999985143,12017,3
cnn,fold_2,456,c92fadb76415b4b7,regime,bear,518123612,122,279538b1cd564a4b06ef037ac3e334f8324b5edbc753e8ed9f34910dc00e60b7,697,2.9095197999995435,0.1838772999908542,12017,1
cnn,fold_2,456,77e8242fff3c7c5c,regime,bull,1574850040,30,834d1e1f08392962409a468e4fdae8502fe8638e073183aebbdba5131f23b9c5,977,3.1242700000002515,0.2126867000042693,3185,1
cnn,fold_2,456,33c236d4a9a7b3a9,regime,bear,518123612,80,3034bb44ef0fa18ea49b08e084cf6672fd5fcb2627e8c5fb230ab20b267caba1,697,2.9358493000036106,0.1929635999986203,7985,1
cnn,fold_2,456,1b4a5d91afcf53de,regime,bull,1574850040,30,a1b9f7ead332a02910a8d37cb3752a111385bcc0b64732a2fe41aa1b2ee40373,977,3.2496053999930155,0.2082620000001043,3185,1
cnn,fold_2,456,3d6e305978b81958,regime,bear,518123612,80,2d219eb3b9d856056e5f2c4cf90b12cdae9574f9a997f641ca3098c3d3f5527d,697,2.797918900003424,0.1799332000082358,7985,1
cnn,fold_2,789,5088057e20bc2e12,global,global,789,122,279538b1cd564a4b06ef037ac3e334f8324b5edbc753e8ed9f34910dc00e60b7,2580,5.6904756000003545,0.2106701000011526,12017,3
cnn,fold_2,789,728d39afb8e24471,global,bull,566602380,122,279538b1cd564a4b06ef037ac3e334f8324b5edbc753e8ed9f34910dc00e60b7,2580,5.462012100004358,0.1854505999945104,12017,1
cnn,fold_2,789,b5120794d885de99,global,sideway,1412251680,122,279538b1cd564a4b06ef037ac3e334f8324b5edbc753e8ed9f34910dc00e60b7,2580,5.403975599998375,0.1905671000131406,12017,1
cnn,fold_2,789,e9c0d08623dcc1de,global,bear,1676376697,122,279538b1cd564a4b06ef037ac3e334f8324b5edbc753e8ed9f34910dc00e60b7,2580,5.365816699995776,0.1815777000010712,12017,1
cnn,fold_2,789,e5749eb10c248825,regime,bull,566602380,122,279538b1cd564a4b06ef037ac3e334f8324b5edbc753e8ed9f34910dc00e60b7,977,3.1251331999956165,0.1781123999971896,12017,1
cnn,fold_2,789,2995e08483076a4c,regime,sideway,1412251680,122,279538b1cd564a4b06ef037ac3e334f8324b5edbc753e8ed9f34910dc00e60b7,906,3.432070900002145,0.2277718999976059,12017,3
cnn,fold_2,789,a50a2a50e4dd22ed,regime,bear,1676376697,122,279538b1cd564a4b06ef037ac3e334f8324b5edbc753e8ed9f34910dc00e60b7,697,3.5290535999956774,0.2512709999864455,12017,1
cnn,fold_2,789,cada770d877fe90d,regime,bull,566602380,30,834d1e1f08392962409a468e4fdae8502fe8638e073183aebbdba5131f23b9c5,977,5.985542700000224,0.1877213999978266,3185,1
cnn,fold_2,789,8b5dbf741fa63a28,regime,bear,1676376697,80,3034bb44ef0fa18ea49b08e084cf6672fd5fcb2627e8c5fb230ab20b267caba1,697,3.54630790000374,0.235884800000349,7985,1
cnn,fold_2,789,d34b7159abd3aea7,regime,bull,566602380,30,a1b9f7ead332a02910a8d37cb3752a111385bcc0b64732a2fe41aa1b2ee40373,977,3.756982199993218,0.2265154999913647,3185,1
cnn,fold_2,789,d6e30fd462ababe9,regime,bear,1676376697,80,2d219eb3b9d856056e5f2c4cf90b12cdae9574f9a997f641ca3098c3d3f5527d,697,3.387613899991265,0.2192343000060646,7985,1
cnn,fold_3,123,8702158798139e08,global,global,123,122,279538b1cd564a4b06ef037ac3e334f8324b5edbc753e8ed9f34910dc00e60b7,2823,6.482617000001483,0.2645093000028282,12017,3
cnn,fold_3,123,50f96243bc475446,global,bull,288347036,122,279538b1cd564a4b06ef037ac3e334f8324b5edbc753e8ed9f34910dc00e60b7,2823,6.3026930000050925,0.2374300999945262,12017,1
cnn,fold_3,123,93aa1e9ed6cba158,global,sideway,2046851630,122,279538b1cd564a4b06ef037ac3e334f8324b5edbc753e8ed9f34910dc00e60b7,2823,6.324228800003766,0.233362400002079,12017,1
cnn,fold_3,123,6861dc9fa391bcbe,global,bear,235231008,122,279538b1cd564a4b06ef037ac3e334f8324b5edbc753e8ed9f34910dc00e60b7,2823,6.5743100000108825,0.2318527000024914,12017,1
cnn,fold_3,123,14b06c5bd1a6680c,regime,bull,288347036,122,279538b1cd564a4b06ef037ac3e334f8324b5edbc753e8ed9f34910dc00e60b7,1016,3.81605199999467,0.2183403000090038,12017,1
cnn,fold_3,123,48874a45b251646c,regime,sideway,2046851630,122,279538b1cd564a4b06ef037ac3e334f8324b5edbc753e8ed9f34910dc00e60b7,991,3.71657220000634,0.2288153000117745,12017,3
cnn,fold_3,123,1e8371ab8eec9487,regime,bear,235231008,122,279538b1cd564a4b06ef037ac3e334f8324b5edbc753e8ed9f34910dc00e60b7,816,3.51053200000024,0.2142457000009017,12017,1
cnn,fold_3,123,d47132bd6593af86,regime,bull,288347036,30,834d1e1f08392962409a468e4fdae8502fe8638e073183aebbdba5131f23b9c5,1016,3.618669799994677,0.2250034000026062,3185,1
cnn,fold_3,123,811180e142e3501c,regime,bear,235231008,80,3034bb44ef0fa18ea49b08e084cf6672fd5fcb2627e8c5fb230ab20b267caba1,816,3.47725709999213,0.2088686000060988,7985,1
cnn,fold_3,123,6c191bd41bb3200e,regime,bull,288347036,30,a1b9f7ead332a02910a8d37cb3752a111385bcc0b64732a2fe41aa1b2ee40373,1016,3.6412547000072655,0.2496392000030027,3185,1
cnn,fold_3,123,009f5d323f855d57,regime,bear,235231008,80,2d219eb3b9d856056e5f2c4cf90b12cdae9574f9a997f641ca3098c3d3f5527d,816,3.462481700000353,0.2237062000058358,7985,1
cnn,fold_3,2025,07356d245ea235a0,global,global,2025,122,279538b1cd564a4b06ef037ac3e334f8324b5edbc753e8ed9f34910dc00e60b7,2823,6.27433060000476,0.2655648000072688,12017,3
cnn,fold_3,2025,42bcd83b4461c14b,global,bull,2072905862,122,279538b1cd564a4b06ef037ac3e334f8324b5edbc753e8ed9f34910dc00e60b7,2823,6.306724100009888,0.2432986000058008,12017,1
cnn,fold_3,2025,f5403de8f6e41a31,global,sideway,1719281127,122,279538b1cd564a4b06ef037ac3e334f8324b5edbc753e8ed9f34910dc00e60b7,2823,6.368187500003842,0.2379509999882429,12017,1
cnn,fold_3,2025,997c5d0b3c6dd154,global,bear,926380243,122,279538b1cd564a4b06ef037ac3e334f8324b5edbc753e8ed9f34910dc00e60b7,2823,6.384613299989724,0.2045989000034751,12017,1
cnn,fold_3,2025,b6ee8b5f108979a0,regime,bull,2072905862,122,279538b1cd564a4b06ef037ac3e334f8324b5edbc753e8ed9f34910dc00e60b7,1016,3.730687800009037,0.2193369000015081,12017,1
cnn,fold_3,2025,d55a4748d308dbec,regime,sideway,1719281127,122,279538b1cd564a4b06ef037ac3e334f8324b5edbc753e8ed9f34910dc00e60b7,991,3.6567520999960834,0.2230313000036403,12017,3
cnn,fold_3,2025,a0eaec6f147e548e,regime,bear,926380243,122,279538b1cd564a4b06ef037ac3e334f8324b5edbc753e8ed9f34910dc00e60b7,816,3.447007399998256,0.2182937000034144,12017,1
cnn,fold_3,2025,8c3d48e3b80bdfc7,regime,bull,2072905862,30,834d1e1f08392962409a468e4fdae8502fe8638e073183aebbdba5131f23b9c5,1016,3.645761100007803,0.2220246000069892,3185,1
cnn,fold_3,2025,245227fb2db724b4,regime,bear,926380243,80,3034bb44ef0fa18ea49b08e084cf6672fd5fcb2627e8c5fb230ab20b267caba1,816,3.4504009000083897,0.2267674999893643,7985,1
cnn,fold_3,2025,a34f3ab5e96a284a,regime,bull,2072905862,30,a1b9f7ead332a02910a8d37cb3752a111385bcc0b64732a2fe41aa1b2ee40373,1016,3.468216299996129,0.2118648000032408,3185,1
cnn,fold_3,2025,76178e43da741317,regime,bear,926380243,80,2d219eb3b9d856056e5f2c4cf90b12cdae9574f9a997f641ca3098c3d3f5527d,816,3.460169900004985,0.2181539999874076,7985,1
cnn,fold_3,42,243d1d20c59ea695,global,global,42,122,279538b1cd564a4b06ef037ac3e334f8324b5edbc753e8ed9f34910dc00e60b7,2823,6.439145799988182,0.2331618000025628,12017,3
cnn,fold_3,42,c6c21e74fe2a4923,global,bull,233391756,122,279538b1cd564a4b06ef037ac3e334f8324b5edbc753e8ed9f34910dc00e60b7,2823,6.318929300003219,0.2319725999986985,12017,1
cnn,fold_3,42,b5b873c4d8bca397,global,sideway,1801841624,122,279538b1cd564a4b06ef037ac3e334f8324b5edbc753e8ed9f34910dc00e60b7,2823,6.388741399990977,0.2324233999970602,12017,1
cnn,fold_3,42,9eb1d752fa89ad86,global,bear,1151042323,122,279538b1cd564a4b06ef037ac3e334f8324b5edbc753e8ed9f34910dc00e60b7,2823,6.416725599992788,0.2355900999973528,12017,1
cnn,fold_3,42,9a67bd7809257315,regime,bull,233391756,122,279538b1cd564a4b06ef037ac3e334f8324b5edbc753e8ed9f34910dc00e60b7,1016,3.790548700009822,0.2226228000072296,12017,1
cnn,fold_3,42,9eafb36efdad20c4,regime,sideway,1801841624,122,279538b1cd564a4b06ef037ac3e334f8324b5edbc753e8ed9f34910dc00e60b7,991,3.667477199996938,0.2290464999969117,12017,3
cnn,fold_3,42,05ccbf32630d39ed,regime,bear,1151042323,122,279538b1cd564a4b06ef037ac3e334f8324b5edbc753e8ed9f34910dc00e60b7,816,3.5043399999995017,0.2265752000093925,12017,1
cnn,fold_3,42,34de64701a26b458,regime,bull,233391756,30,834d1e1f08392962409a468e4fdae8502fe8638e073183aebbdba5131f23b9c5,1016,3.700634300010279,0.1964453000109642,3185,1
cnn,fold_3,42,22cd5dc3912d36e5,regime,bear,1151042323,80,3034bb44ef0fa18ea49b08e084cf6672fd5fcb2627e8c5fb230ab20b267caba1,816,3.448228299996117,0.2288913000083994,7985,1
cnn,fold_3,42,7a4d31655d9846e7,regime,bull,233391756,30,a1b9f7ead332a02910a8d37cb3752a111385bcc0b64732a2fe41aa1b2ee40373,1016,3.5969685000018217,0.226214100010111,3185,1
cnn,fold_3,42,8d40d9e323ff7794,regime,bear,1151042323,80,2d219eb3b9d856056e5f2c4cf90b12cdae9574f9a997f641ca3098c3d3f5527d,816,3.4312325000064448,0.2229089000029489,7985,1
cnn,fold_3,456,e3bca2228e072ec8,global,global,456,122,279538b1cd564a4b06ef037ac3e334f8324b5edbc753e8ed9f34910dc00e60b7,2823,6.30724769999506,0.2373531999910483,12017,3
cnn,fold_3,456,1662c7f899c10629,global,bull,1574850040,122,279538b1cd564a4b06ef037ac3e334f8324b5edbc753e8ed9f34910dc00e60b7,2823,6.308251800001017,0.2306593999965116,12017,1
cnn,fold_3,456,3d3a62fb0fc63d91,global,sideway,376207022,122,279538b1cd564a4b06ef037ac3e334f8324b5edbc753e8ed9f34910dc00e60b7,2823,6.321904200012796,0.2162809000001289,12017,1
cnn,fold_3,456,4864033066cfe948,global,bear,518123612,122,279538b1cd564a4b06ef037ac3e334f8324b5edbc753e8ed9f34910dc00e60b7,2823,6.774007100000745,0.2307413999951677,12017,1
cnn,fold_3,456,9c902a900dff1a5f,regime,bull,1574850040,122,279538b1cd564a4b06ef037ac3e334f8324b5edbc753e8ed9f34910dc00e60b7,1016,3.9116448999993736,0.2307621999934781,12017,1
cnn,fold_3,456,ee23cc6f475eef16,regime,sideway,376207022,122,279538b1cd564a4b06ef037ac3e334f8324b5edbc753e8ed9f34910dc00e60b7,991,3.990048299994669,0.2512673000019276,12017,3
cnn,fold_3,456,c92fadb76415b4b7,regime,bear,518123612,122,279538b1cd564a4b06ef037ac3e334f8324b5edbc753e8ed9f34910dc00e60b7,816,3.757619600000908,0.2367403999960515,12017,1
cnn,fold_3,456,77e8242fff3c7c5c,regime,bull,1574850040,30,834d1e1f08392962409a468e4fdae8502fe8638e073183aebbdba5131f23b9c5,1016,3.7988105999975232,0.2350503999914508,3185,1
cnn,fold_3,456,33c236d4a9a7b3a9,regime,bear,518123612,80,3034bb44ef0fa18ea49b08e084cf6672fd5fcb2627e8c5fb230ab20b267caba1,816,3.565704599997844,0.2177106000017374,7985,1
cnn,fold_3,456,1b4a5d91afcf53de,regime,bull,1574850040,30,a1b9f7ead332a02910a8d37cb3752a111385bcc0b64732a2fe41aa1b2ee40373,1016,3.6449033999961102,0.2302969000011216,3185,1
cnn,fold_3,456,3d6e305978b81958,regime,bear,518123612,80,2d219eb3b9d856056e5f2c4cf90b12cdae9574f9a997f641ca3098c3d3f5527d,816,3.4401991999911843,0.2189681999880122,7985,1
cnn,fold_3,789,5088057e20bc2e12,global,global,789,122,279538b1cd564a4b06ef037ac3e334f8324b5edbc753e8ed9f34910dc00e60b7,2823,6.4385273999942,0.2249562999932095,12017,3
cnn,fold_3,789,728d39afb8e24471,global,bull,566602380,122,279538b1cd564a4b06ef037ac3e334f8324b5edbc753e8ed9f34910dc00e60b7,2823,6.3510778000054415,0.2374679000058677,12017,1
cnn,fold_3,789,b5120794d885de99,global,sideway,1412251680,122,279538b1cd564a4b06ef037ac3e334f8324b5edbc753e8ed9f34910dc00e60b7,2823,6.25006229999417,0.2242999000009149,12017,1
cnn,fold_3,789,e9c0d08623dcc1de,global,bear,1676376697,122,279538b1cd564a4b06ef037ac3e334f8324b5edbc753e8ed9f34910dc00e60b7,2823,6.422141999995802,0.2151755999948363,12017,1
cnn,fold_3,789,e5749eb10c248825,regime,bull,566602380,122,279538b1cd564a4b06ef037ac3e334f8324b5edbc753e8ed9f34910dc00e60b7,1016,3.892571700009285,0.218713000009302,12017,1
cnn,fold_3,789,2995e08483076a4c,regime,sideway,1412251680,122,279538b1cd564a4b06ef037ac3e334f8324b5edbc753e8ed9f34910dc00e60b7,991,3.771326500005671,0.2303554999962216,12017,3
cnn,fold_3,789,a50a2a50e4dd22ed,regime,bear,1676376697,122,279538b1cd564a4b06ef037ac3e334f8324b5edbc753e8ed9f34910dc00e60b7,816,3.372612199993455,0.225095899993903,12017,1
cnn,fold_3,789,cada770d877fe90d,regime,bull,566602380,30,834d1e1f08392962409a468e4fdae8502fe8638e073183aebbdba5131f23b9c5,1016,3.5548542000033194,0.2016061000031186,3185,1
cnn,fold_3,789,8b5dbf741fa63a28,regime,bear,1676376697,80,3034bb44ef0fa18ea49b08e084cf6672fd5fcb2627e8c5fb230ab20b267caba1,816,3.394198099995265,0.2222882999922149,7985,1
cnn,fold_3,789,d34b7159abd3aea7,regime,bull,566602380,30,a1b9f7ead332a02910a8d37cb3752a111385bcc0b64732a2fe41aa1b2ee40373,1016,3.578579599998193,0.2251224000065121,3185,1
cnn,fold_3,789,d6e30fd462ababe9,regime,bear,1676376697,80,2d219eb3b9d856056e5f2c4cf90b12cdae9574f9a997f641ca3098c3d3f5527d,816,3.473698699992383,0.2361786999972537,7985,1
cnn,fold_4,123,8702158798139e08,global,global,123,122,279538b1cd564a4b06ef037ac3e334f8324b5edbc753e8ed9f34910dc00e60b7,3067,6.659562700006063,0.2275945000001229,12017,3
cnn,fold_4,123,50f96243bc475446,global,bull,288347036,122,279538b1cd564a4b06ef037ac3e334f8324b5edbc753e8ed9f34910dc00e60b7,3067,6.616651399992406,0.2237916000012774,12017,1
cnn,fold_4,123,93aa1e9ed6cba158,global,sideway,2046851630,122,279538b1cd564a4b06ef037ac3e334f8324b5edbc753e8ed9f34910dc00e60b7,3067,6.658851300002425,0.2242571000097086,12017,1
cnn,fold_4,123,6861dc9fa391bcbe,global,bear,235231008,122,279538b1cd564a4b06ef037ac3e334f8324b5edbc753e8ed9f34910dc00e60b7,3067,7.132512399999541,0.2216628000023774,12017,1
cnn,fold_4,123,14b06c5bd1a6680c,regime,bull,288347036,122,279538b1cd564a4b06ef037ac3e334f8324b5edbc753e8ed9f34910dc00e60b7,1107,4.022443800000474,0.2317214000067906,12017,1
cnn,fold_4,123,48874a45b251646c,regime,sideway,2046851630,122,279538b1cd564a4b06ef037ac3e334f8324b5edbc753e8ed9f34910dc00e60b7,1076,3.852539300001808,0.2378580999939004,12017,3
cnn,fold_4,123,1e8371ab8eec9487,regime,bear,235231008,122,279538b1cd564a4b06ef037ac3e334f8324b5edbc753e8ed9f34910dc00e60b7,884,3.6945092999958433,0.2376319999893894,12017,1
cnn,fold_4,123,d47132bd6593af86,regime,bull,288347036,30,834d1e1f08392962409a468e4fdae8502fe8638e073183aebbdba5131f23b9c5,1107,3.6649261000129623,0.2346191999968141,3185,1
cnn,fold_4,123,811180e142e3501c,regime,bear,235231008,80,3034bb44ef0fa18ea49b08e084cf6672fd5fcb2627e8c5fb230ab20b267caba1,884,3.513145400007488,0.2356022000021767,7985,1
cnn,fold_4,123,6c191bd41bb3200e,regime,bull,288347036,30,a1b9f7ead332a02910a8d37cb3752a111385bcc0b64732a2fe41aa1b2ee40373,1107,3.6405517000093823,0.2274736000108532,3185,1
cnn,fold_4,123,009f5d323f855d57,regime,bear,235231008,80,2d219eb3b9d856056e5f2c4cf90b12cdae9574f9a997f641ca3098c3d3f5527d,884,3.586892499995884,0.2207525999983772,7985,1
cnn,fold_4,2025,07356d245ea235a0,global,global,2025,122,279538b1cd564a4b06ef037ac3e334f8324b5edbc753e8ed9f34910dc00e60b7,3067,6.767563200002769,0.2358554000093136,12017,3
cnn,fold_4,2025,42bcd83b4461c14b,global,bull,2072905862,122,279538b1cd564a4b06ef037ac3e334f8324b5edbc753e8ed9f34910dc00e60b7,3067,6.7374338999943575,0.232483100000536,12017,1
cnn,fold_4,2025,f5403de8f6e41a31,global,sideway,1719281127,122,279538b1cd564a4b06ef037ac3e334f8324b5edbc753e8ed9f34910dc00e60b7,3067,6.970467199993436,0.2261887000058777,12017,1
cnn,fold_4,2025,997c5d0b3c6dd154,global,bear,926380243,122,279538b1cd564a4b06ef037ac3e334f8324b5edbc753e8ed9f34910dc00e60b7,3067,6.835818799998378,0.2107364999974379,12017,1
cnn,fold_4,2025,b6ee8b5f108979a0,regime,bull,2072905862,122,279538b1cd564a4b06ef037ac3e334f8324b5edbc753e8ed9f34910dc00e60b7,1107,4.033017999987351,0.234202899999218,12017,1
cnn,fold_4,2025,d55a4748d308dbec,regime,sideway,1719281127,122,279538b1cd564a4b06ef037ac3e334f8324b5edbc753e8ed9f34910dc00e60b7,1076,4.04895700000634,0.2102545000088866,12017,3
cnn,fold_4,2025,a0eaec6f147e548e,regime,bear,926380243,122,279538b1cd564a4b06ef037ac3e334f8324b5edbc753e8ed9f34910dc00e60b7,884,3.796116899990011,0.2238522999978158,12017,1
cnn,fold_4,2025,8c3d48e3b80bdfc7,regime,bull,2072905862,30,834d1e1f08392962409a468e4fdae8502fe8638e073183aebbdba5131f23b9c5,1107,3.886177599997609,0.2930620999977691,3185,1
cnn,fold_4,2025,245227fb2db724b4,regime,bear,926380243,80,3034bb44ef0fa18ea49b08e084cf6672fd5fcb2627e8c5fb230ab20b267caba1,884,3.514948900003219,0.2490050000051269,7985,1
cnn,fold_4,2025,a34f3ab5e96a284a,regime,bull,2072905862,30,a1b9f7ead332a02910a8d37cb3752a111385bcc0b64732a2fe41aa1b2ee40373,1107,3.825125700008357,0.2268722000007983,3185,1
cnn,fold_4,2025,76178e43da741317,regime,bear,926380243,80,2d219eb3b9d856056e5f2c4cf90b12cdae9574f9a997f641ca3098c3d3f5527d,884,3.54597219999414,0.2438949999923352,7985,1
cnn,fold_4,42,243d1d20c59ea695,global,global,42,122,279538b1cd564a4b06ef037ac3e334f8324b5edbc753e8ed9f34910dc00e60b7,3067,6.783401100008632,0.2435402999981306,12017,3
cnn,fold_4,42,c6c21e74fe2a4923,global,bull,233391756,122,279538b1cd564a4b06ef037ac3e334f8324b5edbc753e8ed9f34910dc00e60b7,3067,6.755877000003238,0.2288223000068683,12017,1
cnn,fold_4,42,b5b873c4d8bca397,global,sideway,1801841624,122,279538b1cd564a4b06ef037ac3e334f8324b5edbc753e8ed9f34910dc00e60b7,3067,6.799176100001205,0.2405840999999782,12017,1
cnn,fold_4,42,9eb1d752fa89ad86,global,bear,1151042323,122,279538b1cd564a4b06ef037ac3e334f8324b5edbc753e8ed9f34910dc00e60b7,3067,6.873161099996651,0.2328457999974489,12017,1
cnn,fold_4,42,9a67bd7809257315,regime,bull,233391756,122,279538b1cd564a4b06ef037ac3e334f8324b5edbc753e8ed9f34910dc00e60b7,1107,3.981962699996074,0.2519300999992993,12017,1
cnn,fold_4,42,9eafb36efdad20c4,regime,sideway,1801841624,122,279538b1cd564a4b06ef037ac3e334f8324b5edbc753e8ed9f34910dc00e60b7,1076,3.867994500003988,0.2364770999993197,12017,3
cnn,fold_4,42,05ccbf32630d39ed,regime,bear,1151042323,122,279538b1cd564a4b06ef037ac3e334f8324b5edbc753e8ed9f34910dc00e60b7,884,3.6638436000066577,0.2306860000098822,12017,1
cnn,fold_4,42,34de64701a26b458,regime,bull,233391756,30,834d1e1f08392962409a468e4fdae8502fe8638e073183aebbdba5131f23b9c5,1107,3.819932500002324,0.2310886999912327,3185,1
cnn,fold_4,42,22cd5dc3912d36e5,regime,bear,1151042323,80,3034bb44ef0fa18ea49b08e084cf6672fd5fcb2627e8c5fb230ab20b267caba1,884,3.5534209000034025,0.2102843000029679,7985,1
cnn,fold_4,42,7a4d31655d9846e7,regime,bull,233391756,30,a1b9f7ead332a02910a8d37cb3752a111385bcc0b64732a2fe41aa1b2ee40373,1107,3.7851462999969954,0.2253274999966379,3185,1
cnn,fold_4,42,8d40d9e323ff7794,regime,bear,1151042323,80,2d219eb3b9d856056e5f2c4cf90b12cdae9574f9a997f641ca3098c3d3f5527d,884,3.406947299998137,0.2302120999956969,7985,1
cnn,fold_4,456,e3bca2228e072ec8,global,global,456,122,279538b1cd564a4b06ef037ac3e334f8324b5edbc753e8ed9f34910dc00e60b7,3067,6.703550600010203,0.2140465999982552,12017,3
cnn,fold_4,456,1662c7f899c10629,global,bull,1574850040,122,279538b1cd564a4b06ef037ac3e334f8324b5edbc753e8ed9f34910dc00e60b7,3067,6.769552800004021,0.228462800005218,12017,1
cnn,fold_4,456,3d3a62fb0fc63d91,global,sideway,376207022,122,279538b1cd564a4b06ef037ac3e334f8324b5edbc753e8ed9f34910dc00e60b7,3067,6.677422099994146,0.2311107999994419,12017,1
cnn,fold_4,456,4864033066cfe948,global,bear,518123612,122,279538b1cd564a4b06ef037ac3e334f8324b5edbc753e8ed9f34910dc00e60b7,3067,6.677839799987851,0.2298619999928632,12017,1
cnn,fold_4,456,9c902a900dff1a5f,regime,bull,1574850040,122,279538b1cd564a4b06ef037ac3e334f8324b5edbc753e8ed9f34910dc00e60b7,1107,3.864166800005478,0.2416892000037478,12017,1
cnn,fold_4,456,ee23cc6f475eef16,regime,sideway,376207022,122,279538b1cd564a4b06ef037ac3e334f8324b5edbc753e8ed9f34910dc00e60b7,1076,3.911277399995015,0.2197336999961407,12017,3
cnn,fold_4,456,c92fadb76415b4b7,regime,bear,518123612,122,279538b1cd564a4b06ef037ac3e334f8324b5edbc753e8ed9f34910dc00e60b7,884,3.6035724000103073,0.2221258000063244,12017,1
cnn,fold_4,456,77e8242fff3c7c5c,regime,bull,1574850040,30,834d1e1f08392962409a468e4fdae8502fe8638e073183aebbdba5131f23b9c5,1107,3.70380099999602,0.2374788000015542,3185,1
cnn,fold_4,456,33c236d4a9a7b3a9,regime,bear,518123612,80,3034bb44ef0fa18ea49b08e084cf6672fd5fcb2627e8c5fb230ab20b267caba1,884,3.8736519000085536,0.2134373999870149,7985,1
cnn,fold_4,456,1b4a5d91afcf53de,regime,bull,1574850040,30,a1b9f7ead332a02910a8d37cb3752a111385bcc0b64732a2fe41aa1b2ee40373,1107,4.330086899994058,0.2425941999972565,3185,1
cnn,fold_4,456,3d6e305978b81958,regime,bear,518123612,80,2d219eb3b9d856056e5f2c4cf90b12cdae9574f9a997f641ca3098c3d3f5527d,884,3.615021299992805,0.2236568999942392,7985,1
cnn,fold_4,789,5088057e20bc2e12,global,global,789,122,279538b1cd564a4b06ef037ac3e334f8324b5edbc753e8ed9f34910dc00e60b7,3067,7.006328699993901,0.2579625999933341,12017,3
cnn,fold_4,789,728d39afb8e24471,global,bull,566602380,122,279538b1cd564a4b06ef037ac3e334f8324b5edbc753e8ed9f34910dc00e60b7,3067,7.035456600002362,0.2375766000041039,12017,1
cnn,fold_4,789,b5120794d885de99,global,sideway,1412251680,122,279538b1cd564a4b06ef037ac3e334f8324b5edbc753e8ed9f34910dc00e60b7,3067,6.806412600009935,0.2188711000053445,12017,1
cnn,fold_4,789,e9c0d08623dcc1de,global,bear,1676376697,122,279538b1cd564a4b06ef037ac3e334f8324b5edbc753e8ed9f34910dc00e60b7,3067,6.679904100004933,0.2355272000131663,12017,1
cnn,fold_4,789,e5749eb10c248825,regime,bull,566602380,122,279538b1cd564a4b06ef037ac3e334f8324b5edbc753e8ed9f34910dc00e60b7,1107,3.861894800007576,0.260206199993263,12017,1
cnn,fold_4,789,2995e08483076a4c,regime,sideway,1412251680,122,279538b1cd564a4b06ef037ac3e334f8324b5edbc753e8ed9f34910dc00e60b7,1076,3.815909199998714,0.2367828999995254,12017,3
cnn,fold_4,789,a50a2a50e4dd22ed,regime,bear,1676376697,122,279538b1cd564a4b06ef037ac3e334f8324b5edbc753e8ed9f34910dc00e60b7,884,3.590914600004908,0.2237888000090606,12017,1
cnn,fold_4,789,cada770d877fe90d,regime,bull,566602380,30,834d1e1f08392962409a468e4fdae8502fe8638e073183aebbdba5131f23b9c5,1107,3.7996109999949113,0.2266285000077914,3185,1
cnn,fold_4,789,8b5dbf741fa63a28,regime,bear,1676376697,80,3034bb44ef0fa18ea49b08e084cf6672fd5fcb2627e8c5fb230ab20b267caba1,884,3.494050799999968,0.2320552999881329,7985,1
cnn,fold_4,789,d34b7159abd3aea7,regime,bull,566602380,30,a1b9f7ead332a02910a8d37cb3752a111385bcc0b64732a2fe41aa1b2ee40373,1107,3.744234600002528,0.2233435999951325,3185,1
cnn,fold_4,789,d6e30fd462ababe9,regime,bear,1676376697,80,2d219eb3b9d856056e5f2c4cf90b12cdae9574f9a997f641ca3098c3d3f5527d,884,3.753603599994676,0.2241004999959841,7985,1
lstm,fold_1,123,8702158798139e08,global,global,123,122,279538b1cd564a4b06ef037ac3e334f8324b5edbc753e8ed9f34910dc00e60b7,2354,6.260026200005086,0.4431570000015199,9041,3
lstm,fold_1,123,50f96243bc475446,global,bull,288347036,122,279538b1cd564a4b06ef037ac3e334f8324b5edbc753e8ed9f34910dc00e60b7,2354,6.294344599999022,0.4154255000030389,9041,1
lstm,fold_1,123,93aa1e9ed6cba158,global,sideway,2046851630,122,279538b1cd564a4b06ef037ac3e334f8324b5edbc753e8ed9f34910dc00e60b7,2354,6.2139778999990085,0.4335027999914018,9041,1
lstm,fold_1,123,6861dc9fa391bcbe,global,bear,235231008,122,279538b1cd564a4b06ef037ac3e334f8324b5edbc753e8ed9f34910dc00e60b7,2354,6.21099310000136,0.4228561000054469,9041,1
lstm,fold_1,123,14b06c5bd1a6680c,regime,bull,288347036,122,279538b1cd564a4b06ef037ac3e334f8324b5edbc753e8ed9f34910dc00e60b7,891,4.150976399992942,0.4376232999929925,9041,1
lstm,fold_1,123,48874a45b251646c,regime,sideway,2046851630,122,279538b1cd564a4b06ef037ac3e334f8324b5edbc753e8ed9f34910dc00e60b7,825,3.850089100000332,0.362928099988494,9041,3
lstm,fold_1,123,1e8371ab8eec9487,regime,bear,235231008,122,279538b1cd564a4b06ef037ac3e334f8324b5edbc753e8ed9f34910dc00e60b7,638,3.757463899994036,0.3722694000025512,9041,1
lstm,fold_1,123,d47132bd6593af86,regime,bull,288347036,30,834d1e1f08392962409a468e4fdae8502fe8638e073183aebbdba5131f23b9c5,891,3.9980653999955393,0.3795549999922514,3153,1
lstm,fold_1,123,811180e142e3501c,regime,bear,235231008,80,3034bb44ef0fa18ea49b08e084cf6672fd5fcb2627e8c5fb230ab20b267caba1,638,3.582413100011763,0.3603136000019731,6353,1
lstm,fold_1,123,6c191bd41bb3200e,regime,bull,288347036,30,a1b9f7ead332a02910a8d37cb3752a111385bcc0b64732a2fe41aa1b2ee40373,891,4.037186900008237,0.4338330000027781,3153,1
lstm,fold_1,123,009f5d323f855d57,regime,bear,235231008,80,2d219eb3b9d856056e5f2c4cf90b12cdae9574f9a997f641ca3098c3d3f5527d,638,3.6407623999984935,0.4442945000046165,6353,1
lstm,fold_1,2025,07356d245ea235a0,global,global,2025,122,279538b1cd564a4b06ef037ac3e334f8324b5edbc753e8ed9f34910dc00e60b7,2354,6.404652199998964,0.3548242000106256,9041,3
lstm,fold_1,2025,42bcd83b4461c14b,global,bull,2072905862,122,279538b1cd564a4b06ef037ac3e334f8324b5edbc753e8ed9f34910dc00e60b7,2354,6.274081499999738,0.4386195999977644,9041,1
lstm,fold_1,2025,f5403de8f6e41a31,global,sideway,1719281127,122,279538b1cd564a4b06ef037ac3e334f8324b5edbc753e8ed9f34910dc00e60b7,2354,6.17015820000961,0.4104307999950833,9041,1
lstm,fold_1,2025,997c5d0b3c6dd154,global,bear,926380243,122,279538b1cd564a4b06ef037ac3e334f8324b5edbc753e8ed9f34910dc00e60b7,2354,6.368841000003158,0.379904199988232,9041,1
lstm,fold_1,2025,b6ee8b5f108979a0,regime,bull,2072905862,122,279538b1cd564a4b06ef037ac3e334f8324b5edbc753e8ed9f34910dc00e60b7,891,4.45306939999864,0.4547542000073008,9041,1
lstm,fold_1,2025,d55a4748d308dbec,regime,sideway,1719281127,122,279538b1cd564a4b06ef037ac3e334f8324b5edbc753e8ed9f34910dc00e60b7,825,3.986085500000627,0.3993691999930888,9041,3
lstm,fold_1,2025,a0eaec6f147e548e,regime,bear,926380243,122,279538b1cd564a4b06ef037ac3e334f8324b5edbc753e8ed9f34910dc00e60b7,638,3.822147099999711,0.3804553999943891,9041,1
lstm,fold_1,2025,8c3d48e3b80bdfc7,regime,bull,2072905862,30,834d1e1f08392962409a468e4fdae8502fe8638e073183aebbdba5131f23b9c5,891,3.966074899988598,0.401394500004244,3153,1
lstm,fold_1,2025,245227fb2db724b4,regime,bear,926380243,80,3034bb44ef0fa18ea49b08e084cf6672fd5fcb2627e8c5fb230ab20b267caba1,638,3.490114800006268,0.3876907000085339,6353,1
lstm,fold_1,2025,a34f3ab5e96a284a,regime,bull,2072905862,30,a1b9f7ead332a02910a8d37cb3752a111385bcc0b64732a2fe41aa1b2ee40373,891,3.945257900006254,0.4019881999993231,3153,1
lstm,fold_1,2025,76178e43da741317,regime,bear,926380243,80,2d219eb3b9d856056e5f2c4cf90b12cdae9574f9a997f641ca3098c3d3f5527d,638,3.7103427999973055,0.4474019000044791,6353,1
lstm,fold_1,42,243d1d20c59ea695,global,global,42,122,279538b1cd564a4b06ef037ac3e334f8324b5edbc753e8ed9f34910dc00e60b7,2354,5.586192199989455,0.4246434999949997,9041,3
lstm,fold_1,42,c6c21e74fe2a4923,global,bull,233391756,122,279538b1cd564a4b06ef037ac3e334f8324b5edbc753e8ed9f34910dc00e60b7,2354,6.041750799995498,0.3660758000041824,9041,1
lstm,fold_1,42,b5b873c4d8bca397,global,sideway,1801841624,122,279538b1cd564a4b06ef037ac3e334f8324b5edbc753e8ed9f34910dc00e60b7,2354,5.909553199991933,0.3996038000041153,9041,1
lstm,fold_1,42,9eb1d752fa89ad86,global,bear,1151042323,122,279538b1cd564a4b06ef037ac3e334f8324b5edbc753e8ed9f34910dc00e60b7,2354,6.195160300005227,0.4934310999960871,9041,1
lstm,fold_1,42,9a67bd7809257315,regime,bull,233391756,122,279538b1cd564a4b06ef037ac3e334f8324b5edbc753e8ed9f34910dc00e60b7,891,4.013044200008153,0.4363504000066314,9041,1
lstm,fold_1,42,9eafb36efdad20c4,regime,sideway,1801841624,122,279538b1cd564a4b06ef037ac3e334f8324b5edbc753e8ed9f34910dc00e60b7,825,3.819931199992425,0.4295812999916961,9041,3
lstm,fold_1,42,05ccbf32630d39ed,regime,bear,1151042323,122,279538b1cd564a4b06ef037ac3e334f8324b5edbc753e8ed9f34910dc00e60b7,638,3.709666599999764,0.4137424999935319,9041,1
lstm,fold_1,42,34de64701a26b458,regime,bull,233391756,30,834d1e1f08392962409a468e4fdae8502fe8638e073183aebbdba5131f23b9c5,891,3.968004000009387,0.4041022000019438,3153,1
lstm,fold_1,42,22cd5dc3912d36e5,regime,bear,1151042323,80,3034bb44ef0fa18ea49b08e084cf6672fd5fcb2627e8c5fb230ab20b267caba1,638,3.5954037999908905,0.3911332999996375,6353,1
lstm,fold_1,42,7a4d31655d9846e7,regime,bull,233391756,30,a1b9f7ead332a02910a8d37cb3752a111385bcc0b64732a2fe41aa1b2ee40373,891,3.8741613999882247,0.4214664000028278,3153,1
lstm,fold_1,42,8d40d9e323ff7794,regime,bear,1151042323,80,2d219eb3b9d856056e5f2c4cf90b12cdae9574f9a997f641ca3098c3d3f5527d,638,3.624775700009195,0.4119421000068541,6353,1
lstm,fold_1,456,e3bca2228e072ec8,global,global,456,122,279538b1cd564a4b06ef037ac3e334f8324b5edbc753e8ed9f34910dc00e60b7,2354,6.403289100009715,0.4266642999864416,9041,3
lstm,fold_1,456,1662c7f899c10629,global,bull,1574850040,122,279538b1cd564a4b06ef037ac3e334f8324b5edbc753e8ed9f34910dc00e60b7,2354,6.138231000004453,0.3724845999968238,9041,1
lstm,fold_1,456,3d3a62fb0fc63d91,global,sideway,376207022,122,279538b1cd564a4b06ef037ac3e334f8324b5edbc753e8ed9f34910dc00e60b7,2354,6.248036999997567,0.373606999986805,9041,1
lstm,fold_1,456,4864033066cfe948,global,bear,518123612,122,279538b1cd564a4b06ef037ac3e334f8324b5edbc753e8ed9f34910dc00e60b7,2354,6.338825500002713,0.3649230000009993,9041,1
lstm,fold_1,456,9c902a900dff1a5f,regime,bull,1574850040,122,279538b1cd564a4b06ef037ac3e334f8324b5edbc753e8ed9f34910dc00e60b7,891,4.057262499991339,0.4063203999976394,9041,1
lstm,fold_1,456,ee23cc6f475eef16,regime,sideway,376207022,122,279538b1cd564a4b06ef037ac3e334f8324b5edbc753e8ed9f34910dc00e60b7,825,3.833888499997556,0.3879689000023063,9041,3
lstm,fold_1,456,c92fadb76415b4b7,regime,bear,518123612,122,279538b1cd564a4b06ef037ac3e334f8324b5edbc753e8ed9f34910dc00e60b7,638,3.9426213999977335,0.4168078000075184,9041,1
lstm,fold_1,456,77e8242fff3c7c5c,regime,bull,1574850040,30,834d1e1f08392962409a468e4fdae8502fe8638e073183aebbdba5131f23b9c5,891,4.006884899994475,0.414560099990922,3153,1
lstm,fold_1,456,33c236d4a9a7b3a9,regime,bear,518123612,80,3034bb44ef0fa18ea49b08e084cf6672fd5fcb2627e8c5fb230ab20b267caba1,638,3.7258918000006815,0.3746134999964852,6353,1
lstm,fold_1,456,1b4a5d91afcf53de,regime,bull,1574850040,30,a1b9f7ead332a02910a8d37cb3752a111385bcc0b64732a2fe41aa1b2ee40373,891,4.1722696000069845,0.4240202999935718,3153,1
lstm,fold_1,456,3d6e305978b81958,regime,bear,518123612,80,2d219eb3b9d856056e5f2c4cf90b12cdae9574f9a997f641ca3098c3d3f5527d,638,3.8204990000085672,0.36181060000672,6353,1
lstm,fold_1,789,5088057e20bc2e12,global,global,789,122,279538b1cd564a4b06ef037ac3e334f8324b5edbc753e8ed9f34910dc00e60b7,2354,6.5450806000008015,0.3528662000026088,9041,3
lstm,fold_1,789,728d39afb8e24471,global,bull,566602380,122,279538b1cd564a4b06ef037ac3e334f8324b5edbc753e8ed9f34910dc00e60b7,2354,6.310320499993395,0.4373801000037929,9041,1
lstm,fold_1,789,b5120794d885de99,global,sideway,1412251680,122,279538b1cd564a4b06ef037ac3e334f8324b5edbc753e8ed9f34910dc00e60b7,2354,6.653159099994809,0.4357610000006389,9041,1
lstm,fold_1,789,e9c0d08623dcc1de,global,bear,1676376697,122,279538b1cd564a4b06ef037ac3e334f8324b5edbc753e8ed9f34910dc00e60b7,2354,6.503694800005178,0.4478614999970887,9041,1
lstm,fold_1,789,e5749eb10c248825,regime,bull,566602380,122,279538b1cd564a4b06ef037ac3e334f8324b5edbc753e8ed9f34910dc00e60b7,891,4.002238300003228,0.4226445000094827,9041,1
lstm,fold_1,789,2995e08483076a4c,regime,sideway,1412251680,122,279538b1cd564a4b06ef037ac3e334f8324b5edbc753e8ed9f34910dc00e60b7,825,3.9109588999999687,0.3720976999902632,9041,3
lstm,fold_1,789,a50a2a50e4dd22ed,regime,bear,1676376697,122,279538b1cd564a4b06ef037ac3e334f8324b5edbc753e8ed9f34910dc00e60b7,638,3.845037899998715,0.4349261000024853,9041,1
lstm,fold_1,789,cada770d877fe90d,regime,bull,566602380,30,834d1e1f08392962409a468e4fdae8502fe8638e073183aebbdba5131f23b9c5,891,4.053715100002592,0.3497750999958953,3153,1
lstm,fold_1,789,8b5dbf741fa63a28,regime,bear,1676376697,80,3034bb44ef0fa18ea49b08e084cf6672fd5fcb2627e8c5fb230ab20b267caba1,638,3.7817976999940575,0.4286209999991115,6353,1
lstm,fold_1,789,d34b7159abd3aea7,regime,bull,566602380,30,a1b9f7ead332a02910a8d37cb3752a111385bcc0b64732a2fe41aa1b2ee40373,891,4.021101000005729,0.3800890999991679,3153,1
lstm,fold_1,789,d6e30fd462ababe9,regime,bear,1676376697,80,2d219eb3b9d856056e5f2c4cf90b12cdae9574f9a997f641ca3098c3d3f5527d,638,3.7597535000095377,0.3648513000080129,6353,1
lstm,fold_2,123,8702158798139e08,global,global,123,122,279538b1cd564a4b06ef037ac3e334f8324b5edbc753e8ed9f34910dc00e60b7,2595,6.768693199992413,0.385022200003732,9041,3
lstm,fold_2,123,50f96243bc475446,global,bull,288347036,122,279538b1cd564a4b06ef037ac3e334f8324b5edbc753e8ed9f34910dc00e60b7,2595,6.470179900003132,0.3577681000024313,9041,1
lstm,fold_2,123,93aa1e9ed6cba158,global,sideway,2046851630,122,279538b1cd564a4b06ef037ac3e334f8324b5edbc753e8ed9f34910dc00e60b7,2595,6.411808000004385,0.3592898999922909,9041,1
lstm,fold_2,123,6861dc9fa391bcbe,global,bear,235231008,122,279538b1cd564a4b06ef037ac3e334f8324b5edbc753e8ed9f34910dc00e60b7,2595,6.46987000000081,0.358183000003919,9041,1
lstm,fold_2,123,14b06c5bd1a6680c,regime,bull,288347036,122,279538b1cd564a4b06ef037ac3e334f8324b5edbc753e8ed9f34910dc00e60b7,977,4.199895400000969,0.4403492999990703,9041,1
lstm,fold_2,123,48874a45b251646c,regime,sideway,2046851630,122,279538b1cd564a4b06ef037ac3e334f8324b5edbc753e8ed9f34910dc00e60b7,910,4.26977819998865,0.4221677000023192,9041,3
lstm,fold_2,123,1e8371ab8eec9487,regime,bear,235231008,122,279538b1cd564a4b06ef037ac3e334f8324b5edbc753e8ed9f34910dc00e60b7,708,3.952857900003437,0.358233700011624,9041,1
lstm,fold_2,123,d47132bd6593af86,regime,bull,288347036,30,834d1e1f08392962409a468e4fdae8502fe8638e073183aebbdba5131f23b9c5,977,4.1863187000126345,0.3501879000104964,3153,1
lstm,fold_2,123,811180e142e3501c,regime,bear,235231008,80,3034bb44ef0fa18ea49b08e084cf6672fd5fcb2627e8c5fb230ab20b267caba1,708,3.923083600006066,0.390174999993178,6353,1
lstm,fold_2,123,6c191bd41bb3200e,regime,bull,288347036,30,a1b9f7ead332a02910a8d37cb3752a111385bcc0b64732a2fe41aa1b2ee40373,977,3.972771400003694,0.3711047999968286,3153,1
lstm,fold_2,123,009f5d323f855d57,regime,bear,235231008,80,2d219eb3b9d856056e5f2c4cf90b12cdae9574f9a997f641ca3098c3d3f5527d,708,4.612854099992546,0.4555208999954629,6353,1
lstm,fold_2,2025,07356d245ea235a0,global,global,2025,122,279538b1cd564a4b06ef037ac3e334f8324b5edbc753e8ed9f34910dc00e60b7,2595,7.48205649999727,0.4873672999965492,9041,3
lstm,fold_2,2025,42bcd83b4461c14b,global,bull,2072905862,122,279538b1cd564a4b06ef037ac3e334f8324b5edbc753e8ed9f34910dc00e60b7,2595,7.400891199999023,0.496954000002006,9041,1
lstm,fold_2,2025,f5403de8f6e41a31,global,sideway,1719281127,122,279538b1cd564a4b06ef037ac3e334f8324b5edbc753e8ed9f34910dc00e60b7,2595,7.366432099996018,0.4754080999991856,9041,1
lstm,fold_2,2025,997c5d0b3c6dd154,global,bear,926380243,122,279538b1cd564a4b06ef037ac3e334f8324b5edbc753e8ed9f34910dc00e60b7,2595,7.299695699999575,0.4991046000068309,9041,1
lstm,fold_2,2025,b6ee8b5f108979a0,regime,bull,2072905862,122,279538b1cd564a4b06ef037ac3e334f8324b5edbc753e8ed9f34910dc00e60b7,977,4.775988299996243,0.4691251999902306,9041,1
lstm,fold_2,2025,d55a4748d308dbec,regime,sideway,1719281127,122,279538b1cd564a4b06ef037ac3e334f8324b5edbc753e8ed9f34910dc00e60b7,910,4.782023199994001,0.4671668000082718,9041,3
lstm,fold_2,2025,a0eaec6f147e548e,regime,bear,926380243,122,279538b1cd564a4b06ef037ac3e334f8324b5edbc753e8ed9f34910dc00e60b7,708,4.468702199999825,0.5101782999990974,9041,1
lstm,fold_2,2025,8c3d48e3b80bdfc7,regime,bull,2072905862,30,834d1e1f08392962409a468e4fdae8502fe8638e073183aebbdba5131f23b9c5,977,4.774272499998915,0.4758461000019451,3153,1
lstm,fold_2,2025,245227fb2db724b4,regime,bear,926380243,80,3034bb44ef0fa18ea49b08e084cf6672fd5fcb2627e8c5fb230ab20b267caba1,708,4.372252799992566,0.4872871999978088,6353,1
lstm,fold_2,2025,a34f3ab5e96a284a,regime,bull,2072905862,30,a1b9f7ead332a02910a8d37cb3752a111385bcc0b64732a2fe41aa1b2ee40373,977,5.004146600011154,0.5574039000057383,3153,1
lstm,fold_2,2025,76178e43da741317,regime,bear,926380243,80,2d219eb3b9d856056e5f2c4cf90b12cdae9574f9a997f641ca3098c3d3f5527d,708,4.596564699997543,0.4874105999915628,6353,1
lstm,fold_2,42,243d1d20c59ea695,global,global,42,122,279538b1cd564a4b06ef037ac3e334f8324b5edbc753e8ed9f34910dc00e60b7,2595,6.824850399993011,0.4264114999969024,9041,3
lstm,fold_2,42,c6c21e74fe2a4923,global,bull,233391756,122,279538b1cd564a4b06ef037ac3e334f8324b5edbc753e8ed9f34910dc00e60b7,2595,6.724662900000112,0.4535175999917555,9041,1
lstm,fold_2,42,b5b873c4d8bca397,global,sideway,1801841624,122,279538b1cd564a4b06ef037ac3e334f8324b5edbc753e8ed9f34910dc00e60b7,2595,6.62631490000058,0.3506836000015028,9041,1
lstm,fold_2,42,9eb1d752fa89ad86,global,bear,1151042323,122,279538b1cd564a4b06ef037ac3e334f8324b5edbc753e8ed9f34910dc00e60b7,2595,6.5080731000052765,0.3802475999982562,9041,1
lstm,fold_2,42,9a67bd7809257315,regime,bull,233391756,122,279538b1cd564a4b06ef037ac3e334f8324b5edbc753e8ed9f34910dc00e60b7,977,4.145968600001652,0.4058421999943675,9041,1
lstm,fold_2,42,9eafb36efdad20c4,regime,sideway,1801841624,122,279538b1cd564a4b06ef037ac3e334f8324b5edbc753e8ed9f34910dc00e60b7,910,3.895091300000786,0.3591107000102056,9041,3
lstm,fold_2,42,05ccbf32630d39ed,regime,bear,1151042323,122,279538b1cd564a4b06ef037ac3e334f8324b5edbc753e8ed9f34910dc00e60b7,708,3.773588100011693,0.3943136000016238,9041,1
lstm,fold_2,42,34de64701a26b458,regime,bull,233391756,30,834d1e1f08392962409a468e4fdae8502fe8638e073183aebbdba5131f23b9c5,977,4.125449099999969,0.4321363999915775,3153,1
lstm,fold_2,42,22cd5dc3912d36e5,regime,bear,1151042323,80,3034bb44ef0fa18ea49b08e084cf6672fd5fcb2627e8c5fb230ab20b267caba1,708,4.220711099987966,0.4324665000021923,6353,1
lstm,fold_2,42,7a4d31655d9846e7,regime,bull,233391756,30,a1b9f7ead332a02910a8d37cb3752a111385bcc0b64732a2fe41aa1b2ee40373,977,4.2429174999997485,0.3591118000040296,3153,1
lstm,fold_2,42,8d40d9e323ff7794,regime,bear,1151042323,80,2d219eb3b9d856056e5f2c4cf90b12cdae9574f9a997f641ca3098c3d3f5527d,708,4.457982900014031,0.4284779000008711,6353,1
lstm,fold_2,456,e3bca2228e072ec8,global,global,456,122,279538b1cd564a4b06ef037ac3e334f8324b5edbc753e8ed9f34910dc00e60b7,2595,10.005896699993173,0.4921488999971188,9041,3
lstm,fold_2,456,1662c7f899c10629,global,bull,1574850040,122,279538b1cd564a4b06ef037ac3e334f8324b5edbc753e8ed9f34910dc00e60b7,2595,7.593545900002937,0.4516026999917812,9041,1
lstm,fold_2,456,3d3a62fb0fc63d91,global,sideway,376207022,122,279538b1cd564a4b06ef037ac3e334f8324b5edbc753e8ed9f34910dc00e60b7,2595,7.363971599988872,0.5319505000079516,9041,1
lstm,fold_2,456,4864033066cfe948,global,bear,518123612,122,279538b1cd564a4b06ef037ac3e334f8324b5edbc753e8ed9f34910dc00e60b7,2595,7.348124800002552,0.4941687999962596,9041,1
lstm,fold_2,456,9c902a900dff1a5f,regime,bull,1574850040,122,279538b1cd564a4b06ef037ac3e334f8324b5edbc753e8ed9f34910dc00e60b7,977,4.863766099995701,0.4287588000006508,9041,1
lstm,fold_2,456,ee23cc6f475eef16,regime,sideway,376207022,122,279538b1cd564a4b06ef037ac3e334f8324b5edbc753e8ed9f34910dc00e60b7,910,4.862237199995434,0.4706884000042919,9041,3
lstm,fold_2,456,c92fadb76415b4b7,regime,bear,518123612,122,279538b1cd564a4b06ef037ac3e334f8324b5edbc753e8ed9f34910dc00e60b7,708,4.367522200001986,0.4611956000007922,9041,1
lstm,fold_2,456,77e8242fff3c7c5c,regime,bull,1574850040,30,834d1e1f08392962409a468e4fdae8502fe8638e073183aebbdba5131f23b9c5,977,4.75200579999364,0.4925240000011399,3153,1
lstm,fold_2,456,33c236d4a9a7b3a9,regime,bear,518123612,80,3034bb44ef0fa18ea49b08e084cf6672fd5fcb2627e8c5fb230ab20b267caba1,708,4.238477299993974,0.4870932999911019,6353,1
lstm,fold_2,456,1b4a5d91afcf53de,regime,bull,1574850040,30,a1b9f7ead332a02910a8d37cb3752a111385bcc0b64732a2fe41aa1b2ee40373,977,4.716817399996216,0.5131535999971675,3153,1
lstm,fold_2,456,3d6e305978b81958,regime,bear,518123612,80,2d219eb3b9d856056e5f2c4cf90b12cdae9574f9a997f641ca3098c3d3f5527d,708,4.495605500007514,0.4847346000024117,6353,1
lstm,fold_2,789,5088057e20bc2e12,global,global,789,122,279538b1cd564a4b06ef037ac3e334f8324b5edbc753e8ed9f34910dc00e60b7,2595,7.392124299993156,0.4279735000018263,9041,3
lstm,fold_2,789,728d39afb8e24471,global,bull,566602380,122,279538b1cd564a4b06ef037ac3e334f8324b5edbc753e8ed9f34910dc00e60b7,2595,7.327505699999165,0.4912499000056414,9041,1
lstm,fold_2,789,b5120794d885de99,global,sideway,1412251680,122,279538b1cd564a4b06ef037ac3e334f8324b5edbc753e8ed9f34910dc00e60b7,2595,7.398570300007123,0.481062999999267,9041,1
lstm,fold_2,789,e9c0d08623dcc1de,global,bear,1676376697,122,279538b1cd564a4b06ef037ac3e334f8324b5edbc753e8ed9f34910dc00e60b7,2595,7.31820229999721,0.5295309000066482,9041,1
lstm,fold_2,789,e5749eb10c248825,regime,bull,566602380,122,279538b1cd564a4b06ef037ac3e334f8324b5edbc753e8ed9f34910dc00e60b7,977,4.787616100002197,0.4704815000004601,9041,1
lstm,fold_2,789,2995e08483076a4c,regime,sideway,1412251680,122,279538b1cd564a4b06ef037ac3e334f8324b5edbc753e8ed9f34910dc00e60b7,910,4.741362399989157,0.4986656999972183,9041,3
lstm,fold_2,789,a50a2a50e4dd22ed,regime,bear,1676376697,122,279538b1cd564a4b06ef037ac3e334f8324b5edbc753e8ed9f34910dc00e60b7,708,4.364995800002362,0.4362708999979077,9041,1
lstm,fold_2,789,cada770d877fe90d,regime,bull,566602380,30,834d1e1f08392962409a468e4fdae8502fe8638e073183aebbdba5131f23b9c5,977,4.735819299996365,0.4740886999934446,3153,1
lstm,fold_2,789,8b5dbf741fa63a28,regime,bear,1676376697,80,3034bb44ef0fa18ea49b08e084cf6672fd5fcb2627e8c5fb230ab20b267caba1,708,4.357575599991833,0.4851768000080483,6353,1
lstm,fold_2,789,d34b7159abd3aea7,regime,bull,566602380,30,a1b9f7ead332a02910a8d37cb3752a111385bcc0b64732a2fe41aa1b2ee40373,977,4.782970299987937,0.4798195000039413,3153,1
lstm,fold_2,789,d6e30fd462ababe9,regime,bear,1676376697,80,2d219eb3b9d856056e5f2c4cf90b12cdae9574f9a997f641ca3098c3d3f5527d,708,4.461324999996577,0.4348026999941794,6353,1
lstm,fold_3,123,8702158798139e08,global,global,123,122,279538b1cd564a4b06ef037ac3e334f8324b5edbc753e8ed9f34910dc00e60b7,2838,7.731808599986834,0.4411672999995062,9041,3
lstm,fold_3,123,50f96243bc475446,global,bull,288347036,122,279538b1cd564a4b06ef037ac3e334f8324b5edbc753e8ed9f34910dc00e60b7,2838,7.765289600007236,0.4728931999998167,9041,1
lstm,fold_3,123,93aa1e9ed6cba158,global,sideway,2046851630,122,279538b1cd564a4b06ef037ac3e334f8324b5edbc753e8ed9f34910dc00e60b7,2838,7.75008820000221,0.4755403000017395,9041,1
lstm,fold_3,123,6861dc9fa391bcbe,global,bear,235231008,122,279538b1cd564a4b06ef037ac3e334f8324b5edbc753e8ed9f34910dc00e60b7,2838,7.800450299997465,0.4758093999989796,9041,1
lstm,fold_3,123,14b06c5bd1a6680c,regime,bull,288347036,122,279538b1cd564a4b06ef037ac3e334f8324b5edbc753e8ed9f34910dc00e60b7,1016,4.6587034999975,0.4395207999914419,9041,1
lstm,fold_3,123,48874a45b251646c,regime,sideway,2046851630,122,279538b1cd564a4b06ef037ac3e334f8324b5edbc753e8ed9f34910dc00e60b7,995,4.864491999993334,0.4730268999992404,9041,3
lstm,fold_3,123,1e8371ab8eec9487,regime,bear,235231008,122,279538b1cd564a4b06ef037ac3e334f8324b5edbc753e8ed9f34910dc00e60b7,827,4.378595100002713,0.4995049999997718,9041,1
lstm,fold_3,123,d47132bd6593af86,regime,bull,288347036,30,834d1e1f08392962409a468e4fdae8502fe8638e073183aebbdba5131f23b9c5,1016,4.713546099999803,0.4283915999985765,3153,1
lstm,fold_3,123,811180e142e3501c,regime,bear,235231008,80,3034bb44ef0fa18ea49b08e084cf6672fd5fcb2627e8c5fb230ab20b267caba1,827,4.541161000001011,0.4890638000069884,6353,1
lstm,fold_3,123,6c191bd41bb3200e,regime,bull,288347036,30,a1b9f7ead332a02910a8d37cb3752a111385bcc0b64732a2fe41aa1b2ee40373,1016,4.61190329999954,0.4648677999939536,3153,1
lstm,fold_3,123,009f5d323f855d57,regime,bear,235231008,80,2d219eb3b9d856056e5f2c4cf90b12cdae9574f9a997f641ca3098c3d3f5527d,827,4.57771060000232,0.48526290000882,6353,1
lstm,fold_3,2025,07356d245ea235a0,global,global,2025,122,279538b1cd564a4b06ef037ac3e334f8324b5edbc753e8ed9f34910dc00e60b7,2838,8.334077899999102,0.4457809000014094,9041,3
lstm,fold_3,2025,42bcd83b4461c14b,global,bull,2072905862,122,279538b1cd564a4b06ef037ac3e334f8324b5edbc753e8ed9f34910dc00e60b7,2838,8.525886300005368,0.4869596000062302,9041,1
lstm,fold_3,2025,f5403de8f6e41a31,global,sideway,1719281127,122,279538b1cd564a4b06ef037ac3e334f8324b5edbc753e8ed9f34910dc00e60b7,2838,8.256182700002682,0.4700577000039629,9041,1
lstm,fold_3,2025,997c5d0b3c6dd154,global,bear,926380243,122,279538b1cd564a4b06ef037ac3e334f8324b5edbc753e8ed9f34910dc00e60b7,2838,7.933148200012511,0.4846017999952892,9041,1
lstm,fold_3,2025,b6ee8b5f108979a0,regime,bull,2072905862,122,279538b1cd564a4b06ef037ac3e334f8324b5edbc753e8ed9f34910dc00e60b7,1016,4.939945399994031,0.4788493999949423,9041,1
lstm,fold_3,2025,d55a4748d308dbec,regime,sideway,1719281127,122,279538b1cd564a4b06ef037ac3e334f8324b5edbc753e8ed9f34910dc00e60b7,995,4.903568099995027,0.4306561999983387,9041,3
lstm,fold_3,2025,a0eaec6f147e548e,regime,bear,926380243,122,279538b1cd564a4b06ef037ac3e334f8324b5edbc753e8ed9f34910dc00e60b7,827,4.574610299998312,0.4775394999887794,9041,1
lstm,fold_3,2025,8c3d48e3b80bdfc7,regime,bull,2072905862,30,834d1e1f08392962409a468e4fdae8502fe8638e073183aebbdba5131f23b9c5,1016,4.777544899989152,0.4591360000049462,3153,1
lstm,fold_3,2025,245227fb2db724b4,regime,bear,926380243,80,3034bb44ef0fa18ea49b08e084cf6672fd5fcb2627e8c5fb230ab20b267caba1,827,4.552052500002901,0.4595496999972965,6353,1
lstm,fold_3,2025,a34f3ab5e96a284a,regime,bull,2072905862,30,a1b9f7ead332a02910a8d37cb3752a111385bcc0b64732a2fe41aa1b2ee40373,1016,4.802294900000561,0.4940711999952327,3153,1
lstm,fold_3,2025,76178e43da741317,regime,bear,926380243,80,2d219eb3b9d856056e5f2c4cf90b12cdae9574f9a997f641ca3098c3d3f5527d,827,4.649741699991864,0.5202431999932742,6353,1
lstm,fold_3,42,243d1d20c59ea695,global,global,42,122,279538b1cd564a4b06ef037ac3e334f8324b5edbc753e8ed9f34910dc00e60b7,2838,8.317318499990506,0.5384946000122,9041,3
lstm,fold_3,42,c6c21e74fe2a4923,global,bull,233391756,122,279538b1cd564a4b06ef037ac3e334f8324b5edbc753e8ed9f34910dc00e60b7,2838,8.132060200005071,0.4748342000093544,9041,1
lstm,fold_3,42,b5b873c4d8bca397,global,sideway,1801841624,122,279538b1cd564a4b06ef037ac3e334f8324b5edbc753e8ed9f34910dc00e60b7,2838,7.680036399993696,0.4574315999925602,9041,1
lstm,fold_3,42,9eb1d752fa89ad86,global,bear,1151042323,122,279538b1cd564a4b06ef037ac3e334f8324b5edbc753e8ed9f34910dc00e60b7,2838,7.630835299991304,0.4701659999991534,9041,1
lstm,fold_3,42,9a67bd7809257315,regime,bull,233391756,122,279538b1cd564a4b06ef037ac3e334f8324b5edbc753e8ed9f34910dc00e60b7,1016,4.896322300002794,0.4420346999977482,9041,1
lstm,fold_3,42,9eafb36efdad20c4,regime,sideway,1801841624,122,279538b1cd564a4b06ef037ac3e334f8324b5edbc753e8ed9f34910dc00e60b7,995,4.85749450000003,0.4815047000010963,9041,3
lstm,fold_3,42,05ccbf32630d39ed,regime,bear,1151042323,122,279538b1cd564a4b06ef037ac3e334f8324b5edbc753e8ed9f34910dc00e60b7,827,4.587017600002582,0.4950819000077899,9041,1
lstm,fold_3,42,34de64701a26b458,regime,bull,233391756,30,834d1e1f08392962409a468e4fdae8502fe8638e073183aebbdba5131f23b9c5,1016,4.839005999994697,0.4916117999964626,3153,1
lstm,fold_3,42,22cd5dc3912d36e5,regime,bear,1151042323,80,3034bb44ef0fa18ea49b08e084cf6672fd5fcb2627e8c5fb230ab20b267caba1,827,4.558634700006223,0.4248787000105949,6353,1
lstm,fold_3,42,7a4d31655d9846e7,regime,bull,233391756,30,a1b9f7ead332a02910a8d37cb3752a111385bcc0b64732a2fe41aa1b2ee40373,1016,4.78799219999928,0.4575201999978162,3153,1
lstm,fold_3,42,8d40d9e323ff7794,regime,bear,1151042323,80,2d219eb3b9d856056e5f2c4cf90b12cdae9574f9a997f641ca3098c3d3f5527d,827,4.3963954000064405,0.4539258000004338,6353,1
lstm,fold_3,456,e3bca2228e072ec8,global,global,456,122,279538b1cd564a4b06ef037ac3e334f8324b5edbc753e8ed9f34910dc00e60b7,2838,7.682179299998097,0.4785821999976178,9041,3
lstm,fold_3,456,1662c7f899c10629,global,bull,1574850040,122,279538b1cd564a4b06ef037ac3e334f8324b5edbc753e8ed9f34910dc00e60b7,2838,7.775124499996309,0.481679400007124,9041,1
lstm,fold_3,456,3d3a62fb0fc63d91,global,sideway,376207022,122,279538b1cd564a4b06ef037ac3e334f8324b5edbc753e8ed9f34910dc00e60b7,2838,7.679639099995256,0.4813757000083569,9041,1
lstm,fold_3,456,4864033066cfe948,global,bear,518123612,122,279538b1cd564a4b06ef037ac3e334f8324b5edbc753e8ed9f34910dc00e60b7,2838,7.72051410000131,0.4953659000020707,9041,1
lstm,fold_3,456,9c902a900dff1a5f,regime,bull,1574850040,122,279538b1cd564a4b06ef037ac3e334f8324b5edbc753e8ed9f34910dc00e60b7,1016,4.797966300000553,0.4827317999879597,9041,1
lstm,fold_3,456,ee23cc6f475eef16,regime,sideway,376207022,122,279538b1cd564a4b06ef037ac3e334f8324b5edbc753e8ed9f34910dc00e60b7,995,4.744092200009618,0.4668194999976549,9041,3
lstm,fold_3,456,c92fadb76415b4b7,regime,bear,518123612,122,279538b1cd564a4b06ef037ac3e334f8324b5edbc753e8ed9f34910dc00e60b7,827,4.469691500009503,0.4599536000023363,9041,1
lstm,fold_3,456,77e8242fff3c7c5c,regime,bull,1574850040,30,834d1e1f08392962409a468e4fdae8502fe8638e073183aebbdba5131f23b9c5,1016,4.775772799999686,0.4561926000023959,3153,1
lstm,fold_3,456,33c236d4a9a7b3a9,regime,bear,518123612,80,3034bb44ef0fa18ea49b08e084cf6672fd5fcb2627e8c5fb230ab20b267caba1,827,4.610183800003142,0.5116276999906404,6353,1
lstm,fold_3,456,1b4a5d91afcf53de,regime,bull,1574850040,30,a1b9f7ead332a02910a8d37cb3752a111385bcc0b64732a2fe41aa1b2ee40373,1016,4.788931799994316,0.4969677999906707,3153,1
lstm,fold_3,456,3d6e305978b81958,regime,bear,518123612,80,2d219eb3b9d856056e5f2c4cf90b12cdae9574f9a997f641ca3098c3d3f5527d,827,4.640920200006804,0.4977293000119971,6353,1
lstm,fold_3,789,5088057e20bc2e12,global,global,789,122,279538b1cd564a4b06ef037ac3e334f8324b5edbc753e8ed9f34910dc00e60b7,2838,7.836624400006258,0.4263486000127159,9041,3
lstm,fold_3,789,728d39afb8e24471,global,bull,566602380,122,279538b1cd564a4b06ef037ac3e334f8324b5edbc753e8ed9f34910dc00e60b7,2838,7.729367699997965,0.4425589000020409,9041,1
lstm,fold_3,789,b5120794d885de99,global,sideway,1412251680,122,279538b1cd564a4b06ef037ac3e334f8324b5edbc753e8ed9f34910dc00e60b7,2838,7.759108500002185,0.4365475999948103,9041,1
lstm,fold_3,789,e9c0d08623dcc1de,global,bear,1676376697,122,279538b1cd564a4b06ef037ac3e334f8324b5edbc753e8ed9f34910dc00e60b7,2838,7.652514500005054,0.4393304999975953,9041,1
lstm,fold_3,789,e5749eb10c248825,regime,bull,566602380,122,279538b1cd564a4b06ef037ac3e334f8324b5edbc753e8ed9f34910dc00e60b7,1016,4.859488399990369,0.4679271999921184,9041,1
lstm,fold_3,789,2995e08483076a4c,regime,sideway,1412251680,122,279538b1cd564a4b06ef037ac3e334f8324b5edbc753e8ed9f34910dc00e60b7,995,4.79726419999497,0.4920126999932108,9041,3
lstm,fold_3,789,a50a2a50e4dd22ed,regime,bear,1676376697,122,279538b1cd564a4b06ef037ac3e334f8324b5edbc753e8ed9f34910dc00e60b7,827,4.4988697999942815,0.4755918000009842,9041,1
lstm,fold_3,789,cada770d877fe90d,regime,bull,566602380,30,834d1e1f08392962409a468e4fdae8502fe8638e073183aebbdba5131f23b9c5,1016,4.821001000003889,0.4827831000002334,3153,1
lstm,fold_3,789,8b5dbf741fa63a28,regime,bear,1676376697,80,3034bb44ef0fa18ea49b08e084cf6672fd5fcb2627e8c5fb230ab20b267caba1,827,4.571501900005387,0.4795828000060282,6353,1
lstm,fold_3,789,d34b7159abd3aea7,regime,bull,566602380,30,a1b9f7ead332a02910a8d37cb3752a111385bcc0b64732a2fe41aa1b2ee40373,1016,4.867308900007629,0.4830201000004308,3153,1
lstm,fold_3,789,d6e30fd462ababe9,regime,bear,1676376697,80,2d219eb3b9d856056e5f2c4cf90b12cdae9574f9a997f641ca3098c3d3f5527d,827,4.49616640000022,0.47819699998945,6353,1
lstm,fold_4,123,8702158798139e08,global,global,123,122,279538b1cd564a4b06ef037ac3e334f8324b5edbc753e8ed9f34910dc00e60b7,3082,7.19895489999908,0.3842120000044815,9041,3
lstm,fold_4,123,50f96243bc475446,global,bull,288347036,122,279538b1cd564a4b06ef037ac3e334f8324b5edbc753e8ed9f34910dc00e60b7,3082,6.920134300002246,0.3595144000137225,9041,1
lstm,fold_4,123,93aa1e9ed6cba158,global,sideway,2046851630,122,279538b1cd564a4b06ef037ac3e334f8324b5edbc753e8ed9f34910dc00e60b7,3082,6.876601600000868,0.3783602000039536,9041,1
lstm,fold_4,123,6861dc9fa391bcbe,global,bear,235231008,122,279538b1cd564a4b06ef037ac3e334f8324b5edbc753e8ed9f34910dc00e60b7,3082,6.767175399989355,0.3737626999936765,9041,1
lstm,fold_4,123,14b06c5bd1a6680c,regime,bull,288347036,122,279538b1cd564a4b06ef037ac3e334f8324b5edbc753e8ed9f34910dc00e60b7,1107,3.959762700003921,0.3893691999983275,9041,1
lstm,fold_4,123,48874a45b251646c,regime,sideway,2046851630,122,279538b1cd564a4b06ef037ac3e334f8324b5edbc753e8ed9f34910dc00e60b7,1080,3.987790699990001,0.3941520000080345,9041,3
lstm,fold_4,123,1e8371ab8eec9487,regime,bear,235231008,122,279538b1cd564a4b06ef037ac3e334f8324b5edbc753e8ed9f34910dc00e60b7,895,3.820576300000539,0.4069473999988986,9041,1
lstm,fold_4,123,d47132bd6593af86,regime,bull,288347036,30,834d1e1f08392962409a468e4fdae8502fe8638e073183aebbdba5131f23b9c5,1107,3.952393600004143,0.3773226000048453,3153,1
lstm,fold_4,123,811180e142e3501c,regime,bear,235231008,80,3034bb44ef0fa18ea49b08e084cf6672fd5fcb2627e8c5fb230ab20b267caba1,895,3.757259399993927,0.3942595999978948,6353,1
lstm,fold_4,123,6c191bd41bb3200e,regime,bull,288347036,30,a1b9f7ead332a02910a8d37cb3752a111385bcc0b64732a2fe41aa1b2ee40373,1107,4.084596100001363,0.3796891999954823,3153,1
lstm,fold_4,123,009f5d323f855d57,regime,bear,235231008,80,2d219eb3b9d856056e5f2c4cf90b12cdae9574f9a997f641ca3098c3d3f5527d,895,3.8022650000057183,0.3900992999988375,6353,1
lstm,fold_4,2025,07356d245ea235a0,global,global,2025,122,279538b1cd564a4b06ef037ac3e334f8324b5edbc753e8ed9f34910dc00e60b7,3082,6.80732480000006,0.3444830000080401,9041,3
lstm,fold_4,2025,42bcd83b4461c14b,global,bull,2072905862,122,279538b1cd564a4b06ef037ac3e334f8324b5edbc753e8ed9f34910dc00e60b7,3082,64.80167829999118,0.6109181999927387,9041,1
lstm,fold_4,2025,f5403de8f6e41a31,global,sideway,1719281127,122,279538b1cd564a4b06ef037ac3e334f8324b5edbc753e8ed9f34910dc00e60b7,3082,3874.4306927,1.1923488000029463,9041,1
lstm,fold_4,2025,997c5d0b3c6dd154,global,bear,926380243,122,279538b1cd564a4b06ef037ac3e334f8324b5edbc753e8ed9f34910dc00e60b7,3082,12.971255500000552,0.7365144999930635,9041,1
lstm,fold_4,2025,b6ee8b5f108979a0,regime,bull,2072905862,122,279538b1cd564a4b06ef037ac3e334f8324b5edbc753e8ed9f34910dc00e60b7,1107,5.518630999999004,0.4382111000013537,9041,1
lstm,fold_4,2025,d55a4748d308dbec,regime,sideway,1719281127,122,279538b1cd564a4b06ef037ac3e334f8324b5edbc753e8ed9f34910dc00e60b7,1080,8.134486899987678,0.643963900001836,9041,3
lstm,fold_4,2025,a0eaec6f147e548e,regime,bear,926380243,122,279538b1cd564a4b06ef037ac3e334f8324b5edbc753e8ed9f34910dc00e60b7,895,6.033247900006245,0.9863092000014148,9041,1
lstm,fold_4,2025,8c3d48e3b80bdfc7,regime,bull,2072905862,30,834d1e1f08392962409a468e4fdae8502fe8638e073183aebbdba5131f23b9c5,1107,9.40415820000635,0.895571100001689,3153,1
lstm,fold_4,2025,245227fb2db724b4,regime,bear,926380243,80,3034bb44ef0fa18ea49b08e084cf6672fd5fcb2627e8c5fb230ab20b267caba1,895,5.6073414999991655,0.5791025999933481,6353,1
lstm,fold_4,2025,a34f3ab5e96a284a,regime,bull,2072905862,30,a1b9f7ead332a02910a8d37cb3752a111385bcc0b64732a2fe41aa1b2ee40373,1107,6.328576699990663,0.6138900999940233,3153,1
lstm,fold_4,2025,76178e43da741317,regime,bear,926380243,80,2d219eb3b9d856056e5f2c4cf90b12cdae9574f9a997f641ca3098c3d3f5527d,895,5.187843699997757,0.5373536999977659,6353,1
lstm,fold_4,42,243d1d20c59ea695,global,global,42,122,279538b1cd564a4b06ef037ac3e334f8324b5edbc753e8ed9f34910dc00e60b7,3082,8.240289199995459,0.4267783999966923,9041,3
lstm,fold_4,42,c6c21e74fe2a4923,global,bull,233391756,122,279538b1cd564a4b06ef037ac3e334f8324b5edbc753e8ed9f34910dc00e60b7,3082,8.535524499995518,0.5036038999969605,9041,1
lstm,fold_4,42,b5b873c4d8bca397,global,sideway,1801841624,122,279538b1cd564a4b06ef037ac3e334f8324b5edbc753e8ed9f34910dc00e60b7,3082,8.361734000005526,0.4735276999999769,9041,1
lstm,fold_4,42,9eb1d752fa89ad86,global,bear,1151042323,122,279538b1cd564a4b06ef037ac3e334f8324b5edbc753e8ed9f34910dc00e60b7,3082,8.27397860000201,0.5316296000091825,9041,1
lstm,fold_4,42,9a67bd7809257315,regime,bull,233391756,122,279538b1cd564a4b06ef037ac3e334f8324b5edbc753e8ed9f34910dc00e60b7,1107,5.118763499995112,0.5113963999901898,9041,1
lstm,fold_4,42,9eafb36efdad20c4,regime,sideway,1801841624,122,279538b1cd564a4b06ef037ac3e334f8324b5edbc753e8ed9f34910dc00e60b7,1080,5.194479599987972,0.4739013000071281,9041,3
lstm,fold_4,42,05ccbf32630d39ed,regime,bear,1151042323,122,279538b1cd564a4b06ef037ac3e334f8324b5edbc753e8ed9f34910dc00e60b7,895,4.760601999994833,0.4845640999992611,9041,1
lstm,fold_4,42,34de64701a26b458,regime,bull,233391756,30,834d1e1f08392962409a468e4fdae8502fe8638e073183aebbdba5131f23b9c5,1107,4.928345399996033,0.4643464999971911,3153,1
lstm,fold_4,42,22cd5dc3912d36e5,regime,bear,1151042323,80,3034bb44ef0fa18ea49b08e084cf6672fd5fcb2627e8c5fb230ab20b267caba1,895,4.406563300013659,0.744430699996883,6353,1
lstm,fold_4,42,7a4d31655d9846e7,regime,bull,233391756,30,a1b9f7ead332a02910a8d37cb3752a111385bcc0b64732a2fe41aa1b2ee40373,1107,4.762868799996795,0.4368959999992512,3153,1
lstm,fold_4,42,8d40d9e323ff7794,regime,bear,1151042323,80,2d219eb3b9d856056e5f2c4cf90b12cdae9574f9a997f641ca3098c3d3f5527d,895,3.7994780000008177,0.4431455000012647,6353,1
lstm,fold_4,456,e3bca2228e072ec8,global,global,456,122,279538b1cd564a4b06ef037ac3e334f8324b5edbc753e8ed9f34910dc00e60b7,3082,7.2592197000049055,0.4566033000010066,9041,3
lstm,fold_4,456,1662c7f899c10629,global,bull,1574850040,122,279538b1cd564a4b06ef037ac3e334f8324b5edbc753e8ed9f34910dc00e60b7,3082,6.788559599997825,0.3988455000071553,9041,1
lstm,fold_4,456,3d3a62fb0fc63d91,global,sideway,376207022,122,279538b1cd564a4b06ef037ac3e334f8324b5edbc753e8ed9f34910dc00e60b7,3082,6.875639800011413,0.3783440999977756,9041,1
lstm,fold_4,456,4864033066cfe948,global,bear,518123612,122,279538b1cd564a4b06ef037ac3e334f8324b5edbc753e8ed9f34910dc00e60b7,3082,6.767341600003419,0.374045099990326,9041,1
lstm,fold_4,456,9c902a900dff1a5f,regime,bull,1574850040,122,279538b1cd564a4b06ef037ac3e334f8324b5edbc753e8ed9f34910dc00e60b7,1107,3.888737700006459,0.387849599996116,9041,1
lstm,fold_4,456,ee23cc6f475eef16,regime,sideway,376207022,122,279538b1cd564a4b06ef037ac3e334f8324b5edbc753e8ed9f34910dc00e60b7,1080,3.8715079999965374,0.3477923000027658,9041,3
lstm,fold_4,456,c92fadb76415b4b7,regime,bear,518123612,122,279538b1cd564a4b06ef037ac3e334f8324b5edbc753e8ed9f34910dc00e60b7,895,4.67112110000744,0.4414729000127408,9041,1
lstm,fold_4,456,77e8242fff3c7c5c,regime,bull,1574850040,30,834d1e1f08392962409a468e4fdae8502fe8638e073183aebbdba5131f23b9c5,1107,4.021384300009231,0.3688362000102643,3153,1
lstm,fold_4,456,33c236d4a9a7b3a9,regime,bear,518123612,80,3034bb44ef0fa18ea49b08e084cf6672fd5fcb2627e8c5fb230ab20b267caba1,895,3.8154535999929062,0.4029230000014649,6353,1
lstm,fold_4,456,1b4a5d91afcf53de,regime,bull,1574850040,30,a1b9f7ead332a02910a8d37cb3752a111385bcc0b64732a2fe41aa1b2ee40373,1107,3.984823000006145,0.4051929999986896,3153,1
lstm,fold_4,456,3d6e305978b81958,regime,bear,518123612,80,2d219eb3b9d856056e5f2c4cf90b12cdae9574f9a997f641ca3098c3d3f5527d,895,3.7589794999948936,0.3783241999917663,6353,1
lstm,fold_4,789,5088057e20bc2e12,global,global,789,122,279538b1cd564a4b06ef037ac3e334f8324b5edbc753e8ed9f34910dc00e60b7,3082,6.8606674000038765,0.441965700010769,9041,3
lstm,fold_4,789,728d39afb8e24471,global,bull,566602380,122,279538b1cd564a4b06ef037ac3e334f8324b5edbc753e8ed9f34910dc00e60b7,3082,6.866204600009951,0.3789140000008046,9041,1
lstm,fold_4,789,b5120794d885de99,global,sideway,1412251680,122,279538b1cd564a4b06ef037ac3e334f8324b5edbc753e8ed9f34910dc00e60b7,3082,6.680356500000926,0.3771878999978071,9041,1
lstm,fold_4,789,e9c0d08623dcc1de,global,bear,1676376697,122,279538b1cd564a4b06ef037ac3e334f8324b5edbc753e8ed9f34910dc00e60b7,3082,6.969378499998129,0.3825010000000475,9041,1
lstm,fold_4,789,e5749eb10c248825,regime,bull,566602380,122,279538b1cd564a4b06ef037ac3e334f8324b5edbc753e8ed9f34910dc00e60b7,1107,4.045415899992804,0.3765807000017958,9041,1
lstm,fold_4,789,2995e08483076a4c,regime,sideway,1412251680,122,279538b1cd564a4b06ef037ac3e334f8324b5edbc753e8ed9f34910dc00e60b7,1080,3.9519289000018034,0.3640433999971719,9041,3
lstm,fold_4,789,a50a2a50e4dd22ed,regime,bear,1676376697,122,279538b1cd564a4b06ef037ac3e334f8324b5edbc753e8ed9f34910dc00e60b7,895,3.755058599999757,0.4027560999966226,9041,1
lstm,fold_4,789,cada770d877fe90d,regime,bull,566602380,30,834d1e1f08392962409a468e4fdae8502fe8638e073183aebbdba5131f23b9c5,1107,4.344789399998263,0.4595997999858809,3153,1
lstm,fold_4,789,8b5dbf741fa63a28,regime,bear,1676376697,80,3034bb44ef0fa18ea49b08e084cf6672fd5fcb2627e8c5fb230ab20b267caba1,895,4.054746599998907,0.3911470000020927,6353,1
lstm,fold_4,789,d34b7159abd3aea7,regime,bull,566602380,30,a1b9f7ead332a02910a8d37cb3752a111385bcc0b64732a2fe41aa1b2ee40373,1107,4.179091300000437,0.3945529000047827,3153,1
lstm,fold_4,789,d6e30fd462ababe9,regime,bear,1676376697,80,2d219eb3b9d856056e5f2c4cf90b12cdae9574f9a997f641ca3098c3d3f5527d,895,3.664514099989901,0.3496127999969758,6353,1
lstm_attention,fold_1,123,8702158798139e08,global,global,123,122,279538b1cd564a4b06ef037ac3e334f8324b5edbc753e8ed9f34910dc00e60b7,2349,16.924198499997146,0.8833520000043791,10129,3
lstm_attention,fold_1,123,50f96243bc475446,global,bull,288347036,122,279538b1cd564a4b06ef037ac3e334f8324b5edbc753e8ed9f34910dc00e60b7,2349,16.81773360000807,0.8979259000043385,10129,1
lstm_attention,fold_1,123,93aa1e9ed6cba158,global,sideway,2046851630,122,279538b1cd564a4b06ef037ac3e334f8324b5edbc753e8ed9f34910dc00e60b7,2349,16.72886109999672,0.6753006999933859,10129,1
lstm_attention,fold_1,123,6861dc9fa391bcbe,global,bear,235231008,122,279538b1cd564a4b06ef037ac3e334f8324b5edbc753e8ed9f34910dc00e60b7,2349,13.339690499997232,0.5904903999908129,10129,1
lstm_attention,fold_1,123,14b06c5bd1a6680c,regime,bull,288347036,122,279538b1cd564a4b06ef037ac3e334f8324b5edbc753e8ed9f34910dc00e60b7,891,7.597953399992548,0.5760454999981448,10129,1
lstm_attention,fold_1,123,48874a45b251646c,regime,sideway,2046851630,122,279538b1cd564a4b06ef037ac3e334f8324b5edbc753e8ed9f34910dc00e60b7,822,9.068910500005586,0.813142400002107,10129,3
lstm_attention,fold_1,123,1e8371ab8eec9487,regime,bear,235231008,122,279538b1cd564a4b06ef037ac3e334f8324b5edbc753e8ed9f34910dc00e60b7,636,9.304832199995872,0.7769391000038013,10129,1
lstm_attention,fold_1,123,d47132bd6593af86,regime,bull,288347036,30,834d1e1f08392962409a468e4fdae8502fe8638e073183aebbdba5131f23b9c5,891,10.847634899997502,0.9127796000102536,4241,1
lstm_attention,fold_1,123,811180e142e3501c,regime,bear,235231008,80,3034bb44ef0fa18ea49b08e084cf6672fd5fcb2627e8c5fb230ab20b267caba1,636,9.437084499993944,0.954803400003584,7441,1
lstm_attention,fold_1,123,6c191bd41bb3200e,regime,bull,288347036,30,a1b9f7ead332a02910a8d37cb3752a111385bcc0b64732a2fe41aa1b2ee40373,891,10.004569800003082,0.9420271999988472,4241,1
lstm_attention,fold_1,123,009f5d323f855d57,regime,bear,235231008,80,2d219eb3b9d856056e5f2c4cf90b12cdae9574f9a997f641ca3098c3d3f5527d,636,9.420173599995906,0.7240231000032509,7441,1
lstm_attention,fold_1,2025,07356d245ea235a0,global,global,2025,122,279538b1cd564a4b06ef037ac3e334f8324b5edbc753e8ed9f34910dc00e60b7,2349,17.32623479999893,0.9005330999934813,10129,3
lstm_attention,fold_1,2025,42bcd83b4461c14b,global,bull,2072905862,122,279538b1cd564a4b06ef037ac3e334f8324b5edbc753e8ed9f34910dc00e60b7,2349,16.735221800001455,0.7430010000098264,10129,1
lstm_attention,fold_1,2025,f5403de8f6e41a31,global,sideway,1719281127,122,279538b1cd564a4b06ef037ac3e334f8324b5edbc753e8ed9f34910dc00e60b7,2349,17.350401400006376,0.7392286000103923,10129,1
lstm_attention,fold_1,2025,997c5d0b3c6dd154,global,bear,926380243,122,279538b1cd564a4b06ef037ac3e334f8324b5edbc753e8ed9f34910dc00e60b7,2349,17.38139310000406,0.7184551000100328,10129,1
lstm_attention,fold_1,2025,b6ee8b5f108979a0,regime,bull,2072905862,122,279538b1cd564a4b06ef037ac3e334f8324b5edbc753e8ed9f34910dc00e60b7,891,10.070176299996092,0.7380181999906199,10129,1
lstm_attention,fold_1,2025,d55a4748d308dbec,regime,sideway,1719281127,122,279538b1cd564a4b06ef037ac3e334f8324b5edbc753e8ed9f34910dc00e60b7,822,9.808511200011708,0.889609300007578,10129,3
lstm_attention,fold_1,2025,a0eaec6f147e548e,regime,bear,926380243,122,279538b1cd564a4b06ef037ac3e334f8324b5edbc753e8ed9f34910dc00e60b7,636,9.510649600008035,0.8949420999997528,10129,1
lstm_attention,fold_1,2025,8c3d48e3b80bdfc7,regime,bull,2072905862,30,834d1e1f08392962409a468e4fdae8502fe8638e073183aebbdba5131f23b9c5,891,9.616775800008329,0.9128751999960514,4241,1
lstm_attention,fold_1,2025,245227fb2db724b4,regime,bear,926380243,80,3034bb44ef0fa18ea49b08e084cf6672fd5fcb2627e8c5fb230ab20b267caba1,636,9.636971600004472,0.8742672999942442,7441,1
lstm_attention,fold_1,2025,a34f3ab5e96a284a,regime,bull,2072905862,30,a1b9f7ead332a02910a8d37cb3752a111385bcc0b64732a2fe41aa1b2ee40373,891,11.681070000006002,0.9347081999876536,4241,1
lstm_attention,fold_1,2025,76178e43da741317,regime,bear,926380243,80,2d219eb3b9d856056e5f2c4cf90b12cdae9574f9a997f641ca3098c3d3f5527d,636,10.327758400002494,1.0038791999977548,7441,1
lstm_attention,fold_1,42,243d1d20c59ea695,global,global,42,122,279538b1cd564a4b06ef037ac3e334f8324b5edbc753e8ed9f34910dc00e60b7,2349,16.23468499998853,0.8616308000055142,10129,3
lstm_attention,fold_1,42,c6c21e74fe2a4923,global,bull,233391756,122,279538b1cd564a4b06ef037ac3e334f8324b5edbc753e8ed9f34910dc00e60b7,2349,16.43278889999783,0.8976650000113295,10129,1
lstm_attention,fold_1,42,b5b873c4d8bca397,global,sideway,1801841624,122,279538b1cd564a4b06ef037ac3e334f8324b5edbc753e8ed9f34910dc00e60b7,2349,16.49192299999413,0.7945574999903329,10129,1
lstm_attention,fold_1,42,9eb1d752fa89ad86,global,bear,1151042323,122,279538b1cd564a4b06ef037ac3e334f8324b5edbc753e8ed9f34910dc00e60b7,2349,16.283086900002672,0.7747908000019379,10129,1
lstm_attention,fold_1,42,9a67bd7809257315,regime,bull,233391756,122,279538b1cd564a4b06ef037ac3e334f8324b5edbc753e8ed9f34910dc00e60b7,891,9.768276799994055,0.8144033999997191,10129,1
lstm_attention,fold_1,42,9eafb36efdad20c4,regime,sideway,1801841624,122,279538b1cd564a4b06ef037ac3e334f8324b5edbc753e8ed9f34910dc00e60b7,822,9.707343899994155,0.7363666000019293,10129,3
lstm_attention,fold_1,42,05ccbf32630d39ed,regime,bear,1151042323,122,279538b1cd564a4b06ef037ac3e334f8324b5edbc753e8ed9f34910dc00e60b7,636,8.896556199993938,0.7918933000037214,10129,1
lstm_attention,fold_1,42,34de64701a26b458,regime,bull,233391756,30,834d1e1f08392962409a468e4fdae8502fe8638e073183aebbdba5131f23b9c5,891,9.534893999996711,0.8777585000061663,4241,1
lstm_attention,fold_1,42,22cd5dc3912d36e5,regime,bear,1151042323,80,3034bb44ef0fa18ea49b08e084cf6672fd5fcb2627e8c5fb230ab20b267caba1,636,8.585939800002961,0.8544389000016963,7441,1
lstm_attention,fold_1,42,7a4d31655d9846e7,regime,bull,233391756,30,a1b9f7ead332a02910a8d37cb3752a111385bcc0b64732a2fe41aa1b2ee40373,891,9.819555499998389,0.9004844000010053,4241,1
lstm_attention,fold_1,42,8d40d9e323ff7794,regime,bear,1151042323,80,2d219eb3b9d856056e5f2c4cf90b12cdae9574f9a997f641ca3098c3d3f5527d,636,8.350195799997891,1.011571199996979,7441,1
lstm_attention,fold_1,456,e3bca2228e072ec8,global,global,456,122,279538b1cd564a4b06ef037ac3e334f8324b5edbc753e8ed9f34910dc00e60b7,2349,17.22165849999874,0.7549644999962766,10129,3
lstm_attention,fold_1,456,1662c7f899c10629,global,bull,1574850040,122,279538b1cd564a4b06ef037ac3e334f8324b5edbc753e8ed9f34910dc00e60b7,2349,17.08817600000475,0.7575955000065733,10129,1
lstm_attention,fold_1,456,3d3a62fb0fc63d91,global,sideway,376207022,122,279538b1cd564a4b06ef037ac3e334f8324b5edbc753e8ed9f34910dc00e60b7,2349,17.090718100007507,0.8427353000006406,10129,1
lstm_attention,fold_1,456,4864033066cfe948,global,bear,518123612,122,279538b1cd564a4b06ef037ac3e334f8324b5edbc753e8ed9f34910dc00e60b7,2349,17.084932900004787,0.7501791999966372,10129,1
lstm_attention,fold_1,456,9c902a900dff1a5f,regime,bull,1574850040,122,279538b1cd564a4b06ef037ac3e334f8324b5edbc753e8ed9f34910dc00e60b7,891,9.741319399996428,0.7354303000029176,10129,1
lstm_attention,fold_1,456,ee23cc6f475eef16,regime,sideway,376207022,122,279538b1cd564a4b06ef037ac3e334f8324b5edbc753e8ed9f34910dc00e60b7,822,9.576013600002623,0.8446147000067867,10129,3
lstm_attention,fold_1,456,c92fadb76415b4b7,regime,bear,518123612,122,279538b1cd564a4b06ef037ac3e334f8324b5edbc753e8ed9f34910dc00e60b7,636,8.509650399995735,0.8831031999870902,10129,1
lstm_attention,fold_1,456,77e8242fff3c7c5c,regime,bull,1574850040,30,834d1e1f08392962409a468e4fdae8502fe8638e073183aebbdba5131f23b9c5,891,9.601216899987776,1.411389999993844,4241,1
lstm_attention,fold_1,456,33c236d4a9a7b3a9,regime,bear,518123612,80,3034bb44ef0fa18ea49b08e084cf6672fd5fcb2627e8c5fb230ab20b267caba1,636,8.415017300008913,0.9490210000076332,7441,1
lstm_attention,fold_1,456,1b4a5d91afcf53de,regime,bull,1574850040,30,a1b9f7ead332a02910a8d37cb3752a111385bcc0b64732a2fe41aa1b2ee40373,891,10.427929600002244,0.7200043999910122,4241,1
lstm_attention,fold_1,456,3d6e305978b81958,regime,bear,518123612,80,2d219eb3b9d856056e5f2c4cf90b12cdae9574f9a997f641ca3098c3d3f5527d,636,9.722141999998712,0.9130429000069852,7441,1
lstm_attention,fold_1,789,5088057e20bc2e12,global,global,789,122,279538b1cd564a4b06ef037ac3e334f8324b5edbc753e8ed9f34910dc00e60b7,2349,16.396823600007338,0.912575199996354,10129,3
lstm_attention,fold_1,789,728d39afb8e24471,global,bull,566602380,122,279538b1cd564a4b06ef037ac3e334f8324b5edbc753e8ed9f34910dc00e60b7,2349,16.535863800003426,0.8161866000009468,10129,1
lstm_attention,fold_1,789,b5120794d885de99,global,sideway,1412251680,122,279538b1cd564a4b06ef037ac3e334f8324b5edbc753e8ed9f34910dc00e60b7,2349,16.467828499997267,0.9030187000025762,10129,1
lstm_attention,fold_1,789,e9c0d08623dcc1de,global,bear,1676376697,122,279538b1cd564a4b06ef037ac3e334f8324b5edbc753e8ed9f34910dc00e60b7,2349,17.445651400004863,1.428609900001902,10129,1
lstm_attention,fold_1,789,e5749eb10c248825,regime,bull,566602380,122,279538b1cd564a4b06ef037ac3e334f8324b5edbc753e8ed9f34910dc00e60b7,891,10.734077400004026,0.8383533000014722,10129,1
lstm_attention,fold_1,789,2995e08483076a4c,regime,sideway,1412251680,122,279538b1cd564a4b06ef037ac3e334f8324b5edbc753e8ed9f34910dc00e60b7,822,9.135446799991769,0.5197313999960897,10129,3
lstm_attention,fold_1,789,a50a2a50e4dd22ed,regime,bear,1676376697,122,279538b1cd564a4b06ef037ac3e334f8324b5edbc753e8ed9f34910dc00e60b7,636,7.267395599992595,0.8546363999921596,10129,1
lstm_attention,fold_1,789,cada770d877fe90d,regime,bull,566602380,30,834d1e1f08392962409a468e4fdae8502fe8638e073183aebbdba5131f23b9c5,891,9.587545500005945,0.8540723000041908,4241,1
lstm_attention,fold_1,789,8b5dbf741fa63a28,regime,bear,1676376697,80,3034bb44ef0fa18ea49b08e084cf6672fd5fcb2627e8c5fb230ab20b267caba1,636,8.525735999995959,0.8729834000114352,7441,1
lstm_attention,fold_1,789,d34b7159abd3aea7,regime,bull,566602380,30,a1b9f7ead332a02910a8d37cb3752a111385bcc0b64732a2fe41aa1b2ee40373,891,10.656843999997363,0.8351668999966932,4241,1
lstm_attention,fold_1,789,d6e30fd462ababe9,regime,bear,1676376697,80,2d219eb3b9d856056e5f2c4cf90b12cdae9574f9a997f641ca3098c3d3f5527d,636,9.44690399999672,0.8556739000050584,7441,1
lstm_attention,fold_2,123,8702158798139e08,global,global,123,122,279538b1cd564a4b06ef037ac3e334f8324b5edbc753e8ed9f34910dc00e60b7,2590,15.919794600005844,0.7774913999892306,10129,3
lstm_attention,fold_2,123,50f96243bc475446,global,bull,288347036,122,279538b1cd564a4b06ef037ac3e334f8324b5edbc753e8ed9f34910dc00e60b7,2590,15.960231600009138,0.7403983999975026,10129,1
lstm_attention,fold_2,123,93aa1e9ed6cba158,global,sideway,2046851630,122,279538b1cd564a4b06ef037ac3e334f8324b5edbc753e8ed9f34910dc00e60b7,2590,15.8744263999979,0.745581499999389,10129,1
lstm_attention,fold_2,123,6861dc9fa391bcbe,global,bear,235231008,122,279538b1cd564a4b06ef037ac3e334f8324b5edbc753e8ed9f34910dc00e60b7,2590,16.005030999993323,0.7407784000097308,10129,1
lstm_attention,fold_2,123,14b06c5bd1a6680c,regime,bull,288347036,122,279538b1cd564a4b06ef037ac3e334f8324b5edbc753e8ed9f34910dc00e60b7,977,9.626172400006908,0.7459555999957956,10129,1
lstm_attention,fold_2,123,48874a45b251646c,regime,sideway,2046851630,122,279538b1cd564a4b06ef037ac3e334f8324b5edbc753e8ed9f34910dc00e60b7,907,9.714284900008352,0.7560254999989411,10129,3
lstm_attention,fold_2,123,1e8371ab8eec9487,regime,bear,235231008,122,279538b1cd564a4b06ef037ac3e334f8324b5edbc753e8ed9f34910dc00e60b7,706,8.943334600000526,1.3716627999965567,10129,1
lstm_attention,fold_2,123,d47132bd6593af86,regime,bull,288347036,30,834d1e1f08392962409a468e4fdae8502fe8638e073183aebbdba5131f23b9c5,977,10.02402539999457,0.8087924999999814,4241,1
lstm_attention,fold_2,123,811180e142e3501c,regime,bear,235231008,80,3034bb44ef0fa18ea49b08e084cf6672fd5fcb2627e8c5fb230ab20b267caba1,706,8.909248500000103,0.7938338000094518,7441,1
lstm_attention,fold_2,123,6c191bd41bb3200e,regime,bull,288347036,30,a1b9f7ead332a02910a8d37cb3752a111385bcc0b64732a2fe41aa1b2ee40373,977,9.756248800011235,0.8290309000003617,4241,1
lstm_attention,fold_2,123,009f5d323f855d57,regime,bear,235231008,80,2d219eb3b9d856056e5f2c4cf90b12cdae9574f9a997f641ca3098c3d3f5527d,706,8.613857200005441,0.8055693000060273,7441,1
lstm_attention,fold_2,2025,07356d245ea235a0,global,global,2025,122,279538b1cd564a4b06ef037ac3e334f8324b5edbc753e8ed9f34910dc00e60b7,2590,17.06001300000935,0.8321015999972587,10129,3
lstm_attention,fold_2,2025,42bcd83b4461c14b,global,bull,2072905862,122,279538b1cd564a4b06ef037ac3e334f8324b5edbc753e8ed9f34910dc00e60b7,2590,16.94819229999848,0.8330696000048192,10129,1
lstm_attention,fold_2,2025,f5403de8f6e41a31,global,sideway,1719281127,122,279538b1cd564a4b06ef037ac3e334f8324b5edbc753e8ed9f34910dc00e60b7,2590,16.990299900004175,0.8030862000014167,10129,1
lstm_attention,fold_2,2025,997c5d0b3c6dd154,global,bear,926380243,122,279538b1cd564a4b06ef037ac3e334f8324b5edbc753e8ed9f34910dc00e60b7,2590,16.471145199990133,0.8322168000013335,10129,1
lstm_attention,fold_2,2025,b6ee8b5f108979a0,regime,bull,2072905862,122,279538b1cd564a4b06ef037ac3e334f8324b5edbc753e8ed9f34910dc00e60b7,977,9.61490230000345,0.8354486000025645,10129,1
lstm_attention,fold_2,2025,d55a4748d308dbec,regime,sideway,1719281127,122,279538b1cd564a4b06ef037ac3e334f8324b5edbc753e8ed9f34910dc00e60b7,907,9.426282400003402,0.708922400008305,10129,3
lstm_attention,fold_2,2025,a0eaec6f147e548e,regime,bear,926380243,122,279538b1cd564a4b06ef037ac3e334f8324b5edbc753e8ed9f34910dc00e60b7,706,8.937233900011051,0.7089900999999372,10129,1
lstm_attention,fold_2,2025,8c3d48e3b80bdfc7,regime,bull,2072905862,30,834d1e1f08392962409a468e4fdae8502fe8638e073183aebbdba5131f23b9c5,977,9.818348700006029,0.7694371000106912,4241,1
lstm_attention,fold_2,2025,245227fb2db724b4,regime,bear,926380243,80,3034bb44ef0fa18ea49b08e084cf6672fd5fcb2627e8c5fb230ab20b267caba1,706,8.373484600000666,0.774576399999205,7441,1
lstm_attention,fold_2,2025,a34f3ab5e96a284a,regime,bull,2072905862,30,a1b9f7ead332a02910a8d37cb3752a111385bcc0b64732a2fe41aa1b2ee40373,977,9.21097830000508,0.7536855000071228,4241,1
lstm_attention,fold_2,2025,76178e43da741317,regime,bear,926380243,80,2d219eb3b9d856056e5f2c4cf90b12cdae9574f9a997f641ca3098c3d3f5527d,706,8.049877200013725,0.7328863000002457,7441,1
lstm_attention,fold_2,42,243d1d20c59ea695,global,global,42,122,279538b1cd564a4b06ef037ac3e334f8324b5edbc753e8ed9f34910dc00e60b7,2590,19.98708880000049,0.909718899987638,10129,3
lstm_attention,fold_2,42,c6c21e74fe2a4923,global,bull,233391756,122,279538b1cd564a4b06ef037ac3e334f8324b5edbc753e8ed9f34910dc00e60b7,2590,17.91612449999957,0.8710560999898007,10129,1
lstm_attention,fold_2,42,b5b873c4d8bca397,global,sideway,1801841624,122,279538b1cd564a4b06ef037ac3e334f8324b5edbc753e8ed9f34910dc00e60b7,2590,19.44567270000698,0.8621724000113318,10129,1
lstm_attention,fold_2,42,9eb1d752fa89ad86,global,bear,1151042323,122,279538b1cd564a4b06ef037ac3e334f8324b5edbc753e8ed9f34910dc00e60b7,2590,18.53445869999996,0.8109397000080207,10129,1
lstm_attention,fold_2,42,9a67bd7809257315,regime,bull,233391756,122,279538b1cd564a4b06ef037ac3e334f8324b5edbc753e8ed9f34910dc00e60b7,977,11.358046299996204,0.958621799989487,10129,1
lstm_attention,fold_2,42,9eafb36efdad20c4,regime,sideway,1801841624,122,279538b1cd564a4b06ef037ac3e334f8324b5edbc753e8ed9f34910dc00e60b7,907,11.714249399999972,0.8817343999980949,10129,3
lstm_attention,fold_2,42,05ccbf32630d39ed,regime,bear,1151042323,122,279538b1cd564a4b06ef037ac3e334f8324b5edbc753e8ed9f34910dc00e60b7,706,11.2039775000012,0.9799288999929558,10129,1
lstm_attention,fold_2,42,34de64701a26b458,regime,bull,233391756,30,834d1e1f08392962409a468e4fdae8502fe8638e073183aebbdba5131f23b9c5,977,12.117768600001,1.123478400011663,4241,1
lstm_attention,fold_2,42,22cd5dc3912d36e5,regime,bear,1151042323,80,3034bb44ef0fa18ea49b08e084cf6672fd5fcb2627e8c5fb230ab20b267caba1,706,11.575471800009836,0.9784087000007275,7441,1
lstm_attention,fold_2,42,7a4d31655d9846e7,regime,bull,233391756,30,a1b9f7ead332a02910a8d37cb3752a111385bcc0b64732a2fe41aa1b2ee40373,977,12.318275099998573,0.9755620999931124,4241,1
lstm_attention,fold_2,42,8d40d9e323ff7794,regime,bear,1151042323,80,2d219eb3b9d856056e5f2c4cf90b12cdae9574f9a997f641ca3098c3d3f5527d,706,10.429241499994532,0.9155013999989025,7441,1
lstm_attention,fold_2,456,e3bca2228e072ec8,global,global,456,122,279538b1cd564a4b06ef037ac3e334f8324b5edbc753e8ed9f34910dc00e60b7,2590,16.810830300004454,0.8258989000023575,10129,3
lstm_attention,fold_2,456,1662c7f899c10629,global,bull,1574850040,122,279538b1cd564a4b06ef037ac3e334f8324b5edbc753e8ed9f34910dc00e60b7,2590,16.44410369999241,0.8185242000035942,10129,1
lstm_attention,fold_2,456,3d3a62fb0fc63d91,global,sideway,376207022,122,279538b1cd564a4b06ef037ac3e334f8324b5edbc753e8ed9f34910dc00e60b7,2590,16.55937279999489,0.8247873999935109,10129,1
lstm_attention,fold_2,456,4864033066cfe948,global,bear,518123612,122,279538b1cd564a4b06ef037ac3e334f8324b5edbc753e8ed9f34910dc00e60b7,2590,16.45354529999895,0.7036284000059823,10129,1
lstm_attention,fold_2,456,9c902a900dff1a5f,regime,bull,1574850040,122,279538b1cd564a4b06ef037ac3e334f8324b5edbc753e8ed9f34910dc00e60b7,977,9.64330899999186,0.7291977999993833,10129,1
lstm_attention,fold_2,456,ee23cc6f475eef16,regime,sideway,376207022,122,279538b1cd564a4b06ef037ac3e334f8324b5edbc753e8ed9f34910dc00e60b7,907,9.451944499989622,0.8296343999973033,10129,3
lstm_attention,fold_2,456,c92fadb76415b4b7,regime,bear,518123612,122,279538b1cd564a4b06ef037ac3e334f8324b5edbc753e8ed9f34910dc00e60b7,706,8.952283500009798,0.8272950999962632,10129,1
lstm_attention,fold_2,456,77e8242fff3c7c5c,regime,bull,1574850040,30,834d1e1f08392962409a468e4fdae8502fe8638e073183aebbdba5131f23b9c5,977,9.888477700005753,0.8267995999922277,4241,1
lstm_attention,fold_2,456,33c236d4a9a7b3a9,regime,bear,518123612,80,3034bb44ef0fa18ea49b08e084cf6672fd5fcb2627e8c5fb230ab20b267caba1,706,8.727599899997585,0.7693256999918958,7441,1
lstm_attention,fold_2,456,1b4a5d91afcf53de,regime,bull,1574850040,30,a1b9f7ead332a02910a8d37cb3752a111385bcc0b64732a2fe41aa1b2ee40373,977,8.616796299989801,0.7913695000024745,4241,1
lstm_attention,fold_2,456,3d6e305978b81958,regime,bear,518123612,80,2d219eb3b9d856056e5f2c4cf90b12cdae9574f9a997f641ca3098c3d3f5527d,706,8.77951180000673,0.7505852000031155,7441,1
lstm_attention,fold_2,789,5088057e20bc2e12,global,global,789,122,279538b1cd564a4b06ef037ac3e334f8324b5edbc753e8ed9f34910dc00e60b7,2590,16.431918900008895,0.8044017000065651,10129,3
lstm_attention,fold_2,789,728d39afb8e24471,global,bull,566602380,122,279538b1cd564a4b06ef037ac3e334f8324b5edbc753e8ed9f34910dc00e60b7,2590,19.568614600008004,0.9380703000060748,10129,1
lstm_attention,fold_2,789,b5120794d885de99,global,sideway,1412251680,122,279538b1cd564a4b06ef037ac3e334f8324b5edbc753e8ed9f34910dc00e60b7,2590,19.350952000007965,0.7556607000005897,10129,1
lstm_attention,fold_2,789,e9c0d08623dcc1de,global,bear,1676376697,122,279538b1cd564a4b06ef037ac3e334f8324b5edbc753e8ed9f34910dc00e60b7,2590,16.614960699997027,0.7718783000018448,10129,1
lstm_attention,fold_2,789,e5749eb10c248825,regime,bull,566602380,122,279538b1cd564a4b06ef037ac3e334f8324b5edbc753e8ed9f34910dc00e60b7,977,9.814704299991718,0.7901901000004727,10129,1
lstm_attention,fold_2,789,2995e08483076a4c,regime,sideway,1412251680,122,279538b1cd564a4b06ef037ac3e334f8324b5edbc753e8ed9f34910dc00e60b7,907,9.750052999996116,0.7704074999928707,10129,3
lstm_attention,fold_2,789,a50a2a50e4dd22ed,regime,bear,1676376697,122,279538b1cd564a4b06ef037ac3e334f8324b5edbc753e8ed9f34910dc00e60b7,706,9.07467899999756,0.8037632000050507,10129,1
lstm_attention,fold_2,789,cada770d877fe90d,regime,bull,566602380,30,834d1e1f08392962409a468e4fdae8502fe8638e073183aebbdba5131f23b9c5,977,10.124640900001395,0.8141537999908905,4241,1
lstm_attention,fold_2,789,8b5dbf741fa63a28,regime,bear,1676376697,80,3034bb44ef0fa18ea49b08e084cf6672fd5fcb2627e8c5fb230ab20b267caba1,706,8.815654099991661,0.8393276999995578,7441,1
lstm_attention,fold_2,789,d34b7159abd3aea7,regime,bull,566602380,30,a1b9f7ead332a02910a8d37cb3752a111385bcc0b64732a2fe41aa1b2ee40373,977,10.33256640000036,0.8449166999926092,4241,1
lstm_attention,fold_2,789,d6e30fd462ababe9,regime,bear,1676376697,80,2d219eb3b9d856056e5f2c4cf90b12cdae9574f9a997f641ca3098c3d3f5527d,706,8.575811100003193,0.853313600004185,7441,1
lstm_attention,fold_3,123,8702158798139e08,global,global,123,122,279538b1cd564a4b06ef037ac3e334f8324b5edbc753e8ed9f34910dc00e60b7,2833,18.14380180000444,0.8363712999998825,10129,3
lstm_attention,fold_3,123,50f96243bc475446,global,bull,288347036,122,279538b1cd564a4b06ef037ac3e334f8324b5edbc753e8ed9f34910dc00e60b7,2833,18.44641709999996,0.8161415999929886,10129,1
lstm_attention,fold_3,123,93aa1e9ed6cba158,global,sideway,2046851630,122,279538b1cd564a4b06ef037ac3e334f8324b5edbc753e8ed9f34910dc00e60b7,2833,17.767352499999106,0.8206673000095179,10129,1
lstm_attention,fold_3,123,6861dc9fa391bcbe,global,bear,235231008,122,279538b1cd564a4b06ef037ac3e334f8324b5edbc753e8ed9f34910dc00e60b7,2833,18.752034800010733,0.6970742999983486,10129,1
lstm_attention,fold_3,123,14b06c5bd1a6680c,regime,bull,288347036,122,279538b1cd564a4b06ef037ac3e334f8324b5edbc753e8ed9f34910dc00e60b7,1016,10.266122500004712,0.8431617000023834,10129,1
lstm_attention,fold_3,123,48874a45b251646c,regime,sideway,2046851630,122,279538b1cd564a4b06ef037ac3e334f8324b5edbc753e8ed9f34910dc00e60b7,992,8.94577139998728,0.8382204999943497,10129,3
lstm_attention,fold_3,123,1e8371ab8eec9487,regime,bear,235231008,122,279538b1cd564a4b06ef037ac3e334f8324b5edbc753e8ed9f34910dc00e60b7,825,9.67628440000408,0.8542820000002393,10129,1
lstm_attention,fold_3,123,d47132bd6593af86,regime,bull,288347036,30,834d1e1f08392962409a468e4fdae8502fe8638e073183aebbdba5131f23b9c5,1016,9.576279999993858,0.7269094999937806,4241,1
lstm_attention,fold_3,123,811180e142e3501c,regime,bear,235231008,80,3034bb44ef0fa18ea49b08e084cf6672fd5fcb2627e8c5fb230ab20b267caba1,825,8.868900299989036,0.7164155000064056,7441,1
lstm_attention,fold_3,123,6c191bd41bb3200e,regime,bull,288347036,30,a1b9f7ead332a02910a8d37cb3752a111385bcc0b64732a2fe41aa1b2ee40373,1016,9.263420000002952,0.7354810000106227,4241,1
lstm_attention,fold_3,123,009f5d323f855d57,regime,bear,235231008,80,2d219eb3b9d856056e5f2c4cf90b12cdae9574f9a997f641ca3098c3d3f5527d,825,7.808529899994028,0.725297099997988,7441,1
lstm_attention,fold_3,2025,07356d245ea235a0,global,global,2025,122,279538b1cd564a4b06ef037ac3e334f8324b5edbc753e8ed9f34910dc00e60b7,2833,16.624813699992956,0.6809974999923725,10129,3
lstm_attention,fold_3,2025,42bcd83b4461c14b,global,bull,2072905862,122,279538b1cd564a4b06ef037ac3e334f8324b5edbc753e8ed9f34910dc00e60b7,2833,18.65494020000915,0.6934485999954632,10129,1
lstm_attention,fold_3,2025,f5403de8f6e41a31,global,sideway,1719281127,122,279538b1cd564a4b06ef037ac3e334f8324b5edbc753e8ed9f34910dc00e60b7,2833,20.0625510999962,0.7057383999926969,10129,1
lstm_attention,fold_3,2025,997c5d0b3c6dd154,global,bear,926380243,122,279538b1cd564a4b06ef037ac3e334f8324b5edbc753e8ed9f34910dc00e60b7,2833,18.749730800002,0.7775365999987116,10129,1
lstm_attention,fold_3,2025,b6ee8b5f108979a0,regime,bull,2072905862,122,279538b1cd564a4b06ef037ac3e334f8324b5edbc753e8ed9f34910dc00e60b7,1016,10.784241999994263,0.8507353999884799,10129,1
lstm_attention,fold_3,2025,d55a4748d308dbec,regime,sideway,1719281127,122,279538b1cd564a4b06ef037ac3e334f8324b5edbc753e8ed9f34910dc00e60b7,992,9.320390900000348,0.8306242999969982,10129,3
lstm_attention,fold_3,2025,a0eaec6f147e548e,regime,bear,926380243,122,279538b1cd564a4b06ef037ac3e334f8324b5edbc753e8ed9f34910dc00e60b7,825,9.880799899998236,0.8426527999981772,10129,1
lstm_attention,fold_3,2025,8c3d48e3b80bdfc7,regime,bull,2072905862,30,834d1e1f08392962409a468e4fdae8502fe8638e073183aebbdba5131f23b9c5,1016,10.246596899989528,0.8409065999876475,4241,1
lstm_attention,fold_3,2025,245227fb2db724b4,regime,bear,926380243,80,3034bb44ef0fa18ea49b08e084cf6672fd5fcb2627e8c5fb230ab20b267caba1,825,9.77852010000788,0.8045310000015888,7441,1
lstm_attention,fold_3,2025,a34f3ab5e96a284a,regime,bull,2072905862,30,a1b9f7ead332a02910a8d37cb3752a111385bcc0b64732a2fe41aa1b2ee40373,1016,10.84027819999028,0.8154970000032336,4241,1
lstm_attention,fold_3,2025,76178e43da741317,regime,bear,926380243,80,2d219eb3b9d856056e5f2c4cf90b12cdae9574f9a997f641ca3098c3d3f5527d,825,9.679741900006777,0.8389528999978211,7441,1
lstm_attention,fold_3,42,243d1d20c59ea695,global,global,42,122,279538b1cd564a4b06ef037ac3e334f8324b5edbc753e8ed9f34910dc00e60b7,2833,16.067393999997876,0.6401709000056144,10129,3
lstm_attention,fold_3,42,c6c21e74fe2a4923,global,bull,233391756,122,279538b1cd564a4b06ef037ac3e334f8324b5edbc753e8ed9f34910dc00e60b7,2833,18.33021869999357,0.7822163999953773,10129,1
lstm_attention,fold_3,42,b5b873c4d8bca397,global,sideway,1801841624,122,279538b1cd564a4b06ef037ac3e334f8324b5edbc753e8ed9f34910dc00e60b7,2833,18.2537658999936,0.770083399998839,10129,1
lstm_attention,fold_3,42,9eb1d752fa89ad86,global,bear,1151042323,122,279538b1cd564a4b06ef037ac3e334f8324b5edbc753e8ed9f34910dc00e60b7,2833,18.38108690000081,0.7962616000004346,10129,1
lstm_attention,fold_3,42,9a67bd7809257315,regime,bull,233391756,122,279538b1cd564a4b06ef037ac3e334f8324b5edbc753e8ed9f34910dc00e60b7,1016,10.41802060000191,0.8273504999961006,10129,1
lstm_attention,fold_3,42,9eafb36efdad20c4,regime,sideway,1801841624,122,279538b1cd564a4b06ef037ac3e334f8324b5edbc753e8ed9f34910dc00e60b7,992,9.61377779999748,0.8623749999969732,10129,3
lstm_attention,fold_3,42,05ccbf32630d39ed,regime,bear,1151042323,122,279538b1cd564a4b06ef037ac3e334f8324b5edbc753e8ed9f34910dc00e60b7,825,9.44690979999723,0.8596602000034181,10129,1
lstm_attention,fold_3,42,34de64701a26b458,regime,bull,233391756,30,834d1e1f08392962409a468e4fdae8502fe8638e073183aebbdba5131f23b9c5,1016,10.150528099999065,0.8285679000109667,4241,1
lstm_attention,fold_3,42,22cd5dc3912d36e5,regime,bear,1151042323,80,3034bb44ef0fa18ea49b08e084cf6672fd5fcb2627e8c5fb230ab20b267caba1,825,9.33354859999963,0.8390480000089156,7441,1
lstm_attention,fold_3,42,7a4d31655d9846e7,regime,bull,233391756,30,a1b9f7ead332a02910a8d37cb3752a111385bcc0b64732a2fe41aa1b2ee40373,1016,10.439117900008569,0.7767577000049641,4241,1
lstm_attention,fold_3,42,8d40d9e323ff7794,regime,bear,1151042323,80,2d219eb3b9d856056e5f2c4cf90b12cdae9574f9a997f641ca3098c3d3f5527d,825,9.69154339999659,0.8565997000114294,7441,1
lstm_attention,fold_3,456,e3bca2228e072ec8,global,global,456,122,279538b1cd564a4b06ef037ac3e334f8324b5edbc753e8ed9f34910dc00e60b7,2833,17.92553159999079,0.7835496999905445,10129,3
lstm_attention,fold_3,456,1662c7f899c10629,global,bull,1574850040,122,279538b1cd564a4b06ef037ac3e334f8324b5edbc753e8ed9f34910dc00e60b7,2833,18.603218699994613,0.8331463999929838,10129,1
lstm_attention,fold_3,456,3d3a62fb0fc63d91,global,sideway,376207022,122,279538b1cd564a4b06ef037ac3e334f8324b5edbc753e8ed9f34910dc00e60b7,2833,17.84872959999484,0.8563490000087768,10129,1
lstm_attention,fold_3,456,4864033066cfe948,global,bear,518123612,122,279538b1cd564a4b06ef037ac3e334f8324b5edbc753e8ed9f34910dc00e60b7,2833,18.09406200000376,0.8142355000018142,10129,1
lstm_attention,fold_3,456,9c902a900dff1a5f,regime,bull,1574850040,122,279538b1cd564a4b06ef037ac3e334f8324b5edbc753e8ed9f34910dc00e60b7,1016,10.026591899993946,0.861575199989602,10129,1
lstm_attention,fold_3,456,ee23cc6f475eef16,regime,sideway,376207022,122,279538b1cd564a4b06ef037ac3e334f8324b5edbc753e8ed9f34910dc00e60b7,992,9.325634900000296,0.7595787000027485,10129,3
lstm_attention,fold_3,456,c92fadb76415b4b7,regime,bear,518123612,122,279538b1cd564a4b06ef037ac3e334f8324b5edbc753e8ed9f34910dc00e60b7,825,9.983030899995356,0.879680299985921,10129,1
lstm_attention,fold_3,456,77e8242fff3c7c5c,regime,bull,1574850040,30,834d1e1f08392962409a468e4fdae8502fe8638e073183aebbdba5131f23b9c5,1016,10.107679699998698,0.8257955000008224,4241,1
lstm_attention,fold_3,456,33c236d4a9a7b3a9,regime,bear,518123612,80,3034bb44ef0fa18ea49b08e084cf6672fd5fcb2627e8c5fb230ab20b267caba1,825,9.840278200004832,0.8155777000065427,7441,1
lstm_attention,fold_3,456,1b4a5d91afcf53de,regime,bull,1574850040,30,a1b9f7ead332a02910a8d37cb3752a111385bcc0b64732a2fe41aa1b2ee40373,1016,9.898527700002887,0.8125808000040706,4241,1
lstm_attention,fold_3,456,3d6e305978b81958,regime,bear,518123612,80,2d219eb3b9d856056e5f2c4cf90b12cdae9574f9a997f641ca3098c3d3f5527d,825,9.567436700002872,0.7572179999988293,7441,1
lstm_attention,fold_3,789,5088057e20bc2e12,global,global,789,122,279538b1cd564a4b06ef037ac3e334f8324b5edbc753e8ed9f34910dc00e60b7,2833,18.44551750000392,0.7101174999988871,10129,3
lstm_attention,fold_3,789,728d39afb8e24471,global,bull,566602380,122,279538b1cd564a4b06ef037ac3e334f8324b5edbc753e8ed9f34910dc00e60b7,2833,18.154561700008344,0.8270016000024043,10129,1
lstm_attention,fold_3,789,b5120794d885de99,global,sideway,1412251680,122,279538b1cd564a4b06ef037ac3e334f8324b5edbc753e8ed9f34910dc00e60b7,2833,17.91145179999876,0.8541716000036104,10129,1
lstm_attention,fold_3,789,e9c0d08623dcc1de,global,bear,1676376697,122,279538b1cd564a4b06ef037ac3e334f8324b5edbc753e8ed9f34910dc00e60b7,2833,17.944408499999554,0.8386009999958333,10129,1
lstm_attention,fold_3,789,e5749eb10c248825,regime,bull,566602380,122,279538b1cd564a4b06ef037ac3e334f8324b5edbc753e8ed9f34910dc00e60b7,1016,10.714916199998695,0.7757054999965476,10129,1
lstm_attention,fold_3,789,2995e08483076a4c,regime,sideway,1412251680,122,279538b1cd564a4b06ef037ac3e334f8324b5edbc753e8ed9f34910dc00e60b7,992,9.002332200005185,0.759053000001586,10129,3
lstm_attention,fold_3,789,a50a2a50e4dd22ed,regime,bear,1676376697,122,279538b1cd564a4b06ef037ac3e334f8324b5edbc753e8ed9f34910dc00e60b7,825,8.616528999991715,0.6438004999945406,10129,1
lstm_attention,fold_3,789,cada770d877fe90d,regime,bull,566602380,30,834d1e1f08392962409a468e4fdae8502fe8638e073183aebbdba5131f23b9c5,1016,9.35573850000219,0.7482837999996264,4241,1
lstm_attention,fold_3,789,8b5dbf741fa63a28,regime,bear,1676376697,80,3034bb44ef0fa18ea49b08e084cf6672fd5fcb2627e8c5fb230ab20b267caba1,825,7.901660500006983,0.7352955999958795,7441,1
lstm_attention,fold_3,789,d34b7159abd3aea7,regime,bull,566602380,30,a1b9f7ead332a02910a8d37cb3752a111385bcc0b64732a2fe41aa1b2ee40373,1016,9.308641399999033,0.6476273000007495,4241,1
lstm_attention,fold_3,789,d6e30fd462ababe9,regime,bear,1676376697,80,2d219eb3b9d856056e5f2c4cf90b12cdae9574f9a997f641ca3098c3d3f5527d,825,8.425387100010994,0.6229340999998385,7441,1
lstm_attention,fold_4,123,8702158798139e08,global,global,123,122,279538b1cd564a4b06ef037ac3e334f8324b5edbc753e8ed9f34910dc00e60b7,3077,20.48482009999861,0.8342871000058949,10129,3
lstm_attention,fold_4,123,50f96243bc475446,global,bull,288347036,122,279538b1cd564a4b06ef037ac3e334f8324b5edbc753e8ed9f34910dc00e60b7,3077,20.755084200005516,0.8542634999903385,10129,1
lstm_attention,fold_4,123,93aa1e9ed6cba158,global,sideway,2046851630,122,279538b1cd564a4b06ef037ac3e334f8324b5edbc753e8ed9f34910dc00e60b7,3077,20.983158300005016,0.7147383000119589,10129,1
lstm_attention,fold_4,123,6861dc9fa391bcbe,global,bear,235231008,122,279538b1cd564a4b06ef037ac3e334f8324b5edbc753e8ed9f34910dc00e60b7,3077,21.30710239999462,0.8534559999970952,10129,1
lstm_attention,fold_4,123,14b06c5bd1a6680c,regime,bull,288347036,122,279538b1cd564a4b06ef037ac3e334f8324b5edbc753e8ed9f34910dc00e60b7,1107,11.950379999994766,0.7207568000012543,10129,1
lstm_attention,fold_4,123,48874a45b251646c,regime,sideway,2046851630,122,279538b1cd564a4b06ef037ac3e334f8324b5edbc753e8ed9f34910dc00e60b7,1077,11.140088000000103,0.737443500009249,10129,3
lstm_attention,fold_4,123,1e8371ab8eec9487,regime,bear,235231008,122,279538b1cd564a4b06ef037ac3e334f8324b5edbc753e8ed9f34910dc00e60b7,893,10.459787900006631,0.7654242999997223,10129,1
lstm_attention,fold_4,123,d47132bd6593af86,regime,bull,288347036,30,834d1e1f08392962409a468e4fdae8502fe8638e073183aebbdba5131f23b9c5,1107,11.038850299999469,0.8437040000135312,4241,1
lstm_attention,fold_4,123,811180e142e3501c,regime,bear,235231008,80,3034bb44ef0fa18ea49b08e084cf6672fd5fcb2627e8c5fb230ab20b267caba1,893,9.87199519999558,0.825304199999664,7441,1
lstm_attention,fold_4,123,6c191bd41bb3200e,regime,bull,288347036,30,a1b9f7ead332a02910a8d37cb3752a111385bcc0b64732a2fe41aa1b2ee40373,1107,10.854084200007492,0.8116125999949872,4241,1
lstm_attention,fold_4,123,009f5d323f855d57,regime,bear,235231008,80,2d219eb3b9d856056e5f2c4cf90b12cdae9574f9a997f641ca3098c3d3f5527d,893,10.358576400001766,0.8150985999964178,7441,1
lstm_attention,fold_4,2025,07356d245ea235a0,global,global,2025,122,279538b1cd564a4b06ef037ac3e334f8324b5edbc753e8ed9f34910dc00e60b7,3077,20.826049800001783,0.6941919999953825,10129,3
lstm_attention,fold_4,2025,42bcd83b4461c14b,global,bull,2072905862,122,279538b1cd564a4b06ef037ac3e334f8324b5edbc753e8ed9f34910dc00e60b7,3077,22.52953549999802,0.689935799993691,10129,1
lstm_attention,fold_4,2025,f5403de8f6e41a31,global,sideway,1719281127,122,279538b1cd564a4b06ef037ac3e334f8324b5edbc753e8ed9f34910dc00e60b7,3077,22.273786399993696,0.6757878000062192,10129,1
lstm_attention,fold_4,2025,997c5d0b3c6dd154,global,bear,926380243,122,279538b1cd564a4b06ef037ac3e334f8324b5edbc753e8ed9f34910dc00e60b7,3077,22.13073850001092,0.6823159000050509,10129,1
lstm_attention,fold_4,2025,b6ee8b5f108979a0,regime,bull,2072905862,122,279538b1cd564a4b06ef037ac3e334f8324b5edbc753e8ed9f34910dc00e60b7,1107,11.278302699996855,0.6538093999988632,10129,1
lstm_attention,fold_4,2025,d55a4748d308dbec,regime,sideway,1719281127,122,279538b1cd564a4b06ef037ac3e334f8324b5edbc753e8ed9f34910dc00e60b7,1077,11.499340700000175,1.3887912999925902,10129,3
lstm_attention,fold_4,2025,a0eaec6f147e548e,regime,bear,926380243,122,279538b1cd564a4b06ef037ac3e334f8324b5edbc753e8ed9f34910dc00e60b7,893,10.055630200004089,0.6728404000023147,10129,1
lstm_attention,fold_4,2025,8c3d48e3b80bdfc7,regime,bull,2072905862,30,834d1e1f08392962409a468e4fdae8502fe8638e073183aebbdba5131f23b9c5,1107,11.20525970000017,0.6741110000002664,4241,1
lstm_attention,fold_4,2025,245227fb2db724b4,regime,bear,926380243,80,3034bb44ef0fa18ea49b08e084cf6672fd5fcb2627e8c5fb230ab20b267caba1,893,9.74545419999049,0.7054493999894476,7441,1
lstm_attention,fold_4,2025,a34f3ab5e96a284a,regime,bull,2072905862,30,a1b9f7ead332a02910a8d37cb3752a111385bcc0b64732a2fe41aa1b2ee40373,1107,10.80897269998968,0.6702324999932898,4241,1
lstm_attention,fold_4,2025,76178e43da741317,regime,bear,926380243,80,2d219eb3b9d856056e5f2c4cf90b12cdae9574f9a997f641ca3098c3d3f5527d,893,9.644196799999918,0.7007068999955663,7441,1
lstm_attention,fold_4,42,243d1d20c59ea695,global,global,42,122,279538b1cd564a4b06ef037ac3e334f8324b5edbc753e8ed9f34910dc00e60b7,3077,20.113197900005616,0.8199086999957217,10129,3
lstm_attention,fold_4,42,c6c21e74fe2a4923,global,bull,233391756,122,279538b1cd564a4b06ef037ac3e334f8324b5edbc753e8ed9f34910dc00e60b7,3077,20.36335770000005,0.8758420999947703,10129,1
lstm_attention,fold_4,42,b5b873c4d8bca397,global,sideway,1801841624,122,279538b1cd564a4b06ef037ac3e334f8324b5edbc753e8ed9f34910dc00e60b7,3077,21.56906860000163,0.8308835000061663,10129,1
lstm_attention,fold_4,42,9eb1d752fa89ad86,global,bear,1151042323,122,279538b1cd564a4b06ef037ac3e334f8324b5edbc753e8ed9f34910dc00e60b7,3077,21.613227699999698,0.7789622000127565,10129,1
lstm_attention,fold_4,42,9a67bd7809257315,regime,bull,233391756,122,279538b1cd564a4b06ef037ac3e334f8324b5edbc753e8ed9f34910dc00e60b7,1107,12.257083799995598,0.8232091000099899,10129,1
lstm_attention,fold_4,42,9eafb36efdad20c4,regime,sideway,1801841624,122,279538b1cd564a4b06ef037ac3e334f8324b5edbc753e8ed9f34910dc00e60b7,1077,10.333489699987696,0.7395745999965584,10129,3
lstm_attention,fold_4,42,05ccbf32630d39ed,regime,bear,1151042323,122,279538b1cd564a4b06ef037ac3e334f8324b5edbc753e8ed9f34910dc00e60b7,893,9.196812399997723,0.7912486999994144,10129,1
lstm_attention,fold_4,42,34de64701a26b458,regime,bull,233391756,30,834d1e1f08392962409a468e4fdae8502fe8638e073183aebbdba5131f23b9c5,1107,9.770697600004496,0.6445094000082463,4241,1
lstm_attention,fold_4,42,22cd5dc3912d36e5,regime,bear,1151042323,80,3034bb44ef0fa18ea49b08e084cf6672fd5fcb2627e8c5fb230ab20b267caba1,893,9.941192199999932,0.759260600010748,7441,1
lstm_attention,fold_4,42,7a4d31655d9846e7,regime,bull,233391756,30,a1b9f7ead332a02910a8d37cb3752a111385bcc0b64732a2fe41aa1b2ee40373,1107,11.266510900008145,0.8488309000094887,4241,1
lstm_attention,fold_4,42,8d40d9e323ff7794,regime,bear,1151042323,80,2d219eb3b9d856056e5f2c4cf90b12cdae9574f9a997f641ca3098c3d3f5527d,893,9.73278659999778,0.8491162999998778,7441,1
lstm_attention,fold_4,456,e3bca2228e072ec8,global,global,456,122,279538b1cd564a4b06ef037ac3e334f8324b5edbc753e8ed9f34910dc00e60b7,3077,19.90165600000182,0.7350841000006767,10129,3
lstm_attention,fold_4,456,1662c7f899c10629,global,bull,1574850040,122,279538b1cd564a4b06ef037ac3e334f8324b5edbc753e8ed9f34910dc00e60b7,3077,17.289913899992825,0.5155426999990596,10129,1
lstm_attention,fold_4,456,3d3a62fb0fc63d91,global,sideway,376207022,122,279538b1cd564a4b06ef037ac3e334f8324b5edbc753e8ed9f34910dc00e60b7,3077,16.979247700000997,0.5574172999913571,10129,1
lstm_attention,fold_4,456,4864033066cfe948,global,bear,518123612,122,279538b1cd564a4b06ef037ac3e334f8324b5edbc753e8ed9f34910dc00e60b7,3077,18.75312769999437,0.66667900000175,10129,1
lstm_attention,fold_4,456,9c902a900dff1a5f,regime,bull,1574850040,122,279538b1cd564a4b06ef037ac3e334f8324b5edbc753e8ed9f34910dc00e60b7,1107,10.322549900010928,0.7285455999954138,10129,1
lstm_attention,fold_4,456,ee23cc6f475eef16,regime,sideway,376207022,122,279538b1cd564a4b06ef037ac3e334f8324b5edbc753e8ed9f34910dc00e60b7,1077,10.8234752999997,0.7106506999989506,10129,3
lstm_attention,fold_4,456,c92fadb76415b4b7,regime,bear,518123612,122,279538b1cd564a4b06ef037ac3e334f8324b5edbc753e8ed9f34910dc00e60b7,893,9.621766299998852,0.741056299986667,10129,1
lstm_attention,fold_4,456,77e8242fff3c7c5c,regime,bull,1574850040,30,834d1e1f08392962409a468e4fdae8502fe8638e073183aebbdba5131f23b9c5,1107,11.325177799997618,0.8660773000010522,4241,1
lstm_attention,fold_4,456,33c236d4a9a7b3a9,regime,bear,518123612,80,3034bb44ef0fa18ea49b08e084cf6672fd5fcb2627e8c5fb230ab20b267caba1,893,9.547219200001564,0.726486899991869,7441,1
lstm_attention,fold_4,456,1b4a5d91afcf53de,regime,bull,1574850040,30,a1b9f7ead332a02910a8d37cb3752a111385bcc0b64732a2fe41aa1b2ee40373,1107,10.48795870000322,0.6745348999975249,4241,1
lstm_attention,fold_4,456,3d6e305978b81958,regime,bear,518123612,80,2d219eb3b9d856056e5f2c4cf90b12cdae9574f9a997f641ca3098c3d3f5527d,893,9.57269400000223,0.7142786999902455,7441,1
lstm_attention,fold_4,789,5088057e20bc2e12,global,global,789,122,279538b1cd564a4b06ef037ac3e334f8324b5edbc753e8ed9f34910dc00e60b7,3077,21.19557779999741,0.6820727000012994,10129,3
lstm_attention,fold_4,789,728d39afb8e24471,global,bull,566602380,122,279538b1cd564a4b06ef037ac3e334f8324b5edbc753e8ed9f34910dc00e60b7,3077,21.51899300000514,0.7162056999950437,10129,1
lstm_attention,fold_4,789,b5120794d885de99,global,sideway,1412251680,122,279538b1cd564a4b06ef037ac3e334f8324b5edbc753e8ed9f34910dc00e60b7,3077,21.599088000002663,0.7467424999922514,10129,1
lstm_attention,fold_4,789,e9c0d08623dcc1de,global,bear,1676376697,122,279538b1cd564a4b06ef037ac3e334f8324b5edbc753e8ed9f34910dc00e60b7,3077,21.861317499991856,0.6862888999894494,10129,1
lstm_attention,fold_4,789,e5749eb10c248825,regime,bull,566602380,122,279538b1cd564a4b06ef037ac3e334f8324b5edbc753e8ed9f34910dc00e60b7,1107,11.098754499995266,0.6963183999905596,10129,1
lstm_attention,fold_4,789,2995e08483076a4c,regime,sideway,1412251680,122,279538b1cd564a4b06ef037ac3e334f8324b5edbc753e8ed9f34910dc00e60b7,1077,10.963918299996294,0.6519835999934003,10129,3
lstm_attention,fold_4,789,a50a2a50e4dd22ed,regime,bear,1676376697,122,279538b1cd564a4b06ef037ac3e334f8324b5edbc753e8ed9f34910dc00e60b7,893,9.512652499994148,0.5468914000084624,10129,1
lstm_attention,fold_4,789,cada770d877fe90d,regime,bull,566602380,30,834d1e1f08392962409a468e4fdae8502fe8638e073183aebbdba5131f23b9c5,1107,9.1701286000025,0.5494045000086771,4241,1
lstm_attention,fold_4,789,8b5dbf741fa63a28,regime,bear,1676376697,80,3034bb44ef0fa18ea49b08e084cf6672fd5fcb2627e8c5fb230ab20b267caba1,893,8.542953500000294,0.719096000000718,7441,1
lstm_attention,fold_4,789,d34b7159abd3aea7,regime,bull,566602380,30,a1b9f7ead332a02910a8d37cb3752a111385bcc0b64732a2fe41aa1b2ee40373,1107,9.471150900004432,0.6093865000002552,4241,1
lstm_attention,fold_4,789,d6e30fd462ababe9,regime,bear,1676376697,80,2d219eb3b9d856056e5f2c4cf90b12cdae9574f9a997f641ca3098c3d3f5527d,893,8.217240900004981,0.5470345000067027,7441,1
lstm_cnn,fold_1,123,8702158798139e08,global,global,123,122,279538b1cd564a4b06ef037ac3e334f8324b5edbc753e8ed9f34910dc00e60b7,2339,16.18887439998798,0.8036346000008052,10737,3
lstm_cnn,fold_1,123,50f96243bc475446,global,bull,288347036,122,279538b1cd564a4b06ef037ac3e334f8324b5edbc753e8ed9f34910dc00e60b7,2339,16.460179600006086,0.739085300010629,10737,1
lstm_cnn,fold_1,123,93aa1e9ed6cba158,global,sideway,2046851630,122,279538b1cd564a4b06ef037ac3e334f8324b5edbc753e8ed9f34910dc00e60b7,2339,16.621635799994692,0.738902600001893,10737,1
lstm_cnn,fold_1,123,6861dc9fa391bcbe,global,bear,235231008,122,279538b1cd564a4b06ef037ac3e334f8324b5edbc753e8ed9f34910dc00e60b7,2339,15.233883900000365,0.5903209999960382,10737,1
lstm_cnn,fold_1,123,14b06c5bd1a6680c,regime,bull,288347036,122,279538b1cd564a4b06ef037ac3e334f8324b5edbc753e8ed9f34910dc00e60b7,891,7.689752799997223,0.4790902999957325,10737,1
lstm_cnn,fold_1,123,48874a45b251646c,regime,sideway,2046851630,122,279538b1cd564a4b06ef037ac3e334f8324b5edbc753e8ed9f34910dc00e60b7,821,6.691789299991797,0.5429245999985142,10737,3
lstm_cnn,fold_1,123,1e8371ab8eec9487,regime,bear,235231008,122,279538b1cd564a4b06ef037ac3e334f8324b5edbc753e8ed9f34910dc00e60b7,627,6.678695900001912,0.8155569000082323,10737,1
lstm_cnn,fold_1,123,d47132bd6593af86,regime,bull,288347036,30,834d1e1f08392962409a468e4fdae8502fe8638e073183aebbdba5131f23b9c5,891,9.431388900004094,0.7225864000065485,4849,1
lstm_cnn,fold_1,123,811180e142e3501c,regime,bear,235231008,80,3034bb44ef0fa18ea49b08e084cf6672fd5fcb2627e8c5fb230ab20b267caba1,627,8.12525789999927,0.6718461999989813,8049,1
lstm_cnn,fold_1,123,6c191bd41bb3200e,regime,bull,288347036,30,a1b9f7ead332a02910a8d37cb3752a111385bcc0b64732a2fe41aa1b2ee40373,891,9.85038540000096,0.6722031999961473,4849,1
lstm_cnn,fold_1,123,009f5d323f855d57,regime,bear,235231008,80,2d219eb3b9d856056e5f2c4cf90b12cdae9574f9a997f641ca3098c3d3f5527d,627,8.59693289999268,0.6621098999894457,8049,1
lstm_cnn,fold_1,2025,07356d245ea235a0,global,global,2025,122,279538b1cd564a4b06ef037ac3e334f8324b5edbc753e8ed9f34910dc00e60b7,2339,15.088661700006924,0.5644001999899046,10737,3
lstm_cnn,fold_1,2025,42bcd83b4461c14b,global,bull,2072905862,122,279538b1cd564a4b06ef037ac3e334f8324b5edbc753e8ed9f34910dc00e60b7,2339,16.233600599996862,0.8550236000010045,10737,1
lstm_cnn,fold_1,2025,f5403de8f6e41a31,global,sideway,1719281127,122,279538b1cd564a4b06ef037ac3e334f8324b5edbc753e8ed9f34910dc00e60b7,2339,15.92235150000488,0.6423146000015549,10737,1
lstm_cnn,fold_1,2025,997c5d0b3c6dd154,global,bear,926380243,122,279538b1cd564a4b06ef037ac3e334f8324b5edbc753e8ed9f34910dc00e60b7,2339,16.876814300005208,0.6616619999986142,10737,1
lstm_cnn,fold_1,2025,b6ee8b5f108979a0,regime,bull,2072905862,122,279538b1cd564a4b06ef037ac3e334f8324b5edbc753e8ed9f34910dc00e60b7,891,9.300506400002632,0.7707363000081386,10737,1
lstm_cnn,fold_1,2025,d55a4748d308dbec,regime,sideway,1719281127,122,279538b1cd564a4b06ef037ac3e334f8324b5edbc753e8ed9f34910dc00e60b7,821,8.687156400003005,0.7328882000001613,10737,3
lstm_cnn,fold_1,2025,a0eaec6f147e548e,regime,bear,926380243,122,279538b1cd564a4b06ef037ac3e334f8324b5edbc753e8ed9f34910dc00e60b7,627,8.271461899988935,0.7344894999987446,10737,1
lstm_cnn,fold_1,2025,8c3d48e3b80bdfc7,regime,bull,2072905862,30,834d1e1f08392962409a468e4fdae8502fe8638e073183aebbdba5131f23b9c5,891,8.889326699994854,0.7326611000025878,4849,1
lstm_cnn,fold_1,2025,245227fb2db724b4,regime,bear,926380243,80,3034bb44ef0fa18ea49b08e084cf6672fd5fcb2627e8c5fb230ab20b267caba1,627,8.313201799988747,0.7294992999959504,8049,1
lstm_cnn,fold_1,2025,a34f3ab5e96a284a,regime,bull,2072905862,30,a1b9f7ead332a02910a8d37cb3752a111385bcc0b64732a2fe41aa1b2ee40373,891,8.400859000001219,0.7396894999983488,4849,1
lstm_cnn,fold_1,2025,76178e43da741317,regime,bear,926380243,80,2d219eb3b9d856056e5f2c4cf90b12cdae9574f9a997f641ca3098c3d3f5527d,627,7.521139100004802,0.6292882999987341,8049,1
lstm_cnn,fold_1,42,243d1d20c59ea695,global,global,42,122,279538b1cd564a4b06ef037ac3e334f8324b5edbc753e8ed9f34910dc00e60b7,2339,16.99209329999576,0.5851544000033755,10737,3
lstm_cnn,fold_1,42,c6c21e74fe2a4923,global,bull,233391756,122,279538b1cd564a4b06ef037ac3e334f8324b5edbc753e8ed9f34910dc00e60b7,2339,16.37637790000008,0.6772466999973403,10737,1
lstm_cnn,fold_1,42,b5b873c4d8bca397,global,sideway,1801841624,122,279538b1cd564a4b06ef037ac3e334f8324b5edbc753e8ed9f34910dc00e60b7,2339,16.384776100007002,0.634135399988736,10737,1
lstm_cnn,fold_1,42,9eb1d752fa89ad86,global,bear,1151042323,122,279538b1cd564a4b06ef037ac3e334f8324b5edbc753e8ed9f34910dc00e60b7,2339,15.932017700004508,0.7587480999936815,10737,1
lstm_cnn,fold_1,42,9a67bd7809257315,regime,bull,233391756,122,279538b1cd564a4b06ef037ac3e334f8324b5edbc753e8ed9f34910dc00e60b7,891,8.522381400005543,0.7400712000089698,10737,1
lstm_cnn,fold_1,42,9eafb36efdad20c4,regime,sideway,1801841624,122,279538b1cd564a4b06ef037ac3e334f8324b5edbc753e8ed9f34910dc00e60b7,821,8.742253300006269,0.7326879000029294,10737,3
lstm_cnn,fold_1,42,05ccbf32630d39ed,regime,bear,1151042323,122,279538b1cd564a4b06ef037ac3e334f8324b5edbc753e8ed9f34910dc00e60b7,627,7.525085699991905,0.6766084999981103,10737,1
lstm_cnn,fold_1,42,34de64701a26b458,regime,bull,233391756,30,834d1e1f08392962409a468e4fdae8502fe8638e073183aebbdba5131f23b9c5,891,8.767353300005198,0.660375200008275,4849,1
lstm_cnn,fold_1,42,22cd5dc3912d36e5,regime,bear,1151042323,80,3034bb44ef0fa18ea49b08e084cf6672fd5fcb2627e8c5fb230ab20b267caba1,627,8.018367299999227,0.5853419999912148,8049,1
lstm_cnn,fold_1,42,7a4d31655d9846e7,regime,bull,233391756,30,a1b9f7ead332a02910a8d37cb3752a111385bcc0b64732a2fe41aa1b2ee40373,891,8.841956699994626,0.59438599999703,4849,1
lstm_cnn,fold_1,42,8d40d9e323ff7794,regime,bear,1151042323,80,2d219eb3b9d856056e5f2c4cf90b12cdae9574f9a997f641ca3098c3d3f5527d,627,7.8781042000046,0.5409194999956526,8049,1
lstm_cnn,fold_1,456,e3bca2228e072ec8,global,global,456,122,279538b1cd564a4b06ef037ac3e334f8324b5edbc753e8ed9f34910dc00e60b7,2339,16.27644099999452,0.732815399998799,10737,3
lstm_cnn,fold_1,456,1662c7f899c10629,global,bull,1574850040,122,279538b1cd564a4b06ef037ac3e334f8324b5edbc753e8ed9f34910dc00e60b7,2339,16.013134699998773,0.7777155000076164,10737,1
lstm_cnn,fold_1,456,3d3a62fb0fc63d91,global,sideway,376207022,122,279538b1cd564a4b06ef037ac3e334f8324b5edbc753e8ed9f34910dc00e60b7,2339,16.29801809998753,0.7697455000015907,10737,1
lstm_cnn,fold_1,456,4864033066cfe948,global,bear,518123612,122,279538b1cd564a4b06ef037ac3e334f8324b5edbc753e8ed9f34910dc00e60b7,2339,16.44290040001215,0.8125292000040645,10737,1
lstm_cnn,fold_1,456,9c902a900dff1a5f,regime,bull,1574850040,122,279538b1cd564a4b06ef037ac3e334f8324b5edbc753e8ed9f34910dc00e60b7,891,9.359809100002169,0.6386108999868156,10737,1
lstm_cnn,fold_1,456,ee23cc6f475eef16,regime,sideway,376207022,122,279538b1cd564a4b06ef037ac3e334f8324b5edbc753e8ed9f34910dc00e60b7,821,9.42135610000696,0.7657993000029819,10737,3
lstm_cnn,fold_1,456,c92fadb76415b4b7,regime,bear,518123612,122,279538b1cd564a4b06ef037ac3e334f8324b5edbc753e8ed9f34910dc00e60b7,627,7.296712600000319,0.7396925999928499,10737,1
lstm_cnn,fold_1,456,77e8242fff3c7c5c,regime,bull,1574850040,30,834d1e1f08392962409a468e4fdae8502fe8638e073183aebbdba5131f23b9c5,891,8.964230600002338,0.6145453000062844,4849,1
lstm_cnn,fold_1,456,33c236d4a9a7b3a9,regime,bear,518123612,80,3034bb44ef0fa18ea49b08e084cf6672fd5fcb2627e8c5fb230ab20b267caba1,627,7.514709399998537,0.5693700999981957,8049,1
lstm_cnn,fold_1,456,1b4a5d91afcf53de,regime,bull,1574850040,30,a1b9f7ead332a02910a8d37cb3752a111385bcc0b64732a2fe41aa1b2ee40373,891,8.899443600006634,0.5773341000021901,4849,1
lstm_cnn,fold_1,456,3d6e305978b81958,regime,bear,518123612,80,2d219eb3b9d856056e5f2c4cf90b12cdae9574f9a997f641ca3098c3d3f5527d,627,7.779376999998931,0.5795839000056731,8049,1
lstm_cnn,fold_1,789,5088057e20bc2e12,global,global,789,122,279538b1cd564a4b06ef037ac3e334f8324b5edbc753e8ed9f34910dc00e60b7,2339,15.9608062000043,0.7564577000011923,10737,3
lstm_cnn,fold_1,789,728d39afb8e24471,global,bull,566602380,122,279538b1cd564a4b06ef037ac3e334f8324b5edbc753e8ed9f34910dc00e60b7,2339,16.401348699990194,0.569006999998237,10737,1
lstm_cnn,fold_1,789,b5120794d885de99,global,sideway,1412251680,122,279538b1cd564a4b06ef037ac3e334f8324b5edbc753e8ed9f34910dc00e60b7,2339,16.229771500002244,0.5462477000110084,10737,1
lstm_cnn,fold_1,789,e9c0d08623dcc1de,global,bear,1676376697,122,279538b1cd564a4b06ef037ac3e334f8324b5edbc753e8ed9f34910dc00e60b7,2339,16.165787899997667,0.6151738000044134,10737,1
lstm_cnn,fold_1,789,e5749eb10c248825,regime,bull,566602380,122,279538b1cd564a4b06ef037ac3e334f8324b5edbc753e8ed9f34910dc00e60b7,891,8.70757670000603,0.7558469999930821,10737,1
lstm_cnn,fold_1,789,2995e08483076a4c,regime,sideway,1412251680,122,279538b1cd564a4b06ef037ac3e334f8324b5edbc753e8ed9f34910dc00e60b7,821,9.102425599994604,0.5912631000101101,10737,3
lstm_cnn,fold_1,789,a50a2a50e4dd22ed,regime,bear,1676376697,122,279538b1cd564a4b06ef037ac3e334f8324b5edbc753e8ed9f34910dc00e60b7,627,8.487309899996035,0.8680295999947703,10737,1
lstm_cnn,fold_1,789,cada770d877fe90d,regime,bull,566602380,30,834d1e1f08392962409a468e4fdae8502fe8638e073183aebbdba5131f23b9c5,891,10.067682799999602,0.6898643000022275,4849,1
lstm_cnn,fold_1,789,8b5dbf741fa63a28,regime,bear,1676376697,80,3034bb44ef0fa18ea49b08e084cf6672fd5fcb2627e8c5fb230ab20b267caba1,627,8.364878100008355,0.6269271000055596,8049,1
lstm_cnn,fold_1,789,d34b7159abd3aea7,regime,bull,566602380,30,a1b9f7ead332a02910a8d37cb3752a111385bcc0b64732a2fe41aa1b2ee40373,891,8.191159900001367,0.3813681999890832,4849,1
lstm_cnn,fold_1,789,d6e30fd462ababe9,regime,bear,1676376697,80,2d219eb3b9d856056e5f2c4cf90b12cdae9574f9a997f641ca3098c3d3f5527d,627,6.30605729999661,0.7588188999943668,8049,1
lstm_cnn,fold_2,123,8702158798139e08,global,global,123,122,279538b1cd564a4b06ef037ac3e334f8324b5edbc753e8ed9f34910dc00e60b7,2580,19.20973029999004,0.7257504000008339,10737,3
lstm_cnn,fold_2,123,50f96243bc475446,global,bull,288347036,122,279538b1cd564a4b06ef037ac3e334f8324b5edbc753e8ed9f34910dc00e60b7,2580,19.722137599994312,0.7357875000016065,10737,1
lstm_cnn,fold_2,123,93aa1e9ed6cba158,global,sideway,2046851630,122,279538b1cd564a4b06ef037ac3e334f8324b5edbc753e8ed9f34910dc00e60b7,2580,20.146717299998272,0.7261791000055382,10737,1
lstm_cnn,fold_2,123,6861dc9fa391bcbe,global,bear,235231008,122,279538b1cd564a4b06ef037ac3e334f8324b5edbc753e8ed9f34910dc00e60b7,2580,19.606631300004665,0.7312041999975918,10737,1
lstm_cnn,fold_2,123,14b06c5bd1a6680c,regime,bull,288347036,122,279538b1cd564a4b06ef037ac3e334f8324b5edbc753e8ed9f34910dc00e60b7,977,10.582583200011868,0.6981627999921329,10737,1
lstm_cnn,fold_2,123,48874a45b251646c,regime,sideway,2046851630,122,279538b1cd564a4b06ef037ac3e334f8324b5edbc753e8ed9f34910dc00e60b7,906,10.851218900003005,0.8543452000012621,10737,3
lstm_cnn,fold_2,123,1e8371ab8eec9487,regime,bear,235231008,122,279538b1cd564a4b06ef037ac3e334f8324b5edbc753e8ed9f34910dc00e60b7,697,8.6851125999965,0.8118104000022868,10737,1
lstm_cnn,fold_2,123,d47132bd6593af86,regime,bull,288347036,30,834d1e1f08392962409a468e4fdae8502fe8638e073183aebbdba5131f23b9c5,977,11.00236009999935,0.7850389999948675,4849,1
lstm_cnn,fold_2,123,811180e142e3501c,regime,bear,235231008,80,3034bb44ef0fa18ea49b08e084cf6672fd5fcb2627e8c5fb230ab20b267caba1,697,8.455480499993428,0.824439899995923,8049,1
lstm_cnn,fold_2,123,6c191bd41bb3200e,regime,bull,288347036,30,a1b9f7ead332a02910a8d37cb3752a111385bcc0b64732a2fe41aa1b2ee40373,977,11.016623900010018,0.8336483000020962,4849,1
lstm_cnn,fold_2,123,009f5d323f855d57,regime,bear,235231008,80,2d219eb3b9d856056e5f2c4cf90b12cdae9574f9a997f641ca3098c3d3f5527d,697,8.750151899992488,0.8272882000019308,8049,1
lstm_cnn,fold_2,2025,07356d245ea235a0,global,global,2025,122,279538b1cd564a4b06ef037ac3e334f8324b5edbc753e8ed9f34910dc00e60b7,2580,16.030160900001647,0.7101927000039723,10737,3
lstm_cnn,fold_2,2025,42bcd83b4461c14b,global,bull,2072905862,122,279538b1cd564a4b06ef037ac3e334f8324b5edbc753e8ed9f34910dc00e60b7,2580,16.452294600007008,0.7002183999866247,10737,1
lstm_cnn,fold_2,2025,f5403de8f6e41a31,global,sideway,1719281127,122,279538b1cd564a4b06ef037ac3e334f8324b5edbc753e8ed9f34910dc00e60b7,2580,16.3952019999997,0.6915842999878805,10737,1
lstm_cnn,fold_2,2025,997c5d0b3c6dd154,global,bear,926380243,122,279538b1cd564a4b06ef037ac3e334f8324b5edbc753e8ed9f34910dc00e60b7,2580,16.41869739998947,0.6535198999918066,10737,1
lstm_cnn,fold_2,2025,b6ee8b5f108979a0,regime,bull,2072905862,122,279538b1cd564a4b06ef037ac3e334f8324b5edbc753e8ed9f34910dc00e60b7,977,9.131035300000804,0.6443341999984113,10737,1
lstm_cnn,fold_2,2025,d55a4748d308dbec,regime,sideway,1719281127,122,279538b1cd564a4b06ef037ac3e334f8324b5edbc753e8ed9f34910dc00e60b7,906,8.365408900004695,0.651762499997858,10737,3
lstm_cnn,fold_2,2025,a0eaec6f147e548e,regime,bear,926380243,122,279538b1cd564a4b06ef037ac3e334f8324b5edbc753e8ed9f34910dc00e60b7,697,7.52255769999465,0.6577877999952761,10737,1
lstm_cnn,fold_2,2025,8c3d48e3b80bdfc7,regime,bull,2072905862,30,834d1e1f08392962409a468e4fdae8502fe8638e073183aebbdba5131f23b9c5,977,9.012277899993933,0.6469541999977082,4849,1
lstm_cnn,fold_2,2025,245227fb2db724b4,regime,bear,926380243,80,3034bb44ef0fa18ea49b08e084cf6672fd5fcb2627e8c5fb230ab20b267caba1,697,7.684005999995861,0.605825199992978,8049,1
lstm_cnn,fold_2,2025,a34f3ab5e96a284a,regime,bull,2072905862,30,a1b9f7ead332a02910a8d37cb3752a111385bcc0b64732a2fe41aa1b2ee40373,977,9.19434159999946,0.6179469999915455,4849,1
lstm_cnn,fold_2,2025,76178e43da741317,regime,bear,926380243,80,2d219eb3b9d856056e5f2c4cf90b12cdae9574f9a997f641ca3098c3d3f5527d,697,7.456488199997693,0.5194003999931738,8049,1
lstm_cnn,fold_2,42,243d1d20c59ea695,global,global,42,122,279538b1cd564a4b06ef037ac3e334f8324b5edbc753e8ed9f34910dc00e60b7,2580,17.615142299997387,0.6053975999966497,10737,3
lstm_cnn,fold_2,42,c6c21e74fe2a4923,global,bull,233391756,122,279538b1cd564a4b06ef037ac3e334f8324b5edbc753e8ed9f34910dc00e60b7,2580,17.191417699999874,0.7150764000107301,10737,1
lstm_cnn,fold_2,42,b5b873c4d8bca397,global,sideway,1801841624,122,279538b1cd564a4b06ef037ac3e334f8324b5edbc753e8ed9f34910dc00e60b7,2580,19.06214939999336,0.7238896999915596,10737,1
lstm_cnn,fold_2,42,9eb1d752fa89ad86,global,bear,1151042323,122,279538b1cd564a4b06ef037ac3e334f8324b5edbc753e8ed9f34910dc00e60b7,2580,19.462504900002383,0.7635211000015261,10737,1
lstm_cnn,fold_2,42,9a67bd7809257315,regime,bull,233391756,122,279538b1cd564a4b06ef037ac3e334f8324b5edbc753e8ed9f34910dc00e60b7,977,10.546416400000451,0.6647880999953486,10737,1
lstm_cnn,fold_2,42,9eafb36efdad20c4,regime,sideway,1801841624,122,279538b1cd564a4b06ef037ac3e334f8324b5edbc753e8ed9f34910dc00e60b7,906,9.439208399999188,0.7286040999897523,10737,3
lstm_cnn,fold_2,42,05ccbf32630d39ed,regime,bear,1151042323,122,279538b1cd564a4b06ef037ac3e334f8324b5edbc753e8ed9f34910dc00e60b7,697,8.55603799999517,0.6085393999965163,10737,1
lstm_cnn,fold_2,42,34de64701a26b458,regime,bull,233391756,30,834d1e1f08392962409a468e4fdae8502fe8638e073183aebbdba5131f23b9c5,977,10.19529770000372,0.7250985999999102,4849,1
lstm_cnn,fold_2,42,22cd5dc3912d36e5,regime,bear,1151042323,80,3034bb44ef0fa18ea49b08e084cf6672fd5fcb2627e8c5fb230ab20b267caba1,697,8.505523400002858,0.6126779000042006,8049,1
lstm_cnn,fold_2,42,7a4d31655d9846e7,regime,bull,233391756,30,a1b9f7ead332a02910a8d37cb3752a111385bcc0b64732a2fe41aa1b2ee40373,977,9.987312900004326,0.7457182000071043,4849,1
lstm_cnn,fold_2,42,8d40d9e323ff7794,regime,bear,1151042323,80,2d219eb3b9d856056e5f2c4cf90b12cdae9574f9a997f641ca3098c3d3f5527d,697,8.729841000007582,0.6772252999944612,8049,1
lstm_cnn,fold_2,456,e3bca2228e072ec8,global,global,456,122,279538b1cd564a4b06ef037ac3e334f8324b5edbc753e8ed9f34910dc00e60b7,2580,20.847182099998463,0.8655994000000646,10737,3
lstm_cnn,fold_2,456,1662c7f899c10629,global,bull,1574850040,122,279538b1cd564a4b06ef037ac3e334f8324b5edbc753e8ed9f34910dc00e60b7,2580,17.105630100006238,0.6797282000043197,10737,1
lstm_cnn,fold_2,456,3d3a62fb0fc63d91,global,sideway,376207022,122,279538b1cd564a4b06ef037ac3e334f8324b5edbc753e8ed9f34910dc00e60b7,2580,19.197435699999915,0.7777922000095714,10737,1
lstm_cnn,fold_2,456,4864033066cfe948,global,bear,518123612,122,279538b1cd564a4b06ef037ac3e334f8324b5edbc753e8ed9f34910dc00e60b7,2580,16.610213500011014,0.4576106000022264,10737,1
lstm_cnn,fold_2,456,9c902a900dff1a5f,regime,bull,1574850040,122,279538b1cd564a4b06ef037ac3e334f8324b5edbc753e8ed9f34910dc00e60b7,977,7.745265999998082,0.5041985999996541,10737,1
lstm_cnn,fold_2,456,ee23cc6f475eef16,regime,sideway,376207022,122,279538b1cd564a4b06ef037ac3e334f8324b5edbc753e8ed9f34910dc00e60b7,906,6.842912499996601,0.4593530999991344,10737,3
lstm_cnn,fold_2,456,c92fadb76415b4b7,regime,bear,518123612,122,279538b1cd564a4b06ef037ac3e334f8324b5edbc753e8ed9f34910dc00e60b7,697,7.253048400001717,0.658651000005193,10737,1
lstm_cnn,fold_2,456,77e8242fff3c7c5c,regime,bull,1574850040,30,834d1e1f08392962409a468e4fdae8502fe8638e073183aebbdba5131f23b9c5,977,8.075264800005243,0.4246266999980435,4849,1
lstm_cnn,fold_2,456,33c236d4a9a7b3a9,regime,bear,518123612,80,3034bb44ef0fa18ea49b08e084cf6672fd5fcb2627e8c5fb230ab20b267caba1,697,8.757159700006014,0.7255816000106279,8049,1
lstm_cnn,fold_2,456,1b4a5d91afcf53de,regime,bull,1574850040,30,a1b9f7ead332a02910a8d37cb3752a111385bcc0b64732a2fe41aa1b2ee40373,977,10.437796999991406,0.6305741999967722,4849,1
lstm_cnn,fold_2,456,3d6e305978b81958,regime,bear,518123612,80,2d219eb3b9d856056e5f2c4cf90b12cdae9574f9a997f641ca3098c3d3f5527d,697,7.038262200003373,0.5728003999975044,8049,1
lstm_cnn,fold_2,789,5088057e20bc2e12,global,global,789,122,279538b1cd564a4b06ef037ac3e334f8324b5edbc753e8ed9f34910dc00e60b7,2580,16.109314199988148,0.6333050000102958,10737,3
lstm_cnn,fold_2,789,728d39afb8e24471,global,bull,566602380,122,279538b1cd564a4b06ef037ac3e334f8324b5edbc753e8ed9f34910dc00e60b7,2580,15.838797500007786,0.6056078000110574,10737,1
lstm_cnn,fold_2,789,b5120794d885de99,global,sideway,1412251680,122,279538b1cd564a4b06ef037ac3e334f8324b5edbc753e8ed9f34910dc00e60b7,2580,15.807098100005533,0.6543308999971487,10737,1
lstm_cnn,fold_2,789,e9c0d08623dcc1de,global,bear,1676376697,122,279538b1cd564a4b06ef037ac3e334f8324b5edbc753e8ed9f34910dc00e60b7,2580,15.867278400008216,0.6651999000023352,10737,1
lstm_cnn,fold_2,789,e5749eb10c248825,regime,bull,566602380,122,279538b1cd564a4b06ef037ac3e334f8324b5edbc753e8ed9f34910dc00e60b7,977,8.7702094999986,0.6808564000093611,10737,1
lstm_cnn,fold_2,789,2995e08483076a4c,regime,sideway,1412251680,122,279538b1cd564a4b06ef037ac3e334f8324b5edbc753e8ed9f34910dc00e60b7,906,8.549729200007278,0.673599000001559,10737,3
lstm_cnn,fold_2,789,a50a2a50e4dd22ed,regime,bear,1676376697,122,279538b1cd564a4b06ef037ac3e334f8324b5edbc753e8ed9f34910dc00e60b7,697,7.813399099992239,0.7193645000079414,10737,1
lstm_cnn,fold_2,789,cada770d877fe90d,regime,bull,566602380,30,834d1e1f08392962409a468e4fdae8502fe8638e073183aebbdba5131f23b9c5,977,9.156714600001578,0.6363324999983888,4849,1
lstm_cnn,fold_2,789,8b5dbf741fa63a28,regime,bear,1676376697,80,3034bb44ef0fa18ea49b08e084cf6672fd5fcb2627e8c5fb230ab20b267caba1,697,7.997242299999925,0.6493060999928275,8049,1
lstm_cnn,fold_2,789,d34b7159abd3aea7,regime,bull,566602380,30,a1b9f7ead332a02910a8d37cb3752a111385bcc0b64732a2fe41aa1b2ee40373,977,8.872150299997884,0.6350622000027215,4849,1
lstm_cnn,fold_2,789,d6e30fd462ababe9,regime,bear,1676376697,80,2d219eb3b9d856056e5f2c4cf90b12cdae9574f9a997f641ca3098c3d3f5527d,697,7.699568799987901,0.5859089000005042,8049,1
lstm_cnn,fold_3,123,8702158798139e08,global,global,123,122,279538b1cd564a4b06ef037ac3e334f8324b5edbc753e8ed9f34910dc00e60b7,2823,17.72031760000391,0.5563870000041788,10737,3
lstm_cnn,fold_3,123,50f96243bc475446,global,bull,288347036,122,279538b1cd564a4b06ef037ac3e334f8324b5edbc753e8ed9f34910dc00e60b7,2823,16.98911809999845,0.6933728000003612,10737,1
lstm_cnn,fold_3,123,93aa1e9ed6cba158,global,sideway,2046851630,122,279538b1cd564a4b06ef037ac3e334f8324b5edbc753e8ed9f34910dc00e60b7,2823,17.459775499999523,0.6756604999973206,10737,1
lstm_cnn,fold_3,123,6861dc9fa391bcbe,global,bear,235231008,122,279538b1cd564a4b06ef037ac3e334f8324b5edbc753e8ed9f34910dc00e60b7,2823,17.36900050000986,0.6969385000120383,10737,1
lstm_cnn,fold_3,123,14b06c5bd1a6680c,regime,bull,288347036,122,279538b1cd564a4b06ef037ac3e334f8324b5edbc753e8ed9f34910dc00e60b7,1016,9.317653999998583,0.593829999997979,10737,1
lstm_cnn,fold_3,123,48874a45b251646c,regime,sideway,2046851630,122,279538b1cd564a4b06ef037ac3e334f8324b5edbc753e8ed9f34910dc00e60b7,991,8.656013899992104,0.6632612999965204,10737,3
lstm_cnn,fold_3,123,1e8371ab8eec9487,regime,bear,235231008,122,279538b1cd564a4b06ef037ac3e334f8324b5edbc753e8ed9f34910dc00e60b7,816,8.39733150000393,0.6186100000049919,10737,1
lstm_cnn,fold_3,123,d47132bd6593af86,regime,bull,288347036,30,834d1e1f08392962409a468e4fdae8502fe8638e073183aebbdba5131f23b9c5,1016,8.782082999998238,0.6212062999984482,4849,1
lstm_cnn,fold_3,123,811180e142e3501c,regime,bear,235231008,80,3034bb44ef0fa18ea49b08e084cf6672fd5fcb2627e8c5fb230ab20b267caba1,816,7.977505299990298,0.6582179999968503,8049,1
lstm_cnn,fold_3,123,6c191bd41bb3200e,regime,bull,288347036,30,a1b9f7ead332a02910a8d37cb3752a111385bcc0b64732a2fe41aa1b2ee40373,1016,8.719659299997147,0.6903041999903508,4849,1
lstm_cnn,fold_3,123,009f5d323f855d57,regime,bear,235231008,80,2d219eb3b9d856056e5f2c4cf90b12cdae9574f9a997f641ca3098c3d3f5527d,816,7.969414999999572,0.6831340999924578,8049,1
lstm_cnn,fold_3,2025,07356d245ea235a0,global,global,2025,122,279538b1cd564a4b06ef037ac3e334f8324b5edbc753e8ed9f34910dc00e60b7,2823,18.24387610000849,0.5599682000029134,10737,3
lstm_cnn,fold_3,2025,42bcd83b4461c14b,global,bull,2072905862,122,279538b1cd564a4b06ef037ac3e334f8324b5edbc753e8ed9f34910dc00e60b7,2823,15.872599599999376,0.640612199989846,10737,1
lstm_cnn,fold_3,2025,f5403de8f6e41a31,global,sideway,1719281127,122,279538b1cd564a4b06ef037ac3e334f8324b5edbc753e8ed9f34910dc00e60b7,2823,15.339337299999896,0.4866033999860519,10737,1
lstm_cnn,fold_3,2025,997c5d0b3c6dd154,global,bear,926380243,122,279538b1cd564a4b06ef037ac3e334f8324b5edbc753e8ed9f34910dc00e60b7,2823,16.20661170000676,0.6904951000033179,10737,1
lstm_cnn,fold_3,2025,b6ee8b5f108979a0,regime,bull,2072905862,122,279538b1cd564a4b06ef037ac3e334f8324b5edbc753e8ed9f34910dc00e60b7,1016,9.367341599994688,0.6203535999957239,10737,1
lstm_cnn,fold_3,2025,d55a4748d308dbec,regime,sideway,1719281127,122,279538b1cd564a4b06ef037ac3e334f8324b5edbc753e8ed9f34910dc00e60b7,991,8.664731700002449,0.6927756999939447,10737,3
lstm_cnn,fold_3,2025,a0eaec6f147e548e,regime,bear,926380243,122,279538b1cd564a4b06ef037ac3e334f8324b5edbc753e8ed9f34910dc00e60b7,816,8.557863099995302,0.6266055000014603,10737,1
lstm_cnn,fold_3,2025,8c3d48e3b80bdfc7,regime,bull,2072905862,30,834d1e1f08392962409a468e4fdae8502fe8638e073183aebbdba5131f23b9c5,1016,8.679753799995524,0.7065207999985432,4849,1
lstm_cnn,fold_3,2025,245227fb2db724b4,regime,bear,926380243,80,3034bb44ef0fa18ea49b08e084cf6672fd5fcb2627e8c5fb230ab20b267caba1,816,8.544029500000761,0.5641973000019789,8049,1
lstm_cnn,fold_3,2025,a34f3ab5e96a284a,regime,bull,2072905862,30,a1b9f7ead332a02910a8d37cb3752a111385bcc0b64732a2fe41aa1b2ee40373,1016,8.758674900003825,0.6703331000026083,4849,1
lstm_cnn,fold_3,2025,76178e43da741317,regime,bear,926380243,80,2d219eb3b9d856056e5f2c4cf90b12cdae9574f9a997f641ca3098c3d3f5527d,816,8.341254099999787,0.5355912999948487,8049,1
lstm_cnn,fold_3,42,243d1d20c59ea695,global,global,42,122,279538b1cd564a4b06ef037ac3e334f8324b5edbc753e8ed9f34910dc00e60b7,2823,16.348058999996283,0.662587099999655,10737,3
lstm_cnn,fold_3,42,c6c21e74fe2a4923,global,bull,233391756,122,279538b1cd564a4b06ef037ac3e334f8324b5edbc753e8ed9f34910dc00e60b7,2823,16.54509679999319,0.7199294999882113,10737,1
lstm_cnn,fold_3,42,b5b873c4d8bca397,global,sideway,1801841624,122,279538b1cd564a4b06ef037ac3e334f8324b5edbc753e8ed9f34910dc00e60b7,2823,19.50920909999695,0.7561442000005627,10737,1
lstm_cnn,fold_3,42,9eb1d752fa89ad86,global,bear,1151042323,122,279538b1cd564a4b06ef037ac3e334f8324b5edbc753e8ed9f34910dc00e60b7,2823,18.909735399996865,0.6590289000014309,10737,1
lstm_cnn,fold_3,42,9a67bd7809257315,regime,bull,233391756,122,279538b1cd564a4b06ef037ac3e334f8324b5edbc753e8ed9f34910dc00e60b7,1016,8.856782599992584,0.6636195000028238,10737,1
lstm_cnn,fold_3,42,9eafb36efdad20c4,regime,sideway,1801841624,122,279538b1cd564a4b06ef037ac3e334f8324b5edbc753e8ed9f34910dc00e60b7,991,9.028151900012745,0.5950239999947371,10737,3
lstm_cnn,fold_3,42,05ccbf32630d39ed,regime,bear,1151042323,122,279538b1cd564a4b06ef037ac3e334f8324b5edbc753e8ed9f34910dc00e60b7,816,8.14583889998903,0.7026495000027353,10737,1
lstm_cnn,fold_3,42,34de64701a26b458,regime,bull,233391756,30,834d1e1f08392962409a468e4fdae8502fe8638e073183aebbdba5131f23b9c5,1016,8.90134450000187,0.673350400000345,4849,1
lstm_cnn,fold_3,42,22cd5dc3912d36e5,regime,bear,1151042323,80,3034bb44ef0fa18ea49b08e084cf6672fd5fcb2627e8c5fb230ab20b267caba1,816,8.101505399987218,0.6680328999937046,8049,1
lstm_cnn,fold_3,42,7a4d31655d9846e7,regime,bull,233391756,30,a1b9f7ead332a02910a8d37cb3752a111385bcc0b64732a2fe41aa1b2ee40373,1016,9.016449000002469,0.665307400005986,4849,1
lstm_cnn,fold_3,42,8d40d9e323ff7794,regime,bear,1151042323,80,2d219eb3b9d856056e5f2c4cf90b12cdae9574f9a997f641ca3098c3d3f5527d,816,8.513512799996533,0.5977991999970982,8049,1
lstm_cnn,fold_3,456,e3bca2228e072ec8,global,global,456,122,279538b1cd564a4b06ef037ac3e334f8324b5edbc753e8ed9f34910dc00e60b7,2823,16.05969969999569,0.5536061999882804,10737,3
lstm_cnn,fold_3,456,1662c7f899c10629,global,bull,1574850040,122,279538b1cd564a4b06ef037ac3e334f8324b5edbc753e8ed9f34910dc00e60b7,2823,15.599742400008836,0.5348111000057543,10737,1
lstm_cnn,fold_3,456,3d3a62fb0fc63d91,global,sideway,376207022,122,279538b1cd564a4b06ef037ac3e334f8324b5edbc753e8ed9f34910dc00e60b7,2823,14.979725800003507,0.5912707999959821,10737,1
lstm_cnn,fold_3,456,4864033066cfe948,global,bear,518123612,122,279538b1cd564a4b06ef037ac3e334f8324b5edbc753e8ed9f34910dc00e60b7,2823,16.026315099996282,0.7293757000006735,10737,1
lstm_cnn,fold_3,456,9c902a900dff1a5f,regime,bull,1574850040,122,279538b1cd564a4b06ef037ac3e334f8324b5edbc753e8ed9f34910dc00e60b7,1016,9.244474999999513,0.6627943999919808,10737,1
lstm_cnn,fold_3,456,ee23cc6f475eef16,regime,sideway,376207022,122,279538b1cd564a4b06ef037ac3e334f8324b5edbc753e8ed9f34910dc00e60b7,991,9.29114670000854,0.6663244999945164,10737,3
lstm_cnn,fold_3,456,c92fadb76415b4b7,regime,bear,518123612,122,279538b1cd564a4b06ef037ac3e334f8324b5edbc753e8ed9f34910dc00e60b7,816,8.256302699999651,0.6911349000001792,10737,1
lstm_cnn,fold_3,456,77e8242fff3c7c5c,regime,bull,1574850040,30,834d1e1f08392962409a468e4fdae8502fe8638e073183aebbdba5131f23b9c5,1016,9.357358200009912,0.7119914000068093,4849,1
lstm_cnn,fold_3,456,33c236d4a9a7b3a9,regime,bear,518123612,80,3034bb44ef0fa18ea49b08e084cf6672fd5fcb2627e8c5fb230ab20b267caba1,816,8.142235399995116,0.6912725000001956,8049,1
lstm_cnn,fold_3,456,1b4a5d91afcf53de,regime,bull,1574850040,30,a1b9f7ead332a02910a8d37cb3752a111385bcc0b64732a2fe41aa1b2ee40373,1016,9.390815799997654,0.6360297999926843,4849,1
lstm_cnn,fold_3,456,3d6e305978b81958,regime,bear,518123612,80,2d219eb3b9d856056e5f2c4cf90b12cdae9574f9a997f641ca3098c3d3f5527d,816,8.768910300001153,0.6069059000001289,8049,1
lstm_cnn,fold_3,789,5088057e20bc2e12,global,global,789,122,279538b1cd564a4b06ef037ac3e334f8324b5edbc753e8ed9f34910dc00e60b7,2823,19.43764730000112,0.6259449999924982,10737,3
lstm_cnn,fold_3,789,728d39afb8e24471,global,bull,566602380,122,279538b1cd564a4b06ef037ac3e334f8324b5edbc753e8ed9f34910dc00e60b7,2823,17.315953099998296,0.7038993000023765,10737,1
lstm_cnn,fold_3,789,b5120794d885de99,global,sideway,1412251680,122,279538b1cd564a4b06ef037ac3e334f8324b5edbc753e8ed9f34910dc00e60b7,2823,17.127685999992536,0.6391060000023572,10737,1
lstm_cnn,fold_3,789,e9c0d08623dcc1de,global,bear,1676376697,122,279538b1cd564a4b06ef037ac3e334f8324b5edbc753e8ed9f34910dc00e60b7,2823,17.57067809998989,0.6400328000017907,10737,1
lstm_cnn,fold_3,789,e5749eb10c248825,regime,bull,566602380,122,279538b1cd564a4b06ef037ac3e334f8324b5edbc753e8ed9f34910dc00e60b7,1016,9.026969099999404,0.6528675000008661,10737,1
lstm_cnn,fold_3,789,2995e08483076a4c,regime,sideway,1412251680,122,279538b1cd564a4b06ef037ac3e334f8324b5edbc753e8ed9f34910dc00e60b7,991,9.094496000005163,0.6139265000092564,10737,3
lstm_cnn,fold_3,789,a50a2a50e4dd22ed,regime,bear,1676376697,122,279538b1cd564a4b06ef037ac3e334f8324b5edbc753e8ed9f34910dc00e60b7,816,8.538956800010055,0.6717196999961743,10737,1
lstm_cnn,fold_3,789,cada770d877fe90d,regime,bull,566602380,30,834d1e1f08392962409a468e4fdae8502fe8638e073183aebbdba5131f23b9c5,1016,9.275153299997328,0.574906199995894,4849,1
lstm_cnn,fold_3,789,8b5dbf741fa63a28,regime,bear,1676376697,80,3034bb44ef0fa18ea49b08e084cf6672fd5fcb2627e8c5fb230ab20b267caba1,816,8.518690299999435,0.6940585999982432,8049,1
lstm_cnn,fold_3,789,d34b7159abd3aea7,regime,bull,566602380,30,a1b9f7ead332a02910a8d37cb3752a111385bcc0b64732a2fe41aa1b2ee40373,1016,9.116771100001642,0.6408960999979172,4849,1
lstm_cnn,fold_3,789,d6e30fd462ababe9,regime,bear,1676376697,80,2d219eb3b9d856056e5f2c4cf90b12cdae9574f9a997f641ca3098c3d3f5527d,816,8.461808599997312,0.631724499995471,8049,1
lstm_cnn,fold_4,123,8702158798139e08,global,global,123,122,279538b1cd564a4b06ef037ac3e334f8324b5edbc753e8ed9f34910dc00e60b7,3067,18.64977920000092,0.6064813999983016,10737,3
lstm_cnn,fold_4,123,50f96243bc475446,global,bull,288347036,122,279538b1cd564a4b06ef037ac3e334f8324b5edbc753e8ed9f34910dc00e60b7,3067,16.95361789999879,0.6225982999894768,10737,1
lstm_cnn,fold_4,123,93aa1e9ed6cba158,global,sideway,2046851630,122,279538b1cd564a4b06ef037ac3e334f8324b5edbc753e8ed9f34910dc00e60b7,3067,15.893339899994317,0.52407569999923,10737,1
lstm_cnn,fold_4,123,6861dc9fa391bcbe,global,bear,235231008,122,279538b1cd564a4b06ef037ac3e334f8324b5edbc753e8ed9f34910dc00e60b7,3067,15.878209899994545,0.5926077000040095,10737,1
lstm_cnn,fold_4,123,14b06c5bd1a6680c,regime,bull,288347036,122,279538b1cd564a4b06ef037ac3e334f8324b5edbc753e8ed9f34910dc00e60b7,1107,8.02298160000646,0.6117809999996098,10737,1
lstm_cnn,fold_4,123,48874a45b251646c,regime,sideway,2046851630,122,279538b1cd564a4b06ef037ac3e334f8324b5edbc753e8ed9f34910dc00e60b7,1076,8.22298900000169,0.6657937999989372,10737,3
lstm_cnn,fold_4,123,1e8371ab8eec9487,regime,bear,235231008,122,279538b1cd564a4b06ef037ac3e334f8324b5edbc753e8ed9f34910dc00e60b7,884,7.88153689999308,0.6441072000015993,10737,1
lstm_cnn,fold_4,123,d47132bd6593af86,regime,bull,288347036,30,834d1e1f08392962409a468e4fdae8502fe8638e073183aebbdba5131f23b9c5,1107,8.35655380001117,0.65920370000822,4849,1
lstm_cnn,fold_4,123,811180e142e3501c,regime,bear,235231008,80,3034bb44ef0fa18ea49b08e084cf6672fd5fcb2627e8c5fb230ab20b267caba1,884,8.973945399993681,0.7303335999895353,8049,1
lstm_cnn,fold_4,123,6c191bd41bb3200e,regime,bull,288347036,30,a1b9f7ead332a02910a8d37cb3752a111385bcc0b64732a2fe41aa1b2ee40373,1107,9.55910969999968,0.5946543000027305,4849,1
lstm_cnn,fold_4,123,009f5d323f855d57,regime,bear,235231008,80,2d219eb3b9d856056e5f2c4cf90b12cdae9574f9a997f641ca3098c3d3f5527d,884,8.825048800004879,0.661965399995097,8049,1
lstm_cnn,fold_4,2025,07356d245ea235a0,global,global,2025,122,279538b1cd564a4b06ef037ac3e334f8324b5edbc753e8ed9f34910dc00e60b7,3067,19.03977920000034,0.5860000999964541,10737,3
lstm_cnn,fold_4,2025,42bcd83b4461c14b,global,bull,2072905862,122,279538b1cd564a4b06ef037ac3e334f8324b5edbc753e8ed9f34910dc00e60b7,3067,18.389649399992777,0.6782724000076996,10737,1
lstm_cnn,fold_4,2025,f5403de8f6e41a31,global,sideway,1719281127,122,279538b1cd564a4b06ef037ac3e334f8324b5edbc753e8ed9f34910dc00e60b7,3067,17.979295900004217,0.6912435999984154,10737,1
lstm_cnn,fold_4,2025,997c5d0b3c6dd154,global,bear,926380243,122,279538b1cd564a4b06ef037ac3e334f8324b5edbc753e8ed9f34910dc00e60b7,3067,19.4084823000012,0.6242112999898382,10737,1
lstm_cnn,fold_4,2025,b6ee8b5f108979a0,regime,bull,2072905862,122,279538b1cd564a4b06ef037ac3e334f8324b5edbc753e8ed9f34910dc00e60b7,1107,9.316243299996133,0.7046922000008635,10737,1
lstm_cnn,fold_4,2025,d55a4748d308dbec,regime,sideway,1719281127,122,279538b1cd564a4b06ef037ac3e334f8324b5edbc753e8ed9f34910dc00e60b7,1076,8.918609500004095,0.7121360000019195,10737,3
lstm_cnn,fold_4,2025,a0eaec6f147e548e,regime,bear,926380243,122,279538b1cd564a4b06ef037ac3e334f8324b5edbc753e8ed9f34910dc00e60b7,884,8.478919400004088,0.5986263999948278,10737,1
lstm_cnn,fold_4,2025,8c3d48e3b80bdfc7,regime,bull,2072905862,30,834d1e1f08392962409a468e4fdae8502fe8638e073183aebbdba5131f23b9c5,1107,9.602916499992716,0.6442986999900313,4849,1
lstm_cnn,fold_4,2025,245227fb2db724b4,regime,bear,926380243,80,3034bb44ef0fa18ea49b08e084cf6672fd5fcb2627e8c5fb230ab20b267caba1,884,8.842871899993042,0.5557046000030823,8049,1
lstm_cnn,fold_4,2025,a34f3ab5e96a284a,regime,bull,2072905862,30,a1b9f7ead332a02910a8d37cb3752a111385bcc0b64732a2fe41aa1b2ee40373,1107,9.342560899996895,0.5858019000006607,4849,1
lstm_cnn,fold_4,2025,76178e43da741317,regime,bear,926380243,80,2d219eb3b9d856056e5f2c4cf90b12cdae9574f9a997f641ca3098c3d3f5527d,884,8.276249699993059,0.7155444999953033,8049,1
lstm_cnn,fold_4,42,243d1d20c59ea695,global,global,42,122,279538b1cd564a4b06ef037ac3e334f8324b5edbc753e8ed9f34910dc00e60b7,3067,18.44104489999881,0.6997427999885986,10737,3
lstm_cnn,fold_4,42,c6c21e74fe2a4923,global,bull,233391756,122,279538b1cd564a4b06ef037ac3e334f8324b5edbc753e8ed9f34910dc00e60b7,3067,18.55277379999461,0.6536721000011312,10737,1
lstm_cnn,fold_4,42,b5b873c4d8bca397,global,sideway,1801841624,122,279538b1cd564a4b06ef037ac3e334f8324b5edbc753e8ed9f34910dc00e60b7,3067,18.897459400002845,0.5824492999963695,10737,1
lstm_cnn,fold_4,42,9eb1d752fa89ad86,global,bear,1151042323,122,279538b1cd564a4b06ef037ac3e334f8324b5edbc753e8ed9f34910dc00e60b7,3067,18.013723399999435,0.6892312999989372,10737,1
lstm_cnn,fold_4,42,9a67bd7809257315,regime,bull,233391756,122,279538b1cd564a4b06ef037ac3e334f8324b5edbc753e8ed9f34910dc00e60b7,1107,9.707772099995054,0.7091778000030899,10737,1
lstm_cnn,fold_4,42,9eafb36efdad20c4,regime,sideway,1801841624,122,279538b1cd564a4b06ef037ac3e334f8324b5edbc753e8ed9f34910dc00e60b7,1076,9.61357999999018,0.7043745999981184,10737,3
lstm_cnn,fold_4,42,05ccbf32630d39ed,regime,bear,1151042323,122,279538b1cd564a4b06ef037ac3e334f8324b5edbc753e8ed9f34910dc00e60b7,884,8.243401100000483,0.6530843999935314,10737,1
lstm_cnn,fold_4,42,34de64701a26b458,regime,bull,233391756,30,834d1e1f08392962409a468e4fdae8502fe8638e073183aebbdba5131f23b9c5,1107,9.778209900003276,0.730808899999829,4849,1
lstm_cnn,fold_4,42,22cd5dc3912d36e5,regime,bear,1151042323,80,3034bb44ef0fa18ea49b08e084cf6672fd5fcb2627e8c5fb230ab20b267caba1,884,8.266606000004685,0.6883063999994192,8049,1
lstm_cnn,fold_4,42,7a4d31655d9846e7,regime,bull,233391756,30,a1b9f7ead332a02910a8d37cb3752a111385bcc0b64732a2fe41aa1b2ee40373,1107,9.680125399987446,0.5332136999932118,4849,1
lstm_cnn,fold_4,42,8d40d9e323ff7794,regime,bear,1151042323,80,2d219eb3b9d856056e5f2c4cf90b12cdae9574f9a997f641ca3098c3d3f5527d,884,8.368767399995704,0.6855091000034008,8049,1
lstm_cnn,fold_4,456,e3bca2228e072ec8,global,global,456,122,279538b1cd564a4b06ef037ac3e334f8324b5edbc753e8ed9f34910dc00e60b7,3067,18.11818530000164,0.698729399999138,10737,3
lstm_cnn,fold_4,456,1662c7f899c10629,global,bull,1574850040,122,279538b1cd564a4b06ef037ac3e334f8324b5edbc753e8ed9f34910dc00e60b7,3067,18.25948960000824,0.6401413999992656,10737,1
lstm_cnn,fold_4,456,3d3a62fb0fc63d91,global,sideway,376207022,122,279538b1cd564a4b06ef037ac3e334f8324b5edbc753e8ed9f34910dc00e60b7,3067,19.10681759999716,0.5822893000004115,10737,1
lstm_cnn,fold_4,456,4864033066cfe948,global,bear,518123612,122,279538b1cd564a4b06ef037ac3e334f8324b5edbc753e8ed9f34910dc00e60b7,3067,18.256105500011472,0.6830709999921964,10737,1
lstm_cnn,fold_4,456,9c902a900dff1a5f,regime,bull,1574850040,122,279538b1cd564a4b06ef037ac3e334f8324b5edbc753e8ed9f34910dc00e60b7,1107,9.621064600010868,0.6892690000095172,10737,1
lstm_cnn,fold_4,456,ee23cc6f475eef16,regime,sideway,376207022,122,279538b1cd564a4b06ef037ac3e334f8324b5edbc753e8ed9f34910dc00e60b7,1076,10.039785100001607,0.6824650000053225,10737,3
lstm_cnn,fold_4,456,c92fadb76415b4b7,regime,bear,518123612,122,279538b1cd564a4b06ef037ac3e334f8324b5edbc753e8ed9f34910dc00e60b7,884,8.718850500008557,0.6237299000058556,10737,1
lstm_cnn,fold_4,456,77e8242fff3c7c5c,regime,bull,1574850040,30,834d1e1f08392962409a468e4fdae8502fe8638e073183aebbdba5131f23b9c5,1107,9.86553530000674,0.7033237999858102,4849,1
lstm_cnn,fold_4,456,33c236d4a9a7b3a9,regime,bear,518123612,80,3034bb44ef0fa18ea49b08e084cf6672fd5fcb2627e8c5fb230ab20b267caba1,884,8.77973120000388,0.6374432000011439,8049,1
lstm_cnn,fold_4,456,1b4a5d91afcf53de,regime,bull,1574850040,30,a1b9f7ead332a02910a8d37cb3752a111385bcc0b64732a2fe41aa1b2ee40373,1107,10.176374800008489,0.7070456000074046,4849,1
lstm_cnn,fold_4,456,3d6e305978b81958,regime,bear,518123612,80,2d219eb3b9d856056e5f2c4cf90b12cdae9574f9a997f641ca3098c3d3f5527d,884,8.840861200005747,0.6452396999957273,8049,1
lstm_cnn,fold_4,789,5088057e20bc2e12,global,global,789,122,279538b1cd564a4b06ef037ac3e334f8324b5edbc753e8ed9f34910dc00e60b7,3067,19.81990899999801,0.6067050999990897,10737,3
lstm_cnn,fold_4,789,728d39afb8e24471,global,bull,566602380,122,279538b1cd564a4b06ef037ac3e334f8324b5edbc753e8ed9f34910dc00e60b7,3067,18.888387600003625,0.6232397000130732,10737,1
lstm_cnn,fold_4,789,b5120794d885de99,global,sideway,1412251680,122,279538b1cd564a4b06ef037ac3e334f8324b5edbc753e8ed9f34910dc00e60b7,3067,18.57062950001273,0.5594342999975197,10737,1
lstm_cnn,fold_4,789,e9c0d08623dcc1de,global,bear,1676376697,122,279538b1cd564a4b06ef037ac3e334f8324b5edbc753e8ed9f34910dc00e60b7,3067,17.512126000001444,0.6224254999979166,10737,1
lstm_cnn,fold_4,789,e5749eb10c248825,regime,bull,566602380,122,279538b1cd564a4b06ef037ac3e334f8324b5edbc753e8ed9f34910dc00e60b7,1107,8.157974599991576,0.6030200999957742,10737,1
lstm_cnn,fold_4,789,2995e08483076a4c,regime,sideway,1412251680,122,279538b1cd564a4b06ef037ac3e334f8324b5edbc753e8ed9f34910dc00e60b7,1076,8.07410160001018,0.6923357999912696,10737,3
lstm_cnn,fold_4,789,a50a2a50e4dd22ed,regime,bear,1676376697,122,279538b1cd564a4b06ef037ac3e334f8324b5edbc753e8ed9f34910dc00e60b7,884,8.39126319999923,0.607759000005899,10737,1
lstm_cnn,fold_4,789,cada770d877fe90d,regime,bull,566602380,30,834d1e1f08392962409a468e4fdae8502fe8638e073183aebbdba5131f23b9c5,1107,9.555868600000396,0.6130040999996709,4849,1
lstm_cnn,fold_4,789,8b5dbf741fa63a28,regime,bear,1676376697,80,3034bb44ef0fa18ea49b08e084cf6672fd5fcb2627e8c5fb230ab20b267caba1,884,8.652025999996113,0.5223056000104407,8049,1
lstm_cnn,fold_4,789,d34b7159abd3aea7,regime,bull,566602380,30,a1b9f7ead332a02910a8d37cb3752a111385bcc0b64732a2fe41aa1b2ee40373,1107,9.503122100009932,0.6822264999937033,4849,1
lstm_cnn,fold_4,789,d6e30fd462ababe9,regime,bear,1676376697,80,2d219eb3b9d856056e5f2c4cf90b12cdae9574f9a997f641ca3098c3d3f5527d,884,8.772058299990022,0.5453017999971053,8049,1
lstm_cnn_attention,fold_1,123,8702158798139e08,global,global,123,122,279538b1cd564a4b06ef037ac3e334f8324b5edbc753e8ed9f34910dc00e60b7,2339,18.448512500006476,0.8593424999999115,12865,3
lstm_cnn_attention,fold_1,123,50f96243bc475446,global,bull,288347036,122,279538b1cd564a4b06ef037ac3e334f8324b5edbc753e8ed9f34910dc00e60b7,2339,17.977060799996252,1.3738982999930158,12865,1
lstm_cnn_attention,fold_1,123,93aa1e9ed6cba158,global,sideway,2046851630,122,279538b1cd564a4b06ef037ac3e334f8324b5edbc753e8ed9f34910dc00e60b7,2339,18.69831800000975,0.815323900009389,12865,1
lstm_cnn_attention,fold_1,123,6861dc9fa391bcbe,global,bear,235231008,122,279538b1cd564a4b06ef037ac3e334f8324b5edbc753e8ed9f34910dc00e60b7,2339,18.3643951999984,0.8739439000055427,12865,1
lstm_cnn_attention,fold_1,123,14b06c5bd1a6680c,regime,bull,288347036,122,279538b1cd564a4b06ef037ac3e334f8324b5edbc753e8ed9f34910dc00e60b7,891,10.529426499997498,0.8038995999959297,12865,1
lstm_cnn_attention,fold_1,123,48874a45b251646c,regime,sideway,2046851630,122,279538b1cd564a4b06ef037ac3e334f8324b5edbc753e8ed9f34910dc00e60b7,821,10.165191099993535,0.8446964000031585,12865,3
lstm_cnn_attention,fold_1,123,1e8371ab8eec9487,regime,bear,235231008,122,279538b1cd564a4b06ef037ac3e334f8324b5edbc753e8ed9f34910dc00e60b7,627,9.627201900002548,0.8406739000056405,12865,1
lstm_cnn_attention,fold_1,123,d47132bd6593af86,regime,bull,288347036,30,834d1e1f08392962409a468e4fdae8502fe8638e073183aebbdba5131f23b9c5,891,10.258651399999508,0.8161415000067791,6977,1
lstm_cnn_attention,fold_1,123,811180e142e3501c,regime,bear,235231008,80,3034bb44ef0fa18ea49b08e084cf6672fd5fcb2627e8c5fb230ab20b267caba1,627,9.58333739999216,0.8372331999999005,10177,1
lstm_cnn_attention,fold_1,123,6c191bd41bb3200e,regime,bull,288347036,30,a1b9f7ead332a02910a8d37cb3752a111385bcc0b64732a2fe41aa1b2ee40373,891,9.910161599997082,0.8551420000003418,6977,1
lstm_cnn_attention,fold_1,123,009f5d323f855d57,regime,bear,235231008,80,2d219eb3b9d856056e5f2c4cf90b12cdae9574f9a997f641ca3098c3d3f5527d,627,9.829506499998388,0.82715470000403,10177,1
lstm_cnn_attention,fold_1,2025,07356d245ea235a0,global,global,2025,122,279538b1cd564a4b06ef037ac3e334f8324b5edbc753e8ed9f34910dc00e60b7,2339,18.29544630000601,0.6806910000013886,12865,3
lstm_cnn_attention,fold_1,2025,42bcd83b4461c14b,global,bull,2072905862,122,279538b1cd564a4b06ef037ac3e334f8324b5edbc753e8ed9f34910dc00e60b7,2339,17.517374899995048,0.908474900003057,12865,1
lstm_cnn_attention,fold_1,2025,f5403de8f6e41a31,global,sideway,1719281127,122,279538b1cd564a4b06ef037ac3e334f8324b5edbc753e8ed9f34910dc00e60b7,2339,18.64042049999989,0.7714780000096653,12865,1
lstm_cnn_attention,fold_1,2025,997c5d0b3c6dd154,global,bear,926380243,122,279538b1cd564a4b06ef037ac3e334f8324b5edbc753e8ed9f34910dc00e60b7,2339,19.472288300006767,0.8308845999999903,12865,1
lstm_cnn_attention,fold_1,2025,b6ee8b5f108979a0,regime,bull,2072905862,122,279538b1cd564a4b06ef037ac3e334f8324b5edbc753e8ed9f34910dc00e60b7,891,9.85511069999484,0.8436087000009138,12865,1
lstm_cnn_attention,fold_1,2025,d55a4748d308dbec,regime,sideway,1719281127,122,279538b1cd564a4b06ef037ac3e334f8324b5edbc753e8ed9f34910dc00e60b7,821,9.695280700005242,0.7743988000001991,12865,3
lstm_cnn_attention,fold_1,2025,a0eaec6f147e548e,regime,bear,926380243,122,279538b1cd564a4b06ef037ac3e334f8324b5edbc753e8ed9f34910dc00e60b7,627,8.678850500000408,0.8436092000047211,12865,1
lstm_cnn_attention,fold_1,2025,8c3d48e3b80bdfc7,regime,bull,2072905862,30,834d1e1f08392962409a468e4fdae8502fe8638e073183aebbdba5131f23b9c5,891,10.869824100009282,0.6945876000099815,6977,1
lstm_cnn_attention,fold_1,2025,245227fb2db724b4,regime,bear,926380243,80,3034bb44ef0fa18ea49b08e084cf6672fd5fcb2627e8c5fb230ab20b267caba1,627,8.954797600003076,0.8610715000104392,10177,1
lstm_cnn_attention,fold_1,2025,a34f3ab5e96a284a,regime,bull,2072905862,30,a1b9f7ead332a02910a8d37cb3752a111385bcc0b64732a2fe41aa1b2ee40373,891,10.708615600000485,0.7273468999919714,6977,1
lstm_cnn_attention,fold_1,2025,76178e43da741317,regime,bear,926380243,80,2d219eb3b9d856056e5f2c4cf90b12cdae9574f9a997f641ca3098c3d3f5527d,627,9.664837299991632,0.8174457999994047,10177,1
lstm_cnn_attention,fold_1,42,243d1d20c59ea695,global,global,42,122,279538b1cd564a4b06ef037ac3e334f8324b5edbc753e8ed9f34910dc00e60b7,2339,16.634530399998766,0.59223340000608,12865,3
lstm_cnn_attention,fold_1,42,c6c21e74fe2a4923,global,bull,233391756,122,279538b1cd564a4b06ef037ac3e334f8324b5edbc753e8ed9f34910dc00e60b7,2339,15.771603999994111,0.6054280000098515,12865,1
lstm_cnn_attention,fold_1,42,b5b873c4d8bca397,global,sideway,1801841624,122,279538b1cd564a4b06ef037ac3e334f8324b5edbc753e8ed9f34910dc00e60b7,2339,16.02233160000469,0.635982799998601,12865,1
lstm_cnn_attention,fold_1,42,9eb1d752fa89ad86,global,bear,1151042323,122,279538b1cd564a4b06ef037ac3e334f8324b5edbc753e8ed9f34910dc00e60b7,2339,15.998468899997532,0.6419915000005858,12865,1
lstm_cnn_attention,fold_1,42,9a67bd7809257315,regime,bull,233391756,122,279538b1cd564a4b06ef037ac3e334f8324b5edbc753e8ed9f34910dc00e60b7,891,8.893668699995033,0.6550779999961378,12865,1
lstm_cnn_attention,fold_1,42,9eafb36efdad20c4,regime,sideway,1801841624,122,279538b1cd564a4b06ef037ac3e334f8324b5edbc753e8ed9f34910dc00e60b7,821,9.134161900001343,0.6137256999936653,12865,3
lstm_cnn_attention,fold_1,42,05ccbf32630d39ed,regime,bear,1151042323,122,279538b1cd564a4b06ef037ac3e334f8324b5edbc753e8ed9f34910dc00e60b7,627,7.631581800000276,0.6159408999956213,12865,1
lstm_cnn_attention,fold_1,42,34de64701a26b458,regime,bull,233391756,30,834d1e1f08392962409a468e4fdae8502fe8638e073183aebbdba5131f23b9c5,891,8.943024699998205,0.5721564999985276,6977,1
lstm_cnn_attention,fold_1,42,22cd5dc3912d36e5,regime,bear,1151042323,80,3034bb44ef0fa18ea49b08e084cf6672fd5fcb2627e8c5fb230ab20b267caba1,627,7.105330300008063,0.572794799998519,10177,1
lstm_cnn_attention,fold_1,42,7a4d31655d9846e7,regime,bull,233391756,30,a1b9f7ead332a02910a8d37cb3752a111385bcc0b64732a2fe41aa1b2ee40373,891,7.988005599996541,0.5594428999902448,6977,1
lstm_cnn_attention,fold_1,42,8d40d9e323ff7794,regime,bear,1151042323,80,2d219eb3b9d856056e5f2c4cf90b12cdae9574f9a997f641ca3098c3d3f5527d,627,7.15523609999218,0.5647868999949424,10177,1
lstm_cnn_attention,fold_1,456,e3bca2228e072ec8,global,global,456,122,279538b1cd564a4b06ef037ac3e334f8324b5edbc753e8ed9f34910dc00e60b7,2339,19.624722299995483,0.7007332999928622,12865,3
lstm_cnn_attention,fold_1,456,1662c7f899c10629,global,bull,1574850040,122,279538b1cd564a4b06ef037ac3e334f8324b5edbc753e8ed9f34910dc00e60b7,2339,19.165200500006904,0.6810597000003327,12865,1
lstm_cnn_attention,fold_1,456,3d3a62fb0fc63d91,global,sideway,376207022,122,279538b1cd564a4b06ef037ac3e334f8324b5edbc753e8ed9f34910dc00e60b7,2339,18.19096510000236,0.9405332999886014,12865,1
lstm_cnn_attention,fold_1,456,4864033066cfe948,global,bear,518123612,122,279538b1cd564a4b06ef037ac3e334f8324b5edbc753e8ed9f34910dc00e60b7,2339,19.06565910000063,0.926579999999376,12865,1
lstm_cnn_attention,fold_1,456,9c902a900dff1a5f,regime,bull,1574850040,122,279538b1cd564a4b06ef037ac3e334f8324b5edbc753e8ed9f34910dc00e60b7,891,9.890148899998168,0.9477105999976628,12865,1
lstm_cnn_attention,fold_1,456,ee23cc6f475eef16,regime,sideway,376207022,122,279538b1cd564a4b06ef037ac3e334f8324b5edbc753e8ed9f34910dc00e60b7,821,11.064963400000124,0.68896240000322,12865,3
lstm_cnn_attention,fold_1,456,c92fadb76415b4b7,regime,bear,518123612,122,279538b1cd564a4b06ef037ac3e334f8324b5edbc753e8ed9f34910dc00e60b7,627,10.319124500005271,0.9405115999979898,12865,1
lstm_cnn_attention,fold_1,456,77e8242fff3c7c5c,regime,bull,1574850040,30,834d1e1f08392962409a468e4fdae8502fe8638e073183aebbdba5131f23b9c5,891,10.225888999993913,0.9263618999975732,6977,1
lstm_cnn_attention,fold_1,456,33c236d4a9a7b3a9,regime,bear,518123612,80,3034bb44ef0fa18ea49b08e084cf6672fd5fcb2627e8c5fb230ab20b267caba1,627,10.334077599996816,0.6946248000022024,10177,1
lstm_cnn_attention,fold_1,456,1b4a5d91afcf53de,regime,bull,1574850040,30,a1b9f7ead332a02910a8d37cb3752a111385bcc0b64732a2fe41aa1b2ee40373,891,10.22873360000085,0.6707344000024023,6977,1
lstm_cnn_attention,fold_1,456,3d6e305978b81958,regime,bear,518123612,80,2d219eb3b9d856056e5f2c4cf90b12cdae9574f9a997f641ca3098c3d3f5527d,627,9.009083500000996,0.6973985999939032,10177,1
lstm_cnn_attention,fold_1,789,5088057e20bc2e12,global,global,789,122,279538b1cd564a4b06ef037ac3e334f8324b5edbc753e8ed9f34910dc00e60b7,2339,18.17197130000568,0.9047257999918656,12865,3
lstm_cnn_attention,fold_1,789,728d39afb8e24471,global,bull,566602380,122,279538b1cd564a4b06ef037ac3e334f8324b5edbc753e8ed9f34910dc00e60b7,2339,17.765392799992696,0.9415101000049616,12865,1
lstm_cnn_attention,fold_1,789,b5120794d885de99,global,sideway,1412251680,122,279538b1cd564a4b06ef037ac3e334f8324b5edbc753e8ed9f34910dc00e60b7,2339,19.11116869999387,0.6614095999975689,12865,1
lstm_cnn_attention,fold_1,789,e9c0d08623dcc1de,global,bear,1676376697,122,279538b1cd564a4b06ef037ac3e334f8324b5edbc753e8ed9f34910dc00e60b7,2339,19.75345899999957,0.6939516999991611,12865,1
lstm_cnn_attention,fold_1,789,e5749eb10c248825,regime,bull,566602380,122,279538b1cd564a4b06ef037ac3e334f8324b5edbc753e8ed9f34910dc00e60b7,891,11.742278299992904,0.9490697000001092,12865,1
lstm_cnn_attention,fold_1,789,2995e08483076a4c,regime,sideway,1412251680,122,279538b1cd564a4b06ef037ac3e334f8324b5edbc753e8ed9f34910dc00e60b7,821,9.822819100008928,0.9475606000050902,12865,3
lstm_cnn_attention,fold_1,789,a50a2a50e4dd22ed,regime,bear,1676376697,122,279538b1cd564a4b06ef037ac3e334f8324b5edbc753e8ed9f34910dc00e60b7,627,10.38135899999179,0.8229789000033634,12865,1
lstm_cnn_attention,fold_1,789,cada770d877fe90d,regime,bull,566602380,30,834d1e1f08392962409a468e4fdae8502fe8638e073183aebbdba5131f23b9c5,891,10.266276700000162,0.920802900000126,6977,1
lstm_cnn_attention,fold_1,789,8b5dbf741fa63a28,regime,bear,1676376697,80,3034bb44ef0fa18ea49b08e084cf6672fd5fcb2627e8c5fb230ab20b267caba1,627,10.187633299996378,0.7045924999983981,10177,1
lstm_cnn_attention,fold_1,789,d34b7159abd3aea7,regime,bull,566602380,30,a1b9f7ead332a02910a8d37cb3752a111385bcc0b64732a2fe41aa1b2ee40373,891,10.745466399996076,0.700678200009861,6977,1
lstm_cnn_attention,fold_1,789,d6e30fd462ababe9,regime,bear,1676376697,80,2d219eb3b9d856056e5f2c4cf90b12cdae9574f9a997f641ca3098c3d3f5527d,627,9.434772399996293,0.6730330999998841,10177,1
lstm_cnn_attention,fold_2,123,8702158798139e08,global,global,123,122,279538b1cd564a4b06ef037ac3e334f8324b5edbc753e8ed9f34910dc00e60b7,2580,20.517547900002683,0.8762965000059921,12865,3
lstm_cnn_attention,fold_2,123,50f96243bc475446,global,bull,288347036,122,279538b1cd564a4b06ef037ac3e334f8324b5edbc753e8ed9f34910dc00e60b7,2580,20.378855400005705,0.6666694999876199,12865,1
lstm_cnn_attention,fold_2,123,93aa1e9ed6cba158,global,sideway,2046851630,122,279538b1cd564a4b06ef037ac3e334f8324b5edbc753e8ed9f34910dc00e60b7,2580,20.15374310000334,0.7263359000062337,12865,1
lstm_cnn_attention,fold_2,123,6861dc9fa391bcbe,global,bear,235231008,122,279538b1cd564a4b06ef037ac3e334f8324b5edbc753e8ed9f34910dc00e60b7,2580,20.31320089999645,0.81170839999686,12865,1
lstm_cnn_attention,fold_2,123,14b06c5bd1a6680c,regime,bull,288347036,122,279538b1cd564a4b06ef037ac3e334f8324b5edbc753e8ed9f34910dc00e60b7,977,10.737535099993693,0.854363899998134,12865,1
lstm_cnn_attention,fold_2,123,48874a45b251646c,regime,sideway,2046851630,122,279538b1cd564a4b06ef037ac3e334f8324b5edbc753e8ed9f34910dc00e60b7,906,10.625785600001109,0.8205977000034181,12865,3
lstm_cnn_attention,fold_2,123,1e8371ab8eec9487,regime,bear,235231008,122,279538b1cd564a4b06ef037ac3e334f8324b5edbc753e8ed9f34910dc00e60b7,697,9.384623599995392,0.8625994000030914,12865,1
lstm_cnn_attention,fold_2,123,d47132bd6593af86,regime,bull,288347036,30,834d1e1f08392962409a468e4fdae8502fe8638e073183aebbdba5131f23b9c5,977,11.894630299997516,0.6929358999914257,6977,1
lstm_cnn_attention,fold_2,123,811180e142e3501c,regime,bear,235231008,80,3034bb44ef0fa18ea49b08e084cf6672fd5fcb2627e8c5fb230ab20b267caba1,697,9.654413399999612,0.8255820000049425,10177,1
lstm_cnn_attention,fold_2,123,6c191bd41bb3200e,regime,bull,288347036,30,a1b9f7ead332a02910a8d37cb3752a111385bcc0b64732a2fe41aa1b2ee40373,977,12.408266700003878,0.7335039000026882,6977,1
lstm_cnn_attention,fold_2,123,009f5d323f855d57,regime,bear,235231008,80,2d219eb3b9d856056e5f2c4cf90b12cdae9574f9a997f641ca3098c3d3f5527d,697,10.343238000001293,0.8662599999952363,10177,1
lstm_cnn_attention,fold_2,2025,07356d245ea235a0,global,global,2025,122,279538b1cd564a4b06ef037ac3e334f8324b5edbc753e8ed9f34910dc00e60b7,2580,19.853089600001116,0.9115385000040988,12865,3
lstm_cnn_attention,fold_2,2025,42bcd83b4461c14b,global,bull,2072905862,122,279538b1cd564a4b06ef037ac3e334f8324b5edbc753e8ed9f34910dc00e60b7,2580,19.47220859999652,0.8355581000068923,12865,1
lstm_cnn_attention,fold_2,2025,f5403de8f6e41a31,global,sideway,1719281127,122,279538b1cd564a4b06ef037ac3e334f8324b5edbc753e8ed9f34910dc00e60b7,2580,21.63871489999292,0.8624130999960471,12865,1
lstm_cnn_attention,fold_2,2025,997c5d0b3c6dd154,global,bear,926380243,122,279538b1cd564a4b06ef037ac3e334f8324b5edbc753e8ed9f34910dc00e60b7,2580,22.29256329999771,0.871339799996349,12865,1
lstm_cnn_attention,fold_2,2025,b6ee8b5f108979a0,regime,bull,2072905862,122,279538b1cd564a4b06ef037ac3e334f8324b5edbc753e8ed9f34910dc00e60b7,977,12.339544999995269,0.8999709000054281,12865,1
lstm_cnn_attention,fold_2,2025,d55a4748d308dbec,regime,sideway,1719281127,122,279538b1cd564a4b06ef037ac3e334f8324b5edbc753e8ed9f34910dc00e60b7,906,11.960064600003534,0.880702199996449,12865,3
lstm_cnn_attention,fold_2,2025,a0eaec6f147e548e,regime,bear,926380243,122,279538b1cd564a4b06ef037ac3e334f8324b5edbc753e8ed9f34910dc00e60b7,697,10.893470000009984,0.8623848000133876,12865,1
lstm_cnn_attention,fold_2,2025,8c3d48e3b80bdfc7,regime,bull,2072905862,30,834d1e1f08392962409a468e4fdae8502fe8638e073183aebbdba5131f23b9c5,977,12.293734099992434,0.9377327999973204,6977,1
lstm_cnn_attention,fold_2,2025,245227fb2db724b4,regime,bear,926380243,80,3034bb44ef0fa18ea49b08e084cf6672fd5fcb2627e8c5fb230ab20b267caba1,697,10.520491399991442,0.9411513999948512,10177,1
lstm_cnn_attention,fold_2,2025,a34f3ab5e96a284a,regime,bull,2072905862,30,a1b9f7ead332a02910a8d37cb3752a111385bcc0b64732a2fe41aa1b2ee40373,977,11.598118599998998,0.857443399989279,6977,1
lstm_cnn_attention,fold_2,2025,76178e43da741317,regime,bear,926380243,80,2d219eb3b9d856056e5f2c4cf90b12cdae9574f9a997f641ca3098c3d3f5527d,697,10.127073099996778,1.4103944999951636,10177,1
lstm_cnn_attention,fold_2,42,243d1d20c59ea695,global,global,42,122,279538b1cd564a4b06ef037ac3e334f8324b5edbc753e8ed9f34910dc00e60b7,2580,20.711835699999934,0.8953582999965874,12865,3
lstm_cnn_attention,fold_2,42,c6c21e74fe2a4923,global,bull,233391756,122,279538b1cd564a4b06ef037ac3e334f8324b5edbc753e8ed9f34910dc00e60b7,2580,19.8022318000003,1.0369244000030449,12865,1
lstm_cnn_attention,fold_2,42,b5b873c4d8bca397,global,sideway,1801841624,122,279538b1cd564a4b06ef037ac3e334f8324b5edbc753e8ed9f34910dc00e60b7,2580,20.27329150000878,0.8708269000053406,12865,1
lstm_cnn_attention,fold_2,42,9eb1d752fa89ad86,global,bear,1151042323,122,279538b1cd564a4b06ef037ac3e334f8324b5edbc753e8ed9f34910dc00e60b7,2580,21.235770300001604,0.8832904000009876,12865,1
lstm_cnn_attention,fold_2,42,9a67bd7809257315,regime,bull,233391756,122,279538b1cd564a4b06ef037ac3e334f8324b5edbc753e8ed9f34910dc00e60b7,977,12.505002000005334,0.9370850999985124,12865,1
lstm_cnn_attention,fold_2,42,9eafb36efdad20c4,regime,sideway,1801841624,122,279538b1cd564a4b06ef037ac3e334f8324b5edbc753e8ed9f34910dc00e60b7,906,10.54056930000661,0.9904922999994596,12865,3
lstm_cnn_attention,fold_2,42,05ccbf32630d39ed,regime,bear,1151042323,122,279538b1cd564a4b06ef037ac3e334f8324b5edbc753e8ed9f34910dc00e60b7,697,10.994650799999365,0.6786385000013979,12865,1
lstm_cnn_attention,fold_2,42,34de64701a26b458,regime,bull,233391756,30,834d1e1f08392962409a468e4fdae8502fe8638e073183aebbdba5131f23b9c5,977,11.962785900002928,0.9901802000094904,6977,1
lstm_cnn_attention,fold_2,42,22cd5dc3912d36e5,regime,bear,1151042323,80,3034bb44ef0fa18ea49b08e084cf6672fd5fcb2627e8c5fb230ab20b267caba1,697,10.396361199993407,1.3776126000011573,10177,1
lstm_cnn_attention,fold_2,42,7a4d31655d9846e7,regime,bull,233391756,30,a1b9f7ead332a02910a8d37cb3752a111385bcc0b64732a2fe41aa1b2ee40373,977,11.872706800000742,0.8653511000011349,6977,1
lstm_cnn_attention,fold_2,42,8d40d9e323ff7794,regime,bear,1151042323,80,2d219eb3b9d856056e5f2c4cf90b12cdae9574f9a997f641ca3098c3d3f5527d,697,10.25021920001018,0.8532842999993591,10177,1
lstm_cnn_attention,fold_2,456,e3bca2228e072ec8,global,global,456,122,279538b1cd564a4b06ef037ac3e334f8324b5edbc753e8ed9f34910dc00e60b7,2580,21.31953509998857,0.7242083000019193,12865,3
lstm_cnn_attention,fold_2,456,1662c7f899c10629,global,bull,1574850040,122,279538b1cd564a4b06ef037ac3e334f8324b5edbc753e8ed9f34910dc00e60b7,2580,20.97597990000213,0.7265425000077812,12865,1
lstm_cnn_attention,fold_2,456,3d3a62fb0fc63d91,global,sideway,376207022,122,279538b1cd564a4b06ef037ac3e334f8324b5edbc753e8ed9f34910dc00e60b7,2580,20.343865100003317,1.0139176000084262,12865,1
lstm_cnn_attention,fold_2,456,4864033066cfe948,global,bear,518123612,122,279538b1cd564a4b06ef037ac3e334f8324b5edbc753e8ed9f34910dc00e60b7,2580,21.837383299993235,0.9921691000054124,12865,1
lstm_cnn_attention,fold_2,456,9c902a900dff1a5f,regime,bull,1574850040,122,279538b1cd564a4b06ef037ac3e334f8324b5edbc753e8ed9f34910dc00e60b7,977,12.68917599999986,0.8594591000000946,12865,1
lstm_cnn_attention,fold_2,456,ee23cc6f475eef16,regime,sideway,376207022,122,279538b1cd564a4b06ef037ac3e334f8324b5edbc753e8ed9f34910dc00e60b7,906,11.71758859998954,0.9731777999986662,12865,3
lstm_cnn_attention,fold_2,456,c92fadb76415b4b7,regime,bear,518123612,122,279538b1cd564a4b06ef037ac3e334f8324b5edbc753e8ed9f34910dc00e60b7,697,10.463024200013024,0.8546692000090843,12865,1
lstm_cnn_attention,fold_2,456,77e8242fff3c7c5c,regime,bull,1574850040,30,834d1e1f08392962409a468e4fdae8502fe8638e073183aebbdba5131f23b9c5,977,12.158746899993275,0.9290160999953514,6977,1
lstm_cnn_attention,fold_2,456,33c236d4a9a7b3a9,regime,bear,518123612,80,3034bb44ef0fa18ea49b08e084cf6672fd5fcb2627e8c5fb230ab20b267caba1,697,10.135216499998933,0.8596073000080651,10177,1
lstm_cnn_attention,fold_2,456,1b4a5d91afcf53de,regime,bull,1574850040,30,a1b9f7ead332a02910a8d37cb3752a111385bcc0b64732a2fe41aa1b2ee40373,977,11.84604470001068,0.8455621000030078,6977,1
lstm_cnn_attention,fold_2,456,3d6e305978b81958,regime,bear,518123612,80,2d219eb3b9d856056e5f2c4cf90b12cdae9574f9a997f641ca3098c3d3f5527d,697,9.728306200006044,0.7821394000056898,10177,1
lstm_cnn_attention,fold_2,789,5088057e20bc2e12,global,global,789,122,279538b1cd564a4b06ef037ac3e334f8324b5edbc753e8ed9f34910dc00e60b7,2580,20.654421600003843,0.8375623000029009,12865,3
lstm_cnn_attention,fold_2,789,728d39afb8e24471,global,bull,566602380,122,279538b1cd564a4b06ef037ac3e334f8324b5edbc753e8ed9f34910dc00e60b7,2580,21.3911528000026,0.7050233000045409,12865,1
lstm_cnn_attention,fold_2,789,b5120794d885de99,global,sideway,1412251680,122,279538b1cd564a4b06ef037ac3e334f8324b5edbc753e8ed9f34910dc00e60b7,2580,21.083439900001395,0.8216061999992235,12865,1
lstm_cnn_attention,fold_2,789,e9c0d08623dcc1de,global,bear,1676376697,122,279538b1cd564a4b06ef037ac3e334f8324b5edbc753e8ed9f34910dc00e60b7,2580,20.866723300001468,0.8371718999987934,12865,1
lstm_cnn_attention,fold_2,789,e5749eb10c248825,regime,bull,566602380,122,279538b1cd564a4b06ef037ac3e334f8324b5edbc753e8ed9f34910dc00e60b7,977,11.976748000000953,0.9093671000009635,12865,1
lstm_cnn_attention,fold_2,789,2995e08483076a4c,regime,sideway,1412251680,122,279538b1cd564a4b06ef037ac3e334f8324b5edbc753e8ed9f34910dc00e60b7,906,11.502256699997815,0.8486899000126868,12865,3
lstm_cnn_attention,fold_2,789,a50a2a50e4dd22ed,regime,bear,1676376697,122,279538b1cd564a4b06ef037ac3e334f8324b5edbc753e8ed9f34910dc00e60b7,697,10.176365099992836,0.7651732999947853,12865,1
lstm_cnn_attention,fold_2,789,cada770d877fe90d,regime,bull,566602380,30,834d1e1f08392962409a468e4fdae8502fe8638e073183aebbdba5131f23b9c5,977,12.202635299996471,0.9106128999992508,6977,1
lstm_cnn_attention,fold_2,789,8b5dbf741fa63a28,regime,bear,1676376697,80,3034bb44ef0fa18ea49b08e084cf6672fd5fcb2627e8c5fb230ab20b267caba1,697,9.999500999998418,0.8782842999935383,10177,1
lstm_cnn_attention,fold_2,789,d34b7159abd3aea7,regime,bull,566602380,30,a1b9f7ead332a02910a8d37cb3752a111385bcc0b64732a2fe41aa1b2ee40373,977,12.41590819999692,0.7329011999972863,6977,1
lstm_cnn_attention,fold_2,789,d6e30fd462ababe9,regime,bear,1676376697,80,2d219eb3b9d856056e5f2c4cf90b12cdae9574f9a997f641ca3098c3d3f5527d,697,9.759000499994729,0.8674485999945318,10177,1
lstm_cnn_attention,fold_3,123,8702158798139e08,global,global,123,122,279538b1cd564a4b06ef037ac3e334f8324b5edbc753e8ed9f34910dc00e60b7,2823,23.638649800006533,0.8856760000053328,12865,3
lstm_cnn_attention,fold_3,123,50f96243bc475446,global,bull,288347036,122,279538b1cd564a4b06ef037ac3e334f8324b5edbc753e8ed9f34910dc00e60b7,2823,23.973381599993445,0.7043925999896601,12865,1
lstm_cnn_attention,fold_3,123,93aa1e9ed6cba158,global,sideway,2046851630,122,279538b1cd564a4b06ef037ac3e334f8324b5edbc753e8ed9f34910dc00e60b7,2823,23.066925299994185,0.9370806999941124,12865,1
lstm_cnn_attention,fold_3,123,6861dc9fa391bcbe,global,bear,235231008,122,279538b1cd564a4b06ef037ac3e334f8324b5edbc753e8ed9f34910dc00e60b7,2823,23.07803820000845,0.945227000003797,12865,1
lstm_cnn_attention,fold_3,123,14b06c5bd1a6680c,regime,bull,288347036,122,279538b1cd564a4b06ef037ac3e334f8324b5edbc753e8ed9f34910dc00e60b7,1016,11.8630026000028,0.9292342999979156,12865,1
lstm_cnn_attention,fold_3,123,48874a45b251646c,regime,sideway,2046851630,122,279538b1cd564a4b06ef037ac3e334f8324b5edbc753e8ed9f34910dc00e60b7,991,11.064435399996,0.9148122000042348,12865,3
lstm_cnn_attention,fold_3,123,1e8371ab8eec9487,regime,bear,235231008,122,279538b1cd564a4b06ef037ac3e334f8324b5edbc753e8ed9f34910dc00e60b7,816,9.751262099991436,0.9413016000034986,12865,1
lstm_cnn_attention,fold_3,123,d47132bd6593af86,regime,bull,288347036,30,834d1e1f08392962409a468e4fdae8502fe8638e073183aebbdba5131f23b9c5,1016,11.69048260001,0.8194903999974485,6977,1
lstm_cnn_attention,fold_3,123,811180e142e3501c,regime,bear,235231008,80,3034bb44ef0fa18ea49b08e084cf6672fd5fcb2627e8c5fb230ab20b267caba1,816,10.12688040001376,0.897748599993065,10177,1
lstm_cnn_attention,fold_3,123,6c191bd41bb3200e,regime,bull,288347036,30,a1b9f7ead332a02910a8d37cb3752a111385bcc0b64732a2fe41aa1b2ee40373,1016,12.02237370000512,0.8581792000040878,6977,1
lstm_cnn_attention,fold_3,123,009f5d323f855d57,regime,bear,235231008,80,2d219eb3b9d856056e5f2c4cf90b12cdae9574f9a997f641ca3098c3d3f5527d,816,11.236588100000516,1.0219885999977123,10177,1
lstm_cnn_attention,fold_3,2025,07356d245ea235a0,global,global,2025,122,279538b1cd564a4b06ef037ac3e334f8324b5edbc753e8ed9f34910dc00e60b7,2823,22.71051730000181,0.9385920000058832,12865,3
lstm_cnn_attention,fold_3,2025,42bcd83b4461c14b,global,bull,2072905862,122,279538b1cd564a4b06ef037ac3e334f8324b5edbc753e8ed9f34910dc00e60b7,2823,22.73329279999598,0.95299979999254,12865,1
lstm_cnn_attention,fold_3,2025,f5403de8f6e41a31,global,sideway,1719281127,122,279538b1cd564a4b06ef037ac3e334f8324b5edbc753e8ed9f34910dc00e60b7,2823,22.695988999999827,0.959148499998264,12865,1
lstm_cnn_attention,fold_3,2025,997c5d0b3c6dd154,global,bear,926380243,122,279538b1cd564a4b06ef037ac3e334f8324b5edbc753e8ed9f34910dc00e60b7,2823,23.005856899995702,0.7787050000042655,12865,1
lstm_cnn_attention,fold_3,2025,b6ee8b5f108979a0,regime,bull,2072905862,122,279538b1cd564a4b06ef037ac3e334f8324b5edbc753e8ed9f34910dc00e60b7,1016,16.04690380000102,1.1148973999952432,12865,1
lstm_cnn_attention,fold_3,2025,d55a4748d308dbec,regime,sideway,1719281127,122,279538b1cd564a4b06ef037ac3e334f8324b5edbc753e8ed9f34910dc00e60b7,991,14.744429299986225,1.1331142999988515,12865,3
lstm_cnn_attention,fold_3,2025,a0eaec6f147e548e,regime,bear,926380243,122,279538b1cd564a4b06ef037ac3e334f8324b5edbc753e8ed9f34910dc00e60b7,816,13.293410300000687,1.0589479000045685,12865,1
lstm_cnn_attention,fold_3,2025,8c3d48e3b80bdfc7,regime,bull,2072905862,30,834d1e1f08392962409a468e4fdae8502fe8638e073183aebbdba5131f23b9c5,1016,14.735819900000934,0.9493369999981952,6977,1
lstm_cnn_attention,fold_3,2025,245227fb2db724b4,regime,bear,926380243,80,3034bb44ef0fa18ea49b08e084cf6672fd5fcb2627e8c5fb230ab20b267caba1,816,10.865898499992907,0.8637559999915538,10177,1
lstm_cnn_attention,fold_3,2025,a34f3ab5e96a284a,regime,bull,2072905862,30,a1b9f7ead332a02910a8d37cb3752a111385bcc0b64732a2fe41aa1b2ee40373,1016,12.168537199991988,0.9434464000078152,6977,1
lstm_cnn_attention,fold_3,2025,76178e43da741317,regime,bear,926380243,80,2d219eb3b9d856056e5f2c4cf90b12cdae9574f9a997f641ca3098c3d3f5527d,816,10.280497400002789,0.9345544999960111,10177,1
lstm_cnn_attention,fold_3,42,243d1d20c59ea695,global,global,42,122,279538b1cd564a4b06ef037ac3e334f8324b5edbc753e8ed9f34910dc00e60b7,2823,22.946856799986563,0.8780767999996897,12865,3
lstm_cnn_attention,fold_3,42,c6c21e74fe2a4923,global,bull,233391756,122,279538b1cd564a4b06ef037ac3e334f8324b5edbc753e8ed9f34910dc00e60b7,2823,21.91228420000698,0.7514214999973774,12865,1
lstm_cnn_attention,fold_3,42,b5b873c4d8bca397,global,sideway,1801841624,122,279538b1cd564a4b06ef037ac3e334f8324b5edbc753e8ed9f34910dc00e60b7,2823,19.510285499985912,0.6894921000057366,12865,1
lstm_cnn_attention,fold_3,42,9eb1d752fa89ad86,global,bear,1151042323,122,279538b1cd564a4b06ef037ac3e334f8324b5edbc753e8ed9f34910dc00e60b7,2823,21.39246409999032,0.8711518999916734,12865,1
lstm_cnn_attention,fold_3,42,9a67bd7809257315,regime,bull,233391756,122,279538b1cd564a4b06ef037ac3e334f8324b5edbc753e8ed9f34910dc00e60b7,1016,12.169845099997474,0.945980700009386,12865,1
lstm_cnn_attention,fold_3,42,9eafb36efdad20c4,regime,sideway,1801841624,122,279538b1cd564a4b06ef037ac3e334f8324b5edbc753e8ed9f34910dc00e60b7,991,11.636636000010183,0.816161299997475,12865,3
lstm_cnn_attention,fold_3,42,05ccbf32630d39ed,regime,bear,1151042323,122,279538b1cd564a4b06ef037ac3e334f8324b5edbc753e8ed9f34910dc00e60b7,816,11.146138099997188,0.8594565999956103,12865,1
lstm_cnn_attention,fold_3,42,34de64701a26b458,regime,bull,233391756,30,834d1e1f08392962409a468e4fdae8502fe8638e073183aebbdba5131f23b9c5,1016,12.27681590001157,0.8620484999992186,6977,1
lstm_cnn_attention,fold_3,42,22cd5dc3912d36e5,regime,bear,1151042323,80,3034bb44ef0fa18ea49b08e084cf6672fd5fcb2627e8c5fb230ab20b267caba1,816,11.497758800003794,0.922284900007071,10177,1
lstm_cnn_attention,fold_3,42,7a4d31655d9846e7,regime,bull,233391756,30,a1b9f7ead332a02910a8d37cb3752a111385bcc0b64732a2fe41aa1b2ee40373,1016,12.702247600012925,0.940823900004034,6977,1
lstm_cnn_attention,fold_3,42,8d40d9e323ff7794,regime,bear,1151042323,80,2d219eb3b9d856056e5f2c4cf90b12cdae9574f9a997f641ca3098c3d3f5527d,816,13.102118000009796,1.0056073000014294,10177,1
lstm_cnn_attention,fold_3,456,e3bca2228e072ec8,global,global,456,122,279538b1cd564a4b06ef037ac3e334f8324b5edbc753e8ed9f34910dc00e60b7,2823,25.788908600006835,0.7046711000002688,12865,3
lstm_cnn_attention,fold_3,456,1662c7f899c10629,global,bull,1574850040,122,279538b1cd564a4b06ef037ac3e334f8324b5edbc753e8ed9f34910dc00e60b7,2823,22.454236300007324,0.7087966999970376,12865,1
lstm_cnn_attention,fold_3,456,3d3a62fb0fc63d91,global,sideway,376207022,122,279538b1cd564a4b06ef037ac3e334f8324b5edbc753e8ed9f34910dc00e60b7,2823,21.764169599991877,0.9231574000004912,12865,1
lstm_cnn_attention,fold_3,456,4864033066cfe948,global,bear,518123612,122,279538b1cd564a4b06ef037ac3e334f8324b5edbc753e8ed9f34910dc00e60b7,2823,22.18975859999773,0.9444055999920238,12865,1
lstm_cnn_attention,fold_3,456,9c902a900dff1a5f,regime,bull,1574850040,122,279538b1cd564a4b06ef037ac3e334f8324b5edbc753e8ed9f34910dc00e60b7,1016,11.968926299989109,0.8028593000053661,12865,1
lstm_cnn_attention,fold_3,456,ee23cc6f475eef16,regime,sideway,376207022,122,279538b1cd564a4b06ef037ac3e334f8324b5edbc753e8ed9f34910dc00e60b7,991,12.700762499996928,0.886564799991902,12865,3
lstm_cnn_attention,fold_3,456,c92fadb76415b4b7,regime,bear,518123612,122,279538b1cd564a4b06ef037ac3e334f8324b5edbc753e8ed9f34910dc00e60b7,816,10.659759899994242,0.8208863999898313,12865,1
lstm_cnn_attention,fold_3,456,77e8242fff3c7c5c,regime,bull,1574850040,30,834d1e1f08392962409a468e4fdae8502fe8638e073183aebbdba5131f23b9c5,1016,12.799531100012246,0.8854073000111384,6977,1
lstm_cnn_attention,fold_3,456,33c236d4a9a7b3a9,regime,bear,518123612,80,3034bb44ef0fa18ea49b08e084cf6672fd5fcb2627e8c5fb230ab20b267caba1,816,11.957655500009423,1.4775393000018084,10177,1
lstm_cnn_attention,fold_3,456,1b4a5d91afcf53de,regime,bull,1574850040,30,a1b9f7ead332a02910a8d37cb3752a111385bcc0b64732a2fe41aa1b2ee40373,1016,15.182971799993538,1.0390987999999195,6977,1
lstm_cnn_attention,fold_3,456,3d6e305978b81958,regime,bear,518123612,80,2d219eb3b9d856056e5f2c4cf90b12cdae9574f9a997f641ca3098c3d3f5527d,816,13.77284440000949,1.071846300008474,10177,1
lstm_cnn_attention,fold_3,789,5088057e20bc2e12,global,global,789,122,279538b1cd564a4b06ef037ac3e334f8324b5edbc753e8ed9f34910dc00e60b7,2823,22.473809799994346,0.8934406999906059,12865,3
lstm_cnn_attention,fold_3,789,728d39afb8e24471,global,bull,566602380,122,279538b1cd564a4b06ef037ac3e334f8324b5edbc753e8ed9f34910dc00e60b7,2823,23.415722499994445,0.8978300999879139,12865,1
lstm_cnn_attention,fold_3,789,b5120794d885de99,global,sideway,1412251680,122,279538b1cd564a4b06ef037ac3e334f8324b5edbc753e8ed9f34910dc00e60b7,2823,23.374652699989383,0.8316114000044763,12865,1
lstm_cnn_attention,fold_3,789,e9c0d08623dcc1de,global,bear,1676376697,122,279538b1cd564a4b06ef037ac3e334f8324b5edbc753e8ed9f34910dc00e60b7,2823,23.26823840000725,0.8449550999939675,12865,1
lstm_cnn_attention,fold_3,789,e5749eb10c248825,regime,bull,566602380,122,279538b1cd564a4b06ef037ac3e334f8324b5edbc753e8ed9f34910dc00e60b7,1016,11.786657300006482,0.8100455000094371,12865,1
lstm_cnn_attention,fold_3,789,2995e08483076a4c,regime,sideway,1412251680,122,279538b1cd564a4b06ef037ac3e334f8324b5edbc753e8ed9f34910dc00e60b7,991,11.731140499992762,0.8480889999918872,12865,3
lstm_cnn_attention,fold_3,789,a50a2a50e4dd22ed,regime,bear,1676376697,122,279538b1cd564a4b06ef037ac3e334f8324b5edbc753e8ed9f34910dc00e60b7,816,10.79341069998918,1.026032399997348,12865,1
lstm_cnn_attention,fold_3,789,cada770d877fe90d,regime,bull,566602380,30,834d1e1f08392962409a468e4fdae8502fe8638e073183aebbdba5131f23b9c5,1016,12.526532200005022,0.8774287999985972,6977,1
lstm_cnn_attention,fold_3,789,8b5dbf741fa63a28,regime,bear,1676376697,80,3034bb44ef0fa18ea49b08e084cf6672fd5fcb2627e8c5fb230ab20b267caba1,816,11.137714799988316,0.8257838999998057,10177,1
lstm_cnn_attention,fold_3,789,d34b7159abd3aea7,regime,bull,566602380,30,a1b9f7ead332a02910a8d37cb3752a111385bcc0b64732a2fe41aa1b2ee40373,1016,10.930041600004188,0.8783532999950694,6977,1
lstm_cnn_attention,fold_3,789,d6e30fd462ababe9,regime,bear,1676376697,80,2d219eb3b9d856056e5f2c4cf90b12cdae9574f9a997f641ca3098c3d3f5527d,816,9.568932599999243,0.8044292999984464,10177,1
lstm_cnn_attention,fold_4,123,8702158798139e08,global,global,123,122,279538b1cd564a4b06ef037ac3e334f8324b5edbc753e8ed9f34910dc00e60b7,3067,23.09488290001173,0.8530587999994168,12865,3
lstm_cnn_attention,fold_4,123,50f96243bc475446,global,bull,288347036,122,279538b1cd564a4b06ef037ac3e334f8324b5edbc753e8ed9f34910dc00e60b7,3067,24.00375809999241,0.9509107999911066,12865,1
lstm_cnn_attention,fold_4,123,93aa1e9ed6cba158,global,sideway,2046851630,122,279538b1cd564a4b06ef037ac3e334f8324b5edbc753e8ed9f34910dc00e60b7,3067,23.5014869000006,0.9266811000125016,12865,1
lstm_cnn_attention,fold_4,123,6861dc9fa391bcbe,global,bear,235231008,122,279538b1cd564a4b06ef037ac3e334f8324b5edbc753e8ed9f34910dc00e60b7,3067,23.87785579999036,0.8663721000048099,12865,1
lstm_cnn_attention,fold_4,123,14b06c5bd1a6680c,regime,bull,288347036,122,279538b1cd564a4b06ef037ac3e334f8324b5edbc753e8ed9f34910dc00e60b7,1107,13.825463700006368,1.025539300011587,12865,1
lstm_cnn_attention,fold_4,123,48874a45b251646c,regime,sideway,2046851630,122,279538b1cd564a4b06ef037ac3e334f8324b5edbc753e8ed9f34910dc00e60b7,1076,15.73739399999613,0.9681604000070364,12865,3
lstm_cnn_attention,fold_4,123,1e8371ab8eec9487,regime,bear,235231008,122,279538b1cd564a4b06ef037ac3e334f8324b5edbc753e8ed9f34910dc00e60b7,884,13.286151899999822,0.9034069000044838,12865,1
lstm_cnn_attention,fold_4,123,d47132bd6593af86,regime,bull,288347036,30,834d1e1f08392962409a468e4fdae8502fe8638e073183aebbdba5131f23b9c5,1107,11.680838300002506,1.3856307000096422,6977,1
lstm_cnn_attention,fold_4,123,811180e142e3501c,regime,bear,235231008,80,3034bb44ef0fa18ea49b08e084cf6672fd5fcb2627e8c5fb230ab20b267caba1,884,11.256057599995984,0.905280799997854,10177,1
lstm_cnn_attention,fold_4,123,6c191bd41bb3200e,regime,bull,288347036,30,a1b9f7ead332a02910a8d37cb3752a111385bcc0b64732a2fe41aa1b2ee40373,1107,11.477886599997872,0.8321715999918524,6977,1
lstm_cnn_attention,fold_4,123,009f5d323f855d57,regime,bear,235231008,80,2d219eb3b9d856056e5f2c4cf90b12cdae9574f9a997f641ca3098c3d3f5527d,884,11.621373600006336,0.8332637999992585,10177,1
lstm_cnn_attention,fold_4,2025,07356d245ea235a0,global,global,2025,122,279538b1cd564a4b06ef037ac3e334f8324b5edbc753e8ed9f34910dc00e60b7,3067,24.183299700001957,0.6758050999924308,12865,3
lstm_cnn_attention,fold_4,2025,42bcd83b4461c14b,global,bull,2072905862,122,279538b1cd564a4b06ef037ac3e334f8324b5edbc753e8ed9f34910dc00e60b7,3067,22.631710600006045,0.7398551000078442,12865,1
lstm_cnn_attention,fold_4,2025,f5403de8f6e41a31,global,sideway,1719281127,122,279538b1cd564a4b06ef037ac3e334f8324b5edbc753e8ed9f34910dc00e60b7,3067,22.410320200011483,0.6407695000089006,12865,1
lstm_cnn_attention,fold_4,2025,997c5d0b3c6dd154,global,bear,926380243,122,279538b1cd564a4b06ef037ac3e334f8324b5edbc753e8ed9f34910dc00e60b7,3067,21.19507220000378,0.6247962000052212,12865,1
lstm_cnn_attention,fold_4,2025,b6ee8b5f108979a0,regime,bull,2072905862,122,279538b1cd564a4b06ef037ac3e334f8324b5edbc753e8ed9f34910dc00e60b7,1107,10.239963999993051,0.6467108999931952,12865,1
lstm_cnn_attention,fold_4,2025,d55a4748d308dbec,regime,sideway,1719281127,122,279538b1cd564a4b06ef037ac3e334f8324b5edbc753e8ed9f34910dc00e60b7,1076,10.353956800012384,0.7229735000000801,12865,3
lstm_cnn_attention,fold_4,2025,a0eaec6f147e548e,regime,bear,926380243,122,279538b1cd564a4b06ef037ac3e334f8324b5edbc753e8ed9f34910dc00e60b7,884,9.139291900006356,0.6139125000045169,12865,1
lstm_cnn_attention,fold_4,2025,8c3d48e3b80bdfc7,regime,bull,2072905862,30,834d1e1f08392962409a468e4fdae8502fe8638e073183aebbdba5131f23b9c5,1107,10.390444300006491,0.5780825999972876,6977,1
lstm_cnn_attention,fold_4,2025,245227fb2db724b4,regime,bear,926380243,80,3034bb44ef0fa18ea49b08e084cf6672fd5fcb2627e8c5fb230ab20b267caba1,884,9.001763600012055,0.7411634000018239,10177,1
lstm_cnn_attention,fold_4,2025,a34f3ab5e96a284a,regime,bull,2072905862,30,a1b9f7ead332a02910a8d37cb3752a111385bcc0b64732a2fe41aa1b2ee40373,1107,10.607444600012968,0.547721900002216,6977,1
lstm_cnn_attention,fold_4,2025,76178e43da741317,regime,bear,926380243,80,2d219eb3b9d856056e5f2c4cf90b12cdae9574f9a997f641ca3098c3d3f5527d,884,9.323343100011698,0.6587022000021534,10177,1
lstm_cnn_attention,fold_4,42,243d1d20c59ea695,global,global,42,122,279538b1cd564a4b06ef037ac3e334f8324b5edbc753e8ed9f34910dc00e60b7,3067,24.589949499990325,0.8512955999904079,12865,3
lstm_cnn_attention,fold_4,42,c6c21e74fe2a4923,global,bull,233391756,122,279538b1cd564a4b06ef037ac3e334f8324b5edbc753e8ed9f34910dc00e60b7,3067,25.167763899997222,0.7683116999978665,12865,1
lstm_cnn_attention,fold_4,42,b5b873c4d8bca397,global,sideway,1801841624,122,279538b1cd564a4b06ef037ac3e334f8324b5edbc753e8ed9f34910dc00e60b7,3067,23.2978948999953,0.8310434000013629,12865,1
lstm_cnn_attention,fold_4,42,9eb1d752fa89ad86,global,bear,1151042323,122,279538b1cd564a4b06ef037ac3e334f8324b5edbc753e8ed9f34910dc00e60b7,3067,23.497213599999668,0.7075622999982443,12865,1
lstm_cnn_attention,fold_4,42,9a67bd7809257315,regime,bull,233391756,122,279538b1cd564a4b06ef037ac3e334f8324b5edbc753e8ed9f34910dc00e60b7,1107,10.588814199989429,0.6064303000021027,12865,1
lstm_cnn_attention,fold_4,42,9eafb36efdad20c4,regime,sideway,1801841624,122,279538b1cd564a4b06ef037ac3e334f8324b5edbc753e8ed9f34910dc00e60b7,1076,9.983896999998253,0.5915129000059096,12865,3
lstm_cnn_attention,fold_4,42,05ccbf32630d39ed,regime,bear,1151042323,122,279538b1cd564a4b06ef037ac3e334f8324b5edbc753e8ed9f34910dc00e60b7,884,8.936323100002483,0.6013062999991234,12865,1
lstm_cnn_attention,fold_4,42,34de64701a26b458,regime,bull,233391756,30,834d1e1f08392962409a468e4fdae8502fe8638e073183aebbdba5131f23b9c5,1107,10.02233000000706,0.5664850000030128,6977,1
lstm_cnn_attention,fold_4,42,22cd5dc3912d36e5,regime,bear,1151042323,80,3034bb44ef0fa18ea49b08e084cf6672fd5fcb2627e8c5fb230ab20b267caba1,884,8.670875199997681,0.5934520000009798,10177,1
lstm_cnn_attention,fold_4,42,7a4d31655d9846e7,regime,bull,233391756,30,a1b9f7ead332a02910a8d37cb3752a111385bcc0b64732a2fe41aa1b2ee40373,1107,9.763842600004864,0.6148373000032734,6977,1
lstm_cnn_attention,fold_4,42,8d40d9e323ff7794,regime,bear,1151042323,80,2d219eb3b9d856056e5f2c4cf90b12cdae9574f9a997f641ca3098c3d3f5527d,884,8.963207500011777,0.6001766999979736,10177,1
lstm_cnn_attention,fold_4,456,e3bca2228e072ec8,global,global,456,122,279538b1cd564a4b06ef037ac3e334f8324b5edbc753e8ed9f34910dc00e60b7,3067,21.66949429998931,0.5974774000060279,12865,3
lstm_cnn_attention,fold_4,456,1662c7f899c10629,global,bull,1574850040,122,279538b1cd564a4b06ef037ac3e334f8324b5edbc753e8ed9f34910dc00e60b7,3067,20.366441299993312,0.5990783000015654,12865,1
lstm_cnn_attention,fold_4,456,3d3a62fb0fc63d91,global,sideway,376207022,122,279538b1cd564a4b06ef037ac3e334f8324b5edbc753e8ed9f34910dc00e60b7,3067,20.909404899997757,0.7067902999988291,12865,1
lstm_cnn_attention,fold_4,456,4864033066cfe948,global,bear,518123612,122,279538b1cd564a4b06ef037ac3e334f8324b5edbc753e8ed9f34910dc00e60b7,3067,22.656162399987807,0.687221000000136,12865,1
lstm_cnn_attention,fold_4,456,9c902a900dff1a5f,regime,bull,1574850040,122,279538b1cd564a4b06ef037ac3e334f8324b5edbc753e8ed9f34910dc00e60b7,1107,11.014357899999595,0.6541640999930678,12865,1
lstm_cnn_attention,fold_4,456,ee23cc6f475eef16,regime,sideway,376207022,122,279538b1cd564a4b06ef037ac3e334f8324b5edbc753e8ed9f34910dc00e60b7,1076,10.672877499993774,0.6931031999993138,12865,3
lstm_cnn_attention,fold_4,456,c92fadb76415b4b7,regime,bear,518123612,122,279538b1cd564a4b06ef037ac3e334f8324b5edbc753e8ed9f34910dc00e60b7,884,9.630827699991642,0.6723641999997199,12865,1
lstm_cnn_attention,fold_4,456,77e8242fff3c7c5c,regime,bull,1574850040,30,834d1e1f08392962409a468e4fdae8502fe8638e073183aebbdba5131f23b9c5,1107,10.920012699993094,0.6521779000031529,6977,1
lstm_cnn_attention,fold_4,456,33c236d4a9a7b3a9,regime,bear,518123612,80,3034bb44ef0fa18ea49b08e084cf6672fd5fcb2627e8c5fb230ab20b267caba1,884,8.674841200001538,0.5834469999972498,10177,1
lstm_cnn_attention,fold_4,456,1b4a5d91afcf53de,regime,bull,1574850040,30,a1b9f7ead332a02910a8d37cb3752a111385bcc0b64732a2fe41aa1b2ee40373,1107,10.626073100007488,0.6055886999965878,6977,1
lstm_cnn_attention,fold_4,456,3d6e305978b81958,regime,bear,518123612,80,2d219eb3b9d856056e5f2c4cf90b12cdae9574f9a997f641ca3098c3d3f5527d,884,9.92722219999996,0.7471654000109993,10177,1
lstm_cnn_attention,fold_4,789,5088057e20bc2e12,global,global,789,122,279538b1cd564a4b06ef037ac3e334f8324b5edbc753e8ed9f34910dc00e60b7,3067,23.75796809999156,0.8227020999911474,12865,3
lstm_cnn_attention,fold_4,789,728d39afb8e24471,global,bull,566602380,122,279538b1cd564a4b06ef037ac3e334f8324b5edbc753e8ed9f34910dc00e60b7,3067,24.40641880000476,0.8588492999988375,12865,1
lstm_cnn_attention,fold_4,789,b5120794d885de99,global,sideway,1412251680,122,279538b1cd564a4b06ef037ac3e334f8324b5edbc753e8ed9f34910dc00e60b7,3067,23.477919500001008,0.9314035999996122,12865,1
lstm_cnn_attention,fold_4,789,e9c0d08623dcc1de,global,bear,1676376697,122,279538b1cd564a4b06ef037ac3e334f8324b5edbc753e8ed9f34910dc00e60b7,3067,27.41463030000159,0.9830072999902768,12865,1
lstm_cnn_attention,fold_4,789,e5749eb10c248825,regime,bull,566602380,122,279538b1cd564a4b06ef037ac3e334f8324b5edbc753e8ed9f34910dc00e60b7,1107,15.918325000006009,0.9937815000012052,12865,1
lstm_cnn_attention,fold_4,789,2995e08483076a4c,regime,sideway,1412251680,122,279538b1cd564a4b06ef037ac3e334f8324b5edbc753e8ed9f34910dc00e60b7,1076,15.008598500004156,1.0928745999990497,12865,3
lstm_cnn_attention,fold_4,789,a50a2a50e4dd22ed,regime,bear,1676376697,122,279538b1cd564a4b06ef037ac3e334f8324b5edbc753e8ed9f34910dc00e60b7,884,13.170556199998828,1.3886540999956196,12865,1
lstm_cnn_attention,fold_4,789,cada770d877fe90d,regime,bull,566602380,30,834d1e1f08392962409a468e4fdae8502fe8638e073183aebbdba5131f23b9c5,1107,12.178990699991118,0.8338231999950949,6977,1
lstm_cnn_attention,fold_4,789,8b5dbf741fa63a28,regime,bear,1676376697,80,3034bb44ef0fa18ea49b08e084cf6672fd5fcb2627e8c5fb230ab20b267caba1,884,11.54122389999975,0.7014963999972679,10177,1
lstm_cnn_attention,fold_4,789,d34b7159abd3aea7,regime,bull,566602380,30,a1b9f7ead332a02910a8d37cb3752a111385bcc0b64732a2fe41aa1b2ee40373,1107,12.616399199992884,0.8142573999939486,6977,1
lstm_cnn_attention,fold_4,789,d6e30fd462ababe9,regime,bear,1676376697,80,2d219eb3b9d856056e5f2c4cf90b12cdae9574f9a997f641ca3098c3d3f5527d,884,11.545287199987795,0.849086799993529,10177,1
