model,fold,test_year,base_seed,arm,window,models_in_arm,unique_fits_executed_when_reached,identical_fits_reused_when_reached,conceptual_fit_seconds,conceptual_inference_seconds,conceptual_trainable_parameters,n_test,rmse,mae,mape,r2,direction_accuracy,balanced_accuracy,mcc,direction_coverage,n_direction_evaluated,n_actual_ties,n_predicted_abstentions,direction_tn,direction_fp,direction_fn,direction_tp,predicted_up_share
cnn,fold_1,2022,123,Global-All,20,1,1,0,5.3490175000042655,0.2085664000042015,12017,241,20.86540893957008,16.38384492832595,1.6662675240330624,0.1210931891784373,0.475,0.4779003583725669,-0.0440141028444622,1.0,240,1,0,54,53,73,60,0.4708333333333333
cnn,fold_1,2022,123,Global3-All,20,3,3,0,15.492232000004153,0.6008390000351937,36051,241,21.479681627522343,17.4419393423616,1.7747906966383231,0.0685818250690754,0.4833333333333333,0.4634951865645421,-0.0777425306325204,1.0,240,1,0,30,77,47,86,0.6791666666666667
cnn,fold_1,2022,123,Global-SHAP,20,1,0,1,5.3490175000042655,0.2085664000042015,12017,241,20.86540893957008,16.38384492832595,1.6662675240330624,0.1210931891784373,0.475,0.4779003583725669,-0.0440141028444622,1.0,240,1,0,54,53,73,60,0.4708333333333333
cnn,fold_1,2022,123,Global-Spearman,20,1,0,1,5.3490175000042655,0.2085664000042015,12017,241,20.86540893957008,16.38384492832595,1.6662675240330624,0.1210931891784373,0.475,0.4779003583725669,-0.0440141028444622,1.0,240,1,0,54,53,73,60,0.4708333333333333
cnn,fold_1,2022,123,Regime-All,20,3,3,0,9.11301440000534,0.5609882999851834,36051,241,18.77806965979394,15.06596473226903,1.5368455541907524,0.2881460162092391,0.5416666666666666,0.554493710912796,0.1111972243752629,1.0,240,1,0,72,35,75,58,0.3875
cnn,fold_1,2022,123,Regime-SHAP,20,3,2,1,8.892621999999392,0.5639549999905284,23187,241,22.6180002832728,16.855994727027856,1.726467173182273,-0.0327553146971999,0.55,0.5702339962054669,0.1495739352592958,1.0,240,1,0,81,26,82,51,0.3208333333333333
cnn,fold_1,2022,123,Regime-Spearman,20,3,2,1,8.87804059998598,0.5904737999953795,23187,241,20.83889804911084,15.807340810051594,1.6169595972750246,0.1233251894972665,0.5458333333333333,0.5683015951092685,0.1481691065717306,1.0,240,1,0,83,24,85,48,0.3
cnn,fold_1,2022,2025,Global-All,20,1,1,0,5.398334199999226,0.1859442999993916,12017,241,23.457568851524144,18.880415851822544,1.923478973452952,-0.1108489981586864,0.5041666666666667,0.4695031972454501,-0.078351558939523,1.0,240,1,0,16,91,28,105,0.8166666666666667
cnn,fold_1,2022,2025,Global3-All,20,3,3,0,15.721679400012365,0.5720840999856591,36051,241,24.29175763780481,20.07879254968336,2.043497706874552,-0.191260954076633,0.5125,0.4788489916379734,-0.0534193994285506,1.0,240,1,0,18,89,28,105,0.8083333333333333
cnn,fold_1,2022,2025,Global-SHAP,20,1,0,1,5.398334199999226,0.1859442999993916,12017,241,23.457568851524144,18.880415851822544,1.923478973452952,-0.1108489981586864,0.5041666666666667,0.4695031972454501,-0.078351558939523,1.0,240,1,0,16,91,28,105,0.8166666666666667
cnn,fold_1,2022,2025,Global-Spearman,20,1,0,1,5.398334199999226,0.1859442999993916,12017,241,23.457568851524144,18.880415851822544,1.923478973452952,-0.1108489981586864,0.5041666666666667,0.4695031972454501,-0.078351558939523,1.0,240,1,0,16,91,28,105,0.8166666666666667
cnn,fold_1,2022,2025,Regime-All,20,3,3,0,8.982464599990635,0.5296039999957429,36051,241,25.0538460303379,20.65677443579517,2.1098694247958947,-0.2671786189670593,0.4666666666666667,0.506921509380929,0.0205160867546804,1.0,240,1,0,94,13,115,18,0.1291666666666666
cnn,fold_1,2022,2025,Regime-SHAP,20,3,2,1,8.949210800012224,0.5404822999989847,23187,241,18.967686212254527,16.041569039376434,1.6323058420140764,0.273697162264115,0.5083333333333333,0.5390345021432085,0.0935486687327715,1.0,240,1,0,88,19,99,34,0.2208333333333333
cnn,fold_1,2022,2025,Regime-Spearman,20,3,2,1,9.231215199979488,0.5362213000189513,23187,241,16.037345823334455,13.681465838222575,1.390791701251931,0.4807768868517096,0.5208333333333334,0.5375237158316352,0.0782080758621836,1.0,240,1,0,74,33,82,51,0.35
cnn,fold_1,2022,42,Global-All,20,1,1,0,5.266495800009579,0.1940897000022232,12017,241,23.50314112204354,19.52815611328823,1.9870611382930417,-0.1151694020553966,0.5166666666666667,0.4807813927341718,-0.0507634523812258,1.0,240,1,0,16,91,25,108,0.8291666666666667
cnn,fold_1,2022,42,Global3-All,20,3,3,0,15.781229100000928,0.568541999993613,36051,241,25.148820353397078,20.6007962827498,2.095307118424145,-0.2768040906161473,0.4958333333333333,0.4619844002529689,-0.0960129405011491,1.0,240,1,0,16,91,30,103,0.8083333333333333
cnn,fold_1,2022,42,Global-SHAP,20,1,0,1,5.266495800009579,0.1940897000022232,12017,241,23.50314112204354,19.52815611328823,1.9870611382930417,-0.1151694020553966,0.5166666666666667,0.4807813927341718,-0.0507634523812258,1.0,240,1,0,16,91,25,108,0.8291666666666667
cnn,fold_1,2022,42,Global-Spearman,20,1,0,1,5.266495800009579,0.1940897000022232,12017,241,23.50314112204354,19.52815611328823,1.9870611382930417,-0.1151694020553966,0.5166666666666667,0.4807813927341718,-0.0507634523812258,1.0,240,1,0,16,91,25,108,0.8291666666666667
cnn,fold_1,2022,42,Regime-All,20,3,3,0,9.214337300029,0.5431863000121666,36051,241,31.004195699698283,26.76422297275908,2.7377172766015274,-0.9405729226922768,0.5708333333333333,0.545183051085658,0.1026165509233591,1.0,240,1,0,33,74,29,104,0.7416666666666667
cnn,fold_1,2022,42,Regime-SHAP,20,3,2,1,9.049063999991631,0.5505336999922292,23187,241,25.57224667723929,21.84286233749628,2.2253847343330144,-0.3201606951938263,0.5666666666666667,0.5386831564893542,0.0903663283515333,1.0,240,1,0,30,77,27,106,0.7625
cnn,fold_1,2022,42,Regime-Spearman,20,3,2,1,9.12527649999538,0.5511111000087112,23187,241,27.286125826015148,23.474755600913447,2.393843267167014,-0.5030477687100918,0.575,0.5480289508818775,0.1108882454916035,1.0,240,1,0,32,75,27,106,0.7541666666666667
cnn,fold_1,2022,456,Global-All,20,1,1,0,5.320822900001076,0.1809009999997215,12017,241,18.039757147809905,14.448801536896408,1.4680432593691284,0.3430226428951338,0.4791666666666667,0.498102733469187,-0.0040269036808461,1.0,240,1,0,72,35,90,43,0.325
cnn,fold_1,2022,456,Global3-All,20,3,3,0,15.636093400011305,0.5744837999955053,36051,241,18.381869245444083,14.707875379830138,1.496918341572076,0.3178680788358392,0.4791666666666667,0.4862272503689129,-0.0276300858204807,1.0,240,1,0,59,48,77,56,0.4333333333333333
cnn,fold_1,2022,456,Global-SHAP,20,1,0,1,5.320822900001076,0.1809009999997215,12017,241,18.039757147809905,14.448801536896408,1.4680432593691284,0.3430226428951338,0.4791666666666667,0.498102733469187,-0.0040269036808461,1.0,240,1,0,72,35,90,43,0.325
cnn,fold_1,2022,456,Global-Spearman,20,1,0,1,5.320822900001076,0.1809009999997215,12017,241,18.039757147809905,14.448801536896408,1.4680432593691284,0.3430226428951338,0.4791666666666667,0.498102733469187,-0.0040269036808461,1.0,240,1,0,72,35,90,43,0.325
cnn,fold_1,2022,456,Regime-All,20,3,3,0,8.795829599999706,0.6122509999986505,36051,241,17.90635577998892,13.999696091339306,1.427222702249594,0.3527032199282932,0.5875,0.5702691307708524,0.1481860430873682,1.0,240,1,0,44,63,36,97,0.6666666666666666
cnn,fold_1,2022,456,Regime-SHAP,20,3,2,1,8.95271790001425,0.5933596000104444,23187,241,18.80467786782563,14.211939933309916,1.4576141198828296,0.2861272167390426,0.5916666666666667,0.5767690253671562,0.1595726362845894,1.0,240,1,0,47,60,38,95,0.6458333333333334
cnn,fold_1,2022,456,Regime-Spearman,20,3,2,1,8.948204900007113,0.5757353999943007,23187,241,21.45712375557873,15.868441892738666,1.6278665308625258,0.070537140752681,0.5791666666666667,0.5664043285784555,0.1363569286907252,1.0,240,1,0,48,59,42,91,0.625
cnn,fold_1,2022,789,Global-All,20,1,1,0,5.213530300010461,0.2019006000045919,12017,241,17.939757709026022,14.230606978503491,1.448142030205655,0.3502860752121016,0.475,0.4760733609725247,-0.0475865167094616,1.0,240,1,0,52,55,71,62,0.4875
cnn,fold_1,2022,789,Global3-All,20,3,3,0,16.021976700008963,0.5478548000101,36051,241,20.33145242882397,15.92531419941334,1.6193837727360303,0.1655009673288606,0.525,0.5065701637270746,0.0138994435334307,1.0,240,1,0,36,71,43,90,0.6708333333333333
cnn,fold_1,2022,789,Global-SHAP,20,1,0,1,5.213530300010461,0.2019006000045919,12017,241,17.939757709026022,14.230606978503491,1.448142030205655,0.3502860752121016,0.475,0.4760733609725247,-0.0475865167094616,1.0,240,1,0,52,55,71,62,0.4875
cnn,fold_1,2022,789,Global-Spearman,20,1,0,1,5.213530300010461,0.2019006000045919,12017,241,17.939757709026022,14.230606978503491,1.448142030205655,0.3502860752121016,0.475,0.4760733609725247,-0.0475865167094616,1.0,240,1,0,52,55,71,62,0.4875
cnn,fold_1,2022,789,Regime-All,20,3,3,0,9.187909500004023,0.6053910000046017,36051,241,21.234938726046305,17.102180232784065,1.7476237336831222,0.0896863549975319,0.5583333333333333,0.5613098165975687,0.122003922937788,1.0,240,1,0,63,44,62,71,0.4791666666666667
cnn,fold_1,2022,789,Regime-SHAP,20,3,2,1,9.305628999994951,0.6039886000071419,23187,241,18.01009750313441,14.203511595409438,1.4539523837592163,0.3451811748887576,0.5541666666666667,0.5612044129014124,0.1225251123831249,1.0,240,1,0,67,40,67,66,0.4416666666666666
cnn,fold_1,2022,789,Regime-Spearman,20,3,2,1,9.117627200015704,0.595960600025137,23187,241,12.64326144381536,10.259757115395738,1.044129574324057,0.6772938326510733,0.5083333333333333,0.5052350502424285,0.0104262342191174,1.0,240,1,0,51,56,62,71,0.5291666666666667
cnn,fold_2,2023,123,Global-All,20,1,1,0,5.821206499997061,0.2295253000047523,12017,243,20.949448192111007,17.006885844552457,1.8069576538732104,0.7783156994612794,0.5289256198347108,0.5153508771929824,0.0347472641152221,1.0,242,1,0,96,32,82,32,0.2644628099173554
cnn,fold_2,2023,123,Global3-All,20,3,3,0,16.51064569997834,0.568757100001676,36051,243,18.34110777524269,15.129496823665376,1.6208163509029656,0.8300814132399417,0.5454545454545454,0.5420093201754386,0.0845299618310231,1.0,242,1,0,77,51,59,55,0.4380165289256198
cnn,fold_2,2023,123,Global-SHAP,20,1,0,1,5.821206499997061,0.2295253000047523,12017,243,20.949448192111007,17.006885844552457,1.8069576538732104,0.7783156994612794,0.5289256198347108,0.5153508771929824,0.0347472641152221,1.0,242,1,0,96,32,82,32,0.2644628099173554
cnn,fold_2,2023,123,Global-Spearman,20,1,0,1,5.821206499997061,0.2295253000047523,12017,243,20.949448192111007,17.006885844552457,1.8069576538732104,0.7783156994612794,0.5289256198347108,0.5153508771929824,0.0347472641152221,1.0,242,1,0,96,32,82,32,0.2644628099173554
cnn,fold_2,2023,123,Regime-All,20,3,3,0,9.417356299993116,0.565482099991641,36051,243,18.77982914307808,14.665299644509446,1.58567635317283,0.8218552470741944,0.5082644628099173,0.5025356359649122,0.0051654057421585,1.0,242,1,0,77,51,68,46,0.4008264462809917
cnn,fold_2,2023,123,Regime-SHAP,20,3,2,1,9.34818349998386,0.5765102999721421,23187,243,20.901540718929915,15.914880627585038,1.719363517011357,0.7793284412982054,0.5330578512396694,0.5293311403508771,0.0590828479202422,1.0,242,1,0,76,52,61,53,0.4338842975206611
cnn,fold_2,2023,123,Regime-Spearman,20,3,2,1,9.195892499978072,0.5975122999952873,23187,243,21.22599719250929,16.531538006327267,1.785061692933653,0.7724242584693657,0.5330578512396694,0.5298108552631579,0.0599243137250376,1.0,242,1,0,75,53,60,54,0.4421487603305785
cnn,fold_2,2023,2025,Global-All,20,1,1,0,6.1887512000103015,0.2319936999992933,12017,243,18.249248683528,15.039169916910398,1.6112213039873682,0.831779182042184,0.5330578512396694,0.526452850877193,0.0542906800073093,1.0,242,1,0,82,46,67,47,0.384297520661157
cnn,fold_2,2023,2025,Global3-All,20,3,3,0,18.122364599985303,0.6978384999965783,36051,243,17.79131857415152,14.642968822879563,1.5712662721894657,0.8401156210924307,0.5454545454545454,0.5434484649122807,0.0869923685461596,1.0,242,1,0,74,54,56,58,0.4628099173553719
cnn,fold_2,2023,2025,Global-SHAP,20,1,0,1,6.1887512000103015,0.2319936999992933,12017,243,18.249248683528,15.039169916910398,1.6112213039873682,0.831779182042184,0.5330578512396694,0.526452850877193,0.0542906800073093,1.0,242,1,0,82,46,67,47,0.384297520661157
cnn,fold_2,2023,2025,Global-Spearman,20,1,0,1,6.1887512000103015,0.2319936999992933,12017,243,18.249248683528,15.039169916910398,1.6112213039873682,0.831779182042184,0.5330578512396694,0.526452850877193,0.0542906800073093,1.0,242,1,0,82,46,67,47,0.384297520661157
cnn,fold_2,2023,2025,Regime-All,20,3,3,0,10.468991400004596,0.6653191000077641,36051,243,19.78440747326385,15.20931916609712,1.6442992894464998,0.8022867123973019,0.5619834710743802,0.5547560307017544,0.1131035706732356,1.0,242,1,0,87,41,65,49,0.371900826446281
cnn,fold_2,2023,2025,Regime-SHAP,20,3,2,1,10.349973500007764,0.6626134999969508,23187,243,19.274292256033768,14.657577979633338,1.5767783663578523,0.812350832762208,0.5619834710743802,0.5513980263157895,0.1105536303326202,1.0,242,1,0,94,34,72,42,0.3140495867768595
cnn,fold_2,2023,2025,Regime-Spearman,20,3,2,1,10.60768260002078,0.6750528000120539,23187,243,22.087216441536818,16.72321842177904,1.8133763826790144,0.7535823930593867,0.5661157024793388,0.5567434210526316,0.1200459394103869,1.0,242,1,0,92,36,69,45,0.3347107438016529
cnn,fold_2,2023,42,Global-All,20,1,1,0,5.73136269999668,0.2408661999943433,12017,243,18.105056779679032,14.692364034358365,1.5699353235635698,0.8344269900405147,0.5495867768595041,0.5435169956140351,0.088966363766439,1.0,242,1,0,83,45,64,50,0.3925619834710744
cnn,fold_2,2023,42,Global3-All,20,3,3,0,17.13148209999781,0.5994056999916211,36051,243,19.70012834983693,16.292718096230754,1.7572151565076768,0.8039675927790632,0.5578512396694215,0.5638020833333333,0.1299727769175572,1.0,242,1,0,59,69,38,76,0.5991735537190083
cnn,fold_2,2023,42,Global-SHAP,20,1,0,1,5.73136269999668,0.2408661999943433,12017,243,18.105056779679032,14.692364034358365,1.5699353235635698,0.8344269900405147,0.5495867768595041,0.5435169956140351,0.088966363766439,1.0,242,1,0,83,45,64,50,0.3925619834710744
cnn,fold_2,2023,42,Global-Spearman,20,1,0,1,5.73136269999668,0.2408661999943433,12017,243,18.105056779679032,14.692364034358365,1.5699353235635698,0.8344269900405147,0.5495867768595041,0.5435169956140351,0.088966363766439,1.0,242,1,0,83,45,64,50,0.3925619834710744
cnn,fold_2,2023,42,Regime-All,20,3,3,0,9.570068700006232,0.5510784000070998,36051,243,18.83188030823552,14.386477909068503,1.5515121520632331,0.820866367765705,0.5454545454545454,0.5391310307017544,0.0801519160862713,1.0,242,1,0,83,45,65,49,0.3884297520661157
cnn,fold_2,2023,42,Regime-SHAP,20,3,2,1,9.434497800000829,0.5884505999856628,23187,243,14.886171306124371,11.92118671319122,1.2864293483777245,0.8880676075580864,0.5165289256198347,0.5237801535087719,0.0490109239817197,1.0,242,1,0,51,77,40,74,0.6239669421487604
cnn,fold_2,2023,42,Regime-Spearman,20,3,2,1,9.43289109999023,0.5602826999820536,23187,243,19.38906816020053,15.47016736440697,1.6637235238953951,0.8101093258512311,0.5247933884297521,0.5239172149122807,0.0477804322981834,1.0,242,1,0,69,59,56,58,0.4834710743801653
cnn,fold_2,2023,456,Global-All,20,1,1,0,5.799403499986511,0.1979520000022603,12017,243,23.41937810825975,19.02463802198325,2.095105059336963,0.722961275923619,0.512396694214876,0.5256304824561404,0.0574534199838117,1.0,242,1,0,38,90,28,86,0.7272727272727273
cnn,fold_2,2023,456,Global3-All,20,3,3,0,17.112353299977258,0.5616346999886446,36051,243,17.626016925454753,14.61980956385001,1.5664103540867629,0.8430728356281554,0.5330578512396694,0.5293311403508771,0.0590828479202422,1.0,242,1,0,76,52,61,53,0.4338842975206611
cnn,fold_2,2023,456,Global-SHAP,20,1,0,1,5.799403499986511,0.1979520000022603,12017,243,23.41937810825975,19.02463802198325,2.095105059336963,0.722961275923619,0.512396694214876,0.5256304824561404,0.0574534199838117,1.0,242,1,0,38,90,28,86,0.7272727272727273
cnn,fold_2,2023,456,Global-Spearman,20,1,0,1,5.799403499986511,0.1979520000022603,12017,243,23.41937810825975,19.02463802198325,2.095105059336963,0.722961275923619,0.512396694214876,0.5256304824561404,0.0574534199838117,1.0,242,1,0,38,90,28,86,0.7272727272727273
cnn,fold_2,2023,456,Regime-All,20,3,3,0,9.317475600008038,0.5723743999842554,36051,243,24.563143858218265,18.795194322052293,2.0233137632694302,0.6952402103688656,0.5537190082644629,0.5387883771929824,0.0907122852752624,1.0,242,1,0,102,26,82,32,0.2396694214876033
cnn,fold_2,2023,456,Regime-SHAP,20,3,2,1,9.212365500003216,0.6083776000014041,23187,243,18.08934002140063,14.17182601100622,1.5268956895065218,0.8347143287115006,0.5661157024793388,0.549547697368421,0.1212855636370985,1.0,242,1,0,107,21,84,30,0.2107438016528925
cnn,fold_2,2023,456,Regime-Spearman,20,3,2,1,9.199770499995791,0.5909225000068545,23187,243,22.85667283695925,17.619242816893635,1.894421099544204,0.7361143430238615,0.5578512396694215,0.5436540570175439,0.1003708986579766,1.0,242,1,0,101,27,80,34,0.2520661157024793
cnn,fold_2,2023,789,Global-All,20,1,1,0,5.6904756000003545,0.2106701000011526,12017,243,16.984368148149546,14.04219317650108,1.5050417125194495,0.8542902706857084,0.5289256198347108,0.5239857456140351,0.0486291252348019,1.0,242,1,0,78,50,64,50,0.4132231404958678
cnn,fold_2,2023,789,Global3-All,20,3,3,0,16.23180439999851,0.5575954000087222,36051,243,17.731145961661163,14.55558720349284,1.5585356279735294,0.8411952927936872,0.5289256198347108,0.5244654605263158,0.0494625722403473,1.0,242,1,0,77,51,63,51,0.4214876033057851
cnn,fold_2,2023,789,Global-SHAP,20,1,0,1,5.6904756000003545,0.2106701000011526,12017,243,16.984368148149546,14.04219317650108,1.5050417125194495,0.8542902706857084,0.5289256198347108,0.5239857456140351,0.0486291252348019,1.0,242,1,0,78,50,64,50,0.4132231404958678
cnn,fold_2,2023,789,Global-Spearman,20,1,0,1,5.6904756000003545,0.2106701000011526,12017,243,16.984368148149546,14.04219317650108,1.5050417125194495,0.8542902706857084,0.5289256198347108,0.5239857456140351,0.0486291252348019,1.0,242,1,0,78,50,64,50,0.4132231404958678
cnn,fold_2,2023,789,Regime-All,20,3,3,0,10.08625769999344,0.6571552999812411,36051,243,22.36243762016264,18.546650922425982,1.9916212736817809,0.7474030828584791,0.5454545454545454,0.5501644736842105,0.1014190556860903,1.0,242,1,0,60,68,42,72,0.5785123966942148
cnn,fold_2,2023,789,Regime-SHAP,20,3,2,1,12.963921500006109,0.6513780999957817,23187,243,21.68079609400445,17.386807630052292,1.8673165134889496,0.7625674747635227,0.5578512396694215,0.559484649122807,0.1189163388074018,1.0,242,1,0,68,60,47,67,0.5247933884297521
cnn,fold_2,2023,789,Regime-Spearman,20,3,2,1,10.576666999986628,0.6735216999950353,23187,243,26.126567464179644,21.547639696352764,2.320916593924834,0.6552101500455563,0.5247933884297521,0.5243969298245614,0.0487187959777102,1.0,242,1,0,68,60,55,59,0.4917355371900826
cnn,fold_3,2024,123,Global-All,20,1,1,0,6.482617000001483,0.2645093000028282,12017,244,19.44768753994609,15.55018552209513,1.8301743545605047,0.8049677781740612,0.5245901639344263,0.5396056262197995,0.1157133518495904,1.0,244,0,0,22,105,11,106,0.8647540983606558
cnn,fold_3,2024,123,Global3-All,20,3,3,0,19.20123180001974,0.7026451999990968,36051,244,25.64013977077016,21.46608710832938,2.532123899870932,0.6609910152282586,0.5204918032786885,0.5373511003432263,0.1302987831228085,1.0,244,0,0,16,111,6,111,0.9098360655737704
cnn,fold_3,2024,123,Global-SHAP,20,1,0,1,6.482617000001483,0.2645093000028282,12017,244,19.44768753994609,15.55018552209513,1.8301743545605047,0.8049677781740612,0.5245901639344263,0.5396056262197995,0.1157133518495904,1.0,244,0,0,22,105,11,106,0.8647540983606558
cnn,fold_3,2024,123,Global-Spearman,20,1,0,1,6.482617000001483,0.2645093000028282,12017,244,19.44768753994609,15.55018552209513,1.8301743545605047,0.8049677781740612,0.5245901639344263,0.5396056262197995,0.1157133518495904,1.0,244,0,0,22,105,11,106,0.8647540983606558
cnn,fold_3,2024,123,Regime-All,20,3,3,0,11.043156200001247,0.6614013000216801,36051,244,15.950990682206896,12.229107608853804,1.4310867648176129,0.8687963990724474,0.5163934426229508,0.5236556968840433,0.0505132155942508,1.0,244,0,0,44,83,35,82,0.6762295081967213
cnn,fold_3,2024,123,Regime-SHAP,20,3,2,1,10.812499099993149,0.6626873000204796,23187,244,20.087986749262008,15.152327807584763,1.7709682898386676,0.7919138100585359,0.5040983606557377,0.5138636516589272,0.0314902555570492,1.0,244,0,0,35,92,29,88,0.7377049180327869
cnn,fold_3,2024,123,Regime-Spearman,20,3,2,1,10.82030860001396,0.7021607000206131,23187,244,19.462046560648965,15.02126461887948,1.7565650347579371,0.8046796713689309,0.5,0.5119456221818427,0.0293541709530793,1.0,244,0,0,28,99,23,94,0.7909836065573771
cnn,fold_3,2024,2025,Global-All,20,1,1,0,6.27433060000476,0.2655648000072688,12017,244,22.7697431172888,18.308563774042472,2.1626689029547856,0.7326459951956255,0.5163934426229508,0.5327410996702335,0.1078762862869492,1.0,244,0,0,17,110,8,109,0.8975409836065574
cnn,fold_3,2024,2025,Global3-All,20,3,3,0,19.059524900003453,0.685848499997519,36051,244,24.78034112176501,21.087872490211943,2.479259667548722,0.6833459894686187,0.5,0.5176660609731476,0.0693309454750743,1.0,244,0,0,11,116,6,111,0.930327868852459
cnn,fold_3,2024,2025,Global-SHAP,20,1,0,1,6.27433060000476,0.2655648000072688,12017,244,22.7697431172888,18.308563774042472,2.1626689029547856,0.7326459951956255,0.5163934426229508,0.5327410996702335,0.1078762862869492,1.0,244,0,0,17,110,8,109,0.8975409836065574
cnn,fold_3,2024,2025,Global-Spearman,20,1,0,1,6.27433060000476,0.2655648000072688,12017,244,22.7697431172888,18.308563774042472,2.1626689029547856,0.7326459951956255,0.5163934426229508,0.5327410996702335,0.1078762862869492,1.0,244,0,0,17,110,8,109,0.8975409836065574
cnn,fold_3,2024,2025,Regime-All,20,3,3,0,10.834447300003376,0.660661900008563,36051,244,20.57496978785467,16.295224605466522,1.893407176437764,0.7817024587131454,0.4959016393442623,0.509354599905781,0.0247599449433765,1.0,244,0,0,23,104,19,98,0.8278688524590164
cnn,fold_3,2024,2025,Regime-SHAP,20,3,2,1,10.752914100012276,0.6718233999999939,23187,244,19.425920140785504,15.2833016461134,1.7544091040608376,0.8054041249993009,0.4918032786885246,0.4953227000471095,-0.0094883632614733,1.0,244,0,0,52,75,49,68,0.5860655737704918
cnn,fold_3,2024,2025,Regime-Spearman,20,3,2,1,10.585138299997196,0.6530500999942888,23187,244,14.9422043745093,11.592199325160903,1.3492191795866093,0.8848670118663999,0.4754098360655737,0.4792381721515579,-0.0422463092932536,1.0,244,0,0,49,78,50,67,0.5942622950819673
cnn,fold_3,2024,42,Global-All,20,1,1,0,6.439145799988182,0.2331618000025628,12017,244,24.458093162726588,19.933210614646093,2.359735266422467,0.6915280905755508,0.5368852459016393,0.5510801534423582,0.1407510267794647,1.0,244,0,0,26,101,12,105,0.8442622950819673
cnn,fold_3,2024,42,Global3-All,20,3,3,0,19.124396299986984,0.6999860999931116,36051,244,22.701271145924537,18.340881869226227,2.1627605881938137,0.7342515232741116,0.5081967213114754,0.524194091123225,0.0770588192267272,1.0,244,0,0,17,110,10,107,0.889344262295082
cnn,fold_3,2024,42,Global-SHAP,20,1,0,1,6.439145799988182,0.2331618000025628,12017,244,24.458093162726588,19.933210614646093,2.359735266422467,0.6915280905755508,0.5368852459016393,0.5510801534423582,0.1407510267794647,1.0,244,0,0,26,101,12,105,0.8442622950819673
cnn,fold_3,2024,42,Global-Spearman,20,1,0,1,6.439145799988182,0.2331618000025628,12017,244,24.458093162726588,19.933210614646093,2.359735266422467,0.6915280905755508,0.5368852459016393,0.5510801534423582,0.1407510267794647,1.0,244,0,0,26,101,12,105,0.8442622950819673
cnn,fold_3,2024,42,Regime-All,20,3,3,0,10.962365900006262,0.678244500013534,36051,244,22.213762093286714,16.821117849916728,1.987629075286584,0.7455428465567311,0.5286885245901639,0.5438791304933037,0.1298792823981041,1.0,244,0,0,22,105,10,107,0.8688524590163934
cnn,fold_3,2024,42,Regime-SHAP,20,3,2,1,10.816339800003334,0.6543831000162754,23187,244,22.33194709380629,17.324028018967063,2.025131321516748,0.7428280413665262,0.5,0.5092536509859344,0.0207163799655115,1.0,244,0,0,36,91,31,86,0.7254098360655737
cnn,fold_3,2024,42,Regime-Spearman,20,3,2,1,10.695678200005204,0.6781695000099717,23187,244,23.007479716499915,18.22365036063509,2.139576280817685,0.7270340177159851,0.5040983606557377,0.5195840904502322,0.0595882565999504,1.0,244,0,0,18,109,12,105,0.8770491803278688
cnn,fold_3,2024,456,Global-All,20,1,1,0,6.30724769999506,0.2373531999910483,12017,244,26.92289650835353,23.81070189057807,2.770990350025838,0.626221776620906,0.4795081967213114,0.4989905108015344,-0.0065127192892501,1.0,244,0,0,3,124,3,114,0.9754098360655736
cnn,fold_3,2024,456,Global3-All,20,3,3,0,19.40416310001456,0.6776816999918083,36051,244,21.293722373151105,17.04234736656559,2.012188424245446,0.7661843336752356,0.5204918032786885,0.5346591291473182,0.0955030023602429,1.0,244,0,0,24,103,14,103,0.8442622950819673
cnn,fold_3,2024,456,Global-SHAP,20,1,0,1,6.30724769999506,0.2373531999910483,12017,244,26.92289650835353,23.81070189057807,2.770990350025838,0.626221776620906,0.4795081967213114,0.4989905108015344,-0.0065127192892501,1.0,244,0,0,3,124,3,114,0.9754098360655736
cnn,fold_3,2024,456,Global-Spearman,20,1,0,1,6.30724769999506,0.2373531999910483,12017,244,26.92289650835353,23.81070189057807,2.770990350025838,0.626221776620906,0.4795081967213114,0.4989905108015344,-0.0065127192892501,1.0,244,0,0,3,124,3,114,0.9754098360655736
cnn,fold_3,2024,456,Regime-All,20,3,3,0,11.65931279999495,0.7187698999914574,36051,244,17.796178544777653,13.29318610631053,1.556170389080506,0.8366858027863556,0.5573770491803278,0.5653812504206205,0.141580690226222,1.0,244,0,0,47,80,28,89,0.6926229508196722
cnn,fold_3,2024,456,Regime-SHAP,20,3,2,1,11.354563499990036,0.704028299995116,23187,244,18.255754166579923,14.096848427477443,1.6400337475746227,0.8281419065135525,0.5245901639344263,0.5291742378356552,0.0597818525813566,1.0,244,0,0,53,74,42,75,0.610655737704918
cnn,fold_3,2024,456,Regime-Spearman,20,3,2,1,11.075150899981963,0.7005323999910615,23187,244,16.849628454809118,13.094323863650937,1.5093597476210443,0.8535966246485968,0.5491803278688525,0.5507773066828185,0.1017465234493543,1.0,244,0,0,65,62,48,69,0.5368852459016393
cnn,fold_3,2024,789,Global-All,20,1,1,0,6.4385273999942,0.2249562999932095,12017,244,22.36927881652032,18.721641511448123,2.200875711452724,0.7419675076384509,0.5081967213114754,0.524867083922202,0.0850334093615905,1.0,244,0,0,15,112,8,109,0.9057377049180328
cnn,fold_3,2024,789,Global3-All,20,3,3,0,19.023282099995413,0.676943400001619,36051,244,24.157998762963267,20.156109486499144,2.374431648561516,0.6990513903528361,0.5040983606557377,0.5205935796486978,0.0690938940231987,1.0,244,0,0,15,112,9,108,0.9016393442622952
cnn,fold_3,2024,789,Global-SHAP,20,1,0,1,6.4385273999942,0.2249562999932095,12017,244,22.36927881652032,18.721641511448123,2.200875711452724,0.7419675076384509,0.5081967213114754,0.524867083922202,0.0850334093615905,1.0,244,0,0,15,112,8,109,0.9057377049180328
cnn,fold_3,2024,789,Global-Spearman,20,1,0,1,6.4385273999942,0.2249562999932095,12017,244,22.36927881652032,18.721641511448123,2.200875711452724,0.7419675076384509,0.5081967213114754,0.524867083922202,0.0850334093615905,1.0,244,0,0,15,112,8,109,0.9057377049180328
cnn,fold_3,2024,789,Regime-All,20,3,3,0,11.03651040000841,0.6741643999994267,36051,244,17.132674517525896,14.549546643603067,1.697284336137763,0.8486366397125541,0.4959016393442623,0.5096910963052695,0.0261548730880943,1.0,244,0,0,22,105,18,99,0.8360655737704918
cnn,fold_3,2024,789,Regime-SHAP,20,3,2,1,10.720378800004257,0.6542498999915551,23187,244,20.790426363997817,17.720677000342842,2.061537186250098,0.777106592541284,0.4959016393442623,0.5066626287098728,0.0156386741251792,1.0,244,0,0,31,96,27,90,0.7622950819672131
cnn,fold_3,2024,789,Regime-Spearman,20,3,2,1,10.823604799996248,0.6916565999999875,23187,244,27.31677212197009,22.08236307735326,2.512297570721014,0.6152052027163746,0.4959016393442623,0.4999327007201023,-0.0001371657677146,1.0,244,0,0,51,76,47,70,0.5983606557377049
cnn,fold_4,2025,123,Global-All,20,1,1,0,6.659562700006063,0.2275945000001229,12017,234,29.172591467136694,22.307324020067863,2.8918983946207506,0.6714747696964265,0.5641025641025641,0.5666666666666667,0.1359420581023188,1.0,234,0,0,56,64,38,76,0.5982905982905983
cnn,fold_4,2025,123,Global3-All,20,3,3,0,20.408015099994373,0.6697115000133635,36051,234,23.54791878466585,18.60997236784368,2.399572199664777,0.7859457936058203,0.5256410256410257,0.5293859649122807,0.0614024189076443,1.0,234,0,0,46,74,37,77,0.6452991452991453
cnn,fold_4,2025,123,Global-SHAP,20,1,0,1,6.659562700006063,0.2275945000001229,12017,234,29.172591467136694,22.307324020067863,2.8918983946207506,0.6714747696964265,0.5641025641025641,0.5666666666666667,0.1359420581023188,1.0,234,0,0,56,64,38,76,0.5982905982905983
cnn,fold_4,2025,123,Global-Spearman,20,1,0,1,6.659562700006063,0.2275945000001229,12017,234,29.172591467136694,22.307324020067863,2.8918983946207506,0.6714747696964265,0.5641025641025641,0.5666666666666667,0.1359420581023188,1.0,234,0,0,56,64,38,76,0.5982905982905983
cnn,fold_4,2025,123,Regime-All,20,3,3,0,11.569492399998126,0.7072114999900805,36051,234,30.456928859055672,23.95209970475774,3.060232702484757,0.6419110449229306,0.5085470085470085,0.5151315789473684,0.0352397834842378,1.0,234,0,0,31,89,26,88,0.7564102564102564
cnn,fold_4,2025,123,Regime-SHAP,20,3,2,1,11.03061080002226,0.7080794999928912,23187,234,49.53640759871932,36.788172184728175,4.707863550703256,0.0527432157497168,0.4957264957264957,0.5039473684210526,0.0102826593207577,1.0,234,0,0,22,98,20,94,0.8205128205128205
cnn,fold_4,2025,123,Regime-Spearman,20,3,2,1,11.079983500007074,0.6860843000031309,23187,234,33.242964183684606,25.23904010735008,3.198372328786904,0.5734026125861114,0.5085470085470085,0.5138157894736842,0.030288811586846,1.0,234,0,0,37,83,32,82,0.7051282051282052
cnn,fold_4,2025,2025,Global-All,20,1,1,0,6.767563200002769,0.2358554000093136,12017,234,29.953481427154884,23.522087382445,3.062747613790428,0.6536514916756951,0.5427350427350427,0.55,0.1210688496072652,1.0,234,0,0,32,88,19,95,0.782051282051282
cnn,fold_4,2025,2025,Global3-All,20,3,3,0,20.54371989998617,0.6694083000038518,36051,234,25.31378534198697,19.97462605852857,2.600618131514058,0.7526380510356162,0.5256410256410257,0.5291666666666667,0.0606257669334194,1.0,234,0,0,47,73,38,76,0.6367521367521367
cnn,fold_4,2025,2025,Global-SHAP,20,1,0,1,6.767563200002769,0.2358554000093136,12017,234,29.953481427154884,23.522087382445,3.062747613790428,0.6536514916756951,0.5427350427350427,0.55,0.1210688496072652,1.0,234,0,0,32,88,19,95,0.782051282051282
cnn,fold_4,2025,2025,Global-Spearman,20,1,0,1,6.767563200002769,0.2358554000093136,12017,234,29.953481427154884,23.522087382445,3.062747613790428,0.6536514916756951,0.5427350427350427,0.55,0.1210688496072652,1.0,234,0,0,32,88,19,95,0.782051282051282
cnn,fold_4,2025,2025,Regime-All,20,3,3,0,11.8780918999837,0.6683097000059206,36051,234,27.678777751731356,21.991583518258548,2.8435556931643133,0.7042583272142623,0.4914529914529914,0.4982456140350877,-0.0041360933156607,1.0,234,0,0,28,92,27,87,0.7649572649572649
cnn,fold_4,2025,2025,Regime-SHAP,20,3,2,1,11.450083500007167,0.7523216000117827,23187,234,25.834884928048435,20.220805775813584,2.5914459757381825,0.7423490364256821,0.5170940170940171,0.5219298245614035,0.0473188121141386,1.0,234,0,0,40,80,33,81,0.688034188034188
cnn,fold_4,2025,2025,Regime-Spearman,20,3,2,1,11.420054900008836,0.6810217000020202,23187,234,21.956264364641168,17.56122710093986,2.251502309244089,0.8139046118206006,0.5213675213675214,0.5278508771929824,0.0644824591909279,1.0,234,0,0,33,87,25,89,0.7521367521367521
cnn,fold_4,2025,42,Global-All,20,1,1,0,6.783401100008632,0.2435402999981306,12017,234,24.25630557583366,19.12544245016373,2.46705356539782,0.7728733902846073,0.4871794871794871,0.4929824561403508,-0.0157377895072926,1.0,234,0,0,32,88,32,82,0.7264957264957265
cnn,fold_4,2025,42,Global3-All,20,3,3,0,20.428214200001094,0.7022522000042954,36051,234,25.57319426082466,20.075471983705565,2.573804131997041,0.7475422755433818,0.4914529914529914,0.4914473684210526,-0.0170996392014192,1.0,234,0,0,59,61,58,56,0.5
cnn,fold_4,2025,42,Global-SHAP,20,1,0,1,6.783401100008632,0.2435402999981306,12017,234,24.25630557583366,19.12544245016373,2.46705356539782,0.7728733902846073,0.4871794871794871,0.4929824561403508,-0.0157377895072926,1.0,234,0,0,32,88,32,82,0.7264957264957265
cnn,fold_4,2025,42,Global-Spearman,20,1,0,1,6.783401100008632,0.2435402999981306,12017,234,24.25630557583366,19.12544245016373,2.46705356539782,0.7728733902846073,0.4871794871794871,0.4929824561403508,-0.0157377895072926,1.0,234,0,0,32,88,32,82,0.7264957264957265
cnn,fold_4,2025,42,Regime-All,20,3,3,0,11.51380080000672,0.7190932000085013,36051,234,22.01695107037336,16.31310633038354,2.0708061325911435,0.8128744617543818,0.5085470085470085,0.5092105263157894,0.0184392582554902,1.0,234,0,0,58,62,53,61,0.5256410256410257
cnn,fold_4,2025,42,Regime-SHAP,20,3,2,1,11.241347900009714,0.6778500999935204,23187,234,20.202038830244494,15.616712325301952,2.0146286415376315,0.8424533724487987,0.5085470085470085,0.5114035087719299,0.0233842168877467,1.0,234,0,0,48,72,43,71,0.6111111111111112
cnn,fold_4,2025,42,Regime-Spearman,20,3,2,1,11.06008809999912,0.6920166999916546,23187,234,23.611593300148243,18.80926146061504,2.418085499505498,0.784786606183476,0.4786324786324786,0.4839912280701754,-0.035247032700435,1.0,234,0,0,33,87,35,79,0.7094017094017094
cnn,fold_4,2025,456,Global-All,20,1,1,0,6.703550600010203,0.2140465999982552,12017,234,24.328513065383586,19.73064348942195,2.516470068631312,0.7715191318784572,0.5427350427350427,0.5442982456140351,0.0892083097882237,1.0,234,0,0,58,62,45,69,0.5598290598290598
cnn,fold_4,2025,456,Global3-All,20,3,3,0,20.12481469998602,0.6894355999975232,36051,234,21.696997715433724,17.10715831221511,2.2147437441742306,0.8182736120315809,0.5042735042735043,0.5083333333333333,0.0175625043328552,1.0,234,0,0,42,78,38,76,0.6581196581196581
cnn,fold_4,2025,456,Global-SHAP,20,1,0,1,6.703550600010203,0.2140465999982552,12017,234,24.328513065383586,19.73064348942195,2.516470068631312,0.7715191318784572,0.5427350427350427,0.5442982456140351,0.0892083097882237,1.0,234,0,0,58,62,45,69,0.5598290598290598
cnn,fold_4,2025,456,Global-Spearman,20,1,0,1,6.703550600010203,0.2140465999982552,12017,234,24.328513065383586,19.73064348942195,2.516470068631312,0.7715191318784572,0.5427350427350427,0.5442982456140351,0.0892083097882237,1.0,234,0,0,58,62,45,69,0.5598290598290598
cnn,fold_4,2025,456,Regime-All,20,3,3,0,11.3790166000108,0.683548700006213,36051,234,23.616423440661997,19.062388970678704,2.449471129348615,0.7846985462847724,0.4786324786324786,0.4835526315789473,-0.03562424833629,1.0,234,0,0,35,85,37,77,0.6923076923076923
cnn,fold_4,2025,456,Regime-SHAP,20,3,2,1,11.488730299999588,0.6706498999847099,23187,234,27.06592434936407,21.399664303395188,2.755449626178629,0.7172097477839237,0.5128205128205128,0.5210526315789473,0.0548408497107081,1.0,234,0,0,24,96,18,96,0.8205128205128205
cnn,fold_4,2025,456,Regime-Spearman,20,3,2,1,11.856385599981875,0.6859847999876365,23187,234,28.951884338376367,22.806306694614847,2.8775413801081355,0.6764269234282687,0.4914529914529914,0.4969298245614035,-0.0067895438954584,1.0,234,0,0,34,86,33,81,0.7136752136752137
cnn,fold_4,2025,789,Global-All,20,1,1,0,7.006328699993901,0.2579625999933341,12017,234,24.31508537129041,19.339823705966676,2.494454432278196,0.7717712742546651,0.5256410256410257,0.5300438596491228,0.0639195310456749,1.0,234,0,0,43,77,34,80,0.6709401709401709
cnn,fold_4,2025,789,Global3-All,20,3,3,0,20.52177330001723,0.6919749000226147,36051,234,29.369386684197952,23.16220540922594,2.993165470541217,0.6670274265447083,0.5555555555555556,0.5589912280701754,0.1223151911564045,1.0,234,0,0,51,69,35,79,0.6324786324786325
cnn,fold_4,2025,789,Global-SHAP,20,1,0,1,7.006328699993901,0.2579625999933341,12017,234,24.31508537129041,19.339823705966676,2.494454432278196,0.7717712742546651,0.5256410256410257,0.5300438596491228,0.0639195310456749,1.0,234,0,0,43,77,34,80,0.6709401709401709
cnn,fold_4,2025,789,Global-Spearman,20,1,0,1,7.006328699993901,0.2579625999933341,12017,234,24.31508537129041,19.339823705966676,2.494454432278196,0.7717712742546651,0.5256410256410257,0.5300438596491228,0.0639195310456749,1.0,234,0,0,43,77,34,80,0.6709401709401709
cnn,fold_4,2025,789,Regime-All,20,3,3,0,11.268718600011198,0.720777900001849,36051,234,18.54753813574185,14.856089859790798,1.898441694856214,0.867202085909213,0.5085470085470085,0.5109649122807017,0.0223207613073676,1.0,234,0,0,50,70,45,69,0.594017094017094
cnn,fold_4,2025,789,Regime-SHAP,20,3,2,1,11.109570999993592,0.6954666999954497,23187,234,32.58662839330113,24.155714078413137,3.0636702741866686,0.5900814571939136,0.5170940170940171,0.5219298245614035,0.0473188121141386,1.0,234,0,0,40,80,33,81,0.688034188034188
cnn,fold_4,2025,789,Regime-Spearman,20,3,2,1,11.313747399995918,0.6842269999906421,23187,234,20.64586572979001,16.16479112953203,2.0854598479380293,0.8354549184666972,0.5384615384615384,0.5399122807017543,0.0802955068546966,1.0,234,0,0,58,62,46,68,0.5555555555555556
lstm,fold_1,2022,123,Global-All,5,1,1,0,6.260026200005086,0.4431570000015199,9041,241,10.252861830580317,7.987819438673147,0.8134882686004028,0.787783455926206,0.5833333333333334,0.6003091841753917,0.2085033760148754,1.0,240,1,0,81,26,74,59,0.3541666666666667
lstm,fold_1,2022,123,Global3-All,5,3,3,0,18.71931559999939,1.2717843999998877,27123,241,10.143903001726706,7.848429806572103,0.7999976542225942,0.7922700083167111,0.55,0.5574450144051718,0.1151167483772898,1.0,240,1,0,67,40,68,65,0.4375
lstm,fold_1,2022,123,Global-SHAP,5,1,0,1,6.260026200005086,0.4431570000015199,9041,241,10.252861830580317,7.987819438673147,0.8134882686004028,0.787783455926206,0.5833333333333334,0.6003091841753917,0.2085033760148754,1.0,240,1,0,81,26,74,59,0.3541666666666667
lstm,fold_1,2022,123,Global-Spearman,5,1,0,1,6.260026200005086,0.4431570000015199,9041,241,10.252861830580317,7.987819438673147,0.8134882686004028,0.787783455926206,0.5833333333333334,0.6003091841753917,0.2085033760148754,1.0,240,1,0,81,26,74,59,0.3541666666666667
lstm,fold_1,2022,123,Regime-All,5,3,3,0,11.75852939998731,1.172820799984038,27123,241,16.550289685697184,13.181596230906573,1.3434695032873971,0.4470317094215598,0.5458333333333333,0.5198861640081512,0.0451640496287879,1.0,240,1,0,30,77,32,101,0.7416666666666667
lstm,fold_1,2022,123,Regime-SHAP,5,3,2,1,11.430567600007636,1.1027966999827186,18547,241,17.50278788055774,14.066033580510949,1.432745057351845,0.3815515757714862,0.5333333333333333,0.5086079685194294,0.0192562924198828,1.0,240,1,0,30,77,35,98,0.7291666666666666
lstm,fold_1,2022,123,Regime-Spearman,5,3,2,1,11.528038400007064,1.2410555999958888,18547,241,55.87051899267288,36.3684935563234,3.658622907607132,-5.301652338317033,0.4791666666666667,0.4935352399690815,-0.0133363499697517,1.0,240,1,0,67,40,85,48,0.3666666666666666
lstm,fold_1,2022,2025,Global-All,5,1,1,0,6.404652199998964,0.3548242000106256,9041,241,10.85306395755348,8.503066194720285,0.8659985578294245,0.7622099090941674,0.55,0.5729744923055302,0.1589447766991238,1.0,240,1,0,84,23,85,48,0.2958333333333333
lstm,fold_1,2022,2025,Global3-All,5,3,3,0,18.813080700012502,1.2289545999810798,27123,241,10.784850854420544,8.578369460053132,0.8741661418421156,0.7651896070409292,0.5208333333333334,0.5420912093317405,0.0906085550811585,1.0,240,1,0,79,28,87,46,0.3083333333333333
lstm,fold_1,2022,2025,Global-SHAP,5,1,0,1,6.404652199998964,0.3548242000106256,9041,241,10.85306395755348,8.503066194720285,0.8659985578294245,0.7622099090941674,0.55,0.5729744923055302,0.1589447766991238,1.0,240,1,0,84,23,85,48,0.2958333333333333
lstm,fold_1,2022,2025,Global-Spearman,5,1,0,1,6.404652199998964,0.3548242000106256,9041,241,10.85306395755348,8.503066194720285,0.8659985578294245,0.7622099090941674,0.55,0.5729744923055302,0.1589447766991238,1.0,240,1,0,84,23,85,48,0.2958333333333333
lstm,fold_1,2022,2025,Regime-All,5,3,3,0,12.261301999998976,1.2345787999947788,27123,241,14.587009661399442,12.041291942873436,1.2196882164838925,0.5704422395679665,0.475,0.4733328648724615,-0.0530369547466686,1.0,240,1,0,49,58,68,65,0.5125
lstm,fold_1,2022,2025,Regime-SHAP,5,3,2,1,11.442275199995493,1.1884544000058668,18547,241,23.26486843491993,19.52071296442594,1.9754102416179855,-0.0926730459722007,0.4791666666666667,0.4670437776684703,-0.0671188913544493,1.0,240,1,0,38,69,56,77,0.6083333333333333
lstm,fold_1,2022,2025,Regime-Spearman,5,3,2,1,11.641686200004187,1.248759299996891,18547,241,20.956117292443807,17.575793543673154,1.7754996170857456,0.1134348219582171,0.4833333333333333,0.484505656665027,-0.0308159381334399,1.0,240,1,0,53,54,70,63,0.4875
lstm,fold_1,2022,42,Global-All,5,1,1,0,5.586192199989455,0.4246434999949997,9041,241,12.266725033659252,9.371475356327544,0.9567249453116736,0.6962290152619686,0.5166666666666667,0.5346778160354156,0.0729051775136264,1.0,240,1,0,75,32,84,49,0.3375
lstm,fold_1,2022,42,Global3-All,5,3,3,0,18.146464299992655,1.2591107000043849,27123,241,9.328508916465069,7.222099013150474,0.7357077131016228,0.8243235728949891,0.5166666666666667,0.5328508186353734,0.0682839427579364,1.0,240,1,0,73,34,82,51,0.3541666666666667
lstm,fold_1,2022,42,Global-SHAP,5,1,0,1,5.586192199989455,0.4246434999949997,9041,241,12.266725033659252,9.371475356327544,0.9567249453116736,0.6962290152619686,0.5166666666666667,0.5346778160354156,0.0729051775136264,1.0,240,1,0,75,32,84,49,0.3375
lstm,fold_1,2022,42,Global-Spearman,5,1,0,1,5.586192199989455,0.4246434999949997,9041,241,12.266725033659252,9.371475356327544,0.9567249453116736,0.6962290152619686,0.5166666666666667,0.5346778160354156,0.0729051775136264,1.0,240,1,0,75,32,84,49,0.3375
lstm,fold_1,2022,42,Regime-All,5,3,3,0,11.542642000000342,1.2796741999918595,27123,241,15.6069027674297,12.284024184096396,1.257801927545783,0.5082747864436035,0.5333333333333333,0.5095214672194505,0.0211004213942831,1.0,240,1,0,31,76,36,97,0.7208333333333333
lstm,fold_1,2022,42,Regime-SHAP,5,3,2,1,11.383338999992702,1.2248167999932775,18547,241,10.0132479033846,8.152129668556316,0.8304570094301509,0.7975867374657655,0.5458333333333333,0.5354156419085095,0.0718664115679755,1.0,240,1,0,47,60,49,84,0.6
lstm,fold_1,2022,42,Regime-Spearman,5,3,2,1,11.318868299989845,1.2629898000013782,18547,241,10.3409485260195,7.979786939700114,0.8138296427509328,0.7841213065475454,0.5333333333333333,0.5277914412198721,0.0555828824397442,1.0,240,1,0,51,56,56,77,0.5541666666666667
lstm,fold_1,2022,456,Global-All,5,1,1,0,6.403289100009715,0.4266642999864416,9041,241,11.472764840774548,8.626180229285941,0.8813568297490245,0.7342794076052965,0.55,0.5373480430047081,0.0765247157040023,1.0,240,1,0,45,62,46,87,0.6208333333333333
lstm,fold_1,2022,456,Global3-All,5,3,3,0,18.72509350000473,1.111014599984628,27123,241,10.626346847657064,8.40351924686511,0.8568966599419019,0.7720408636637801,0.525,0.5248401377274963,0.0493896033816286,1.0,240,1,0,56,51,63,70,0.5041666666666667
lstm,fold_1,2022,456,Global-SHAP,5,1,0,1,6.403289100009715,0.4266642999864416,9041,241,11.472764840774548,8.626180229285941,0.8813568297490245,0.7342794076052965,0.55,0.5373480430047081,0.0765247157040023,1.0,240,1,0,45,62,46,87,0.6208333333333333
lstm,fold_1,2022,456,Global-Spearman,5,1,0,1,6.403289100009715,0.4266642999864416,9041,241,11.472764840774548,8.626180229285941,0.8813568297490245,0.7342794076052965,0.55,0.5373480430047081,0.0765247157040023,1.0,240,1,0,45,62,46,87,0.6208333333333333
lstm,fold_1,2022,456,Regime-All,5,3,3,0,11.833772399986628,1.2110971000074642,27123,241,12.954762784887302,10.69689666253402,1.0874311109232104,0.6611964452940473,0.4708333333333333,0.4659194715761365,-0.0679964134915433,1.0,240,1,0,45,62,65,68,0.5416666666666666
lstm,fold_1,2022,456,Regime-SHAP,5,3,2,1,11.566665199992713,1.1771424999897135,18547,241,15.700203259148036,12.811702163545926,1.3108825199060186,0.5023779934129295,0.4958333333333333,0.485735366453517,-0.0288503518611313,1.0,240,1,0,42,65,56,77,0.5916666666666667
lstm,fold_1,2022,456,Regime-Spearman,5,3,2,1,11.826657100013108,1.1737998000025982,18547,241,12.122173717876466,9.500170128671952,0.9682383411591704,0.7033461185430738,0.4833333333333333,0.4863326540650692,-0.0272201685317898,1.0,240,1,0,55,52,72,61,0.4708333333333333
lstm,fold_1,2022,789,Global-All,5,1,1,0,6.5450806000008015,0.3528662000026088,9041,241,15.236144700302876,11.290601180796797,1.1506238383713487,0.531360160712111,0.5083333333333333,0.5298995151429977,0.0646088759160199,1.0,240,1,0,78,29,89,44,0.3041666666666666
lstm,fold_1,2022,789,Global3-All,5,3,3,0,19.467174399993382,1.3210026000015205,27123,241,10.231047675865993,8.091511690863934,0.8243346610320971,0.7886855259801869,0.5375,0.547080317616471,0.0949342822363158,1.0,240,1,0,68,39,72,61,0.4166666666666667
lstm,fold_1,2022,789,Global-SHAP,5,1,0,1,6.5450806000008015,0.3528662000026088,9041,241,15.236144700302876,11.290601180796797,1.1506238383713487,0.531360160712111,0.5083333333333333,0.5298995151429977,0.0646088759160199,1.0,240,1,0,78,29,89,44,0.3041666666666666
lstm,fold_1,2022,789,Global-Spearman,5,1,0,1,6.5450806000008015,0.3528662000026088,9041,241,15.236144700302876,11.290601180796797,1.1506238383713487,0.531360160712111,0.5083333333333333,0.5298995151429977,0.0646088759160199,1.0,240,1,0,78,29,89,44,0.3041666666666666
lstm,fold_1,2022,789,Regime-All,5,3,3,0,11.758235100001912,1.2296683000022313,27123,241,13.92162018345735,10.9144325421361,1.1180565986508832,0.6087371715359865,0.4958333333333333,0.4720328859532007,-0.0616987944911745,1.0,240,1,0,27,80,41,92,0.7166666666666667
lstm,fold_1,2022,789,Regime-SHAP,5,3,2,1,11.74647169999662,1.15049379998527,18547,241,14.542979109394835,11.485526744478468,1.1683031098434038,0.5730315461519674,0.45,0.4325064998945963,-0.1410654904521217,1.0,240,1,0,29,78,54,79,0.6541666666666667
lstm,fold_1,2022,789,Regime-Spearman,5,3,2,1,11.691813400015237,1.117038099997444,18547,241,10.725791706606616,8.206995122838311,0.8354569237185232,0.7677542657991647,0.4541666666666666,0.4591033658913639,-0.0817215184638036,1.0,240,1,0,54,53,78,55,0.45
lstm,fold_2,2023,123,Global-All,5,1,1,0,6.768693199992413,0.385022200003732,9041,243,14.004489507900736,11.659939022319325,1.260172029498153,0.900934068687162,0.5165289256198347,0.5338541666666667,0.0841051983889117,1.0,242,1,0,30,98,19,95,0.7975206611570248
lstm,fold_2,2023,123,Global3-All,5,3,3,0,19.351857900008326,1.0752409999986412,27123,243,11.401473379773654,9.21722202326535,0.9901983263712398,0.9343383613458996,0.5165289256198347,0.5213815789473684,0.0432869449650109,1.0,242,1,0,56,72,45,69,0.5826446280991735
lstm,fold_2,2023,123,Global-SHAP,5,1,0,1,6.768693199992413,0.385022200003732,9041,243,14.004489507900736,11.659939022319325,1.260172029498153,0.900934068687162,0.5165289256198347,0.5338541666666667,0.0841051983889117,1.0,242,1,0,30,98,19,95,0.7975206611570248
lstm,fold_2,2023,123,Global-Spearman,5,1,0,1,6.768693199992413,0.385022200003732,9041,243,14.004489507900736,11.659939022319325,1.260172029498153,0.900934068687162,0.5165289256198347,0.5338541666666667,0.0841051983889117,1.0,242,1,0,30,98,19,95,0.7975206611570248
lstm,fold_2,2023,123,Regime-All,5,3,3,0,12.422531499993056,1.2207507000130136,27123,243,12.857705781095436,9.98192590544744,1.0770559173173102,0.9164941830733768,0.5495867768595041,0.5540707236842105,0.1091750943467953,1.0,242,1,0,61,67,42,72,0.5743801652892562
lstm,fold_2,2023,123,Regime-SHAP,5,3,2,1,12.379180500007353,1.1625306000059936,18547,243,12.520699414629068,9.96150572761096,1.0694954829846968,0.9208142671000624,0.5165289256198347,0.5175438596491229,0.0350481107975213,1.0,242,1,0,64,64,53,61,0.5165289256198347
lstm,fold_2,2023,123,Regime-Spearman,5,3,2,1,12.85540369998489,1.2487933999946108,18547,243,12.829059016126044,10.244743019759415,1.0974590487805609,0.9168658678345036,0.5247933884297521,0.5267955043859649,0.0536185747470935,1.0,242,1,0,63,65,50,64,0.5330578512396694
lstm,fold_2,2023,2025,Global-All,5,1,1,0,7.48205649999727,0.4873672999965492,9041,243,12.636924703234287,9.987611317124388,1.0779446648176043,0.9193373367370674,0.5289256198347108,0.5350191885964912,0.0714630324269476,1.0,242,1,0,55,73,41,73,0.6033057851239669
lstm,fold_2,2023,2025,Global3-All,5,3,3,0,22.067018999994616,1.4714667000080226,27123,243,12.59871085365631,10.288760191697644,1.1051146750646546,0.9198244442166126,0.5413223140495868,0.5467379385964912,0.0949011212895416,1.0,242,1,0,58,70,41,73,0.5909090909090909
lstm,fold_2,2023,2025,Global-SHAP,5,1,0,1,7.48205649999727,0.4873672999965492,9041,243,12.636924703234287,9.987611317124388,1.0779446648176043,0.9193373367370674,0.5289256198347108,0.5350191885964912,0.0714630324269476,1.0,242,1,0,55,73,41,73,0.6033057851239669
lstm,fold_2,2023,2025,Global-Spearman,5,1,0,1,7.48205649999727,0.4873672999965492,9041,243,12.636924703234287,9.987611317124388,1.0779446648176043,0.9193373367370674,0.5289256198347108,0.5350191885964912,0.0714630324269476,1.0,242,1,0,55,73,41,73,0.6033057851239669
lstm,fold_2,2023,2025,Regime-All,5,3,3,0,14.026713699990069,1.4464702999975998,27123,243,12.10010302063298,9.776553187919736,1.050010277298266,0.9260449393676378,0.5454545454545454,0.5376918859649122,0.0782228397377748,1.0,242,1,0,86,42,68,46,0.3636363636363636
lstm,fold_2,2023,2025,Regime-SHAP,5,3,2,1,13.928548499985482,1.4303001000080258,18547,243,12.33822618155846,9.851118799982736,1.0541121020658173,0.923105510795974,0.5413223140495868,0.5390625,0.0782618849284645,1.0,242,1,0,74,54,57,57,0.4586776859504132
lstm,fold_2,2023,2025,Regime-Spearman,5,3,2,1,14.382734500002698,1.5119813000055728,18547,243,12.026010028291555,9.515210995693762,1.01723035138646,0.9269478697252445,0.5289256198347108,0.5364583333333333,0.0753080095095886,1.0,242,1,0,52,76,38,76,0.628099173553719
lstm,fold_2,2023,42,Global-All,5,1,1,0,6.824850399993011,0.4264114999969024,9041,243,12.796230922706329,10.471743611170922,1.126217055640103,0.9172907849358394,0.4710743801652892,0.4736156798245614,-0.052899309903855,1.0,242,1,0,55,73,55,59,0.5454545454545454
lstm,fold_2,2023,42,Global3-All,5,3,3,0,19.85905090000597,1.1844487999915143,27123,243,10.984328877836044,8.804292521254348,0.9453838428314898,0.9390551774934603,0.5247933884297521,0.5263157894736843,0.0526081498871455,1.0,242,1,0,64,64,51,63,0.5247933884297521
lstm,fold_2,2023,42,Global-SHAP,5,1,0,1,6.824850399993011,0.4264114999969024,9041,243,12.796230922706329,10.471743611170922,1.126217055640103,0.9172907849358394,0.4710743801652892,0.4736156798245614,-0.052899309903855,1.0,242,1,0,55,73,55,59,0.5454545454545454
lstm,fold_2,2023,42,Global-Spearman,5,1,0,1,6.824850399993011,0.4264114999969024,9041,243,12.796230922706329,10.471743611170922,1.126217055640103,0.9172907849358394,0.4710743801652892,0.4736156798245614,-0.052899309903855,1.0,242,1,0,55,73,55,59,0.5454545454545454
lstm,fold_2,2023,42,Regime-All,5,3,3,0,11.814648000014133,1.159266500006197,27123,243,13.692716307995363,10.489631796373754,1.128223266342869,0.9052958561539106,0.5578512396694215,0.5580455043859649,0.1158965812431913,1.0,242,1,0,71,57,50,64,0.5
lstm,fold_2,2023,42,Regime-SHAP,5,3,2,1,12.24125149998872,1.2237136000039754,18547,243,11.189953893774096,8.418112258381306,0.9056756056978484,0.9367520642532848,0.5702479338842975,0.5640076754385965,0.1311066368206259,1.0,242,1,0,86,42,62,52,0.3884297520661157
lstm,fold_2,2023,42,Regime-Spearman,5,3,2,1,12.595991700014563,1.1467004000151064,18547,243,14.97103140048382,11.2134452742706,1.2129486919324182,0.8867878067248252,0.5578512396694215,0.5489309210526316,0.1029042208260242,1.0,242,1,0,90,38,69,45,0.3429752066115702
lstm,fold_2,2023,456,Global-All,5,1,1,0,10.005896699993173,0.4921488999971188,9041,243,11.993627127219836,9.26088997795748,0.999724431206688,0.9273407606137928,0.5661157024793388,0.5629797149122807,0.1265987225593324,1.0,242,1,0,79,49,56,58,0.4421487603305785
lstm,fold_2,2023,456,Global3-All,5,3,3,0,22.30564229999436,1.4777219999959923,27123,243,13.21083635333788,10.87492945233491,1.1726437705026824,0.9118443022289195,0.5413223140495868,0.5524945175438596,0.1133215451498988,1.0,242,1,0,46,82,29,85,0.6900826446280992
lstm,fold_2,2023,456,Global-SHAP,5,1,0,1,10.005896699993173,0.4921488999971188,9041,243,11.993627127219836,9.26088997795748,0.999724431206688,0.9273407606137928,0.5661157024793388,0.5629797149122807,0.1265987225593324,1.0,242,1,0,79,49,56,58,0.4421487603305785
lstm,fold_2,2023,456,Global-Spearman,5,1,0,1,10.005896699993173,0.4921488999971188,9041,243,11.993627127219836,9.26088997795748,0.999724431206688,0.9273407606137928,0.5661157024793388,0.5629797149122807,0.1265987225593324,1.0,242,1,0,79,49,56,58,0.4421487603305785
lstm,fold_2,2023,456,Regime-All,5,3,3,0,14.09352549999312,1.360642800005735,27123,243,16.063562846853664,12.171119437963377,1.3120513289897846,0.8696612609581431,0.5,0.4908854166666666,-0.0191684332911221,1.0,242,1,0,83,45,76,38,0.3429752066115702
lstm,fold_2,2023,456,Regime-SHAP,5,3,2,1,13.852720299983048,1.4503056999965338,18547,243,13.959600731532262,11.088741447425171,1.196656930987232,0.9015681255733432,0.512396694214876,0.5107593201754386,0.0215186403508771,1.0,242,1,0,69,59,59,55,0.4710743801652892
lstm,fold_2,2023,456,Regime-Spearman,5,3,2,1,14.074660099999164,1.4685766000038711,18547,243,13.596710174773817,10.566901238052926,1.1343790953492128,0.9066192318314436,0.5330578512396694,0.5298108552631579,0.0599243137250376,1.0,242,1,0,75,53,60,54,0.4421487603305785
lstm,fold_2,2023,789,Global-All,5,1,1,0,7.392124299993156,0.4279735000018263,9041,243,11.87331454411623,9.667547569255282,1.039807586336577,0.9287911933209536,0.5247933884297521,0.5267955043859649,0.0536185747470935,1.0,242,1,0,63,65,50,64,0.5330578512396694
lstm,fold_2,2023,789,Global3-All,5,3,3,0,22.044278300003494,1.5018438000115566,27123,243,10.856230369194424,8.553930820202151,0.9208206039035852,0.940468357842976,0.5165289256198347,0.515625,0.0312147236790424,1.0,242,1,0,68,60,57,57,0.4834710743801653
lstm,fold_2,2023,789,Global-SHAP,5,1,0,1,7.392124299993156,0.4279735000018263,9041,243,11.87331454411623,9.667547569255282,1.039807586336577,0.9287911933209536,0.5247933884297521,0.5267955043859649,0.0536185747470935,1.0,242,1,0,63,65,50,64,0.5330578512396694
lstm,fold_2,2023,789,Global-Spearman,5,1,0,1,7.392124299993156,0.4279735000018263,9041,243,11.87331454411623,9.667547569255282,1.039807586336577,0.9287911933209536,0.5247933884297521,0.5267955043859649,0.0536185747470935,1.0,242,1,0,63,65,50,64,0.5330578512396694
lstm,fold_2,2023,789,Regime-All,5,3,3,0,13.893974299993715,1.405418099995586,27123,243,13.280279829671867,10.237218078409192,1.101076669394622,0.9109150759733824,0.5041322314049587,0.5010279605263158,0.0020644271752328,1.0,242,1,0,71,57,63,51,0.4462809917355372
lstm,fold_2,2023,789,Regime-SHAP,5,3,2,1,13.834757299977356,1.4579311999987112,18547,243,11.71628060740846,9.048711844628729,0.9752292799494346,0.9306623224826652,0.5041322314049587,0.5024671052631579,0.0049342105263157,1.0,242,1,0,68,60,60,54,0.4710743801652892
lstm,fold_2,2023,789,Regime-Spearman,5,3,2,1,13.985657699973672,1.413287899995339,18547,243,10.06470771117349,7.928292747878241,0.8519789177690796,0.94883274770812,0.5165289256198347,0.5146655701754386,0.0293462276109412,1.0,242,1,0,70,58,59,55,0.4669421487603306
lstm,fold_3,2024,123,Global-All,5,1,1,0,7.731808599986834,0.4411672999995062,9041,244,17.643011155759595,14.63866302070074,1.7213100722448005,0.8394849163870809,0.4918032786885246,0.5111380308230702,0.0666668613840095,1.0,244,0,0,5,122,2,115,0.971311475409836
lstm,fold_3,2024,123,Global3-All,5,3,3,0,23.31582810000691,1.424242900000536,27123,244,10.388639420676393,8.390955084151923,0.9706829272629156,0.9443471029079168,0.4713114754098361,0.4793391210714045,-0.0449089870337804,1.0,244,0,0,36,91,38,79,0.6967213114754098
lstm,fold_3,2024,123,Global-SHAP,5,1,0,1,7.731808599986834,0.4411672999995062,9041,244,17.643011155759595,14.63866302070074,1.7213100722448005,0.8394849163870809,0.4918032786885246,0.5111380308230702,0.0666668613840095,1.0,244,0,0,5,122,2,115,0.971311475409836
lstm,fold_3,2024,123,Global-Spearman,5,1,0,1,7.731808599986834,0.4411672999995062,9041,244,17.643011155759595,14.63866302070074,1.7213100722448005,0.8394849163870809,0.4918032786885246,0.5111380308230702,0.0666668613840095,1.0,244,0,0,5,122,2,115,0.971311475409836
lstm,fold_3,2024,123,Regime-All,5,3,3,0,13.901790599993546,1.412052699990454,27123,244,10.431958520536874,8.271510080577897,0.9643755126711948,0.943882006427164,0.5409836065573771,0.5459317585301837,0.0944948004212836,1.0,244,0,0,54,73,39,78,0.6188524590163934
lstm,fold_3,2024,123,Regime-SHAP,5,3,2,1,14.119199099994148,1.3904823000048054,18547,244,11.818938446470796,9.508803309739609,1.1033194696103628,0.9279676848284764,0.4959016393442623,0.4945487583282859,-0.0109168192909009,1.0,244,0,0,67,60,63,54,0.4672131147540984
lstm,fold_3,2024,123,Regime-Spearman,5,3,2,1,14.054105899995193,1.423157600002014,18547,244,12.084442374004984,9.486602443954974,1.1003915433549831,0.9246950261549562,0.5204918032786885,0.5208627767682885,0.0416960997059762,1.0,244,0,0,65,62,55,62,0.5081967213114754
lstm,fold_3,2024,2025,Global-All,5,1,1,0,8.334077899999102,0.4457809000014094,9041,244,12.653365792633153,10.172697202748958,1.1878510295746991,0.9174375526285754,0.5163934426229508,0.5283666464768827,0.0697058200378757,1.0,244,0,0,30,97,21,96,0.7909836065573771
lstm,fold_3,2024,2025,Global3-All,5,3,3,0,24.71521720002056,1.4416191000054823,27123,244,10.00539037199177,7.971369434748194,0.922661986195248,0.9483775624569662,0.4590163934426229,0.4665186082508917,-0.0719821296120929,1.0,244,0,0,36,91,41,76,0.6844262295081968
lstm,fold_3,2024,2025,Global-SHAP,5,1,0,1,8.334077899999102,0.4457809000014094,9041,244,12.653365792633153,10.172697202748958,1.1878510295746991,0.9174375526285754,0.5163934426229508,0.5283666464768827,0.0697058200378757,1.0,244,0,0,30,97,21,96,0.7909836065573771
lstm,fold_3,2024,2025,Global-Spearman,5,1,0,1,8.334077899999102,0.4457809000014094,9041,244,12.653365792633153,10.172697202748958,1.1878510295746991,0.9174375526285754,0.5163934426229508,0.5283666464768827,0.0697058200378757,1.0,244,0,0,30,97,21,96,0.7909836065573771
lstm,fold_3,2024,2025,Regime-All,5,3,3,0,14.41812379998737,1.3870450999820605,27123,244,9.952979825356271,7.710336214694824,0.895586692943938,0.948916966497248,0.5163934426229508,0.519617740090181,0.0396867554197817,1.0,244,0,0,56,71,47,70,0.5778688524590164
lstm,fold_3,2024,2025,Regime-SHAP,5,3,2,1,14.23316549998708,1.3493419000005815,18547,244,12.166037905636063,9.667582536066158,1.1177708159081006,0.9236746573976334,0.5,0.4988222626017901,-0.0023573793649915,1.0,244,0,0,67,60,62,55,0.4713114754098361
lstm,fold_3,2024,2025,Regime-Spearman,5,3,2,1,14.355604699987452,1.4449705999868456,18547,244,11.568709363531369,9.033001045105888,1.0481194083372236,0.930985514758372,0.5286885245901639,0.5310922673127397,0.0625454682072933,1.0,244,0,0,60,67,48,69,0.5573770491803278
lstm,fold_3,2024,42,Global-All,5,1,1,0,8.317318499990506,0.5384946000122,9041,244,10.65564488412106,8.527119648036408,0.9919728182752116,0.9414495942639076,0.4672131147540984,0.4703546672050609,-0.0599726098196015,1.0,244,0,0,50,77,53,64,0.5778688524590164
lstm,fold_3,2024,42,Global3-All,5,3,3,0,23.44293189999007,1.402431800001068,27123,244,11.7918349180432,9.511332596735896,1.1017530007242102,0.9282976791577204,0.5,0.5112726293828656,0.0269549027230669,1.0,244,0,0,30,97,25,92,0.7745901639344263
lstm,fold_3,2024,42,Global-SHAP,5,1,0,1,8.317318499990506,0.5384946000122,9041,244,10.65564488412106,8.527119648036408,0.9919728182752116,0.9414495942639076,0.4672131147540984,0.4703546672050609,-0.0599726098196015,1.0,244,0,0,50,77,53,64,0.5778688524590164
lstm,fold_3,2024,42,Global-Spearman,5,1,0,1,8.317318499990506,0.5384946000122,9041,244,10.65564488412106,8.527119648036408,0.9919728182752116,0.9414495942639076,0.4672131147540984,0.4703546672050609,-0.0599726098196015,1.0,244,0,0,50,77,53,64,0.5778688524590164
lstm,fold_3,2024,42,Regime-All,5,3,3,0,14.340834400005406,1.4186213000066346,27123,244,13.343709075827269,10.255896040504098,1.1990579797932204,0.9081829021692236,0.4672131147540984,0.4696816744060839,-0.0610488977681082,1.0,244,0,0,52,75,55,62,0.5614754098360656
lstm,fold_3,2024,42,Regime-SHAP,5,3,2,1,14.25513520000095,1.397995200008154,18547,244,12.653840084531582,9.758448650768544,1.1274368582706542,0.9174313630606064,0.4918032786885246,0.4922942324517128,-0.0154032443098287,1.0,244,0,0,61,66,58,59,0.5122950819672131
lstm,fold_3,2024,42,Regime-Spearman,5,3,2,1,14.04188210000575,1.3929506999993464,18547,244,11.555245777452708,8.930503101475905,1.033772902237431,0.9311460584707942,0.5081967213114754,0.5117437243421495,0.0238233005629798,1.0,244,0,0,54,73,47,70,0.5860655737704918
lstm,fold_3,2024,456,Global-All,5,1,1,0,7.682179299998097,0.4785821999976178,9041,244,10.27931074656424,8.305643861782363,0.9620912769123504,0.9455123067791362,0.4713114754098361,0.4759741570765193,-0.0493280405163894,1.0,244,0,0,46,81,48,69,0.6147540983606558
lstm,fold_3,2024,456,Global3-All,5,3,3,0,23.17527769999288,1.4584210000175517,27123,244,12.327404531559248,9.978591249181296,1.1511123021466787,0.9216365175610628,0.4918032786885246,0.5071000740292079,0.0213018349466035,1.0,244,0,0,17,110,14,103,0.8729508196721312
lstm,fold_3,2024,456,Global-SHAP,5,1,0,1,7.682179299998097,0.4785821999976178,9041,244,10.27931074656424,8.305643861782363,0.9620912769123504,0.9455123067791362,0.4713114754098361,0.4759741570765193,-0.0493280405163894,1.0,244,0,0,46,81,48,69,0.6147540983606558
lstm,fold_3,2024,456,Global-Spearman,5,1,0,1,7.682179299998097,0.4785821999976178,9041,244,10.27931074656424,8.305643861782363,0.9620912769123504,0.9455123067791362,0.4713114754098361,0.4759741570765193,-0.0493280405163894,1.0,244,0,0,46,81,48,69,0.6147540983606558
lstm,fold_3,2024,456,Regime-All,5,3,3,0,14.011750000019674,1.409504899987951,27123,244,12.403097336204349,9.769595015244407,1.1442592158362122,0.920671227223176,0.4467213114754098,0.4496601386365166,-0.1017082342662136,1.0,244,0,0,48,79,56,61,0.5737704918032787
lstm,fold_3,2024,456,Regime-SHAP,5,3,2,1,14.130048800012446,1.4346397999906912,18547,244,13.586049636451367,10.800327754352914,1.2533750209158956,0.9048175617444948,0.4467213114754098,0.4479776566390739,-0.1041814976773633,1.0,244,0,0,53,74,61,56,0.5327868852459017
lstm,fold_3,2024,456,Regime-Spearman,5,3,2,1,14.173944200010736,1.4615166000003228,18547,244,14.841918459691424,11.714681031059053,1.3717116164101162,0.8864072759436729,0.4713114754098361,0.4763106534760077,-0.0488384823851378,1.0,244,0,0,45,82,47,70,0.6229508196721312
lstm,fold_3,2024,789,Global-All,5,1,1,0,7.836624400006258,0.4263486000127159,9041,244,10.926609447149792,8.717036016925443,1.0106781500880722,0.938433952597986,0.5204918032786885,0.5279292011575476,0.0598386732395547,1.0,244,0,0,44,83,34,83,0.680327868852459
lstm,fold_3,2024,789,Global3-All,5,3,3,0,23.140990700005204,1.3184369999944463,27123,244,9.619439229624058,7.718535618814623,0.8908032217951432,0.9522833503704397,0.5,0.5062251833905377,0.0130547605986379,1.0,244,0,0,45,82,40,77,0.6516393442622951
lstm,fold_3,2024,789,Global-SHAP,5,1,0,1,7.836624400006258,0.4263486000127159,9041,244,10.926609447149792,8.717036016925443,1.0106781500880722,0.938433952597986,0.5204918032786885,0.5279292011575476,0.0598386732395547,1.0,244,0,0,44,83,34,83,0.680327868852459
lstm,fold_3,2024,789,Global-Spearman,5,1,0,1,7.836624400006258,0.4263486000127159,9041,244,10.926609447149792,8.717036016925443,1.0106781500880722,0.938433952597986,0.5204918032786885,0.5279292011575476,0.0598386732395547,1.0,244,0,0,44,83,34,83,0.680327868852459
lstm,fold_3,2024,789,Regime-All,5,3,3,0,14.15562239997962,1.4355316999863137,27123,244,10.701624200565306,8.533354544571178,0.988776814933515,0.9409432117950456,0.5163934426229508,0.5145702940978532,0.0292351815487962,1.0,244,0,0,71,56,62,55,0.4549180327868852
lstm,fold_3,2024,789,Regime-SHAP,5,3,2,1,14.189767100004246,1.4543785999994725,18547,244,12.812052704168892,9.613140394687656,1.1104799374749557,0.9153537222867568,0.5245901639344263,0.526482266639747,0.0531364616140938,1.0,244,0,0,61,66,50,67,0.5450819672131147
lstm,fold_3,2024,789,Regime-Spearman,5,3,2,1,14.16073950000282,1.4532297999830917,18547,244,11.520397727945904,8.953073669593829,1.046136469078356,0.9315607285769176,0.5,0.4991587590012787,-0.0016824819974426,1.0,244,0,0,66,61,61,56,0.4795081967213114
lstm,fold_4,2025,123,Global-All,5,1,1,0,7.19895489999908,0.3842120000044815,9041,234,15.371860916602005,12.28867045604775,1.553358285423477,0.9087838787974032,0.5598290598290598,0.5600877192982456,0.1201534827292035,1.0,234,0,0,66,54,49,65,0.5085470085470085
lstm,fold_4,2025,123,Global3-All,5,3,3,0,20.56391129999247,1.1116373000113526,27123,234,13.454626325318936,10.316631849772826,1.3158687996009673,0.9301185368827604,0.5256410256410257,0.5221491228070175,0.0460391162426719,1.0,234,0,0,79,41,70,44,0.3632478632478632
lstm,fold_4,2025,123,Global-SHAP,5,1,0,1,7.19895489999908,0.3842120000044815,9041,234,15.371860916602005,12.28867045604775,1.553358285423477,0.9087838787974032,0.5598290598290598,0.5600877192982456,0.1201534827292035,1.0,234,0,0,66,54,49,65,0.5085470085470085
lstm,fold_4,2025,123,Global-Spearman,5,1,0,1,7.19895489999908,0.3842120000044815,9041,234,15.371860916602005,12.28867045604775,1.553358285423477,0.9087838787974032,0.5598290598290598,0.5600877192982456,0.1201534827292035,1.0,234,0,0,66,54,49,65,0.5085470085470085
lstm,fold_4,2025,123,Regime-All,5,3,3,0,11.76812969999446,1.190468600005261,27123,234,17.331092431164905,13.758732465169375,1.7657676894136105,0.8840500448537731,0.5170940170940171,0.5184210526315789,0.0370252485886014,1.0,234,0,0,56,64,49,65,0.5512820512820513
lstm,fold_4,2025,123,Regime-SHAP,5,3,2,1,11.69744369998807,1.1657342000107749,18547,234,19.86694729758189,14.77009271042216,1.929269615420549,0.8476364835182266,0.5427350427350427,0.5478070175438596,0.1039541229656799,1.0,234,0,0,42,78,29,85,0.6965811965811965
lstm,fold_4,2025,123,Regime-Spearman,5,3,2,1,11.874651799997082,1.1639405000023544,18547,234,16.196985553341488,12.513038290407948,1.6206767916742113,0.8987285338040444,0.5299145299145299,0.5357456140350878,0.080164365302772,1.0,234,0,0,37,83,27,87,0.7264957264957265
lstm,fold_4,2025,2025,Global-All,5,1,1,0,6.80732480000006,0.3444830000080401,9041,234,17.492100820733526,13.529618669962282,1.729102772615153,0.8818856534163177,0.5598290598290598,0.5627192982456141,0.1286131928826069,1.0,234,0,0,54,66,37,77,0.6111111111111112
lstm,fold_4,2025,2025,Global3-All,5,3,3,0,3952.203626499992,2.5397814999887487,27123,234,15.625592456356578,12.084574520168069,1.5504071179070191,0.9057477570796052,0.5512820512820513,0.5535087719298246,0.1085805100309986,1.0,234,0,0,56,64,41,73,0.5854700854700855
lstm,fold_4,2025,2025,Global-SHAP,5,1,0,1,6.80732480000006,0.3444830000080401,9041,234,17.492100820733526,13.529618669962282,1.729102772615153,0.8818856534163177,0.5598290598290598,0.5627192982456141,0.1286131928826069,1.0,234,0,0,54,66,37,77,0.6111111111111112
lstm,fold_4,2025,2025,Global-Spearman,5,1,0,1,6.80732480000006,0.3444830000080401,9041,234,17.492100820733526,13.529618669962282,1.729102772615153,0.8818856534163177,0.5598290598290598,0.5627192982456141,0.1286131928826069,1.0,234,0,0,54,66,37,77,0.6111111111111112
lstm,fold_4,2025,2025,Regime-All,5,3,3,0,19.686365799992927,2.0684842000046046,27123,234,16.668593463517688,13.195020363422552,1.6973933835938455,0.8927452296972839,0.4957264957264957,0.4984649122807018,-0.0031417249127204,1.0,234,0,0,47,73,45,69,0.6068376068376068
lstm,fold_4,2025,2025,Regime-SHAP,5,3,2,1,23.145986599993197,2.118637599996873,18547,234,14.2946721935687,11.198105007382036,1.4269854643806337,0.9211199623721116,0.4914529914529914,0.4914473684210526,-0.0170996392014192,1.0,234,0,0,59,61,58,56,0.5
lstm,fold_4,2025,2025,Regime-Spearman,5,3,2,1,19.650907299976097,1.7952076999936253,18547,234,16.246620654337885,12.41996780847384,1.6058276679557768,0.8981068969708597,0.5170940170940171,0.5219298245614035,0.0473188121141386,1.0,234,0,0,40,80,33,81,0.688034188034188
lstm,fold_4,2025,42,Global-All,5,1,1,0,8.240289199995459,0.4267783999966923,9041,234,14.121273472594458,11.19876308227706,1.4218140434854143,0.9230220333164482,0.5213675213675214,0.519298245614035,0.0391028472837702,1.0,234,0,0,72,48,64,50,0.4188034188034188
lstm,fold_4,2025,42,Global3-All,5,3,3,0,25.17123710000305,1.50876120000612,27123,234,15.954847428036611,12.731731232464568,1.6286711554298443,0.9017338323474408,0.5128205128205128,0.5135964912280702,0.0272328256752466,1.0,234,0,0,58,62,52,62,0.5299145299145299
lstm,fold_4,2025,42,Global-SHAP,5,1,0,1,8.240289199995459,0.4267783999966923,9041,234,14.121273472594458,11.19876308227706,1.4218140434854143,0.9230220333164482,0.5213675213675214,0.519298245614035,0.0391028472837702,1.0,234,0,0,72,48,64,50,0.4188034188034188
lstm,fold_4,2025,42,Global-Spearman,5,1,0,1,8.240289199995459,0.4267783999966923,9041,234,14.121273472594458,11.19876308227706,1.4218140434854143,0.9230220333164482,0.5213675213675214,0.519298245614035,0.0391028472837702,1.0,234,0,0,72,48,64,50,0.4188034188034188
lstm,fold_4,2025,42,Regime-All,5,3,3,0,15.073845099977916,1.469861799996579,27123,234,19.233014938808974,15.490306668811366,1.95344214786518,0.8572048536489225,0.5213675213675214,0.518859649122807,0.0384572927526296,1.0,234,0,0,74,46,66,48,0.4017094017094017
lstm,fold_4,2025,42,Regime-SHAP,5,3,2,1,14.529388299997663,1.6826785000012023,18547,234,25.26892901126914,17.712901685492607,2.3118755035825824,0.7535139309832098,0.4871794871794871,0.4875,-0.025,1.0,234,0,0,57,63,57,57,0.5128205128205128
lstm,fold_4,2025,42,Regime-Spearman,5,3,2,1,13.756826399985584,1.353942800007644,18547,234,19.71837965056144,14.25269711552014,1.8440706361266188,0.84990675184106,0.5384615384615384,0.5427631578947368,0.0906845312637514,1.0,234,0,0,45,75,33,81,0.6666666666666666
lstm,fold_4,2025,456,Global-All,5,1,1,0,7.2592197000049055,0.4566033000010066,9041,234,18.22315005028453,13.7483961252932,1.7920515664404673,0.871806616478403,0.5470085470085471,0.550219298245614,0.1036396457993991,1.0,234,0,0,51,69,37,77,0.6239316239316239
lstm,fold_4,2025,456,Global3-All,5,3,3,0,20.431541000012658,1.151234699995257,27123,234,15.504293493176236,12.02478427597601,1.5433587535690334,0.9072054073122732,0.5470085470085471,0.5484649122807017,0.0975016868949887,1.0,234,0,0,59,61,45,69,0.5555555555555556
lstm,fold_4,2025,456,Global-SHAP,5,1,0,1,7.2592197000049055,0.4566033000010066,9041,234,18.22315005028453,13.7483961252932,1.7920515664404673,0.871806616478403,0.5470085470085471,0.550219298245614,0.1036396457993991,1.0,234,0,0,51,69,37,77,0.6239316239316239
lstm,fold_4,2025,456,Global-Spearman,5,1,0,1,7.2592197000049055,0.4566033000010066,9041,234,18.22315005028453,13.7483961252932,1.7920515664404673,0.871806616478403,0.5470085470085471,0.550219298245614,0.1036396457993991,1.0,234,0,0,51,69,37,77,0.6239316239316239
lstm,fold_4,2025,456,Regime-All,5,3,3,0,12.431366800010435,1.1771148000116227,27123,234,21.64719691888541,16.460118732870146,2.1336497467351405,0.8191068823938243,0.4871794871794871,0.4921052631578947,-0.0170996392014192,1.0,234,0,0,36,84,36,78,0.6923076923076923
lstm,fold_4,2025,456,Regime-SHAP,5,3,2,1,11.708345899998676,1.119551500014495,18547,234,22.627939121472757,17.267356947670653,2.2510931851496725,0.8023445875205841,0.5470085470085471,0.5515350877192983,0.1100121682478504,1.0,234,0,0,45,75,31,83,0.6752136752136753
lstm,fold_4,2025,456,Regime-Spearman,5,3,2,1,11.615310499997577,1.1313094999932218,18547,234,18.56355333741796,15.145021727564014,1.93451233023432,0.8669726534566591,0.5128205128205128,0.5195175438596491,0.0457292621144692,1.0,234,0,0,31,89,25,89,0.7606837606837606
lstm,fold_4,2025,789,Global-All,5,1,1,0,6.8606674000038765,0.441965700010769,9041,234,14.453493306978457,11.667314552955144,1.489416324226442,0.9193574300877712,0.5170940170940171,0.5175438596491229,0.0350966998660479,1.0,234,0,0,60,60,53,61,0.5170940170940171
lstm,fold_4,2025,789,Global3-All,5,3,3,0,20.51593960000901,1.1386028999986593,27123,234,21.483460835186108,16.28299110470506,2.1277801542590327,0.8218330288767436,0.5299145299145299,0.531359649122807,0.0630893268144044,1.0,234,0,0,57,63,47,67,0.5555555555555556
lstm,fold_4,2025,789,Global-SHAP,5,1,0,1,6.8606674000038765,0.441965700010769,9041,234,14.453493306978457,11.667314552955144,1.489416324226442,0.9193574300877712,0.5170940170940171,0.5175438596491229,0.0350966998660479,1.0,234,0,0,60,60,53,61,0.5170940170940171
lstm,fold_4,2025,789,Global-Spearman,5,1,0,1,6.8606674000038765,0.441965700010769,9041,234,14.453493306978457,11.667314552955144,1.489416324226442,0.9193574300877712,0.5170940170940171,0.5175438596491229,0.0350966998660479,1.0,234,0,0,60,60,53,61,0.5170940170940171
lstm,fold_4,2025,789,Regime-All,5,3,3,0,11.752403399994364,1.1433801999955904,27123,234,22.129992467956637,16.324567253133704,2.134593863341035,0.8109480156323192,0.5213675213675214,0.5276315789473685,0.0632598994785216,1.0,234,0,0,34,86,26,88,0.7435897435897436
lstm,fold_4,2025,789,Regime-SHAP,5,3,2,1,12.351464899998971,1.2147901999851456,18547,234,17.256612013726272,13.293800306934092,1.7097412581983222,0.8850444939315033,0.5085470085470085,0.5153508771929824,0.0361908165120316,1.0,234,0,0,30,90,25,89,0.7649572649572649
lstm,fold_4,2025,789,Regime-Spearman,5,3,2,1,11.79553429999214,1.1082090999989305,18547,234,15.15854429252886,11.911232287483868,1.524531652059166,0.9112979407666272,0.4957264957264957,0.5008771929824561,0.0019151255441852,1.0,234,0,0,36,84,34,80,0.7008547008547008
lstm_attention,fold_1,2022,123,Global-All,10,1,1,0,16.924198499997146,0.8833520000043791,10129,241,22.51850688125677,17.890400682109007,1.8171089225412356,-0.0236894077310507,0.5291666666666667,0.5441290141240953,0.0910350845761316,1.0,240,1,0,73,34,79,54,0.3666666666666666
lstm_attention,fold_1,2022,123,Global3-All,10,3,3,0,46.88628520000202,2.1637169999885373,30387,241,21.15281979588913,16.374272162449298,1.6669200991113933,0.0967134004483082,0.4541666666666666,0.4691518515915958,-0.0639539275405939,1.0,240,1,0,65,42,89,44,0.3583333333333333
lstm_attention,fold_1,2022,123,Global-SHAP,10,1,0,1,16.924198499997146,0.8833520000043791,10129,241,22.51850688125677,17.890400682109007,1.8171089225412356,-0.0236894077310507,0.5291666666666667,0.5441290141240953,0.0910350845761316,1.0,240,1,0,73,34,79,54,0.3666666666666666
lstm_attention,fold_1,2022,123,Global-Spearman,10,1,0,1,16.924198499997146,0.8833520000043791,10129,241,22.51850688125677,17.890400682109007,1.8171089225412356,-0.0236894077310507,0.5291666666666667,0.5441290141240953,0.0910350845761316,1.0,240,1,0,73,34,79,54,0.3666666666666666
lstm_attention,fold_1,2022,123,Regime-All,10,3,3,0,25.97169609999401,2.166127000004053,30387,241,22.78688312935901,18.739914131204124,1.90491724754076,-0.0482355348377168,0.5,0.4913217623497997,-0.0174747574689965,1.0,240,1,0,44,63,57,76,0.5791666666666667
lstm_attention,fold_1,2022,123,Regime-SHAP,10,3,2,1,29.35362989999703,2.6807254000159446,21811,241,21.761063774308333,17.995644028335192,1.8237733856157308,0.0440189760430816,0.5208333333333334,0.5155997470311292,0.0311721255995952,1.0,240,1,0,50,57,58,75,0.55
lstm_attention,fold_1,2022,123,Regime-Spearman,10,3,2,1,28.49365390000457,2.479192700004205,21811,241,18.706693507778603,15.309421544807083,1.5518041304964236,0.2935472991800474,0.525,0.5239266390274753,0.0475865167094616,1.0,240,1,0,55,52,62,71,0.5125
lstm_attention,fold_1,2022,2025,Global-All,10,1,1,0,17.32623479999893,0.9005330999934813,10129,241,27.359492482322647,22.451990999522533,2.278227502981587,-0.5111413940942542,0.4666666666666667,0.5096620054809922,0.0314431284748762,1.0,240,1,0,97,10,118,15,0.1041666666666666
lstm_attention,fold_1,2022,2025,Global3-All,10,3,3,0,51.46701630001189,2.2006847000302514,30387,241,25.22543062201301,19.881810946101787,2.0201018371696837,-0.2845949365282751,0.475,0.5144403063734102,0.0416852077130391,1.0,240,1,0,94,13,113,20,0.1375
lstm_attention,fold_1,2022,2025,Global-SHAP,10,1,0,1,17.32623479999893,0.9005330999934813,10129,241,27.359492482322647,22.451990999522533,2.278227502981587,-0.5111413940942542,0.4666666666666667,0.5096620054809922,0.0314431284748762,1.0,240,1,0,97,10,118,15,0.1041666666666666
lstm_attention,fold_1,2022,2025,Global-Spearman,10,1,0,1,17.32623479999893,0.9005330999934813,10129,241,27.359492482322647,22.451990999522533,2.278227502981587,-0.5111413940942542,0.4666666666666667,0.5096620054809922,0.0314431284748762,1.0,240,1,0,97,10,118,15,0.1041666666666666
lstm_attention,fold_1,2022,2025,Regime-All,10,3,3,0,29.38933710001584,2.5225695999979507,30387,241,16.068070680068843,12.828246003087616,1.3062111085847676,0.478785492811056,0.5083333333333333,0.5326400112430609,0.0723331788756051,1.0,240,1,0,81,26,92,41,0.2791666666666667
lstm_attention,fold_1,2022,2025,Regime-SHAP,10,3,2,1,29.062258600024503,2.6767517999978736,21811,241,17.748835679470133,13.931853534631214,1.4204143980344408,0.3640415156873028,0.5166666666666667,0.5100133511348465,0.0200662221942064,1.0,240,1,0,48,59,57,76,0.5625
lstm_attention,fold_1,2022,2025,Regime-Spearman,10,3,2,1,31.817339600020205,2.8281966999929864,21811,241,15.381232766732744,12.5653809745282,1.2766135849460716,0.522392302985448,0.5375,0.5406858267163235,0.0809940567157051,1.0,240,1,0,61,46,65,68,0.475
lstm_attention,fold_1,2022,42,Global-All,10,1,1,0,16.23468499998853,0.8616308000055142,10129,241,20.582940708694807,15.657510148163148,1.591035246359328,0.1447287483357501,0.4791666666666667,0.4971892347691659,-0.0059274417234947,1.0,240,1,0,71,36,89,44,0.3333333333333333
lstm_attention,fold_1,2022,42,Global3-All,10,3,3,0,49.20779879999464,2.4670133000036003,30387,241,20.76938705710582,15.88779212932533,1.6146447946798843,0.1291639724496067,0.4791666666666667,0.5008432295692502,0.0018292482292806,1.0,240,1,0,75,32,93,40,0.3
lstm_attention,fold_1,2022,42,Global-SHAP,10,1,0,1,16.23468499998853,0.8616308000055142,10129,241,20.582940708694807,15.657510148163148,1.591035246359328,0.1447287483357501,0.4791666666666667,0.4971892347691659,-0.0059274417234947,1.0,240,1,0,71,36,89,44,0.3333333333333333
lstm_attention,fold_1,2022,42,Global-Spearman,10,1,0,1,16.23468499998853,0.8616308000055142,10129,241,20.582940708694807,15.657510148163148,1.591035246359328,0.1447287483357501,0.4791666666666667,0.4971892347691659,-0.0059274417234947,1.0,240,1,0,71,36,89,44,0.3333333333333333
lstm_attention,fold_1,2022,42,Regime-All,10,3,3,0,28.37217689998215,2.34266330000537,30387,241,20.93777651590256,16.57573622171315,1.6806297759459072,0.1149859850954571,0.5083333333333333,0.4979270606422599,-0.0041993339826878,1.0,240,1,0,43,64,54,79,0.5958333333333333
lstm_attention,fold_1,2022,42,Regime-SHAP,10,3,2,1,27.82817769999383,2.468564000009792,21811,241,17.813840935976433,13.477837437297303,1.368713905636466,0.3593745786134638,0.5125,0.4998594617384583,-0.0002873541744735,1.0,240,1,0,41,66,51,82,0.6166666666666667
lstm_attention,fold_1,2022,42,Regime-Spearman,10,3,2,1,27.87709519999044,2.6484221999999136,21811,241,18.404049108471,14.46810024364361,1.465485158122002,0.3162209427168662,0.4958333333333333,0.485735366453517,-0.0288503518611313,1.0,240,1,0,42,65,56,77,0.5916666666666667
lstm_attention,fold_1,2022,456,Global-All,10,1,1,0,17.22165849999874,0.7549644999962766,10129,241,25.736095661176517,20.265839266955098,2.0573040499176547,-0.3371322161445451,0.4625,0.499508116084604,-0.0013395003866992,1.0,240,1,0,90,17,112,21,0.1583333333333333
lstm_attention,fold_1,2022,456,Global3-All,10,3,3,0,51.263827000017045,2.350510000003851,30387,241,24.14019989038599,18.85387676908431,1.9175564464750523,-0.1764426264433805,0.45,0.4800084322956924,-0.0479110643644887,1.0,240,1,0,81,26,106,27,0.2208333333333333
lstm_attention,fold_1,2022,456,Global-SHAP,10,1,0,1,17.22165849999874,0.7549644999962766,10129,241,25.736095661176517,20.265839266955098,2.0573040499176547,-0.3371322161445451,0.4625,0.499508116084604,-0.0013395003866992,1.0,240,1,0,90,17,112,21,0.1583333333333333
lstm_attention,fold_1,2022,456,Global-Spearman,10,1,0,1,17.22165849999874,0.7549644999962766,10129,241,25.736095661176517,20.265839266955098,2.0573040499176547,-0.3371322161445451,0.4625,0.499508116084604,-0.0013395003866992,1.0,240,1,0,90,17,112,21,0.1583333333333333
lstm_attention,fold_1,2022,456,Regime-All,10,3,3,0,27.826983399994788,2.4631481999967946,30387,241,18.76556940544357,14.767750201917789,1.5009776299622526,0.2890934399086681,0.5416666666666666,0.5261752512121425,0.0544080613418851,1.0,240,1,0,41,66,44,89,0.6458333333333334
lstm_attention,fold_1,2022,456,Regime-SHAP,10,3,2,1,27.592247799999317,3.205025700008264,21811,241,22.39864079669792,17.994534782334487,1.8273761450904096,-0.0128202092985563,0.5375,0.5251563488159652,0.0514363972307639,1.0,240,1,0,44,63,48,85,0.6166666666666667
lstm_attention,fold_1,2022,456,Regime-Spearman,10,3,2,1,29.72608520000358,2.477662000004784,21811,241,18.68719444373141,14.988573962563802,1.5223962174698449,0.2950192842883924,0.5333333333333333,0.515002459419577,0.031738301544251,1.0,240,1,0,37,70,42,91,0.6708333333333333
lstm_attention,fold_1,2022,789,Global-All,10,1,1,0,16.396823600007338,0.912575199996354,10129,241,22.381540329213205,17.81940893074289,1.8148630012062803,-0.0112743041014562,0.4958333333333333,0.4903028599536223,-0.0193772672646132,1.0,240,1,0,47,60,61,72,0.55
lstm_attention,fold_1,2022,789,Global3-All,10,3,3,0,50.44934370000556,3.147815200005425,30387,241,20.750594021971487,15.63213489405182,1.5909839487504982,0.1307391992816661,0.475,0.490689340172862,-0.0193532030276504,1.0,240,1,0,68,39,87,46,0.3541666666666667
lstm_attention,fold_1,2022,789,Global-SHAP,10,1,0,1,16.396823600007338,0.912575199996354,10129,241,22.381540329213205,17.81940893074289,1.8148630012062803,-0.0112743041014562,0.4958333333333333,0.4903028599536223,-0.0193772672646132,1.0,240,1,0,47,60,61,72,0.55
lstm_attention,fold_1,2022,789,Global-Spearman,10,1,0,1,16.396823600007338,0.912575199996354,10129,241,22.381540329213205,17.81940893074289,1.8148630012062803,-0.0112743041014562,0.4958333333333333,0.4903028599536223,-0.0193772672646132,1.0,240,1,0,47,60,61,72,0.55
lstm_attention,fold_1,2022,789,Regime-All,10,3,3,0,27.13691979998839,2.2127210999897216,30387,241,21.33027890116975,18.43619218826293,1.870448348213744,0.0814937912051214,0.4791666666666667,0.4789192607687442,-0.041913342377712,1.0,240,1,0,51,56,69,64,0.5
lstm_attention,fold_1,2022,789,Regime-SHAP,10,3,2,1,27.248728299993672,2.246787100011716,21811,241,19.800694916083184,16.875221749183048,1.712034188030488,0.2085018704157532,0.4916666666666666,0.4965919471576136,-0.0068046395985413,1.0,240,1,0,58,49,73,60,0.4541666666666666
lstm_attention,fold_1,2022,789,Regime-Spearman,10,3,2,1,29.239194799985853,2.2105721999978414,21811,241,19.466926436529285,16.442622748727125,1.6672020664958087,0.2349605972858731,0.5166666666666667,0.5218888342351204,0.0437040254627967,1.0,240,1,0,61,46,70,63,0.4541666666666666
lstm_attention,fold_2,2023,123,Global-All,10,1,1,0,15.919794600005844,0.7774913999892306,10129,243,66.74720405894806,55.33489837944752,6.134309286610732,-1.250380306288836,0.5041322314049587,0.5240542763157895,0.0660043896765576,1.0,242,1,0,23,105,15,99,0.8429752066115702
lstm_attention,fold_2,2023,123,Global3-All,10,3,3,0,47.83968900000036,2.2267583000066224,30387,243,21.586272592244686,17.055675193442575,1.8447996587643936,0.764633268883743,0.5413223140495868,0.5500959429824561,0.1047684872212409,1.0,242,1,0,51,77,34,80,0.6487603305785123
lstm_attention,fold_2,2023,123,Global-SHAP,10,1,0,1,15.919794600005844,0.7774913999892306,10129,243,66.74720405894806,55.33489837944752,6.134309286610732,-1.250380306288836,0.5041322314049587,0.5240542763157895,0.0660043896765576,1.0,242,1,0,23,105,15,99,0.8429752066115702
lstm_attention,fold_2,2023,123,Global-Spearman,10,1,0,1,15.919794600005844,0.7774913999892306,10129,243,66.74720405894806,55.33489837944752,6.134309286610732,-1.250380306288836,0.5041322314049587,0.5240542763157895,0.0660043896765576,1.0,242,1,0,23,105,15,99,0.8429752066115702
lstm_attention,fold_2,2023,123,Regime-All,10,3,3,0,28.283791900015785,2.873643899991293,30387,243,26.076542717530277,21.85901421729429,2.358631054222719,0.656529229748591,0.5082644628099173,0.5121299342105263,0.0244337945838385,1.0,242,1,0,57,71,48,66,0.5661157024793388
lstm_attention,fold_2,2023,123,Regime-SHAP,10,3,2,1,28.647558800003026,2.3586518000083743,21811,243,23.786111555771107,20.04173093326788,2.1615319228794765,0.7142168200680798,0.4876033057851239,0.4916392543859649,-0.0168607233667618,1.0,242,1,0,54,74,50,64,0.5702479338842975
lstm_attention,fold_2,2023,123,Regime-Spearman,10,3,2,1,28.084390900025028,2.39062570000533,21811,243,21.719255889856075,18.517225891945294,1.985057202993085,0.7617243594335663,0.5165289256198347,0.5242598684210527,0.0502267559095265,1.0,242,1,0,50,78,39,75,0.6322314049586777
lstm_attention,fold_2,2023,2025,Global-All,10,1,1,0,17.06001300000935,0.8321015999972587,10129,243,30.405676683540225,24.96283351215318,2.734357519214342,0.5330191106714157,0.5206611570247934,0.542077850877193,0.1240098892912243,1.0,242,1,0,22,106,10,104,0.8677685950413223
lstm_attention,fold_2,2023,2025,Global3-All,10,3,3,0,50.40963739999279,2.4683726000075694,30387,243,21.54615352229812,17.002598993768423,1.8379986858206412,0.7655073354433913,0.5495867768595041,0.5545504385964912,0.1104372057440664,1.0,242,1,0,60,68,41,73,0.5826446280991735
lstm_attention,fold_2,2023,2025,Global-SHAP,10,1,0,1,17.06001300000935,0.8321015999972587,10129,243,30.405676683540225,24.96283351215318,2.734357519214342,0.5330191106714157,0.5206611570247934,0.542077850877193,0.1240098892912243,1.0,242,1,0,22,106,10,104,0.8677685950413223
lstm_attention,fold_2,2023,2025,Global-Spearman,10,1,0,1,17.06001300000935,0.8321015999972587,10129,243,30.405676683540225,24.96283351215318,2.734357519214342,0.5330191106714157,0.5206611570247934,0.542077850877193,0.1240098892912243,1.0,242,1,0,22,106,10,104,0.8677685950413223
lstm_attention,fold_2,2023,2025,Regime-All,10,3,3,0,27.978418600017903,2.2533611000108067,30387,243,19.2014357493394,14.774478429197767,1.5968129603380394,0.8137667730910016,0.5371900826446281,0.530359100877193,0.0624362438605916,1.0,242,1,0,83,45,67,47,0.3801652892561983
lstm_attention,fold_2,2023,2025,Regime-SHAP,10,3,2,1,27.61811570001009,2.252935900018201,21811,243,20.08770555596345,15.089324445763726,1.6384553991846622,0.7961782953808981,0.5454545454545454,0.5348135964912281,0.0748816589452947,1.0,242,1,0,92,36,74,40,0.3140495867768595
lstm_attention,fold_2,2023,2025,Regime-Spearman,10,3,2,1,26.687137900022208,2.1954942000156734,21811,243,19.36666930052569,15.02183944429389,1.6281660697596172,0.810547807756184,0.5413223140495868,0.5309073464912281,0.0662463252239765,1.0,242,1,0,91,37,74,40,0.3181818181818182
lstm_attention,fold_2,2023,42,Global-All,10,1,1,0,19.98708880000049,0.909718899987638,10129,243,20.90261598679094,16.63964667428178,1.7998977918556722,0.7793057360688159,0.5371900826446281,0.5433114035087719,0.0883848072286319,1.0,242,1,0,56,72,40,74,0.6033057851239669
lstm_attention,fold_2,2023,42,Global3-All,10,3,3,0,55.89625590000651,2.544168200009153,30387,243,22.432149642757427,17.764748208238277,1.920974381656803,0.7458257513299301,0.5289256198347108,0.5388569078947368,0.0824618631949275,1.0,242,1,0,47,81,33,81,0.6694214876033058
lstm_attention,fold_2,2023,42,Global-SHAP,10,1,0,1,19.98708880000049,0.909718899987638,10129,243,20.90261598679094,16.63964667428178,1.7998977918556722,0.7793057360688159,0.5371900826446281,0.5433114035087719,0.0883848072286319,1.0,242,1,0,56,72,40,74,0.6033057851239669
lstm_attention,fold_2,2023,42,Global-Spearman,10,1,0,1,19.98708880000049,0.909718899987638,10129,243,20.90261598679094,16.63964667428178,1.7998977918556722,0.7793057360688159,0.5371900826446281,0.5433114035087719,0.0883848072286319,1.0,242,1,0,56,72,40,74,0.6033057851239669
lstm_attention,fold_2,2023,42,Regime-All,10,3,3,0,34.27627319999738,2.820285099980538,30387,243,19.218512771485933,15.756638768239265,1.705075835083943,0.8134353683768527,0.512396694214876,0.5064418859649122,0.0131458415814737,1.0,242,1,0,78,50,68,46,0.396694214876033
lstm_attention,fold_2,2023,42,Regime-SHAP,10,3,2,1,35.40748980001081,2.9836215000104858,21811,243,19.16256852699695,15.50754200058218,1.6790558249909566,0.8145199503472003,0.512396694214876,0.5054824561403508,0.0112751681915289,1.0,242,1,0,80,48,70,44,0.3801652892561983
lstm_attention,fold_2,2023,42,Regime-Spearman,10,3,2,1,34.46176599999308,2.7727978999901097,21811,243,19.994185595843767,16.444152024488865,1.7742378495422526,0.7980716949714761,0.5041322314049587,0.4981496710526316,-0.0037759332202105,1.0,242,1,0,77,51,69,45,0.396694214876033
lstm_attention,fold_2,2023,456,Global-All,10,1,1,0,16.810830300004454,0.8258989000023575,10129,243,23.29413863496988,17.935150659388487,1.9378001764565824,0.7259163852848628,0.5371900826446281,0.5461896929824561,0.0968644228629317,1.0,242,1,0,50,78,34,80,0.6528925619834711
lstm_attention,fold_2,2023,456,Global3-All,10,3,3,0,49.45702179998625,2.346940000003088,30387,243,23.15833011948388,18.55560885727652,2.009467256937207,0.7291029706957366,0.5537190082644629,0.5666118421052632,0.147948228576246,1.0,242,1,0,44,84,24,90,0.71900826446281
lstm_attention,fold_2,2023,456,Global-SHAP,10,1,0,1,16.810830300004454,0.8258989000023575,10129,243,23.29413863496988,17.935150659388487,1.9378001764565824,0.7259163852848628,0.5371900826446281,0.5461896929824561,0.0968644228629317,1.0,242,1,0,50,78,34,80,0.6528925619834711
lstm_attention,fold_2,2023,456,Global-Spearman,10,1,0,1,16.810830300004454,0.8258989000023575,10129,243,23.29413863496988,17.935150659388487,1.9378001764565824,0.7259163852848628,0.5371900826446281,0.5461896929824561,0.0968644228629317,1.0,242,1,0,50,78,34,80,0.6528925619834711
lstm_attention,fold_2,2023,456,Regime-All,10,3,3,0,28.04753699999128,2.3861272999929497,30387,243,18.14760528584016,13.792432945706713,1.4959885358488534,0.8336478527668905,0.5537190082644629,0.5498218201754386,0.1004733269478348,1.0,242,1,0,79,49,59,55,0.4297520661157025
lstm_attention,fold_2,2023,456,Regime-SHAP,10,3,2,1,28.06802209999296,2.425759699981427,21811,243,21.15087612478532,16.986186536290507,1.8406408165416408,0.7740322376588935,0.5247933884297521,0.5224780701754386,0.0450349092219936,1.0,242,1,0,72,56,59,55,0.4586776859504132
lstm_attention,fold_2,2023,456,Regime-Spearman,10,3,2,1,26.848252599986157,2.371589100002893,21811,243,22.7697263107896,17.901704233978016,1.928188138569617,0.7381181606482761,0.5330578512396694,0.53125,0.0625321485541551,1.0,242,1,0,72,56,57,57,0.4669421487603306
lstm_attention,fold_2,2023,789,Global-All,10,1,1,0,16.431918900008895,0.8044017000065651,10129,243,27.0590124328262,21.47860085795448,2.3379052030279377,0.6301601996423407,0.5371900826446281,0.5548245614035088,0.1372590815397046,1.0,242,1,0,32,96,16,98,0.8016528925619835
lstm_attention,fold_2,2023,789,Global3-All,10,3,3,0,55.534527300013,2.4656093000085093,30387,243,21.91982310954983,17.170714050869886,1.854208044654452,0.7573033108026103,0.5537190082644629,0.5598958333333333,0.1222283568320004,1.0,242,1,0,58,70,38,76,0.6033057851239669
lstm_attention,fold_2,2023,789,Global-SHAP,10,1,0,1,16.431918900008895,0.8044017000065651,10129,243,27.0590124328262,21.47860085795448,2.3379052030279377,0.6301601996423407,0.5371900826446281,0.5548245614035088,0.1372590815397046,1.0,242,1,0,32,96,16,98,0.8016528925619835
lstm_attention,fold_2,2023,789,Global-Spearman,10,1,0,1,16.431918900008895,0.8044017000065651,10129,243,27.0590124328262,21.47860085795448,2.3379052030279377,0.6301601996423407,0.5371900826446281,0.5548245614035088,0.1372590815397046,1.0,242,1,0,32,96,16,98,0.8016528925619835
lstm_attention,fold_2,2023,789,Regime-All,10,3,3,0,28.63943629998539,2.364360799998394,30387,243,19.768406757061847,15.890021035563294,1.7198375249890012,0.8026063858512792,0.5619834710743802,0.5489994517543859,0.1098374205572871,1.0,242,1,0,99,29,77,37,0.2727272727272727
lstm_attention,fold_2,2023,789,Regime-SHAP,10,3,2,1,28.69034799998917,2.423888999983319,21811,243,20.491380693591733,15.498157818817788,1.6873506277598564,0.787904133240276,0.5826446280991735,0.5685307017543859,0.1575681297613448,1.0,242,1,0,104,24,77,37,0.2520661157024793
lstm_attention,fold_2,2023,789,Regime-Spearman,10,3,2,1,28.658430499999668,2.468637799989665,21811,243,16.750568837550183,13.34105578842476,1.4428782150008814,0.8582742116211571,0.6033057851239669,0.5933388157894737,0.1993794838543035,1.0,242,1,0,98,30,66,48,0.3223140495867768
lstm_attention,fold_3,2024,123,Global-All,10,1,1,0,18.14380180000444,0.8363712999998825,10129,244,121.30491632909528,113.02942812653838,13.344697091938256,-6.58799851284941,0.4795081967213114,0.5,0.0,1.0,244,0,0,0,127,0,117,1.0
lstm_attention,fold_3,2024,123,Global3-All,10,3,3,0,54.9658044000098,2.333883200000855,30387,244,26.12414394675377,20.927018085669328,2.4590145036549047,0.6480713949481547,0.5409836065573771,0.5553536577158624,0.1542002494139847,1.0,244,0,0,26,101,11,106,0.8483606557377049
lstm_attention,fold_3,2024,123,Global-SHAP,10,1,0,1,18.14380180000444,0.8363712999998825,10129,244,121.30491632909528,113.02942812653838,13.344697091938256,-6.58799851284941,0.4795081967213114,0.5,0.0,1.0,244,0,0,0,127,0,117,1.0
lstm_attention,fold_3,2024,123,Global-Spearman,10,1,0,1,18.14380180000444,0.8363712999998825,10129,244,121.30491632909528,113.02942812653838,13.344697091938256,-6.58799851284941,0.4795081967213114,0.5,0.0,1.0,244,0,0,0,127,0,117,1.0
lstm_attention,fold_3,2024,123,Regime-All,10,3,3,0,28.88817829999607,2.5356641999969725,30387,244,16.15790599655228,13.111791634510787,1.5271784860572024,0.8653703904655811,0.4754098360655737,0.4852951073423514,-0.0335719898746961,1.0,244,0,0,31,96,32,85,0.7418032786885246
lstm_attention,fold_3,2024,123,Regime-SHAP,10,3,2,1,27.390951699970174,2.281545499994536,21811,244,15.825995321044758,12.998110747337345,1.5033601156929244,0.8708446210899177,0.5040983606557377,0.5091527020660879,0.0188694136488032,1.0,244,0,0,49,78,43,74,0.6229508196721312
lstm_attention,fold_3,2024,123,Regime-Spearman,10,3,2,1,26.01772129998426,2.2989986000029603,21811,244,16.056859689095575,13.285643645476128,1.546985461281437,0.8670489851999001,0.4918032786885246,0.4986876640419947,-0.0027844120465423,1.0,244,0,0,42,85,39,78,0.6680327868852459
lstm_attention,fold_3,2024,2025,Global-All,10,1,1,0,16.624813699992956,0.6809974999923725,10129,244,34.4644997721823,29.107516891975894,3.4241175412108498,0.3874882974435804,0.5122950819672131,0.5301500773941719,0.1216986620057064,1.0,244,0,0,12,115,4,113,0.9344262295081968
lstm_attention,fold_3,2024,2025,Global3-All,10,3,3,0,57.46722210000735,2.176723599986872,30387,244,25.987654296394805,21.13535263073252,2.4782799502037784,0.6517391997346981,0.5163934426229508,0.5307221212733024,0.0855834818935975,1.0,244,0,0,23,104,14,103,0.8483606557377049
lstm_attention,fold_3,2024,2025,Global-SHAP,10,1,0,1,16.624813699992956,0.6809974999923725,10129,244,34.4644997721823,29.107516891975894,3.4241175412108498,0.3874882974435804,0.5122950819672131,0.5301500773941719,0.1216986620057064,1.0,244,0,0,12,115,4,113,0.9344262295081968
lstm_attention,fold_3,2024,2025,Global-Spearman,10,1,0,1,16.624813699992956,0.6809974999923725,10129,244,34.4644997721823,29.107516891975894,3.4241175412108498,0.3874882974435804,0.5122950819672131,0.5301500773941719,0.1216986620057064,1.0,244,0,0,12,115,4,113,0.9344262295081968
lstm_attention,fold_3,2024,2025,Regime-All,10,3,3,0,29.98543279999285,2.5240124999836557,30387,244,14.146386931121944,11.24885682745059,1.3123390080935513,0.8968043247162284,0.5163934426229508,0.5236556968840433,0.0505132155942508,1.0,244,0,0,44,83,35,82,0.6762295081967213
lstm_attention,fold_3,2024,2025,Regime-SHAP,10,3,2,1,29.34550789999776,2.4760618999862345,21811,244,15.940341530041756,12.662475885436182,1.4712431135734667,0.8689715280959829,0.5,0.5015142337976983,0.0030341905601199,1.0,244,0,0,59,68,54,63,0.5368852459016393
lstm_attention,fold_3,2024,2025,Regime-Spearman,10,3,2,1,29.840410999997403,2.485074199998053,21811,244,18.061095071738155,13.571640558897478,1.5701023406398755,0.8317873745494726,0.5245901639344263,0.5308567198330978,0.0647092728051407,1.0,244,0,0,48,79,37,80,0.6516393442622951
lstm_attention,fold_3,2024,42,Global-All,10,1,1,0,16.067393999997876,0.6401709000056144,10129,244,25.314864969506075,20.183142592359783,2.3705420681016345,0.6695378970386283,0.5122950819672131,0.5261121206003097,0.0704728524873652,1.0,244,0,0,24,103,16,101,0.8360655737704918
lstm_attention,fold_3,2024,42,Global3-All,10,3,3,0,54.96507149998797,2.348561399994651,30387,244,25.50768780934395,21.011738603532017,2.4673727073337064,0.6644844771860458,0.5081967213114754,0.5225116091257823,0.0627112260534685,1.0,244,0,0,22,105,15,102,0.8483606557377049
lstm_attention,fold_3,2024,42,Global-SHAP,10,1,0,1,16.067393999997876,0.6401709000056144,10129,244,25.314864969506075,20.183142592359783,2.3705420681016345,0.6695378970386283,0.5122950819672131,0.5261121206003097,0.0704728524873652,1.0,244,0,0,24,103,16,101,0.8360655737704918
lstm_attention,fold_3,2024,42,Global-Spearman,10,1,0,1,16.067393999997876,0.6401709000056144,10129,244,25.314864969506075,20.183142592359783,2.3705420681016345,0.6695378970386283,0.5122950819672131,0.5261121206003097,0.0704728524873652,1.0,244,0,0,24,103,16,101,0.8360655737704918
lstm_attention,fold_3,2024,42,Regime-All,10,3,3,0,29.478708199996618,2.549385699996492,30387,244,15.239948994949382,12.06566241166631,1.3927254626562855,0.8802329206612993,0.5081967213114754,0.510061242344707,0.0201878043489378,1.0,244,0,0,59,68,52,65,0.5450819672131147
lstm_attention,fold_3,2024,42,Regime-SHAP,10,3,2,1,29.09785449999617,2.5299909000168554,21811,244,16.671194815734488,13.31080984342294,1.5405649176495753,0.8566809617715413,0.5040983606557377,0.5074702200686453,0.0151326129796632,1.0,244,0,0,54,73,48,69,0.5819672131147541
lstm_attention,fold_3,2024,42,Regime-Spearman,10,3,2,1,29.74443910000264,2.4957324000133667,21811,244,16.85000896121387,13.518108783305673,1.5561963626903377,0.8535900122712197,0.5,0.503196715795141,0.0064669670066539,1.0,244,0,0,54,73,49,68,0.5778688524590164
lstm_attention,fold_3,2024,456,Global-All,10,1,1,0,17.92553159999079,0.7835496999905445,10129,244,19.36834564771641,15.753411221865754,1.8283891436828223,0.8065559011766268,0.4672131147540984,0.4737196311999461,-0.0554248157842748,1.0,244,0,0,40,87,43,74,0.6598360655737705
lstm_attention,fold_3,2024,456,Global3-All,10,3,3,0,54.54601029999321,2.503730900003575,30387,244,27.845236520638554,22.729221323067403,2.6677824249689848,0.6001728748614754,0.5163934426229508,0.532404603270745,0.1032095172675081,1.0,244,0,0,18,109,9,108,0.889344262295082
lstm_attention,fold_3,2024,456,Global-SHAP,10,1,0,1,17.92553159999079,0.7835496999905445,10129,244,19.36834564771641,15.753411221865754,1.8283891436828223,0.8065559011766268,0.4672131147540984,0.4737196311999461,-0.0554248157842748,1.0,244,0,0,40,87,43,74,0.6598360655737705
lstm_attention,fold_3,2024,456,Global-Spearman,10,1,0,1,17.92553159999079,0.7835496999905445,10129,244,19.36834564771641,15.753411221865754,1.8283891436828223,0.8065559011766268,0.4672131147540984,0.4737196311999461,-0.0554248157842748,1.0,244,0,0,40,87,43,74,0.6598360655737705
lstm_attention,fold_3,2024,456,Regime-All,10,3,3,0,29.3352576999896,2.5008341999782715,30387,244,13.87302730598498,11.277994053305177,1.3110522281497408,0.9007540223879384,0.5081967213114754,0.5120802207416381,0.0245809157800292,1.0,244,0,0,53,74,46,71,0.5942622950819673
lstm_attention,fold_3,2024,456,Regime-SHAP,10,3,2,1,29.273592800003826,2.4009519000101136,21811,244,17.25438593558224,13.848208193749686,1.601445663978291,0.8464784142777053,0.4877049180327868,0.4940776633690019,-0.0124542690081007,1.0,244,0,0,43,84,41,76,0.6557377049180327
lstm_attention,fold_3,2024,456,Regime-Spearman,10,3,2,1,28.79159930000605,2.3293775000056485,21811,244,16.42842143968492,13.117838816085802,1.5247815415112993,0.8608247203838368,0.4918032786885246,0.4980146712430177,-0.0041634101368629,1.0,244,0,0,44,83,41,76,0.6516393442622951
lstm_attention,fold_3,2024,789,Global-All,10,1,1,0,18.44551750000392,0.7101174999988871,10129,244,19.30953529156129,15.64305475789994,1.8149459580409564,0.8077288712005963,0.5081967213114754,0.5181371559324315,0.0414080149713071,1.0,244,0,0,35,92,28,89,0.7418032786885246
lstm_attention,fold_3,2024,789,Global3-All,10,3,3,0,54.010422000006656,2.519774200001848,30387,244,24.5851360930292,20.17605481591384,2.3671009413866635,0.6883151699770071,0.5,0.5139646005787738,0.0380753646524714,1.0,244,0,0,22,105,17,100,0.8401639344262295
lstm_attention,fold_3,2024,789,Global-SHAP,10,1,0,1,18.44551750000392,0.7101174999988871,10129,244,19.30953529156129,15.64305475789994,1.8149459580409564,0.8077288712005963,0.5081967213114754,0.5181371559324315,0.0414080149713071,1.0,244,0,0,35,92,28,89,0.7418032786885246
lstm_attention,fold_3,2024,789,Global-Spearman,10,1,0,1,18.44551750000392,0.7101174999988871,10129,244,19.30953529156129,15.64305475789994,1.8149459580409564,0.8077288712005963,0.5081967213114754,0.5181371559324315,0.0414080149713071,1.0,244,0,0,35,92,28,89,0.7418032786885246
lstm_attention,fold_3,2024,789,Regime-All,10,3,3,0,28.3337773999956,2.178558999992674,30387,244,16.13319685465372,12.674237740831318,1.467899173515217,0.8657818346927176,0.5040983606557377,0.5145366444579043,0.0337290740435605,1.0,244,0,0,33,94,27,90,0.7540983606557377
lstm_attention,fold_3,2024,789,Regime-SHAP,10,3,2,1,26.25973120001436,2.242632399997092,21811,244,15.93628742452671,12.585577844058896,1.4587388720401555,0.8690381685376745,0.5040983606557377,0.5121811696614846,0.0264772855150301,1.0,244,0,0,40,87,34,83,0.6967213114754098
lstm_attention,fold_3,2024,789,Regime-Spearman,10,3,2,1,26.73636070001521,2.029614400002174,21811,244,15.816633187213052,12.633960382381431,1.4712019197825843,0.8709973839671341,0.5245901639344263,0.5301837270341208,0.0626522683309866,1.0,244,0,0,50,77,39,78,0.6352459016393442
lstm_attention,fold_4,2025,123,Global-All,10,1,1,0,20.48482009999861,0.8342871000058949,10129,234,177.50724659267027,170.0539437454583,21.775971699190137,-11.163285002888822,0.4871794871794871,0.5,0.0,1.0,234,0,0,0,120,0,114,1.0
lstm_attention,fold_4,2025,123,Global3-All,10,3,3,0,63.04534490000515,2.4224577999993926,30387,234,32.443791170564,25.008700870177037,3.274181836624916,0.5936671795704375,0.5128205128205128,0.518859649122807,0.0427215090377809,1.0,234,0,0,34,86,28,86,0.7350427350427351
lstm_attention,fold_4,2025,123,Global-SHAP,10,1,0,1,20.48482009999861,0.8342871000058949,10129,234,177.50724659267027,170.0539437454583,21.775971699190137,-11.163285002888822,0.4871794871794871,0.5,0.0,1.0,234,0,0,0,120,0,114,1.0
lstm_attention,fold_4,2025,123,Global-Spearman,10,1,0,1,20.48482009999861,0.8342871000058949,10129,234,177.50724659267027,170.0539437454583,21.775971699190137,-11.163285002888822,0.4871794871794871,0.5,0.0,1.0,234,0,0,0,120,0,114,1.0
lstm_attention,fold_4,2025,123,Regime-All,10,3,3,0,33.5502559000015,2.223624600010225,30387,234,23.768371241755396,18.6564475170746,2.375869851497868,0.7819191393882678,0.4914529914529914,0.4971491228070175,-0.0063628476297577,1.0,234,0,0,33,87,32,82,0.7222222222222222
lstm_attention,fold_4,2025,123,Regime-SHAP,10,3,2,1,32.05093349999515,2.406451700022444,21811,234,19.428319290546806,14.429063170646504,1.848534701518581,0.854290062339046,0.5128205128205128,0.5135964912280702,0.0272328256752466,1.0,234,0,0,58,62,52,62,0.5299145299145299
lstm_attention,fold_4,2025,123,Regime-Spearman,10,3,2,1,32.35274860000936,2.364154700000654,21811,234,18.471502482118726,14.878789329867589,1.8892458168478896,0.8682886645183359,0.4829059829059829,0.4831140350877193,-0.0337657597450681,1.0,234,0,0,57,63,58,56,0.5085470085470085
lstm_attention,fold_4,2025,2025,Global-All,10,1,1,0,20.826049800001783,0.6941919999953825,10129,234,19.469622184559384,15.29195513795582,1.931652149195516,0.8536698708394342,0.5042735042735043,0.5015350877192982,0.0031417249127204,1.0,234,0,0,73,47,69,45,0.3931623931623931
lstm_attention,fold_4,2025,2025,Global3-All,10,3,3,0,66.93406040000264,2.048039500004961,30387,234,31.468232781352707,24.47179233814069,3.193585676822565,0.6177359855957079,0.5256410256410257,0.5300438596491228,0.0639195310456749,1.0,234,0,0,43,77,34,80,0.6709401709401709
lstm_attention,fold_4,2025,2025,Global-SHAP,10,1,0,1,20.826049800001783,0.6941919999953825,10129,234,19.469622184559384,15.29195513795582,1.931652149195516,0.8536698708394342,0.5042735042735043,0.5015350877192982,0.0031417249127204,1.0,234,0,0,73,47,69,45,0.3931623931623931
lstm_attention,fold_4,2025,2025,Global-Spearman,10,1,0,1,20.826049800001783,0.6941919999953825,10129,234,19.469622184559384,15.29195513795582,1.931652149195516,0.8536698708394342,0.5042735042735043,0.5015350877192982,0.0031417249127204,1.0,234,0,0,73,47,69,45,0.3931623931623931
lstm_attention,fold_4,2025,2025,Regime-All,10,3,3,0,32.83327360000112,2.715441099993768,30387,234,24.25740948326328,18.69020531560877,2.391525532685699,0.7728527166946867,0.4743589743589743,0.481798245614035,-0.0447200612654223,1.0,234,0,0,23,97,26,88,0.7905982905982906
lstm_attention,fold_4,2025,2025,Regime-SHAP,10,3,2,1,32.450054599990835,2.768351699982304,21811,234,20.228940259972955,16.252519425836397,2.068008908255935,0.8420335087488724,0.5085470085470085,0.5131578947368421,0.0281857930083126,1.0,234,0,0,40,80,35,79,0.6794871794871795
lstm_attention,fold_4,2025,2025,Regime-Spearman,10,3,2,1,31.95251019998977,2.7597306999814464,21811,234,26.491171332003628,20.80050836613802,2.6201111989797043,0.7290924984863102,0.5427350427350427,0.5482456140350878,0.1066928326429188,1.0,234,0,0,40,80,27,87,0.7136752136752137
lstm_attention,fold_4,2025,42,Global-All,10,1,1,0,20.113197900005616,0.8199086999957217,10129,234,19.506527741336104,15.278313142489164,1.9446846394652395,0.8531145941950248,0.5085470085470085,0.5081140350877194,0.0162322236880471,1.0,234,0,0,63,57,58,56,0.4829059829059829
lstm_attention,fold_4,2025,42,Global3-All,10,3,3,0,63.54565400000138,2.485687800013693,30387,234,30.75764343067627,23.58603648257733,3.08957167699613,0.6348049991522617,0.5213675213675214,0.5260964912280701,0.0561021250513506,1.0,234,0,0,41,79,33,81,0.6837606837606838
lstm_attention,fold_4,2025,42,Global-SHAP,10,1,0,1,20.113197900005616,0.8199086999957217,10129,234,19.506527741336104,15.278313142489164,1.9446846394652395,0.8531145941950248,0.5085470085470085,0.5081140350877194,0.0162322236880471,1.0,234,0,0,63,57,58,56,0.4829059829059829
lstm_attention,fold_4,2025,42,Global-Spearman,10,1,0,1,20.113197900005616,0.8199086999957217,10129,234,19.506527741336104,15.278313142489164,1.9446846394652395,0.8531145941950248,0.5085470085470085,0.5081140350877194,0.0162322236880471,1.0,234,0,0,63,57,58,56,0.4829059829059829
lstm_attention,fold_4,2025,42,Regime-All,10,3,3,0,31.787385899981015,2.3540324000059627,30387,234,22.04947901383828,17.18376501953501,2.214799704261374,0.8123211330714958,0.4487179487179487,0.4504385964912281,-0.1000299688272169,1.0,234,0,0,46,74,55,59,0.5683760683760684
lstm_attention,fold_4,2025,42,Regime-SHAP,10,3,2,1,30.045379499992123,2.1433446000155527,21811,234,26.39720030084761,20.97821383802301,2.665886271973801,0.7310110474894143,0.4786324786324786,0.4828947368421052,-0.0362738125055005,1.0,234,0,0,38,82,40,74,0.6666666666666666
lstm_attention,fold_4,2025,42,Regime-Spearman,10,3,2,1,31.332787199993614,2.437521800005925,21811,234,21.160158561072016,16.657832185804345,2.129040567656787,0.8271551104398467,0.452991452991453,0.4559210526315789,-0.0905736267980091,1.0,234,0,0,41,79,49,65,0.6153846153846154
lstm_attention,fold_4,2025,456,Global-All,10,1,1,0,19.90165600000182,0.7350841000006767,10129,234,72.65015437479425,53.563022447569786,7.093501242945689,-1.037472665334516,0.5641025641025641,0.5695175438596491,0.153059032411478,1.0,234,0,0,43,77,25,89,0.7094017094017094
lstm_attention,fold_4,2025,456,Global3-All,10,3,3,0,53.02228929998819,1.7396389999921666,30387,234,32.38401071883882,24.163018921469373,3.1751784573320543,0.5951632057611238,0.5299145299145299,0.5346491228070176,0.0744885357824655,1.0,234,0,0,42,78,32,82,0.6837606837606838
lstm_attention,fold_4,2025,456,Global-SHAP,10,1,0,1,19.90165600000182,0.7350841000006767,10129,234,72.65015437479425,53.563022447569786,7.093501242945689,-1.037472665334516,0.5641025641025641,0.5695175438596491,0.153059032411478,1.0,234,0,0,43,77,25,89,0.7094017094017094
lstm_attention,fold_4,2025,456,Global-Spearman,10,1,0,1,19.90165600000182,0.7350841000006767,10129,234,72.65015437479425,53.563022447569786,7.093501242945689,-1.037472665334516,0.5641025641025641,0.5695175438596491,0.153059032411478,1.0,234,0,0,43,77,25,89,0.7094017094017094
lstm_attention,fold_4,2025,456,Regime-All,10,3,3,0,30.76779150000948,2.1802525999810314,30387,234,20.09769598934421,16.230369554783557,2.0700775920568266,0.8440766155034645,0.5,0.5028508771929825,0.0058460542219366,1.0,234,0,0,47,73,44,70,0.6111111111111112
lstm_attention,fold_4,2025,456,Regime-SHAP,10,3,2,1,31.69587229999888,2.303214899991872,21811,234,24.098705708323187,18.398852857004897,2.386716472949069,0.7758152099382096,0.4957264957264957,0.4993421052631579,-0.0013710212427677,1.0,234,0,0,43,77,41,73,0.6410256410256411
lstm_attention,fold_4,2025,456,Regime-Spearman,10,3,2,1,30.88412800000515,2.099464299986721,21811,234,17.86712489376701,14.629048908256063,1.853838279621372,0.8767667067974236,0.5128205128205128,0.5142543859649122,0.0286769667338202,1.0,234,0,0,55,65,49,65,0.5555555555555556
lstm_attention,fold_4,2025,789,Global-All,10,1,1,0,21.19557779999741,0.6820727000012994,10129,234,40.66962513113632,30.838737955205488,4.064632666822197,0.3615027270238041,0.5170940170940171,0.5239035087719298,0.0563542714258778,1.0,234,0,0,31,89,24,90,0.7649572649572649
lstm_attention,fold_4,2025,789,Global3-All,10,3,3,0,64.97939849999966,2.1492370999767445,30387,234,46.05087977061694,35.28981243717706,4.645085431854714,0.1813569652864347,0.5213675213675214,0.5276315789473685,0.0632598994785216,1.0,234,0,0,34,86,26,88,0.7435897435897436
lstm_attention,fold_4,2025,789,Global-SHAP,10,1,0,1,21.19557779999741,0.6820727000012994,10129,234,40.66962513113632,30.838737955205488,4.064632666822197,0.3615027270238041,0.5170940170940171,0.5239035087719298,0.0563542714258778,1.0,234,0,0,31,89,24,90,0.7649572649572649
lstm_attention,fold_4,2025,789,Global-Spearman,10,1,0,1,21.19557779999741,0.6820727000012994,10129,234,40.66962513113632,30.838737955205488,4.064632666822197,0.3615027270238041,0.5170940170940171,0.5239035087719298,0.0563542714258778,1.0,234,0,0,31,89,24,90,0.7649572649572649
lstm_attention,fold_4,2025,789,Regime-All,10,3,3,0,31.575325299985707,1.8951933999924224,30387,234,19.85930333469569,15.153427997325746,1.933355600361552,0.8477537070646067,0.5085470085470085,0.5133771929824561,0.0288644753896245,1.0,234,0,0,39,81,34,80,0.688034188034188
lstm_attention,fold_4,2025,789,Regime-SHAP,10,3,2,1,28.677000399999088,1.9204841000027957,21811,234,19.043111842365736,14.854700534366655,1.892029062038945,0.8600107959645055,0.5042735042735043,0.5070175438596491,0.0143621710295793,1.0,234,0,0,48,72,44,70,0.6068376068376068
lstm_attention,fold_4,2025,789,Regime-Spearman,10,3,2,1,28.652310100005707,1.8084046000003584,21811,234,20.05673592562189,15.990351451705402,2.0281908493235945,0.8447115264542491,0.5213675213675214,0.5199561403508772,0.0401477534273483,1.0,234,0,0,69,51,61,53,0.4444444444444444
lstm_cnn,fold_1,2022,123,Global-All,20,1,1,0,16.18887439998798,0.8036346000008052,10737,241,26.90280261628271,19.416014862495825,1.9764265228676563,-0.4611139216005124,0.4875,0.5010540369615628,0.0021643956935035,1.0,240,1,0,67,40,83,50,0.375
lstm_cnn,fold_1,2022,123,Global3-All,20,3,3,0,48.31569930000114,2.06830890000856,32211,241,24.476674214688096,18.57579633896116,1.892015834498888,-0.2094664982457972,0.4958333333333333,0.5030918417539174,0.0062026723270467,1.0,240,1,0,61,46,75,58,0.4333333333333333
lstm_cnn,fold_1,2022,123,Global-SHAP,20,1,0,1,16.18887439998798,0.8036346000008052,10737,241,26.90280261628271,19.416014862495825,1.9764265228676563,-0.4611139216005124,0.4875,0.5010540369615628,0.0021643956935035,1.0,240,1,0,67,40,83,50,0.375
lstm_cnn,fold_1,2022,123,Global-Spearman,20,1,0,1,16.18887439998798,0.8036346000008052,10737,241,26.90280261628271,19.416014862495825,1.9764265228676563,-0.4611139216005124,0.4875,0.5010540369615628,0.0021643956935035,1.0,240,1,0,67,40,83,50,0.375
lstm_cnn,fold_1,2022,123,Regime-All,20,3,3,0,21.06023799999093,1.837571800002479,32211,241,19.89827021540994,15.98896247044638,1.6224192431618816,0.2006818460501994,0.5041666666666667,0.5005621530461668,0.0011201811936567,1.0,240,1,0,50,57,62,71,0.5333333333333333
lstm_cnn,fold_1,2022,123,Regime-SHAP,20,3,2,1,24.24843609999516,1.937357200004044,23635,241,14.196474779686596,11.704897958233152,1.1916036211553167,0.5931352558936156,0.525,0.5303211299276227,0.0605402471499094,1.0,240,1,0,62,45,69,64,0.4541666666666666
lstm_cnn,fold_1,2022,123,Regime-Spearman,20,3,2,1,25.13910759998544,1.8772376999841072,23635,241,15.358362756494714,12.637958250797636,1.2836866626828638,0.5238115354466804,0.5166666666666667,0.5209753355350994,0.041821564690923,1.0,240,1,0,60,47,69,64,0.4625
lstm_cnn,fold_1,2022,2025,Global-All,20,1,1,0,15.088661700006924,0.5644001999899046,10737,241,18.83656145986811,14.844483179591007,1.5076091757004413,0.2837044021179081,0.4875,0.4937460473613941,-0.0125197876028681,1.0,240,1,0,59,48,75,58,0.4416666666666666
lstm_cnn,fold_1,2022,2025,Global3-All,20,3,3,0,49.03276640000695,2.1590002000011737,32211,241,23.25635127097521,17.944715386901155,1.8285509437205931,-0.0918731470200882,0.4916666666666666,0.4938514510575503,-0.012235350437887,1.0,240,1,0,55,52,70,63,0.4791666666666667
lstm_cnn,fold_1,2022,2025,Global-SHAP,20,1,0,1,15.088661700006924,0.5644001999899046,10737,241,18.83656145986811,14.844483179591007,1.5076091757004413,0.2837044021179081,0.4875,0.4937460473613941,-0.0125197876028681,1.0,240,1,0,59,48,75,58,0.4416666666666666
lstm_cnn,fold_1,2022,2025,Global-Spearman,20,1,0,1,15.088661700006924,0.5644001999899046,10737,241,18.83656145986811,14.844483179591007,1.5076091757004413,0.2837044021179081,0.4875,0.4937460473613941,-0.0125197876028681,1.0,240,1,0,59,48,75,58,0.4416666666666666
lstm_cnn,fold_1,2022,2025,Regime-All,20,3,3,0,26.25912469999457,2.2381140000070445,32211,241,19.51550355333683,15.181955363285494,1.5479723459358514,0.231137726047084,0.5208333333333334,0.5055512613308973,0.0115087933387401,1.0,240,1,0,39,68,47,86,0.6416666666666667
lstm_cnn,fold_1,2022,2025,Regime-SHAP,20,3,2,1,25.889684899986605,2.1950485999986995,23635,241,16.907210830214904,13.360349968815244,1.360856009498104,0.4229240638147485,0.5291666666666667,0.5176375518234839,0.0359207712792469,1.0,240,1,0,44,63,50,83,0.6083333333333333
lstm_cnn,fold_1,2022,2025,Regime-Spearman,20,3,2,1,24.609154500009023,2.101865999997244,23635,241,14.455737342148218,11.270891498589416,1.1496886718806405,0.5781388566106767,0.5458333333333333,0.5454641276087415,0.0904056656091339,1.0,240,1,0,58,49,60,73,0.5083333333333333
lstm_cnn,fold_1,2022,42,Global-All,20,1,1,0,16.99209329999576,0.5851544000033755,10737,241,23.666640152261344,18.28730725327962,1.8605137290501896,-0.1307386656569442,0.4833333333333333,0.4936406436652378,-0.0128827025570593,1.0,240,1,0,63,44,80,53,0.4041666666666667
lstm_cnn,fold_1,2022,42,Global3-All,20,3,3,0,48.69317170001159,2.070130199979758,32211,241,22.945436073337056,17.94570138838281,1.8265700051790936,-0.0628736973610302,0.4833333333333333,0.4899866488651535,-0.0200662221942064,1.0,240,1,0,59,48,76,57,0.4375
lstm_cnn,fold_1,2022,42,Global-SHAP,20,1,0,1,16.99209329999576,0.5851544000033755,10737,241,23.666640152261344,18.28730725327962,1.8605137290501896,-0.1307386656569442,0.4833333333333333,0.4936406436652378,-0.0128827025570593,1.0,240,1,0,63,44,80,53,0.4041666666666667
lstm_cnn,fold_1,2022,42,Global-Spearman,20,1,0,1,16.99209329999576,0.5851544000033755,10737,241,23.666640152261344,18.28730725327962,1.8605137290501896,-0.1307386656569442,0.4833333333333333,0.4936406436652378,-0.0128827025570593,1.0,240,1,0,63,44,80,53,0.4041666666666667
lstm_cnn,fold_1,2022,42,Regime-All,20,3,3,0,24.78972040000372,2.149367600010009,32211,241,19.1744549519026,15.890445047889015,1.6182258526953124,0.2577758456856107,0.5416666666666666,0.5234347551120793,0.0495771595550713,1.0,240,1,0,38,69,41,92,0.6708333333333333
lstm_cnn,fold_1,2022,42,Regime-SHAP,20,3,2,1,25.527973900010693,1.9784051000024192,23635,241,17.056087174622334,13.73274711523808,1.3956217624477865,0.4127164417886114,0.5416666666666666,0.531656243412269,0.064128812176301,1.0,240,1,0,47,60,50,83,0.5958333333333333
lstm_cnn,fold_1,2022,42,Regime-Spearman,20,3,2,1,25.46231420000549,1.867993399995612,23635,241,15.262316868334905,12.28754157099981,1.2508309487363536,0.5297487484615775,0.5375,0.5324643384161338,0.0648717208424008,1.0,240,1,0,52,55,56,77,0.55
lstm_cnn,fold_1,2022,456,Global-All,20,1,1,0,16.27644099999452,0.732815399998799,10737,241,22.76216169910667,17.876209315303942,1.8254742318260904,-0.0459623126015678,0.4541666666666666,0.4636708593914693,-0.0734760192719452,1.0,240,1,0,59,48,83,50,0.4083333333333333
lstm_cnn,fold_1,2022,456,Global3-All,20,3,3,0,48.75405319999845,2.3599902000132715,32211,241,22.825164630442025,17.874355784220985,1.8194762319651407,-0.0517605221448314,0.4916666666666666,0.4874569601574028,-0.0250088753679389,1.0,240,1,0,48,59,63,70,0.5375
lstm_cnn,fold_1,2022,456,Global-SHAP,20,1,0,1,16.27644099999452,0.732815399998799,10737,241,22.76216169910667,17.876209315303942,1.8254742318260904,-0.0459623126015678,0.4541666666666666,0.4636708593914693,-0.0734760192719452,1.0,240,1,0,59,48,83,50,0.4083333333333333
lstm_cnn,fold_1,2022,456,Global-Spearman,20,1,0,1,16.27644099999452,0.732815399998799,10737,241,22.76216169910667,17.876209315303942,1.8254742318260904,-0.0459623126015678,0.4541666666666666,0.4636708593914693,-0.0734760192719452,1.0,240,1,0,59,48,83,50,0.4083333333333333
lstm_cnn,fold_1,2022,456,Regime-All,20,3,3,0,26.07787780000945,2.1441027999826474,32211,241,19.956688781311023,15.110124232818482,1.5318015176283015,0.1959815816751711,0.5333333333333333,0.5232239477197667,0.0470467756365538,1.0,240,1,0,46,61,51,82,0.5958333333333333
lstm_cnn,fold_1,2022,456,Regime-SHAP,20,3,2,1,25.90029610000784,1.949714700007462,23635,241,18.244249313212556,14.747451688639856,1.5009641726353813,0.3280437078456012,0.5208333333333334,0.5146862483311081,0.0294004001011172,1.0,240,1,0,49,58,57,76,0.5583333333333333
lstm_cnn,fold_1,2022,456,Regime-Spearman,20,3,2,1,26.10017670001253,1.922717300010845,23635,241,12.76542525499518,10.216039717484312,1.0412102124437934,0.6710274946086409,0.525,0.522099641627433,0.0440141028444622,1.0,240,1,0,53,54,60,73,0.5291666666666667
lstm_cnn,fold_1,2022,789,Global-All,20,1,1,0,15.9608062000043,0.7564577000011923,10737,241,23.78512248420944,18.19916684768012,1.855605856643492,-0.1420886423797871,0.5041666666666667,0.5014756517461879,0.0029376082746628,1.0,240,1,0,51,56,63,70,0.525
lstm_cnn,fold_1,2022,789,Global3-All,20,3,3,0,48.796908099990105,1.7304285000136588,32211,241,25.013196423489727,18.636990772131234,1.897751850305168,-0.2630699862940948,0.4833333333333333,0.4899866488651535,-0.0200662221942064,1.0,240,1,0,59,48,76,57,0.4375
lstm_cnn,fold_1,2022,789,Global-SHAP,20,1,0,1,15.9608062000043,0.7564577000011923,10737,241,23.78512248420944,18.19916684768012,1.855605856643492,-0.1420886423797871,0.5041666666666667,0.5014756517461879,0.0029376082746628,1.0,240,1,0,51,56,63,70,0.525
lstm_cnn,fold_1,2022,789,Global-Spearman,20,1,0,1,15.9608062000043,0.7564577000011923,10737,241,23.78512248420944,18.19916684768012,1.855605856643492,-0.1420886423797871,0.5041666666666667,0.5014756517461879,0.0029376082746628,1.0,240,1,0,51,56,63,70,0.525
lstm_cnn,fold_1,2022,789,Regime-All,20,3,3,0,26.297312199996668,2.2151396999979625,32211,241,16.60788322398086,12.383910952029886,1.2621200849126697,0.4431764520113888,0.5625,0.5431452462933033,0.0922044618254243,1.0,240,1,0,39,68,37,96,0.6833333333333333
lstm_cnn,fold_1,2022,789,Regime-SHAP,20,3,2,1,27.53498650000256,1.9080545000178968,23635,241,16.32111953699819,12.687023185872444,1.295961356508778,0.4622394745929407,0.5375,0.51236736701567,0.0278021660753146,1.0,240,1,0,30,77,34,99,0.7333333333333333
lstm_cnn,fold_1,2022,789,Regime-Spearman,20,3,2,1,23.59964279999258,1.73145019999356,23635,241,13.656169108178222,10.54629294165932,1.0736838347537192,0.6235157603603949,0.5541666666666667,0.5401939428009276,0.082917306333674,1.0,240,1,0,44,63,44,89,0.6333333333333333
lstm_cnn,fold_2,2023,123,Global-All,20,1,1,0,19.20973029999004,0.7257504000008339,10737,243,23.77743911208361,18.985903020042453,2.0452362702346667,0.7144251758313336,0.5537190082644629,0.5574972587719298,0.1156943523266369,1.0,242,1,0,63,65,43,71,0.5619834710743802
lstm_cnn,fold_2,2023,123,Global3-All,20,3,3,0,59.47548619999725,2.1931708000047365,32211,243,23.885221159174737,19.46390084619547,2.101937583975876,0.7118303126246852,0.5454545454545454,0.5372121710526316,0.0776177215469842,1.0,242,1,0,87,41,69,45,0.3553719008264462
lstm_cnn,fold_2,2023,123,Global-SHAP,20,1,0,1,19.20973029999004,0.7257504000008339,10737,243,23.77743911208361,18.985903020042453,2.0452362702346667,0.7144251758313336,0.5537190082644629,0.5574972587719298,0.1156943523266369,1.0,242,1,0,63,65,43,71,0.5619834710743802
lstm_cnn,fold_2,2023,123,Global-Spearman,20,1,0,1,19.20973029999004,0.7257504000008339,10737,243,23.77743911208361,18.985903020042453,2.0452362702346667,0.7144251758313336,0.5537190082644629,0.5574972587719298,0.1156943523266369,1.0,242,1,0,63,65,43,71,0.5619834710743802
lstm_cnn,fold_2,2023,123,Regime-All,20,3,3,0,30.118914700011373,2.364318399995682,32211,243,20.046862125297384,15.832367898662392,1.693248021269555,0.7970062958152112,0.5578512396694215,0.5585252192982456,0.116870370126305,1.0,242,1,0,70,58,49,65,0.5082644628099173
lstm_cnn,fold_2,2023,123,Regime-SHAP,20,3,2,1,30.309059499995783,2.4638240999920527,23635,243,19.45661682727179,14.876942277700316,1.6098324198833276,0.8087839186399297,0.5537190082644629,0.5488623903508771,0.0990644751211822,1.0,242,1,0,81,47,61,53,0.4132231404958678
lstm_cnn,fold_2,2023,123,Regime-Spearman,20,3,2,1,30.61799470000551,2.515281700005289,23635,243,16.389122472954387,13.063839591481557,1.4043866787509474,0.8643245836738527,0.5578512396694215,0.5556469298245614,0.1114888606349354,1.0,242,1,0,76,52,55,59,0.4586776859504132
lstm_cnn,fold_2,2023,2025,Global-All,20,1,1,0,16.030160900001647,0.7101927000039723,10737,243,22.8075799431535,18.232927449387297,1.9681711688468264,0.7372467036234314,0.5454545454545454,0.5511239035087719,0.1039721749166582,1.0,242,1,0,58,70,40,74,0.5950413223140496
lstm_cnn,fold_2,2023,2025,Global3-All,20,3,3,0,49.266193999996176,2.045322599966312,32211,243,21.28633500486831,17.359427865882633,1.865130731481059,0.7711285889192111,0.5578512396694215,0.5566063596491229,0.1131623224134953,1.0,242,1,0,74,54,53,61,0.4752066115702479
lstm_cnn,fold_2,2023,2025,Global-SHAP,20,1,0,1,16.030160900001647,0.7101927000039723,10737,243,22.8075799431535,18.232927449387297,1.9681711688468264,0.7372467036234314,0.5454545454545454,0.5511239035087719,0.1039721749166582,1.0,242,1,0,58,70,40,74,0.5950413223140496
lstm_cnn,fold_2,2023,2025,Global-Spearman,20,1,0,1,16.030160900001647,0.7101927000039723,10737,243,22.8075799431535,18.232927449387297,1.9681711688468264,0.7372467036234314,0.5454545454545454,0.5511239035087719,0.1039721749166582,1.0,242,1,0,58,70,40,74,0.5950413223140496
lstm_cnn,fold_2,2023,2025,Regime-All,20,3,3,0,25.01900190000015,1.9538844999915452,32211,243,19.71804930971348,15.261097376827342,1.6451661973240783,0.8036107741077966,0.5289256198347108,0.5244654605263158,0.0494625722403473,1.0,242,1,0,77,51,63,51,0.4214876033057851
lstm_cnn,fold_2,2023,2025,Regime-SHAP,20,3,2,1,25.06169279999449,1.904541899988544,23635,243,20.936287782571718,16.16017804389136,1.7404494306024407,0.7785941354168372,0.5206611570247934,0.5137746710526316,0.0283288600812165,1.0,242,1,0,81,47,69,45,0.3801652892561983
lstm_cnn,fold_2,2023,2025,Regime-Spearman,20,3,2,1,25.01623870000185,1.7891098999825772,23635,243,20.307568722732366,16.094551991690324,1.7312989424405778,0.7916921555949441,0.5330578512396694,0.5250137061403508,0.0520403218963044,1.0,242,1,0,85,43,70,44,0.359504132231405
lstm_cnn,fold_2,2023,42,Global-All,20,1,1,0,17.615142299997387,0.6053975999966497,10737,243,23.474587434252797,19.17646644798326,2.0654424597080507,0.7216535426715319,0.5413223140495868,0.5371436403508771,0.0749973398427922,1.0,242,1,0,78,50,61,53,0.4256198347107438
lstm_cnn,fold_2,2023,42,Global3-All,20,3,3,0,55.71607199999562,2.202487200003816,32211,243,21.828930292116976,17.82988131583308,1.91623152244353,0.759311871728338,0.5619834710743802,0.5557154605263158,0.1141217299091743,1.0,242,1,0,85,43,63,51,0.3884297520661157
lstm_cnn,fold_2,2023,42,Global-SHAP,20,1,0,1,17.615142299997387,0.6053975999966497,10737,243,23.474587434252797,19.17646644798326,2.0654424597080507,0.7216535426715319,0.5413223140495868,0.5371436403508771,0.0749973398427922,1.0,242,1,0,78,50,61,53,0.4256198347107438
lstm_cnn,fold_2,2023,42,Global-Spearman,20,1,0,1,17.615142299997387,0.6053975999966497,10737,243,23.474587434252797,19.17646644798326,2.0654424597080507,0.7216535426715319,0.5413223140495868,0.5371436403508771,0.0749973398427922,1.0,242,1,0,78,50,61,53,0.4256198347107438
lstm_cnn,fold_2,2023,42,Regime-All,20,3,3,0,28.54166279999481,2.001931599981617,32211,243,18.43069520202685,14.445985532356383,1.5509838044814312,0.8284174192680096,0.5495867768595041,0.5502330043859649,0.1003114535159034,1.0,242,1,0,69,59,50,64,0.5082644628099173
lstm_cnn,fold_2,2023,42,Regime-SHAP,20,3,2,1,28.140029500005767,2.066380599993863,23635,243,16.85935103963849,13.007736634501695,1.4069362317346903,0.8564274319522118,0.5495867768595041,0.5492735745614035,0.0983955458089148,1.0,242,1,0,71,57,52,62,0.4917355371900826
lstm_cnn,fold_2,2023,42,Regime-Spearman,20,3,2,1,28.156362300011097,2.151547599991318,23635,243,15.306296610443662,12.32642339531776,1.3308606136347736,0.8816604232776939,0.5578512396694215,0.559484649122807,0.1189163388074018,1.0,242,1,0,68,60,47,67,0.5247933884297521
lstm_cnn,fold_2,2023,456,Global-All,20,1,1,0,20.847182099998463,0.8655994000000646,10737,243,24.63205936298872,19.54071611581027,2.123082092109081,0.6935277147778582,0.512396694214876,0.5265899122807017,0.0608096093522585,1.0,242,1,0,36,92,26,88,0.743801652892562
lstm_cnn,fold_2,2023,456,Global3-All,20,3,3,0,52.913279300017166,1.9151310000161172,32211,243,20.7879486219872,17.117199215437648,1.839925098602376,0.7817204593557937,0.5330578512396694,0.5274122807017544,0.0558422242395519,1.0,242,1,0,80,48,65,49,0.4008264462809917
lstm_cnn,fold_2,2023,456,Global-SHAP,20,1,0,1,20.847182099998463,0.8655994000000646,10737,243,24.63205936298872,19.54071611581027,2.123082092109081,0.6935277147778582,0.512396694214876,0.5265899122807017,0.0608096093522585,1.0,242,1,0,36,92,26,88,0.743801652892562
lstm_cnn,fold_2,2023,456,Global-Spearman,20,1,0,1,20.847182099998463,0.8655994000000646,10737,243,24.63205936298872,19.54071611581027,2.123082092109081,0.6935277147778582,0.512396694214876,0.5265899122807017,0.0608096093522585,1.0,242,1,0,36,92,26,88,0.743801652892562
lstm_cnn,fold_2,2023,456,Regime-All,20,3,3,0,21.8412268999964,1.6222027000039816,32211,243,18.92309187643188,14.917743561866349,1.609165995130743,0.8191269101987829,0.5371900826446281,0.5394736842105263,0.0790340761555015,1.0,242,1,0,64,64,48,66,0.5371900826446281
lstm_cnn,fold_2,2023,456,Regime-SHAP,20,3,2,1,23.675337000007858,1.6095614000078058,23635,243,14.798618896641443,11.882399354432344,1.2842964193316218,0.8893803872448796,0.5413223140495868,0.5424205043859649,0.0847452366549442,1.0,242,1,0,67,61,50,64,0.5165289256198347
lstm_cnn,fold_2,2023,456,Regime-Spearman,20,3,2,1,24.31897169999138,1.662727699993411,23635,243,16.503871538991003,13.308940122961504,1.431659303383903,0.8624180594530155,0.5454545454545454,0.5472861842105263,0.0945723684210526,1.0,242,1,0,66,62,48,66,0.5289256198347108
lstm_cnn,fold_2,2023,789,Global-All,20,1,1,0,16.109314199988148,0.6333050000102958,10737,243,26.852491855099174,22.229277705008094,2.4097071995937465,0.6357840601877718,0.5165289256198347,0.5060307017543859,0.0129261122388246,1.0,242,1,0,88,40,77,37,0.3181818181818182
lstm_cnn,fold_2,2023,789,Global3-All,20,3,3,0,47.513174000021536,1.9251386000105413,32211,243,22.084283147029545,17.61375962680587,1.90032689977475,0.753647839732404,0.5454545454545454,0.5511239035087719,0.1039721749166582,1.0,242,1,0,58,70,40,74,0.5950413223140496
lstm_cnn,fold_2,2023,789,Global-SHAP,20,1,0,1,16.109314199988148,0.6333050000102958,10737,243,26.852491855099174,22.229277705008094,2.4097071995937465,0.6357840601877718,0.5165289256198347,0.5060307017543859,0.0129261122388246,1.0,242,1,0,88,40,77,37,0.3181818181818182
lstm_cnn,fold_2,2023,789,Global-Spearman,20,1,0,1,16.109314199988148,0.6333050000102958,10737,243,26.852491855099174,22.229277705008094,2.4097071995937465,0.6357840601877718,0.5165289256198347,0.5060307017543859,0.0129261122388246,1.0,242,1,0,88,40,77,37,0.3181818181818182
lstm_cnn,fold_2,2023,789,Regime-All,20,3,3,0,25.13333779999812,2.073819900018861,32211,243,19.556546931386897,14.627920309015744,1.5834580303992003,0.806814684881719,0.5702479338842975,0.561609100877193,0.1292004690708837,1.0,242,1,0,91,37,67,47,0.3471074380165289
lstm_cnn,fold_2,2023,789,Regime-SHAP,20,3,2,1,25.70368610000878,1.9592375999927756,23635,243,19.720954653520916,14.86386649734198,1.610427718422735,0.8035528961455218,0.5785123966942148,0.5708607456140351,0.1470589387070166,1.0,242,1,0,90,38,64,50,0.3636363636363636
lstm_cnn,fold_2,2023,789,Regime-Spearman,20,3,2,1,25.121448299993062,1.8945701000047848,23635,243,17.616178664522216,13.3924388841935,1.4415792975814814,0.8432479698655375,0.5743801652892562,0.5645559210526316,0.1374409473893558,1.0,242,1,0,94,34,69,45,0.3264462809917355
lstm_cnn,fold_3,2024,123,Global-All,20,1,1,0,17.72031760000391,0.5563870000041788,10737,244,27.401507319298563,22.771472603727585,2.6904245694946227,0.6128142735492597,0.5081967213114754,0.5255400767211791,0.0952311272306786,1.0,244,0,0,13,114,6,111,0.9221311475409836
lstm_cnn,fold_3,2024,123,Global3-All,20,3,3,0,51.81789410000784,2.06597180000972,32211,244,21.99857132179595,17.195339517531526,2.0282603071796657,0.7504489591506851,0.5081967213114754,0.5198196379298742,0.0480248353970704,1.0,244,0,0,30,97,23,94,0.7827868852459017
lstm_cnn,fold_3,2024,123,Global-SHAP,20,1,0,1,17.72031760000391,0.5563870000041788,10737,244,27.401507319298563,22.771472603727585,2.6904245694946227,0.6128142735492597,0.5081967213114754,0.5255400767211791,0.0952311272306786,1.0,244,0,0,13,114,6,111,0.9221311475409836
lstm_cnn,fold_3,2024,123,Global-Spearman,20,1,0,1,17.72031760000391,0.5563870000041788,10737,244,27.401507319298563,22.771472603727585,2.6904245694946227,0.6128142735492597,0.5081967213114754,0.5255400767211791,0.0952311272306786,1.0,244,0,0,13,114,6,111,0.9221311475409836
lstm_cnn,fold_3,2024,123,Regime-All,20,3,3,0,26.370999399994616,1.8757012999994915,32211,244,21.08995977373175,15.730395468463673,1.845881099267233,0.7706377529886264,0.5368852459016393,0.5430042398546335,0.0899411204173182,1.0,244,0,0,50,77,36,81,0.6475409836065574
lstm_cnn,fold_3,2024,123,Regime-SHAP,20,3,2,1,25.41560219998064,1.942685599991819,23635,244,16.016048563907287,12.86731291397673,1.4872420708692662,0.8677239596636673,0.5163934426229508,0.5159162796958072,0.0318154347534891,1.0,244,0,0,67,60,58,59,0.4877049180327868
lstm_cnn,fold_3,2024,123,Regime-Spearman,20,3,2,1,25.345088199988822,2.036699599979329,23635,244,20.196804500231703,15.206099633515866,1.7829305418695305,0.7896532747488042,0.5245901639344263,0.5288377414361667,0.0588764337399323,1.0,244,0,0,54,73,43,74,0.6024590163934426
lstm_cnn,fold_3,2024,2025,Global-All,20,1,1,0,18.24387610000849,0.5599682000029134,10737,244,27.720764983878222,22.57519388033721,2.6506911501424346,0.603739435643327,0.4918032786885246,0.5074365704286964,0.0229603896198867,1.0,244,0,0,16,111,13,104,0.8811475409836066
lstm_cnn,fold_3,2024,2025,Global3-All,20,3,3,0,47.418548600006034,1.817710699979216,32211,244,25.49479431279271,20.998981753714773,2.464261842212187,0.6648235808268291,0.4836065573770491,0.5005720438791305,0.0020379430856051,1.0,244,0,0,11,116,10,107,0.9139344262295082
lstm_cnn,fold_3,2024,2025,Global-SHAP,20,1,0,1,18.24387610000849,0.5599682000029134,10737,244,27.720764983878222,22.57519388033721,2.6506911501424346,0.603739435643327,0.4918032786885246,0.5074365704286964,0.0229603896198867,1.0,244,0,0,16,111,13,104,0.8811475409836066
lstm_cnn,fold_3,2024,2025,Global-Spearman,20,1,0,1,18.24387610000849,0.5599682000029134,10737,244,27.720764983878222,22.57519388033721,2.6506911501424346,0.603739435643327,0.4918032786885246,0.5074365704286964,0.0229603896198867,1.0,244,0,0,16,111,13,104,0.8811475409836066
lstm_cnn,fold_3,2024,2025,Regime-All,20,3,3,0,26.58993639999244,1.939734799991129,32211,244,24.486448987820868,19.68753028777781,2.298669837362263,0.6908124136898015,0.4877049180327868,0.5024900733562151,0.0071843556375744,1.0,244,0,0,18,109,16,101,0.860655737704918
lstm_cnn,fold_3,2024,2025,Regime-SHAP,20,3,2,1,25.888514999998733,1.9634937999944668,23635,244,18.66208837741225,15.207232630780505,1.776845978678734,0.8204063754607731,0.4918032786885246,0.50205262803688,0.0047363586539909,1.0,244,0,0,32,95,29,88,0.75
lstm_cnn,fold_3,2024,2025,Regime-Spearman,20,3,2,1,25.76466070000606,1.8987000999914017,23635,244,20.459662135429618,16.28918282151224,1.9040485959140043,0.7841423984747802,0.4877049180327868,0.5001345985597955,0.0003383113324279,1.0,244,0,0,25,102,23,94,0.8032786885245902
lstm_cnn,fold_3,2024,42,Global-All,20,1,1,0,16.348058999996283,0.662587099999655,10737,244,26.748637216699205,22.310484458266743,2.6358885593117094,0.6310447002190668,0.5081967213114754,0.5252035803216906,0.0897893747716625,1.0,244,0,0,14,113,7,110,0.9139344262295082
lstm_cnn,fold_3,2024,42,Global3-All,20,3,3,0,54.964041299987,2.135102599990205,32211,244,21.60071581322086,17.25195809586128,2.0134776003634944,0.7593938530985029,0.4754098360655737,0.4879870785382596,-0.0304362668212641,1.0,244,0,0,23,104,24,93,0.8073770491803278
lstm_cnn,fold_3,2024,42,Global-SHAP,20,1,0,1,16.348058999996283,0.662587099999655,10737,244,26.748637216699205,22.310484458266743,2.6358885593117094,0.6310447002190668,0.5081967213114754,0.5252035803216906,0.0897893747716625,1.0,244,0,0,14,113,7,110,0.9139344262295082
lstm_cnn,fold_3,2024,42,Global-Spearman,20,1,0,1,16.348058999996283,0.662587099999655,10737,244,26.748637216699205,22.310484458266743,2.6358885593117094,0.6310447002190668,0.5081967213114754,0.5252035803216906,0.0897893747716625,1.0,244,0,0,14,113,7,110,0.9139344262295082
lstm_cnn,fold_3,2024,42,Regime-All,20,3,3,0,26.03077339999436,1.961293000000296,32211,244,19.83431751141237,14.816845321987502,1.735014867846655,0.7971360140956711,0.5,0.5052156941920721,0.0107763203990634,1.0,244,0,0,48,79,43,74,0.6270491803278688
lstm_cnn,fold_3,2024,42,Regime-SHAP,20,3,2,1,26.03100180000183,1.9364072999887867,23635,244,18.744023073725547,14.00761446514091,1.639187057919252,0.818825925158963,0.5081967213114754,0.5097247459452184,0.0194862460416589,1.0,244,0,0,60,67,53,64,0.5368852459016393
lstm_cnn,fold_3,2024,42,Regime-Spearman,20,3,2,1,26.558113700011745,1.8581305999978213,23635,244,21.896640500685407,15.536586090394708,1.81935484356936,0.7527562009110782,0.5040983606557377,0.5051147452722256,0.0102332790534438,1.0,244,0,0,61,66,55,62,0.5245901639344263
lstm_cnn,fold_3,2024,456,Global-All,20,1,1,0,16.05969969999569,0.5536061999882804,10737,244,23.406305444265627,18.50339740539185,2.1783439451169766,0.7174884758687549,0.5040983606557377,0.5189110976512551,0.0545622684907679,1.0,244,0,0,20,107,14,103,0.860655737704918
lstm_cnn,fold_3,2024,456,Global3-All,20,3,3,0,46.60578330000863,1.85545760000241,32211,244,24.157166673126294,18.928103102455395,2.23136647284918,0.6990721215375149,0.5040983606557377,0.5195840904502322,0.0595882565999504,1.0,244,0,0,18,109,12,105,0.8770491803278688
lstm_cnn,fold_3,2024,456,Global-SHAP,20,1,0,1,16.05969969999569,0.5536061999882804,10737,244,23.406305444265627,18.50339740539185,2.1783439451169766,0.7174884758687549,0.5040983606557377,0.5189110976512551,0.0545622684907679,1.0,244,0,0,20,107,14,103,0.860655737704918
lstm_cnn,fold_3,2024,456,Global-Spearman,20,1,0,1,16.05969969999569,0.5536061999882804,10737,244,23.406305444265627,18.50339740539185,2.1783439451169766,0.7174884758687549,0.5040983606557377,0.5189110976512551,0.0545622684907679,1.0,244,0,0,20,107,14,103,0.860655737704918
lstm_cnn,fold_3,2024,456,Regime-All,20,3,3,0,26.7919244000077,2.0202537999866763,32211,244,20.26849522008353,15.740019029808844,1.8542738528692668,0.7881573279988336,0.5204918032786885,0.5316306615519214,0.0751553884960084,1.0,244,0,0,33,94,23,94,0.7704918032786885
lstm_cnn,fold_3,2024,456,Regime-SHAP,20,3,2,1,26.790740300013567,2.069588400001521,23635,244,20.74818356579851,16.245412543025186,1.903681916757785,0.7780114393715729,0.5368852459016393,0.542667743455145,0.0887811624113741,1.0,244,0,0,51,76,37,80,0.639344262295082
lstm_cnn,fold_3,2024,456,Regime-Spearman,20,3,2,1,27.450872800007343,1.909260199987329,23635,244,19.89335245959084,15.496207738196285,1.8146894617071547,0.7959266064421091,0.5286885245901639,0.5395046772999529,0.0927262799139416,1.0,244,0,0,35,92,23,94,0.7622950819672131
lstm_cnn,fold_3,2024,789,Global-All,20,1,1,0,19.43764730000112,0.6259449999924982,10737,244,23.36714296757126,18.4814716317224,2.1736176860025647,0.7184330585337673,0.5,0.5146375933777508,0.0417241310094688,1.0,244,0,0,20,107,15,102,0.8565573770491803
lstm_cnn,fold_3,2024,789,Global3-All,20,3,3,0,52.01431719998072,1.9830381000065245,32211,244,30.107033795667416,25.840545702065302,3.0371621186975863,0.5325809891493407,0.4959016393442623,0.5144020458981089,0.0665448364771817,1.0,244,0,0,8,119,4,113,0.9508196721311476
lstm_cnn,fold_3,2024,789,Global-SHAP,20,1,0,1,19.43764730000112,0.6259449999924982,10737,244,23.36714296757126,18.4814716317224,2.1736176860025647,0.7184330585337673,0.5,0.5146375933777508,0.0417241310094688,1.0,244,0,0,20,107,15,102,0.8565573770491803
lstm_cnn,fold_3,2024,789,Global-Spearman,20,1,0,1,19.43764730000112,0.6259449999924982,10737,244,23.36714296757126,18.4814716317224,2.1736176860025647,0.7184330585337673,0.5,0.5146375933777508,0.0417241310094688,1.0,244,0,0,20,107,15,102,0.8565573770491803
lstm_cnn,fold_3,2024,789,Regime-All,20,3,3,0,26.660421900014622,1.9385137000062969,32211,244,22.47766527791704,17.55647114294475,2.0575560044746743,0.7394609463692231,0.5081967213114754,0.5147721919375463,0.0311542818556935,1.0,244,0,0,45,82,38,79,0.6598360655737705
lstm_cnn,fold_3,2024,789,Regime-SHAP,20,3,2,1,26.888339600001927,1.8828913000033936,23635,244,17.349990167566347,13.754879779180554,1.6081693252812426,0.8447724160624752,0.5040983606557377,0.5108351840635306,0.022919051837629,1.0,244,0,0,44,83,38,79,0.6639344262295082
lstm_cnn,fold_3,2024,789,Regime-Spearman,20,3,2,1,26.67307570000412,1.8865471000026448,23635,244,19.46018888260941,15.686983127838287,1.8392897846042575,0.8047169567558667,0.5040983606557377,0.5115081768625076,0.0246564171661779,1.0,244,0,0,42,85,36,81,0.680327868852459
lstm_cnn,fold_4,2025,123,Global-All,20,1,1,0,18.64977920000092,0.6064813999983016,10737,234,47.877974886500006,36.743492998862905,4.847238838525279,0.1151080317601471,0.5213675213675214,0.5291666666666667,0.0733672096788422,1.0,234,0,0,27,93,19,95,0.8034188034188035
lstm_cnn,fold_4,2025,123,Global3-All,20,3,3,0,48.72516769998765,1.7392816999927163,32211,234,50.2939716741008,38.01610385665529,5.013093829487922,0.0235487319429189,0.5512820512820513,0.5574561403508772,0.1308342725228874,1.0,234,0,0,38,82,23,91,0.7393162393162394
lstm_cnn,fold_4,2025,123,Global-SHAP,20,1,0,1,18.64977920000092,0.6064813999983016,10737,234,47.877974886500006,36.743492998862905,4.847238838525279,0.1151080317601471,0.5213675213675214,0.5291666666666667,0.0733672096788422,1.0,234,0,0,27,93,19,95,0.8034188034188035
lstm_cnn,fold_4,2025,123,Global-Spearman,20,1,0,1,18.64977920000092,0.6064813999983016,10737,234,47.877974886500006,36.743492998862905,4.847238838525279,0.1151080317601471,0.5213675213675214,0.5291666666666667,0.0733672096788422,1.0,234,0,0,27,93,19,95,0.8034188034188035
lstm_cnn,fold_4,2025,123,Regime-All,20,3,3,0,24.12750750000123,1.9216820000001464,32211,234,26.26676924890263,20.817537110697533,2.62825028862198,0.7336626797610264,0.5128205128205128,0.5195175438596491,0.0457292621144692,1.0,234,0,0,31,89,25,89,0.7606837606837606
lstm_cnn,fold_4,2025,123,Regime-SHAP,20,3,2,1,25.55348820000654,2.0553310999966925,23635,234,53.53637636723289,32.61185449946641,4.336425325044703,-0.1064114279968275,0.5,0.505701754385965,0.0127256952595155,1.0,234,0,0,34,86,31,83,0.7222222222222222
lstm_cnn,fold_4,2025,123,Regime-Spearman,20,3,2,1,26.60714750000625,1.9224134999967648,23635,234,33.60424697029017,26.644013452896736,3.449100777942145,0.564079750249622,0.5042735042735043,0.512719298245614,0.0337757759129845,1.0,234,0,0,22,98,18,96,0.8290598290598291
lstm_cnn,fold_4,2025,2025,Global-All,20,1,1,0,19.03977920000034,0.5860000999964541,10737,234,101.18621833791444,73.12285003743621,9.6643914989006,-2.952404985414941,0.5512820512820513,0.5561403508771929,0.1211361590121948,1.0,234,0,0,44,76,29,85,0.688034188034188
lstm_cnn,fold_4,2025,2025,Global3-All,20,3,3,0,55.77742759999819,1.9937272999959528,32211,234,63.18191701033764,46.95223285832637,6.200215564865222,-0.5410059143431638,0.5341880341880342,0.5401315789473684,0.090446332523578,1.0,234,0,0,37,83,26,88,0.7307692307692307
lstm_cnn,fold_4,2025,2025,Global-SHAP,20,1,0,1,19.03977920000034,0.5860000999964541,10737,234,101.18621833791444,73.12285003743621,9.6643914989006,-2.952404985414941,0.5512820512820513,0.5561403508771929,0.1211361590121948,1.0,234,0,0,44,76,29,85,0.688034188034188
lstm_cnn,fold_4,2025,2025,Global-Spearman,20,1,0,1,19.03977920000034,0.5860000999964541,10737,234,101.18621833791444,73.12285003743621,9.6643914989006,-2.952404985414941,0.5512820512820513,0.5561403508771929,0.1211361590121948,1.0,234,0,0,44,76,29,85,0.688034188034188
lstm_cnn,fold_4,2025,2025,Regime-All,20,3,3,0,26.713772200004318,2.015454599997611,32211,234,29.266037143290298,23.924897024213795,3.0744977892592367,0.6693667341268927,0.5213675213675214,0.5307017543859649,0.08932757895907,1.0,234,0,0,20,100,12,102,0.8632478632478633
lstm_cnn,fold_4,2025,2025,Regime-SHAP,20,3,2,1,27.364397899989854,1.912139299995033,23635,234,21.040546395029896,17.0398962338511,2.187906226220181,0.8291036703761137,0.5170940170940171,0.5241228070175439,0.057613421113636,1.0,234,0,0,30,90,23,91,0.7735042735042735
lstm_cnn,fold_4,2025,2025,Regime-Spearman,20,3,2,1,26.53742009999405,2.0134823999978835,23635,234,36.3936834357288,29.683880258951465,3.7976142718732753,0.4887059553322745,0.5042735042735043,0.5144736842105263,0.0476910483238266,1.0,234,0,0,14,106,10,104,0.8974358974358975
lstm_cnn,fold_4,2025,42,Global-All,20,1,1,0,18.44104489999881,0.6997427999885986,10737,234,26.50929370216781,19.79492141788843,2.592158770458386,0.7287217209749215,0.5384615384615384,0.5423245614035088,0.0886822678181109,1.0,234,0,0,47,73,35,79,0.6495726495726496
lstm_cnn,fold_4,2025,42,Global3-All,20,3,3,0,55.46395659999689,1.9253526999964377,32211,234,81.85899418318205,59.57166653302661,7.882486390591083,-1.5867324795027908,0.5470085470085471,0.5515350877192983,0.1100121682478504,1.0,234,0,0,45,75,31,83,0.6752136752136753
lstm_cnn,fold_4,2025,42,Global-SHAP,20,1,0,1,18.44104489999881,0.6997427999885986,10737,234,26.50929370216781,19.79492141788843,2.592158770458386,0.7287217209749215,0.5384615384615384,0.5423245614035088,0.0886822678181109,1.0,234,0,0,47,73,35,79,0.6495726495726496
lstm_cnn,fold_4,2025,42,Global-Spearman,20,1,0,1,18.44104489999881,0.6997427999885986,10737,234,26.50929370216781,19.79492141788843,2.592158770458386,0.7287217209749215,0.5384615384615384,0.5423245614035088,0.0886822678181109,1.0,234,0,0,47,73,35,79,0.6495726495726496
lstm_cnn,fold_4,2025,42,Regime-All,20,3,3,0,27.56475319998572,2.06663679999474,32211,234,20.010489918873564,15.961691621954634,2.0328958795999714,0.8454268165641854,0.5555555555555556,0.5594298245614036,0.1245227698378655,1.0,234,0,0,49,71,33,81,0.6495726495726496
lstm_cnn,fold_4,2025,42,Regime-SHAP,20,3,2,1,27.65839589999814,2.1234898999973666,23635,234,24.00603150345176,19.10882636896567,2.444517307059493,0.7775361487257675,0.5256410256410257,0.5307017543859649,0.0667595285100697,1.0,234,0,0,40,80,31,83,0.6965811965811965
lstm_cnn,fold_4,2025,42,Regime-Spearman,20,3,2,1,27.66247279997333,1.923097399994731,23635,234,20.84319608798813,16.900245976341093,2.1476033818636737,0.8322944880957941,0.5256410256410257,0.5298245614035088,0.0630474774990204,1.0,234,0,0,44,76,35,79,0.6623931623931624
lstm_cnn,fold_4,2025,456,Global-All,20,1,1,0,18.11818530000164,0.698729399999138,10737,234,35.80733261811707,26.7651229047266,3.521692807921412,0.5050484951718063,0.5512820512820513,0.5552631578947369,0.1161236070851358,1.0,234,0,0,48,72,33,81,0.6538461538461539
lstm_cnn,fold_4,2025,456,Global3-All,20,3,3,0,55.62241270001687,1.9055016999918732,32211,234,35.58267253372449,27.28407259417906,3.5645564403335674,0.5112397978906714,0.5641025641025641,0.568201754385965,0.1437352328294203,1.0,234,0,0,49,71,31,83,0.6581196581196581
lstm_cnn,fold_4,2025,456,Global-SHAP,20,1,0,1,18.11818530000164,0.698729399999138,10737,234,35.80733261811707,26.7651229047266,3.521692807921412,0.5050484951718063,0.5512820512820513,0.5552631578947369,0.1161236070851358,1.0,234,0,0,48,72,33,81,0.6538461538461539
lstm_cnn,fold_4,2025,456,Global-Spearman,20,1,0,1,18.11818530000164,0.698729399999138,10737,234,35.80733261811707,26.7651229047266,3.521692807921412,0.5050484951718063,0.5512820512820513,0.5552631578947369,0.1161236070851358,1.0,234,0,0,48,72,33,81,0.6538461538461539
lstm_cnn,fold_4,2025,456,Regime-All,20,3,3,0,28.379700200021038,1.9954639000206955,32211,234,26.527202244635674,20.1202163653649,2.589512712160879,0.7283550692164488,0.5128205128205128,0.518640350877193,0.0418035033787461,1.0,234,0,0,35,85,29,85,0.7264957264957265
lstm_cnn,fold_4,2025,456,Regime-SHAP,20,3,2,1,28.68505160001223,2.0232319999922765,23635,234,22.51028644091818,18.45667599848704,2.3618132682542985,0.8043946401801848,0.5,0.5043859649122807,0.0093313184008284,1.0,234,0,0,40,80,37,77,0.6709401709401709
lstm_cnn,fold_4,2025,456,Regime-Spearman,20,3,2,1,29.057021100015845,2.0347503000084544,23635,234,22.399819239603875,17.525717191252973,2.2523907618537278,0.8063097608179641,0.5170940170940171,0.5236842105263158,0.0551579219753288,1.0,234,0,0,32,88,25,89,0.7564102564102564
lstm_cnn,fold_4,2025,789,Global-All,20,1,1,0,19.81990899999801,0.6067050999990897,10737,234,60.314037079096245,44.53471779763193,5.853608569172467,-0.4042858032465006,0.5726495726495726,0.5793859649122807,0.1859999200610997,1.0,234,0,0,38,82,18,96,0.7606837606837606
lstm_cnn,fold_4,2025,789,Global3-All,20,3,3,0,54.9711431000178,1.8050995000085093,32211,234,65.34338595359903,48.73888200840722,6.445176768677398,-0.6482458004625851,0.5384615384615384,0.543640350877193,0.0952774958232159,1.0,234,0,0,41,79,29,85,0.7008547008547008
lstm_cnn,fold_4,2025,789,Global-SHAP,20,1,0,1,19.81990899999801,0.6067050999990897,10737,234,60.314037079096245,44.53471779763193,5.853608569172467,-0.4042858032465006,0.5726495726495726,0.5793859649122807,0.1859999200610997,1.0,234,0,0,38,82,18,96,0.7606837606837606
lstm_cnn,fold_4,2025,789,Global-Spearman,20,1,0,1,19.81990899999801,0.6067050999990897,10737,234,60.314037079096245,44.53471779763193,5.853608569172467,-0.4042858032465006,0.5726495726495726,0.5793859649122807,0.1859999200610997,1.0,234,0,0,38,82,18,96,0.7606837606837606
lstm_cnn,fold_4,2025,789,Regime-All,20,3,3,0,24.623339400000987,1.9031148999929428,32211,234,24.48098423894858,19.32533061471507,2.506683275572935,0.7686462961990124,0.5042735042735043,0.5100877192982456,0.0226230724167332,1.0,234,0,0,34,86,30,84,0.7264957264957265
lstm_cnn,fold_4,2025,789,Regime-SHAP,20,3,2,1,26.281996200006688,1.8276455000013807,23635,234,29.54261482066718,22.844866427588183,2.9603096839016514,0.6630879282269615,0.5085470085470085,0.5153508771929824,0.0361908165120316,1.0,234,0,0,30,90,25,89,0.7649572649572649
lstm_cnn,fold_4,2025,789,Regime-Spearman,20,3,2,1,26.34928200001013,1.9198640999820784,23635,234,23.49114629995917,19.46758614629509,2.4895880385983,0.786976690642971,0.5085470085470085,0.5133771929824561,0.0288644753896245,1.0,234,0,0,39,81,34,80,0.688034188034188
lstm_cnn_attention,fold_1,2022,123,Global-All,20,1,1,0,18.448512500006476,0.8593424999999115,12865,241,30.03500353107041,23.07932451167047,2.345262283258588,-0.8211444847537099,0.4625,0.466622162883845,-0.0665944255845012,1.0,240,1,0,54,53,76,57,0.4583333333333333
lstm_cnn_attention,fold_1,2022,123,Global3-All,20,3,3,0,55.0397740000044,3.0631661000079475,38595,241,30.57656733118417,23.976688048236102,2.4379212529848364,-0.8874110094567527,0.4875,0.4891785538612887,-0.0215274787883188,1.0,240,1,0,54,53,70,63,0.4833333333333333
lstm_cnn_attention,fold_1,2022,123,Global-SHAP,20,1,0,1,18.448512500006476,0.8593424999999115,12865,241,30.03500353107041,23.07932451167047,2.345262283258588,-0.8211444847537099,0.4625,0.466622162883845,-0.0665944255845012,1.0,240,1,0,54,53,76,57,0.4583333333333333
lstm_cnn_attention,fold_1,2022,123,Global-Spearman,20,1,0,1,18.448512500006476,0.8593424999999115,12865,241,30.03500353107041,23.07932451167047,2.345262283258588,-0.8211444847537099,0.4625,0.466622162883845,-0.0665944255845012,1.0,240,1,0,54,53,76,57,0.4583333333333333
lstm_cnn_attention,fold_1,2022,123,Regime-All,20,3,3,0,30.32181949999358,2.4892699000047287,38595,241,22.627751366155643,18.270103103253845,1.851757961280976,-0.0336459905607391,0.5208333333333334,0.5201672405312345,0.0401026677431552,1.0,240,1,0,55,52,63,70,0.5083333333333333
lstm_cnn_attention,fold_1,2022,123,Regime-SHAP,20,3,2,1,30.007179899985204,2.498071100009838,30019,241,19.226454441443877,15.546916395005349,1.5861098849317874,0.25374468956675,0.5375,0.5333778371161548,0.0665944255845012,1.0,240,1,0,53,54,57,76,0.5416666666666666
lstm_cnn_attention,fold_1,2022,123,Regime-Spearman,20,3,2,1,29.904859199989005,2.5269931000075303,30019,241,19.05069821824498,15.842406356225862,1.6112927387363152,0.2673259276941081,0.5333333333333333,0.5296184386199143,0.0590545712469817,1.0,240,1,0,53,54,58,75,0.5375
lstm_cnn_attention,fold_1,2022,2025,Global-All,20,1,1,0,18.29544630000601,0.6806910000013886,12865,241,37.05254641158733,28.71405549409477,2.907393474186833,-1.7715655093162406,0.4583333333333333,0.4902677253882369,-0.024001994732516,1.0,240,1,0,84,23,107,26,0.2041666666666666
lstm_cnn_attention,fold_1,2022,2025,Global3-All,20,3,3,0,55.630083700001705,2.510837500012713,38595,241,32.24951684694932,24.798152112334268,2.518010408850881,-1.0995946300246655,0.4416666666666666,0.4514791652027264,-0.0982928852557955,1.0,240,1,0,58,49,85,48,0.4041666666666667
lstm_cnn_attention,fold_1,2022,2025,Global-SHAP,20,1,0,1,18.29544630000601,0.6806910000013886,12865,241,37.05254641158733,28.71405549409477,2.907393474186833,-1.7715655093162406,0.4583333333333333,0.4902677253882369,-0.024001994732516,1.0,240,1,0,84,23,107,26,0.2041666666666666
lstm_cnn_attention,fold_1,2022,2025,Global-Spearman,20,1,0,1,18.29544630000601,0.6806910000013886,12865,241,37.05254641158733,28.71405549409477,2.907393474186833,-1.7715655093162406,0.4583333333333333,0.4902677253882369,-0.024001994732516,1.0,240,1,0,84,23,107,26,0.2041666666666666
lstm_cnn_attention,fold_1,2022,2025,Regime-All,20,3,3,0,28.22924190000049,2.461616700005834,38595,241,22.678147062730638,17.762776757493555,1.80704307062388,-0.0382553144646522,0.5333333333333333,0.5213969503197246,0.0436615793968634,1.0,240,1,0,44,63,49,84,0.6125
lstm_cnn_attention,fold_1,2022,2025,Regime-SHAP,20,3,2,1,29.5199024000176,2.33005790002062,30019,241,15.218355231611984,12.176100935797471,1.2376507532200838,0.532453873974415,0.5375,0.5342913358161759,0.0683310528130645,1.0,240,1,0,54,53,58,75,0.5333333333333333
lstm_cnn_attention,fold_1,2022,2025,Regime-Spearman,20,3,2,1,30.06873359999736,2.3191914999915757,30019,241,16.805181419085276,13.574005103546558,1.381383080111151,0.429867972158459,0.525,0.520272644227391,0.0404770829727668,1.0,240,1,0,51,56,58,75,0.5458333333333333
lstm_cnn_attention,fold_1,2022,42,Global-All,20,1,1,0,16.634530399998766,0.59223340000608,12865,241,29.67116750775313,23.2575201856447,2.3657202172087346,-0.7772900068277779,0.475,0.4705923687723983,-0.0586342540139071,1.0,240,1,0,46,61,65,68,0.5375
lstm_cnn_attention,fold_1,2022,42,Global3-All,20,3,3,0,47.79240449999634,1.8834023000090383,38595,241,35.70418510089117,26.988736954619103,2.7322889530745464,-1.5735184074046678,0.4666666666666667,0.4959595249806759,-0.0095568093451429,1.0,240,1,0,82,25,103,30,0.2291666666666666
lstm_cnn_attention,fold_1,2022,42,Global-SHAP,20,1,0,1,16.634530399998766,0.59223340000608,12865,241,29.67116750775313,23.2575201856447,2.3657202172087346,-0.7772900068277779,0.475,0.4705923687723983,-0.0586342540139071,1.0,240,1,0,46,61,65,68,0.5375
lstm_cnn_attention,fold_1,2022,42,Global-Spearman,20,1,0,1,16.634530399998766,0.59223340000608,12865,241,29.67116750775313,23.2575201856447,2.3657202172087346,-0.7772900068277779,0.475,0.4705923687723983,-0.0586342540139071,1.0,240,1,0,46,61,65,68,0.5375
lstm_cnn_attention,fold_1,2022,42,Regime-All,20,3,3,0,25.65941239999665,1.8847445999854244,38595,241,21.149432924119907,16.948382622611962,1.7186552341542642,0.0970026357363444,0.5416666666666666,0.5371372356123955,0.0741495263469922,1.0,240,1,0,53,54,56,77,0.5458333333333333
lstm_cnn_attention,fold_1,2022,42,Regime-SHAP,20,3,2,1,25.182516900007613,1.758676999990712,30019,241,18.477735386982427,14.881875243325448,1.5133686588033566,0.3107345413322193,0.5583333333333333,0.5558288243974422,0.1111898400951518,1.0,240,1,0,57,50,56,77,0.5291666666666667
lstm_cnn_attention,fold_1,2022,42,Regime-Spearman,20,3,2,1,24.277403599990063,1.7379554999788525,30019,241,17.120487351317426,13.692698899759788,1.3906707496828308,0.4082731522006151,0.5291666666666667,0.5240320427236315,0.048021923220998,1.0,240,1,0,51,56,57,76,0.55
lstm_cnn_attention,fold_1,2022,456,Global-All,20,1,1,0,19.624722299995483,0.7007332999928622,12865,241,33.71873477518599,26.185869157957324,2.6537432606754265,-1.295258311856243,0.4291666666666666,0.4493359567142154,-0.1090630521093744,1.0,240,1,0,68,39,98,35,0.3083333333333333
lstm_cnn_attention,fold_1,2022,456,Global3-All,20,3,3,0,56.42182470000989,2.54817299998831,38595,241,32.0275889441048,24.6049912900252,2.498983812340081,-1.070796966636801,0.4416666666666666,0.4505656665027053,-0.0998272791854007,1.0,240,1,0,57,50,84,49,0.4125
lstm_cnn_attention,fold_1,2022,456,Global-SHAP,20,1,0,1,19.624722299995483,0.7007332999928622,12865,241,33.71873477518599,26.185869157957324,2.6537432606754265,-1.295258311856243,0.4291666666666666,0.4493359567142154,-0.1090630521093744,1.0,240,1,0,68,39,98,35,0.3083333333333333
lstm_cnn_attention,fold_1,2022,456,Global-Spearman,20,1,0,1,19.624722299995483,0.7007332999928622,12865,241,33.71873477518599,26.185869157957324,2.6537432606754265,-1.295258311856243,0.4291666666666666,0.4493359567142154,-0.1090630521093744,1.0,240,1,0,68,39,98,35,0.3083333333333333
lstm_cnn_attention,fold_1,2022,456,Regime-All,20,3,3,0,31.274236800003564,2.5771845999988727,38595,241,22.482961669750885,18.52276148501273,1.882991412812711,-0.0204601937989781,0.5125,0.507167451338627,0.0143223279781923,1.0,240,1,0,49,58,59,74,0.55
lstm_cnn_attention,fold_1,2022,456,Regime-SHAP,20,3,2,1,31.62492999999085,2.309949100002996,30019,241,19.421229966782548,16.229803359973474,1.655161462546325,0.2385480735242245,0.5166666666666667,0.5145808446349519,0.0290152596098464,1.0,240,1,0,53,54,62,71,0.5208333333333334
lstm_cnn_attention,fold_1,2022,456,Regime-Spearman,20,3,2,1,30.302780500001973,2.0570953999995254,30019,241,18.494238170428048,15.591251587293948,1.588262588260171,0.3095028018493451,0.5208333333333334,0.5155997470311292,0.0311721255995952,1.0,240,1,0,50,57,58,75,0.55
lstm_cnn_attention,fold_1,2022,789,Global-All,20,1,1,0,18.17197130000568,0.9047257999918656,12865,241,30.22214958489704,23.207142176271965,2.356355522663769,-0.8439100433785811,0.475,0.4824678518726722,-0.0352130740797171,1.0,240,1,0,59,48,78,55,0.4291666666666666
lstm_cnn_attention,fold_1,2022,789,Global3-All,20,3,3,0,56.63002049998613,2.296871400001692,38595,241,25.406022019274317,19.72879686924102,2.0000213687937705,-0.3030538644569203,0.4666666666666667,0.4767760522802332,-0.0470467756365538,1.0,240,1,0,61,46,82,51,0.4041666666666667
lstm_cnn_attention,fold_1,2022,789,Global-SHAP,20,1,0,1,18.17197130000568,0.9047257999918656,12865,241,30.22214958489704,23.207142176271965,2.356355522663769,-0.8439100433785811,0.475,0.4824678518726722,-0.0352130740797171,1.0,240,1,0,59,48,78,55,0.4291666666666666
lstm_cnn_attention,fold_1,2022,789,Global-Spearman,20,1,0,1,18.17197130000568,0.9047257999918656,12865,241,30.22214958489704,23.207142176271965,2.356355522663769,-0.8439100433785811,0.475,0.4824678518726722,-0.0352130740797171,1.0,240,1,0,59,48,78,55,0.4291666666666666
lstm_cnn_attention,fold_1,2022,789,Regime-All,20,3,3,0,31.94645639999362,2.7196092000085628,38595,241,63.63226246481162,41.69253904847187,4.301635397537888,-7.174171743483113,0.5333333333333333,0.5478884126203358,0.0985586326154547,1.0,240,1,0,73,34,78,55,0.3708333333333333
lstm_cnn_attention,fold_1,2022,789,Regime-SHAP,20,3,2,1,30.27672910000547,2.5729560000036145,30019,241,19.12812848853863,15.293240390635129,1.560493004507529,0.2613580160971195,0.5333333333333333,0.5305319373199353,0.0608080371571346,1.0,240,1,0,54,53,59,74,0.5291666666666667
lstm_cnn_attention,fold_1,2022,789,Regime-Spearman,20,3,2,1,30.00305790000129,2.3212719000148354,30019,241,63.49125361971412,41.25782649621922,4.257867392661442,-7.137984018570714,0.55,0.5647530040053405,0.1332674687529589,1.0,240,1,0,75,32,76,57,0.3708333333333333
lstm_cnn_attention,fold_2,2023,123,Global-All,20,1,1,0,20.517547900002683,0.8762965000059921,12865,243,29.461268747997668,23.71835535020005,2.573544831705084,0.5615776827561272,0.5041322314049587,0.5111019736842105,0.0228322155878461,1.0,242,1,0,50,78,42,72,0.6198347107438017
lstm_cnn_attention,fold_2,2023,123,Global3-All,20,3,3,0,60.84579940000549,2.2047137999907136,38595,243,33.64688225394525,27.093656088360717,2.9431324876169604,0.4281535645365837,0.5,0.5134320175438596,0.0302541771147196,1.0,242,1,0,36,92,29,85,0.731404958677686
lstm_cnn_attention,fold_2,2023,123,Global-SHAP,20,1,0,1,20.517547900002683,0.8762965000059921,12865,243,29.461268747997668,23.71835535020005,2.573544831705084,0.5615776827561272,0.5041322314049587,0.5111019736842105,0.0228322155878461,1.0,242,1,0,50,78,42,72,0.6198347107438017
lstm_cnn_attention,fold_2,2023,123,Global-Spearman,20,1,0,1,20.517547900002683,0.8762965000059921,12865,243,29.461268747997668,23.71835535020005,2.573544831705084,0.5615776827561272,0.5041322314049587,0.5111019736842105,0.0228322155878461,1.0,242,1,0,50,78,42,72,0.6198347107438017
lstm_cnn_attention,fold_2,2023,123,Regime-All,20,3,3,0,30.747944299990195,2.537561000004644,38595,243,24.559750876375308,19.320143939732517,2.0878731942856894,0.6953243993489733,0.5206611570247934,0.5190515350877193,0.0381030701754386,1.0,242,1,0,70,58,58,56,0.4710743801652892
lstm_cnn_attention,fold_2,2023,123,Regime-SHAP,20,3,2,1,32.17482929999824,2.3391155999997864,30019,243,21.952819789039165,16.823516588623125,1.8198208058386212,0.7565720811455581,0.5371900826446281,0.5284402412280702,0.0596420407835558,1.0,242,1,0,87,41,71,43,0.3471074380165289
lstm_cnn_attention,fold_2,2023,123,Regime-Spearman,20,3,2,1,33.37729030000628,2.4203616000013426,30019,243,18.45711053937263,14.389660228348554,1.554246588854937,0.8279252338472848,0.5413223140495868,0.5371436403508771,0.0749973398427922,1.0,242,1,0,78,50,61,53,0.4256198347107438
lstm_cnn_attention,fold_2,2023,2025,Global-All,20,1,1,0,19.853089600001116,0.9115385000040988,12865,243,30.98317126568639,24.98761389746098,2.712248617546055,0.5151119323211724,0.4917355371900826,0.5046600877192983,0.010397407663009,1.0,242,1,0,36,92,31,83,0.7231404958677686
lstm_cnn_attention,fold_2,2023,2025,Global3-All,20,3,3,0,63.40348679998715,2.5693109999992885,38595,243,27.842663623601105,22.2093384812202,2.399232399112412,0.6084282764017379,0.5371900826446281,0.5385142543859649,0.0769652409922431,1.0,242,1,0,66,62,50,64,0.5206611570247934
lstm_cnn_attention,fold_2,2023,2025,Global-SHAP,20,1,0,1,19.853089600001116,0.9115385000040988,12865,243,30.98317126568639,24.98761389746098,2.712248617546055,0.5151119323211724,0.4917355371900826,0.5046600877192983,0.010397407663009,1.0,242,1,0,36,92,31,83,0.7231404958677686
lstm_cnn_attention,fold_2,2023,2025,Global-Spearman,20,1,0,1,19.853089600001116,0.9115385000040988,12865,243,30.98317126568639,24.98761389746098,2.712248617546055,0.5151119323211724,0.4917355371900826,0.5046600877192983,0.010397407663009,1.0,242,1,0,36,92,31,83,0.7231404958677686
lstm_cnn_attention,fold_2,2023,2025,Regime-All,20,3,3,0,35.19307960000879,2.6430579000152647,38595,243,19.516187664784947,14.890189829363251,1.6139353965938956,0.8076112234970099,0.5247933884297521,0.5301535087719298,0.0612265298642204,1.0,242,1,0,56,72,43,71,0.5909090909090909
lstm_cnn_attention,fold_2,2023,2025,Regime-SHAP,20,3,2,1,34.77429009998741,2.7595863999886205,30019,243,23.59480197223124,18.13285196728176,1.9666660056666083,0.718795390694838,0.5289256198347108,0.5259046052631579,0.052023564815868,1.0,242,1,0,74,54,60,54,0.4462809917355372
lstm_cnn_attention,fold_2,2023,2025,Regime-Spearman,20,3,2,1,33.68525629999931,3.148540099980892,30019,243,25.376430762481466,19.872782770046964,2.142833713095927,0.6747248863967052,0.5289256198347108,0.5283031798245614,0.0565289333242107,1.0,242,1,0,69,59,55,59,0.4876033057851239
lstm_cnn_attention,fold_2,2023,42,Global-All,20,1,1,0,20.711835699999934,0.8953582999965874,12865,243,29.244236539073288,23.27449361997377,2.5199068494783443,0.568013338172559,0.512396694214876,0.5179550438596492,0.0365156968205958,1.0,242,1,0,54,74,44,70,0.5950413223140496
lstm_cnn_attention,fold_2,2023,42,Global3-All,20,3,3,0,61.311293600010686,2.791041700009373,38595,243,26.548460636653484,21.22522467055929,2.2965901622353675,0.6439848738691163,0.5330578512396694,0.5374862938596492,0.0756891972214157,1.0,242,1,0,59,69,44,70,0.5743801652892562
lstm_cnn_attention,fold_2,2023,42,Global-SHAP,20,1,0,1,20.711835699999934,0.8953582999965874,12865,243,29.244236539073288,23.27449361997377,2.5199068494783443,0.568013338172559,0.512396694214876,0.5179550438596492,0.0365156968205958,1.0,242,1,0,54,74,44,70,0.5950413223140496
lstm_cnn_attention,fold_2,2023,42,Global-Spearman,20,1,0,1,20.711835699999934,0.8953582999965874,12865,243,29.244236539073288,23.27449361997377,2.5199068494783443,0.568013338172559,0.512396694214876,0.5179550438596492,0.0365156968205958,1.0,242,1,0,54,74,44,70,0.5950413223140496
lstm_cnn_attention,fold_2,2023,42,Regime-All,20,3,3,0,34.040222100011306,2.60621589999937,38595,243,18.34670095347367,14.36085751197956,1.5453310149705437,0.8299777630282332,0.5330578512396694,0.5336485745614035,0.0671936202951004,1.0,242,1,0,67,61,52,62,0.5082644628099173
lstm_cnn_attention,fold_2,2023,42,Regime-SHAP,20,3,2,1,32.899716400002944,3.3582851000101077,30019,243,22.73045763948526,16.01842245008719,1.7366526065318193,0.7390206646178277,0.5413223140495868,0.5361842105263158,0.0734718358370645,1.0,242,1,0,80,48,63,51,0.4090909090909091
lstm_cnn_attention,fold_2,2023,42,Regime-Spearman,20,3,2,1,32.66349530001753,2.7091276999999536,30019,243,24.959983388904465,19.489798111768405,2.1119273408664654,0.6853133308642301,0.5330578512396694,0.5269325657894737,0.0550610723782842,1.0,242,1,0,81,47,66,48,0.3925619834710744
lstm_cnn_attention,fold_2,2023,456,Global-All,20,1,1,0,21.31953509998857,0.7242083000019193,12865,243,29.165373777435796,23.545112446953738,2.556629062695417,0.5703400685055966,0.4752066115702479,0.486156798245614,-0.0298837495042814,1.0,242,1,0,38,90,37,77,0.6900826446280992
lstm_cnn_attention,fold_2,2023,456,Global3-All,20,3,3,0,63.15722829999868,2.73262920002162,38595,243,28.34198946042701,22.747255378161935,2.4593384894171746,0.5942575698816521,0.5371900826446281,0.5447505482456141,0.0924363349807545,1.0,242,1,0,53,75,37,77,0.628099173553719
lstm_cnn_attention,fold_2,2023,456,Global-SHAP,20,1,0,1,21.31953509998857,0.7242083000019193,12865,243,29.165373777435796,23.545112446953738,2.556629062695417,0.5703400685055966,0.4752066115702479,0.486156798245614,-0.0298837495042814,1.0,242,1,0,38,90,37,77,0.6900826446280992
lstm_cnn_attention,fold_2,2023,456,Global-Spearman,20,1,0,1,21.31953509998857,0.7242083000019193,12865,243,29.165373777435796,23.545112446953738,2.556629062695417,0.5703400685055966,0.4752066115702479,0.486156798245614,-0.0298837495042814,1.0,242,1,0,38,90,37,77,0.6900826446280992
lstm_cnn_attention,fold_2,2023,456,Regime-All,20,3,3,0,34.869788800002425,2.687306100007845,38595,243,23.591035807366897,19.221548132484337,2.068311645067645,0.7188851543976681,0.5206611570247934,0.5257675438596492,0.0522415745379586,1.0,242,1,0,56,72,44,70,0.5867768595041323
lstm_cnn_attention,fold_2,2023,456,Regime-SHAP,20,3,2,1,34.01155199998175,2.761801200002082,30019,243,24.24785106499329,18.18768801075931,1.977362409685816,0.7030137974087951,0.5371900826446281,0.5404331140350878,0.0812008022258258,1.0,242,1,0,62,66,46,68,0.5537190082644629
lstm_cnn_attention,fold_2,2023,456,Regime-Spearman,20,3,2,1,33.291939500006265,2.600879300007364,30019,243,20.097156241528708,16.150413854073104,1.736016530865734,0.7959864658103173,0.5413223140495868,0.5476973684210527,0.0975127388684118,1.0,242,1,0,56,72,39,75,0.6074380165289256
lstm_cnn_attention,fold_2,2023,789,Global-All,20,1,1,0,20.654421600003843,0.8375623000029009,12865,243,28.21049194013314,22.412757147270963,2.424559815031117,0.5980138588119239,0.4793388429752066,0.4867050438596491,-0.0274619433174063,1.0,242,1,0,46,82,44,70,0.628099173553719
lstm_cnn_attention,fold_2,2023,789,Global3-All,20,3,3,0,63.34131600000546,2.363801400002558,38595,243,34.05214057243879,27.73992392070992,3.051267727077918,0.4142954514879191,0.5371900826446281,0.5509868421052632,0.1154105558112734,1.0,242,1,0,40,88,24,90,0.7355371900826446
lstm_cnn_attention,fold_2,2023,789,Global-SHAP,20,1,0,1,20.654421600003843,0.8375623000029009,12865,243,28.21049194013314,22.412757147270963,2.424559815031117,0.5980138588119239,0.4793388429752066,0.4867050438596491,-0.0274619433174063,1.0,242,1,0,46,82,44,70,0.628099173553719
lstm_cnn_attention,fold_2,2023,789,Global-Spearman,20,1,0,1,20.654421600003843,0.8375623000029009,12865,243,28.21049194013314,22.412757147270963,2.424559815031117,0.5980138588119239,0.4793388429752066,0.4867050438596491,-0.0274619433174063,1.0,242,1,0,46,82,44,70,0.628099173553719
lstm_cnn_attention,fold_2,2023,789,Regime-All,20,3,3,0,33.655369799991604,2.523230300008436,38595,243,18.180294569514952,13.88550458686341,1.5005297058419975,0.8330480127197484,0.5785123966942148,0.569421600877193,0.1464249596465675,1.0,242,1,0,93,35,67,47,0.3388429752066115
lstm_cnn_attention,fold_2,2023,789,Regime-SHAP,20,3,2,1,33.704392999992706,2.637587100005476,30019,243,19.19190557314377,14.469218883828352,1.5607685804339484,0.8139515920847883,0.5661157024793388,0.5557839912280702,0.1195665382091283,1.0,242,1,0,94,34,71,43,0.3181818181818182
lstm_cnn_attention,fold_2,2023,789,Regime-Spearman,20,3,2,1,33.67716539998946,2.449039700004505,30019,243,51.38043957976985,34.437972965161954,3.670173615570061,-0.3334765802631498,0.5661157024793388,0.5509868421052632,0.1199560699205686,1.0,242,1,0,104,24,81,33,0.2355371900826446
lstm_cnn_attention,fold_3,2024,123,Global-All,20,1,1,0,23.638649800006533,0.8856760000053328,12865,244,35.150469001055264,29.113346050684584,3.442174618722873,0.3628632146602008,0.5163934426229508,0.527357157278417,0.0646007445043448,1.0,244,0,0,33,94,24,93,0.7663934426229508
lstm_cnn_attention,fold_3,2024,123,Global3-All,20,3,3,0,70.11834509999608,2.586700299987569,38595,244,35.157899951100326,27.568060214662843,3.2692639401333308,0.3625937996448238,0.5081967213114754,0.5225116091257823,0.0627112260534685,1.0,244,0,0,22,105,15,102,0.8483606557377049
lstm_cnn_attention,fold_3,2024,123,Global-SHAP,20,1,0,1,23.638649800006533,0.8856760000053328,12865,244,35.150469001055264,29.113346050684584,3.442174618722873,0.3628632146602008,0.5163934426229508,0.527357157278417,0.0646007445043448,1.0,244,0,0,33,94,24,93,0.7663934426229508
lstm_cnn_attention,fold_3,2024,123,Global-Spearman,20,1,0,1,23.638649800006533,0.8856760000053328,12865,244,35.150469001055264,29.113346050684584,3.442174618722873,0.3628632146602008,0.5163934426229508,0.527357157278417,0.0646007445043448,1.0,244,0,0,33,94,24,93,0.7663934426229508
lstm_cnn_attention,fold_3,2024,123,Regime-All,20,3,3,0,32.67870009999024,2.785348100005649,38595,244,21.37184119595872,16.03129167056475,1.885970327460304,0.7644656196987054,0.5286885245901639,0.5364762097045561,0.0786996958318089,1.0,244,0,0,44,83,32,85,0.6885245901639344
lstm_cnn_attention,fold_3,2024,123,Regime-SHAP,20,3,2,1,32.88179840001976,2.6320511999947485,30019,244,20.74982057656235,16.25321931885892,1.898448399519826,0.7779764086424588,0.5163934426229508,0.5213002220876237,0.04382066568987,1.0,244,0,0,51,76,42,75,0.6188524590163934
lstm_cnn_attention,fold_3,2024,123,Regime-Spearman,20,3,2,1,34.32339720000164,2.794980000006035,30019,244,19.1781465139905,15.016242203526808,1.754324173281527,0.8103365281508954,0.5245901639344263,0.5274917558382125,0.0554785645358872,1.0,244,0,0,58,69,47,70,0.569672131147541
lstm_cnn_attention,fold_3,2024,2025,Global-All,20,1,1,0,22.71051730000181,0.9385920000058832,12865,244,37.24692342076523,30.08412629535944,3.54875959656312,0.2845961978597408,0.5122950819672131,0.5304865737936604,0.1309801460870276,1.0,244,0,0,11,116,3,114,0.9426229508196722
lstm_cnn_attention,fold_3,2024,2025,Global3-All,20,3,3,0,68.43513869999151,2.6908532999950694,38595,244,34.68557735612149,27.67745133696361,3.2752045022452125,0.3796050018646716,0.5204918032786885,0.5356686183457837,0.1055767172868024,1.0,244,0,0,21,106,11,106,0.8688524590163934
lstm_cnn_attention,fold_3,2024,2025,Global-SHAP,20,1,0,1,22.71051730000181,0.9385920000058832,12865,244,37.24692342076523,30.08412629535944,3.54875959656312,0.2845961978597408,0.5122950819672131,0.5304865737936604,0.1309801460870276,1.0,244,0,0,11,116,3,114,0.9426229508196722
lstm_cnn_attention,fold_3,2024,2025,Global-Spearman,20,1,0,1,22.71051730000181,0.9385920000058832,12865,244,37.24692342076523,30.08412629535944,3.54875959656312,0.2845961978597408,0.5122950819672131,0.5304865737936604,0.1309801460870276,1.0,244,0,0,11,116,3,114,0.9426229508196722
lstm_cnn_attention,fold_3,2024,2025,Regime-All,20,3,3,0,44.08474339998793,3.306959599998663,38595,244,23.0574326214105,17.844204848310987,2.09590498333257,0.7258474256784635,0.4877049180327868,0.4913856921730938,-0.0175010428407058,1.0,244,0,0,51,76,49,68,0.5901639344262295
lstm_cnn_attention,fold_3,2024,2025,Regime-SHAP,20,3,2,1,40.34614769998007,2.9462072999886004,30019,244,20.521700453938543,16.26159030607489,1.8944129444846536,0.7828313557520636,0.4672131147540984,0.4666532068106871,-0.0666577079084729,1.0,244,0,0,61,66,64,53,0.4877049180327868
lstm_cnn_attention,fold_3,2024,2025,Regime-Spearman,20,3,2,1,37.193463899981,3.0111152000026777,30019,244,20.522135573663167,15.981319772933356,1.8675079267944483,0.7828221464409082,0.4918032786885246,0.495659196446598,-0.0088326967566121,1.0,244,0,0,51,76,48,69,0.5942622950819673
lstm_cnn_attention,fold_3,2024,42,Global-All,20,1,1,0,22.946856799986563,0.8780767999996897,12865,244,41.75461339805843,35.47651489242182,4.192578860239935,0.1009592733288263,0.5204918032786885,0.539033582340669,0.1803551642839505,1.0,244,0,0,11,116,1,116,0.9508196721311476
lstm_cnn_attention,fold_3,2024,42,Global3-All,20,3,3,0,62.81503379998321,2.3120654999947874,38595,244,33.31646857250126,26.22466540943732,3.104591942314187,0.4276148539349909,0.5040983606557377,0.5179016084527895,0.0483138627877297,1.0,244,0,0,23,104,17,100,0.8360655737704918
lstm_cnn_attention,fold_3,2024,42,Global-SHAP,20,1,0,1,22.946856799986563,0.8780767999996897,12865,244,41.75461339805843,35.47651489242182,4.192578860239935,0.1009592733288263,0.5204918032786885,0.539033582340669,0.1803551642839505,1.0,244,0,0,11,116,1,116,0.9508196721311476
lstm_cnn_attention,fold_3,2024,42,Global-Spearman,20,1,0,1,22.946856799986563,0.8780767999996897,12865,244,41.75461339805843,35.47651489242182,4.192578860239935,0.1009592733288263,0.5204918032786885,0.539033582340669,0.1803551642839505,1.0,244,0,0,11,116,1,116,0.9508196721311476
lstm_cnn_attention,fold_3,2024,42,Regime-All,20,3,3,0,34.95261920000485,2.621598600002472,38595,244,27.82243362626445,20.88545308041769,2.454968484906745,0.6008274559479951,0.5040983606557377,0.5125176660609732,0.0274231713222329,1.0,244,0,0,39,88,33,84,0.7049180327868853
lstm_cnn_attention,fold_3,2024,42,Regime-SHAP,20,3,2,1,35.41121070002555,2.6004947000037646,30019,244,22.99655327707347,18.66960359977896,2.193546065068785,0.7272932236863822,0.4918032786885246,0.5017161316373915,0.0039180125483055,1.0,244,0,0,33,94,30,87,0.7418032786885246
lstm_cnn_attention,fold_3,2024,42,Regime-Spearman,20,3,2,1,37.441001600032905,2.7625925000029383,30019,244,30.357475761847045,22.634796572669625,2.663098338068142,0.5247723011418762,0.4959016393442623,0.5073356215088498,0.0176558252563647,1.0,244,0,0,29,98,25,92,0.7786885245901639
lstm_cnn_attention,fold_3,2024,456,Global-All,20,1,1,0,25.788908600006835,0.7046711000002688,12865,244,38.33925212891858,30.389028747883025,3.58876772630721,0.2420200709789067,0.4918032786885246,0.5084460596271619,0.0288814421512303,1.0,244,0,0,13,114,10,107,0.9057377049180328
lstm_cnn_attention,fold_3,2024,456,Global3-All,20,3,3,0,66.40816449999693,2.5763596999895526,38595,244,35.58730001385178,28.15778482121851,3.3276845926027026,0.3469288315771321,0.5163934426229508,0.532404603270745,0.1032095172675081,1.0,244,0,0,18,109,9,108,0.889344262295082
lstm_cnn_attention,fold_3,2024,456,Global-SHAP,20,1,0,1,25.788908600006835,0.7046711000002688,12865,244,38.33925212891858,30.389028747883025,3.58876772630721,0.2420200709789067,0.4918032786885246,0.5084460596271619,0.0288814421512303,1.0,244,0,0,13,114,10,107,0.9057377049180328
lstm_cnn_attention,fold_3,2024,456,Global-Spearman,20,1,0,1,25.788908600006835,0.7046711000002688,12865,244,38.33925212891858,30.389028747883025,3.58876772630721,0.2420200709789067,0.4918032786885246,0.5084460596271619,0.0288814421512303,1.0,244,0,0,13,114,10,107,0.9057377049180328
lstm_cnn_attention,fold_3,2024,456,Regime-All,20,3,3,0,35.32944869998028,2.5103104999870998,38595,244,25.32639962408517,20.2933299429495,2.37145173403804,0.6692366799770657,0.4836065573770491,0.4968705834847567,-0.0082064608258819,1.0,244,0,0,22,105,21,96,0.8237704918032787
lstm_cnn_attention,fold_3,2024,456,Regime-SHAP,20,3,2,1,37.4579491000186,3.249511400004849,30019,244,21.3135759151573,17.45182944877227,2.0392553052947204,0.7657481268791346,0.4836065573770491,0.4924961302914059,-0.0166481700012933,1.0,244,0,0,35,92,34,83,0.7172131147540983
lstm_cnn_attention,fold_3,2024,456,Regime-Spearman,20,3,2,1,41.65657869999996,2.997509900000296,30019,244,24.146978482529704,19.408491261015183,2.27199290989682,0.6993258983239385,0.4836065573770491,0.4941786122888485,-0.0135843681149609,1.0,244,0,0,30,97,29,88,0.7581967213114754
lstm_cnn_attention,fold_3,2024,789,Global-All,20,1,1,0,22.473809799994346,0.8934406999906059,12865,244,30.43094925782952,24.241819409210198,2.848103208641156,0.5224691521801239,0.5163934426229508,0.5300491284743254,0.0803002172442911,1.0,244,0,0,25,102,16,101,0.8319672131147541
lstm_cnn_attention,fold_3,2024,789,Global3-All,20,3,3,0,70.05861359999108,2.5743965999863576,38595,244,68.97739876388142,62.468138801751934,7.389122893806239,-1.4534886702671057,0.4795081967213114,0.5,0.0,1.0,244,0,0,0,127,0,117,1.0
lstm_cnn_attention,fold_3,2024,789,Global-SHAP,20,1,0,1,22.473809799994346,0.8934406999906059,12865,244,30.43094925782952,24.241819409210198,2.848103208641156,0.5224691521801239,0.5163934426229508,0.5300491284743254,0.0803002172442911,1.0,244,0,0,25,102,16,101,0.8319672131147541
lstm_cnn_attention,fold_3,2024,789,Global-Spearman,20,1,0,1,22.473809799994346,0.8934406999906059,12865,244,30.43094925782952,24.241819409210198,2.848103208641156,0.5224691521801239,0.5163934426229508,0.5300491284743254,0.0803002172442911,1.0,244,0,0,25,102,16,101,0.8319672131147541
lstm_cnn_attention,fold_3,2024,789,Regime-All,20,3,3,0,34.311208499988425,2.6841668999986723,38595,244,18.68439133026885,14.972308233243526,1.7539277799226358,0.8199768563719996,0.5204918032786885,0.5238912443636853,0.0483970955655898,1.0,244,0,0,56,71,46,71,0.5819672131147541
lstm_cnn_attention,fold_3,2024,789,Regime-SHAP,20,3,2,1,35.3953874999861,2.55130169999029,30019,244,21.23843685551376,17.20033695313774,2.007581418725718,0.7673968825228471,0.5204918032786885,0.5225452587657312,0.0452721656065052,1.0,244,0,0,60,67,50,67,0.5491803278688525
lstm_cnn_attention,fold_3,2024,789,Regime-Spearman,20,3,2,1,32.23011469999619,2.530871599985403,30019,244,28.183990386836435,21.79871297364352,2.5718567496838536,0.5903854301336876,0.5327868852459017,0.5377212463826637,0.0776034221774791,1.0,244,0,0,53,74,40,77,0.6188524590163934
lstm_cnn_attention,fold_4,2025,123,Global-All,20,1,1,0,23.09488290001173,0.8530587999994168,12865,234,92.66980665755382,74.92028050267801,9.785456066168653,-2.315089225262358,0.5,0.5103070175438597,0.0346099453848442,1.0,234,0,0,13,107,10,104,0.9017094017094016
lstm_cnn_attention,fold_4,2025,123,Global3-All,20,3,3,0,71.38310079998337,2.7439640000084182,38595,234,92.3036373386184,70.8135889066047,9.336470276449012,-2.2889429371176813,0.5470085470085471,0.556359649122807,0.1639799128034358,1.0,234,0,0,23,97,9,105,0.8632478632478633
lstm_cnn_attention,fold_4,2025,123,Global-SHAP,20,1,0,1,23.09488290001173,0.8530587999994168,12865,234,92.66980665755382,74.92028050267801,9.785456066168653,-2.315089225262358,0.5,0.5103070175438597,0.0346099453848442,1.0,234,0,0,13,107,10,104,0.9017094017094016
lstm_cnn_attention,fold_4,2025,123,Global-Spearman,20,1,0,1,23.09488290001173,0.8530587999994168,12865,234,92.66980665755382,74.92028050267801,9.785456066168653,-2.315089225262358,0.5,0.5103070175438597,0.0346099453848442,1.0,234,0,0,13,107,10,104,0.9017094017094016
lstm_cnn_attention,fold_4,2025,123,Regime-All,20,3,3,0,42.84900960000232,2.897106600023108,38595,234,23.03099415804406,18.03267959312497,2.316030355307704,0.7952404915229575,0.5085470085470085,0.5146929824561404,0.033457619309288,1.0,234,0,0,33,87,28,86,0.7393162393162394
lstm_cnn_attention,fold_4,2025,123,Regime-SHAP,20,3,2,1,38.67428989999462,3.2590719000145327,30019,234,23.72160668897593,18.5064406113798,2.353934298836485,0.7827764485427757,0.5341880341880342,0.5405701754385965,0.0933974243951609,1.0,234,0,0,35,85,24,90,0.7478632478632479
lstm_cnn_attention,fold_4,2025,123,Regime-Spearman,20,3,2,1,38.83665420000034,2.6335957999981474,30019,234,32.024809460069264,25.21896727324297,3.2053428205762637,0.6040942430349767,0.5427350427350427,0.5480263157894737,0.1052896783733218,1.0,234,0,0,41,79,28,86,0.7051282051282052
lstm_cnn_attention,fold_4,2025,2025,Global-All,20,1,1,0,24.183299700001957,0.6758050999924308,12865,234,97.13780947750048,72.20029243760641,9.522527588733192,-2.6424644287066568,0.5384615384615384,0.5460526315789473,0.1140119583874781,1.0,234,0,0,30,90,18,96,0.7948717948717948
lstm_cnn_attention,fold_4,2025,2025,Global3-All,20,3,3,0,66.2371030000213,2.005420800021966,38595,234,72.60688904213279,56.20149681337202,7.407542121567907,-1.0350466365156965,0.5512820512820513,0.5605263157894737,0.1738450323285088,1.0,234,0,0,24,96,9,105,0.8589743589743589
lstm_cnn_attention,fold_4,2025,2025,Global-SHAP,20,1,0,1,24.183299700001957,0.6758050999924308,12865,234,97.13780947750048,72.20029243760641,9.522527588733192,-2.6424644287066568,0.5384615384615384,0.5460526315789473,0.1140119583874781,1.0,234,0,0,30,90,18,96,0.7948717948717948
lstm_cnn_attention,fold_4,2025,2025,Global-Spearman,20,1,0,1,24.183299700001957,0.6758050999924308,12865,234,97.13780947750048,72.20029243760641,9.522527588733192,-2.6424644287066568,0.5384615384615384,0.5460526315789473,0.1140119583874781,1.0,234,0,0,30,90,18,96,0.7948717948717948
lstm_cnn_attention,fold_4,2025,2025,Regime-All,20,3,3,0,29.73321270001179,1.983596899997792,38595,234,36.59650625427835,29.17610904302355,3.720391497688373,0.4829911687814892,0.5256410256410257,0.5322368421052632,0.0750760604664197,1.0,234,0,0,33,87,24,90,0.7564102564102564
lstm_cnn_attention,fold_4,2025,2025,Regime-SHAP,20,3,2,1,29.74616470003093,2.042219499999192,30019,234,32.859493098976515,26.063132898699923,3.3462057467785447,0.583187795180848,0.5341880341880342,0.5381578947368422,0.0801805858444985,1.0,234,0,0,46,74,35,79,0.6538461538461539
lstm_cnn_attention,fold_4,2025,2025,Regime-Spearman,20,3,2,1,30.28474450003705,1.9293976000044493,30019,234,31.01293173429872,25.617919672702136,3.2986332431992427,0.6287176071313301,0.5341880341880342,0.5414473684210527,0.1003597042797067,1.0,234,0,0,31,89,20,94,0.782051282051282
lstm_cnn_attention,fold_4,2025,42,Global-All,20,1,1,0,24.589949499990325,0.8512955999904079,12865,234,56.34854122479538,43.2276757622173,5.664300435372771,-0.2256996516864273,0.5341880341880342,0.5421052631578948,0.1068002505219752,1.0,234,0,0,28,92,17,97,0.8076923076923077
lstm_cnn_attention,fold_4,2025,42,Global3-All,20,3,3,0,71.9628723999922,2.3069173999974737,38595,234,94.6984227089196,70.91229875790938,9.322491683207202,-2.461817738933971,0.5427350427350427,0.5515350877192983,0.1412024033878894,1.0,234,0,0,25,95,12,102,0.8418803418803419
lstm_cnn_attention,fold_4,2025,42,Global-SHAP,20,1,0,1,24.589949499990325,0.8512955999904079,12865,234,56.34854122479538,43.2276757622173,5.664300435372771,-0.2256996516864273,0.5341880341880342,0.5421052631578948,0.1068002505219752,1.0,234,0,0,28,92,17,97,0.8076923076923077
lstm_cnn_attention,fold_4,2025,42,Global-Spearman,20,1,0,1,24.589949499990325,0.8512955999904079,12865,234,56.34854122479538,43.2276757622173,5.664300435372771,-0.2256996516864273,0.5341880341880342,0.5421052631578948,0.1068002505219752,1.0,234,0,0,28,92,17,97,0.8076923076923077
lstm_cnn_attention,fold_4,2025,42,Regime-All,20,3,3,0,29.50903429999016,1.7992495000071358,38595,234,27.515664571407505,22.120382778603812,2.8291330131789736,0.7077337137416538,0.5299145299145299,0.5342105263157895,0.0725476250110011,1.0,234,0,0,44,76,34,80,0.6666666666666666
lstm_cnn_attention,fold_4,2025,42,Regime-SHAP,20,3,2,1,28.67710220000299,1.7514499000099022,30019,234,28.71796696908499,24.01474668054501,3.075050449544397,0.6816344322073467,0.5299145299145299,0.5366228070175438,0.0858065929563636,1.0,234,0,0,33,87,23,91,0.7606837606837606
lstm_cnn_attention,fold_4,2025,42,Regime-Spearman,20,3,2,1,28.71094710001489,1.8065269000071569,30019,234,32.72256386522125,26.45279619376376,3.350689366975415,0.5866543647476017,0.5170940170940171,0.5228070175438596,0.0509027810380622,1.0,234,0,0,36,84,29,85,0.7222222222222222
lstm_cnn_attention,fold_4,2025,456,Global-All,20,1,1,0,21.66949429998931,0.5974774000060279,12865,234,109.42287653123196,81.32909332367093,10.745770514887658,-3.62205344417196,0.5170940170940171,0.5269736842105263,0.0844007407615903,1.0,234,0,0,17,103,10,104,0.8846153846153846
lstm_cnn_attention,fold_4,2025,456,Global3-All,20,3,3,0,63.93200859997887,1.9930896000005305,38595,234,63.99738205845497,49.54506231185721,6.535975761412932,-0.5810409745984608,0.5555555555555556,0.5644736842105262,0.1786371110310879,1.0,234,0,0,26,94,10,104,0.8461538461538461
lstm_cnn_attention,fold_4,2025,456,Global-SHAP,20,1,0,1,21.66949429998931,0.5974774000060279,12865,234,109.42287653123196,81.32909332367093,10.745770514887658,-3.62205344417196,0.5170940170940171,0.5269736842105263,0.0844007407615903,1.0,234,0,0,17,103,10,104,0.8846153846153846
lstm_cnn_attention,fold_4,2025,456,Global-Spearman,20,1,0,1,21.66949429998931,0.5974774000060279,12865,234,109.42287653123196,81.32909332367093,10.745770514887658,-3.62205344417196,0.5170940170940171,0.5269736842105263,0.0844007407615903,1.0,234,0,0,17,103,10,104,0.8846153846153846
lstm_cnn_attention,fold_4,2025,456,Regime-All,20,3,3,0,31.31806309998501,2.019631499992101,38595,234,25.454487514329237,20.730950785737782,2.641213396022604,0.7498805740297794,0.5427350427350427,0.5471491228070176,0.1003116728089059,1.0,234,0,0,45,75,32,82,0.6709401709401709
lstm_cnn_attention,fold_4,2025,456,Regime-SHAP,20,3,2,1,30.267731399988406,1.9287280999997165,30019,234,26.19980065867144,21.147208609260066,2.7255778001226494,0.7350190321511338,0.5,0.5059210526315789,0.0133445408641344,1.0,234,0,0,33,87,30,84,0.7307692307692307
lstm_cnn_attention,fold_4,2025,456,Regime-Spearman,20,3,2,1,31.226172800001223,2.045857300006901,30019,234,26.60776918772394,20.89448474785712,2.654169460564365,0.7267025137496087,0.5598290598290598,0.5642543859649123,0.1367038145721369,1.0,234,0,0,47,73,30,84,0.6709401709401709
lstm_cnn_attention,fold_4,2025,789,Global-All,20,1,1,0,23.75796809999156,0.8227020999911474,12865,234,99.4996494458144,76.39722364492908,10.050856840603576,-2.821745908850105,0.5598290598290598,0.5699561403508772,0.2263892169744991,1.0,234,0,0,21,99,4,110,0.8931623931623932
lstm_cnn_attention,fold_4,2025,789,Global3-All,20,3,3,0,75.29896860000736,2.7732601999887265,38595,234,111.88528309825892,97.98419809110489,12.736056616680113,-3.832419611894111,0.4871794871794871,0.5,0.0,1.0,234,0,0,0,120,0,114,1.0
lstm_cnn_attention,fold_4,2025,789,Global-SHAP,20,1,0,1,23.75796809999156,0.8227020999911474,12865,234,99.4996494458144,76.39722364492908,10.050856840603576,-2.821745908850105,0.5598290598290598,0.5699561403508772,0.2263892169744991,1.0,234,0,0,21,99,4,110,0.8931623931623932
lstm_cnn_attention,fold_4,2025,789,Global-Spearman,20,1,0,1,23.75796809999156,0.8227020999911474,12865,234,99.4996494458144,76.39722364492908,10.050856840603576,-2.821745908850105,0.5598290598290598,0.5699561403508772,0.2263892169744991,1.0,234,0,0,21,99,4,110,0.8931623931623932
lstm_cnn_attention,fold_4,2025,789,Regime-All,20,3,3,0,44.09747970000899,3.4753101999958744,38595,234,29.51144581893257,24.52885718458231,3.128830315733309,0.6637984728655542,0.5299145299145299,0.5366228070175438,0.0858065929563636,1.0,234,0,0,33,87,23,91,0.7606837606837606
lstm_cnn_attention,fold_4,2025,789,Regime-SHAP,20,3,2,1,38.72881309999502,2.6281941999914125,30019,234,53.79535267355477,36.90310362181605,4.651812854016116,-0.1171416045050084,0.5256410256410257,0.531578947368421,0.0711708846087171,1.0,234,0,0,36,84,27,87,0.7307692307692307
lstm_cnn_attention,fold_4,2025,789,Regime-Spearman,20,3,2,1,39.17028489998484,2.7562187999865277,30019,234,77.03647150173231,55.229372067441325,7.30158203700944,-1.2909281739140095,0.5,0.5092105263157894,0.0264546788325991,1.0,234,0,0,18,102,15,99,0.8589743589743589
