inner_fold,seed,anchor_split,strategy,anchor_index,source_index,anchor_date,source_date,source_partition,source_before_anchor,endpoint_gap_rows,regime_agreement,coverage_distance,same_year
inner_2020,2025,train,matched,5,0,2019-01-15,2019-01-08,inner_train,True,5.0,True,2.4894806201076367,True
inner_2020,2025,train,matched,6,1,2019-01-16,2019-01-09,inner_train,True,5.0,True,1.4799201556559574,True
inner_2020,2025,train,matched,7,0,2019-01-17,2019-01-08,inner_train,True,7.0,True,2.5231723595644837,True
inner_2020,2025,train,matched,8,0,2019-01-18,2019-01-08,inner_train,True,8.0,True,2.1710268889891022,True
inner_2020,2025,train,matched,9,2,2019-01-21,2019-01-10,inner_train,True,7.0,True,0.45798314239161053,True
inner_2020,2025,train,matched,10,1,2019-01-22,2019-01-09,inner_train,True,9.0,True,1.009765571620894,True
inner_2020,2025,train,matched,11,6,2019-01-23,2019-01-16,inner_train,True,5.0,True,0.8261396348798575,True
inner_2020,2025,train,matched,17,12,2019-01-31,2019-01-24,inner_train,True,5.0,True,0.7202063286739513,True
inner_2020,2025,train,matched,18,12,2019-02-01,2019-01-24,inner_train,True,6.0,True,0.7296168603413373,True
inner_2020,2025,train,matched,19,12,2019-02-04,2019-01-24,inner_train,True,7.0,True,0.5915889508518579,True
inner_2020,2025,train,matched,20,12,2019-02-05,2019-01-24,inner_train,True,8.0,True,0.5782172138859689,True
inner_2020,2025,train,matched,21,12,2019-02-06,2019-01-24,inner_train,True,9.0,True,0.8630105024318588,True
inner_2020,2025,train,matched,22,14,2019-02-07,2019-01-28,inner_train,True,8.0,True,0.11583181552512123,True
inner_2020,2025,train,matched,23,13,2019-02-08,2019-01-25,inner_train,True,10.0,True,0.232622295268754,True
inner_2020,2025,train,matched,24,17,2019-02-11,2019-01-31,inner_train,True,7.0,True,0.18120982794126395,True
inner_2020,2025,train,matched,25,19,2019-02-12,2019-02-04,inner_train,True,6.0,True,0.24941869311600717,True
inner_2020,2025,train,matched,26,13,2019-02-13,2019-01-25,inner_train,True,13.0,True,0.2665238469444349,True
inner_2020,2025,train,matched,27,16,2019-02-14,2019-01-30,inner_train,True,11.0,True,0.3440564799795207,True
inner_2020,2025,train,matched,28,3,2019-02-15,2019-01-11,inner_train,True,25.0,True,0.24116205681688774,True
inner_2020,2025,train,matched,29,6,2019-02-18,2019-01-16,inner_train,True,23.0,True,0.32571271833476567,True
inner_2020,2025,train,matched,30,9,2019-02-20,2019-01-21,inner_train,True,21.0,True,0.33563154720641997,True
inner_2020,2025,train,matched,31,8,2019-02-21,2019-01-18,inner_train,True,23.0,True,0.20450947176931678,True
inner_2020,2025,train,matched,32,24,2019-02-22,2019-02-11,inner_train,True,8.0,True,0.06187540371808753,True
inner_2020,2025,train,matched,33,24,2019-02-25,2019-02-11,inner_train,True,9.0,True,0.13613217432457958,True
inner_2020,2025,train,matched,34,24,2019-02-26,2019-02-11,inner_train,True,10.0,True,0.14792013007662197,True
inner_2020,2025,train,matched,35,18,2019-02-27,2019-02-01,inner_train,True,17.0,True,0.12272945959170878,True
inner_2020,2025,train,matched,36,28,2019-02-28,2019-02-15,inner_train,True,8.0,True,0.5205991355929704,True
inner_2020,2025,train,matched,37,7,2019-03-01,2019-01-17,inner_train,True,30.0,True,0.18805223150293937,True
inner_2020,2025,train,matched,43,38,2019-03-11,2019-03-04,inner_train,True,5.0,True,0.38014730012387465,True
inner_2020,2025,train,matched,44,39,2019-03-12,2019-03-05,inner_train,True,5.0,True,0.13758566295256314,True
inner_2020,2025,train,matched,45,37,2019-03-13,2019-03-01,inner_train,True,8.0,True,0.12961749330338623,True
inner_2020,2025,train,matched,46,28,2019-03-14,2019-02-15,inner_train,True,18.0,True,0.14434230872873854,True
inner_2020,2025,train,matched,47,9,2019-03-15,2019-01-21,inner_train,True,38.0,True,0.2596456402284977,True
inner_2020,2025,train,matched,48,6,2019-03-18,2019-01-16,inner_train,True,42.0,True,0.1636294237818019,True
inner_2020,2025,train,matched,49,29,2019-03-19,2019-02-18,inner_train,True,20.0,True,0.21193110028053086,True
inner_2020,2025,train,matched,50,29,2019-03-20,2019-02-18,inner_train,True,21.0,True,0.11107722678919263,True
inner_2020,2025,train,matched,51,29,2019-03-21,2019-02-18,inner_train,True,22.0,True,0.1026541540600836,True
inner_2020,2025,train,matched,52,12,2019-03-22,2019-01-24,inner_train,True,40.0,True,0.235185046351023,True
inner_2020,2025,train,matched,53,9,2019-03-25,2019-01-21,inner_train,True,44.0,True,0.2424463035687383,True
inner_2020,2025,train,matched,54,10,2019-03-26,2019-01-22,inner_train,True,44.0,True,0.208544751893057,True
inner_2020,2025,train,matched,55,48,2019-03-27,2019-03-18,inner_train,True,7.0,True,0.07257069283483508,True
inner_2020,2025,train,matched,56,36,2019-03-28,2019-02-28,inner_train,True,20.0,True,0.13720112151348474,True
inner_2020,2025,train,matched,57,37,2019-03-29,2019-03-01,inner_train,True,20.0,True,0.22347962928746234,True
inner_2020,2025,train,matched,58,14,2019-04-01,2019-01-28,inner_train,True,44.0,True,0.029852963149681333,True
inner_2020,2025,train,matched,59,14,2019-04-02,2019-01-28,inner_train,True,45.0,True,0.045601320117820254,True
inner_2020,2025,train,matched,60,17,2019-04-03,2019-01-31,inner_train,True,43.0,True,0.04884313167388088,True
inner_2020,2025,train,matched,61,24,2019-04-04,2019-02-11,inner_train,True,37.0,True,0.14595391262308022,True
inner_2020,2025,train,matched,62,8,2019-04-05,2019-01-18,inner_train,True,54.0,True,0.15236336925316252,True
inner_2020,2025,train,matched,63,26,2019-04-09,2019-02-13,inner_train,True,37.0,True,0.2633499717922505,True
inner_2020,2025,train,matched,64,26,2019-04-10,2019-02-13,inner_train,True,38.0,True,0.5538851132264382,True
inner_2020,2025,train,matched,65,23,2019-04-11,2019-02-08,inner_train,True,42.0,True,0.6286086594223739,True
inner_2020,2025,train,matched,66,26,2019-04-12,2019-02-13,inner_train,True,40.0,True,0.5037353295409663,True
inner_2020,2025,train,matched,67,12,2019-04-17,2019-01-24,inner_train,True,55.0,True,0.11155248590574729,True
inner_2020,2025,train,matched,68,12,2019-04-18,2019-01-24,inner_train,True,56.0,True,0.13895146009386172,True
inner_2020,2025,train,matched,69,13,2019-04-19,2019-01-25,inner_train,True,56.0,True,0.12440871062852077,True
inner_2020,2025,train,matched,70,23,2019-04-22,2019-02-08,inner_train,True,47.0,True,0.28464716875662655,True
inner_2020,2025,train,matched,71,23,2019-04-23,2019-02-08,inner_train,True,48.0,True,0.3522205935893523,True
inner_2020,2025,train,matched,72,20,2019-04-24,2019-02-05,inner_train,True,52.0,True,0.2231435513142097,True
inner_2020,2025,train,matched,73,20,2019-04-25,2019-02-05,inner_train,True,53.0,True,0.16214903861136776,True
inner_2020,2025,train,matched,74,24,2019-04-26,2019-02-11,inner_train,True,50.0,True,0.1445812288111079,True
inner_2020,2025,train,matched,75,48,2019-04-29,2019-03-18,inner_train,True,27.0,True,0.17185025692665912,True
inner_2020,2025,train,matched,76,14,2019-04-30,2019-01-28,inner_train,True,62.0,True,0.1451820098444978,True
inner_2020,2025,train,matched,77,21,2019-05-02,2019-02-06,inner_train,True,56.0,True,0.21598199936659856,True
inner_2020,2025,train,matched,78,21,2019-05-03,2019-02-06,inner_train,True,57.0,True,0.28900713438148884,True
inner_2020,2025,train,matched,79,37,2019-05-07,2019-03-01,inner_train,True,42.0,True,0.2775468505577381,True
inner_2020,2025,train,matched,80,36,2019-05-08,2019-02-28,inner_train,True,44.0,True,0.14330490445150224,True
inner_2020,2025,train,matched,81,40,2019-05-09,2019-03-06,inner_train,True,41.0,True,0.13135511320192705,True
inner_2020,2025,train,matched,82,39,2019-05-10,2019-03-05,inner_train,True,43.0,True,0.5859330962527958,True
inner_2020,2025,train,matched,83,42,2019-05-13,2019-03-08,inner_train,True,41.0,True,0.9330316447550451,True
inner_2020,2025,train,matched,84,44,2019-05-14,2019-03-12,inner_train,True,40.0,True,1.4680324633786723,True
inner_2020,2025,train,matched,85,39,2019-05-15,2019-03-05,inner_train,True,46.0,True,1.7002937418890451,True
inner_2020,2025,train,matched,86,38,2019-05-16,2019-03-04,inner_train,True,48.0,True,1.9568392195875042,True
inner_2020,2025,train,matched,87,81,2019-05-17,2019-05-09,inner_train,True,6.0,True,1.8729650428508382,True
inner_2020,2025,train,matched,88,83,2019-05-21,2019-05-13,inner_train,True,5.0,True,0.5571574114598441,True
inner_2020,2025,train,matched,89,38,2019-05-22,2019-03-04,inner_train,True,51.0,True,1.1867309978914307,True
inner_2020,2025,train,matched,90,82,2019-05-23,2019-05-10,inner_train,True,8.0,True,0.36271725839469626,True
inner_2020,2025,train,matched,91,42,2019-05-24,2019-03-08,inner_train,True,49.0,True,0.16628541229325178,True
inner_2020,2025,train,matched,92,42,2019-05-27,2019-03-08,inner_train,True,50.0,True,0.3253501069229392,True
inner_2020,2025,train,matched,93,42,2019-05-28,2019-03-08,inner_train,True,51.0,True,0.3438479303789781,True
inner_2020,2025,train,matched,94,81,2019-05-29,2019-05-09,inner_train,True,13.0,True,0.5024573740954739,True
inner_2020,2025,train,matched,95,41,2019-05-30,2019-03-07,inner_train,True,54.0,True,0.4251083093378445,True
inner_2020,2025,train,matched,96,41,2019-05-31,2019-03-07,inner_train,True,55.0,True,0.3442148997839949,True
inner_2020,2025,train,matched,97,7,2019-06-04,2019-01-17,inner_train,True,90.0,True,0.0548939471074501,True
inner_2020,2025,train,matched,98,56,2019-06-05,2019-03-28,inner_train,True,42.0,True,0.08296278846362926,True
inner_2020,2025,train,matched,99,13,2019-06-06,2019-01-25,inner_train,True,86.0,True,0.09531017980432477,True
inner_2020,2025,train,matched,100,23,2019-06-07,2019-02-08,inner_train,True,77.0,True,0.04546237407675724,True
inner_2020,2025,train,matched,101,25,2019-06-10,2019-02-12,inner_train,True,76.0,True,0.03509131981127034,True
inner_2020,2025,train,matched,102,67,2019-06-11,2019-04-17,inner_train,True,35.0,True,0.08338160893905089,True
inner_2020,2025,train,matched,103,68,2019-06-12,2019-04-18,inner_train,True,35.0,True,0.25417229355290294,True
inner_2020,2025,train,matched,104,67,2019-06-13,2019-04-17,inner_train,True,37.0,True,0.07185073675894804,True
inner_2020,2025,train,matched,105,25,2019-06-14,2019-02-12,inner_train,True,80.0,True,0.0970974903784203,True
inner_2020,2025,train,matched,106,70,2019-06-17,2019-04-22,inner_train,True,36.0,True,0.04445176257083361,True
inner_2020,2025,train,matched,107,70,2019-06-18,2019-04-22,inner_train,True,37.0,True,0.14888678070771721,True
inner_2020,2025,train,matched,108,61,2019-06-19,2019-04-04,inner_train,True,47.0,True,0.11184830013656866,True
inner_2020,2025,train,matched,109,74,2019-06-20,2019-04-26,inner_train,True,35.0,True,0.05678852295354142,True
inner_2020,2025,train,matched,110,74,2019-06-21,2019-04-26,inner_train,True,36.0,True,0.057158413839948796,True
inner_2020,2025,train,matched,111,13,2019-06-24,2019-01-25,inner_train,True,98.0,True,0.07094282335603053,True
inner_2020,2025,train,matched,112,69,2019-06-25,2019-04-19,inner_train,True,43.0,True,0.09245711082191832,True
inner_2020,2025,train,matched,113,73,2019-06-26,2019-04-25,inner_train,True,40.0,True,0.1383116157975124,True
inner_2020,2025,train,matched,114,61,2019-06-27,2019-04-04,inner_train,True,53.0,True,0.018692133012152556,True
inner_2020,2025,train,matched,115,69,2019-06-28,2019-04-19,inner_train,True,46.0,True,0.09579106464167575,True
inner_2020,2025,train,matched,116,52,2019-07-01,2019-03-22,inner_train,True,64.0,True,0.124589090125383,True
inner_2020,2025,train,matched,117,100,2019-07-02,2019-06-07,inner_train,True,17.0,True,0.1464286337333478,True
inner_2020,2025,train,matched,118,102,2019-07-03,2019-06-11,inner_train,True,16.0,True,0.10536051565782634,True
inner_2020,2025,train,matched,119,65,2019-07-04,2019-04-11,inner_train,True,54.0,True,0.09097177820572666,True
inner_2020,2025,train,matched,120,68,2019-07-05,2019-04-18,inner_train,True,52.0,True,0.07185073675894804,True
inner_2020,2025,train,matched,121,52,2019-07-08,2019-03-22,inner_train,True,69.0,True,0.1269714617107902,True
inner_2020,2025,train,matched,122,63,2019-07-09,2019-04-09,inner_train,True,59.0,True,0.08004270767353638,True
inner_2020,2025,train,matched,123,25,2019-07-10,2019-02-12,inner_train,True,98.0,True,0.04445176257083405,True
inner_2020,2025,train,matched,124,118,2019-07-11,2019-07-03,inner_train,True,6.0,True,0.09531017980432477,True
inner_2020,2025,train,matched,125,25,2019-07-12,2019-02-12,inner_train,True,100.0,True,0.08081940674170873,True
inner_2020,2025,train,matched,126,105,2019-07-15,2019-06-14,inner_train,True,21.0,True,0.06744128079553269,True
inner_2020,2025,train,matched,127,7,2019-07-17,2019-01-17,inner_train,True,120.0,True,0.1663577058049408,True
inner_2020,2025,train,matched,128,7,2019-07-18,2019-01-17,inner_train,True,121.0,True,0.14766557279278825,True
inner_2020,2025,train,matched,129,56,2019-07-19,2019-03-28,inner_train,True,73.0,True,0.15906469462968742,True
inner_2020,2025,train,matched,130,80,2019-07-22,2019-05-08,inner_train,True,50.0,True,0.12136085700426724,True
inner_2020,2025,train,matched,131,55,2019-07-23,2019-03-27,inner_train,True,76.0,True,0.1461185081299945,True
inner_2020,2025,train,matched,132,56,2019-07-24,2019-03-28,inner_train,True,76.0,True,0.05043085362689226,True
inner_2020,2025,train,matched,133,80,2019-07-25,2019-05-08,inner_train,True,53.0,True,0.1245627226417616,True
inner_2020,2025,train,matched,134,56,2019-07-26,2019-03-28,inner_train,True,78.0,True,0.16165648873711636,True
inner_2020,2025,train,matched,135,42,2019-07-30,2019-03-08,inner_train,True,93.0,True,0.16628541229325178,True
inner_2020,2025,train,matched,136,44,2019-07-31,2019-03-12,inner_train,True,92.0,True,0.0816780310142673,True
inner_2020,2025,train,matched,137,43,2019-08-01,2019-03-11,inner_train,True,94.0,True,0.4138333577786808,True
inner_2020,2025,train,matched,138,94,2019-08-02,2019-05-29,inner_train,True,44.0,True,0.323227009871192,True
inner_2020,2025,train,matched,139,43,2019-08-05,2019-03-11,inner_train,True,96.0,True,0.15762894420358275,True
inner_2020,2025,train,matched,140,93,2019-08-06,2019-05-28,inner_train,True,47.0,True,0.26314888592790897,True
inner_2020,2025,train,matched,141,41,2019-08-07,2019-03-07,inner_train,True,100.0,True,0.1231326854036241,True
inner_2020,2025,train,matched,142,136,2019-08-08,2019-07-31,inner_train,True,6.0,True,0.10802363307730989,True
inner_2020,2025,train,matched,143,136,2019-08-09,2019-07-31,inner_train,True,7.0,True,0.06595796779179741,True
inner_2020,2025,train,matched,144,41,2019-08-13,2019-03-07,inner_train,True,103.0,True,0.1458409884515408,True
inner_2020,2025,train,matched,145,38,2019-08-14,2019-03-04,inner_train,True,107.0,True,0.3824093318082382,True
inner_2020,2025,train,matched,146,89,2019-08-15,2019-05-22,inner_train,True,57.0,True,0.38140896525392876,True
inner_2020,2025,train,matched,147,84,2019-08-16,2019-05-14,inner_train,True,63.0,True,0.2541821322475055,True
inner_2020,2025,train,matched,148,90,2019-08-19,2019-05-23,inner_train,True,58.0,True,0.14217448878054206,True
inner_2020,2025,train,matched,149,82,2019-08-20,2019-05-10,inner_train,True,67.0,True,0.2587422808099835,True
inner_2020,2025,train,matched,150,90,2019-08-21,2019-05-23,inner_train,True,60.0,True,0.36829866823289104,True
inner_2020,2025,train,matched,151,81,2019-08-22,2019-05-09,inner_train,True,70.0,True,0.057158413839948796,True
inner_2020,2025,train,matched,152,136,2019-08-23,2019-07-31,inner_train,True,16.0,True,0.0936241020326678,True
inner_2020,2025,train,matched,153,96,2019-08-26,2019-05-31,inner_train,True,57.0,True,0.5612681475961221,True
inner_2020,2025,train,matched,154,96,2019-08-27,2019-05-31,inner_train,True,58.0,True,0.6838704696884546,True
inner_2020,2025,train,matched,155,95,2019-08-28,2019-05-30,inner_train,True,60.0,True,0.8514022032951898,True
inner_2020,2025,train,matched,156,142,2019-08-29,2019-08-08,inner_train,True,14.0,True,0.7321338350226148,True
inner_2020,2025,train,matched,157,54,2019-08-30,2019-03-26,inner_train,True,103.0,True,0.8752746395016713,True
inner_2020,2025,train,matched,158,4,2019-09-02,2019-01-14,inner_train,True,154.0,True,0.04167269640056803,True
inner_2020,2025,train,matched,159,128,2019-09-03,2019-07-18,inner_train,True,31.0,True,0.019048194970694432,True
inner_2020,2025,train,matched,160,74,2019-09-04,2019-04-26,inner_train,True,86.0,True,0.05541583914156911,True
inner_2020,2025,train,matched,161,115,2019-09-05,2019-06-28,inner_train,True,46.0,True,0.020202707317519497,True
inner_2020,2025,train,matched,162,21,2019-09-06,2019-02-06,inner_train,True,141.0,True,0.12570974039860694,True
inner_2020,2025,train,matched,163,16,2019-09-09,2019-01-30,inner_train,True,147.0,True,0.06669137449867257,True
inner_2020,2025,train,matched,164,69,2019-09-10,2019-04-19,inner_train,True,95.0,True,0.09180754925312273,True
inner_2020,2025,train,matched,165,70,2019-09-11,2019-04-22,inner_train,True,95.0,True,0.1261297935851009,True
inner_2020,2025,train,matched,166,107,2019-09-12,2019-06-18,inner_train,True,59.0,True,0.10082852254277208,True
inner_2020,2025,train,matched,167,108,2019-09-13,2019-06-19,inner_train,True,59.0,True,0.09909090264423082,True
inner_2020,2025,train,matched,168,2,2019-09-16,2019-01-10,inner_train,True,166.0,True,0.09763846956391609,True
inner_2020,2025,train,matched,169,8,2019-09-17,2019-01-18,inner_train,True,161.0,True,0.28768207245178123,True
inner_2020,2025,train,matched,170,9,2019-09-18,2019-01-21,inner_train,True,161.0,True,0.3995999886557664,True
inner_2020,2025,train,matched,171,10,2019-09-19,2019-01-22,inner_train,True,161.0,True,1.2531118302526236,True
inner_2020,2025,train,matched,172,156,2019-09-20,2019-08-29,inner_train,True,16.0,True,0.5953248874661003,True
inner_2020,2025,train,matched,173,94,2019-09-23,2019-05-29,inner_train,True,79.0,True,0.44546237407675715,True
inner_2020,2025,train,matched,174,156,2019-09-24,2019-08-29,inner_train,True,18.0,True,0.14933957673084786,True
inner_2020,2025,train,matched,175,153,2019-09-25,2019-08-26,inner_train,True,22.0,True,0.3925617032722566,True
inner_2020,2025,train,matched,176,42,2019-09-26,2019-03-08,inner_train,True,134.0,True,0.3468357746784303,True
inner_2020,2025,train,matched,177,79,2019-09-27,2019-05-07,inner_train,True,98.0,True,0.15847851996076923,True
inner_2020,2025,train,matched,178,57,2019-09-30,2019-03-29,inner_train,True,121.0,True,0.08890711215452818,True
inner_2020,2025,train,matched,179,42,2019-10-01,2019-03-08,inner_train,True,137.0,True,0.27343004974457896,True
inner_2020,2025,train,matched,180,42,2019-10-02,2019-03-08,inner_train,True,138.0,True,0.31788181231541346,True
inner_2020,2025,train,matched,181,44,2019-10-03,2019-03-12,inner_train,True,137.0,True,0.12169693497751988,True
inner_2020,2025,train,matched,182,95,2019-10-04,2019-05-30,inner_train,True,87.0,True,0.1621188494764354,True
inner_2020,2025,train,matched,183,95,2019-10-07,2019-05-30,inner_train,True,88.0,True,0.16984089557034565,True
inner_2020,2025,train,matched,184,138,2019-10-08,2019-08-02,inner_train,True,46.0,True,0.10008345855698231,True
inner_2020,2025,train,matched,185,139,2019-10-09,2019-08-05,inner_train,True,46.0,True,0.27315397188887136,True
inner_2020,2025,train,matched,186,94,2019-10-10,2019-05-29,inner_train,True,92.0,True,0.2639655458344645,True
inner_2020,2025,train,matched,187,182,2019-10-11,2019-10-04,inner_train,True,5.0,True,0.058840500022933284,True
inner_2020,2025,train,matched,188,7,2019-10-15,2019-01-17,inner_train,True,181.0,True,0.10318423623523065,True
inner_2020,2025,train,matched,189,127,2019-10-16,2019-07-17,inner_train,True,62.0,True,0.09716374845364806,True
inner_2020,2025,train,matched,190,2,2019-10-17,2019-01-10,inner_train,True,188.0,True,0.13976194237515882,True
inner_2020,2025,train,matched,191,4,2019-10-18,2019-01-14,inner_train,True,187.0,True,0.06317890162153139,True
inner_2020,2025,train,matched,192,5,2019-10-21,2019-01-15,inner_train,True,187.0,True,0.09531017980432521,True
inner_2020,2025,train,matched,193,62,2019-10-22,2019-04-05,inner_train,True,131.0,True,0.18115944161377717,True
inner_2020,2025,train,matched,194,170,2019-10-24,2019-09-18,inner_train,True,24.0,True,0.1764564373415567,True
inner_2020,2025,train,matched,195,169,2019-10-25,2019-09-17,inner_train,True,26.0,True,0.0747656505726928,True
inner_2020,2025,train,matched,196,186,2019-10-28,2019-10-10,inner_train,True,10.0,True,0.3101549283038394,True
inner_2020,2025,train,matched,197,185,2019-10-29,2019-10-09,inner_train,True,12.0,True,0.43144059451142525,True
inner_2020,2025,train,matched,198,94,2019-10-30,2019-05-29,inner_train,True,104.0,True,0.11155248590574729,True
inner_2020,2025,train,matched,199,130,2019-10-31,2019-07-22,inner_train,True,69.0,True,0.03509131981126945,True
inner_2020,2025,train,matched,200,133,2019-11-01,2019-07-25,inner_train,True,67.0,True,0.12197842688648608,True
inner_2020,2025,train,matched,201,57,2019-11-04,2019-03-29,inner_train,True,144.0,True,0.3680349057286709,True
inner_2020,2025,train,matched,202,134,2019-11-05,2019-07-26,inner_train,True,68.0,True,0.23770483643303075,True
inner_2020,2025,train,matched,203,134,2019-11-06,2019-07-26,inner_train,True,69.0,True,0.3348685848866779,True
inner_2020,2025,train,matched,204,76,2019-11-07,2019-04-30,inner_train,True,128.0,True,0.07878087785311383,True
inner_2020,2025,train,matched,205,18,2019-11-08,2019-02-01,inner_train,True,187.0,True,0.07685900552561176,True
inner_2020,2025,train,matched,206,76,2019-11-11,2019-04-30,inner_train,True,130.0,True,0.2318658855400897,True
inner_2020,2025,train,matched,207,134,2019-11-12,2019-07-26,inner_train,True,73.0,True,0.3123957290346193,True
inner_2020,2025,train,matched,208,203,2019-11-13,2019-11-06,inner_train,True,5.0,True,0.3677247801253172,True
inner_2020,2025,train,matched,209,201,2019-11-14,2019-11-04,inner_train,True,8.0,True,0.7197664668352233,True
inner_2020,2025,train,matched,210,79,2019-11-15,2019-05-07,inner_train,True,131.0,True,1.2767276907224119,True
inner_2020,2025,train,matched,211,79,2019-11-18,2019-05-07,inner_train,True,132.0,True,1.2547014231852325,True
inner_2020,2025,train,matched,212,207,2019-11-19,2019-11-12,inner_train,True,5.0,True,0.8517522107365836,True
inner_2020,2025,train,matched,213,201,2019-11-20,2019-11-04,inner_train,True,12.0,True,0.4792629546585325,True
inner_2020,2025,train,matched,214,201,2019-11-21,2019-11-04,inner_train,True,13.0,True,0.2461330695389088,True
inner_2020,2025,train,matched,215,207,2019-11-22,2019-11-12,inner_train,True,8.0,True,0.08701137698963013,True
inner_2020,2025,train,matched,216,133,2019-11-25,2019-07-25,inner_train,True,83.0,True,0.06018879701110569,True
inner_2020,2025,train,matched,217,55,2019-11-26,2019-03-27,inner_train,True,162.0,True,0.07096941146786184,True
inner_2020,2025,train,matched,218,97,2019-11-27,2019-06-04,inner_train,True,121.0,True,0.03922071315328157,True
inner_2020,2025,train,matched,219,62,2019-11-28,2019-04-05,inner_train,True,157.0,True,0.0,True
inner_2020,2025,train,matched,220,195,2019-11-29,2019-10-25,inner_train,True,25.0,True,0.0,True
inner_2020,2025,train,matched,221,186,2019-12-02,2019-10-10,inner_train,True,35.0,True,0.1560042484765809,True
inner_2020,2025,train,matched,222,197,2019-12-03,2019-10-29,inner_train,True,25.0,True,0.23621563288156278,True
inner_2020,2025,train,matched,223,183,2019-12-04,2019-10-07,inner_train,True,40.0,True,0.1628346691204583,True
inner_2020,2025,train,matched,224,94,2019-12-06,2019-05-29,inner_train,True,130.0,True,0.08004270767353638,True
inner_2020,2025,train,matched,225,185,2019-12-09,2019-10-09,inner_train,True,40.0,True,0.20264502976586884,True
inner_2020,2025,train,matched,226,182,2019-12-11,2019-10-04,inner_train,True,44.0,True,0.11778303565638337,True
inner_2020,2025,train,matched,227,96,2019-12-12,2019-05-31,inner_train,True,131.0,True,0.14031683002465067,True
inner_2020,2025,train,matched,228,198,2019-12-13,2019-10-30,inner_train,True,30.0,True,0.09097177820572666,True
inner_2020,2025,train,matched,229,222,2019-12-16,2019-12-03,inner_train,True,7.0,True,0.1287581138718652,True
inner_2020,2025,train,matched,230,94,2019-12-17,2019-05-29,inner_train,True,136.0,True,0.06899287148695121,True
inner_2020,2025,train,matched,231,44,2019-12-18,2019-03-12,inner_train,True,187.0,True,0.12169693497751988,True
inner_2020,2025,train,matched,232,45,2019-12-19,2019-03-13,inner_train,True,187.0,True,0.05195140563209977,True
inner_2020,2025,train,matched,233,98,2019-12-20,2019-06-05,inner_train,True,135.0,True,0.06557104575176043,True
inner_2020,2025,train,matched,234,199,2019-12-23,2019-10-31,inner_train,True,35.0,True,0.07961479034063457,True
inner_2020,2025,train,matched,235,216,2019-12-24,2019-11-25,inner_train,True,19.0,True,0.07542376181724153,True
inner_2020,2025,train,matched,236,218,2019-12-25,2019-11-27,inner_train,True,18.0,True,0.07558835732415625,True
inner_2020,2025,train,matched,237,199,2019-12-26,2019-10-31,inner_train,True,38.0,True,0.06669137449867213,True
inner_2020,2025,train,matched,238,130,2019-12-27,2019-07-22,inner_train,True,108.0,True,0.06899287148695077,True
inner_2020,2025,train,matched,239,131,2019-12-30,2019-07-23,inner_train,True,108.0,True,0.05080832832566928,True
inner_2020,2025,train,random,5,0,2019-01-15,2019-01-08,inner_train,True,5.0,True,2.4894806201076367,True
inner_2020,2025,train,random,6,0,2019-01-16,2019-01-08,inner_train,True,6.0,True,2.5955401920679613,True
inner_2020,2025,train,random,7,2,2019-01-17,2019-01-10,inner_train,True,5.0,True,0.5421890734632466,True
inner_2020,2025,train,random,8,3,2019-01-18,2019-01-11,inner_train,True,5.0,True,0.34937564145712097,True
inner_2020,2025,train,random,9,1,2019-01-21,2019-01-09,inner_train,True,8.0,True,0.9679840376059388,True
inner_2020,2025,train,random,10,5,2019-01-22,2019-01-15,inner_train,True,5.0,True,0.7287381256626482,True
inner_2020,2025,train,random,11,5,2019-01-23,2019-01-15,inner_train,True,6.0,True,0.7200800629195334,True
inner_2020,2025,train,random,17,8,2019-01-31,2019-01-18,inner_train,True,9.0,False,0.547454222896147,True
inner_2020,2025,train,random,18,11,2019-02-01,2019-01-23,inner_train,True,7.0,False,0.9584910863645315,True
inner_2020,2025,train,random,19,11,2019-02-04,2019-01-23,inner_train,True,8.0,False,0.8204631768750521,True
inner_2020,2025,train,random,20,15,2019-02-05,2019-01-29,inner_train,True,5.0,True,0.5069720544500007,True
inner_2020,2025,train,random,21,6,2019-02-06,2019-01-16,inner_train,True,15.0,False,0.2657450935751955,True
inner_2020,2025,train,random,22,1,2019-02-07,2019-01-09,inner_train,True,21.0,False,1.6479896897427104,True
inner_2020,2025,train,random,23,8,2019-02-08,2019-01-18,inner_train,True,15.0,False,0.19189100781010504,True
inner_2020,2025,train,random,24,6,2019-02-11,2019-01-16,inner_train,True,18.0,False,0.058268908123976004,True
inner_2020,2025,train,random,25,10,2019-02-12,2019-01-22,inner_train,True,15.0,False,0.5797025465021597,True
inner_2020,2025,train,random,26,20,2019-02-13,2019-02-05,inner_train,True,6.0,True,0.24747565197374044,True
inner_2020,2025,train,random,27,22,2019-02-14,2019-02-07,inner_train,True,5.0,True,0.38807336539629533,True
inner_2020,2025,train,random,28,16,2019-02-15,2019-01-30,inner_train,True,12.0,False,0.2921364228011609,True
inner_2020,2025,train,random,29,15,2019-02-18,2019-01-29,inner_train,True,14.0,False,0.813636577814072,True
inner_2020,2025,train,random,30,7,2019-02-20,2019-01-17,inner_train,True,23.0,True,0.21825356602001778,True
inner_2020,2025,train,random,31,0,2019-02-21,2019-01-08,inner_train,True,31.0,True,2.375536360758419,True
inner_2020,2025,train,random,32,10,2019-02-22,2019-01-22,inner_train,True,22.0,False,0.7146533857809088,True
inner_2020,2025,train,random,33,13,2019-02-25,2019-01-25,inner_train,True,20.0,True,0.19440108244855558,True
inner_2020,2025,train,random,34,6,2019-02-26,2019-01-16,inner_train,True,28.0,False,0.20618903820059797,True
inner_2020,2025,train,random,35,24,2019-02-27,2019-02-11,inner_train,True,11.0,True,0.31334981920035876,True
inner_2020,2025,train,random,36,5,2019-02-28,2019-01-15,inner_train,True,31.0,True,0.4585749334221121,True
inner_2020,2025,train,random,37,15,2019-03-01,2019-01-29,inner_train,True,22.0,False,0.37223946047984446,True
inner_2020,2025,train,random,43,5,2019-03-11,2019-01-15,inner_train,True,38.0,False,0.40831006024039596,True
inner_2020,2025,train,random,44,13,2019-03-12,2019-01-25,inner_train,True,31.0,False,0.10300480196536732,True
inner_2020,2025,train,random,45,39,2019-03-13,2019-03-05,inner_train,True,6.0,False,0.13798574297390287,True
inner_2020,2025,train,random,46,28,2019-03-14,2019-02-15,inner_train,True,18.0,True,0.14434230872873854,True
inner_2020,2025,train,random,47,18,2019-03-15,2019-02-01,inner_train,True,29.0,False,0.4989587569860916,True
inner_2020,2025,train,random,48,9,2019-03-18,2019-01-21,inner_train,True,39.0,True,0.5917005642232556,True
inner_2020,2025,train,random,49,2,2019-03-19,2019-01-10,inner_train,True,47.0,True,0.5007752879124894,True
inner_2020,2025,train,random,50,40,2019-03-20,2019-03-06,inner_train,True,10.0,False,0.4072783452323452,True
inner_2020,2025,train,random,51,23,2019-03-21,2019-02-08,inner_train,True,28.0,False,0.19574457712609528,True
inner_2020,2025,train,random,52,29,2019-03-22,2019-02-18,inner_train,True,23.0,False,0.03636764417087468,True
inner_2020,2025,train,random,53,14,2019-03-25,2019-01-28,inner_train,True,39.0,False,1.152600598910528,True
inner_2020,2025,train,random,54,2,2019-03-26,2019-01-10,inner_train,True,52.0,True,0.45798314239161053,True
inner_2020,2025,train,random,55,10,2019-03-27,2019-01-22,inner_train,True,45.0,True,0.8093186123219871,True
inner_2020,2025,train,random,56,7,2019-03-28,2019-01-17,inner_train,True,49.0,True,0.2876820724517808,True
inner_2020,2025,train,random,57,10,2019-03-29,2019-01-22,inner_train,True,47.0,True,1.1739617259098964,True
inner_2020,2025,train,random,58,7,2019-04-01,2019-01-17,inner_train,True,51.0,False,0.3861221452650332,True
inner_2020,2025,train,random,59,31,2019-04-02,2019-02-21,inner_train,True,28.0,False,0.518009787102959,True
inner_2020,2025,train,random,60,6,2019-04-03,2019-01-16,inner_train,True,54.0,False,0.17178405149116882,True
inner_2020,2025,train,random,61,33,2019-04-04,2019-02-25,inner_train,True,28.0,True,0.2820860869476598,True
inner_2020,2025,train,random,62,33,2019-04-05,2019-02-25,inner_train,True,29.0,False,0.42845462633286324,True
inner_2020,2025,train,random,63,52,2019-04-09,2019-03-22,inner_train,True,11.0,True,0.16779345623104502,True
inner_2020,2025,train,random,64,28,2019-04-10,2019-02-15,inner_train,True,36.0,False,0.6523251860396906,True
inner_2020,2025,train,random,65,6,2019-04-11,2019-01-16,inner_train,True,59.0,False,0.8612309546911279,True
inner_2020,2025,train,random,66,19,2019-04-12,2019-02-04,inner_train,True,47.0,True,0.7645827184805958,True
inner_2020,2025,train,random,67,31,2019-04-17,2019-02-21,inner_train,True,36.0,False,0.4324723095194756,True
inner_2020,2025,train,random,68,19,2019-04-18,2019-02-04,inner_train,True,49.0,True,0.619400708636098,True
inner_2020,2025,train,random,69,18,2019-04-19,2019-02-01,inner_train,True,51.0,True,0.25676016211319475,True
inner_2020,2025,train,random,70,16,2019-04-22,2019-01-30,inner_train,True,54.0,True,0.5543518888158814,True
inner_2020,2025,train,random,71,32,2019-04-23,2019-02-22,inner_train,True,39.0,True,0.37772835313656516,True
inner_2020,2025,train,random,72,61,2019-04-24,2019-04-04,inner_train,True,11.0,True,0.19189100781010504,True
inner_2020,2025,train,random,73,65,2019-04-25,2019-04-11,inner_train,True,8.0,True,0.7181301110504545,True
inner_2020,2025,train,random,74,49,2019-04-26,2019-03-19,inner_train,True,25.0,False,0.39071429835001625,True
inner_2020,2025,train,random,75,65,2019-04-29,2019-04-11,inner_train,True,10.0,False,0.9985288301111273,True
inner_2020,2025,train,random,76,71,2019-04-30,2019-04-23,inner_train,True,5.0,True,0.8848492060393354,True
inner_2020,2025,train,random,77,55,2019-05-02,2019-03-27,inner_train,True,22.0,False,0.5072061782427792,True
inner_2020,2025,train,random,78,63,2019-05-03,2019-04-09,inner_train,True,15.0,True,1.0846260466933697,True
inner_2020,2025,train,random,79,58,2019-05-07,2019-04-01,inner_train,True,21.0,False,0.14297433342480392,True
inner_2020,2025,train,random,80,35,2019-05-08,2019-02-27,inner_train,True,45.0,False,0.04587045406609702,True
inner_2020,2025,train,random,81,21,2019-05-09,2019-02-06,inner_train,True,60.0,False,0.20803576832223758,True
inner_2020,2025,train,random,82,73,2019-05-10,2019-04-25,inner_train,True,9.0,False,0.8530865885634475,True
inner_2020,2025,train,random,83,40,2019-05-13,2019-03-06,inner_train,True,43.0,True,1.1287493830883477,True
inner_2020,2025,train,random,84,9,2019-05-14,2019-01-21,inner_train,True,75.0,False,2.1203576494183625,True
inner_2020,2025,train,random,85,65,2019-05-15,2019-04-11,inner_train,True,20.0,False,2.6855773452501515,True
inner_2020,2025,train,random,86,5,2019-05-16,2019-01-15,inner_train,True,81.0,False,2.3439551890274717,True
inner_2020,2025,train,random,87,63,2019-05-17,2019-04-09,inner_train,True,24.0,False,2.5185232605869854,True
inner_2020,2025,train,random,88,23,2019-05-21,2019-02-08,inner_train,True,65.0,False,1.9592001295478734,True
inner_2020,2025,train,random,89,48,2019-05-22,2019-03-18,inner_train,True,41.0,False,1.5023397768777338,True
inner_2020,2025,train,random,90,53,2019-05-23,2019-03-25,inner_train,True,37.0,False,1.941402252616124,True
inner_2020,2025,train,random,91,74,2019-05-24,2019-04-26,inner_train,True,17.0,False,0.30463163076555455,True
inner_2020,2025,train,random,92,83,2019-05-27,2019-05-13,inner_train,True,9.0,True,1.148262197311929,True
inner_2020,2025,train,random,93,75,2019-05-28,2019-04-29,inner_train,True,18.0,False,0.24475702773474728,True
inner_2020,2025,train,random,94,41,2019-05-29,2019-03-07,inner_train,True,53.0,True,0.38077249551779246,True
inner_2020,2025,train,random,95,33,2019-05-30,2019-02-25,inner_train,True,62.0,False,0.298251023801015,True
inner_2020,2025,train,random,96,44,2019-05-31,2019-03-12,inner_train,True,52.0,True,0.2893173957925117,True
inner_2020,2025,train,random,97,42,2019-06-04,2019-03-08,inner_train,True,55.0,False,0.36365055767515786,True
inner_2020,2025,train,random,98,31,2019-06-05,2019-02-21,inner_train,True,67.0,True,0.35235528279421624,True
inner_2020,2025,train,random,99,28,2019-06-06,2019-02-15,inner_train,True,71.0,False,0.26339395393550724,True
inner_2020,2025,train,random,100,33,2019-06-07,2019-02-25,inner_train,True,67.0,True,0.2743039465056052,True
inner_2020,2025,train,random,101,78,2019-06-10,2019-05-03,inner_train,True,23.0,True,0.7747560592662266,True
inner_2020,2025,train,random,102,30,2019-06-11,2019-02-20,inner_train,True,72.0,False,0.2784731333664716,True
inner_2020,2025,train,random,103,48,2019-06-12,2019-03-18,inner_train,True,55.0,False,0.8446970786871466,True
inner_2020,2025,train,random,104,16,2019-06-13,2019-01-30,inner_train,True,88.0,True,0.7935815778817155,True
inner_2020,2025,train,random,105,56,2019-06-14,2019-03-28,inner_train,True,49.0,False,0.5675068814475361,True
inner_2020,2025,train,random,106,95,2019-06-17,2019-05-30,inner_train,True,11.0,False,0.12505430533961892,True
inner_2020,2025,train,random,107,49,2019-06-18,2019-03-19,inner_train,True,58.0,False,0.46927662085311805,True
inner_2020,2025,train,random,108,42,2019-06-19,2019-03-08,inner_train,True,66.0,False,0.39853781667559796,True
inner_2020,2025,train,random,109,26,2019-06-20,2019-02-13,inner_train,True,83.0,True,0.34182158723374556,True
inner_2020,2025,train,random,110,30,2019-06-21,2019-02-20,inner_train,True,80.0,False,0.3274528579850098,True
inner_2020,2025,train,random,111,105,2019-06-24,2019-06-14,inner_train,True,6.0,True,0.3553323615039008,True
inner_2020,2025,train,random,112,15,2019-06-25,2019-01-29,inner_train,True,97.0,True,0.5198754592859087,True
inner_2020,2025,train,random,113,60,2019-06-26,2019-04-03,inner_train,True,53.0,True,0.45319651092935453,True
inner_2020,2025,train,random,114,51,2019-06-27,2019-03-21,inner_train,True,63.0,False,0.3593740009078976,True
inner_2020,2025,train,random,115,107,2019-06-28,2019-06-18,inner_train,True,8.0,True,0.17435338714477755,True
inner_2020,2025,train,random,116,49,2019-07-01,2019-03-19,inner_train,True,67.0,False,0.27763173659827967,True
inner_2020,2025,train,random,117,25,2019-07-02,2019-02-12,inner_train,True,92.0,True,0.16941815195804644,True
inner_2020,2025,train,random,118,54,2019-07-03,2019-03-26,inner_train,True,64.0,False,0.1625189294977747,True
inner_2020,2025,train,random,119,103,2019-07-04,2019-06-12,inner_train,True,16.0,True,0.1705336010419125,True
inner_2020,2025,train,random,120,28,2019-07-05,2019-02-15,inner_train,True,92.0,False,0.528844129268669,True
inner_2020,2025,train,random,121,37,2019-07-08,2019-03-01,inner_train,True,84.0,False,0.6047362232158924,True
inner_2020,2025,train,random,122,77,2019-07-09,2019-05-02,inner_train,True,45.0,True,0.931558204004943,True
inner_2020,2025,train,random,123,39,2019-07-10,2019-03-05,inner_train,True,84.0,False,0.334696037219957,True
inner_2020,2025,train,random,124,0,2019-07-11,2019-01-08,inner_train,True,124.0,False,2.2271163556401454,True
inner_2020,2025,train,random,125,86,2019-07-12,2019-05-16,inner_train,True,39.0,False,2.484906649788001,True
inner_2020,2025,train,random,126,79,2019-07-15,2019-05-07,inner_train,True,47.0,False,0.6779826102609001,True
inner_2020,2025,train,random,127,92,2019-07-17,2019-05-27,inner_train,True,35.0,False,0.14556693613586713,True
inner_2020,2025,train,random,128,107,2019-07-18,2019-06-18,inner_train,True,21.0,False,0.1383116157975124,True
inner_2020,2025,train,random,129,121,2019-07-19,2019-07-08,inner_train,True,8.0,False,0.5453013695350464,True
inner_2020,2025,train,random,130,5,2019-07-22,2019-01-15,inner_train,True,125.0,True,0.1939091719663426,True
inner_2020,2025,train,random,131,121,2019-07-23,2019-07-08,inner_train,True,10.0,False,0.5441116013994582,True
inner_2020,2025,train,random,132,96,2019-07-24,2019-05-31,inner_train,True,36.0,False,0.5289902490579323,True
inner_2020,2025,train,random,133,120,2019-07-25,2019-07-05,inner_train,True,13.0,False,1.0307010830518988,True
inner_2020,2025,train,random,134,45,2019-07-26,2019-03-13,inner_train,True,89.0,True,0.390903822989344,True
inner_2020,2025,train,random,135,83,2019-07-30,2019-05-13,inner_train,True,52.0,True,0.9891975026822415,True
inner_2020,2025,train,random,136,127,2019-07-31,2019-07-17,inner_train,True,9.0,False,0.3464758096324605,True
inner_2020,2025,train,random,137,53,2019-08-01,2019-03-25,inner_train,True,84.0,False,0.35577498887574155,True
inner_2020,2025,train,random,138,127,2019-08-02,2019-07-17,inner_train,True,11.0,False,0.42550585899161053,True
inner_2020,2025,train,random,139,18,2019-08-05,2019-02-01,inner_train,True,121.0,False,0.389071298332488,True
inner_2020,2025,train,random,140,37,2019-08-06,2019-03-01,inner_train,True,103.0,False,0.34830669426821537,True
inner_2020,2025,train,random,141,52,2019-08-07,2019-03-22,inner_train,True,89.0,False,0.09615157657251672,True
inner_2020,2025,train,random,142,132,2019-08-08,2019-07-24,inner_train,True,10.0,False,0.42937451735699783,True
inner_2020,2025,train,random,143,43,2019-08-09,2019-03-11,inner_train,True,100.0,True,0.022472855852058604,True
inner_2020,2025,train,random,144,90,2019-08-13,2019-05-23,inner_train,True,54.0,True,1.1190433405761726,True
inner_2020,2025,train,random,145,86,2019-08-14,2019-05-16,inner_train,True,59.0,True,1.574429887779266,True
inner_2020,2025,train,random,146,29,2019-08-15,2019-02-18,inner_train,True,117.0,False,1.412091148451911,True
inner_2020,2025,train,random,147,79,2019-08-16,2019-05-07,inner_train,True,68.0,False,0.8466913218837417,True
inner_2020,2025,train,random,148,78,2019-08-19,2019-05-03,inner_train,True,70.0,False,0.61134235789301,True
inner_2020,2025,train,random,149,15,2019-08-20,2019-01-29,inner_train,True,134.0,False,0.48080416625345146,True
inner_2020,2025,train,random,150,40,2019-08-21,2019-03-06,inner_train,True,110.0,True,0.6637332953536519,True
inner_2020,2025,train,random,151,70,2019-08-22,2019-04-22,inner_train,True,81.0,False,0.6031420529853135,True
inner_2020,2025,train,random,152,101,2019-08-23,2019-06-10,inner_train,True,51.0,False,0.19452474600855707,True
inner_2020,2025,train,random,153,124,2019-08-26,2019-07-11,inner_train,True,29.0,False,0.5345308929576063,True
inner_2020,2025,train,random,154,96,2019-08-27,2019-05-31,inner_train,True,58.0,True,0.6838704696884546,True
inner_2020,2025,train,random,155,99,2019-08-28,2019-06-06,inner_train,True,56.0,False,1.207505555334965,True
inner_2020,2025,train,random,156,24,2019-08-29,2019-02-11,inner_train,True,132.0,False,0.7935365372428902,True
inner_2020,2025,train,random,157,9,2019-08-30,2019-01-21,inner_train,True,148.0,True,0.8752746395016713,True
inner_2020,2025,train,random,158,141,2019-09-02,2019-08-07,inner_train,True,17.0,False,0.39306976165344665,True
inner_2020,2025,train,random,159,13,2019-09-03,2019-01-25,inner_train,True,146.0,False,0.16214903861136776,True
inner_2020,2025,train,random,160,154,2019-09-04,2019-08-27,inner_train,True,6.0,False,0.8781227536842398,True
inner_2020,2025,train,random,161,26,2019-09-05,2019-02-13,inner_train,True,135.0,True,0.2094447069560479,True
inner_2020,2025,train,random,162,74,2019-09-06,2019-04-26,inner_train,True,88.0,True,0.2644440638051093,True
inner_2020,2025,train,random,163,131,2019-09-09,2019-07-23,inner_train,True,32.0,False,0.13568424598562334,True
inner_2020,2025,train,random,164,59,2019-09-10,2019-04-02,inner_train,True,105.0,True,0.33060711716881475,True
inner_2020,2025,train,random,165,159,2019-09-11,2019-09-03,inner_train,True,6.0,False,0.14202040794943427,True
inner_2020,2025,train,random,166,12,2019-09-12,2019-01-24,inner_train,True,154.0,True,0.49832546100175934,True
inner_2020,2025,train,random,167,67,2019-09-13,2019-04-17,inner_train,True,100.0,True,0.4293325895148081,True
inner_2020,2025,train,random,168,102,2019-09-16,2019-06-11,inner_train,True,66.0,False,0.3031862589877461,True
inner_2020,2025,train,random,169,163,2019-09-17,2019-09-09,inner_train,True,6.0,False,0.8351362953479287,True
inner_2020,2025,train,random,170,91,2019-09-18,2019-05-24,inner_train,True,79.0,False,1.2060758545227155,True
inner_2020,2025,train,random,171,142,2019-09-19,2019-08-08,inner_train,True,29.0,False,1.9242801040937936,True
inner_2020,2025,train,random,172,20,2019-09-20,2019-02-05,inner_train,True,152.0,False,1.4280821378622721,True
inner_2020,2025,train,random,173,26,2019-09-23,2019-02-13,inner_train,True,147.0,False,0.6127724970487223,True
inner_2020,2025,train,random,174,50,2019-09-24,2019-03-20,inner_train,True,124.0,False,0.7609814471019463,True
inner_2020,2025,train,random,175,127,2019-09-25,2019-07-17,inner_train,True,48.0,False,0.49245711082191823,True
inner_2020,2025,train,random,176,35,2019-09-26,2019-02-27,inner_train,True,141.0,False,0.2748071475019551,True
inner_2020,2025,train,random,177,104,2019-09-27,2019-06-13,inner_train,True,73.0,False,0.998787428509258,True
inner_2020,2025,train,random,178,140,2019-09-30,2019-08-06,inner_train,True,38.0,False,0.5463766080303092,True
inner_2020,2025,train,random,179,96,2019-10-01,2019-05-31,inner_train,True,83.0,True,0.6649295407509945,True
inner_2020,2025,train,random,180,157,2019-10-02,2019-08-30,inner_train,True,23.0,False,1.8896886593241748,True
inner_2020,2025,train,random,181,117,2019-10-03,2019-07-02,inner_train,True,64.0,False,0.4432054360910116,True
inner_2020,2025,train,random,182,9,2019-10-04,2019-01-21,inner_train,True,173.0,False,0.3572630062902866,True
inner_2020,2025,train,random,183,175,2019-10-07,2019-09-25,inner_train,True,8.0,True,0.7202410416926304,True
inner_2020,2025,train,random,184,130,2019-10-08,2019-07-22,inner_train,True,54.0,False,0.5376807110691675,True
inner_2020,2025,train,random,185,34,2019-10-09,2019-02-26,inner_train,True,151.0,False,0.45276182281122956,True
inner_2020,2025,train,random,186,144,2019-10-10,2019-08-13,inner_train,True,42.0,True,0.5227541946312648,True
inner_2020,2025,train,random,187,172,2019-10-11,2019-09-20,inner_train,True,15.0,True,1.192035181712154,True
inner_2020,2025,train,random,188,146,2019-10-15,2019-08-15,inner_train,True,42.0,False,1.2619304988558535,True
inner_2020,2025,train,random,189,62,2019-10-16,2019-04-05,inner_train,True,127.0,True,0.21066289009060046,True
inner_2020,2025,train,random,190,168,2019-10-17,2019-09-16,inner_train,True,22.0,True,0.2374004119390749,True
inner_2020,2025,train,random,191,144,2019-10-18,2019-08-13,inner_train,True,47.0,False,0.36101334553733055,True
inner_2020,2025,train,random,192,110,2019-10-21,2019-06-21,inner_train,True,82.0,False,0.019802627296179764,True
inner_2020,2025,train,random,193,52,2019-10-22,2019-03-22,inner_train,True,141.0,False,0.2513144282809061,True
inner_2020,2025,train,random,194,34,2019-10-24,2019-02-26,inner_train,True,160.0,False,0.7722845011186692,True
inner_2020,2025,train,random,195,47,2019-10-25,2019-03-15,inner_train,True,148.0,True,0.32277339226305113,True
inner_2020,2025,train,random,196,27,2019-10-28,2019-02-14,inner_train,True,169.0,False,0.6592456288842641,True
inner_2020,2025,train,random,197,11,2019-10-29,2019-01-23,inner_train,True,186.0,False,0.3320549239947579,True
inner_2020,2025,train,random,198,120,2019-10-30,2019-07-05,inner_train,True,78.0,False,0.1986024423980921,True
inner_2020,2025,train,random,199,132,2019-10-31,2019-07-24,inner_train,True,67.0,True,0.14280417375790755,True
inner_2020,2025,train,random,200,74,2019-11-01,2019-04-26,inner_train,True,126.0,False,0.5801603171670542,True
inner_2020,2025,train,random,201,71,2019-11-04,2019-04-23,inner_train,True,130.0,False,1.1629647805985583,True
inner_2020,2025,train,random,202,16,2019-11-05,2019-01-30,inner_train,True,186.0,False,0.4906229164484719,True
inner_2020,2025,train,random,203,85,2019-11-06,2019-05-15,inner_train,True,118.0,False,1.112507076986926,True
inner_2020,2025,train,random,204,98,2019-11-07,2019-06-05,inner_train,True,106.0,False,0.2179510301185843,True
inner_2020,2025,train,random,205,199,2019-11-08,2019-10-31,inner_train,True,6.0,False,0.1564521768155367,True
inner_2020,2025,train,random,206,2,2019-11-11,2019-01-10,inner_train,True,204.0,False,1.0170826880031738,True
inner_2020,2025,train,random,207,64,2019-11-12,2019-04-10,inner_train,True,143.0,False,1.509775417890912,True
inner_2020,2025,train,random,208,187,2019-11-13,2019-10-11,inner_train,True,21.0,False,1.3346592448182273,True
inner_2020,2025,train,random,209,168,2019-11-14,2019-09-16,inner_train,True,41.0,True,2.1391607763814586,True
inner_2020,2025,train,random,210,116,2019-11-15,2019-07-01,inner_train,True,94.0,False,2.0613722949321263,True
inner_2020,2025,train,random,211,114,2019-11-18,2019-06-27,inner_train,True,97.0,False,1.716925544229384,True
inner_2020,2025,train,random,212,102,2019-11-19,2019-06-11,inner_train,True,110.0,False,2.1102132003465894,True
inner_2020,2025,train,random,213,26,2019-11-20,2019-02-13,inner_train,True,187.0,False,1.4529857356185625,True
inner_2020,2025,train,random,214,86,2019-11-21,2019-05-16,inner_train,True,128.0,False,1.2845636135126437,True
inner_2020,2025,train,random,215,52,2019-11-22,2019-03-22,inner_train,True,163.0,False,0.9644354432360491,True
inner_2020,2025,train,random,216,4,2019-11-25,2019-01-14,inner_train,True,212.0,True,0.6833388094614254,True
inner_2020,2025,train,random,217,22,2019-11-26,2019-02-07,inner_train,True,195.0,False,0.12257920791987642,True
inner_2020,2025,train,random,218,28,2019-11-27,2019-02-15,inner_train,True,190.0,True,0.08004270767353638,True
inner_2020,2025,train,random,219,51,2019-11-28,2019-03-21,inner_train,True,168.0,True,0.3044328828765961,True
inner_2020,2025,train,random,220,192,2019-11-29,2019-10-21,inner_train,True,28.0,True,0.4880109459998194,True
inner_2020,2025,train,random,221,189,2019-12-02,2019-10-16,inner_train,True,32.0,False,0.503526321284379,True
inner_2020,2025,train,random,222,144,2019-12-03,2019-08-13,inner_train,True,78.0,True,0.6787584431078457,True
inner_2020,2025,train,random,223,177,2019-12-04,2019-09-27,inner_train,True,46.0,False,0.8442858099172121,True
inner_2020,2025,train,random,224,109,2019-12-06,2019-06-20,inner_train,True,115.0,False,0.16362942378180234,True
inner_2020,2025,train,random,225,127,2019-12-09,2019-07-17,inner_train,True,98.0,False,0.4480247225269607,True
inner_2020,2025,train,random,226,14,2019-12-11,2019-01-28,inner_train,True,212.0,False,0.6706743247078863,True
inner_2020,2025,train,random,227,59,2019-12-12,2019-04-02,inner_train,True,168.0,False,0.49937570755806604,True
inner_2020,2025,train,random,228,73,2019-12-13,2019-04-25,inner_train,True,155.0,False,0.4461963955668127,True
inner_2020,2025,train,random,229,147,2019-12-16,2019-08-16,inner_train,True,82.0,True,1.9293032692054104,True
inner_2020,2025,train,random,230,83,2019-12-17,2019-05-13,inner_train,True,147.0,True,1.6251862694022385,True
inner_2020,2025,train,random,231,146,2019-12-18,2019-08-15,inner_train,True,85.0,True,1.0676862971049927,True
inner_2020,2025,train,random,232,198,2019-12-19,2019-10-30,inner_train,True,34.0,False,0.47284637570077415,True
inner_2020,2025,train,random,233,137,2019-12-20,2019-08-01,inner_train,True,96.0,False,0.7108467576593465,True
inner_2020,2025,train,random,234,152,2019-12-23,2019-08-23,inner_train,True,82.0,False,0.2280347954589077,True
inner_2020,2025,train,random,235,2,2019-12-24,2019-01-10,inner_train,True,233.0,True,0.9728029421374971,True
inner_2020,2025,train,random,236,53,2019-12-25,2019-03-25,inner_train,True,183.0,True,0.7050698255168513,True
inner_2020,2025,train,random,237,69,2019-12-26,2019-04-19,inner_train,True,168.0,False,0.24846135929849922,True
inner_2020,2025,train,random,238,49,2019-12-27,2019-03-19,inner_train,True,189.0,True,0.395664803509872,True
inner_2020,2025,train,random,239,105,2019-12-30,2019-06-14,inner_train,True,134.0,False,0.4220237360025729,True
inner_2020,2025,validation,matched,0,239,2020-01-02,2019-12-30,inner_train,True,,True,0.06983109450334002,False
inner_2020,2025,validation,matched,1,217,2020-01-03,2019-11-26,inner_train,True,,True,0.08395660699467289,False
inner_2020,2025,validation,matched,2,158,2020-01-06,2019-09-02,inner_train,True,,True,0.10851758221059349,False
inner_2020,2025,validation,matched,3,220,2020-01-07,2019-11-29,inner_train,True,,True,0.07249550203815369,False
inner_2020,2025,validation,matched,4,158,2020-01-08,2019-09-02,inner_train,True,,True,0.13150710043529212,False
inner_2020,2025,validation,matched,5,169,2020-01-09,2019-09-17,inner_train,True,,True,0.1753528874778616,False
inner_2020,2025,validation,matched,6,194,2020-01-10,2019-10-24,inner_train,True,,True,0.16874947924841077,False
inner_2020,2025,validation,matched,7,62,2020-01-13,2019-04-05,inner_train,True,,True,0.20585205420414887,False
inner_2020,2025,validation,matched,8,220,2020-01-14,2019-11-29,inner_train,True,,True,0.1450389994760024,False
inner_2020,2025,validation,matched,9,169,2020-01-15,2019-09-17,inner_train,True,,True,0.13976194237515882,False
inner_2020,2025,validation,matched,10,195,2020-01-16,2019-10-25,inner_train,True,,True,0.09781331002244364,False
inner_2020,2025,validation,matched,11,195,2020-01-17,2019-10-25,inner_train,True,,True,0.02597548640326064,False
inner_2020,2025,validation,matched,12,168,2020-01-20,2019-09-16,inner_train,True,,True,0.10143389765485411,False
inner_2020,2025,validation,matched,13,195,2020-01-21,2019-10-25,inner_train,True,,True,0.07598590697792229,False
inner_2020,2025,validation,matched,14,169,2020-01-22,2019-09-17,inner_train,True,,True,0.13133600206108698,False
inner_2020,2025,validation,matched,15,190,2020-01-23,2019-10-17,inner_train,True,,True,0.1118930433663663,False
inner_2020,2025,validation,matched,16,4,2020-01-24,2019-01-14,inner_train,True,,True,0.13972336287244413,False
inner_2020,2025,validation,matched,17,226,2020-01-27,2019-12-11,inner_train,True,,True,0.22488117121275097,False
inner_2020,2025,validation,matched,18,226,2020-01-28,2019-12-11,inner_train,True,,True,0.10536051565782634,False
inner_2020,2025,validation,matched,19,227,2020-01-29,2019-12-12,inner_train,True,,True,0.18232155679395445,False
inner_2020,2025,validation,matched,20,95,2020-01-30,2019-05-30,inner_train,True,,True,0.04082199452025481,False
inner_2020,2025,validation,matched,21,226,2020-01-31,2019-12-11,inner_train,True,,True,0.1304964889293685,False
inner_2020,2025,validation,matched,22,94,2020-02-03,2019-05-29,inner_train,True,,True,0.1445812288111079,False
inner_2020,2025,validation,matched,23,93,2020-02-04,2019-05-28,inner_train,True,,True,0.12861737782209337,False
inner_2020,2025,validation,matched,24,91,2020-02-05,2019-05-24,inner_train,True,,True,0.14286272005340672,False
inner_2020,2025,validation,matched,25,92,2020-02-06,2019-05-27,inner_train,True,,True,0.10655028379341447,False
inner_2020,2025,validation,matched,26,231,2020-02-07,2019-12-18,inner_train,True,,True,0.2038005884710783,False
inner_2020,2025,validation,matched,27,92,2020-02-11,2019-05-27,inner_train,True,,True,0.1686227124357922,False
inner_2020,2025,validation,matched,28,179,2020-02-12,2019-10-01,inner_train,True,,True,0.22677331936478895,False
inner_2020,2025,validation,matched,29,226,2020-02-13,2019-12-11,inner_train,True,,True,0.21868920096483002,False
inner_2020,2025,validation,matched,30,231,2020-02-14,2019-12-18,inner_train,True,,True,0.12370965432602299,False
inner_2020,2025,validation,matched,31,176,2020-02-17,2019-09-26,inner_train,True,,True,0.170324209785488,False
inner_2020,2025,validation,matched,32,174,2020-02-18,2019-09-24,inner_train,True,,True,0.321158001648171,False
inner_2020,2025,validation,matched,33,173,2020-02-19,2019-09-23,inner_train,True,,True,0.0,False
inner_2020,2025,validation,matched,34,156,2020-02-20,2019-08-29,inner_train,True,,True,0.28817602158506395,False
inner_2020,2025,validation,matched,35,91,2020-02-21,2019-05-24,inner_train,True,,True,0.562407316126377,False
inner_2020,2025,validation,matched,36,153,2020-02-24,2019-08-26,inner_train,True,,True,0.1479201300766224,False
inner_2020,2025,validation,matched,37,224,2020-02-25,2019-12-06,inner_train,True,,True,0.03774032798284699,False
inner_2020,2025,validation,matched,38,91,2020-02-26,2019-05-24,inner_train,True,,True,0.047871468652359805,False
inner_2020,2025,validation,matched,39,42,2020-02-27,2019-03-08,inner_train,True,,True,0.054067221270275745,False
inner_2020,2025,validation,matched,40,153,2020-02-28,2019-08-26,inner_train,True,,True,0.11570186945255889,False
inner_2020,2025,validation,matched,41,154,2020-03-02,2019-08-27,inner_train,True,,True,0.24590053843682558,False
inner_2020,2025,validation,matched,42,153,2020-03-03,2019-08-26,inner_train,True,,True,0.16841865162496328,False
inner_2020,2025,validation,matched,43,155,2020-03-04,2019-08-28,inner_train,True,,True,0.507486722500476,False
inner_2020,2025,validation,matched,44,172,2020-03-05,2019-09-20,inner_train,True,,True,0.35256020982627234,False
inner_2020,2025,validation,matched,45,196,2020-03-06,2019-10-28,inner_train,True,,True,0.3337212032493233,False
inner_2020,2025,validation,matched,46,186,2020-03-09,2019-10-10,inner_train,True,,True,0.19474407679251193,False
inner_2020,2025,validation,matched,47,223,2020-03-10,2019-12-04,inner_train,True,,True,0.12306009275722696,False
inner_2020,2025,validation,matched,48,184,2020-03-11,2019-10-08,inner_train,True,,True,0.08004270767353638,False
inner_2020,2025,validation,matched,49,184,2020-03-12,2019-10-08,inner_train,True,,True,0.03774032798284699,False
inner_2020,2025,validation,matched,50,44,2020-03-13,2019-03-12,inner_train,True,,True,0.07175403292827953,False
inner_2020,2025,validation,matched,51,135,2020-03-16,2019-07-30,inner_train,True,,True,0.06622060732055646,False
inner_2020,2025,validation,matched,52,43,2020-03-17,2019-03-11,inner_train,True,,True,0.02197890671877545,False
inner_2020,2025,validation,matched,53,43,2020-03-18,2019-03-11,inner_train,True,,True,0.054221554166638875,False
inner_2020,2025,validation,matched,54,136,2020-03-19,2019-07-31,inner_train,True,,True,0.06453852113757108,False
inner_2020,2025,validation,matched,55,185,2020-03-20,2019-10-09,inner_train,True,,True,0.08004270767353638,False
inner_2020,2025,validation,matched,56,225,2020-03-23,2019-12-09,inner_train,True,,True,0.19782574332991976,False
inner_2020,2025,validation,matched,57,229,2020-03-24,2019-12-16,inner_train,True,,True,0.4418327522790393,False
inner_2020,2025,validation,matched,58,222,2020-03-25,2019-12-03,inner_train,True,,True,0.6957479622600027,False
inner_2020,2025,validation,matched,59,196,2020-03-26,2019-10-28,inner_train,True,,True,1.7682758556172122,False
inner_2020,2025,validation,matched,60,196,2020-03-27,2019-10-28,inner_train,True,,True,1.5451323043030025,False
inner_2020,2025,validation,matched,61,154,2020-03-30,2019-08-27,inner_train,True,,True,1.3521029963716114,False
inner_2020,2025,validation,matched,62,196,2020-03-31,2019-10-28,inner_train,True,,True,0.769747025506085,False
inner_2020,2025,validation,matched,63,173,2020-04-01,2019-09-23,inner_train,True,,True,0.47155521993715466,False
inner_2020,2025,validation,matched,64,141,2020-04-02,2019-08-07,inner_train,True,,True,0.1625189294977747,False
inner_2020,2025,validation,matched,65,144,2020-04-03,2019-08-13,inner_train,True,,True,0.09729424394521402,False
inner_2020,2025,validation,matched,66,217,2020-04-07,2019-11-26,inner_train,True,,True,0.1086603536603814,False
inner_2020,2025,validation,matched,67,55,2020-04-08,2019-03-27,inner_train,True,,True,0.08272306429885345,False
inner_2020,2025,validation,matched,68,37,2020-04-09,2019-03-01,inner_train,True,,True,0.0,False
inner_2020,2025,validation,matched,69,205,2020-04-10,2019-11-08,inner_train,True,,True,0.12251359488407587,False
inner_2020,2025,validation,matched,70,19,2020-04-13,2019-02-04,inner_train,True,,True,0.04000533461369926,False
inner_2020,2025,validation,matched,71,52,2020-04-14,2019-03-22,inner_train,True,,True,0.09615157657251672,False
inner_2020,2025,validation,matched,72,33,2020-04-15,2019-02-25,inner_train,True,,True,0.07333127308554976,False
inner_2020,2025,validation,matched,73,45,2020-04-16,2019-03-13,inner_train,True,,True,0.06453852113757108,False
inner_2020,2025,validation,matched,74,236,2020-04-17,2019-12-25,inner_train,True,,True,0.09961573170093452,False
inner_2020,2025,validation,matched,75,105,2020-04-20,2019-06-14,inner_train,True,,True,0.10357320508373036,False
inner_2020,2025,validation,matched,76,105,2020-04-21,2019-06-14,inner_train,True,,True,0.060729846207545624,False
inner_2020,2025,validation,matched,77,117,2020-04-22,2019-07-02,inner_train,True,,True,0.06453852113757153,False
inner_2020,2025,validation,matched,78,64,2020-04-23,2019-04-10,inner_train,True,,True,0.6744368457017602,False
inner_2020,2025,validation,matched,79,119,2020-04-24,2019-07-04,inner_train,True,,True,0.4444517625708335,False
inner_2020,2025,validation,matched,80,119,2020-04-27,2019-07-04,inner_train,True,,True,0.46062462181643493,False
inner_2020,2025,validation,matched,81,12,2020-04-28,2019-01-24,inner_train,True,,True,0.4689928714869511,False
inner_2020,2025,validation,matched,82,67,2020-04-29,2019-04-17,inner_train,True,,True,0.442559614418796,False
inner_2020,2025,validation,matched,83,19,2020-04-30,2019-02-04,inner_train,True,,True,0.060624621816434576,False
inner_2020,2025,validation,matched,84,99,2020-05-05,2019-06-06,inner_train,True,,True,0.0784716154414955,False
inner_2020,2025,validation,matched,85,232,2020-05-07,2019-12-19,inner_train,True,,True,0.0936241020326678,False
inner_2020,2025,validation,matched,86,188,2020-05-08,2019-10-15,inner_train,True,,True,0.05588045839445677,False
inner_2020,2025,validation,matched,87,56,2020-05-11,2019-03-28,inner_train,True,,True,0.0640788566845214,False
inner_2020,2025,validation,matched,88,80,2020-05-12,2019-05-08,inner_train,True,,True,0.055569851154810834,False
inner_2020,2025,validation,matched,89,133,2020-05-13,2019-07-25,inner_train,True,,True,0.16065325731482538,False
inner_2020,2025,validation,matched,90,201,2020-05-14,2019-11-04,inner_train,True,,True,0.22279638935967316,False
inner_2020,2025,validation,matched,91,203,2020-05-15,2019-11-06,inner_train,True,,True,0.1776156657565422,False
inner_2020,2025,validation,matched,92,213,2020-05-18,2019-11-20,inner_train,True,,True,0.20186615286692433,False
inner_2020,2025,validation,matched,93,208,2020-05-19,2019-11-13,inner_train,True,,True,0.10247173175193591,False
inner_2020,2025,validation,matched,94,15,2020-05-20,2019-01-29,inner_train,True,,True,0.4031458183170731,False
inner_2020,2025,validation,matched,95,206,2020-05-21,2019-11-11,inner_train,True,,True,0.32462776650869074,False
inner_2020,2025,validation,matched,96,203,2020-05-22,2019-11-06,inner_train,True,,True,0.050149783685471405,False
inner_2020,2025,validation,matched,97,133,2020-05-25,2019-07-25,inner_train,True,,True,0.12925483585726205,False
inner_2020,2025,validation,matched,98,46,2020-05-26,2019-03-14,inner_train,True,,True,0.05325490353554363,False
inner_2020,2025,validation,matched,99,18,2020-05-27,2019-02-01,inner_train,True,,True,0.15942773692810208,False
inner_2020,2025,validation,matched,100,34,2020-05-28,2019-02-26,inner_train,True,,True,0.09395056028828508,False
inner_2020,2025,validation,matched,101,23,2020-05-29,2019-02-08,inner_train,True,,True,0.022472855852058604,False
inner_2020,2025,validation,matched,102,115,2020-06-01,2019-06-28,inner_train,True,,True,0.055294027128789836,False
inner_2020,2025,validation,matched,103,25,2020-06-02,2019-02-12,inner_train,True,,True,0.05756417566332894,False
inner_2020,2025,validation,matched,104,63,2020-06-04,2019-04-09,inner_train,True,,True,0.07410797215372211,False
inner_2020,2025,validation,matched,105,118,2020-06-05,2019-07-03,inner_train,True,,True,0.025317807984289953,False
inner_2020,2025,validation,matched,106,52,2020-06-08,2019-03-22,inner_train,True,,True,0.06046519574993514,False
inner_2020,2025,validation,matched,107,119,2020-06-09,2019-07-04,inner_train,True,,True,0.0,False
inner_2020,2025,validation,matched,108,121,2020-06-10,2019-07-08,inner_train,True,,True,0.0,False
inner_2020,2025,validation,matched,109,117,2020-06-11,2019-07-02,inner_train,True,,True,0.12540126654127226,False
inner_2020,2025,validation,matched,110,100,2020-06-12,2019-06-07,inner_train,True,,True,0.06899287148695166,False
inner_2020,2025,validation,matched,111,30,2020-06-15,2019-02-20,inner_train,True,,True,0.126991974741693,False
inner_2020,2025,validation,matched,112,13,2020-06-16,2019-01-25,inner_train,True,,True,0.1251631429540061,False
inner_2020,2025,validation,matched,113,24,2020-06-17,2019-02-11,inner_train,True,,True,0.09466522654107834,False
inner_2020,2025,validation,matched,114,19,2020-06-18,2019-02-04,inner_train,True,,True,0.0,False
inner_2020,2025,validation,matched,115,56,2020-06-19,2019-03-28,inner_train,True,,True,0.04724470586155016,False
inner_2020,2025,validation,matched,116,97,2020-06-22,2019-06-04,inner_train,True,,True,0.08338160893905089,False
inner_2020,2025,validation,matched,117,28,2020-06-23,2019-02-15,inner_train,True,,True,0.09962984094884186,False
inner_2020,2025,validation,matched,118,48,2020-06-24,2019-03-18,inner_train,True,,True,0.051390945869489,False
inner_2020,2025,validation,matched,119,30,2020-06-25,2019-02-20,inner_train,True,,True,0.11431942348792656,False
inner_2020,2025,validation,matched,120,54,2020-06-26,2019-03-26,inner_train,True,,True,0.14842000511827358,False
inner_2020,2025,validation,matched,121,49,2020-06-29,2019-03-19,inner_train,True,,True,0.09729424394521402,False
inner_2020,2025,validation,matched,122,31,2020-06-30,2019-02-21,inner_train,True,,True,0.144960088448145,False
inner_2020,2025,validation,matched,123,9,2020-07-01,2019-01-21,inner_train,True,,True,0.0,False
inner_2020,2025,validation,matched,124,27,2020-07-02,2019-02-14,inner_train,True,,True,0.10451911888963439,False
inner_2020,2025,validation,matched,125,52,2020-07-03,2019-03-22,inner_train,True,,True,0.08637806474553633,False
inner_2020,2025,validation,matched,126,54,2020-07-07,2019-03-26,inner_train,True,,True,0.19988668914994223,False
inner_2020,2025,validation,matched,127,47,2020-07-08,2019-03-15,inner_train,True,,True,0.12552618525242076,False
inner_2020,2025,validation,matched,128,51,2020-07-09,2019-03-21,inner_train,True,,True,0.1026541540600836,False
inner_2020,2025,validation,matched,129,194,2020-07-10,2019-10-24,inner_train,True,,True,0.13976194237515882,False
inner_2020,2025,validation,matched,130,192,2020-07-13,2019-10-21,inner_train,True,,True,0.04082199452025481,False
inner_2020,2025,validation,matched,131,177,2020-07-14,2019-09-27,inner_train,True,,True,0.09187716532053924,False
inner_2020,2025,validation,matched,132,238,2020-07-15,2019-12-27,inner_train,True,,True,0.08349849281505284,False
inner_2020,2025,validation,matched,133,129,2020-07-16,2019-07-19,inner_train,True,,True,0.01739174271186883,False
inner_2020,2025,validation,matched,134,178,2020-07-17,2019-09-30,inner_train,True,,True,0.07522342123758818,False
inner_2020,2025,validation,matched,135,132,2020-07-20,2019-07-24,inner_train,True,,True,0.03226086221822122,False
inner_2020,2025,validation,matched,136,232,2020-07-21,2019-12-19,inner_train,True,,True,0.06669137449867213,False
inner_2020,2025,validation,matched,137,189,2020-07-22,2019-10-16,inner_train,True,,True,0.12289813632315383,False
inner_2020,2025,validation,matched,138,188,2020-07-23,2019-10-15,inner_train,True,,True,0.10253260060680303,False
inner_2020,2025,validation,matched,139,31,2020-07-24,2019-02-21,inner_train,True,,True,0.11797897961703763,False
inner_2020,2025,validation,matched,140,9,2020-07-29,2019-01-21,inner_train,True,,True,0.11236914581230284,False
inner_2020,2025,validation,matched,141,197,2020-07-30,2019-10-29,inner_train,True,,True,0.06453852113757108,False
inner_2020,2025,validation,matched,142,229,2020-07-31,2019-12-16,inner_train,True,,True,0.2952292780871639,False
inner_2020,2025,validation,matched,143,229,2020-08-03,2019-12-16,inner_train,True,,True,0.1260589449602434,False
inner_2020,2025,validation,matched,144,229,2020-08-04,2019-12-16,inner_train,True,,True,0.24116205681688818,False
inner_2020,2025,validation,matched,145,221,2020-08-05,2019-12-02,inner_train,True,,True,0.075507552508145,False
inner_2020,2025,validation,matched,146,187,2020-08-06,2019-10-11,inner_train,True,,True,0.12783337150988494,False
inner_2020,2025,validation,matched,147,142,2020-08-07,2019-08-08,inner_train,True,,True,0.11794763116329765,False
inner_2020,2025,validation,matched,148,81,2020-08-10,2019-05-09,inner_train,True,,True,0.03846628082779624,False
inner_2020,2025,validation,matched,149,233,2020-08-11,2019-12-20,inner_train,True,,True,0.12079508612637468,False
inner_2020,2025,validation,matched,150,215,2020-08-13,2019-11-22,inner_train,True,,True,0.07878087785311383,False
inner_2020,2025,validation,matched,151,48,2020-08-14,2019-03-18,inner_train,True,,True,0.24419696051204243,False
inner_2020,2025,validation,matched,152,37,2020-08-17,2019-03-01,inner_train,True,,True,0.3117596158274778,False
inner_2020,2025,validation,matched,153,45,2020-08-18,2019-03-13,inner_train,True,,True,0.3825992833711611,False
inner_2020,2025,validation,matched,154,215,2020-08-19,2019-11-22,inner_train,True,,True,0.3001045924503378,False
inner_2020,2025,validation,matched,155,151,2020-08-20,2019-08-22,inner_train,True,,True,0.19459164938576956,False
inner_2020,2025,validation,matched,156,38,2020-08-21,2019-03-04,inner_train,True,,True,0.1455669361358667,False
inner_2020,2025,validation,matched,157,81,2020-08-24,2019-05-09,inner_train,True,,True,0.019802627296179764,False
inner_2020,2025,validation,matched,158,142,2020-08-25,2019-08-08,inner_train,True,,True,0.05637440752773992,False
inner_2020,2025,validation,matched,159,47,2020-08-26,2019-03-15,inner_train,True,,True,0.13517477836825265,False
inner_2020,2025,validation,matched,160,10,2020-08-27,2019-01-22,inner_train,True,,True,0.11344463405778527,False
inner_2020,2025,validation,matched,161,170,2020-08-28,2019-09-18,inner_train,True,,True,0.1690763300439344,False
inner_2020,2025,validation,matched,162,222,2020-08-31,2019-12-03,inner_train,True,,True,0.11518225395632609,False
inner_2020,2025,validation,matched,163,151,2020-09-01,2019-08-22,inner_train,True,,True,0.09658082800578027,False
inner_2020,2025,validation,matched,164,91,2020-09-02,2019-05-24,inner_train,True,,True,0.09699226598731014,False
inner_2020,2025,validation,matched,165,152,2020-09-03,2019-08-23,inner_train,True,,True,0.09105873094696681,False
inner_2020,2025,validation,matched,166,91,2020-09-08,2019-05-24,inner_train,True,,True,0.09571594162770447,False
inner_2020,2025,validation,matched,167,92,2020-09-09,2019-05-27,inner_train,True,,True,0.12861737782209426,False
inner_2020,2025,validation,matched,168,94,2020-09-10,2019-05-29,inner_train,True,,True,0.15600424847658134,False
inner_2020,2025,validation,matched,169,95,2020-09-11,2019-05-30,inner_train,True,,True,0.020202707317519497,False
inner_2020,2025,validation,matched,170,226,2020-09-14,2019-12-11,inner_train,True,,True,0.08802198849555332,False
inner_2020,2025,validation,matched,171,225,2020-09-15,2019-12-09,inner_train,True,,True,0.12062798778861472,False
inner_2020,2025,validation,matched,172,228,2020-09-16,2019-12-13,inner_train,True,,True,0.11551288712184427,False
inner_2020,2025,validation,matched,173,226,2020-09-17,2019-12-11,inner_train,True,,True,0.022472855852058604,False
inner_2020,2025,validation,matched,174,184,2020-09-18,2019-10-08,inner_train,True,,True,0.10536051565782634,False
inner_2020,2025,validation,matched,175,96,2020-09-21,2019-05-31,inner_train,True,,True,0.06595796779179741,False
inner_2020,2025,validation,matched,176,231,2020-09-22,2019-12-18,inner_train,True,,True,0.06899287148695166,False
inner_2020,2025,validation,matched,177,135,2020-09-23,2019-07-30,inner_train,True,,True,0.029852963149681333,False
inner_2020,2025,validation,matched,178,181,2020-09-24,2019-10-03,inner_train,True,,True,0.05113896149118746,False
inner_2020,2025,validation,matched,179,231,2020-09-25,2019-12-18,inner_train,True,,True,0.03278982282299081,False
inner_2020,2025,validation,matched,180,152,2020-09-28,2019-08-23,inner_train,True,,True,0.03922071315328157,False
inner_2020,2025,validation,matched,181,187,2020-09-29,2019-10-11,inner_train,True,,True,0.022989518224698635,False
inner_2020,2025,validation,matched,182,140,2020-09-30,2019-08-06,inner_train,True,,True,0.09097177820572666,False
inner_2020,2025,validation,matched,183,138,2020-10-01,2019-08-02,inner_train,True,,True,0.08638461419882093,False
inner_2020,2025,validation,matched,184,184,2020-10-02,2019-10-08,inner_train,True,,True,0.06371581438610763,False
inner_2020,2025,validation,matched,185,173,2020-10-05,2019-09-23,inner_train,True,,True,0.20585205420414887,False
inner_2020,2025,validation,matched,186,172,2020-10-06,2019-09-20,inner_train,True,,True,0.40385350421382293,False
inner_2020,2025,validation,matched,187,197,2020-10-07,2019-10-29,inner_train,True,,True,1.3548537666084655,False
inner_2020,2025,validation,matched,188,197,2020-10-08,2019-10-29,inner_train,True,,True,1.0110822275056406,False
inner_2020,2025,validation,matched,189,196,2020-10-09,2019-10-28,inner_train,True,,True,1.5169614273363061,False
inner_2020,2025,validation,matched,190,194,2020-10-12,2019-10-24,inner_train,True,,True,0.08114625753723193,False
inner_2020,2025,validation,matched,191,221,2020-10-14,2019-12-02,inner_train,True,,True,0.07469089260158945,False
inner_2020,2025,validation,matched,192,184,2020-10-15,2019-10-08,inner_train,True,,True,0.10536051565782634,False
inner_2020,2025,validation,matched,193,224,2020-10-16,2019-12-06,inner_train,True,,True,0.10821358464023279,False
inner_2020,2025,validation,matched,194,230,2020-10-19,2019-12-17,inner_train,True,,True,0.06899287148695121,False
inner_2020,2025,validation,matched,195,229,2020-10-20,2019-12-16,inner_train,True,,True,0.08223809823697215,False
inner_2020,2025,validation,matched,196,229,2020-10-21,2019-12-16,inner_train,True,,True,0.1287581138718652,False
inner_2020,2025,validation,matched,197,221,2020-10-22,2019-12-02,inner_train,True,,True,0.12136085700426724,False
inner_2020,2025,validation,matched,198,137,2020-10-26,2019-08-01,inner_train,True,,True,0.10309550902697362,False
inner_2020,2025,validation,matched,199,43,2020-10-27,2019-03-11,inner_train,True,,True,0.030771658666753687,False
inner_2020,2025,validation,matched,200,42,2020-10-28,2019-03-08,inner_train,True,,True,0.018692133012152556,False
inner_2020,2025,validation,matched,201,42,2020-10-29,2019-03-08,inner_train,True,,True,0.03704127168034921,False
inner_2020,2025,validation,matched,202,151,2020-10-30,2019-08-22,inner_train,True,,True,0.0,False
inner_2020,2025,validation,matched,203,44,2020-11-02,2019-03-12,inner_train,True,,True,0.07175403292827953,False
inner_2020,2025,validation,matched,204,92,2020-11-03,2019-05-27,inner_train,True,,True,0.11332868530700368,False
inner_2020,2025,validation,matched,205,224,2020-11-04,2019-12-06,inner_train,True,,True,0.12260232209233246,False
inner_2020,2025,validation,matched,206,158,2020-11-05,2019-09-02,inner_train,True,,True,0.08604472635853488,False
inner_2020,2025,validation,matched,207,161,2020-11-06,2019-09-05,inner_train,True,,True,0.06187540371808753,False
inner_2020,2025,validation,matched,208,101,2020-11-09,2019-06-10,inner_train,True,,True,0.04445176257083405,False
inner_2020,2025,validation,matched,209,32,2020-11-10,2019-02-22,inner_train,True,,True,0.08604472635853444,False
inner_2020,2025,validation,matched,210,206,2020-11-11,2019-11-11,inner_train,True,,True,0.09615157657251627,False
inner_2020,2025,validation,matched,211,78,2020-11-12,2019-05-03,inner_train,True,,True,0.25081153664345335,False
inner_2020,2025,validation,matched,212,15,2020-11-13,2019-01-29,inner_train,True,,True,0.433635985074861,False
inner_2020,2025,validation,matched,213,76,2020-11-16,2019-04-30,inner_train,True,,True,0.8198988861990899,False
inner_2020,2025,validation,matched,214,15,2020-11-17,2019-01-29,inner_train,True,,True,0.7302867275094012,False
inner_2020,2025,validation,matched,215,76,2020-11-18,2019-04-30,inner_train,True,,True,0.611260021087761,False
inner_2020,2025,validation,matched,216,15,2020-11-19,2019-01-29,inner_train,True,,True,0.45823640074931893,False
inner_2020,2025,validation,matched,217,77,2020-11-20,2019-05-02,inner_train,True,,True,0.29429148183945486,False
inner_2020,2025,validation,matched,218,27,2020-11-23,2019-02-14,inner_train,True,,True,0.21906806060186712,False
inner_2020,2025,validation,matched,219,102,2020-11-24,2019-06-11,inner_train,True,,True,0.1823215567939549,False
inner_2020,2025,validation,matched,220,205,2020-11-25,2019-11-08,inner_train,True,,True,0.13353139262452318,False
inner_2020,2025,validation,matched,221,99,2020-11-26,2019-06-06,inner_train,True,,True,0.07788869499362772,False
inner_2020,2025,validation,matched,222,205,2020-11-27,2019-11-08,inner_train,True,,True,0.11860574240784727,False
inner_2020,2025,validation,matched,223,76,2020-11-30,2019-04-30,inner_train,True,,True,0.18853919340482506,False
inner_2020,2025,validation,matched,224,78,2020-12-01,2019-05-03,inner_train,True,,True,0.11361041512996861,False
inner_2020,2025,validation,matched,225,18,2020-12-02,2019-02-01,inner_train,True,,True,0.07685900552561176,False
inner_2020,2025,validation,matched,226,22,2020-12-03,2019-02-07,inner_train,True,,True,0.047552540249081954,False
inner_2020,2025,validation,matched,227,21,2020-12-04,2019-02-06,inner_train,True,,True,0.07341893471172867,False
inner_2020,2025,validation,matched,228,59,2020-12-08,2019-04-02,inner_train,True,,True,0.06559728248581287,False
inner_2020,2025,validation,matched,229,205,2020-12-09,2019-11-08,inner_train,True,,True,0.047006042375930424,False
inner_2020,2025,validation,matched,230,13,2020-12-14,2019-01-25,inner_train,True,,True,0.08358671610826551,False
inner_2020,2025,validation,matched,231,18,2020-12-15,2019-02-01,inner_train,True,,True,0.08686112531779733,False
inner_2020,2025,validation,matched,232,25,2020-12-16,2019-02-12,inner_train,True,,True,0.022989518224698635,False
inner_2020,2025,validation,matched,233,20,2020-12-17,2019-02-05,inner_train,True,,True,0.06453852113757108,False
inner_2020,2025,validation,matched,234,204,2020-12-18,2019-11-07,inner_train,True,,True,0.1161571392077474,False
inner_2020,2025,validation,matched,235,77,2020-12-21,2019-05-02,inner_train,True,,True,0.20763936477824485,False
inner_2020,2025,validation,matched,236,215,2020-12-22,2019-11-22,inner_train,True,,True,0.022989518224698635,False
inner_2020,2025,validation,matched,237,215,2020-12-23,2019-11-22,inner_train,True,,True,0.11747689758572433,False
inner_2020,2025,validation,matched,238,207,2020-12-24,2019-11-12,inner_train,True,,True,0.08701137698963013,False
inner_2020,2025,validation,matched,239,79,2020-12-25,2019-05-07,inner_train,True,,True,0.0922464278497026,False
inner_2020,2025,validation,matched,240,45,2020-12-28,2019-03-13,inner_train,True,,True,0.12961749330338623,False
inner_2020,2025,validation,matched,241,133,2020-12-29,2019-07-25,inner_train,True,,True,0.07796154146971146,False
inner_2020,2025,validation,matched,242,36,2020-12-30,2019-02-28,inner_train,True,,True,0.06106680621453009,False
inner_2020,2025,validation,random,0,107,2020-01-02,2019-06-18,inner_train,True,,False,0.2814124594381857,False
inner_2020,2025,validation,random,1,238,2020-01-03,2019-12-27,inner_train,True,,True,0.1953087523207655,False
inner_2020,2025,validation,random,2,238,2020-01-06,2019-12-27,inner_train,True,,True,0.5660883024410399,False
inner_2020,2025,validation,random,3,91,2020-01-07,2019-05-24,inner_train,True,,False,0.7971081158633488,False
inner_2020,2025,validation,random,4,228,2020-01-08,2019-12-13,inner_train,True,,False,0.1570618900347167,False
inner_2020,2025,validation,random,5,198,2020-01-09,2019-10-30,inner_train,True,,False,0.1986024423980921,False
inner_2020,2025,validation,random,6,153,2020-01-10,2019-08-26,inner_train,True,,False,0.6561337147168551,False
inner_2020,2025,validation,random,7,200,2020-01-13,2019-11-01,inner_train,True,,True,1.0938390099154516,False
inner_2020,2025,validation,random,8,183,2020-01-14,2019-10-07,inner_train,True,,False,0.30028349932978493,False
inner_2020,2025,validation,random,9,234,2020-01-15,2019-12-23,inner_train,True,,True,0.774989143313404,False
inner_2020,2025,validation,random,10,92,2020-01-16,2019-05-27,inner_train,True,,False,0.6127256132493715,False
inner_2020,2025,validation,random,11,18,2020-01-17,2019-02-01,inner_train,True,,False,0.7957566628458821,False
inner_2020,2025,validation,random,12,109,2020-01-20,2019-06-20,inner_train,True,,False,0.5729481012059567,False
inner_2020,2025,validation,random,13,76,2020-01-21,2019-04-30,inner_train,True,,False,1.0424781502429186,False
inner_2020,2025,validation,random,14,116,2020-01-22,2019-07-01,inner_train,True,,False,0.45211802293921277,False
inner_2020,2025,validation,random,15,220,2020-01-23,2019-11-29,inner_train,True,,True,0.23757525239760247,False
inner_2020,2025,validation,random,16,231,2020-01-24,2019-12-18,inner_train,True,,False,0.2231435513142097,False
inner_2020,2025,validation,random,17,162,2020-01-27,2019-09-06,inner_train,True,,False,0.3870463858974418,False
inner_2020,2025,validation,random,18,152,2020-01-28,2019-08-23,inner_train,True,,True,0.2559333741372005,False
inner_2020,2025,validation,random,19,68,2020-01-29,2019-04-18,inner_train,True,,False,0.6060289716702085,False
inner_2020,2025,validation,random,20,3,2020-01-30,2019-01-11,inner_train,True,,False,0.107630664192365,False
inner_2020,2025,validation,random,21,93,2020-01-31,2019-05-28,inner_train,True,,True,0.32284008783115503,False
inner_2020,2025,validation,random,22,109,2020-02-03,2019-06-20,inner_train,True,,False,0.09909090264423082,False
inner_2020,2025,validation,random,23,55,2020-02-04,2019-03-27,inner_train,True,,False,0.2502026994282156,False
inner_2020,2025,validation,random,24,190,2020-02-05,2019-10-17,inner_train,True,,False,0.5475543178739937,False
inner_2020,2025,validation,random,25,40,2020-02-06,2019-03-06,inner_train,True,,True,0.5194836865091048,False
inner_2020,2025,validation,random,26,115,2020-02-07,2019-06-28,inner_train,True,,False,0.30215410506031537,False
inner_2020,2025,validation,random,27,36,2020-02-11,2019-02-28,inner_train,True,,False,0.4297972087676949,False
inner_2020,2025,validation,random,28,83,2020-02-12,2019-05-13,inner_train,True,,True,0.9056058317741376,False
inner_2020,2025,validation,random,29,233,2020-02-13,2019-12-20,inner_train,True,,False,0.36600627136761643,False
inner_2020,2025,validation,random,30,160,2020-02-14,2019-09-04,inner_train,True,,False,0.07340891585122389,False
inner_2020,2025,validation,random,31,101,2020-02-17,2019-06-10,inner_train,True,,False,0.5795676801023921,False
inner_2020,2025,validation,random,32,52,2020-02-18,2019-03-22,inner_train,True,,False,0.7807724955177928,False
inner_2020,2025,validation,random,33,15,2020-02-19,2019-01-29,inner_train,True,,False,1.3201592086520755,False
inner_2020,2025,validation,random,34,211,2020-02-20,2019-11-18,inner_train,True,,False,2.2115620965242346,False
inner_2020,2025,validation,random,35,117,2020-02-21,2019-07-02,inner_train,True,,False,1.0458942957093997,False
inner_2020,2025,validation,random,36,149,2020-02-24,2019-08-20,inner_train,True,,True,1.941161458888239,False
inner_2020,2025,validation,random,37,69,2020-02-25,2019-04-19,inner_train,True,,False,0.1445812288111079,False
inner_2020,2025,validation,random,38,13,2020-02-26,2019-01-25,inner_train,True,,False,0.13235145148467398,False
inner_2020,2025,validation,random,39,50,2020-02-27,2019-03-20,inner_train,True,,False,0.5489288622953721,False
inner_2020,2025,validation,random,40,33,2020-02-28,2019-02-25,inner_train,True,,False,0.8609537937258178,False
inner_2020,2025,validation,random,41,49,2020-03-02,2019-03-19,inner_train,True,,False,0.9124713276756804,False
inner_2020,2025,validation,random,42,34,2020-03-03,2019-02-26,inner_train,True,,False,0.6296182714970198,False
inner_2020,2025,validation,random,43,138,2020-03-04,2019-08-02,inner_train,True,,True,0.9384595879681106,False
inner_2020,2025,validation,random,44,27,2020-03-05,2019-02-14,inner_train,True,,False,1.4715522688091451,False
inner_2020,2025,validation,random,45,141,2020-03-06,2019-08-07,inner_train,True,,True,0.7070362927206122,False
inner_2020,2025,validation,random,46,136,2020-03-09,2019-07-31,inner_train,True,,True,0.5543107357057293,False
inner_2020,2025,validation,random,47,213,2020-03-10,2019-11-20,inner_train,True,,False,1.8245492920510458,False
inner_2020,2025,validation,random,48,115,2020-03-11,2019-06-28,inner_train,True,,False,0.3824093318082382,False
inner_2020,2025,validation,random,49,26,2020-03-12,2019-02-13,inner_train,True,,False,0.14556693613586713,False
inner_2020,2025,validation,random,50,77,2020-03-13,2019-05-02,inner_train,True,,False,0.5274088855602987,False
inner_2020,2025,validation,random,51,119,2020-03-16,2019-07-04,inner_train,True,,False,0.8842614893018785,False
inner_2020,2025,validation,random,52,73,2020-03-17,2019-04-25,inner_train,True,,False,0.3492898818412713,False
inner_2020,2025,validation,random,53,69,2020-03-18,2019-04-19,inner_train,True,,False,0.30520442314398366,False
inner_2020,2025,validation,random,54,60,2020-03-19,2019-04-03,inner_train,True,,False,0.29192836333323235,False
inner_2020,2025,validation,random,55,116,2020-03-20,2019-07-01,inner_train,True,,False,0.13685918271719766,False
inner_2020,2025,validation,random,56,216,2020-03-23,2019-11-25,inner_train,True,,False,1.1094232047723254,False
inner_2020,2025,validation,random,57,227,2020-03-24,2019-12-12,inner_train,True,,True,0.9298436982788587,False
inner_2020,2025,validation,random,58,170,2020-03-25,2019-09-18,inner_train,True,,False,0.3949938082408688,False
inner_2020,2025,validation,random,59,222,2020-03-26,2019-12-03,inner_train,True,,True,1.9224265354444707,False
inner_2020,2025,validation,random,60,239,2020-03-27,2019-12-30,inner_train,True,,False,2.494212859000149,False
inner_2020,2025,validation,random,61,182,2020-03-30,2019-10-04,inner_train,True,,True,2.030228682103174,False
inner_2020,2025,validation,random,62,206,2020-03-31,2019-11-11,inner_train,True,,False,2.051522267736341,False
inner_2020,2025,validation,random,63,187,2020-04-01,2019-10-11,inner_train,True,,True,1.0486954179891113,False
inner_2020,2025,validation,random,64,111,2020-04-02,2019-06-24,inner_train,True,,False,0.4809726606163096,False
inner_2020,2025,validation,random,65,66,2020-04-03,2019-04-12,inner_train,True,,False,0.6863305215808477,False
inner_2020,2025,validation,random,66,225,2020-04-07,2019-12-09,inner_train,True,,False,0.7265841129827395,False
inner_2020,2025,validation,random,67,124,2020-04-08,2019-07-11,inner_train,True,,False,0.3852624007906451,False
inner_2020,2025,validation,random,68,27,2020-04-09,2019-02-14,inner_train,True,,False,0.3356882303090041,False
inner_2020,2025,validation,random,69,193,2020-04-10,2019-10-22,inner_train,True,,False,0.7000916529127563,False
inner_2020,2025,validation,random,70,15,2020-04-13,2019-01-29,inner_train,True,,True,0.533605652097811,False
inner_2020,2025,validation,random,71,183,2020-04-14,2019-10-07,inner_train,True,,False,0.18151995354461814,False
inner_2020,2025,validation,random,72,68,2020-04-15,2019-04-18,inner_train,True,,True,0.5479651707154476,False
inner_2020,2025,validation,random,73,137,2020-04-16,2019-08-01,inner_train,True,,False,0.43445264498141656,False
inner_2020,2025,validation,random,74,150,2020-04-17,2019-08-21,inner_train,True,,False,0.9676494905673163,False
inner_2020,2025,validation,random,75,204,2020-04-20,2019-11-07,inner_train,True,,True,0.8060683281862215,False
inner_2020,2025,validation,random,76,228,2020-04-21,2019-12-13,inner_train,True,,False,0.2978344439157987,False
inner_2020,2025,validation,random,77,204,2020-04-22,2019-11-07,inner_train,True,,True,0.8393543058196888,False
inner_2020,2025,validation,random,78,111,2020-04-23,2019-06-24,inner_train,True,,True,1.4979855258773012,False
inner_2020,2025,validation,random,79,89,2020-04-24,2019-05-22,inner_train,True,,False,2.682498334427309,False
inner_2020,2025,validation,random,80,116,2020-04-27,2019-07-01,inner_train,True,,True,0.7182212000164516,False
inner_2020,2025,validation,random,81,109,2020-04-28,2019-06-20,inner_train,True,,True,0.8668156827695483,False
inner_2020,2025,validation,random,82,81,2020-04-29,2019-05-09,inner_train,True,,False,1.1256009254096835,False
inner_2020,2025,validation,random,83,72,2020-04-30,2019-04-24,inner_train,True,,True,0.3359760818107369,False
inner_2020,2025,validation,random,84,82,2020-05-05,2019-05-10,inner_train,True,,False,0.693147180559945,False
inner_2020,2025,validation,random,85,194,2020-05-07,2019-10-24,inner_train,True,,True,0.7937907063396326,False
inner_2020,2025,validation,random,86,73,2020-05-08,2019-04-25,inner_train,True,,False,0.30673026742247567,False
inner_2020,2025,validation,random,87,118,2020-05-11,2019-07-03,inner_train,True,,False,0.6729444732424263,False
inner_2020,2025,validation,random,88,40,2020-05-12,2019-03-06,inner_train,True,,False,0.224109268434169,False
inner_2020,2025,validation,random,89,135,2020-05-13,2019-07-30,inner_train,True,,False,0.2464004134784763,False
inner_2020,2025,validation,random,90,224,2020-05-14,2019-12-06,inner_train,True,,False,1.0111346025070551,False
inner_2020,2025,validation,random,91,115,2020-05-15,2019-06-28,inner_train,True,,False,1.0089469823076072,False
inner_2020,2025,validation,random,92,97,2020-05-18,2019-06-04,inner_train,True,,True,1.111857515418131,False
inner_2020,2025,validation,random,93,60,2020-05-19,2019-04-03,inner_train,True,,False,1.0102517739581818,False
inner_2020,2025,validation,random,94,69,2020-05-20,2019-04-19,inner_train,True,,True,1.0154783884249001,False
inner_2020,2025,validation,random,95,236,2020-05-21,2019-12-25,inner_train,True,,False,0.8907829723269427,False
inner_2020,2025,validation,random,96,33,2020-05-22,2019-02-25,inner_train,True,,False,0.709428066164083,False
inner_2020,2025,validation,random,97,132,2020-05-25,2019-07-24,inner_train,True,,True,0.23034152583653578,False
inner_2020,2025,validation,random,98,111,2020-05-26,2019-06-24,inner_train,True,,False,0.25562565633566514,False
inner_2020,2025,validation,random,99,232,2020-05-27,2019-12-19,inner_train,True,,False,0.28055999637736795,False
inner_2020,2025,validation,random,100,105,2020-05-28,2019-06-14,inner_train,True,,True,0.3690312058620622,False
inner_2020,2025,validation,random,101,54,2020-05-29,2019-03-26,inner_train,True,,False,0.3711577946091027,False
inner_2020,2025,validation,random,102,114,2020-06-01,2019-06-27,inner_train,True,,True,0.09336022793524634,False
inner_2020,2025,validation,random,103,216,2020-06-02,2019-11-25,inner_train,True,,False,0.5366950037444078,False
inner_2020,2025,validation,random,104,59,2020-06-04,2019-04-02,inner_train,True,,True,0.75377180237638,False
inner_2020,2025,validation,random,105,77,2020-06-05,2019-05-02,inner_train,True,,True,0.9707789171582246,False
inner_2020,2025,validation,random,106,157,2020-06-08,2019-08-30,inner_train,True,,False,1.1419373447293775,False
inner_2020,2025,validation,random,107,79,2020-06-09,2019-05-07,inner_train,True,,False,1.1634904260426011,False
inner_2020,2025,validation,random,108,0,2020-06-10,2019-01-08,inner_train,True,,False,2.1064883678515303,False
inner_2020,2025,validation,random,109,171,2020-06-11,2019-09-19,inner_train,True,,False,1.686210902562908,False
inner_2020,2025,validation,random,110,157,2020-06-12,2019-08-30,inner_train,True,,False,1.234460713626523,False
inner_2020,2025,validation,random,111,180,2020-06-15,2019-10-02,inner_train,True,,False,0.6097655716208945,False
inner_2020,2025,validation,random,112,207,2020-06-16,2019-11-12,inner_train,True,,False,0.5642033147660328,False
inner_2020,2025,validation,random,113,232,2020-06-17,2019-12-19,inner_train,True,,False,0.06187540371808753,False
inner_2020,2025,validation,random,114,10,2020-06-18,2019-01-22,inner_train,True,,False,0.8291212396181669,False
inner_2020,2025,validation,random,115,229,2020-06-19,2019-12-16,inner_train,True,,False,0.8574502318512218,False
inner_2020,2025,validation,random,116,181,2020-06-22,2019-10-03,inner_train,True,,False,0.2293355215621311,False
inner_2020,2025,validation,random,117,223,2020-06-23,2019-12-04,inner_train,True,,False,0.31749633516220754,False
inner_2020,2025,validation,random,118,84,2020-06-24,2019-05-14,inner_train,True,,False,1.477266139325618,False
inner_2020,2025,validation,random,119,152,2020-06-25,2019-08-23,inner_train,True,,False,0.15082288973458358,False
inner_2020,2025,validation,random,120,232,2020-06-26,2019-12-19,inner_train,True,,True,0.4523538553106565,False
inner_2020,2025,validation,random,121,95,2020-06-29,2019-05-30,inner_train,True,,False,0.3706636013694924,False
inner_2020,2025,validation,random,122,227,2020-06-30,2019-12-12,inner_train,True,,False,0.4604341782295851,False
inner_2020,2025,validation,random,123,33,2020-07-01,2019-02-25,inner_train,True,,False,0.6224722228900093,False
inner_2020,2025,validation,random,124,66,2020-07-02,2019-04-12,inner_train,True,,True,0.5135393296375872,False
inner_2020,2025,validation,random,125,92,2020-07-03,2019-05-27,inner_train,True,,False,0.3968813644167737,False
inner_2020,2025,validation,random,126,229,2020-07-07,2019-12-16,inner_train,True,,False,0.40382172236443425,False
inner_2020,2025,validation,random,127,75,2020-07-08,2019-04-29,inner_train,True,,True,0.6294313661738378,False
inner_2020,2025,validation,random,128,155,2020-07-09,2019-08-28,inner_train,True,,False,0.7864826571958745,False
inner_2020,2025,validation,random,129,146,2020-07-10,2019-08-15,inner_train,True,,False,1.7960129847861115,False
inner_2020,2025,validation,random,130,49,2020-07-13,2019-03-19,inner_train,True,,True,0.34841191865932686,False
inner_2020,2025,validation,random,131,133,2020-07-14,2019-07-25,inner_train,True,,True,0.19397217401392997,False
inner_2020,2025,validation,random,132,131,2020-07-15,2019-07-23,inner_train,True,,True,0.08608730484625138,False
inner_2020,2025,validation,random,133,26,2020-07-16,2019-02-13,inner_train,True,,False,0.30538164955118186,False
inner_2020,2025,validation,random,134,66,2020-07-17,2019-04-12,inner_train,True,,False,1.159236910484545,False
inner_2020,2025,validation,random,135,115,2020-07-20,2019-06-28,inner_train,True,,False,0.44547044272186387,False
inner_2020,2025,validation,random,136,164,2020-07-21,2019-09-10,inner_train,True,,False,0.20248722638854932,False
inner_2020,2025,validation,random,137,201,2020-07-22,2019-11-04,inner_train,True,,True,0.9761888734552238,False
inner_2020,2025,validation,random,138,153,2020-07-23,2019-08-26,inner_train,True,,False,0.5464286337333477,False
inner_2020,2025,validation,random,139,157,2020-07-24,2019-08-30,inner_train,True,,True,1.1055697005585028,False
inner_2020,2025,validation,random,140,38,2020-07-29,2019-03-04,inner_train,True,,False,0.9617034152753576,False
inner_2020,2025,validation,random,141,14,2020-07-30,2019-01-28,inner_train,True,,False,1.309754283997556,False
inner_2020,2025,validation,random,142,221,2020-07-31,2019-12-02,inner_train,True,,True,0.25951119548508483,False
inner_2020,2025,validation,random,143,20,2020-08-03,2019-02-05,inner_train,True,,False,0.7444404749474964,False
inner_2020,2025,validation,random,144,237,2020-08-04,2019-12-26,inner_train,True,,False,1.0545954032513354,False
inner_2020,2025,validation,random,145,40,2020-08-05,2019-03-06,inner_train,True,,True,0.8412773726056204,False
inner_2020,2025,validation,random,146,112,2020-08-06,2019-06-25,inner_train,True,,False,0.09531017980432521,False
inner_2020,2025,validation,random,147,198,2020-08-07,2019-10-30,inner_train,True,,True,0.45264366838325465,False
inner_2020,2025,validation,random,148,88,2020-08-10,2019-05-21,inner_train,True,,True,1.5724271544518613,False
inner_2020,2025,validation,random,149,237,2020-08-11,2019-12-26,inner_train,True,,True,0.29725152346793093,False
inner_2020,2025,validation,random,150,17,2020-08-13,2019-01-31,inner_train,True,,False,0.400633283060007,False
inner_2020,2025,validation,random,151,98,2020-08-14,2019-06-05,inner_train,True,,True,0.34955747616986876,False
inner_2020,2025,validation,random,152,150,2020-08-17,2019-08-21,inner_train,True,,False,0.27696032025763984,False
inner_2020,2025,validation,random,153,237,2020-08-18,2019-12-26,inner_train,True,,True,0.6496620686202061,False
inner_2020,2025,validation,random,154,132,2020-08-19,2019-07-24,inner_train,True,,True,0.47915282389932345,False
inner_2020,2025,validation,random,155,205,2020-08-20,2019-11-08,inner_train,True,,False,0.15822400521489444,False
inner_2020,2025,validation,random,156,29,2020-08-21,2019-02-18,inner_train,True,,False,0.7523360519502758,False
inner_2020,2025,validation,random,157,37,2020-08-24,2019-03-01,inner_train,True,,False,0.019802627296179764,False
inner_2020,2025,validation,random,158,71,2020-08-25,2019-04-23,inner_train,True,,False,0.40978476925268126,False
inner_2020,2025,validation,random,159,179,2020-08-26,2019-10-01,inner_train,True,,False,0.8515154963314067,False
inner_2020,2025,validation,random,160,48,2020-08-27,2019-03-18,inner_train,True,,True,0.9136899501740978,False
inner_2020,2025,validation,random,161,145,2020-08-28,2019-08-14,inner_train,True,,False,1.6582280766035322,False
inner_2020,2025,validation,random,162,194,2020-08-31,2019-10-24,inner_train,True,,False,0.23947997063390325,False
inner_2020,2025,validation,random,163,132,2020-09-01,2019-07-24,inner_train,True,,False,0.18948310874156515,False
inner_2020,2025,validation,random,164,215,2020-09-02,2019-11-22,inner_train,True,,False,0.5191244265806851,False
inner_2020,2025,validation,random,165,158,2020-09-03,2019-09-02,inner_train,True,,False,0.3858474775750693,False
inner_2020,2025,validation,random,166,12,2020-09-08,2019-01-24,inner_train,True,,False,0.7519550269885316,False
inner_2020,2025,validation,random,167,235,2020-09-09,2019-12-24,inner_train,True,,False,0.4657051884855208,False
inner_2020,2025,validation,random,168,173,2020-09-10,2019-09-23,inner_train,True,,True,0.5565209108492213,False
inner_2020,2025,validation,random,169,45,2020-09-11,2019-03-13,inner_train,True,,False,0.2670627852490455,False
inner_2020,2025,validation,random,170,190,2020-09-14,2019-10-17,inner_train,True,,False,0.0,False
inner_2020,2025,validation,random,171,226,2020-09-15,2019-12-11,inner_train,True,,True,0.06503247027085468,False
inner_2020,2025,validation,random,172,191,2020-09-16,2019-10-18,inner_train,True,,False,0.06643066928960906,False
inner_2020,2025,validation,random,173,81,2020-09-17,2019-05-09,inner_train,True,,True,0.5249302299475325,False
inner_2020,2025,validation,random,174,217,2020-09-18,2019-11-26,inner_train,True,,False,0.5500463369192721,False
inner_2020,2025,validation,random,175,185,2020-09-21,2019-10-09,inner_train,True,,True,0.2006706954621511,False
inner_2020,2025,validation,random,176,141,2020-09-22,2019-08-07,inner_train,True,,True,0.3351959122616086,False
inner_2020,2025,validation,random,177,67,2020-09-23,2019-04-17,inner_train,True,,False,0.8028460978163703,False
inner_2020,2025,validation,random,178,43,2020-09-24,2019-03-11,inner_train,True,,True,0.23241939377673182,False
inner_2020,2025,validation,random,179,59,2020-09-25,2019-04-02,inner_train,True,,False,0.24652399995827334,False
inner_2020,2025,validation,random,180,34,2020-09-28,2019-02-26,inner_train,True,,False,0.15435102040691273,False
inner_2020,2025,validation,random,181,14,2020-09-29,2019-01-28,inner_train,True,,False,0.5619860189573855,False
inner_2020,2025,validation,random,182,149,2020-09-30,2019-08-20,inner_train,True,,True,1.1103785427957846,False
inner_2020,2025,validation,random,183,162,2020-10-01,2019-09-06,inner_train,True,,False,0.4553493642904556,False
inner_2020,2025,validation,random,184,91,2020-10-02,2019-05-24,inner_train,True,,True,0.6182891896205964,False
inner_2020,2025,validation,random,185,87,2020-10-05,2019-05-17,inner_train,True,,True,3.026736845227218,False
inner_2020,2025,validation,random,186,20,2020-10-06,2019-02-05,inner_train,True,,False,1.6212146107604424,False
inner_2020,2025,validation,random,187,103,2020-10-07,2019-06-12,inner_train,True,,False,1.4369187196627697,False
inner_2020,2025,validation,random,188,118,2020-10-08,2019-07-03,inner_train,True,,False,1.5086626245216106,False
inner_2020,2025,validation,random,189,237,2020-10-09,2019-12-26,inner_train,True,,False,2.520263536200091,False
inner_2020,2025,validation,random,190,2,2020-10-12,2019-01-10,inner_train,True,,True,0.31598584861463275,False
inner_2020,2025,validation,random,191,75,2020-10-14,2019-04-29,inner_train,True,,False,0.8807457944547439,False
inner_2020,2025,validation,random,192,220,2020-10-15,2019-11-29,inner_train,True,,False,0.18482468701207333,False
inner_2020,2025,validation,random,193,197,2020-10-16,2019-10-29,inner_train,True,,True,0.5463705611854022,False
inner_2020,2025,validation,random,194,135,2020-10-19,2019-07-30,inner_train,True,,True,0.5669958952330458,False
inner_2020,2025,validation,random,195,132,2020-10-20,2019-07-24,inner_train,True,,False,1.0373638895766364,False
inner_2020,2025,validation,random,196,118,2020-10-21,2019-07-03,inner_train,True,,False,0.26136476413440723,False
inner_2020,2025,validation,random,197,30,2020-10-22,2019-02-20,inner_train,True,,False,0.5558382388473198,False
inner_2020,2025,validation,random,198,99,2020-10-26,2019-06-06,inner_train,True,,False,0.6533548755077065,False
inner_2020,2025,validation,random,199,59,2020-10-27,2019-04-02,inner_train,True,,False,0.3663251997708943,False
inner_2020,2025,validation,random,200,5,2020-10-28,2019-01-15,inner_train,True,,False,0.3978387603731002,False
inner_2020,2025,validation,random,201,24,2020-10-29,2019-02-11,inner_train,True,,False,0.3316989578685554,False
inner_2020,2025,validation,random,202,32,2020-10-30,2019-02-22,inner_train,True,,False,0.29298712468147414,False
inner_2020,2025,validation,random,203,57,2020-11-02,2019-03-29,inner_train,True,,False,0.38484582090542885,False
inner_2020,2025,validation,random,204,213,2020-11-03,2019-11-20,inner_train,True,,False,1.278632348473785,False
inner_2020,2025,validation,random,205,210,2020-11-04,2019-11-15,inner_train,True,,False,2.09929152979442,False
inner_2020,2025,validation,random,206,158,2020-11-05,2019-09-02,inner_train,True,,True,0.08604472635853488,False
inner_2020,2025,validation,random,207,194,2020-11-06,2019-10-24,inner_train,True,,False,0.6602593137151098,False
inner_2020,2025,validation,random,208,119,2020-11-09,2019-07-04,inner_train,True,,True,0.594707107746693,False
inner_2020,2025,validation,random,209,138,2020-11-10,2019-08-02,inner_train,True,,False,0.32458662938723215,False
inner_2020,2025,validation,random,210,16,2020-11-11,2019-01-30,inner_train,True,,True,0.3930425881096067,False
inner_2020,2025,validation,random,211,64,2020-11-12,2019-04-10,inner_train,True,,True,1.5396283810405937,False
inner_2020,2025,validation,random,212,79,2020-11-13,2019-05-07,inner_train,True,,False,0.5283285949969674,False
inner_2020,2025,validation,random,213,157,2020-11-16,2019-08-30,inner_train,True,,False,2.6925347571405447,False
inner_2020,2025,validation,random,214,88,2020-11-17,2019-05-21,inner_train,True,,False,0.5083672472904119,False
inner_2020,2025,validation,random,215,155,2020-11-18,2019-08-28,inner_train,True,,False,2.1525387560747733,False
inner_2020,2025,validation,random,216,208,2020-11-19,2019-11-13,inner_train,True,,False,0.22100907878557674,False
inner_2020,2025,validation,random,217,144,2020-11-20,2019-08-13,inner_train,True,,False,0.5639354490799389,False
inner_2020,2025,validation,random,218,159,2020-11-23,2019-09-03,inner_train,True,,False,0.49532143723002564,False
inner_2020,2025,validation,random,219,2,2020-11-24,2019-01-10,inner_train,True,,False,0.5831462853456171,False
inner_2020,2025,validation,random,220,54,2020-11-25,2019-03-26,inner_train,True,,False,0.7019320101156779,False
inner_2020,2025,validation,random,221,71,2020-11-26,2019-04-23,inner_train,True,,True,0.5908683314395269,False
inner_2020,2025,validation,random,222,51,2020-11-27,2019-03-21,inner_train,True,,False,0.683447783471232,False
inner_2020,2025,validation,random,223,108,2020-11-30,2019-06-19,inner_train,True,,True,0.7492366472109881,False
inner_2020,2025,validation,random,224,130,2020-12-01,2019-07-22,inner_train,True,,False,0.40392782878927713,False
inner_2020,2025,validation,random,225,175,2020-12-02,2019-09-25,inner_train,True,,False,0.6411620568168881,False
inner_2020,2025,validation,random,226,79,2020-12-03,2019-05-07,inner_train,True,,False,0.21300832942016612,False
inner_2020,2025,validation,random,227,134,2020-12-04,2019-07-26,inner_train,True,,False,0.07032774214205606,False
inner_2020,2025,validation,random,228,153,2020-12-08,2019-08-26,inner_train,True,,False,1.0569219763864628,False
inner_2020,2025,validation,random,229,85,2020-12-09,2019-05-15,inner_train,True,,False,1.6621419759246683,False
inner_2020,2025,validation,random,230,151,2020-12-14,2019-08-22,inner_train,True,,False,0.12735248667253396,False
inner_2020,2025,validation,random,231,193,2020-12-15,2019-10-22,inner_train,True,,False,0.6588851169534231,False
inner_2020,2025,validation,random,232,71,2020-12-16,2019-04-23,inner_train,True,,True,0.39768296766610955,False
inner_2020,2025,validation,random,233,110,2020-12-17,2019-06-21,inner_train,True,,True,0.22705745063534621,False
inner_2020,2025,validation,random,234,163,2020-12-18,2019-09-09,inner_train,True,,True,0.3435187009937173,False
inner_2020,2025,validation,random,235,123,2020-12-21,2019-07-10,inner_train,True,,True,0.9000098462700175,False
inner_2020,2025,validation,random,236,43,2020-12-22,2019-03-11,inner_train,True,,False,0.6784564651499414,False
inner_2020,2025,validation,random,237,161,2020-12-23,2019-09-05,inner_train,True,,False,0.8470937579270608,False
inner_2020,2025,validation,random,238,76,2020-12-24,2019-04-30,inner_train,True,,False,0.17327172127403667,False
inner_2020,2025,validation,random,239,62,2020-12-25,2019-04-05,inner_train,True,,True,0.8851919848361112,False
inner_2020,2025,validation,random,240,173,2020-12-28,2019-09-23,inner_train,True,,False,0.947919748172231,False
inner_2020,2025,validation,random,241,133,2020-12-29,2019-07-25,inner_train,True,,True,0.07796154146971146,False
inner_2020,2025,validation,random,242,22,2020-12-30,2019-02-07,inner_train,True,,False,0.15877817535930605,False
