inner_fold,seed,anchor_split,strategy,anchor_index,source_index,anchor_date,source_date,source_partition,source_before_anchor,endpoint_gap_rows,regime_agreement,coverage_distance,same_year
inner_2020,123,train,matched,5,0,2019-01-15,2019-01-08,inner_train,True,5.0,True,2.4894806201076367,True
inner_2020,123,train,matched,6,1,2019-01-16,2019-01-09,inner_train,True,5.0,True,1.4799201556559574,True
inner_2020,123,train,matched,7,0,2019-01-17,2019-01-08,inner_train,True,7.0,True,2.5231723595644837,True
inner_2020,123,train,matched,8,1,2019-01-18,2019-01-09,inner_train,True,7.0,True,1.0554068525770983,True
inner_2020,123,train,matched,9,4,2019-01-21,2019-01-14,inner_train,True,5.0,True,0.4488413824335158,True
inner_2020,123,train,matched,10,1,2019-01-22,2019-01-09,inner_train,True,9.0,True,1.009765571620894,True
inner_2020,123,train,matched,11,2,2019-01-23,2019-01-10,inner_train,True,9.0,True,0.5762258425010431,True
inner_2020,123,train,matched,17,12,2019-01-31,2019-01-24,inner_train,True,5.0,True,0.7202063286739513,True
inner_2020,123,train,matched,18,13,2019-02-01,2019-01-25,inner_train,True,5.0,True,0.13235145148467398,True
inner_2020,123,train,matched,19,13,2019-02-04,2019-01-25,inner_train,True,6.0,True,0.07125610365078705,True
inner_2020,123,train,matched,20,14,2019-02-05,2019-01-28,inner_train,True,6.0,True,0.30294954458256873,True
inner_2020,123,train,matched,21,14,2019-02-06,2019-01-28,inner_train,True,7.0,True,0.07786218233604147,True
inner_2020,123,train,matched,22,14,2019-02-07,2019-01-28,inner_train,True,8.0,True,0.11583181552512123,True
inner_2020,123,train,matched,23,18,2019-02-08,2019-02-01,inner_train,True,5.0,True,0.364973746753428,True
inner_2020,123,train,matched,24,17,2019-02-11,2019-01-31,inner_train,True,7.0,True,0.18120982794126395,True
inner_2020,123,train,matched,25,17,2019-02-12,2019-01-31,inner_train,True,8.0,True,0.37803607093810054,True
inner_2020,123,train,matched,26,13,2019-02-13,2019-01-25,inner_train,True,13.0,True,0.2665238469444349,True
inner_2020,123,train,matched,27,19,2019-02-14,2019-02-04,inner_train,True,8.0,True,0.21432737330473683,True
inner_2020,123,train,matched,28,4,2019-02-15,2019-01-14,inner_train,True,24.0,True,0.21732958144878944,True
inner_2020,123,train,matched,29,5,2019-02-18,2019-01-15,inner_train,True,24.0,True,0.3678690906818849,True
inner_2020,123,train,matched,30,5,2019-02-20,2019-01-15,inner_train,True,25.0,True,0.40296041049315523,True
inner_2020,123,train,matched,31,4,2019-02-21,2019-01-14,inner_train,True,27.0,True,0.3394322782496899,True
inner_2020,123,train,matched,32,24,2019-02-22,2019-02-11,inner_train,True,8.0,True,0.06187540371808753,True
inner_2020,123,train,matched,33,18,2019-02-25,2019-02-01,inner_train,True,15.0,True,0.13613217432458002,True
inner_2020,123,train,matched,34,27,2019-02-26,2019-02-14,inner_train,True,7.0,True,0.14289183538408645,True
inner_2020,123,train,matched,35,18,2019-02-27,2019-02-01,inner_train,True,17.0,True,0.12272945959170878,True
inner_2020,123,train,matched,36,7,2019-02-28,2019-01-17,inner_train,True,29.0,True,0.4248831939652655,True
inner_2020,123,train,matched,37,5,2019-03-01,2019-01-15,inner_train,True,32.0,True,0.3727590759760768,True
inner_2020,123,train,matched,43,38,2019-03-11,2019-03-04,inner_train,True,5.0,True,0.38014730012387465,True
inner_2020,123,train,matched,44,38,2019-03-12,2019-03-04,inner_train,True,6.0,True,0.25498415716986855,True
inner_2020,123,train,matched,45,7,2019-03-13,2019-01-17,inner_train,True,38.0,True,0.13844540742695166,True
inner_2020,123,train,matched,46,7,2019-03-14,2019-01-17,inner_train,True,39.0,True,0.16987561073390278,True
inner_2020,123,train,matched,47,8,2019-03-15,2019-01-18,inner_train,True,39.0,True,0.1604925863525426,True
inner_2020,123,train,matched,48,28,2019-03-18,2019-02-15,inner_train,True,20.0,True,0.13353139262452274,True
inner_2020,123,train,matched,49,37,2019-03-19,2019-03-01,inner_train,True,12.0,True,0.22946601705369662,True
inner_2020,123,train,matched,50,31,2019-03-20,2019-02-21,inner_train,True,19.0,True,0.14660347419187536,True
inner_2020,123,train,matched,51,31,2019-03-21,2019-02-21,inner_train,True,20.0,True,0.208363041085307,True
inner_2020,123,train,matched,52,27,2019-03-22,2019-02-14,inner_train,True,25.0,True,0.1420765311960981,True
inner_2020,123,train,matched,53,11,2019-03-25,2019-01-23,inner_train,True,42.0,True,0.04255961441879608,True
inner_2020,123,train,matched,54,47,2019-03-26,2019-03-15,inner_train,True,7.0,True,0.2596456402284977,True
inner_2020,123,train,matched,55,7,2019-03-27,2019-01-17,inner_train,True,48.0,True,0.0864940017948519,True
inner_2020,123,train,matched,56,37,2019-03-28,2019-03-01,inner_train,True,19.0,True,0.15760491469534532,True
inner_2020,123,train,matched,57,6,2019-03-29,2019-01-16,inner_train,True,51.0,True,0.33916402828692416,True
inner_2020,123,train,matched,58,35,2019-04-01,2019-02-27,inner_train,True,23.0,True,0.17299022936506958,True
inner_2020,123,train,matched,59,14,2019-04-02,2019-01-28,inner_train,True,45.0,True,0.045601320117820254,True
inner_2020,123,train,matched,60,22,2019-04-03,2019-02-07,inner_train,True,38.0,True,0.06525783473792313,True
inner_2020,123,train,matched,61,13,2019-04-04,2019-01-25,inner_train,True,48.0,True,0.08768500449910421,True
inner_2020,123,train,matched,62,8,2019-04-05,2019-01-18,inner_train,True,54.0,True,0.15236336925316252,True
inner_2020,123,train,matched,63,26,2019-04-09,2019-02-13,inner_train,True,37.0,True,0.2633499717922505,True
inner_2020,123,train,matched,64,12,2019-04-10,2019-01-24,inner_train,True,52.0,True,0.2231435513142097,True
inner_2020,123,train,matched,65,26,2019-04-11,2019-02-13,inner_train,True,39.0,True,0.594707107746693,True
inner_2020,123,train,matched,66,26,2019-04-12,2019-02-13,inner_train,True,40.0,True,0.5037353295409663,True
inner_2020,123,train,matched,67,12,2019-04-17,2019-01-24,inner_train,True,55.0,True,0.11155248590574729,True
inner_2020,123,train,matched,68,12,2019-04-18,2019-01-24,inner_train,True,56.0,True,0.13895146009386172,True
inner_2020,123,train,matched,69,61,2019-04-19,2019-04-04,inner_train,True,8.0,True,0.07410797215372167,True
inner_2020,123,train,matched,70,63,2019-04-22,2019-04-09,inner_train,True,7.0,True,0.2735973325700418,True
inner_2020,123,train,matched,71,64,2019-04-23,2019-04-10,inner_train,True,7.0,True,0.3646431135879098,True
inner_2020,123,train,matched,72,61,2019-04-24,2019-04-04,inner_train,True,11.0,True,0.19189100781010504,True
inner_2020,123,train,matched,73,24,2019-04-25,2019-02-11,inner_train,True,49.0,True,0.20136975176464933,True
inner_2020,123,train,matched,74,61,2019-04-26,2019-04-04,inner_train,True,13.0,True,0.07410797215372167,True
inner_2020,123,train,matched,75,48,2019-04-29,2019-03-18,inner_train,True,27.0,True,0.17185025692665912,True
inner_2020,123,train,matched,76,15,2019-04-30,2019-01-29,inner_train,True,61.0,True,0.05884050002293417,True
inner_2020,123,train,matched,77,14,2019-05-02,2019-01-28,inner_train,True,63.0,True,0.19782574332991976,True
inner_2020,123,train,matched,78,59,2019-05-03,2019-04-02,inner_train,True,19.0,True,0.2567462721632676,True
inner_2020,123,train,matched,79,6,2019-05-07,2019-01-16,inner_train,True,73.0,True,0.3932312495571999,True
inner_2020,123,train,matched,80,57,2019-05-08,2019-03-29,inner_train,True,23.0,True,0.12995357127663842,True
inner_2020,123,train,matched,81,38,2019-05-09,2019-03-04,inner_train,True,43.0,True,0.16537199848018158,True
inner_2020,123,train,matched,82,39,2019-05-10,2019-03-05,inner_train,True,43.0,True,0.5859330962527958,True
inner_2020,123,train,matched,83,42,2019-05-13,2019-03-08,inner_train,True,41.0,True,0.9330316447550451,True
inner_2020,123,train,matched,84,38,2019-05-14,2019-03-04,inner_train,True,46.0,True,1.2130483062088038,True
inner_2020,123,train,matched,85,44,2019-05-15,2019-03-12,inner_train,True,41.0,True,1.7982741502492487,True
inner_2020,123,train,matched,86,42,2019-05-16,2019-03-08,inner_train,True,44.0,True,2.0015068390029174,True
inner_2020,123,train,matched,87,39,2019-05-17,2019-03-05,inner_train,True,48.0,True,1.8645967931803216,True
inner_2020,123,train,matched,88,38,2019-05-21,2019-03-04,inner_train,True,50.0,True,1.445521436799476,True
inner_2020,123,train,matched,89,83,2019-05-22,2019-05-13,inner_train,True,6.0,True,0.2983669725517988,True
inner_2020,123,train,matched,90,84,2019-05-23,2019-05-14,inner_train,True,6.0,True,0.4214017003709767,True
inner_2020,123,train,matched,91,39,2019-05-24,2019-03-05,inner_train,True,52.0,True,0.17048709914695204,True
inner_2020,123,train,matched,92,43,2019-05-27,2019-03-11,inner_train,True,49.0,True,0.3171292737780824,True
inner_2020,123,train,matched,93,42,2019-05-28,2019-03-08,inner_train,True,51.0,True,0.3438479303789781,True
inner_2020,123,train,matched,94,81,2019-05-29,2019-05-09,inner_train,True,13.0,True,0.5024573740954739,True
inner_2020,123,train,matched,95,43,2019-05-30,2019-03-11,inner_train,True,52.0,True,0.3320178862718328,True
inner_2020,123,train,matched,96,41,2019-05-31,2019-03-07,inner_train,True,55.0,True,0.3442148997839949,True
inner_2020,123,train,matched,97,55,2019-06-04,2019-03-27,inner_train,True,42.0,True,0.10178269430994247,True
inner_2020,123,train,matched,98,56,2019-06-05,2019-03-28,inner_train,True,42.0,True,0.08296278846362926,True
inner_2020,123,train,matched,99,18,2019-06-06,2019-02-01,inner_train,True,81.0,True,0.03704127168034921,True
inner_2020,123,train,matched,100,23,2019-06-07,2019-02-08,inner_train,True,77.0,True,0.04546237407675724,True
inner_2020,123,train,matched,101,26,2019-06-10,2019-02-13,inner_train,True,75.0,True,0.04652001563489261,True
inner_2020,123,train,matched,102,66,2019-06-11,2019-04-12,inner_train,True,36.0,True,0.20116464459543426,True
inner_2020,123,train,matched,103,65,2019-06-12,2019-04-11,inner_train,True,38.0,True,0.07956182283618585,True
inner_2020,123,train,matched,104,64,2019-06-13,2019-04-10,inner_train,True,40.0,True,0.15088003095913605,True
inner_2020,123,train,matched,105,23,2019-06-14,2019-02-08,inner_train,True,82.0,True,0.11957034623047891,True
inner_2020,123,train,matched,106,68,2019-06-17,2019-04-18,inner_train,True,38.0,True,0.23922968906583408,True
inner_2020,123,train,matched,107,72,2019-06-18,2019-04-24,inner_train,True,35.0,True,0.03922071315328157,True
inner_2020,123,train,matched,108,72,2019-06-19,2019-04-24,inner_train,True,36.0,True,0.08004270767353638,True
inner_2020,123,train,matched,109,69,2019-06-20,2019-04-19,inner_train,True,40.0,True,0.05678852295354142,True
inner_2020,123,train,matched,110,74,2019-06-21,2019-04-26,inner_train,True,36.0,True,0.057158413839948796,True
inner_2020,123,train,matched,111,61,2019-06-24,2019-04-04,inner_train,True,50.0,True,0.05344045847946699,True
inner_2020,123,train,matched,112,13,2019-06-25,2019-01-25,inner_train,True,99.0,True,0.10603414316730086,True
inner_2020,123,train,matched,113,107,2019-06-26,2019-06-18,inner_train,True,6.0,True,0.08164398904050962,True
inner_2020,123,train,matched,114,69,2019-06-27,2019-04-19,inner_train,True,45.0,True,0.05541583914156911,True
inner_2020,123,train,matched,115,69,2019-06-28,2019-04-19,inner_train,True,46.0,True,0.09579106464167575,True
inner_2020,123,train,matched,116,25,2019-07-01,2019-02-12,inner_train,True,91.0,True,0.13631820353170188,True
inner_2020,123,train,matched,117,63,2019-07-02,2019-04-09,inner_train,True,54.0,True,0.10536051565782634,True
inner_2020,123,train,matched,118,12,2019-07-03,2019-01-24,inner_train,True,106.0,True,0.13353139262452274,True
inner_2020,123,train,matched,119,66,2019-07-04,2019-04-12,inner_train,True,53.0,True,0.0,True
inner_2020,123,train,matched,120,67,2019-07-05,2019-04-17,inner_train,True,53.0,True,0.04445176257083361,True
inner_2020,123,train,matched,121,102,2019-07-08,2019-06-11,inner_train,True,19.0,True,0.08004270767353638,True
inner_2020,123,train,matched,122,63,2019-07-09,2019-04-09,inner_train,True,59.0,True,0.08004270767353638,True
inner_2020,123,train,matched,123,23,2019-07-10,2019-02-08,inner_train,True,100.0,True,0.02197890671877545,True
inner_2020,123,train,matched,124,113,2019-07-11,2019-06-26,inner_train,True,11.0,True,0.08701137698963013,True
inner_2020,123,train,matched,125,25,2019-07-12,2019-02-12,inner_train,True,100.0,True,0.08081940674170873,True
inner_2020,123,train,matched,126,23,2019-07-15,2019-02-08,inner_train,True,103.0,True,0.09608687887249712,True
inner_2020,123,train,matched,127,6,2019-07-17,2019-01-16,inner_train,True,121.0,True,0.16179297665282588,True
inner_2020,123,train,matched,128,97,2019-07-18,2019-06-04,inner_train,True,31.0,True,0.13237688027769767,True
inner_2020,123,train,matched,129,7,2019-07-19,2019-01-17,inner_train,True,122.0,True,0.12861737782209337,True
inner_2020,123,train,matched,130,6,2019-07-22,2019-01-16,inner_train,True,124.0,True,0.08784960000601849,True
inner_2020,123,train,matched,131,55,2019-07-23,2019-03-27,inner_train,True,76.0,True,0.1461185081299945,True
inner_2020,123,train,matched,132,56,2019-07-24,2019-03-28,inner_train,True,76.0,True,0.05043085362689226,True
inner_2020,123,train,matched,133,56,2019-07-25,2019-03-28,inner_train,True,77.0,True,0.1184589397037441,True
inner_2020,123,train,matched,134,79,2019-07-26,2019-05-07,inner_train,True,55.0,True,0.016260520871780315,True
inner_2020,123,train,matched,135,81,2019-07-30,2019-05-09,inner_train,True,54.0,True,0.12251359488407587,True
inner_2020,123,train,matched,136,41,2019-07-31,2019-03-07,inner_train,True,95.0,True,0.13657553500575048,True
inner_2020,123,train,matched,137,94,2019-08-01,2019-05-29,inner_train,True,43.0,True,0.4344526449814161,True
inner_2020,123,train,matched,138,96,2019-08-02,2019-05-31,inner_train,True,42.0,True,0.28666941413739444,True
inner_2020,123,train,matched,139,96,2019-08-05,2019-05-31,inner_train,True,43.0,True,0.2796763786464238,True
inner_2020,123,train,matched,140,96,2019-08-06,2019-05-31,inner_train,True,44.0,True,0.25557882706736335,True
inner_2020,123,train,matched,141,96,2019-08-07,2019-05-31,inner_train,True,45.0,True,0.2704674395611142,True
inner_2020,123,train,matched,142,136,2019-08-08,2019-07-31,inner_train,True,6.0,True,0.10802363307730989,True
inner_2020,123,train,matched,143,41,2019-08-09,2019-03-07,inner_train,True,102.0,True,0.07061756721395307,True
inner_2020,123,train,matched,144,41,2019-08-13,2019-03-07,inner_train,True,103.0,True,0.1458409884515408,True
inner_2020,123,train,matched,145,90,2019-08-14,2019-05-23,inner_train,True,55.0,True,0.40923727402958887,True
inner_2020,123,train,matched,146,84,2019-08-15,2019-05-14,inner_train,True,62.0,True,0.40772627357130187,True
inner_2020,123,train,matched,147,90,2019-08-16,2019-05-23,inner_train,True,57.0,True,0.191462289188161,True
inner_2020,123,train,matched,148,89,2019-08-19,2019-05-22,inner_train,True,59.0,True,0.3016928095213798,True
inner_2020,123,train,matched,149,83,2019-08-20,2019-05-13,inner_train,True,66.0,True,0.20069239708651754,True
inner_2020,123,train,matched,150,90,2019-08-21,2019-05-23,inner_train,True,60.0,True,0.36829866823289104,True
inner_2020,123,train,matched,151,135,2019-08-22,2019-07-30,inner_train,True,16.0,True,0.06535518104412708,True
inner_2020,123,train,matched,152,93,2019-08-23,2019-05-28,inner_train,True,59.0,True,0.12158532160612223,True
inner_2020,123,train,matched,153,139,2019-08-26,2019-08-05,inner_train,True,14.0,True,0.5677934562310449,True
inner_2020,123,train,matched,154,138,2019-08-27,2019-08-02,inner_train,True,16.0,True,0.6480035886336046,True
inner_2020,123,train,matched,155,95,2019-08-28,2019-05-30,inner_train,True,60.0,True,0.8514022032951898,True
inner_2020,123,train,matched,156,95,2019-08-29,2019-05-30,inner_train,True,61.0,True,0.5910122731314158,True
inner_2020,123,train,matched,157,9,2019-08-30,2019-01-21,inner_train,True,148.0,True,0.8752746395016713,True
inner_2020,123,train,matched,158,2,2019-09-02,2019-01-10,inner_train,True,156.0,True,0.22870942839165487,True
inner_2020,123,train,matched,159,5,2019-09-03,2019-01-15,inner_train,True,154.0,True,0.05608946665104364,True
inner_2020,123,train,matched,160,61,2019-09-04,2019-04-04,inner_train,True,99.0,True,0.018692133012152556,True
inner_2020,123,train,matched,161,24,2019-09-05,2019-02-11,inner_train,True,137.0,True,0.06899287148695166,True
inner_2020,123,train,matched,162,16,2019-09-06,2019-01-30,inner_train,True,146.0,True,0.04959694113937152,True
inner_2020,123,train,matched,163,17,2019-09-09,2019-01-31,inner_train,True,146.0,True,0.1333827489973447,True
inner_2020,123,train,matched,164,69,2019-09-10,2019-04-19,inner_train,True,95.0,True,0.09180754925312273,True
inner_2020,123,train,matched,165,106,2019-09-11,2019-06-17,inner_train,True,59.0,True,0.0816780310142673,True
inner_2020,123,train,matched,166,109,2019-09-12,2019-06-20,inner_train,True,57.0,True,0.12260232209233246,True
inner_2020,123,train,matched,167,72,2019-09-13,2019-04-24,inner_train,True,95.0,True,0.019048194970694432,True
inner_2020,123,train,matched,168,158,2019-09-16,2019-09-02,inner_train,True,10.0,True,0.32634789795557095,True
inner_2020,123,train,matched,169,8,2019-09-17,2019-01-18,inner_train,True,161.0,True,0.28768207245178123,True
inner_2020,123,train,matched,170,53,2019-09-18,2019-03-25,inner_train,True,117.0,True,0.22495678843839073,True
inner_2020,123,train,matched,171,53,2019-09-19,2019-03-25,inner_train,True,118.0,True,1.2192102785769423,True
inner_2020,123,train,matched,172,155,2019-09-20,2019-08-28,inner_train,True,17.0,True,0.33493495730232636,True
inner_2020,123,train,matched,173,155,2019-09-23,2019-08-28,inner_train,True,18.0,True,0.279960026357871,True
inner_2020,123,train,matched,174,156,2019-09-24,2019-08-29,inner_train,True,18.0,True,0.14933957673084786,True
inner_2020,123,train,matched,175,92,2019-09-25,2019-05-27,inner_train,True,83.0,True,0.4531098253139487,True
inner_2020,123,train,matched,176,42,2019-09-26,2019-03-08,inner_train,True,134.0,True,0.3468357746784303,True
inner_2020,123,train,matched,177,57,2019-09-27,2019-03-29,inner_train,True,120.0,True,0.10441129869049348,True
inner_2020,123,train,matched,178,56,2019-09-30,2019-03-28,inner_train,True,122.0,True,0.0984400728132524,True
inner_2020,123,train,matched,179,91,2019-10-01,2019-05-24,inner_train,True,88.0,True,0.2214614651312239,True
inner_2020,123,train,matched,180,42,2019-10-02,2019-03-08,inner_train,True,138.0,True,0.31788181231541346,True
inner_2020,123,train,matched,181,93,2019-10-03,2019-05-28,inner_train,True,88.0,True,0.12615128532690045,True
inner_2020,123,train,matched,182,95,2019-10-04,2019-05-30,inner_train,True,87.0,True,0.1621188494764354,True
inner_2020,123,train,matched,183,96,2019-10-07,2019-05-31,inner_train,True,87.0,True,0.08894748601649605,True
inner_2020,123,train,matched,184,138,2019-10-08,2019-08-02,inner_train,True,46.0,True,0.10008345855698231,True
inner_2020,123,train,matched,185,141,2019-10-09,2019-08-07,inner_train,True,44.0,True,0.21455980762281834,True
inner_2020,123,train,matched,186,96,2019-10-10,2019-05-31,inner_train,True,90.0,True,0.3058493764072301,True
inner_2020,123,train,matched,187,142,2019-10-11,2019-08-08,inner_train,True,45.0,True,0.09146572733901026,True
inner_2020,123,train,matched,188,46,2019-10-15,2019-03-14,inner_train,True,142.0,True,0.06669137449867213,True
inner_2020,123,train,matched,189,127,2019-10-16,2019-07-17,inner_train,True,62.0,True,0.09716374845364806,True
inner_2020,123,train,matched,190,62,2019-10-17,2019-04-05,inner_train,True,128.0,True,0.04255961441879608,True
inner_2020,123,train,matched,191,2,2019-10-18,2019-01-10,inner_train,True,189.0,True,0.2072032231706915,True
inner_2020,123,train,matched,192,159,2019-10-21,2019-09-03,inner_train,True,33.0,True,0.03922071315328157,True
inner_2020,123,train,matched,193,168,2019-10-22,2019-09-16,inner_train,True,25.0,True,0.09880058474409381,True
inner_2020,123,train,matched,194,169,2019-10-24,2019-09-17,inner_train,True,25.0,True,0.13720112151348474,True
inner_2020,123,train,matched,195,62,2019-10-25,2019-04-05,inner_train,True,133.0,True,0.25714534859169946,True
inner_2020,123,train,matched,196,138,2019-10-28,2019-08-02,inner_train,True,58.0,True,0.4775508348811184,True
inner_2020,123,train,matched,197,185,2019-10-29,2019-10-09,inner_train,True,12.0,True,0.43144059451142525,True
inner_2020,123,train,matched,198,183,2019-10-30,2019-10-07,inner_train,True,15.0,True,0.14613281950252643,True
inner_2020,123,train,matched,199,56,2019-10-31,2019-03-28,inner_train,True,143.0,True,0.09237332013101529,True
inner_2020,123,train,matched,200,134,2019-11-01,2019-07-26,inner_train,True,66.0,True,0.07878087785311383,True
inner_2020,123,train,matched,201,57,2019-11-04,2019-03-29,inner_train,True,144.0,True,0.3680349057286709,True
inner_2020,123,train,matched,202,133,2019-11-05,2019-07-25,inner_train,True,69.0,True,0.280902385466403,True
inner_2020,123,train,matched,203,57,2019-11-06,2019-03-29,inner_train,True,146.0,True,0.37267528528517335,True
inner_2020,123,train,matched,204,59,2019-11-07,2019-04-02,inner_train,True,145.0,True,0.116818250246284,True
inner_2020,123,train,matched,205,22,2019-11-08,2019-02-07,inner_train,True,183.0,True,0.0765400771223339,True
inner_2020,123,train,matched,206,76,2019-11-11,2019-04-30,inner_train,True,130.0,True,0.2318658855400897,True
inner_2020,123,train,matched,207,202,2019-11-12,2019-11-05,inner_train,True,5.0,True,0.1923718926474569,True
inner_2020,123,train,matched,208,203,2019-11-13,2019-11-06,inner_train,True,5.0,True,0.3677247801253172,True
inner_2020,123,train,matched,209,202,2019-11-14,2019-11-05,inner_train,True,7.0,True,0.812289835732368,True
inner_2020,123,train,matched,210,201,2019-11-15,2019-11-04,inner_train,True,9.0,True,0.9627600062640167,True
inner_2020,123,train,matched,211,203,2019-11-18,2019-11-06,inner_train,True,8.0,True,0.9360933591703349,True
inner_2020,123,train,matched,212,207,2019-11-19,2019-11-12,inner_train,True,5.0,True,0.8517522107365836,True
inner_2020,123,train,matched,213,202,2019-11-20,2019-11-05,inner_train,True,11.0,True,0.5717863235556773,True
inner_2020,123,train,matched,214,203,2019-11-21,2019-11-06,inner_train,True,11.0,True,0.24149268998240636,True
inner_2020,123,train,matched,215,207,2019-11-22,2019-11-12,inner_train,True,8.0,True,0.08701137698963013,True
inner_2020,123,train,matched,216,132,2019-11-25,2019-07-24,inner_train,True,84.0,True,0.07341893471172867,True
inner_2020,123,train,matched,217,45,2019-11-26,2019-03-13,inner_train,True,172.0,True,0.05942342047080107,True
inner_2020,123,train,matched,218,159,2019-11-27,2019-09-03,inner_train,True,59.0,True,0.07410797215372167,True
inner_2020,123,train,matched,219,191,2019-11-28,2019-10-18,inner_train,True,28.0,True,0.11000089521432876,True
inner_2020,123,train,matched,220,169,2019-11-29,2019-09-17,inner_train,True,51.0,True,0.0747656505726928,True
inner_2020,123,train,matched,221,185,2019-12-02,2019-10-09,inner_train,True,36.0,True,0.19522496162986247,True
inner_2020,123,train,matched,222,196,2019-12-03,2019-10-28,inner_train,True,26.0,True,0.1541506798272585,True
inner_2020,123,train,matched,223,183,2019-12-04,2019-10-07,inner_train,True,40.0,True,0.1628346691204583,True
inner_2020,123,train,matched,224,182,2019-12-06,2019-10-04,inner_train,True,42.0,True,0.03774032798284699,True
inner_2020,123,train,matched,225,198,2019-12-09,2019-10-30,inner_train,True,27.0,True,0.07410797215372211,True
inner_2020,123,train,matched,226,183,2019-12-11,2019-10-07,inner_train,True,43.0,True,0.12550508175029362,True
inner_2020,123,train,matched,227,93,2019-12-12,2019-05-28,inner_train,True,134.0,True,0.13274677116410505,True
inner_2020,123,train,matched,228,221,2019-12-13,2019-12-02,inner_train,True,7.0,True,0.22884157242884795,True
inner_2020,123,train,matched,229,196,2019-12-16,2019-10-28,inner_train,True,33.0,True,0.1898687624293376,True
inner_2020,123,train,matched,230,183,2019-12-17,2019-10-07,inner_train,True,47.0,True,0.10357320508373036,True
inner_2020,123,train,matched,231,93,2019-12-18,2019-05-28,inner_train,True,138.0,True,0.12615128532690045,True
inner_2020,123,train,matched,232,46,2019-12-19,2019-03-14,inner_train,True,186.0,True,0.08338160893905089,True
inner_2020,123,train,matched,233,80,2019-12-20,2019-05-08,inner_train,True,153.0,True,0.04668711397265257,True
inner_2020,123,train,matched,234,98,2019-12-23,2019-06-05,inner_train,True,136.0,True,0.07020425867324853,True
inner_2020,123,train,matched,235,216,2019-12-24,2019-11-25,inner_train,True,19.0,True,0.07542376181724153,True
inner_2020,123,train,matched,236,192,2019-12-25,2019-10-21,inner_train,True,44.0,True,0.03774032798284699,True
inner_2020,123,train,matched,237,199,2019-12-26,2019-10-31,inner_train,True,38.0,True,0.06669137449867213,True
inner_2020,123,train,matched,238,131,2019-12-27,2019-07-23,inner_train,True,107.0,True,0.10178269430994158,True
inner_2020,123,train,matched,239,98,2019-12-30,2019-06-05,inner_train,True,141.0,True,0.06252035698133396,True
inner_2020,123,train,random,5,0,2019-01-15,2019-01-08,inner_train,True,5.0,True,2.4894806201076367,True
inner_2020,123,train,random,6,0,2019-01-16,2019-01-08,inner_train,True,6.0,True,2.5955401920679613,True
inner_2020,123,train,random,7,2,2019-01-17,2019-01-10,inner_train,True,5.0,True,0.5421890734632466,True
inner_2020,123,train,random,8,2,2019-01-18,2019-01-10,inner_train,True,6.0,True,0.3346849260471174,True
inner_2020,123,train,random,9,0,2019-01-21,2019-01-08,inner_train,True,9.0,True,1.9692872463380457,True
inner_2020,123,train,random,10,5,2019-01-22,2019-01-15,inner_train,True,5.0,True,0.7287381256626482,True
inner_2020,123,train,random,11,1,2019-01-23,2019-01-09,inner_train,True,10.0,True,1.0862267377153714,True
inner_2020,123,train,random,17,3,2019-01-31,2019-01-11,inner_train,True,14.0,False,0.5321867507653582,True
inner_2020,123,train,random,18,2,2019-02-01,2019-01-10,inner_train,True,16.0,False,0.7469083574513982,True
inner_2020,123,train,random,19,5,2019-02-04,2019-01-15,inner_train,True,14.0,False,0.2513982189718096,True
inner_2020,123,train,random,20,2,2019-02-05,2019-01-10,inner_train,True,18.0,False,0.5955087109960298,True
inner_2020,123,train,random,21,5,2019-02-06,2019-01-15,inner_train,True,16.0,False,0.3718046655355196,True
inner_2020,123,train,random,22,14,2019-02-07,2019-01-28,inner_train,True,8.0,True,0.11583181552512123,True
inner_2020,123,train,random,23,8,2019-02-08,2019-01-18,inner_train,True,15.0,False,0.19189100781010504,True
inner_2020,123,train,random,24,18,2019-02-11,2019-02-01,inner_train,True,6.0,True,0.19062035960864998,True
inner_2020,123,train,random,25,9,2019-02-12,2019-01-21,inner_train,True,16.0,False,0.3711577946091027,True
inner_2020,123,train,random,26,6,2019-02-13,2019-01-16,inner_train,True,20.0,False,0.2665238469444349,True
inner_2020,123,train,random,27,18,2019-02-14,2019-02-01,inner_train,True,9.0,True,0.35235528279421624,True
inner_2020,123,train,random,28,19,2019-02-15,2019-02-04,inner_train,True,9.0,False,0.16240731612637704,True
inner_2020,123,train,random,29,21,2019-02-18,2019-02-06,inner_train,True,8.0,False,0.5914578119099612,True
inner_2020,123,train,random,30,23,2019-02-20,2019-02-08,inner_train,True,7.0,False,0.128181742877282,True
inner_2020,123,train,random,31,0,2019-02-21,2019-01-08,inner_train,True,31.0,True,2.375536360758419,True
inner_2020,123,train,random,32,14,2019-02-22,2019-01-28,inner_train,True,18.0,True,0.40404566145393783,True
inner_2020,123,train,random,33,7,2019-02-25,2019-01-17,inner_train,True,26.0,False,0.18983635329644066,True
inner_2020,123,train,random,34,7,2019-02-26,2019-01-17,inner_train,True,27.0,False,0.20162430904848305,True
inner_2020,123,train,random,35,7,2019-02-27,2019-01-17,inner_train,True,28.0,False,0.3274487435798603,True
inner_2020,123,train,random,36,26,2019-02-28,2019-02-13,inner_train,True,10.0,False,0.6190392084062228,True
inner_2020,123,train,random,37,26,2019-03-01,2019-02-13,inner_train,True,11.0,False,0.3822082459438967,True
inner_2020,123,train,random,43,8,2019-03-11,2019-01-18,inner_train,True,35.0,False,0.3254224004346278,True
inner_2020,123,train,random,44,16,2019-03-12,2019-01-30,inner_train,True,28.0,False,0.22705745063534577,True
inner_2020,123,train,random,45,30,2019-03-13,2019-02-20,inner_train,True,15.0,True,0.2766883042195709,True
inner_2020,123,train,random,46,6,2019-03-14,2019-01-16,inner_train,True,40.0,True,0.1744403398860177,True
inner_2020,123,train,random,47,27,2019-03-15,2019-02-14,inner_train,True,20.0,False,0.14660347419187536,True
inner_2020,123,train,random,48,19,2019-03-18,2019-02-04,inner_train,True,29.0,False,0.09237332013101485,True
inner_2020,123,train,random,49,41,2019-03-19,2019-03-07,inner_train,True,8.0,False,0.07839970765600812,True
inner_2020,123,train,random,50,34,2019-03-20,2019-02-26,inner_train,True,16.0,False,0.2894953095759618,True
inner_2020,123,train,random,51,10,2019-03-21,2019-01-22,inner_train,True,41.0,True,0.406430825228123,True
inner_2020,123,train,random,52,40,2019-03-22,2019-03-06,inner_train,True,12.0,False,0.4027514022365679,True
inner_2020,123,train,random,53,39,2019-03-25,2019-03-05,inner_train,True,14.0,False,0.9927518979686321,True
inner_2020,123,train,random,54,10,2019-03-26,2019-01-22,inner_train,True,44.0,True,0.208544751893057,True
inner_2020,123,train,random,55,26,2019-03-27,2019-02-13,inner_train,True,29.0,False,0.24104476164344968,True
inner_2020,123,train,random,56,41,2019-03-28,2019-03-07,inner_train,True,15.0,False,0.40749556565854617,True
inner_2020,123,train,random,57,12,2019-03-29,2019-01-24,inner_train,True,45.0,False,0.9364294371435875,True
inner_2020,123,train,random,58,13,2019-04-01,2019-01-25,inner_train,True,45.0,True,0.31375431276155563,True
inner_2020,123,train,random,59,9,2019-04-02,2019-01-21,inner_train,True,50.0,False,0.924258901523332,True
inner_2020,123,train,random,60,0,2019-04-03,2019-01-08,inner_train,True,60.0,False,2.7673242435591296,True
inner_2020,123,train,random,61,28,2019-04-04,2019-02-15,inner_train,True,33.0,False,0.11778303565638337,True
inner_2020,123,train,random,62,0,2019-04-05,2019-01-08,inner_train,True,62.0,True,2.163304842895192,True
inner_2020,123,train,random,63,34,2019-04-09,2019-02-26,inner_train,True,29.0,True,0.45276182281122956,True
inner_2020,123,train,random,64,24,2019-04-10,2019-02-11,inner_train,True,40.0,True,0.762140052046897,True
inner_2020,123,train,random,65,11,2019-04-11,2019-01-23,inner_train,True,54.0,False,0.23197146543777514,True
inner_2020,123,train,random,66,22,2019-04-12,2019-02-07,inner_train,True,44.0,True,0.9383287105721543,True
inner_2020,123,train,random,67,0,2019-04-17,2019-01-08,inner_train,True,67.0,False,1.9430640512389432,True
inner_2020,123,train,random,68,9,2019-04-18,2019-01-21,inner_train,True,59.0,False,0.16793899696711367,True
inner_2020,123,train,random,69,30,2019-04-19,2019-02-20,inner_train,True,39.0,False,0.3091306158592646,True
inner_2020,123,train,random,70,5,2019-04-22,2019-01-15,inner_train,True,65.0,False,0.3242396681855788,True
inner_2020,123,train,random,71,48,2019-04-23,2019-03-18,inner_train,True,23.0,False,0.42121346507630353,True
inner_2020,123,train,random,72,17,2019-04-24,2019-01-31,inner_train,True,55.0,True,0.3651326661021921,True
inner_2020,123,train,random,73,63,2019-04-25,2019-04-09,inner_train,True,10.0,True,0.38677297509601205,True
inner_2020,123,train,random,74,11,2019-04-26,2019-01-23,inner_train,True,63.0,False,0.7017309242513368,True
inner_2020,123,train,random,75,44,2019-04-29,2019-03-12,inner_train,True,31.0,False,0.11122563511022454,True
inner_2020,123,train,random,76,37,2019-04-30,2019-03-01,inner_train,True,39.0,False,0.3133989604569103,True
inner_2020,123,train,random,77,66,2019-05-02,2019-04-12,inner_train,True,11.0,True,1.2519862694271953,True
inner_2020,123,train,random,78,45,2019-05-03,2019-03-13,inner_train,True,33.0,False,0.5686853222606087,True
inner_2020,123,train,random,79,64,2019-05-07,2019-04-10,inner_train,True,15.0,False,1.213640209728073,True
inner_2020,123,train,random,80,35,2019-05-08,2019-02-27,inner_train,True,45.0,False,0.04587045406609702,True
inner_2020,123,train,random,81,16,2019-05-09,2019-01-30,inner_train,True,65.0,False,0.31666960932503274,True
inner_2020,123,train,random,82,14,2019-05-10,2019-01-28,inner_train,True,68.0,False,0.4260843953108999,True
inner_2020,123,train,random,83,68,2019-05-13,2019-04-18,inner_train,True,15.0,False,1.7944975894601787,True
inner_2020,123,train,random,84,16,2019-05-14,2019-01-30,inner_train,True,68.0,False,1.3700520550184687,True
inner_2020,123,train,random,85,59,2019-05-15,2019-04-02,inner_train,True,26.0,False,1.5263404347656069,True
inner_2020,123,train,random,86,43,2019-05-16,2019-03-11,inner_train,True,43.0,True,2.336986519711379,True
inner_2020,123,train,random,87,23,2019-05-17,2019-02-08,inner_train,True,64.0,False,2.221271737119054,True
inner_2020,123,train,random,88,34,2019-05-21,2019-02-26,inner_train,True,54.0,False,1.8036898302045752,True
inner_2020,123,train,random,89,67,2019-05-22,2019-04-17,inner_train,True,22.0,False,2.120263536200092,True
inner_2020,123,train,random,90,38,2019-05-23,2019-03-04,inner_train,True,52.0,True,0.7916466058378271,True
inner_2020,123,train,random,91,75,2019-05-24,2019-04-29,inner_train,True,16.0,False,0.07832419891583564,True
inner_2020,123,train,random,92,83,2019-05-27,2019-05-13,inner_train,True,9.0,True,1.148262197311929,True
inner_2020,123,train,random,93,26,2019-05-28,2019-02-13,inner_train,True,67.0,False,0.22924733425222765,True
inner_2020,123,train,random,94,47,2019-05-29,2019-03-15,inner_train,True,47.0,False,0.35831832968246236,True
inner_2020,123,train,random,95,47,2019-05-30,2019-03-15,inner_train,True,48.0,False,0.4026541435025144,True
inner_2020,123,train,random,96,49,2019-05-31,2019-03-19,inner_train,True,47.0,False,0.32735850946149414,True
inner_2020,123,train,random,97,6,2019-06-04,2019-01-16,inner_train,True,91.0,True,0.12726177961092766,True
inner_2020,123,train,random,98,34,2019-06-05,2019-02-26,inner_train,True,64.0,False,0.2094634474101298,True
inner_2020,123,train,random,99,55,2019-06-06,2019-03-27,inner_train,True,44.0,False,0.12078926510530996,True
inner_2020,123,train,random,100,88,2019-06-07,2019-05-21,inner_train,True,12.0,False,2.0046625036246306,True
inner_2020,123,train,random,101,23,2019-06-10,2019-02-08,inner_train,True,78.0,True,0.05756417566332894,True
inner_2020,123,train,random,102,63,2019-06-11,2019-04-09,inner_train,True,39.0,True,0.1208647021937912,True
inner_2020,123,train,random,103,75,2019-06-12,2019-04-29,inner_train,True,28.0,False,1.0165473356138057,True
inner_2020,123,train,random,104,92,2019-06-13,2019-05-27,inner_train,True,12.0,False,0.6906871547190834,True
inner_2020,123,train,random,105,17,2019-06-14,2019-01-31,inner_train,True,88.0,True,0.47513356131652085,True
inner_2020,123,train,random,106,68,2019-06-17,2019-04-18,inner_train,True,38.0,True,0.23922968906583408,True
inner_2020,123,train,random,107,32,2019-06-18,2019-02-22,inner_train,True,75.0,True,0.28501895503229724,True
inner_2020,123,train,random,108,45,2019-06-19,2019-03-13,inner_train,True,63.0,False,0.2670627852490455,True
inner_2020,123,train,random,109,1,2019-06-20,2019-01-09,inner_train,True,108.0,False,1.336819312015284,True
inner_2020,123,train,random,110,76,2019-06-21,2019-04-30,inner_train,True,34.0,True,0.6106504839248417,True
inner_2020,123,train,random,111,3,2019-06-24,2019-01-11,inner_train,True,108.0,False,0.4123855509527381,True
inner_2020,123,train,random,112,40,2019-06-25,2019-03-06,inner_train,True,72.0,False,0.4300062170242822,True
inner_2020,123,train,random,113,54,2019-06-26,2019-03-26,inner_train,True,59.0,False,0.3448404862917296,True
inner_2020,123,train,random,114,73,2019-06-27,2019-04-25,inner_train,True,41.0,True,0.07410797215372167,True
inner_2020,123,train,random,115,51,2019-06-28,2019-03-21,inner_train,True,64.0,False,0.2809023854664021,True
inner_2020,123,train,random,116,93,2019-07-01,2019-05-28,inner_train,True,23.0,False,0.2839542023377666,True
inner_2020,123,train,random,117,14,2019-07-02,2019-01-28,inner_train,True,103.0,True,0.7084146526907333,True
inner_2020,123,train,random,118,29,2019-07-03,2019-02-18,inner_train,True,89.0,False,0.13802129789737494,True
inner_2020,123,train,random,119,29,2019-07-04,2019-02-18,inner_train,True,90.0,False,0.44454645815063554,True
inner_2020,123,train,random,120,44,2019-07-05,2019-03-12,inner_train,True,76.0,False,0.7230001437096263,True
inner_2020,123,train,random,121,0,2019-07-08,2019-01-08,inner_train,True,121.0,False,2.1064883678515303,True
inner_2020,123,train,random,122,50,2019-07-09,2019-03-20,inner_train,True,72.0,False,0.13517477836825265,True
inner_2020,123,train,random,123,45,2019-07-10,2019-03-13,inner_train,True,78.0,False,0.19671029424605413,True
inner_2020,123,train,random,124,70,2019-07-11,2019-04-22,inner_train,True,54.0,True,0.1937913393016819,True
inner_2020,123,train,random,125,69,2019-07-12,2019-04-19,inner_train,True,56.0,True,0.12260232209233246,True
inner_2020,123,train,random,126,34,2019-07-15,2019-02-26,inner_train,True,92.0,True,0.2076393647782444,True
inner_2020,123,train,random,127,52,2019-07-17,2019-03-22,inner_train,True,75.0,False,0.31315230784281356,True
inner_2020,123,train,random,128,62,2019-07-18,2019-04-05,inner_train,True,66.0,True,0.28913450553209596,True
inner_2020,123,train,random,129,104,2019-07-19,2019-06-13,inner_train,True,25.0,False,0.7257784745303528,True
inner_2020,123,train,random,130,9,2019-07-22,2019-01-21,inner_train,True,121.0,True,0.7141025457359338,True
inner_2020,123,train,random,131,78,2019-07-23,2019-05-03,inner_train,True,53.0,False,0.49969245077365665,True
inner_2020,123,train,random,132,10,2019-07-24,2019-01-22,inner_train,True,122.0,True,1.1005427911981678,True
inner_2020,123,train,random,133,34,2019-07-25,2019-02-26,inner_train,True,99.0,False,0.41088517557750315,True
inner_2020,123,train,random,134,57,2019-07-26,2019-03-29,inner_train,True,77.0,True,0.07032774214205606,True
inner_2020,123,train,random,135,106,2019-07-30,2019-06-17,inner_train,True,29.0,False,0.5660703977121031,True
inner_2020,123,train,random,136,44,2019-07-31,2019-03-12,inner_train,True,92.0,True,0.0816780310142673,True
inner_2020,123,train,random,137,66,2019-08-01,2019-04-12,inner_train,True,71.0,False,0.25733491606248915,True
inner_2020,123,train,random,138,77,2019-08-02,2019-05-02,inner_train,True,61.0,False,0.883425718254482,True
inner_2020,123,train,random,139,102,2019-08-05,2019-06-11,inner_train,True,37.0,False,0.31237468504215293,True
inner_2020,123,train,random,140,53,2019-08-06,2019-03-25,inner_train,True,87.0,False,0.6360769540299,True
inner_2020,123,train,random,141,77,2019-08-07,2019-05-02,inner_train,True,64.0,False,0.7970411040556611,True
inner_2020,123,train,random,142,115,2019-08-08,2019-06-28,inner_train,True,27.0,False,0.1541506798272585,True
inner_2020,123,train,random,143,60,2019-08-09,2019-04-03,inner_train,True,83.0,False,0.2933478099874587,True
inner_2020,123,train,random,144,131,2019-08-13,2019-07-23,inner_train,True,13.0,False,0.29202047405037934,True
inner_2020,123,train,random,145,55,2019-08-14,2019-03-27,inner_train,True,90.0,False,0.6889448145888668,True
inner_2020,123,train,random,146,61,2019-08-15,2019-04-04,inner_train,True,85.0,False,1.1366791685919444,True
inner_2020,123,train,random,147,3,2019-08-16,2019-01-11,inner_train,True,144.0,False,1.6491684023890119,True
inner_2020,123,train,random,148,76,2019-08-19,2019-04-30,inner_train,True,72.0,False,0.7370112263933222,True
inner_2020,123,train,random,149,68,2019-08-20,2019-04-18,inner_train,True,81.0,False,1.5938051923736611,True
inner_2020,123,train,random,150,60,2019-08-21,2019-04-03,inner_train,True,90.0,False,0.5326202835934106,True
inner_2020,123,train,random,151,91,2019-08-22,2019-05-24,inner_train,True,60.0,True,0.06535518104412708,True
inner_2020,123,train,random,152,81,2019-08-23,2019-05-09,inner_train,True,71.0,True,0.141163484300447,True
inner_2020,123,train,random,153,140,2019-08-26,2019-08-06,inner_train,True,13.0,True,0.5918910078101054,True
inner_2020,123,train,random,154,60,2019-08-27,2019-04-03,inner_train,True,94.0,False,1.1188996766623602,True
inner_2020,123,train,random,155,65,2019-08-28,2019-04-11,inner_train,True,90.0,False,0.6466159074993518,True
inner_2020,123,train,random,156,123,2019-08-29,2019-07-10,inner_train,True,33.0,False,0.6411620568168876,True
inner_2020,123,train,random,157,74,2019-08-30,2019-04-26,inner_train,True,83.0,False,1.319143800856562,True
inner_2020,123,train,random,158,38,2019-09-02,2019-03-04,inner_train,True,120.0,False,0.6669038750547127,True
inner_2020,123,train,random,159,80,2019-09-03,2019-05-08,inner_train,True,79.0,True,0.3713594956216535,True
inner_2020,123,train,random,160,79,2019-09-04,2019-05-07,inner_train,True,81.0,False,0.46222412104415156,True
inner_2020,123,train,random,161,64,2019-09-05,2019-04-10,inner_train,True,97.0,True,0.6931471805599454,True
inner_2020,123,train,random,162,83,2019-09-06,2019-05-13,inner_train,True,79.0,False,1.0293850696426867,True
inner_2020,123,train,random,163,92,2019-09-09,2019-05-27,inner_train,True,71.0,False,0.10178269430994202,True
inner_2020,123,train,random,164,155,2019-09-10,2019-08-28,inner_train,True,9.0,False,1.0795942141552421,True
inner_2020,123,train,random,165,11,2019-09-11,2019-01-23,inner_train,True,154.0,False,0.6070894171566477,True
inner_2020,123,train,random,166,147,2019-09-12,2019-08-16,inner_train,True,19.0,False,1.5056257371739474,True
inner_2020,123,train,random,167,79,2019-09-13,2019-05-07,inner_train,True,88.0,False,0.6163748008714096,True
inner_2020,123,train,random,168,62,2019-09-16,2019-04-05,inner_train,True,106.0,True,0.279960026357871,True
inner_2020,123,train,random,169,100,2019-09-17,2019-06-07,inner_train,True,69.0,False,0.43411070618512904,True
inner_2020,123,train,random,170,19,2019-09-18,2019-02-04,inner_train,True,151.0,False,1.0201764763808763,True
inner_2020,123,train,random,171,124,2019-09-19,2019-07-11,inner_train,True,47.0,False,1.71948569144778,True
inner_2020,123,train,random,172,15,2019-09-20,2019-01-29,inner_train,True,157.0,False,1.9350541923122728,True
inner_2020,123,train,random,173,72,2019-09-23,2019-04-24,inner_train,True,101.0,False,0.5900436028878651,True
inner_2020,123,train,random,174,34,2019-09-24,2019-02-26,inner_train,True,140.0,False,0.6683662831524892,True
inner_2020,123,train,random,175,51,2019-09-25,2019-03-21,inner_train,True,124.0,False,0.7964152725882467,True
inner_2020,123,train,random,176,80,2019-09-26,2019-05-08,inner_train,True,96.0,False,0.32067760156805214,True
inner_2020,123,train,random,177,1,2019-09-27,2019-01-09,inner_train,True,176.0,True,1.8091786549534783,True
inner_2020,123,train,random,178,154,2019-09-30,2019-08-27,inner_train,True,24.0,False,1.260869937932747,True
inner_2020,123,train,random,179,132,2019-10-01,2019-07-24,inner_train,True,47.0,False,0.13593929169306218,True
inner_2020,123,train,random,180,168,2019-10-02,2019-09-16,inner_train,True,12.0,False,1.1583315233697324,True
inner_2020,123,train,random,181,13,2019-10-03,2019-01-25,inner_train,True,168.0,False,0.018692133012152556,True
inner_2020,123,train,random,182,31,2019-10-04,2019-02-21,inner_train,True,151.0,False,0.09393181983420362,True
inner_2020,123,train,random,183,87,2019-10-07,2019-05-17,inner_train,True,96.0,True,2.340842083349533,True
inner_2020,123,train,random,184,153,2019-10-08,2019-08-26,inner_train,True,31.0,True,0.42531780798428986,True
inner_2020,123,train,random,185,55,2019-10-09,2019-03-27,inner_train,True,130.0,False,0.5043947334357002,True
inner_2020,123,train,random,186,54,2019-10-10,2019-03-26,inner_train,True,132.0,False,0.05715841383994835,True
inner_2020,123,train,random,187,153,2019-10-11,2019-08-26,inner_train,True,34.0,True,0.5694181519580463,True
inner_2020,123,train,random,188,0,2019-10-15,2019-01-08,inner_train,True,188.0,True,2.4199881233292526,True
inner_2020,123,train,random,189,175,2019-10-16,2019-09-25,inner_train,True,14.0,False,0.5896208592755663,True
inner_2020,123,train,random,190,35,2019-10-17,2019-02-27,inner_train,True,155.0,False,0.7298758746679481,True
inner_2020,123,train,random,191,59,2019-10-18,2019-04-02,inner_train,True,132.0,False,0.7053596385894494,True
inner_2020,123,train,random,192,60,2019-10-21,2019-04-03,inner_train,True,132.0,False,0.37315380325581815,True
inner_2020,123,train,random,193,169,2019-10-22,2019-09-17,inner_train,True,24.0,True,0.09880058474409381,True
inner_2020,123,train,random,194,156,2019-10-24,2019-08-29,inner_train,True,38.0,False,0.7975910516772586,True
inner_2020,123,train,random,195,64,2019-10-25,2019-04-10,inner_train,True,131.0,False,0.1310282624064043,True
inner_2020,123,train,random,196,65,2019-10-28,2019-04-11,inner_train,True,131.0,False,0.07956182283618585,True
inner_2020,123,train,random,197,156,2019-10-29,2019-08-29,inner_train,True,41.0,True,0.9095089678812442,True
inner_2020,123,train,random,198,54,2019-10-30,2019-03-26,inner_train,True,144.0,False,0.29469070260625774,True
inner_2020,123,train,random,199,155,2019-10-31,2019-08-28,inner_train,True,44.0,False,1.2351362953479281,True
inner_2020,123,train,random,200,159,2019-11-01,2019-09-03,inner_train,True,41.0,True,0.6179006451499012,True
inner_2020,123,train,random,201,129,2019-11-04,2019-07-19,inner_train,True,72.0,True,0.6509493886969793,True
inner_2020,123,train,random,202,147,2019-11-05,2019-08-16,inner_train,True,55.0,False,0.6252470063224913,True
inner_2020,123,train,random,203,45,2019-11-06,2019-03-13,inner_train,True,158.0,True,0.7257724078760219,True
inner_2020,123,train,random,204,112,2019-11-07,2019-06-25,inner_train,True,92.0,True,0.3822540814098607,True
inner_2020,123,train,random,205,27,2019-11-08,2019-02-14,inner_train,True,178.0,True,0.429214288319828,True
inner_2020,123,train,random,206,11,2019-11-11,2019-01-23,inner_train,True,195.0,False,1.2286654169163072,True
inner_2020,123,train,random,207,86,2019-11-12,2019-05-16,inner_train,True,121.0,False,1.5485291593471087,True
inner_2020,123,train,random,208,60,2019-11-13,2019-04-03,inner_train,True,148.0,False,0.9077800422062459,True
inner_2020,123,train,random,209,31,2019-11-14,2019-02-21,inner_train,True,178.0,True,1.6469692321603606,True
inner_2020,123,train,random,210,108,2019-11-15,2019-06-19,inner_train,True,102.0,False,1.8321079788909795,True
inner_2020,123,train,random,211,180,2019-11-18,2019-10-02,inner_train,True,31.0,False,1.2017965249033402,True
inner_2020,123,train,random,212,51,2019-11-19,2019-03-21,inner_train,True,161.0,True,1.9694855408514718,True
inner_2020,123,train,random,213,37,2019-11-20,2019-03-01,inner_train,True,176.0,True,1.0707774896746658,True
inner_2020,123,train,random,214,182,2019-11-21,2019-10-04,inner_train,True,32.0,False,1.2223219429941325,True
inner_2020,123,train,random,215,6,2019-11-22,2019-01-16,inner_train,True,209.0,True,0.6023550807304088,True
inner_2020,123,train,random,216,124,2019-11-25,2019-07-11,inner_train,True,92.0,False,0.70758786471474,True
inner_2020,123,train,random,217,119,2019-11-26,2019-07-04,inner_train,True,98.0,False,0.8157495026522779,True
inner_2020,123,train,random,218,99,2019-11-27,2019-06-06,inner_train,True,119.0,False,0.18335124626197086,True
inner_2020,123,train,random,219,92,2019-11-28,2019-05-27,inner_train,True,127.0,False,0.45339357468011565,True
inner_2020,123,train,random,220,5,2019-11-29,2019-01-15,inner_train,True,215.0,True,0.5833211258041446,True
inner_2020,123,train,random,221,186,2019-12-02,2019-10-10,inner_train,True,35.0,True,0.1560042484765809,True
inner_2020,123,train,random,222,14,2019-12-03,2019-01-28,inner_train,True,208.0,False,1.0090001299784221,True
inner_2020,123,train,random,223,35,2019-12-04,2019-02-27,inner_train,True,188.0,False,0.770108221696074,True
inner_2020,123,train,random,224,193,2019-12-06,2019-10-22,inner_train,True,31.0,False,0.3066645233640708,True
inner_2020,123,train,random,225,79,2019-12-09,2019-05-07,inner_train,True,146.0,False,0.9656646827126814,True
inner_2020,123,train,random,226,101,2019-12-11,2019-06-10,inner_train,True,125.0,False,0.211714855490587,True
inner_2020,123,train,random,227,142,2019-12-12,2019-08-08,inner_train,True,85.0,True,0.3269027856050628,True
inner_2020,123,train,random,228,126,2019-12-13,2019-07-15,inner_train,True,102.0,False,0.3045458785037858,True
inner_2020,123,train,random,229,209,2019-12-16,2019-11-14,inner_train,True,20.0,False,2.116346098615287,True
inner_2020,123,train,random,230,211,2019-12-17,2019-11-18,inner_train,True,19.0,False,2.1036985193253956,True
inner_2020,123,train,random,231,59,2019-12-18,2019-04-02,inner_train,True,172.0,False,0.27931382278126415,True
inner_2020,123,train,random,232,174,2019-12-19,2019-09-24,inner_train,True,58.0,False,0.6769867833350331,True
inner_2020,123,train,random,233,157,2019-12-20,2019-08-30,inner_train,True,76.0,True,1.641475008721517,True
inner_2020,123,train,random,234,57,2019-12-23,2019-03-29,inner_train,True,177.0,True,0.13660831812900165,True
inner_2020,123,train,random,235,34,2019-12-24,2019-02-26,inner_train,True,201.0,False,0.4353580320962287,True
inner_2020,123,train,random,236,189,2019-12-25,2019-10-16,inner_train,True,47.0,True,0.057943035300366486,True
inner_2020,123,train,random,237,172,2019-12-26,2019-09-20,inner_train,True,65.0,False,1.571182981502945,True
inner_2020,123,train,random,238,87,2019-12-27,2019-05-17,inner_train,True,151.0,False,1.8318069703573308,True
inner_2020,123,train,random,239,68,2019-12-30,2019-04-18,inner_train,True,171.0,False,0.6949082611442434,True
inner_2020,123,validation,matched,0,6,2020-01-02,2019-01-16,inner_train,True,,True,0.0,False
inner_2020,123,validation,matched,1,232,2020-01-03,2019-12-19,inner_train,True,,True,0.052592450119170575,False
inner_2020,123,validation,matched,2,190,2020-01-06,2019-10-17,inner_train,True,,True,0.06554913264349471,False
inner_2020,123,validation,matched,3,195,2020-01-07,2019-10-25,inner_train,True,,True,0.07249550203815369,False
inner_2020,123,validation,matched,4,158,2020-01-08,2019-09-02,inner_train,True,,True,0.13150710043529212,False
inner_2020,123,validation,matched,5,220,2020-01-09,2019-11-29,inner_train,True,,True,0.1005872369051688,False
inner_2020,123,validation,matched,6,54,2020-01-10,2019-03-26,inner_train,True,,True,0.11236914581230284,False
inner_2020,123,validation,matched,7,9,2020-01-13,2019-01-21,inner_train,True,,True,0.06980953139350676,False
inner_2020,123,validation,matched,8,54,2020-01-14,2019-03-26,inner_train,True,,True,0.14054002277899924,False
inner_2020,123,validation,matched,9,190,2020-01-15,2019-10-17,inner_train,True,,True,0.09763846956391609,False
inner_2020,123,validation,matched,10,195,2020-01-16,2019-10-25,inner_train,True,,True,0.09781331002244364,False
inner_2020,123,validation,matched,11,193,2020-01-17,2019-10-22,inner_train,True,,True,0.05001042057466165,False
inner_2020,123,validation,matched,12,168,2020-01-20,2019-09-16,inner_train,True,,True,0.10143389765485411,False
inner_2020,123,validation,matched,13,168,2020-01-21,2019-09-16,inner_train,True,,True,0.09880058474409381,False
inner_2020,123,validation,matched,14,169,2020-01-22,2019-09-17,inner_train,True,,True,0.13133600206108698,False
inner_2020,123,validation,matched,15,191,2020-01-23,2019-10-18,inner_train,True,,True,0.04445176257083361,False
inner_2020,123,validation,matched,16,159,2020-01-24,2019-09-03,inner_train,True,,True,0.11778303565638337,False
inner_2020,123,validation,matched,17,198,2020-01-27,2019-10-30,inner_train,True,,True,0.2513144282809061,False
inner_2020,123,validation,matched,18,96,2020-01-28,2019-05-31,inner_train,True,,True,0.1419181113916239,False
inner_2020,123,validation,matched,19,96,2020-01-29,2019-05-31,inner_train,True,,True,0.24419696051204198,False
inner_2020,123,validation,matched,20,95,2020-01-30,2019-05-30,inner_train,True,,True,0.04082199452025481,False
inner_2020,123,validation,matched,21,198,2020-01-31,2019-10-30,inner_train,True,,True,0.15692974599752363,False
inner_2020,123,validation,matched,22,95,2020-02-03,2019-05-30,inner_train,True,,True,0.10024541499105588,False
inner_2020,123,validation,matched,23,93,2020-02-04,2019-05-28,inner_train,True,,True,0.12861737782209337,False
inner_2020,123,validation,matched,24,181,2020-02-05,2019-10-03,inner_train,True,,True,0.054067221270275745,False
inner_2020,123,validation,matched,25,227,2020-02-06,2019-12-12,inner_train,True,,True,0.18616033310112012,False
inner_2020,123,validation,matched,26,179,2020-02-07,2019-10-01,inner_train,True,,True,0.24699476713638946,False
inner_2020,123,validation,matched,27,93,2020-02-11,2019-05-28,inner_train,True,,True,0.22705745063534577,False
inner_2020,123,validation,matched,28,92,2020-02-12,2019-05-27,inner_train,True,,True,0.24265636553779135,False
inner_2020,123,validation,matched,29,94,2020-02-13,2019-05-29,inner_train,True,,True,0.21868920096483002,False
inner_2020,123,validation,matched,30,92,2020-02-14,2019-05-27,inner_train,True,,True,0.08947746948482349,False
inner_2020,123,validation,matched,31,91,2020-02-17,2019-05-24,inner_train,True,,True,0.17934092865581608,False
inner_2020,123,validation,matched,32,181,2020-02-18,2019-10-03,inner_train,True,,True,0.3999999999999999,False
inner_2020,123,validation,matched,33,156,2020-02-19,2019-08-29,inner_train,True,,True,0.15445265778516237,False
inner_2020,123,validation,matched,34,173,2020-02-20,2019-09-23,inner_train,True,,True,0.26860592539096695,False
inner_2020,123,validation,matched,35,174,2020-02-21,2019-09-24,inner_train,True,,True,0.5238468612665592,False
inner_2020,123,validation,matched,36,156,2020-02-24,2019-08-29,inner_train,True,,True,0.20953151293028238,False
inner_2020,123,validation,matched,37,96,2020-02-25,2019-05-31,inner_train,True,,True,0.0812254399225858,False
inner_2020,123,validation,matched,38,135,2020-02-26,2019-07-30,inner_train,True,,True,0.047871468652359805,False
inner_2020,123,validation,matched,39,39,2020-02-27,2019-03-05,inner_train,True,,True,0.058268908123976004,False
inner_2020,123,validation,matched,40,174,2020-02-28,2019-09-24,inner_train,True,,True,0.31619073020196264,False
inner_2020,123,validation,matched,41,154,2020-03-02,2019-08-27,inner_train,True,,True,0.24590053843682558,False
inner_2020,123,validation,matched,42,154,2020-03-03,2019-08-27,inner_train,True,,True,0.29102097371729574,False
inner_2020,123,validation,matched,43,172,2020-03-04,2019-09-20,inner_train,True,,True,0.3832727965138023,False
inner_2020,123,validation,matched,44,172,2020-03-05,2019-09-20,inner_train,True,,True,0.35256020982627234,False
inner_2020,123,validation,matched,45,196,2020-03-06,2019-10-28,inner_train,True,,True,0.3337212032493233,False
inner_2020,123,validation,matched,46,137,2020-03-09,2019-08-01,inner_train,True,,True,0.0969922659873097,False
inner_2020,123,validation,matched,47,222,2020-03-10,2019-12-03,inner_train,True,,True,0.08701137698962969,False
inner_2020,123,validation,matched,48,184,2020-03-11,2019-10-08,inner_train,True,,True,0.08004270767353638,False
inner_2020,123,validation,matched,49,184,2020-03-12,2019-10-08,inner_train,True,,True,0.03774032798284699,False
inner_2020,123,validation,matched,50,44,2020-03-13,2019-03-12,inner_train,True,,True,0.07175403292827953,False
inner_2020,123,validation,matched,51,151,2020-03-16,2019-08-22,inner_train,True,,True,0.058840500022933284,False
inner_2020,123,validation,matched,52,136,2020-03-17,2019-07-31,inner_train,True,,True,0.02150620522096336,False
inner_2020,123,validation,matched,53,142,2020-03-18,2019-08-08,inner_train,True,,True,0.055262678675049415,False
inner_2020,123,validation,matched,54,142,2020-03-19,2019-08-08,inner_train,True,,True,0.04348511193973881,False
inner_2020,123,validation,matched,55,183,2020-03-20,2019-10-07,inner_train,True,,True,0.09763846956391609,False
inner_2020,123,validation,matched,56,222,2020-03-23,2019-12-03,inner_train,True,,True,0.13406392126052058,False
inner_2020,123,validation,matched,57,229,2020-03-24,2019-12-16,inner_train,True,,True,0.4418327522790393,False
inner_2020,123,validation,matched,58,197,2020-03-25,2019-10-29,inner_train,True,,True,0.4595323293784399,False
inner_2020,123,validation,matched,59,154,2020-03-26,2019-08-27,inner_train,True,,True,1.7004096906398272,False
inner_2020,123,validation,matched,60,197,2020-03-27,2019-10-29,inner_train,True,,True,1.4630673512486982,False
inner_2020,123,validation,matched,61,196,2020-03-30,2019-10-28,inner_train,True,,True,1.4199691613489964,False
inner_2020,123,validation,matched,62,154,2020-03-31,2019-08-27,inner_train,True,,True,0.7018808605286999,False
inner_2020,123,validation,matched,63,153,2020-04-01,2019-08-26,inner_train,True,,True,0.4792772660310649,False
inner_2020,123,validation,matched,64,141,2020-04-02,2019-08-07,inner_train,True,,True,0.1625189294977747,False
inner_2020,123,validation,matched,65,144,2020-04-03,2019-08-13,inner_train,True,,True,0.09729424394521402,False
inner_2020,123,validation,matched,66,37,2020-04-07,2019-03-01,inner_train,True,,True,0.03846628082779624,False
inner_2020,123,validation,matched,67,217,2020-04-08,2019-11-26,inner_train,True,,True,0.09019507913755476,False
inner_2020,123,validation,matched,68,80,2020-04-09,2019-05-08,inner_train,True,,True,0.09352605801082392,False
inner_2020,123,validation,matched,69,18,2020-04-10,2019-02-01,inner_train,True,,True,0.10536051565782678,False
inner_2020,123,validation,matched,70,32,2020-04-13,2019-02-22,inner_train,True,,True,0.07446251922355884,False
inner_2020,123,validation,matched,71,27,2020-04-14,2019-02-14,inner_train,True,,True,0.09531017980432477,False
inner_2020,123,validation,matched,72,32,2020-04-15,2019-02-22,inner_train,True,,True,0.08604472635853444,False
inner_2020,123,validation,matched,73,7,2020-04-16,2019-01-17,inner_train,True,,True,0.07390688628938058,False
inner_2020,123,validation,matched,74,28,2020-04-17,2019-02-15,inner_train,True,,True,0.09516138135155439,False
inner_2020,123,validation,matched,75,105,2020-04-20,2019-06-14,inner_train,True,,True,0.10357320508373036,False
inner_2020,123,validation,matched,76,105,2020-04-21,2019-06-14,inner_train,True,,True,0.060729846207545624,False
inner_2020,123,validation,matched,77,118,2020-04-22,2019-07-03,inner_train,True,,True,0.025317807984289953,False
inner_2020,123,validation,matched,78,64,2020-04-23,2019-04-10,inner_train,True,,True,0.6744368457017602,False
inner_2020,123,validation,matched,79,65,2020-04-24,2019-04-11,inner_train,True,,True,0.44652001563489296,False
inner_2020,123,validation,matched,80,119,2020-04-27,2019-07-04,inner_train,True,,True,0.46062462181643493,False
inner_2020,123,validation,matched,81,102,2020-04-28,2019-06-11,inner_train,True,,True,0.4408219945202547,False
inner_2020,123,validation,matched,82,67,2020-04-29,2019-04-17,inner_train,True,,True,0.442559614418796,False
inner_2020,123,validation,matched,83,33,2020-04-30,2019-02-25,inner_train,True,,True,0.06252035698133396,False
inner_2020,123,validation,matched,84,24,2020-05-05,2019-02-11,inner_train,True,,True,0.11551288712184427,False
inner_2020,123,validation,matched,85,45,2020-05-07,2019-03-13,inner_train,True,,True,0.04167269640056803,False
inner_2020,123,validation,matched,86,30,2020-05-08,2019-02-20,inner_train,True,,True,0.126991974741693,False
inner_2020,123,validation,matched,87,98,2020-05-11,2019-06-05,inner_train,True,,True,0.07685900552561176,False
inner_2020,123,validation,matched,88,134,2020-05-12,2019-07-26,inner_train,True,,True,0.11219042052032302,False
inner_2020,123,validation,matched,89,36,2020-05-13,2019-02-28,inner_train,True,,True,0.07410797215372211,False
inner_2020,123,validation,matched,90,202,2020-05-14,2019-11-05,inner_train,True,,True,0.17733401528291637,False
inner_2020,123,validation,matched,91,207,2020-05-15,2019-11-12,inner_train,True,,True,0.1721160376591211,False
inner_2020,123,validation,matched,92,213,2020-05-18,2019-11-20,inner_train,True,,True,0.20186615286692433,False
inner_2020,123,validation,matched,93,213,2020-05-19,2019-11-20,inner_train,True,,True,0.02809497851878362,False
inner_2020,123,validation,matched,94,76,2020-05-20,2019-04-30,inner_train,True,,True,0.46198631834000725,False
inner_2020,123,validation,matched,95,78,2020-05-21,2019-05-03,inner_train,True,,True,0.20077059057236823,False
inner_2020,123,validation,matched,96,202,2020-05-22,2019-11-05,inner_train,True,,True,0.09097177820572666,False
inner_2020,123,validation,matched,97,133,2020-05-25,2019-07-25,inner_train,True,,True,0.12925483585726205,False
inner_2020,123,validation,matched,98,55,2020-05-26,2019-03-27,inner_train,True,,True,0.0936241020326678,False
inner_2020,123,validation,matched,99,206,2020-05-27,2019-11-11,inner_train,True,,True,0.14744487096006686,False
inner_2020,123,validation,matched,100,24,2020-05-28,2019-02-11,inner_train,True,,True,0.11551288712184427,False
inner_2020,123,validation,matched,101,25,2020-05-29,2019-02-12,inner_train,True,,True,0.0,False
inner_2020,123,validation,matched,102,161,2020-06-01,2019-09-05,inner_train,True,,True,0.03509131981127034,False
inner_2020,123,validation,matched,103,101,2020-06-02,2019-06-10,inner_train,True,,True,0.022472855852058604,False
inner_2020,123,validation,matched,104,63,2020-06-04,2019-04-09,inner_train,True,,True,0.07410797215372211,False
inner_2020,123,validation,matched,105,121,2020-06-05,2019-07-08,inner_train,True,,True,0.0,False
inner_2020,123,validation,matched,106,25,2020-06-08,2019-02-12,inner_train,True,,True,0.04652001563489261,False
inner_2020,123,validation,matched,107,119,2020-06-09,2019-07-04,inner_train,True,,True,0.0,False
inner_2020,123,validation,matched,108,122,2020-06-10,2019-07-09,inner_train,True,,True,0.03922071315328157,False
inner_2020,123,validation,matched,109,100,2020-06-11,2019-06-07,inner_train,True,,True,0.12361395596717673,False
inner_2020,123,validation,matched,110,101,2020-06-12,2019-06-10,inner_train,True,,True,0.056891069900379954,False
inner_2020,123,validation,matched,111,31,2020-06-15,2019-02-21,inner_train,True,,True,0.05637440752773992,False
inner_2020,123,validation,matched,112,205,2020-06-16,2019-11-08,inner_train,True,,True,0.08404731405627963,False
inner_2020,123,validation,matched,113,24,2020-06-17,2019-02-11,inner_train,True,,True,0.09466522654107834,False
inner_2020,123,validation,matched,114,19,2020-06-18,2019-02-04,inner_train,True,,True,0.0,False
inner_2020,123,validation,matched,115,98,2020-06-19,2019-06-05,inner_train,True,,True,0.03571808260207909,False
inner_2020,123,validation,matched,116,188,2020-06-22,2019-10-15,inner_train,True,,True,0.03509131981127034,False
inner_2020,123,validation,matched,117,31,2020-06-23,2019-02-21,inner_train,True,,True,0.022472855852058604,False
inner_2020,123,validation,matched,118,55,2020-06-24,2019-03-27,inner_train,True,,True,0.08272306429885345,False
inner_2020,123,validation,matched,119,188,2020-06-25,2019-10-15,inner_train,True,,True,0.13413265529420482,False
inner_2020,123,validation,matched,120,50,2020-06-26,2019-03-20,inner_train,True,,True,0.1112256351102241,False
inner_2020,123,validation,matched,121,48,2020-06-29,2019-03-18,inner_train,True,,True,0.1031842362352311,False
inner_2020,123,validation,matched,122,46,2020-06-30,2019-03-14,inner_train,True,,True,0.12272047652030693,False
inner_2020,123,validation,matched,123,11,2020-07-01,2019-01-23,inner_train,True,,True,0.19988668914994223,False
inner_2020,123,validation,matched,124,27,2020-07-02,2019-02-14,inner_train,True,,True,0.10451911888963439,False
inner_2020,123,validation,matched,125,100,2020-07-03,2019-06-07,inner_train,True,,True,0.09763846956391609,False
inner_2020,123,validation,matched,126,54,2020-07-07,2019-03-26,inner_train,True,,True,0.19988668914994223,False
inner_2020,123,validation,matched,127,50,2020-07-08,2019-03-20,inner_train,True,,True,0.12552618525242076,False
inner_2020,123,validation,matched,128,31,2020-07-09,2019-02-21,inner_train,True,,True,0.10570888702522341,False
inner_2020,123,validation,matched,129,54,2020-07-10,2019-03-26,inner_train,True,,True,0.08338160893905089,False
inner_2020,123,validation,matched,130,28,2020-07-13,2019-02-15,inner_train,True,,True,0.07410797215372167,False
inner_2020,123,validation,matched,131,178,2020-07-14,2019-09-30,inner_train,True,,True,0.07637297878457394,False
inner_2020,123,validation,matched,132,238,2020-07-15,2019-12-27,inner_train,True,,True,0.08349849281505284,False
inner_2020,123,validation,matched,133,199,2020-07-16,2019-10-31,inner_train,True,,True,0.08408311721054096,False
inner_2020,123,validation,matched,134,235,2020-07-17,2019-12-24,inner_train,True,,True,0.08870677157487483,False
inner_2020,123,validation,matched,135,235,2020-07-20,2019-12-24,inner_train,True,,True,0.060240080377356175,False
inner_2020,123,validation,matched,136,55,2020-07-21,2019-03-27,inner_train,True,,True,0.06669137449867213,False
inner_2020,123,validation,matched,137,189,2020-07-22,2019-10-16,inner_train,True,,True,0.12289813632315383,False
inner_2020,123,validation,matched,138,30,2020-07-23,2019-02-20,inner_train,True,,True,0.08271936880052477,False
inner_2020,123,validation,matched,139,30,2020-07-24,2019-02-20,inner_train,True,,True,0.09555651556120548,False
inner_2020,123,validation,matched,140,195,2020-07-29,2019-10-25,inner_train,True,,True,0.1732098764426988,False
inner_2020,123,validation,matched,141,221,2020-07-30,2019-12-02,inner_train,True,,True,0.30075415401913386,False
inner_2020,123,validation,matched,142,196,2020-07-31,2019-10-28,inner_train,True,,True,0.10536051565782634,False
inner_2020,123,validation,matched,143,225,2020-08-03,2019-12-09,inner_train,True,,True,0.1910552367627094,False
inner_2020,123,validation,matched,144,221,2020-08-04,2019-12-02,inner_train,True,,True,0.2054439742148091,False
inner_2020,123,validation,matched,145,196,2020-08-05,2019-10-28,inner_train,True,,True,0.07864312731911349,False
inner_2020,123,validation,matched,146,187,2020-08-06,2019-10-11,inner_train,True,,True,0.12783337150988494,False
inner_2020,123,validation,matched,147,136,2020-08-07,2019-07-31,inner_train,True,,True,0.0734213947151483,False
inner_2020,123,validation,matched,148,135,2020-08-10,2019-07-30,inner_train,True,,True,0.08404731405627963,False
inner_2020,123,validation,matched,149,37,2020-08-11,2019-03-01,inner_train,True,,True,0.019418085857101808,False
inner_2020,123,validation,matched,150,36,2020-08-13,2019-02-28,inner_train,True,,True,0.17105884141550698,False
inner_2020,123,validation,matched,151,48,2020-08-14,2019-03-18,inner_train,True,,True,0.24419696051204243,False
inner_2020,123,validation,matched,152,207,2020-08-17,2019-11-12,inner_train,True,,True,0.2619224428930993,False
inner_2020,123,validation,matched,153,48,2020-08-18,2019-03-18,inner_train,True,,True,0.3619799961684258,False
inner_2020,123,validation,matched,154,37,2020-08-19,2019-03-01,inner_train,True,,True,0.2711170555770859,False
inner_2020,123,validation,matched,155,135,2020-08-20,2019-07-30,inner_train,True,,True,0.1872115420881464,False
inner_2020,123,validation,matched,156,38,2020-08-21,2019-03-04,inner_train,True,,True,0.1455669361358667,False
inner_2020,123,validation,matched,157,151,2020-08-24,2019-08-22,inner_train,True,,True,0.07696104113612856,False
inner_2020,123,validation,matched,158,142,2020-08-25,2019-08-08,inner_train,True,,True,0.05637440752773992,False
inner_2020,123,validation,matched,159,29,2020-08-26,2019-02-18,inner_train,True,,True,0.12411839272838332,False
inner_2020,123,validation,matched,160,11,2020-08-27,2019-01-23,inner_train,True,,True,0.12210269680090002,False
inner_2020,123,validation,matched,161,53,2020-08-28,2019-03-25,inner_train,True,,True,0.126063098016997,False
inner_2020,123,validation,matched,162,222,2020-08-31,2019-12-03,inner_train,True,,True,0.11518225395632609,False
inner_2020,123,validation,matched,163,152,2020-09-01,2019-08-23,inner_train,True,,True,0.10174107013461553,False
inner_2020,123,validation,matched,164,91,2020-09-02,2019-05-24,inner_train,True,,True,0.09699226598731014,False
inner_2020,123,validation,matched,165,181,2020-09-03,2019-10-03,inner_train,True,,True,0.018692133012152556,False
inner_2020,123,validation,matched,166,91,2020-09-08,2019-05-24,inner_train,True,,True,0.09571594162770447,False
inner_2020,123,validation,matched,167,181,2020-09-09,2019-10-03,inner_train,True,,True,0.12615128532690045,False
inner_2020,123,validation,matched,168,226,2020-09-10,2019-12-11,inner_train,True,,True,0.15600424847658134,False
inner_2020,123,validation,matched,169,227,2020-09-11,2019-12-12,inner_train,True,,True,0.03922071315328157,False
inner_2020,123,validation,matched,170,230,2020-09-14,2019-12-17,inner_train,True,,True,0.06609011182899005,False
inner_2020,123,validation,matched,171,225,2020-09-15,2019-12-09,inner_train,True,,True,0.12062798778861472,False
inner_2020,123,validation,matched,172,94,2020-09-16,2019-05-29,inner_train,True,,True,0.08701137698962969,False
inner_2020,123,validation,matched,173,224,2020-09-17,2019-12-06,inner_train,True,,True,0.10251556352559499,False
inner_2020,123,validation,matched,174,230,2020-09-18,2019-12-17,inner_train,True,,True,0.04879016416943216,False
inner_2020,123,validation,matched,175,183,2020-09-21,2019-10-07,inner_train,True,,True,0.022989518224698635,False
inner_2020,123,validation,matched,176,181,2020-09-22,2019-10-03,inner_train,True,,True,0.06899287148695166,False
inner_2020,123,validation,matched,177,92,2020-09-23,2019-05-27,inner_train,True,,True,0.1292117314800061,False
inner_2020,123,validation,matched,178,44,2020-09-24,2019-03-12,inner_train,True,,True,0.10725625082272572,False
inner_2020,123,validation,matched,179,231,2020-09-25,2019-12-18,inner_train,True,,True,0.03278982282299081,False
inner_2020,123,validation,matched,180,44,2020-09-28,2019-03-12,inner_train,True,,True,0.05116678417168208,False
inner_2020,123,validation,matched,181,141,2020-09-29,2019-08-07,inner_train,True,,True,0.10741198139089647,False
inner_2020,123,validation,matched,182,136,2020-09-30,2019-07-31,inner_train,True,,True,0.08604472635853444,False
inner_2020,123,validation,matched,183,138,2020-10-01,2019-08-02,inner_train,True,,True,0.08638461419882093,False
inner_2020,123,validation,matched,184,141,2020-10-02,2019-08-07,inner_train,True,,True,0.12275225836969561,False
inner_2020,123,validation,matched,185,155,2020-10-05,2019-08-28,inner_train,True,,True,0.2905351414341877,False
inner_2020,123,validation,matched,186,196,2020-10-06,2019-10-28,inner_train,True,,True,0.7610133455373305,False
inner_2020,123,validation,matched,187,155,2020-10-07,2019-08-28,inner_train,True,,True,1.203972804325936,False
inner_2020,123,validation,matched,188,197,2020-10-08,2019-10-29,inner_train,True,,True,1.0110822275056406,False
inner_2020,123,validation,matched,189,172,2020-10-09,2019-09-20,inner_train,True,,True,0.9490805546971459,False
inner_2020,123,validation,matched,190,194,2020-10-12,2019-10-24,inner_train,True,,True,0.08114625753723193,False
inner_2020,123,validation,matched,191,222,2020-10-14,2019-12-03,inner_train,True,,True,0.07469089260158945,False
inner_2020,123,validation,matched,192,225,2020-10-15,2019-12-09,inner_train,True,,True,0.06787742240308603,False
inner_2020,123,validation,matched,193,230,2020-10-16,2019-12-17,inner_train,True,,True,0.04082199452025481,False
inner_2020,123,validation,matched,194,230,2020-10-19,2019-12-17,inner_train,True,,True,0.06899287148695121,False
inner_2020,123,validation,matched,195,228,2020-10-20,2019-12-13,inner_train,True,,True,0.1823215567939549,False
inner_2020,123,validation,matched,196,222,2020-10-21,2019-12-03,inner_train,True,,True,0.0,False
inner_2020,123,validation,matched,197,221,2020-10-22,2019-12-02,inner_train,True,,True,0.12136085700426724,False
inner_2020,123,validation,matched,198,223,2020-10-26,2019-12-04,inner_train,True,,True,0.12145881139025372,False
inner_2020,123,validation,matched,199,144,2020-10-27,2019-08-13,inner_train,True,,True,0.02197890671877545,False
inner_2020,123,validation,matched,200,151,2020-10-28,2019-08-22,inner_train,True,,True,0.08223809823697215,False
inner_2020,123,validation,matched,201,151,2020-10-29,2019-08-22,inner_train,True,,True,0.1005872369051688,False
inner_2020,123,validation,matched,202,91,2020-10-30,2019-05-24,inner_train,True,,True,0.06535518104412708,False
inner_2020,123,validation,matched,203,136,2020-11-02,2019-07-31,inner_train,True,,True,0.0734213947151483,False
inner_2020,123,validation,matched,204,93,2020-11-03,2019-05-28,inner_train,True,,True,0.0548939471074501,False
inner_2020,123,validation,matched,205,224,2020-11-04,2019-12-06,inner_train,True,,True,0.12260232209233246,False
inner_2020,123,validation,matched,206,62,2020-11-05,2019-04-05,inner_train,True,,True,0.04546237407675724,False
inner_2020,123,validation,matched,207,123,2020-11-06,2019-07-10,inner_train,True,,True,0.02150620522096336,False
inner_2020,123,validation,matched,208,23,2020-11-09,2019-02-08,inner_train,True,,True,0.05707022653004579,False
inner_2020,123,validation,matched,209,33,2020-11-10,2019-02-25,inner_train,True,,True,0.07333127308554976,False
inner_2020,123,validation,matched,210,205,2020-11-11,2019-11-08,inner_train,True,,True,0.16989903679539786,False
inner_2020,123,validation,matched,211,76,2020-11-12,2019-04-30,inner_train,True,,True,0.2901360614133486,False
inner_2020,123,validation,matched,212,77,2020-11-13,2019-05-02,inner_train,True,,True,0.43983275161237323,False
inner_2020,123,validation,matched,213,206,2020-11-16,2019-11-11,inner_train,True,,True,0.8464564636190124,False
inner_2020,123,validation,matched,214,206,2020-11-17,2019-11-11,inner_train,True,,True,0.8156848049522578,False
inner_2020,123,validation,matched,215,15,2020-11-18,2019-01-29,inner_train,True,,True,0.5524195210648268,False
inner_2020,123,validation,matched,216,206,2020-11-19,2019-11-11,inner_train,True,,True,0.4560292328753883,False
inner_2020,123,validation,matched,217,77,2020-11-20,2019-05-02,inner_train,True,,True,0.29429148183945486,False
inner_2020,123,validation,matched,218,26,2020-11-23,2019-02-13,inner_train,True,,True,0.1725480449669745,False
inner_2020,123,validation,matched,219,102,2020-11-24,2019-06-11,inner_train,True,,True,0.1823215567939549,False
inner_2020,123,validation,matched,220,19,2020-11-25,2019-02-04,inner_train,True,,True,0.1613661916179665,False
inner_2020,123,validation,matched,221,35,2020-11-26,2019-02-27,inner_train,True,,True,0.11997842621981913,False
inner_2020,123,validation,matched,222,205,2020-11-27,2019-11-08,inner_train,True,,True,0.11860574240784727,False
inner_2020,123,validation,matched,223,206,2020-11-30,2019-11-11,inner_train,True,,True,0.18456182656317077,False
inner_2020,123,validation,matched,224,206,2020-12-01,2019-11-11,inner_train,True,,True,0.1386368719395894,False
inner_2020,123,validation,matched,225,35,2020-12-02,2019-02-27,inner_train,True,,True,0.04587045406609702,False
inner_2020,123,validation,matched,226,18,2020-12-03,2019-02-01,inner_train,True,,True,0.047871468652359805,False
inner_2020,123,validation,matched,227,59,2020-12-04,2019-04-02,inner_train,True,,True,0.07315875518638926,False
inner_2020,123,validation,matched,228,59,2020-12-08,2019-04-02,inner_train,True,,True,0.06559728248581287,False
inner_2020,123,validation,matched,229,205,2020-12-09,2019-11-08,inner_train,True,,True,0.047006042375930424,False
inner_2020,123,validation,matched,230,13,2020-12-14,2019-01-25,inner_train,True,,True,0.08358671610826551,False
inner_2020,123,validation,matched,231,19,2020-12-15,2019-02-04,inner_train,True,,True,0.05116678417168208,False
inner_2020,123,validation,matched,232,27,2020-12-16,2019-02-14,inner_train,True,,True,0.058080838035968974,False
inner_2020,123,validation,matched,233,13,2020-12-17,2019-01-25,inner_train,True,,True,0.08358671610826551,False
inner_2020,123,validation,matched,234,78,2020-12-18,2019-05-03,inner_train,True,,True,0.08829260714567866,False
inner_2020,123,validation,matched,235,77,2020-12-21,2019-05-02,inner_train,True,,True,0.20763936477824485,False
inner_2020,123,validation,matched,236,215,2020-12-22,2019-11-22,inner_train,True,,True,0.022989518224698635,False
inner_2020,123,validation,matched,237,215,2020-12-23,2019-11-22,inner_train,True,,True,0.11747689758572433,False
inner_2020,123,validation,matched,238,203,2020-12-24,2019-11-06,inner_train,True,,True,0.10948423284168873,False
inner_2020,123,validation,matched,239,79,2020-12-25,2019-05-07,inner_train,True,,True,0.0922464278497026,False
inner_2020,123,validation,matched,240,217,2020-12-28,2019-11-26,inner_train,True,,True,0.10903024454678878,False
inner_2020,123,validation,matched,241,80,2020-12-29,2019-05-08,inner_train,True,,True,0.09993767533637277,False
inner_2020,123,validation,matched,242,36,2020-12-30,2019-02-28,inner_train,True,,True,0.06106680621453009,False
inner_2020,123,validation,random,0,3,2020-01-02,2019-01-11,inner_train,True,,True,0.4092458309480702,False
inner_2020,123,validation,random,1,163,2020-01-03,2019-09-09,inner_train,True,,False,0.22921030399644726,False
inner_2020,123,validation,random,2,142,2020-01-06,2019-08-08,inner_train,True,,False,0.2456164071662683,False
inner_2020,123,validation,random,3,12,2020-01-07,2019-01-24,inner_train,True,,False,0.23604695615011728,False
inner_2020,123,validation,random,4,218,2020-01-08,2019-11-27,inner_train,True,,True,0.3441942827151232,False
inner_2020,123,validation,random,5,52,2020-01-09,2019-03-22,inner_train,True,,False,0.3348475408942111,False
inner_2020,123,validation,random,6,61,2020-01-10,2019-04-04,inner_train,True,,False,0.6303462793209151,False
inner_2020,123,validation,random,7,44,2020-01-13,2019-03-12,inner_train,True,,False,0.664159643686693,False
inner_2020,123,validation,random,8,80,2020-01-14,2019-05-08,inner_train,True,,True,0.8616865978393036,False
inner_2020,123,validation,random,9,42,2020-01-15,2019-03-08,inner_train,True,,False,0.8088222112197117,False
inner_2020,123,validation,random,10,83,2020-01-16,2019-05-13,inner_train,True,,False,1.7609878105613004,False
inner_2020,123,validation,random,11,194,2020-01-17,2019-10-24,inner_train,True,,True,0.1859912856829169,False
inner_2020,123,validation,random,12,108,2020-01-20,2019-06-19,inner_train,True,,False,0.5538999062352623,False
inner_2020,123,validation,random,13,221,2020-01-21,2019-12-02,inner_train,True,,False,0.2047440208497875,False
inner_2020,123,validation,random,14,107,2020-01-22,2019-06-18,inner_train,True,,False,0.5621189181535415,False
inner_2020,123,validation,random,15,66,2020-01-23,2019-04-12,inner_train,True,,False,0.40735725626020214,False
inner_2020,123,validation,random,16,189,2020-01-24,2019-10-16,inner_train,True,,True,0.17720645612718444,False
inner_2020,123,validation,random,17,196,2020-01-27,2019-10-28,inner_train,True,,True,0.6322384274729531,False
inner_2020,123,validation,random,18,206,2020-01-28,2019-11-11,inner_train,True,,False,0.6839382414746353,False
inner_2020,123,validation,random,19,213,2020-01-29,2019-11-20,inner_train,True,,False,1.2055100836448225,False
inner_2020,123,validation,random,20,6,2020-01-30,2019-01-16,inner_train,True,,False,0.3016151667557052,False
inner_2020,123,validation,random,21,123,2020-01-31,2019-07-10,inner_train,True,,False,0.2626682620378511,False
inner_2020,123,validation,random,22,64,2020-02-03,2019-04-10,inner_train,True,,False,0.5782172138859689,False
inner_2020,123,validation,random,23,58,2020-02-04,2019-04-01,inner_train,True,,False,0.29259608725421016,False
inner_2020,123,validation,random,24,57,2020-02-05,2019-03-29,inner_train,True,,False,0.26640467400449586,False
inner_2020,123,validation,random,25,197,2020-02-06,2019-10-29,inner_train,True,,True,0.9461049945845814,False
inner_2020,123,validation,random,26,190,2020-02-07,2019-10-17,inner_train,True,,False,0.6294845817234336,False
inner_2020,123,validation,random,27,51,2020-02-11,2019-03-21,inner_train,True,,False,0.5479651707154471,False
inner_2020,123,validation,random,28,98,2020-02-12,2019-06-05,inner_train,True,,False,0.3220834991691133,False
inner_2020,123,validation,random,29,177,2020-02-13,2019-09-27,inner_train,True,,False,0.49734227342870296,False
inner_2020,123,validation,random,30,35,2020-02-14,2019-02-27,inner_train,True,,False,0.3234001550538599,False
inner_2020,123,validation,random,31,151,2020-02-17,2019-08-22,inner_train,True,,True,0.24469610969994315,False
inner_2020,123,validation,random,32,105,2020-02-18,2019-06-14,inner_train,True,,False,0.7708847745113854,False
inner_2020,123,validation,random,33,222,2020-02-19,2019-12-03,inner_train,True,,True,0.6928634311937785,False
inner_2020,123,validation,random,34,177,2020-02-20,2019-09-27,inner_train,True,,False,0.8928879230793232,False
inner_2020,123,validation,random,35,55,2020-02-21,2019-03-27,inner_train,True,,False,0.6468600779315259,False
inner_2020,123,validation,random,36,200,2020-02-24,2019-11-01,inner_train,True,,False,1.4281850396940148,False
inner_2020,123,validation,random,37,191,2020-02-25,2019-10-18,inner_train,True,,False,0.1823215567939549,False
inner_2020,123,validation,random,38,51,2020-02-26,2019-03-21,inner_train,True,,False,0.5607183238795233,False
inner_2020,123,validation,random,39,124,2020-02-27,2019-07-11,inner_train,True,,False,0.5507453932217703,False
inner_2020,123,validation,random,40,190,2020-02-28,2019-10-17,inner_train,True,,False,0.7106248531245174,False
inner_2020,123,validation,random,41,55,2020-03-02,2019-03-27,inner_train,True,,False,1.00077386042893,False
inner_2020,123,validation,random,42,58,2020-03-03,2019-04-01,inner_train,True,,False,1.0204845801840312,False
inner_2020,123,validation,random,43,39,2020-03-04,2019-03-05,inner_train,True,,True,1.464210861950777,False
inner_2020,123,validation,random,44,1,2020-03-05,2019-01-09,inner_train,True,,False,0.6844135005911904,False
inner_2020,123,validation,random,45,119,2020-03-06,2019-07-04,inner_train,True,,False,0.252091127349078,False
inner_2020,123,validation,random,46,3,2020-03-09,2019-01-11,inner_train,True,,False,0.6102595207541777,False
inner_2020,123,validation,random,47,139,2020-03-10,2019-08-05,inner_train,True,,True,0.38136755652910415,False
inner_2020,123,validation,random,48,99,2020-03-11,2019-06-06,inner_train,True,,False,0.6251839985410101,False
inner_2020,123,validation,random,49,44,2020-03-12,2019-03-12,inner_train,True,,True,0.43816302339007684,False
inner_2020,123,validation,random,50,86,2020-03-13,2019-05-16,inner_train,True,,True,2.2835774096856523,False
inner_2020,123,validation,random,51,3,2020-03-16,2019-01-11,inner_train,True,,False,0.5232481437645475,False
inner_2020,123,validation,random,52,34,2020-03-17,2019-02-26,inner_train,True,,False,0.0,False
inner_2020,123,validation,random,53,113,2020-03-18,2019-06-26,inner_train,True,,False,0.30212275660657584,False
inner_2020,123,validation,random,54,18,2020-03-19,2019-02-01,inner_train,True,,False,0.2524957633267375,False
inner_2020,123,validation,random,55,174,2020-03-20,2019-09-24,inner_train,True,,True,0.6258066687336936,False
inner_2020,123,validation,random,56,61,2020-03-23,2019-04-04,inner_train,True,,False,0.7199584380106021,False
inner_2020,123,validation,random,57,220,2020-03-24,2019-11-29,inner_train,True,,False,0.4418327522790393,False
inner_2020,123,validation,random,58,40,2020-03-25,2019-03-06,inner_train,True,,True,1.461517782357478,False
inner_2020,123,validation,random,59,150,2020-03-26,2019-08-21,inner_train,True,,True,3.351929650895598,False
inner_2020,123,validation,random,60,123,2020-03-27,2019-07-10,inner_train,True,,False,2.2137383759468303,False
inner_2020,123,validation,random,61,220,2020-03-30,2019-11-29,inner_train,True,,False,1.609837923778334,False
inner_2020,123,validation,random,62,148,2020-03-31,2019-08-19,inner_train,True,,True,2.8150910715495856,False
inner_2020,123,validation,random,63,207,2020-04-01,2019-11-12,inner_train,True,,False,1.9931570268299628,False
inner_2020,123,validation,random,64,111,2020-04-02,2019-06-24,inner_train,True,,False,0.4809726606163096,False
inner_2020,123,validation,random,65,52,2020-04-03,2019-03-22,inner_train,True,,False,0.2781517076010869,False
inner_2020,123,validation,random,66,45,2020-04-07,2019-03-13,inner_train,True,,True,0.16808377413118247,False
inner_2020,123,validation,random,67,207,2020-04-08,2019-11-12,inner_train,True,,True,0.6725278933572096,False
inner_2020,123,validation,random,68,48,2020-04-09,2019-03-18,inner_train,True,,True,0.15023678050612155,False
inner_2020,123,validation,random,69,175,2020-04-10,2019-09-25,inner_train,True,,False,0.6696635669491031,False
inner_2020,123,validation,random,70,126,2020-04-13,2019-07-15,inner_train,True,,True,0.23906956808519553,False
inner_2020,123,validation,random,71,66,2020-04-14,2019-04-12,inner_train,True,,True,0.4549451653715342,False
inner_2020,123,validation,random,72,98,2020-04-15,2019-06-05,inner_train,True,,False,0.2094634474101298,False
inner_2020,123,validation,random,73,191,2020-04-16,2019-10-18,inner_train,True,,True,0.3288820673545372,False
inner_2020,123,validation,random,74,108,2020-04-17,2019-06-19,inner_train,True,,False,0.1010961168713691,False
inner_2020,123,validation,random,75,207,2020-04-20,2019-11-12,inner_train,True,,False,1.1451323043030022,False
inner_2020,123,validation,random,76,227,2020-04-21,2019-12-12,inner_train,True,,False,0.24401512579929507,False
inner_2020,123,validation,random,77,71,2020-04-22,2019-04-23,inner_train,True,,True,0.3819927519230224,False
inner_2020,123,validation,random,78,126,2020-04-23,2019-07-15,inner_train,True,,True,1.210094445168933,False
inner_2020,123,validation,random,79,126,2020-04-24,2019-07-15,inner_train,True,,True,0.9299595783525345,False
inner_2020,123,validation,random,80,130,2020-04-27,2019-07-22,inner_train,True,,False,1.1974841546749846,False
inner_2020,123,validation,random,81,17,2020-04-28,2019-01-31,inner_train,True,,True,1.1328574462275096,False
inner_2020,123,validation,random,82,88,2020-04-29,2019-05-21,inner_train,True,,False,2.736494360689341,False
inner_2020,123,validation,random,83,139,2020-04-30,2019-08-05,inner_train,True,,False,0.190418767026574,False
inner_2020,123,validation,random,84,220,2020-05-05,2019-11-29,inner_train,True,,False,0.706219262127298,False
inner_2020,123,validation,random,85,57,2020-05-07,2019-03-29,inner_train,True,,True,0.3947698189914166,False
inner_2020,123,validation,random,86,154,2020-05-08,2019-08-27,inner_train,True,,False,0.7834862013893891,False
inner_2020,123,validation,random,87,183,2020-05-11,2019-10-07,inner_train,True,,False,0.5614030985095186,False
inner_2020,123,validation,random,88,221,2020-05-12,2019-12-02,inner_train,True,,False,0.9898790885316444,False
inner_2020,123,validation,random,89,41,2020-05-13,2019-03-07,inner_train,True,,False,0.618804659325753,False
inner_2020,123,validation,random,90,161,2020-05-14,2019-09-05,inner_train,True,,False,0.8316661146955071,False
inner_2020,123,validation,random,91,75,2020-05-15,2019-04-29,inner_train,True,,True,0.7241846199591606,False
inner_2020,123,validation,random,92,105,2020-05-18,2019-06-14,inner_train,True,,False,1.3367883773064362,False
inner_2020,123,validation,random,93,3,2020-05-19,2019-01-11,inner_train,True,,True,1.5912816563974208,False
inner_2020,123,validation,random,94,173,2020-05-20,2019-09-23,inner_train,True,,False,1.7233050269691486,False
inner_2020,123,validation,random,95,7,2020-05-21,2019-01-17,inner_train,True,,False,0.7995213810486179,False
inner_2020,123,validation,random,96,89,2020-05-22,2019-05-22,inner_train,True,,False,0.762140052046897,False
inner_2020,123,validation,random,97,119,2020-05-25,2019-07-04,inner_train,True,,False,1.1307006032196103,False
inner_2020,123,validation,random,98,160,2020-05-26,2019-09-04,inner_train,True,,False,0.25367570446658627,False
inner_2020,123,validation,random,99,112,2020-05-27,2019-06-25,inner_train,True,,True,0.3237307882193785,False
inner_2020,123,validation,random,100,201,2020-05-28,2019-11-04,inner_train,True,,False,0.6903603696527658,False
inner_2020,123,validation,random,101,30,2020-05-29,2019-02-20,inner_train,True,,False,0.10570888702522341,False
inner_2020,123,validation,random,102,62,2020-06-01,2019-04-05,inner_train,True,,False,0.34006488937311197,False
inner_2020,123,validation,random,103,61,2020-06-02,2019-04-04,inner_train,True,,True,0.21741287660522524,False
inner_2020,123,validation,random,104,91,2020-06-04,2019-05-24,inner_train,True,,False,0.635988766719997,False
inner_2020,123,validation,random,105,0,2020-06-05,2019-01-08,inner_train,True,,False,2.1064883678515303,False
inner_2020,123,validation,random,106,103,2020-06-08,2019-06-12,inner_train,True,,True,0.5776342934381011,False
inner_2020,123,validation,random,107,91,2020-06-09,2019-05-24,inner_train,True,,False,0.950482096622435,False
inner_2020,123,validation,random,108,140,2020-06-10,2019-08-06,inner_train,True,,False,0.256429528947677,False
inner_2020,123,validation,random,109,138,2020-06-11,2019-08-02,inner_train,True,,False,0.0,False
inner_2020,123,validation,random,110,67,2020-06-12,2019-04-17,inner_train,True,,True,0.44338434297045826,False
inner_2020,123,validation,random,111,102,2020-06-15,2019-06-11,inner_train,True,,False,0.4054651081081646,False
inner_2020,123,validation,random,112,120,2020-06-16,2019-07-05,inner_train,True,,True,0.8220910463538575,False
inner_2020,123,validation,random,113,200,2020-06-17,2019-11-01,inner_train,True,,False,0.5431060955576061,False
inner_2020,123,validation,random,114,18,2020-06-18,2019-02-01,inner_train,True,,True,0.1380279094894794,False
inner_2020,123,validation,random,115,147,2020-06-19,2019-08-16,inner_train,True,,False,1.0718530373541886,False
inner_2020,123,validation,random,116,19,2020-06-22,2019-02-04,inner_train,True,,False,0.20496693054517312,False
inner_2020,123,validation,random,117,63,2020-06-23,2019-04-09,inner_train,True,,False,0.3323428432792017,False
inner_2020,123,validation,random,118,106,2020-06-24,2019-06-17,inner_train,True,,False,0.4026860419378986,False
inner_2020,123,validation,random,119,194,2020-06-25,2019-10-24,inner_train,True,,True,0.6730945220085562,False
inner_2020,123,validation,random,120,80,2020-06-26,2019-05-08,inner_train,True,,True,0.6870433976219275,False
inner_2020,123,validation,random,121,119,2020-06-29,2019-07-04,inner_train,True,,False,0.7537718023763804,False
inner_2020,123,validation,random,122,138,2020-06-30,2019-08-02,inner_train,True,,False,0.2336148511815055,False
inner_2020,123,validation,random,123,182,2020-07-01,2019-10-04,inner_train,True,,False,0.3572630062902866,False
inner_2020,123,validation,random,124,94,2020-07-02,2019-05-29,inner_train,True,,False,0.3162339743802214,False
inner_2020,123,validation,random,125,135,2020-07-03,2019-07-30,inner_train,True,,False,0.5559460590464611,False
inner_2020,123,validation,random,126,201,2020-07-07,2019-11-04,inner_train,True,,True,1.5333385688954526,False
inner_2020,123,validation,random,127,104,2020-07-08,2019-06-13,inner_train,True,,False,0.2321933868341275,False
inner_2020,123,validation,random,128,225,2020-07-09,2019-12-09,inner_train,True,,False,0.24672071482071578,False
inner_2020,123,validation,random,129,95,2020-07-10,2019-05-30,inner_train,True,,False,0.4488413824335158,False
inner_2020,123,validation,random,130,103,2020-07-13,2019-06-12,inner_train,True,,False,0.6370577139089022,False
inner_2020,123,validation,random,131,5,2020-07-14,2019-01-15,inner_train,True,,True,0.3434409059373058,False
inner_2020,123,validation,random,132,127,2020-07-15,2019-07-17,inner_train,True,,True,0.1977526893064372,False
inner_2020,123,validation,random,133,112,2020-07-16,2019-06-25,inner_train,True,,False,0.07080940241334943,False
inner_2020,123,validation,random,134,99,2020-07-17,2019-06-06,inner_train,True,,False,0.29366755419481905,False
inner_2020,123,validation,random,135,149,2020-07-20,2019-08-20,inner_train,True,,False,0.670722069939341,False
inner_2020,123,validation,random,136,131,2020-07-21,2019-07-23,inner_train,True,,True,0.147230236982685,False
inner_2020,123,validation,random,137,227,2020-07-22,2019-12-12,inner_train,True,,False,0.22154226994723647,False
inner_2020,123,validation,random,138,97,2020-07-23,2019-06-04,inner_train,True,,True,0.15082288973458358,False
inner_2020,123,validation,random,139,104,2020-07-24,2019-06-13,inner_train,True,,False,0.3315461182851571,False
inner_2020,123,validation,random,140,194,2020-07-29,2019-10-24,inner_train,True,,True,0.16874947924841077,False
inner_2020,123,validation,random,141,116,2020-07-30,2019-07-01,inner_train,True,,False,0.6344395797331672,False
inner_2020,123,validation,random,142,60,2020-07-31,2019-04-03,inner_train,True,,False,1.1563940273428015,False
inner_2020,123,validation,random,143,124,2020-08-03,2019-07-11,inner_train,True,,False,0.395064833490375,False
inner_2020,123,validation,random,144,121,2020-08-04,2019-07-08,inner_train,True,,False,0.44149093036492637,False
inner_2020,123,validation,random,145,98,2020-08-05,2019-06-05,inner_train,True,,False,0.9329577843593668,False
inner_2020,123,validation,random,146,127,2020-08-06,2019-07-17,inner_train,True,,False,0.15106901328985023,False
inner_2020,123,validation,random,147,138,2020-08-07,2019-08-02,inner_train,True,,True,0.35601683269418327,False
inner_2020,123,validation,random,148,232,2020-08-10,2019-12-19,inner_train,True,,False,0.17962976512824325,False
inner_2020,123,validation,random,149,16,2020-08-11,2019-01-30,inner_train,True,,False,0.29725152346793093,False
inner_2020,123,validation,random,150,219,2020-08-13,2019-11-28,inner_train,True,,True,0.9558095520500642,False
inner_2020,123,validation,random,151,117,2020-08-14,2019-07-02,inner_train,True,,False,0.5920510636885763,False
inner_2020,123,validation,random,152,91,2020-08-17,2019-05-24,inner_train,True,,False,0.3573406490559612,False
inner_2020,123,validation,random,153,146,2020-08-18,2019-08-15,inner_train,True,,False,0.8010576338510447,False
inner_2020,123,validation,random,154,27,2020-08-19,2019-02-14,inner_train,True,,False,0.5672000312937304,False
inner_2020,123,validation,random,155,178,2020-08-20,2019-09-30,inner_train,True,,False,0.32074293471266824,False
inner_2020,123,validation,random,156,22,2020-08-21,2019-02-07,inner_train,True,,False,0.258553799528757,False
inner_2020,123,validation,random,157,103,2020-08-24,2019-06-12,inner_train,True,,False,0.9751312318970884,False
inner_2020,123,validation,random,158,48,2020-08-25,2019-03-18,inner_train,True,,False,0.18545144980288253,False
inner_2020,123,validation,random,159,72,2020-08-26,2019-04-24,inner_train,True,,False,0.3677247801253176,False
inner_2020,123,validation,random,160,113,2020-08-27,2019-06-26,inner_train,True,,False,0.6668298722425718,False
inner_2020,123,validation,random,161,1,2020-08-28,2019-01-09,inner_train,True,,True,0.987786664902119,False
inner_2020,123,validation,random,162,213,2020-08-31,2019-11-20,inner_train,True,,False,1.7963784150843494,False
inner_2020,123,validation,random,163,181,2020-09-01,2019-10-03,inner_train,True,,True,0.13305050778717176,False
inner_2020,123,validation,random,164,230,2020-09-02,2019-12-17,inner_train,True,,True,0.5389965007326869,False
inner_2020,123,validation,random,165,18,2020-09-03,2019-02-01,inner_train,True,,False,0.13235145148467398,False
inner_2020,123,validation,random,166,42,2020-09-08,2019-03-08,inner_train,True,,True,0.26200135392095625,False
inner_2020,123,validation,random,167,117,2020-09-09,2019-07-02,inner_train,True,,False,0.31705415076411114,False
inner_2020,123,validation,random,168,205,2020-09-10,2019-11-08,inner_train,True,,False,0.7519876805828791,False
inner_2020,123,validation,random,169,73,2020-09-11,2019-04-25,inner_train,True,,False,0.09748962127725758,False
inner_2020,123,validation,random,170,71,2020-09-14,2019-04-23,inner_train,True,,False,0.20097267342005543,False
inner_2020,123,validation,random,171,201,2020-09-15,2019-11-04,inner_train,True,,False,1.1590043793824618,False
inner_2020,123,validation,random,172,0,2020-09-16,2019-01-08,inner_train,True,,False,2.1217558399823195,False
inner_2020,123,validation,random,173,228,2020-09-17,2019-12-13,inner_train,True,,True,0.18005140825941535,False
inner_2020,123,validation,random,174,45,2020-09-18,2019-03-13,inner_train,True,,False,0.490622916448471,False
inner_2020,123,validation,random,175,76,2020-09-21,2019-04-30,inner_train,True,,False,0.7582864827309064,False
inner_2020,123,validation,random,176,77,2020-09-22,2019-05-02,inner_train,True,,False,0.5320278314165932,False
inner_2020,123,validation,random,177,215,2020-09-23,2019-11-22,inner_train,True,,False,0.4519851237430563,False
inner_2020,123,validation,random,178,197,2020-09-24,2019-10-29,inner_train,True,,True,1.0311455077514506,False
inner_2020,123,validation,random,179,81,2020-09-25,2019-05-09,inner_train,True,,True,0.17851927084421604,False
inner_2020,123,validation,random,180,81,2020-09-28,2019-05-09,inner_train,True,,True,0.14077894286136905,False
inner_2020,123,validation,random,181,194,2020-09-29,2019-10-24,inner_train,True,,False,0.5713118276986138,False
inner_2020,123,validation,random,182,67,2020-09-30,2019-04-17,inner_train,True,,False,0.5108256237659909,False
inner_2020,123,validation,random,183,191,2020-10-01,2019-10-18,inner_train,True,,False,0.3715635564324833,False
inner_2020,123,validation,random,184,195,2020-10-02,2019-10-25,inner_train,True,,False,0.2513144282809061,False
inner_2020,123,validation,random,185,157,2020-10-05,2019-08-30,inner_train,True,,False,0.4054651081081646,False
inner_2020,123,validation,random,186,178,2020-10-06,2019-09-30,inner_train,True,,False,1.9540171184926924,False
inner_2020,123,validation,random,187,54,2020-10-07,2019-03-26,inner_train,True,,False,1.6899152341266608,False
inner_2020,123,validation,random,188,134,2020-10-08,2019-07-26,inner_train,True,,False,2.349367369439171,False
inner_2020,123,validation,random,189,33,2020-10-09,2019-02-25,inner_train,True,,False,2.3924301646902064,False
inner_2020,123,validation,random,190,13,2020-10-12,2019-01-25,inner_train,True,,False,0.9305427545813569,False
inner_2020,123,validation,random,191,101,2020-10-14,2019-06-10,inner_train,True,,False,0.5234440877252022,False
inner_2020,123,validation,random,192,70,2020-10-15,2019-04-22,inner_train,True,,False,0.24827952458575187,False
inner_2020,123,validation,random,193,36,2020-10-16,2019-02-28,inner_train,True,,False,0.7674592135244964,False
inner_2020,123,validation,random,194,126,2020-10-19,2019-07-15,inner_train,True,,False,0.10202161439231183,False
inner_2020,123,validation,random,195,209,2020-10-20,2019-11-14,inner_train,True,,False,2.1985841968522593,False
inner_2020,123,validation,random,196,59,2020-10-21,2019-04-02,inner_train,True,,False,1.0231047361599646,False
inner_2020,123,validation,random,197,42,2020-10-22,2019-03-08,inner_train,True,,True,1.0828484154350453,False
inner_2020,123,validation,random,198,208,2020-10-26,2019-11-13,inner_train,True,,False,1.6376087894007965,False
inner_2020,123,validation,random,199,7,2020-10-27,2019-01-17,inner_train,True,,False,0.2543748744340122,False
inner_2020,123,validation,random,200,141,2020-10-28,2019-08-07,inner_train,True,,True,0.5703949221902498,False
inner_2020,123,validation,random,201,134,2020-10-29,2019-07-26,inner_train,True,,False,0.10354067894084018,False
inner_2020,123,validation,random,202,112,2020-10-30,2019-06-25,inner_train,True,,False,0.24149268998240636,False
inner_2020,123,validation,random,203,102,2020-11-02,2019-06-11,inner_train,True,,False,0.5234127392714623,False
inner_2020,123,validation,random,204,6,2020-11-03,2019-01-16,inner_train,True,,False,0.09217045979965732,False
inner_2020,123,validation,random,205,206,2020-11-04,2019-11-11,inner_train,True,,False,0.8318583715512577,False
inner_2020,123,validation,random,206,16,2020-11-05,2019-01-30,inner_train,True,,False,0.5108256237659905,False
inner_2020,123,validation,random,207,38,2020-11-06,2019-03-04,inner_train,True,,False,0.4701935808086586,False
inner_2020,123,validation,random,208,211,2020-11-09,2019-11-18,inner_train,True,,False,1.8234847414811406,False
inner_2020,123,validation,random,209,86,2020-11-10,2019-05-16,inner_train,True,,False,2.3150076129926034,False
inner_2020,123,validation,random,210,110,2020-11-11,2019-06-21,inner_train,True,,True,0.4879413299324029,False
inner_2020,123,validation,random,211,153,2020-11-12,2019-08-26,inner_train,True,,False,1.5437327239485796,False
inner_2020,123,validation,random,212,135,2020-11-13,2019-07-30,inner_train,True,,False,0.7413369244171335,False
inner_2020,123,validation,random,213,223,2020-11-16,2019-12-04,inner_train,True,,False,1.7640095562751532,False
inner_2020,123,validation,random,214,225,2020-11-17,2019-12-09,inner_train,True,,False,1.7906440201441889,False
inner_2020,123,validation,random,215,62,2020-11-18,2019-04-05,inner_train,True,,False,1.4725787297169024,False
inner_2020,123,validation,random,216,183,2020-11-19,2019-10-07,inner_train,True,,False,1.2107476564110708,False
inner_2020,123,validation,random,217,165,2020-11-20,2019-09-11,inner_train,True,,True,0.8217645583820388,False
inner_2020,123,validation,random,218,59,2020-11-23,2019-04-02,inner_train,True,,True,0.5401977020783213,False
inner_2020,123,validation,random,219,35,2020-11-24,2019-02-27,inner_train,True,,True,0.6418538861723948,False
inner_2020,123,validation,random,220,195,2020-11-25,2019-10-25,inner_train,True,,False,0.7650597621502313,False
inner_2020,123,validation,random,221,177,2020-11-26,2019-09-27,inner_train,True,,False,0.2521310881874612,False
inner_2020,123,validation,random,222,89,2020-11-27,2019-05-22,inner_train,True,,False,1.2127064842946913,False
inner_2020,123,validation,random,223,70,2020-11-30,2019-04-22,inner_train,True,,True,1.0173868487455233,False
inner_2020,123,validation,random,224,165,2020-12-01,2019-09-11,inner_train,True,,True,0.7959468753560976,False
inner_2020,123,validation,random,225,58,2020-12-02,2019-04-01,inner_train,True,,True,0.1625189294977738,False
inner_2020,123,validation,random,226,111,2020-12-03,2019-06-24,inner_train,True,,True,0.1770832001323659,False
inner_2020,123,validation,random,227,55,2020-12-04,2019-03-27,inner_train,True,,False,0.36464311358790935,False
inner_2020,123,validation,random,228,148,2020-12-08,2019-08-19,inner_train,True,,False,0.9336859125420904,False
inner_2020,123,validation,random,229,88,2020-12-09,2019-05-21,inner_train,True,,False,1.564373419644764,False
inner_2020,123,validation,random,230,159,2020-12-14,2019-09-03,inner_train,True,,False,0.2076393647782444,False
inner_2020,123,validation,random,231,78,2020-12-15,2019-05-03,inner_train,True,,True,0.5092619017898077,False
inner_2020,123,validation,random,232,150,2020-12-16,2019-08-21,inner_train,True,,False,0.9824890044300907,False
inner_2020,123,validation,random,233,147,2020-12-17,2019-08-16,inner_train,True,,False,1.194432245274065,False
inner_2020,123,validation,random,234,108,2020-12-18,2019-06-19,inner_train,True,,True,0.6286086594223734,False
inner_2020,123,validation,random,235,130,2020-12-21,2019-07-22,inner_train,True,,False,0.6015168577140204,False
inner_2020,123,validation,random,236,42,2020-12-22,2019-03-08,inner_train,True,,False,0.34297678444147994,False
inner_2020,123,validation,random,237,179,2020-12-23,2019-10-01,inner_train,True,,False,0.31814759304787543,False
inner_2020,123,validation,random,238,172,2020-12-24,2019-09-20,inner_train,True,,False,2.0494854135633753,False
inner_2020,123,validation,random,239,70,2020-12-25,2019-04-22,inner_train,True,,False,0.8832558758092448,False
inner_2020,123,validation,random,240,101,2020-12-28,2019-06-10,inner_train,True,,False,0.3356882303090041,False
inner_2020,123,validation,random,241,230,2020-12-29,2019-12-17,inner_train,True,,False,0.7649139789296218,False
inner_2020,123,validation,random,242,30,2020-12-30,2019-02-20,inner_train,True,,True,0.5820699537707532,False
