model,fold,test_year,base_seed,arm,window,models_in_arm,conceptual_fit_seconds,conceptual_inference_seconds,conceptual_trainable_parameters,n_test,rmse,mae,mape,r2,direction_accuracy,balanced_accuracy,mcc,direction_coverage,n_direction_evaluated,n_actual_ties,n_predicted_abstentions,direction_tn,direction_fp,direction_fn,direction_tp,predicted_up_share
cnn,fold_1,2022,123,Global-Numeric,20,1,3.827750399999786,0.2223862999962875,12017,241,24.49939107226704,19.734495701394128,2.006647536132141,-0.2117125573206906,0.5,0.4931487597498418,-0.0137295204486675,1.0,240,1,0,46,61,59,74,0.5625
cnn,fold_1,2022,123,Global-Numeric-News,20,1,4.016176199991605,0.2261122999916551,12785,241,28.169358382041704,23.732863841343708,2.42092850526376,-0.6019278008105136,0.5083333333333333,0.4878785749420279,-0.0259973320931139,1.0,240,1,0,32,75,43,90,0.6875
cnn,fold_1,2022,123,Regime-SHAP-Numeric,20,3,8.170018400007393,0.6817886999924667,23187,241,14.64945814187527,11.459368790719513,1.172295150658527,0.5667564052790831,0.5333333333333333,0.5213969503197246,0.0436615793968634,1.0,240,1,0,44,63,49,84,0.6125
cnn,fold_1,2022,123,Regime-SHAP-Numeric-News,20,3,8.203502000003937,0.777351099983207,25491,241,19.18997227636572,15.341150763113962,1.5653178373116534,0.2565740390761603,0.525,0.5248401377274963,0.0493896033816286,1.0,240,1,0,56,51,63,70,0.5041666666666667
cnn,fold_1,2022,2025,Global-Numeric,20,1,3.8163891000003782,0.2435211999982129,12017,241,28.074765473868464,22.4286128589721,2.2826945000414613,-0.5911872943211158,0.5,0.4931487597498418,-0.0137295204486675,1.0,240,1,0,46,61,59,74,0.5625
cnn,fold_1,2022,2025,Global-Numeric-News,20,1,4.070817900006659,0.2378937999892514,12785,241,25.54632460944241,20.324638933650675,2.067029683433227,-0.317485611478348,0.5,0.4904082636497786,-0.0193694720807493,1.0,240,1,0,43,64,56,77,0.5875
cnn,fold_1,2022,2025,Regime-SHAP-Numeric,20,3,8.292684500003816,0.7136311999929603,23187,241,25.19897989722872,18.130951913525923,1.844088415369736,-0.2819023638487701,0.5375,0.5141943644157122,0.0313144635357217,1.0,240,1,0,32,75,36,97,0.7166666666666667
cnn,fold_1,2022,2025,Regime-SHAP-Numeric-News,20,3,8.592326800018782,0.6965197999961674,25491,241,16.423923040657435,13.312390742717415,1.3588269872248409,0.4554436446310627,0.5375,0.5178483592157965,0.0381432138496054,1.0,240,1,0,36,71,40,93,0.6833333333333333
cnn,fold_1,2022,42,Global-Numeric,20,1,4.319587200006936,0.2800686999980826,12017,241,31.743994123756742,27.083217313992005,2.752749092075487,-1.0342867406738163,0.5083333333333333,0.4732625957416906,-0.0693105917266927,1.0,240,1,0,16,91,27,106,0.8208333333333333
cnn,fold_1,2022,42,Global-Numeric-News,20,1,3.906534900001134,0.3148375000018859,12785,241,22.297839689641663,17.606137596418257,1.7920471956955393,-0.0037246867030396,0.4625,0.4693626589839083,-0.0614628439680082,1.0,240,1,0,57,50,79,54,0.4333333333333333
cnn,fold_1,2022,42,Regime-SHAP-Numeric,20,3,7.906596600019839,0.7251857000082964,23187,241,19.689202733883253,16.317989896590248,1.6624019515962043,0.2173901857169247,0.5833333333333334,0.5445857634741058,0.1287068822088727,1.0,240,1,0,20,87,13,120,0.8625
cnn,fold_1,2022,42,Regime-SHAP-Numeric-News,20,3,8.215030299994396,0.6732999000087148,25491,241,18.897575238117028,14.546329576425038,1.4844815676865768,0.2790565600124179,0.5375,0.536118333216218,0.0718514551765966,1.0,240,1,0,56,51,60,73,0.5166666666666667
cnn,fold_1,2022,456,Global-Numeric,20,1,3.959286199999042,0.2319481000013183,12017,241,25.30485653412611,21.496706632608188,2.192556757076989,-0.2926971373868872,0.4833333333333333,0.4735436722647741,-0.0534256867282208,1.0,240,1,0,41,66,58,75,0.5875
cnn,fold_1,2022,456,Global-Numeric-News,20,1,3.4987922000000253,0.3083801999891875,12785,241,24.725945925737108,20.22939389774908,2.0578310688630053,-0.2342264761897692,0.4416666666666666,0.4414306795024945,-0.1164532798262728,1.0,240,1,0,47,60,74,59,0.4958333333333333
cnn,fold_1,2022,456,Regime-SHAP-Numeric,20,3,10.57085509999888,0.8570259999978589,23187,241,16.344362422178392,13.152281434402417,1.3421036469378886,0.4607067358493074,0.5416666666666666,0.5280022486121847,0.0576311300033143,1.0,240,1,0,43,64,46,87,0.6291666666666667
cnn,fold_1,2022,456,Regime-SHAP-Numeric-News,20,3,10.15844779998588,1.0391250000102443,25491,241,26.896780110850447,18.75982208488391,1.9312051678020423,-0.4604598201142988,0.5625,0.5413182488932612,0.0896331632347506,1.0,240,1,0,37,70,35,98,0.7
cnn,fold_1,2022,789,Global-Numeric,20,1,4.277861899987329,0.2555145000078482,12017,241,32.4960394978443,27.39539660190642,2.7915375604066752,-1.131816877170707,0.5041666666666667,0.4621952076452814,-0.1170705384584807,1.0,240,1,0,8,99,20,113,0.8833333333333333
cnn,fold_1,2022,789,Global-Numeric-News,20,1,4.120213999995031,0.2061323999951128,12785,241,25.55343687056798,20.40652336434209,2.0818286690608065,-0.318219306537612,0.4875,0.469081582460825,-0.065201858958442,1.0,240,1,0,32,75,48,85,0.6666666666666666
cnn,fold_1,2022,789,Regime-SHAP-Numeric,20,3,8.756976299991948,0.7077064999903087,23187,241,13.853742535162514,11.358283466155092,1.1557148571667584,0.6125432308718597,0.5375,0.535204834516197,0.0700829402669573,1.0,240,1,0,55,52,59,74,0.525
cnn,fold_1,2022,789,Regime-SHAP-Numeric-News,20,3,8.511674500012305,0.7173393999983091,25491,241,16.599069921796858,12.86110516400258,1.307376638103148,0.4437672740934736,0.4708333333333333,0.4723139624762841,-0.055076796380504,1.0,240,1,0,52,55,72,61,0.4833333333333333
cnn,fold_2,2023,123,Global-Numeric,20,1,4.487758599992958,0.2147863999998662,12017,243,19.810349394380246,16.12462770418375,1.7382104265796572,0.8017678770256057,0.5330578512396694,0.5298108552631579,0.0599243137250376,1.0,242,1,0,75,53,60,54,0.4421487603305785
cnn,fold_2,2023,123,Global-Numeric-News,20,1,4.26437970000552,0.2175767000007908,12785,243,22.42124353078728,17.352393269681162,1.8592746312403583,0.7460728412431739,0.5413223140495868,0.5285087719298246,0.0636076704089965,1.0,242,1,0,96,32,79,35,0.2768595041322314
cnn,fold_2,2023,123,Regime-SHAP-Numeric,20,3,8.197596699988935,0.6662641000002623,23187,243,32.732243435739626,24.181737950417247,2.620990450804863,0.4588205380964788,0.5413223140495868,0.5299479166666666,0.0651402228180564,1.0,242,1,0,93,35,76,38,0.3016528925619834
cnn,fold_2,2023,123,Regime-SHAP-Numeric-News,20,3,8.260355499980506,0.6949747000035131,25491,243,27.13845307360593,20.39306552279878,2.2202529116697174,0.6279854389346147,0.5206611570247934,0.5171326754385965,0.0344738832916081,1.0,242,1,0,74,54,62,52,0.4380165289256198
cnn,fold_2,2023,2025,Global-Numeric,20,1,4.520218200006639,0.2740079999930458,12017,243,20.930941773417796,17.314397601850732,1.8558016572109728,0.7787071914344239,0.5495867768595041,0.5463952850877193,0.093261518142185,1.0,242,1,0,77,51,58,56,0.4421487603305785
cnn,fold_2,2023,2025,Global-Numeric-News,20,1,4.61530030000722,0.3181144999980461,12785,243,19.622431562016335,16.00548525821525,1.7167793152175326,0.8055108368203235,0.5537190082644629,0.5527001096491229,0.105313648261628,1.0,242,1,0,73,55,53,61,0.4793388429752066
cnn,fold_2,2023,2025,Regime-SHAP-Numeric,20,3,8.68452109998907,0.7005927999998676,23187,243,18.692965922482127,14.760910888105744,1.6025747481696,0.8234993983624219,0.5206611570247934,0.5238486842105263,0.0478947104654023,1.0,242,1,0,60,68,48,66,0.5537190082644629
cnn,fold_2,2023,2025,Regime-SHAP-Numeric-News,20,3,8.880322800003341,0.6610189999919385,25491,243,20.41897409426609,14.95873743768581,1.6258226062076344,0.7894003728865854,0.5495867768595041,0.5473547149122807,0.0948753727816999,1.0,242,1,0,75,53,56,58,0.4586776859504132
cnn,fold_2,2023,42,Global-Numeric,20,1,4.349984199987375,0.2219095000036759,12017,243,22.004624524344862,17.260961800171035,1.8492988005919295,0.7554218326994665,0.5537190082644629,0.5488623903508771,0.0990644751211822,1.0,242,1,0,81,47,61,53,0.4132231404958678
cnn,fold_2,2023,42,Global-Numeric-News,20,1,4.464453499997035,0.2243155999894952,12785,243,23.947662088779072,19.284282137925725,2.073030798334223,0.7103216724052401,0.5661157024793388,0.5687362938596492,0.1377134571635963,1.0,242,1,0,67,61,44,70,0.5413223140495868
cnn,fold_2,2023,42,Regime-SHAP-Numeric,20,3,10.876096099993449,0.7464394999988144,23187,243,17.707483663767867,14.073700701022844,1.502711771905431,0.8416188612390874,0.5702479338842975,0.5620888157894737,0.1295058116419295,1.0,242,1,0,90,38,66,48,0.3553719008264462
cnn,fold_2,2023,42,Regime-SHAP-Numeric-News,20,3,8.391450399998575,0.646812700011651,25491,243,94.93329316307717,68.52326942680301,7.217204711042675,-3.5522578612186093,0.4752066115702479,0.4818393640350877,-0.0372720989687486,1.0,242,1,0,47,81,46,68,0.6157024793388429
cnn,fold_2,2023,456,Global-Numeric,20,1,4.120001100003719,0.2274408000084804,12017,243,21.812940481795103,18.25640139714679,1.9680441051964328,0.7596643533132473,0.5289256198347108,0.5378974780701755,0.0794748157910997,1.0,242,1,0,49,79,35,79,0.6528925619834711
cnn,fold_2,2023,456,Global-Numeric-News,20,1,4.201442200006568,0.2128606000042054,12785,243,18.64420174256644,14.757498969178153,1.5833041632352436,0.8244190684401144,0.5785123966942148,0.5761376096491229,0.1526522942939816,1.0,242,1,0,79,49,53,61,0.4545454545454545
cnn,fold_2,2023,456,Regime-SHAP-Numeric,20,3,8.063165799991111,0.660035400011111,23187,243,22.979921902170865,18.02765789259116,1.9574439010212423,0.7332607913495903,0.5537190082644629,0.5579769736842105,0.116919442362955,1.0,242,1,0,62,66,42,72,0.5702479338842975
cnn,fold_2,2023,456,Regime-SHAP-Numeric-News,20,3,8.132442099988111,0.6344496999954572,25491,243,23.48422753644776,18.501859242317607,1.9938314497827925,0.7214248835512842,0.5206611570247934,0.5224095394736843,0.0448190789473684,1.0,242,1,0,63,65,51,63,0.5289256198347108
cnn,fold_2,2023,789,Global-Numeric,20,1,4.105720000006841,0.2152447999978903,12017,243,22.776702248446995,19.17955565553632,2.0619215478413424,0.73795767112738,0.5289256198347108,0.5422149122807017,0.0946291623262781,1.0,242,1,0,40,88,26,88,0.7272727272727273
cnn,fold_2,2023,789,Global-Numeric-News,20,1,4.241066699993098,0.2237814999971306,12785,243,23.660177053132497,18.995589747527013,2.033885040333754,0.7172349417076915,0.5619834710743802,0.5571546052631579,0.1158762584166423,1.0,242,1,0,82,46,60,54,0.4132231404958678
cnn,fold_2,2023,789,Regime-SHAP-Numeric,20,3,7.870424299995648,0.6513537999853725,23187,243,20.0142516012188,14.560830569679355,1.5808276678337785,0.7976661843134762,0.5991735537190083,0.5903919956140351,0.190098973766843,1.0,242,1,0,95,33,64,50,0.3429752066115702
cnn,fold_2,2023,789,Regime-SHAP-Numeric-News,20,3,8.892019700011588,0.7803233000158798,25491,243,16.94348827154804,13.261643617727149,1.4278841367112116,0.8549908474986604,0.5206611570247934,0.5094572368421053,0.0204918501253707,1.0,242,1,0,90,38,78,36,0.3057851239669421
cnn,fold_3,2024,123,Global-Numeric,20,1,4.931243699989864,0.2194042999908561,12017,244,24.61173918254844,19.924745768206023,2.356990440910106,0.6876402690459109,0.5204918032786885,0.5353321219462952,0.1019401813439615,1.0,244,0,0,22,105,12,105,0.860655737704918
cnn,fold_3,2024,123,Global-Numeric-News,20,1,5.332507400002214,0.2602787999931024,12785,244,24.994691692323336,21.072057025207844,2.4765026821142,0.6778441662631363,0.5122950819672131,0.5207281782084932,0.0454104127271385,1.0,244,0,0,40,87,32,85,0.7049180327868853
cnn,fold_3,2024,123,Regime-SHAP-Numeric,20,3,9.056652300001588,0.7591496999957599,23187,244,22.47055709976732,16.836246009021988,1.9719902032594343,0.7396257023757044,0.5040983606557377,0.5158826300558584,0.0387520713527372,1.0,244,0,0,29,98,23,94,0.7868852459016393
cnn,fold_3,2024,123,Regime-SHAP-Numeric-News,20,3,9.143517100004829,0.6634812000120291,25491,244,22.99665446210052,17.22134588954878,2.0285636449155637,0.7272908238569025,0.5368852459016393,0.5473786930479844,0.1099317968827158,1.0,244,0,0,37,90,23,94,0.7540983606557377
cnn,fold_3,2024,2025,Global-Numeric,20,1,4.809209900005953,0.2347716999938711,12017,244,31.98267300933312,26.957926084350348,3.19292674571362,0.4725273479569556,0.5122950819672131,0.5274581061982637,0.0812741521755007,1.0,244,0,0,20,107,12,105,0.8688524590163934
cnn,fold_3,2024,2025,Global-Numeric-News,20,1,5.077607999992324,0.2357504999963566,12785,244,28.348113287990223,22.792197013189543,2.693670489632111,0.5856009499089725,0.5040983606557377,0.5165556228548355,0.0416122938886348,1.0,244,0,0,27,100,21,96,0.8032786885245902
cnn,fold_3,2024,2025,Regime-SHAP-Numeric,20,3,8.900520300012431,0.6507872000220232,23187,244,34.90447538271791,25.54979880877204,2.958164765059116,0.3717497621298437,0.5081967213114754,0.5188101487314085,0.0438939987067236,1.0,244,0,0,33,94,26,91,0.7581967213114754
cnn,fold_3,2024,2025,Regime-SHAP-Numeric-News,20,3,9.178614899981769,0.6702605999889784,25491,244,20.5617312198386,16.720242665937683,1.93987618570362,0.7819832870339194,0.5327868852459017,0.5424321959755031,0.095904083946384,1.0,244,0,0,39,88,26,91,0.7336065573770492
cnn,fold_3,2024,42,Global-Numeric,20,1,4.969731400007731,0.2342350000108126,12017,244,21.710341133416755,16.64890545060888,1.963148919656008,0.7569454659627658,0.5040983606557377,0.5142001480584157,0.0325901321031666,1.0,244,0,0,34,93,28,89,0.7459016393442623
cnn,fold_3,2024,42,Global-Numeric-News,20,1,5.131588299991563,0.2303657000011298,12785,244,45.56179914413261,39.89174578429731,4.697857092543377,-0.0704642360792531,0.4959016393442623,0.5150750386970859,0.0845828330860012,1.0,244,0,0,6,121,2,115,0.9672131147540984
cnn,fold_3,2024,42,Regime-SHAP-Numeric,20,3,10.0301983999816,0.6950147000025027,23187,244,33.42731653225821,29.17086971470077,3.4095397326499293,0.4237997272108541,0.4836065573770491,0.4955245978868026,-0.010997478131717,1.0,244,0,0,26,101,25,92,0.7909836065573771
cnn,fold_3,2024,42,Regime-SHAP-Numeric-News,20,3,10.30268900001829,0.8024221999949077,25491,244,79.27554565327829,56.7269385740454,6.354381976936403,-2.240775237625886,0.5204918032786885,0.507066424389259,0.0187035555327664,1.0,244,0,0,106,21,96,21,0.1721311475409836
cnn,fold_3,2024,456,Global-Numeric,20,1,4.80152769999404,0.2541861000063363,12017,244,44.22594116010068,40.25649604362052,4.72580520883238,-0.0086130881844723,0.4795081967213114,0.4989905108015344,-0.0065127192892501,1.0,244,0,0,3,124,3,114,0.9754098360655736
cnn,fold_3,2024,456,Global-Numeric-News,20,1,5.139339400004246,0.3184421000041766,12785,244,28.02284649673004,22.699476455494008,2.6784797381477725,0.5950560381555979,0.5122950819672131,0.5284675953967293,0.0921850829695376,1.0,244,0,0,17,110,9,108,0.8934426229508197
cnn,fold_3,2024,456,Regime-SHAP-Numeric,20,3,10.004727200008348,0.6763295999990078,23187,244,22.46485734316114,15.642302677196549,1.8371146296063428,0.7397577758170424,0.5491803278688525,0.557507234672589,0.1254838358970983,1.0,244,0,0,45,82,28,89,0.7008196721311475
cnn,fold_3,2024,456,Regime-SHAP-Numeric-News,20,3,9.168722899979912,0.7195932000031462,25491,244,23.578221402230906,17.919900300742178,2.0884554684422367,0.7133232219545207,0.5450819672131147,0.5468402988088028,0.0939179202799423,1.0,244,0,0,64,63,48,69,0.5409836065573771
cnn,fold_3,2024,789,Global-Numeric,20,1,4.741673399999854,0.2804248000029474,12017,244,29.12724537504839,25.330002024105315,2.977551538649319,0.5625088614619821,0.5,0.5180025573726361,0.0748851355028366,1.0,244,0,0,10,117,5,112,0.9385245901639344
cnn,fold_3,2024,789,Global-Numeric-News,20,1,5.102535900005023,0.2347293999919202,12785,244,32.73379240896107,27.098898436681147,3.2181406978733125,0.4474608189723904,0.5081967213114754,0.524194091123225,0.0770588192267272,1.0,244,0,0,17,110,10,107,0.889344262295082
cnn,fold_3,2024,789,Regime-SHAP-Numeric,20,3,8.937137700006133,0.7039489000017056,23187,244,43.13048856333965,34.33293029908516,4.057634599042128,0.0407337006724339,0.5368852459016393,0.5430042398546335,0.0899411204173182,1.0,244,0,0,50,77,36,81,0.6475409836065574
cnn,fold_3,2024,789,Regime-SHAP-Numeric-News,20,3,9.621387699997284,0.7307597999897553,25491,244,19.237528949044776,15.809741948264042,1.8464103279131057,0.8091601771993636,0.5368852459016393,0.5473786930479844,0.1099317968827158,1.0,244,0,0,37,90,23,94,0.7540983606557377
cnn,fold_4,2025,123,Global-Numeric,20,1,6.32705109998642,0.2612344999943161,12017,234,31.2826252275348,24.39485123559705,3.1802834263059783,0.6222320655270035,0.5555555555555556,0.5625,0.1482927535004349,1.0,234,0,0,35,85,19,95,0.7692307692307693
cnn,fold_4,2025,123,Global-Numeric-News,20,1,6.2882999000139534,0.2349854000058258,12785,234,25.520773123198342,20.570801114875543,2.614234807719704,0.7485762142075512,0.4957264957264957,0.4947368421052631,-0.0105541264476883,1.0,234,0,0,64,56,62,52,0.4615384615384615
cnn,fold_4,2025,123,Regime-SHAP-Numeric,20,3,9.619721900002332,0.6877600000007078,23187,234,43.14686400143971,31.14937921229272,3.930766351450912,0.2813504140746287,0.5,0.5035087719298246,0.0072933253453737,1.0,234,0,0,44,76,41,73,0.6367521367521367
cnn,fold_4,2025,123,Regime-SHAP-Numeric-News,20,3,9.7567088999931,0.6780719000089448,25491,234,52.52679042558787,41.08896794573554,5.11634323203823,-0.0650756046582878,0.4871794871794871,0.4969298245614035,-0.0094563516003895,1.0,234,0,0,14,106,14,100,0.8803418803418803
cnn,fold_4,2025,2025,Global-Numeric,20,1,5.81651290001173,0.2307835999963572,12017,234,21.09796356117803,16.700834969591643,2.132429897698958,0.828169685945791,0.5384615384615384,0.5385964912280702,0.0771704213033989,1.0,234,0,0,64,56,52,62,0.5042735042735043
cnn,fold_4,2025,2025,Global-Numeric-News,20,1,6.337314700009301,0.263667399995029,12785,234,21.531782061750217,17.667998154731393,2.2292536715680376,0.8210306508308381,0.5384615384615384,0.5368421052631579,0.0742729086490452,1.0,234,0,0,72,48,60,54,0.4358974358974359
cnn,fold_4,2025,2025,Regime-SHAP-Numeric,20,3,9.44680989999324,0.6912458000006154,23187,234,22.748920584126974,17.677321733497397,2.25629992656174,0.8002253873699555,0.4700854700854701,0.4754385964912281,-0.0540776392116263,1.0,234,0,0,32,88,36,78,0.7094017094017094
cnn,fold_4,2025,2025,Regime-SHAP-Numeric-News,20,3,10.107397899992066,0.6686244000011357,25491,234,29.023280121459266,22.57445591274616,2.890606296942737,0.6748290835397285,0.5341880341880342,0.5344298245614035,0.0688470685711129,1.0,234,0,0,63,57,52,62,0.5085470085470085
cnn,fold_4,2025,42,Global-Numeric,20,1,5.328765599988401,0.2165756000031251,12017,234,26.93287531630184,21.503803398102267,2.7906990502419315,0.719983160718793,0.5170940170940171,0.518640350877193,0.0375381501584109,1.0,234,0,0,55,65,48,66,0.5598290598290598
cnn,fold_4,2025,42,Global-Numeric-News,20,1,5.726866000011796,0.2239116999990074,12785,234,50.04949352583935,40.099076225159,5.243015312847442,0.0330186855211546,0.5427350427350427,0.5484649122807017,0.1081684097058822,1.0,234,0,0,39,81,26,88,0.7222222222222222
cnn,fold_4,2025,42,Regime-SHAP-Numeric,20,3,9.437021600009755,0.6612597000057576,23187,234,30.62856415465215,23.43632196403721,3.027340006694929,0.6378637635921041,0.4700854700854701,0.474780701754386,-0.0542163393353388,1.0,234,0,0,35,85,39,75,0.6837606837606838
cnn,fold_4,2025,42,Regime-SHAP-Numeric-News,20,3,10.17613489998621,0.7298371000069892,25491,234,28.701910915571347,23.05390399315292,2.903434839473186,0.6819903254806456,0.4914529914529914,0.4903508771929824,-0.0193627540441907,1.0,234,0,0,64,56,63,51,0.4572649572649572
cnn,fold_4,2025,456,Global-Numeric,20,1,5.570156200003112,0.2468492000043625,12017,234,20.799278192648288,16.345046511082312,2.099112194746693,0.8330004751763808,0.5085470085470085,0.5100877192982456,0.02031476361514,1.0,234,0,0,54,66,49,65,0.5598290598290598
cnn,fold_4,2025,456,Global-Numeric-News,20,1,5.88046359999862,0.2445938000018941,12785,234,22.622236176468043,18.176854111621022,2.321700652681117,0.8024442055984125,0.5085470085470085,0.5094298245614035,0.0188976761324291,1.0,234,0,0,57,63,52,62,0.5341880341880342
cnn,fold_4,2025,456,Regime-SHAP-Numeric,20,3,9.566360099997835,0.7076024999987567,23187,234,20.90964577177291,16.70185630906214,2.1255754485763023,0.8312234678827577,0.5341880341880342,0.5355263157894737,0.0714058365637314,1.0,234,0,0,58,62,47,67,0.5512820512820513
cnn,fold_4,2025,456,Regime-SHAP-Numeric-News,20,3,9.941947500003153,0.7108205999829806,25491,234,45.78863828415296,33.963686724256746,4.329737440715797,0.1906541123767537,0.5085470085470085,0.5146929824561404,0.033457619309288,1.0,234,0,0,33,87,28,86,0.7393162393162394
cnn,fold_4,2025,789,Global-Numeric,20,1,5.739037399995141,0.2268962000089232,12017,234,50.80628563640232,39.92661996787683,5.218577360768113,0.0035543878888547,0.5256410256410257,0.5350877192982456,0.1034663952171867,1.0,234,0,0,20,100,11,103,0.8675213675213675
cnn,fold_4,2025,789,Global-Numeric-News,20,1,6.367428300000029,0.2758665000001201,12785,234,50.03390873585322,40.51031866018588,5.301880369435392,0.0336208036769485,0.5042735042735043,0.5138157894736842,0.0413116974566432,1.0,234,0,0,17,103,13,101,0.8717948717948718
cnn,fold_4,2025,789,Regime-SHAP-Numeric,20,3,11.040992400012328,0.7956915000104345,23187,234,41.91042244712739,33.66752897792646,4.306834202151983,0.3219483378562735,0.5128205128205128,0.5206140350877193,0.0518535166151215,1.0,234,0,0,26,94,20,94,0.8034188034188035
cnn,fold_4,2025,789,Regime-SHAP-Numeric-News,20,3,10.597006300013163,0.7141037000110373,25491,234,28.143978451419617,21.27996292897651,2.7400320872622896,0.6942336512628515,0.5,0.5081140350877194,0.0209439703481028,1.0,234,0,0,23,97,20,94,0.8162393162393162
lstm,fold_1,2022,123,Global-Numeric,5,1,3.408609899997828,0.3488264999905368,9041,241,29.587384972533098,25.97994034377375,2.6469277192273624,-0.767267102965776,0.4458333333333333,0.5,0.0,1.0,240,1,0,107,0,133,0,0.0
lstm,fold_1,2022,123,Global-Numeric-News,5,1,3.364551799997571,0.3370867999910842,9553,241,16.496528724667826,13.370024903948348,1.3641930127316186,0.4506183322289024,0.5375,0.5096268709156068,0.0223554369446117,1.0,240,1,0,27,80,31,102,0.7583333333333333
lstm,fold_1,2022,123,Regime-SHAP-Numeric,5,3,8.020546899992041,1.1572655999916606,18547,241,21.45086300074503,16.92192375769751,1.7291330339010282,0.0710794585583196,0.5041666666666667,0.4795516829456819,-0.0455259150224346,1.0,240,1,0,27,80,39,94,0.725
lstm,fold_1,2022,123,Regime-SHAP-Numeric-News,5,3,8.51479119999567,1.1591589999879943,20083,241,24.6166098742489,18.70260745168224,1.91050886781861,-0.2233353182745971,0.5083333333333333,0.4796570866418382,-0.0475223470622504,1.0,240,1,0,23,84,34,99,0.7625
lstm,fold_1,2022,2025,Global-Numeric,5,1,3.448880299998564,0.3399514000047929,9041,241,35.20299271346421,31.6586715148396,3.23012224866797,-1.5017747199754448,0.4458333333333333,0.5,0.0,1.0,240,1,0,107,0,133,0,0.0
lstm,fold_1,2022,2025,Global-Numeric-News,5,1,3.5961427000002004,0.3919248000020161,9553,241,15.837555790116037,12.461725033660151,1.27122613303739,0.4936330596256254,0.4916666666666666,0.501159440657719,0.0023413647570136,1.0,240,1,0,63,44,78,55,0.4125
lstm,fold_1,2022,2025,Regime-SHAP-Numeric,5,3,8.193390199987334,1.050891100006993,18547,241,23.796170885103887,19.753594546802788,2.0064329570367216,-0.1431499094665371,0.5208333333333334,0.5037242639308551,0.0078064338917725,1.0,240,1,0,37,70,45,88,0.6583333333333333
lstm,fold_1,2022,2025,Regime-SHAP-Numeric-News,5,3,8.607740699997521,1.1663333000033165,20083,241,22.07163883437416,18.07204899144864,1.8349888683080973,0.0165366267507421,0.5,0.4867542688496943,-0.027139997949585,1.0,240,1,0,39,68,52,81,0.6208333333333333
lstm,fold_1,2022,42,Global-Numeric,5,1,3.4579546000022674,0.34800830000313,9041,241,23.54141252630563,18.81437999951892,1.919426368537907,-0.118804137267928,0.5041666666666667,0.5371021010470101,0.0922093532309664,1.0,240,1,0,90,17,102,31,0.2
lstm,fold_1,2022,42,Global-Numeric-News,5,1,3.3793783000000985,0.351651100005256,9553,241,14.97732622578292,11.789870663891207,1.1981527310821216,0.5471466268114821,0.525,0.5367156208277704,0.0746367598351924,1.0,240,1,0,69,38,76,57,0.3958333333333333
lstm,fold_1,2022,42,Regime-SHAP-Numeric,5,3,7.891741899991757,1.066611499991268,18547,241,15.225521664003466,11.765505898631949,1.1943452517035589,0.5320134286607536,0.5333333333333333,0.5232239477197667,0.0470467756365538,1.0,240,1,0,46,61,51,82,0.5958333333333333
lstm,fold_1,2022,42,Regime-SHAP-Numeric-News,5,3,8.071463700005552,1.0249288999912096,20083,241,20.319671064006517,16.11774411948389,1.6404098104699074,0.1664678130632947,0.5208333333333334,0.5119457522310449,0.0240878029554831,1.0,240,1,0,46,61,54,79,0.5833333333333334
lstm,fold_1,2022,456,Global-Numeric,5,1,3.582555000000866,0.3343556999898283,9041,241,13.908350098817255,11.04133262382008,1.124261009553592,0.6094827192857519,0.5125,0.4980324643384161,-0.0040588891212288,1.0,240,1,0,39,68,49,84,0.6333333333333333
lstm,fold_1,2022,456,Global-Numeric-News,5,1,3.446793399998569,0.3367434999963734,9553,241,15.39233042617218,12.398452694702918,1.2630186946458215,0.521702860239482,0.5458333333333333,0.5253671562082777,0.0546071592392291,1.0,240,1,0,36,71,38,95,0.6916666666666667
lstm,fold_1,2022,456,Regime-SHAP-Numeric,5,3,8.083406999983708,1.0419716999895172,18547,241,18.53353453383115,15.156783674554704,1.539706483624285,0.30656536202327,0.5083333333333333,0.5079755463424918,0.0158577651593065,1.0,240,1,0,54,53,65,68,0.5041666666666667
lstm,fold_1,2022,456,Regime-SHAP-Numeric-News,5,3,8.076614699995844,1.0540152999892598,20083,241,23.59070216613867,18.25720246825474,1.867206738295626,-0.1234940158449597,0.5333333333333333,0.5204834516197034,0.0419698111528065,1.0,240,1,0,43,64,48,85,0.6208333333333333
lstm,fold_1,2022,789,Global-Numeric,5,1,3.569648899996537,0.3475493000005372,9041,241,15.204423693776423,11.819142109887746,1.2071947074073446,0.5333095058759956,0.5166666666666667,0.5365048134354578,0.0777425306325204,1.0,240,1,0,77,30,86,47,0.3208333333333333
lstm,fold_1,2022,789,Global-Numeric-News,5,1,3.306002700002864,0.342156899991096,9553,241,19.354042844436336,16.210081676427723,1.6533168120951842,0.2438073975784781,0.5083333333333333,0.4750895931417328,-0.0624023496219852,1.0,240,1,0,18,89,29,104,0.8041666666666667
lstm,fold_1,2022,789,Regime-SHAP-Numeric,5,3,7.8996488000120735,1.0267192000028444,18547,241,19.791617529380648,15.004638838194206,1.5342828098599324,0.2092274093678059,0.4833333333333333,0.4671491813646264,-0.0682839427579364,1.0,240,1,0,34,73,51,82,0.6458333333333334
lstm,fold_1,2022,789,Regime-SHAP-Numeric-News,5,3,7.9164367000048514,1.0263503000023777,20083,241,21.48371927447414,17.058785036282902,1.7376471529286976,0.0682316251654872,0.4625,0.4529196823835288,-0.0949342822363158,1.0,240,1,0,39,68,61,72,0.5833333333333334
lstm,fold_2,2023,123,Global-Numeric,5,1,3.986854600007064,0.3751423000067007,9041,243,10.94081231717469,8.844749056400087,0.9491160498096264,0.9395371105585464,0.5413223140495868,0.5457785087719298,0.0924321457841055,1.0,242,1,0,60,68,43,71,0.5743801652892562
lstm,fold_2,2023,123,Global-Numeric-News,5,1,3.605622200004291,0.3344866999977967,9553,243,14.07651475925373,11.214666282787258,1.2071315950184096,0.89991245387824,0.5743801652892562,0.5621573464912281,0.1374460537766235,1.0,242,1,0,99,29,74,40,0.2851239669421487
lstm,fold_2,2023,123,Regime-SHAP-Numeric,5,3,8.16274980000162,1.0499343999981647,18547,243,15.579437146139393,12.342961091705792,1.3240734200281463,0.8773992044049322,0.5454545454545454,0.5468064692982456,0.0935360491062313,1.0,242,1,0,67,61,49,65,0.5206611570247934
lstm,fold_2,2023,123,Regime-SHAP-Numeric-News,5,3,8.157863800006453,1.0173540999967372,20083,243,19.97361975980992,15.657673614167374,1.6778881849548344,0.798486884538798,0.5661157024793388,0.5720942982456141,0.1468650497500217,1.0,242,1,0,60,68,37,77,0.5991735537190083
lstm,fold_2,2023,2025,Global-Numeric,5,1,3.8536692000052426,0.3532275000034133,9041,243,14.465673567161458,11.557267351999212,1.2369139086160588,0.8943019238211892,0.5454545454545454,0.5352933114035088,0.0753894524118695,1.0,242,1,0,91,37,73,41,0.3223140495867768
lstm,fold_2,2023,2025,Global-Numeric-News,5,1,3.683744399997522,0.3549728999932995,9553,243,13.381886455547926,10.491128231615692,1.131221739065534,0.909546694379155,0.5661157024793388,0.5586622807017544,0.1214522685269908,1.0,242,1,0,88,40,65,49,0.3677685950413223
lstm,fold_2,2023,2025,Regime-SHAP-Numeric,5,3,8.27516689998447,1.047904799997923,18547,243,19.52820555819947,15.941106640488025,1.715114469357375,0.8073742079755852,0.5289256198347108,0.52734375,0.0546875,1.0,242,1,0,71,57,57,57,0.4710743801652892
lstm,fold_2,2023,2025,Regime-SHAP-Numeric-News,5,3,8.246127399994293,1.0154739000136033,20083,243,20.47941718625865,16.99651615660376,1.843413807482852,0.7881517173133585,0.5206611570247934,0.51953125,0.0390304158056748,1.0,242,1,0,69,59,57,57,0.4793388429752066
lstm,fold_2,2023,42,Global-Numeric,5,1,3.9198924000083935,0.3357814000046346,9041,243,17.68074878187342,13.315043064365677,1.4223418141679232,0.8420967500945402,0.5206611570247934,0.5032209429824561,0.0080639710404576,1.0,242,1,0,103,25,91,23,0.1983471074380165
lstm,fold_2,2023,42,Global-Numeric-News,5,1,3.5989294999890262,0.3265735000022687,9553,243,15.55651807756072,12.10504900636006,1.293385975731458,0.8777596576334243,0.5826446280991735,0.5771655701754386,0.1571958612343388,1.0,242,1,0,86,42,59,55,0.4008264462809917
lstm,fold_2,2023,42,Regime-SHAP-Numeric,5,3,8.208613299997523,1.0128626999940025,18547,243,16.154955439917117,13.174364053511304,1.4180564400066968,0.8681739344276842,0.5,0.5086348684210527,0.0180585901366297,1.0,242,1,0,46,82,39,75,0.6487603305785123
lstm,fold_2,2023,42,Regime-SHAP-Numeric-News,5,3,8.382053000008455,1.0042545000178509,20083,243,18.52089996478606,14.997996808521034,1.6194969961040546,0.8267337669155763,0.5578512396694215,0.567639802631579,0.1430982393696279,1.0,242,1,0,51,77,30,84,0.6652892561983471
lstm,fold_2,2023,456,Global-Numeric,5,1,3.769333999996889,0.335428199992748,9041,243,16.729282852835485,13.665365301228382,1.4705409273618464,0.858634182222069,0.5206611570247934,0.4950657894736842,-0.0210995717299282,1.0,242,1,0,120,8,108,6,0.0578512396694214
lstm,fold_2,2023,456,Global-Numeric-News,5,1,3.620634799997788,0.3231684000056702,9553,243,13.947863425272612,11.338786095267968,1.216512278743783,0.9017335800696936,0.5454545454545454,0.528577302631579,0.0704649298036749,1.0,242,1,0,105,23,87,27,0.2066115702479339
lstm,fold_2,2023,456,Regime-SHAP-Numeric,5,3,8.112983899991377,1.0460645999992266,18547,243,16.901476827911786,14.209833938943,1.5327543548432707,0.8557090574819414,0.5,0.504797149122807,0.0097118145754832,1.0,242,1,0,54,74,47,67,0.5826446280991735
lstm,fold_2,2023,456,Regime-SHAP-Numeric-News,5,3,9.960831499978667,1.300548200000776,20083,243,19.57830636388253,15.472344908287477,1.6744054169294122,0.8063845535921386,0.5,0.5095942982456141,0.0202976226056209,1.0,242,1,0,44,84,37,77,0.6652892561983471
lstm,fold_2,2023,789,Global-Numeric,5,1,3.847943200002192,0.3690088000003015,9041,243,17.248961707956784,13.852704077821718,1.48399227609406,0.8497149854362929,0.5578512396694215,0.5407757675438596,0.1013007956303694,1.0,242,1,0,107,21,86,28,0.2024793388429752
lstm,fold_2,2023,789,Global-Numeric-News,5,1,3.6623294000019087,0.3512850999977672,9553,243,24.13625257780925,19.70898445543931,2.0882633325125823,0.7057412095457993,0.5371900826446281,0.5193256578947368,0.0491716455035247,1.0,242,1,0,106,22,90,24,0.1900826446280991
lstm,fold_2,2023,789,Regime-SHAP-Numeric,5,3,8.359910699989996,1.0454858000011882,18547,243,16.341901303469047,12.879187706085872,1.3911708701186023,0.8651052871082201,0.5495867768595041,0.5492735745614035,0.0983955458089148,1.0,242,1,0,71,57,52,62,0.4917355371900826
lstm,fold_2,2023,789,Regime-SHAP-Numeric-News,5,3,8.307055400000536,1.022010999993654,20083,243,18.453601205397085,14.476563188961013,1.5688721075828331,0.8279906623350044,0.5082644628099173,0.5087719298245614,0.0175168704638958,1.0,242,1,0,64,64,55,59,0.5082644628099173
lstm,fold_3,2024,123,Global-Numeric,5,1,4.197484799995436,0.3782000999926822,9041,244,15.534698815541343,13.102390676165196,1.5284765054353346,0.875555385370685,0.4672131147540984,0.484487515983579,-0.0578413038910972,1.0,244,0,0,8,119,11,106,0.9221311475409836
lstm,fold_3,2024,123,Global-Numeric-News,5,1,4.05839289999858,0.3453475999995135,9553,244,15.66470960197787,12.654815603216154,1.476955045145906,0.8734637008785952,0.5,0.5143010969782623,0.0398389702133395,1.0,244,0,0,21,106,16,101,0.8483606557377049
lstm,fold_3,2024,123,Regime-SHAP-Numeric,5,3,8.635621000008541,1.0432981999911135,18547,244,15.383285157351771,12.062364051153912,1.3984709690954304,0.8779694375431922,0.4754098360655737,0.4765462009556497,-0.0469455262114031,1.0,244,0,0,57,70,58,59,0.5286885245901639
lstm,fold_3,2024,123,Regime-SHAP-Numeric-News,5,3,8.63758880001842,1.0367069999920204,20083,244,19.94329635266269,15.314705738527849,1.7770006302264871,0.7949006341763252,0.5491803278688525,0.5588532202705431,0.1330184320556904,1.0,244,0,0,41,86,24,93,0.7336065573770492
lstm,fold_3,2024,2025,Global-Numeric,5,1,4.38647869999113,0.3485098000091966,9041,244,19.072650363858656,16.12773586057247,1.9013375410254367,0.8124174105190942,0.5204918032786885,0.5360051147452722,0.1095522930617645,1.0,244,0,0,20,107,10,107,0.8770491803278688
lstm,fold_3,2024,2025,Global-Numeric-News,5,1,3.958079500007443,0.3377898000035202,9553,244,18.795919307967942,15.740206310319104,1.854388969240726,0.8178213096490963,0.5245901639344263,0.5389326334208224,0.1084557377337266,1.0,244,0,0,24,103,13,104,0.8483606557377049
lstm,fold_3,2024,2025,Regime-SHAP-Numeric,5,3,9.551424099990982,1.1664716999803204,18547,244,21.427748171589435,17.145052923108214,1.9900715820784447,0.7632317308671583,0.5614754098360656,0.5635978195033313,0.1277080492482013,1.0,244,0,0,65,62,45,72,0.5491803278688525
lstm,fold_3,2024,2025,Regime-SHAP-Numeric-News,5,3,10.548165800006243,1.314708799996879,20083,244,34.83651550092107,25.782479605298548,3.0002245118393573,0.3741938181732535,0.5040983606557377,0.497711824483478,-0.0048118766622207,1.0,244,0,0,83,44,77,40,0.3442622950819672
lstm,fold_3,2024,42,Global-Numeric,5,1,4.095499200004269,0.3332201000011991,9041,244,13.89580304740553,10.915614128081035,1.2777943835189116,0.9004278850344777,0.4836065573770491,0.4783632815128878,-0.0447043484941793,1.0,244,0,0,77,50,76,41,0.3729508196721312
lstm,fold_3,2024,42,Global-Numeric-News,5,1,4.0983532999962335,0.3373024000029545,9553,244,14.76807907551352,11.92197938294683,1.3830204659484635,0.887534724848618,0.5081967213114754,0.5198196379298742,0.0480248353970704,1.0,244,0,0,30,97,23,94,0.7827868852459017
lstm,fold_3,2024,42,Regime-SHAP-Numeric,5,3,9.169655100020464,1.1409962000034284,18547,244,18.67459625486233,15.224247806018482,1.7904612322107056,0.8201655569863524,0.5163934426229508,0.5280301500773942,0.0679196738298127,1.0,244,0,0,31,96,22,95,0.7827868852459017
lstm,fold_3,2024,42,Regime-SHAP-Numeric-News,5,3,8.73775270000624,1.0560087000048952,20083,244,20.333996647245467,16.626351330944736,1.9397315753228388,0.7867858972500531,0.5573770491803278,0.5711016892119254,0.1900048813406352,1.0,244,0,0,30,97,11,106,0.8319672131147541
lstm,fold_3,2024,456,Global-Numeric,5,1,4.149737800005823,0.3436913999903481,9041,244,10.88963722816311,8.660822329421027,1.0012961492045325,0.9388498880934,0.5286885245901639,0.5236893465239922,0.0488384823851378,1.0,244,0,0,82,45,70,47,0.3770491803278688
lstm,fold_3,2024,456,Global-Numeric-News,5,1,3.91072400000121,0.3348847000015666,9553,244,10.538044191004138,8.493454363644126,0.9838053800461476,0.9427348420722208,0.5040983606557377,0.5004037956793862,0.000820361383158,1.0,244,0,0,75,52,69,48,0.4098360655737705
lstm,fold_3,2024,456,Regime-SHAP-Numeric,5,3,8.622757599994657,1.0615962000010768,18547,244,19.813909346491904,15.021560683800043,1.7555925909422538,0.7975532658359459,0.5327868852459017,0.5447876707719228,0.1100574691226721,1.0,244,0,0,32,95,19,98,0.7909836065573771
lstm,fold_3,2024,456,Regime-SHAP-Numeric-News,5,3,8.730116299979272,1.027084699991974,20083,244,20.47336657695265,17.16600639375506,2.011437201673784,0.78385312697048,0.5040983606557377,0.5158826300558584,0.0387520713527372,1.0,244,0,0,29,98,23,94,0.7868852459016393
lstm,fold_3,2024,789,Global-Numeric,5,1,4.191886900007376,0.3506568000011612,9041,244,18.84636231060507,15.472266067285991,1.8191922445778763,0.8168421639928518,0.5081967213114754,0.5201561343293627,0.0495299954954775,1.0,244,0,0,29,98,22,95,0.7909836065573771
lstm,fold_3,2024,789,Global-Numeric-News,5,1,4.203628200004459,0.4414753000019118,9553,244,21.559248862625253,17.436343431807437,2.047320640673707,0.760316750900707,0.4877049180327868,0.4974426273638872,-0.0058088820930479,1.0,244,0,0,33,94,31,86,0.7377049180327869
lstm,fold_3,2024,789,Regime-SHAP-Numeric,5,3,8.984860500015202,1.0338922000082675,18547,244,18.063657152162996,14.08611031506637,1.6350435656352291,0.8317396471175117,0.5163934426229508,0.5256746752809744,0.0574785378679466,1.0,244,0,0,38,89,29,88,0.7254098360655737
lstm,fold_3,2024,789,Regime-SHAP-Numeric-News,5,3,8.67499400000088,1.0059331999946153,20083,244,19.612859191912328,15.539201109643829,1.7976368366796402,0.8016408435862051,0.5204918032786885,0.5292751867555017,0.0646696956580147,1.0,244,0,0,40,87,30,87,0.7131147540983607
lstm,fold_4,2025,123,Global-Numeric,5,1,6.771926999994321,0.5066119999974035,9041,234,14.433837453304507,11.52867092557506,1.4767905101915413,0.91957661872302,0.4957264957264957,0.4989035087719298,-0.0022628743624322,1.0,234,0,0,45,75,43,71,0.6239316239316239
lstm,fold_4,2025,123,Global-Numeric-News,5,1,7.36448869999731,0.5819984000117984,9553,234,17.850331139461407,14.041969829979871,1.8065664171551683,0.8769982579899143,0.4743589743589743,0.4800438596491228,-0.0445399334083044,1.0,234,0,0,31,89,34,80,0.7222222222222222
lstm,fold_4,2025,123,Regime-SHAP-Numeric,5,3,14.277544900003704,1.6374399000196718,18547,234,19.431481101414636,14.681722290233155,1.8976779665796275,0.854242632116611,0.5170940170940171,0.519078947368421,0.0386049480851588,1.0,234,0,0,53,67,46,68,0.5769230769230769
lstm,fold_4,2025,123,Regime-SHAP-Numeric-News,5,3,13.903784299996914,1.6607153999939328,20083,234,18.874575123998905,14.622513356906731,1.8804728150493544,0.8624777160346835,0.5299145299145299,0.5350877192982456,0.0766050217674098,1.0,234,0,0,40,80,30,84,0.7008547008547008
lstm,fold_4,2025,2025,Global-Numeric,5,1,5.453850799996872,0.4398333999997703,9041,234,18.80780769081097,14.419281834056992,1.878062799818116,0.8634489452677697,0.5470085470085471,0.5526315789473684,0.1169210844387335,1.0,234,0,0,40,80,26,88,0.717948717948718
lstm,fold_4,2025,2025,Global-Numeric-News,5,1,5.9063831999956165,0.4589104999904521,9553,234,19.51524465446089,14.990893549964976,1.9506385698212132,0.8529832870323104,0.5470085470085471,0.5530701754385965,0.1202163393853834,1.0,234,0,0,38,82,24,90,0.7350427350427351
lstm,fold_4,2025,2025,Regime-SHAP-Numeric,5,3,12.21736750000855,1.420446699979948,18547,234,19.95237645312533,14.934640086646004,1.9157433586545007,0.8463233203241658,0.5085470085470085,0.5109649122807017,0.0223207613073676,1.0,234,0,0,50,70,45,69,0.594017094017094
lstm,fold_4,2025,2025,Regime-SHAP-Numeric-News,5,3,12.224207200008095,1.3896643999905791,20083,234,45.58338210634685,36.16627023007626,4.572366919386192,0.197893939123991,0.5213675213675214,0.5256578947368421,0.0544107187582508,1.0,234,0,0,43,77,35,79,0.6666666666666666
lstm,fold_4,2025,42,Global-Numeric,5,1,5.71619420000934,0.4405180000030668,9041,234,14.653174283550552,11.717320724868284,1.490655859234948,0.9171138174060944,0.5042735042735043,0.4975877192982456,-0.0056519312725748,1.0,234,0,0,91,29,87,27,0.2393162393162393
lstm,fold_4,2025,42,Global-Numeric-News,5,1,5.713984699992579,0.4442267999984324,9553,234,15.914573344434242,12.752114156490814,1.613826071676871,0.9022293036957244,0.5341880341880342,0.5289473684210526,0.0634622718962488,1.0,234,0,0,88,32,77,37,0.2948717948717949
lstm,fold_4,2025,42,Regime-SHAP-Numeric,5,3,12.062118500005454,1.340291000014986,18547,234,20.735120844337537,15.516411959808162,1.9921993226263672,0.8340291380008492,0.5085470085470085,0.5114035087719299,0.0233842168877467,1.0,234,0,0,48,72,43,71,0.6111111111111112
lstm,fold_4,2025,42,Regime-SHAP-Numeric-News,5,3,13.02509040001314,1.4325179000152275,20083,234,21.037783818014532,17.433773368086946,2.2075305719321614,0.8291485440471285,0.4700854700854701,0.4774122807017544,-0.0550873032919718,1.0,234,0,0,23,97,27,87,0.7863247863247863
lstm,fold_4,2025,456,Global-Numeric,5,1,5.958150099992054,0.5456637000024784,9041,234,12.684038321609416,10.1307635589638,1.281796077851515,0.9378939656794028,0.4487179487179487,0.4495614035087719,-0.1010805932664812,1.0,234,0,0,50,70,59,55,0.5341880341880342
lstm,fold_4,2025,456,Global-Numeric-News,5,1,5.7137432000017725,0.442318699992029,9553,234,16.88872199117205,13.574616752023626,1.741629440395857,0.8898936714486568,0.5042735042735043,0.5067982456140351,0.0138625125038548,1.0,234,0,0,49,71,45,69,0.5982905982905983
lstm,fold_4,2025,456,Regime-SHAP-Numeric,5,3,11.736539499994253,1.3350291999959154,18547,234,30.62825620426521,23.80688277818453,3.1134899519648265,0.6378710456463939,0.4957264957264957,0.5019736842105263,0.0045185642484658,1.0,234,0,0,31,89,29,85,0.7435897435897436
lstm,fold_4,2025,456,Regime-SHAP-Numeric-News,5,3,11.251681900015685,1.3181695999955991,20083,234,24.9065828673056,19.19997654770684,2.4940378245640225,0.7605322671077952,0.5085470085470085,0.5133771929824561,0.0288644753896245,1.0,234,0,0,39,81,34,80,0.688034188034188
lstm,fold_4,2025,789,Global-Numeric,5,1,5.442743799998425,0.5080574000021443,9041,234,17.28966460696806,13.247646543882851,1.7061514763929426,0.8846037102648147,0.4572649572649572,0.4578947368421052,-0.084293752025098,1.0,234,0,0,52,68,59,55,0.5256410256410257
lstm,fold_4,2025,789,Global-Numeric-News,5,1,5.313211600005161,0.4258722000085981,9553,234,23.964236696457007,20.079942815583347,2.530554164649613,0.7783100992142047,0.4829059829059829,0.4932017543859649,-0.0228278363176632,1.0,234,0,0,11,109,12,102,0.9017094017094016
lstm,fold_4,2025,789,Regime-SHAP-Numeric,5,3,11.179477199999384,1.2638397999835431,18547,234,23.648453061520037,18.44231887257761,2.382905118122532,0.784114147864423,0.4957264957264957,0.5057017543859649,0.0181369062527502,1.0,234,0,0,14,106,12,102,0.8888888888888888
lstm,fold_4,2025,789,Regime-SHAP-Numeric-News,5,3,11.226579999987734,1.31082709999464,20083,234,25.310039078116425,19.06152401028153,2.461124090916486,0.7527112613080833,0.5555555555555556,0.5638157894736842,0.1662363256855841,1.0,234,0,0,29,91,13,101,0.8205128205128205
lstm_attention,fold_1,2022,123,Global-Numeric,10,1,7.089372000002186,0.5976780000055442,10129,241,138.25903726152012,136.4559003786081,13.823835452417018,-37.59011609580412,0.4458333333333333,0.5,0.0,1.0,240,1,0,107,0,133,0,0.0
lstm_attention,fold_1,2022,123,Global-Numeric-News,10,1,6.62766409998585,0.5970860999950673,10641,241,27.82946268512404,22.832301992766595,2.3271833069986405,-0.5635028271321669,0.4583333333333333,0.4646897617876466,-0.0707598361585176,1.0,240,1,0,56,51,79,54,0.4375
lstm_attention,fold_1,2022,123,Regime-SHAP-Numeric,10,3,16.502392000009422,1.9986744000052568,21811,241,22.17598367365344,18.333964943648365,1.8644512196252148,0.0072158964199793,0.5166666666666667,0.5118403485348886,0.0236408612856541,1.0,240,1,0,50,57,59,74,0.5458333333333333
lstm_attention,fold_1,2022,123,Regime-SHAP-Numeric-News,10,3,16.038515799999004,1.8245989000133704,23347,241,25.77105430942873,21.189702336253955,2.15847359993465,-0.3407672727615976,0.5083333333333333,0.5043215515424074,0.0086165032780293,1.0,240,1,0,50,57,61,72,0.5375
lstm_attention,fold_1,2022,2025,Global-Numeric,10,1,6.937459300010232,0.6730544000020018,10129,241,22.58698961983197,17.916136619149395,1.8227228322128264,-0.0299253145218236,0.4833333333333333,0.4872461527650902,-0.0254291926010135,1.0,240,1,0,56,51,73,60,0.4625
lstm_attention,fold_1,2022,2025,Global-Numeric-News,10,1,6.6857555999886245,0.6097923999914201,10641,241,19.89966157686208,15.729835055032709,1.600202251210336,0.2005700595141973,0.5041666666666667,0.5133511348464619,0.0269216621267164,1.0,240,1,0,64,43,76,57,0.4166666666666667
lstm_attention,fold_1,2022,2025,Regime-SHAP-Numeric,10,3,16.386869500012835,1.8601942999957828,21811,241,25.382056730308257,21.24968931281714,2.1636941627564314,-0.3005967041985542,0.5041666666666667,0.4978216569461036,-0.004360824895381,1.0,240,1,0,47,60,59,74,0.5583333333333333
lstm_attention,fold_1,2022,2025,Regime-SHAP-Numeric-News,10,3,16.047191799996654,1.9125004000088663,23347,241,26.50070436001953,21.96552062417955,2.2363906487441385,-0.4177637325459502,0.5333333333333333,0.5305319373199353,0.0608080371571346,1.0,240,1,0,54,53,59,74,0.5291666666666667
lstm_attention,fold_1,2022,42,Global-Numeric,10,1,6.860447899991414,0.5856062999955611,10129,241,21.87713525283008,17.164860209459093,1.7487974380286049,0.0337935511413964,0.4625,0.4611411706837186,-0.0772709939441284,1.0,240,1,0,48,59,70,63,0.5083333333333333
lstm_attention,fold_1,2022,42,Global-Numeric-News,10,1,6.842047300000559,0.6178672000096412,10641,241,24.24955967824585,18.28720086122449,1.86301278537646,-0.1871257967455208,0.45,0.4571709647951654,-0.0860215176416336,1.0,240,1,0,56,51,81,52,0.4291666666666666
lstm_attention,fold_1,2022,42,Regime-SHAP-Numeric,10,3,16.188663599998108,1.7895109000091909,21811,241,28.349734501213163,23.571185153327058,2.3942056844601383,-0.6225086480872508,0.5333333333333333,0.5424074204202094,0.0853928431784569,1.0,240,1,0,67,40,72,61,0.4208333333333333
lstm_attention,fold_1,2022,42,Regime-SHAP-Numeric-News,10,3,16.05982350000704,1.780435499997111,23347,241,24.29943695824509,17.82404462147551,1.819291393221584,-0.1920142565518989,0.5083333333333333,0.510716042442555,0.0213244679060317,1.0,240,1,0,57,50,68,65,0.4791666666666667
lstm_attention,fold_1,2022,456,Global-Numeric,10,1,6.845103100000415,0.6196099000080721,10129,241,34.93887169501674,28.444261211725724,2.888471294294651,-1.4643749184941304,0.4666666666666667,0.5096620054809922,0.0314431284748762,1.0,240,1,0,97,10,118,15,0.1041666666666666
lstm_attention,fold_1,2022,456,Global-Numeric-News,10,1,6.8730217999982415,0.5910951999976533,10641,241,46.7792938868973,41.65711391892181,4.231243166491709,-3.4177013440470985,0.4541666666666666,0.5075187969924813,0.0822228616409857,1.0,240,1,0,107,0,131,2,0.0083333333333333
lstm_attention,fold_1,2022,456,Regime-SHAP-Numeric,10,3,15.692927400014014,1.7888581000006525,21811,241,25.929052952267963,21.288486682132053,2.167153296449741,-0.3572577729520299,0.525,0.5138781533272433,0.0282119809903358,1.0,240,1,0,44,63,51,82,0.6041666666666666
lstm_attention,fold_1,2022,456,Regime-SHAP-Numeric-News,10,3,15.71533510000154,1.7544135000061942,23347,241,24.26216508521644,19.48419588645957,1.9872296423230844,-0.1883603010695864,0.5333333333333333,0.515915958119598,0.0334610389196279,1.0,240,1,0,38,69,43,90,0.6625
lstm_attention,fold_1,2022,789,Global-Numeric,10,1,6.9297795000020415,0.5939413999876706,10129,241,21.80607566781916,17.786218277057664,1.8114394201440984,0.0400600685237091,0.5125,0.5007729604384794,0.0015742170680148,1.0,240,1,0,42,65,52,81,0.6083333333333333
lstm_attention,fold_1,2022,789,Global-Numeric-News,10,1,6.696294800000032,0.6223842000035802,10641,241,22.20558292524725,18.52251974088026,1.890516861389541,0.0045639033397537,0.5041666666666667,0.4886866699458927,-0.0234546294624957,1.0,240,1,0,37,70,49,84,0.6416666666666667
lstm_attention,fold_1,2022,789,Regime-SHAP-Numeric,10,3,15.644533499988029,1.7857618999842089,21811,241,19.10898229586219,15.752860686348669,1.6107249265823511,0.262835955141969,0.5208333333333334,0.5064647600309184,0.0133363499697517,1.0,240,1,0,40,67,48,85,0.6333333333333333
lstm_attention,fold_1,2022,789,Regime-SHAP-Numeric-News,10,3,15.580088600007002,1.881064499990316,23347,241,19.096252902512436,15.231620084126458,1.5558071534804798,0.2638177474215397,0.5375,0.5388588293162813,0.0772709939441284,1.0,240,1,0,59,48,63,70,0.4916666666666666
lstm_attention,fold_2,2023,123,Global-Numeric,10,1,7.888241900000139,0.585560000006808,10129,243,65.05887931721793,55.59503681085728,5.8155941732244525,-1.1379764524186506,0.5619834710743802,0.545641447368421,0.1109349372496253,1.0,242,1,0,106,22,84,30,0.2148760330578512
lstm_attention,fold_2,2023,123,Global-Numeric-News,10,1,7.754899099993054,0.6349823999917135,10641,243,22.5434697516672,18.180928829412885,1.9605064029008548,0.7432967996164492,0.5537190082644629,0.5603755482456141,0.1236669668511471,1.0,242,1,0,57,71,37,77,0.6115702479338843
lstm_attention,fold_2,2023,123,Regime-SHAP-Numeric,10,3,16.531785499988473,1.8483648999972504,21811,243,22.077228182751103,18.164800725326604,1.9623591409476624,0.7538052121108114,0.4876033057851239,0.4868421052631578,-0.0262797946688824,1.0,242,1,0,64,64,60,54,0.4876033057851239
lstm_attention,fold_2,2023,123,Regime-SHAP-Numeric-News,10,3,17.399529000002076,1.876269999993383,23347,243,25.161309683756716,20.543828869655776,2.220971365740537,0.6802163555599359,0.4876033057851239,0.4863623903508772,-0.0272528166502782,1.0,242,1,0,65,63,61,53,0.4793388429752066
lstm_attention,fold_2,2023,2025,Global-Numeric,10,1,5.859438199986471,0.4621482000075048,10129,243,25.62428235449511,20.3789191006829,2.2116139623290407,0.6683399331268952,0.5495867768595041,0.5660635964912281,0.159470656528148,1.0,242,1,0,36,92,17,97,0.78099173553719
lstm_attention,fold_2,2023,2025,Global-Numeric-News,10,1,5.783992800003034,0.605008500002441,10641,243,28.035485007075337,22.56849908142421,2.438888196285215,0.6029859201777742,0.5289256198347108,0.5450932017543859,0.1081241420057076,1.0,242,1,0,34,94,20,94,0.7768595041322314
lstm_attention,fold_2,2023,2025,Regime-SHAP-Numeric,10,3,14.920339400006924,1.721056900016265,21811,243,28.274036059285752,21.10266606427024,2.3027607160081587,0.5962008720644196,0.5413223140495868,0.5294682017543859,0.0646120932512804,1.0,242,1,0,94,34,77,37,0.2933884297520661
lstm_attention,fold_2,2023,2025,Regime-SHAP-Numeric-News,10,3,17.310638599999947,1.8985307000257308,23347,243,27.22205529897854,21.19052890955665,2.2955217161039814,0.6256898659292593,0.5289256198347108,0.52734375,0.0546875,1.0,242,1,0,71,57,57,57,0.4710743801652892
lstm_attention,fold_2,2023,42,Global-Numeric,10,1,7.64147229999071,0.6358084000094095,10129,243,25.615104346217915,20.46001916953073,2.225293191312692,0.668577476068116,0.5537190082644629,0.5690104166666667,0.1613909386434439,1.0,242,1,0,39,89,19,95,0.7603305785123967
lstm_attention,fold_2,2023,42,Global-Numeric-News,10,1,7.674479000008432,0.5973042000114219,10641,243,27.110172363901277,21.301179397341627,2.310242042065439,0.6287603802291791,0.5371900826446281,0.5505071271929824,0.1132170334975113,1.0,242,1,0,41,87,25,89,0.7272727272727273
lstm_attention,fold_2,2023,42,Regime-SHAP-Numeric,10,3,16.948416400002316,1.7949795999884373,21811,243,23.646052511656933,18.659629010658705,2.026560094350044,0.717572448451355,0.5330578512396694,0.5245339912280702,0.0513093275310591,1.0,242,1,0,86,42,71,43,0.3512396694214876
lstm_attention,fold_2,2023,42,Regime-SHAP-Numeric-News,10,3,17.369360400000005,1.8027977000019744,23347,243,31.5291162876516,25.270995317420365,2.744533762745128,0.4978732501136548,0.5330578512396694,0.5187774122807017,0.0431736675546084,1.0,242,1,0,98,30,83,31,0.2520661157024793
lstm_attention,fold_2,2023,456,Global-Numeric,10,1,5.790891600001487,0.4835871999966912,10129,243,21.49173938511144,17.349348287449928,1.8809758926523723,0.7666902476391388,0.5454545454545454,0.5578399122807017,0.1273508325054766,1.0,242,1,0,44,84,26,88,0.7107438016528925
lstm_attention,fold_2,2023,456,Global-Numeric-News,10,1,5.803705500002252,0.4768390999961411,10641,243,21.403236325165174,17.001467897627073,1.838908021566276,0.768607831978865,0.5661157024793388,0.575452302631579,0.1586800379964322,1.0,242,1,0,53,75,30,84,0.6570247933884298
lstm_attention,fold_2,2023,456,Regime-SHAP-Numeric,10,3,12.549784600007117,1.442533999987063,21811,243,21.569651137328613,17.525072644576106,1.902424004112236,0.764995594645921,0.4917355371900826,0.4965049342105263,-0.0070757506192806,1.0,242,1,0,53,75,48,66,0.5826446280991735
lstm_attention,fold_2,2023,456,Regime-SHAP-Numeric-News,10,3,12.635812299980898,1.3866344999987632,23347,243,22.096962246713066,17.83221387645834,1.9426485701220169,0.7533648855409375,0.4876033057851239,0.4906798245614035,-0.0187174730554445,1.0,242,1,0,56,72,52,62,0.5537190082644629
lstm_attention,fold_2,2023,789,Global-Numeric,10,1,5.865909499989357,0.4553336999961175,10129,243,17.722354066664202,14.003009094338358,1.5129110388654547,0.8413527386988774,0.5330578512396694,0.5365268640350878,0.0734245039435518,1.0,242,1,0,61,67,46,68,0.5578512396694215
lstm_attention,fold_2,2023,789,Global-Numeric-News,10,1,5.677374499995494,0.4599700999970082,10641,243,17.254054797990463,13.839550965347412,1.4910228123459963,0.8496262232111033,0.5371900826446281,0.5346765350877193,0.0695248073022094,1.0,242,1,0,74,54,58,56,0.4545454545454545
lstm_attention,fold_2,2023,789,Regime-SHAP-Numeric,10,3,12.84635910000361,1.4260743000195362,21811,243,20.991263787152533,15.364004826050229,1.678732119574514,0.7774298420120185,0.5495867768595041,0.5511924342105263,0.1023392915773377,1.0,242,1,0,67,61,48,66,0.5247933884297521
lstm_attention,fold_2,2023,789,Regime-SHAP-Numeric-News,10,3,12.90045720001217,1.4366060999891488,23347,243,19.5141742626386,14.511427182778409,1.5797470617824814,0.807650917314395,0.5578512396694215,0.5575657894736843,0.1149544624193163,1.0,242,1,0,72,56,51,63,0.4917355371900826
lstm_attention,fold_3,2024,123,Global-Numeric,10,1,7.815707700006897,0.7140297000005376,10129,244,64.04885067663892,56.00291815790973,6.652338592802002,-1.1154029897001814,0.5409836065573771,0.5516521973214886,0.1205318211356363,1.0,244,0,0,37,90,22,95,0.7581967213114754
lstm_attention,fold_3,2024,123,Global-Numeric-News,10,1,8.80252169999585,0.7009615999995731,10641,244,30.388792848813008,25.416542621230477,3.0090317063003424,0.52379129574546,0.5368852459016393,0.5514166498418467,0.144859054101263,1.0,244,0,0,25,102,11,106,0.8524590163934426
lstm_attention,fold_3,2024,123,Regime-SHAP-Numeric,10,3,17.3661142999772,1.8141781000013,21811,244,16.936172827404835,13.291838661671656,1.543097181216881,0.8520888255162011,0.4959016393442623,0.4962312403257285,-0.0075321986565634,1.0,244,0,0,62,65,58,59,0.5081967213114754
lstm_attention,fold_3,2024,123,Regime-SHAP-Numeric-News,10,3,17.447460499985027,1.8393081999965943,23347,244,17.609657457685554,14.551297633366987,1.6980880509837604,0.8400912427106533,0.4877049180327868,0.4967696345649102,-0.0071988918878676,1.0,244,0,0,35,92,33,84,0.7213114754098361
lstm_attention,fold_3,2024,2025,Global-Numeric,10,1,8.552530499990098,0.663857999999891,10129,244,24.88329725341208,20.480673464517118,2.4061601857782207,0.6807092866626837,0.5409836065573771,0.5509792045225116,0.1163880198173105,1.0,244,0,0,39,88,24,93,0.7418032786885246
lstm_attention,fold_3,2024,2025,Global-Numeric-News,10,1,8.645268699998269,0.5937460999994073,10641,244,26.881597123858693,21.81476549018112,2.5655266843274105,0.6273676392602962,0.5368852459016393,0.5490611750454271,0.1214442243674556,1.0,244,0,0,32,95,18,99,0.7950819672131147
lstm_attention,fold_3,2024,2025,Regime-SHAP-Numeric,10,3,19.66385599999921,2.1450617000082275,21811,244,26.76638251838597,22.26205465576686,2.6114811059532776,0.6305550008900362,0.4795081967213114,0.4929335756107409,-0.0187035555327664,1.0,244,0,0,21,106,21,96,0.8278688524590164
lstm_attention,fold_3,2024,2025,Regime-SHAP-Numeric-News,10,3,17.2903009000147,1.8220045000198295,23347,244,27.286699669117443,21.88930388113757,2.5675657640327154,0.6160519611705324,0.4877049180327868,0.5001345985597955,0.0003383113324279,1.0,244,0,0,25,102,23,94,0.8032786885245902
lstm_attention,fold_3,2024,42,Global-Numeric,10,1,8.67098999999871,0.6861657000117702,10129,244,23.926712280324335,20.64100890423919,2.403941579470957,0.7047863147095703,0.5409836065573771,0.5479507369271148,0.1017381324698149,1.0,244,0,0,48,79,33,84,0.6680327868852459
lstm_attention,fold_3,2024,42,Global-Numeric-News,10,1,8.383960099992692,0.6001967000047443,10641,244,25.094355627745028,20.421147016482266,2.392487471795996,0.6752699132152518,0.5532786885245902,0.5627902281445588,0.1412325755673489,1.0,244,0,0,42,85,24,93,0.7295081967213115
lstm_attention,fold_3,2024,42,Regime-SHAP-Numeric,10,3,17.613852399997995,1.8412896000081675,21811,244,25.959769654502438,21.897961570420208,2.556325060854878,0.6524861634729877,0.4918032786885246,0.5060905848307423,0.0169667143732104,1.0,244,0,0,20,107,17,100,0.8483606557377049
lstm_attention,fold_3,2024,42,Regime-SHAP-Numeric-News,10,3,17.986114299987094,1.8524664999858944,23347,244,25.94950452720924,18.609563484419063,2.155392032846773,0.652760940061683,0.5368852459016393,0.5423312470556565,0.0876605587686883,1.0,244,0,0,52,75,38,79,0.6311475409836066
lstm_attention,fold_3,2024,456,Global-Numeric,10,1,8.893070499994792,0.6003433000005316,10129,244,16.935366888391723,13.78716047878148,1.6085078827698032,0.8521029024332065,0.5040983606557377,0.5078067164681338,0.0158603200743896,1.0,244,0,0,53,74,47,70,0.5901639344262295
lstm_attention,fold_3,2024,456,Global-Numeric-News,10,1,8.307076700002654,0.6027000000030966,10641,244,20.542706975087157,16.59313881073818,1.9505731357426608,0.7823865297889383,0.5450819672131147,0.5545797159970388,0.1227648647214576,1.0,244,0,0,41,86,25,92,0.7295081967213115
lstm_attention,fold_3,2024,456,Regime-SHAP-Numeric,10,3,17.381895300000906,1.7853942999936407,21811,244,22.461300468833794,18.19341108373685,2.1152599989809917,0.7398401779077992,0.5163934426229508,0.5266841644794401,0.0615726625018824,1.0,244,0,0,35,92,26,91,0.75
lstm_attention,fold_3,2024,456,Regime-SHAP-Numeric-News,10,3,17.497181400001864,1.9091111000161616,23347,244,20.675195165879177,16.586540701259835,1.9261410786915896,0.7795705243760399,0.5327868852459017,0.5407497139780605,0.0882420050766623,1.0,244,0,0,44,83,31,86,0.6926229508196722
lstm_attention,fold_3,2024,789,Global-Numeric,10,1,8.606317900004797,0.5972636000078637,10129,244,16.574195868991726,13.46071933382358,1.5708959167342809,0.8583438723320655,0.5122950819672131,0.5207281782084932,0.0454104127271385,1.0,244,0,0,40,87,32,85,0.7049180327868853
lstm_attention,fold_3,2024,789,Global-Numeric-News,10,1,8.429976800005534,0.5816883000079542,10641,244,16.176694457562725,12.97040574313186,1.509402592511837,0.865057113012996,0.5245901639344263,0.5338851874284944,0.0758596168191641,1.0,244,0,0,39,88,28,89,0.7254098360655737
lstm_attention,fold_3,2024,789,Regime-SHAP-Numeric,10,3,17.47966519999318,1.7924059000069974,21811,244,21.50998105812583,15.476277262299748,1.7998284436643668,0.7614109610731807,0.5,0.5112726293828656,0.0269549027230669,1.0,244,0,0,30,97,25,92,0.7745901639344263
lstm_attention,fold_3,2024,789,Regime-SHAP-Numeric-News,10,3,18.13206259999424,1.790546300006099,23347,244,22.825612735740204,16.327002261647422,1.8998700486279223,0.7313323842852348,0.5286885245901639,0.5374856989030217,0.0828069436356647,1.0,244,0,0,41,86,29,88,0.7131147540983607
lstm_attention,fold_4,2025,123,Global-Numeric,10,1,7.842283099991619,0.4976433999981964,10129,234,131.67266735189077,121.60314171868508,15.686461163532869,-5.692832786353995,0.4871794871794871,0.5,0.0,1.0,234,0,0,0,120,0,114,1.0
lstm_attention,fold_4,2025,123,Global-Numeric-News,10,1,7.644227099997806,0.5211508999927901,10641,234,27.74473610196645,21.9761170712037,2.8295653036509107,0.7028471467713621,0.5555555555555556,0.5607456140350877,0.1326224439348282,1.0,234,0,0,43,77,27,87,0.7008547008547008
lstm_attention,fold_4,2025,123,Regime-SHAP-Numeric,10,3,15.707200500022736,1.4764313000050606,21811,234,20.65598620174186,15.597549723113891,2.011596696400173,0.8352935610252026,0.4829059829059829,0.4857456140350877,-0.0292302711096833,1.0,234,0,0,45,75,46,68,0.6111111111111112
lstm_attention,fold_4,2025,123,Regime-SHAP-Numeric-News,10,3,15.613773500008392,1.500283599991235,23347,234,25.28481612591554,18.89324208021689,2.425711383794672,0.7532038914515087,0.5256410256410257,0.531140350877193,0.068865373796793,1.0,234,0,0,38,82,29,85,0.7136752136752137
lstm_attention,fold_4,2025,2025,Global-Numeric,10,1,7.855133199991542,0.4910249999957159,10129,234,22.917709702163197,18.27474771897508,2.340775679061914,0.797249872545127,0.5128205128205128,0.5151315789473684,0.0307526207697901,1.0,234,0,0,51,69,45,69,0.5897435897435898
lstm_attention,fold_4,2025,2025,Global-Numeric-News,10,1,7.813920600005076,0.5199199000053341,10641,234,21.59728815960685,17.464422304676134,2.232526042987358,0.819940038174249,0.5170940170940171,0.519078947368421,0.0386049480851588,1.0,234,0,0,53,67,46,68,0.5769230769230769
lstm_attention,fold_4,2025,2025,Regime-SHAP-Numeric,10,3,15.470848800017848,1.7401017000083812,21811,234,24.858973701435275,19.20145913812912,2.4700927588046966,0.7614468817421889,0.5299145299145299,0.5361842105263158,0.0828403445552069,1.0,234,0,0,35,85,25,89,0.7435897435897436
lstm_attention,fold_4,2025,2025,Regime-SHAP-Numeric-News,10,3,16.079288399996585,1.537310300001991,23347,234,29.69716935469496,24.035030721440968,3.0688694542855903,0.6595535426543457,0.5213675213675214,0.5278508771929824,0.0644824591909279,1.0,234,0,0,33,87,25,89,0.7521367521367521
lstm_attention,fold_4,2025,42,Global-Numeric,10,1,9.341909800001304,0.7293355000001611,10129,234,24.43354049363273,19.34158368965627,2.4701923681041804,0.7695421466405473,0.5085470085470085,0.5092105263157894,0.0184392582554902,1.0,234,0,0,58,62,53,61,0.5256410256410257
lstm_attention,fold_4,2025,42,Global-Numeric-News,10,1,9.038268800009972,0.6357866000034846,10641,234,22.829227366679223,17.926475472669317,2.2837089295842428,0.7988124347197748,0.5128205128205128,0.5135964912280702,0.0272328256752466,1.0,234,0,0,58,62,52,62,0.5299145299145299
lstm_attention,fold_4,2025,42,Regime-SHAP-Numeric,10,3,18.056074199994328,1.8838322999945376,21811,234,30.83415152442885,24.088986603862192,3.064499514994976,0.63298593108459,0.5470085470085471,0.5530701754385965,0.1202163393853834,1.0,234,0,0,38,82,24,90,0.7350427350427351
lstm_attention,fold_4,2025,42,Regime-SHAP-Numeric-News,10,3,16.8522621000011,1.551094499998726,23347,234,26.807064345824543,21.193609230538712,2.6968882326443797,0.7225931239849979,0.5085470085470085,0.5155701754385965,0.0371868445369832,1.0,234,0,0,29,91,24,90,0.7735042735042735
lstm_attention,fold_4,2025,456,Global-Numeric,10,1,8.225704500000575,0.5362472999986494,10129,234,39.321685116136486,31.239955202499004,4.072959036747097,0.4031256029623269,0.5170940170940171,0.5199561403508772,0.0409223795535567,1.0,234,0,0,49,71,42,72,0.6111111111111112
lstm_attention,fold_4,2025,456,Global-Numeric-News,10,1,7.944271699991077,0.523071899995557,10641,234,40.71214554803182,33.10136895398044,4.297443872231755,0.3601669211252826,0.5042735042735043,0.5072368421052632,0.0148702969369865,1.0,234,0,0,47,73,43,71,0.6153846153846154
lstm_attention,fold_4,2025,456,Regime-SHAP-Numeric,10,3,16.152607399999397,1.5759881999983918,21811,234,25.162034032218003,19.25859559684482,2.4875686877069385,0.7555949367139079,0.5341880341880342,0.5383771929824561,0.0811272688406513,1.0,234,0,0,45,75,34,80,0.6623931623931624
lstm_attention,fold_4,2025,456,Regime-SHAP-Numeric-News,10,3,15.700728099996924,1.504057600031956,23347,234,24.496362452217564,18.650656801980528,2.4150984408652816,0.768355546120005,0.5128205128205128,0.5182017543859649,0.0400753933443302,1.0,234,0,0,37,83,31,83,0.7094017094017094
lstm_attention,fold_4,2025,789,Global-Numeric,10,1,7.815538900002139,0.7337478999979794,10129,234,20.26122228279083,15.846320478607954,2.010481198421141,0.841528929985127,0.5256410256410257,0.5252192982456141,0.0504515060574439,1.0,234,0,0,65,55,56,58,0.4829059829059829
lstm_attention,fold_4,2025,789,Global-Numeric-News,10,1,8.083923099999083,0.5733361999882618,10641,234,20.54574244834587,16.432505135615155,2.0811547512521336,0.8370469898292724,0.5042735042735043,0.5041666666666667,0.0083308977543442,1.0,234,0,0,61,59,57,57,0.4957264957264957
lstm_attention,fold_4,2025,789,Regime-SHAP-Numeric,10,3,15.446373200014932,1.5151705000171205,21811,234,27.51869294459131,22.33087603457335,2.847942621478014,0.7076693765646903,0.5085470085470085,0.5144736842105263,0.0326199887789953,1.0,234,0,0,34,86,29,85,0.7307692307692307
lstm_attention,fold_4,2025,789,Regime-SHAP-Numeric-News,10,3,15.538192100008018,1.7257476999948267,23347,234,28.62091075473268,22.80010136740712,2.9001197650373536,0.6837827139827685,0.5299145299145299,0.5364035087719299,0.0842841592574333,1.0,234,0,0,34,86,24,90,0.7521367521367521
lstm_cnn,fold_1,2022,123,Global-Numeric,20,1,6.8373100999888266,0.52237310000055,10737,241,30.575451115402856,23.384479199969416,2.3862330142073622,-0.8872732098484752,0.4916666666666666,0.4984189445576558,-0.0031683508727694,1.0,240,1,0,60,47,75,58,0.4375
lstm_cnn,fold_1,2022,123,Global-Numeric-News,20,1,6.7639170000038575,0.5248087999934796,11249,241,37.97130927572528,27.594406743910323,2.8115955019717807,-1.9107182746058355,0.4833333333333333,0.5155646124657438,0.03838586161193,1.0,240,1,0,87,20,104,29,0.2041666666666666
lstm_cnn,fold_1,2022,123,Regime-SHAP-Numeric,20,3,13.875166500016348,1.5818376000097487,23635,241,23.90437730446308,19.44320420828596,1.9835644783585475,-0.1535698544150894,0.5291666666666667,0.5240320427236315,0.048021923220998,1.0,240,1,0,51,56,57,76,0.55
lstm_cnn,fold_1,2022,123,Regime-SHAP-Numeric-News,20,3,13.906946400005836,1.5256750999978976,25171,241,17.70634333152501,14.080132593144018,1.436568269718841,0.367082956992372,0.5458333333333333,0.5390696367085939,0.078379223041772,1.0,240,1,0,51,56,53,80,0.5666666666666667
lstm_cnn,fold_1,2022,2025,Global-Numeric,20,1,7.270031699998071,0.513334000002942,10737,241,32.73307937005409,26.78236032597256,2.7299329590142625,-1.1630310581864602,0.4708333333333333,0.4640924741760944,-0.0718832748883775,1.0,240,1,0,43,64,63,70,0.5583333333333333
lstm_cnn,fold_1,2022,2025,Global-Numeric-News,20,1,6.765926399995806,0.5155263000051491,11249,241,41.03655549854573,30.829642309049365,3.1480088710646377,-2.399623545162356,0.45,0.4653924530953551,-0.0719354904990025,1.0,240,1,0,65,42,90,43,0.3541666666666667
lstm_cnn,fold_1,2022,2025,Regime-SHAP-Numeric,20,3,14.524562300008256,1.5547143999865511,23635,241,24.32157241007798,20.48359251221184,2.093865799280043,-0.1941869646850604,0.5,0.48310027404961,-0.0353214476353308,1.0,240,1,0,35,72,48,85,0.6541666666666667
lstm_cnn,fold_1,2022,2025,Regime-SHAP-Numeric-News,20,3,15.577537300006952,1.788021000000299,25171,241,23.413938063228667,19.68763782811361,2.009074991796976,-0.1067205103720358,0.4916666666666666,0.4819759679572764,-0.0363975794044851,1.0,240,1,0,42,65,57,76,0.5875
lstm_cnn,fold_1,2022,42,Global-Numeric,20,1,6.759612800000468,0.5490437999978894,10737,241,21.8230279920544,17.0088935331487,1.7312722237792546,0.0385669490174329,0.5083333333333333,0.511629541142576,0.0231616344062273,1.0,240,1,0,58,49,69,64,0.4708333333333333
lstm_cnn,fold_1,2022,42,Global-Numeric-News,20,1,6.824507299999823,0.48093869999866,11249,241,23.05262022214139,18.5764018634147,1.893667863652403,-0.0728268135077816,0.4875,0.4718220785608882,-0.0584180522637316,1.0,240,1,0,35,72,51,82,0.6416666666666667
lstm_cnn,fold_1,2022,42,Regime-SHAP-Numeric,20,3,14.258134900010193,1.543736000006902,23635,241,29.034382710687527,20.307913957769923,2.0871967731067294,-0.7018223480122643,0.5541666666666667,0.5447614363010329,0.0905304144607913,1.0,240,1,0,49,58,49,84,0.5916666666666667
lstm_cnn,fold_1,2022,42,Regime-SHAP-Numeric-News,20,3,14.050143799991927,1.7416221000021324,25171,241,40.59460476737858,32.13293893367423,3.285314451754082,-2.326792112271597,0.5458333333333333,0.5527721172089101,0.1056444998848757,1.0,240,1,0,66,41,68,65,0.4416666666666666
lstm_cnn,fold_1,2022,456,Global-Numeric,20,1,6.888730100006796,0.6152559999900404,10737,241,30.076133365697704,24.588749059329857,2.5054593084087484,-0.8261356383340674,0.5333333333333333,0.5095214672194505,0.0211004213942831,1.0,240,1,0,31,76,36,97,0.7208333333333333
lstm_cnn,fold_1,2022,456,Global-Numeric-News,20,1,7.131452400004491,0.496814500002074,11249,241,28.20911924426672,22.160366088705924,2.2573687449755875,-0.6064532132511185,0.4791666666666667,0.4725247698685967,-0.0550026623901283,1.0,240,1,0,44,63,62,71,0.5583333333333333
lstm_cnn,fold_1,2022,456,Regime-SHAP-Numeric,20,3,13.745098900006267,1.6155788000032771,23635,241,20.27966604340433,14.902046119904622,1.518286851656502,0.1697466700101889,0.5541666666666667,0.5584639168013492,0.1164988441403067,1.0,240,1,0,64,43,64,69,0.4666666666666667
lstm_cnn,fold_1,2022,456,Regime-SHAP-Numeric-News,20,3,13.951287799995043,1.515190000005532,25171,241,25.326731433266428,18.88370702672302,1.9225120041243768,-0.294933059319107,0.5416666666666666,0.5453587239125852,0.0903373716569169,1.0,240,1,0,62,45,65,68,0.4708333333333333
lstm_cnn,fold_1,2022,789,Global-Numeric,20,1,6.766772799994214,0.4998751999955857,10737,241,24.533446810516704,19.734491577415533,2.0101402920656803,-0.2150836163487179,0.4791666666666667,0.4697842737685335,-0.0609279721815161,1.0,240,1,0,41,66,59,74,0.5833333333333334
lstm_cnn,fold_1,2022,789,Global-Numeric-News,20,1,6.755132799997227,0.5126445999921998,11249,241,34.93044612948821,30.58502813443104,3.1127486154181745,-1.4631864857972978,0.4916666666666666,0.455484505656665,-0.1175818906161117,1.0,240,1,0,13,94,28,105,0.8291666666666667
lstm_cnn,fold_1,2022,789,Regime-SHAP-Numeric,20,3,14.240298599994276,1.5486779999919236,23635,241,22.717641140923064,18.29752207575991,1.8738090550353173,-0.0418747143728626,0.5125,0.5080809500386481,0.0161228609309845,1.0,240,1,0,50,57,60,73,0.5416666666666666
lstm_cnn,fold_1,2022,789,Regime-SHAP-Numeric-News,20,3,16.152192100009415,1.7961771999980556,25171,241,18.78337399333892,14.860484328354064,1.5108452221895678,0.2877437976283284,0.5,0.517813224650411,0.0374497720358749,1.0,240,1,0,73,34,86,47,0.3375
lstm_cnn,fold_2,2023,123,Global-Numeric,20,1,7.920574699994177,0.5079287999978988,10737,243,22.24063286426937,18.64891104120285,2.015695162410529,0.7501473018402011,0.5330578512396694,0.5379660087719298,0.0768620753545387,1.0,242,1,0,58,70,43,71,0.5826446280991735
lstm_cnn,fold_2,2023,123,Global-Numeric-News,20,1,7.577040300006047,0.4338849999912781,11249,243,23.292627062273784,17.64469371958035,1.9089020582211116,0.7259519550797304,0.5495867768595041,0.5439967105263158,0.0896267699044809,1.0,242,1,0,82,46,63,51,0.4008264462809917
lstm_cnn,fold_2,2023,123,Regime-SHAP-Numeric,20,3,14.689291700007743,1.759562300008838,23635,243,22.441345121384455,17.641141748604955,1.9021794793526323,0.7456173243216625,0.5619834710743802,0.5533168859649122,0.1118108619990517,1.0,242,1,0,90,38,68,46,0.3471074380165289
lstm_cnn,fold_2,2023,123,Regime-SHAP-Numeric-News,20,3,15.989552099985303,1.5792256999848178,25171,243,33.9892465720871,24.42845198992349,2.6472601498607724,0.4164570355984621,0.5578512396694215,0.5474917763157895,0.1017931338807444,1.0,242,1,0,93,35,72,42,0.3181818181818182
lstm_cnn,fold_2,2023,2025,Global-Numeric,20,1,7.983485499993549,0.5012414999946486,10737,243,28.5950967760878,22.766488461165743,2.487469999564934,0.586978268547351,0.5165289256198347,0.5309758771929824,0.0712207946521278,1.0,242,1,0,36,92,25,89,0.7479338842975206
lstm_cnn,fold_2,2023,2025,Global-Numeric-News,20,1,7.811673099990003,0.5631715999916196,11249,243,23.51295894681165,18.725443607475537,2.017689601273372,0.7207428298561775,0.5578512396694215,0.5522889254385965,0.1065190427369453,1.0,242,1,0,83,45,62,52,0.4008264462809917
lstm_cnn,fold_2,2023,2025,Regime-SHAP-Numeric,20,3,16.720957799989264,1.6997247999970568,23635,243,30.77511335283732,23.56940578987568,2.558631731900443,0.5216022988570067,0.5619834710743802,0.560032894736842,0.1201976574864919,1.0,242,1,0,76,52,54,60,0.4628099173553719
lstm_cnn,fold_2,2023,2025,Regime-SHAP-Numeric-News,20,3,15.545402599993396,1.5327812999894377,25171,243,40.352522507921,28.931628065872086,3.1666382948044336,0.1775090302626503,0.5619834710743802,0.55859375,0.1179006808572998,1.0,242,1,0,79,49,57,57,0.4380165289256198
lstm_cnn,fold_2,2023,42,Global-Numeric,20,1,8.475437600005534,0.5582109999959357,10737,243,20.200076170438685,16.351173452222294,1.75605304890937,0.7938915602027719,0.5495867768595041,0.5487938596491229,0.0974775581556063,1.0,242,1,0,72,56,53,61,0.4834710743801653
lstm_cnn,fold_2,2023,42,Global-Numeric-News,20,1,7.8613630999898305,0.5150124000065261,11249,243,19.625112396516396,16.170480035558153,1.7419489584440364,0.8054576906163475,0.5165289256198347,0.5185032894736843,0.0370256142754866,1.0,242,1,0,62,66,51,63,0.5330578512396694
lstm_cnn,fold_2,2023,42,Regime-SHAP-Numeric,20,3,15.714130700012902,1.771294800011674,23635,243,33.09936409582146,26.0380387560183,2.8393532209961445,0.4466128606053478,0.5165289256198347,0.5199424342105263,0.0400872995264044,1.0,242,1,0,59,69,48,66,0.5578512396694215
lstm_cnn,fold_2,2023,42,Regime-SHAP-Numeric-News,20,3,17.151467900010175,1.7876878999813923,25171,243,115.54694037556428,88.14318637232718,9.543577748131137,-5.743830741985588,0.512396694214876,0.5102796052631579,0.0205817906654951,1.0,242,1,0,70,58,60,54,0.4628099173553719
lstm_cnn,fold_2,2023,456,Global-Numeric,20,1,8.226624699993408,0.5194050999998581,10737,243,18.930012946492663,15.476791635584918,1.665505547801719,0.8189945783089939,0.5330578512396694,0.5418037280701755,0.0874265078043187,1.0,242,1,0,50,78,35,79,0.6487603305785123
lstm_cnn,fold_2,2023,456,Global-Numeric-News,20,1,8.395619900009478,0.4829389000078663,11249,243,29.955419632565647,25.105747641952902,2.7536361661417974,0.5467471148676704,0.5,0.5215871710526316,0.0644853504520166,1.0,242,1,0,19,109,12,102,0.871900826446281
lstm_cnn,fold_2,2023,456,Regime-SHAP-Numeric,20,3,15.33282270001655,1.6174791000084952,23635,243,21.65008101966073,17.03712346387988,1.8515807483061768,0.763239737149662,0.5454545454545454,0.5487253289473684,0.0978538481060375,1.0,242,1,0,63,65,45,69,0.5537190082644629
lstm_cnn,fold_2,2023,456,Regime-SHAP-Numeric-News,20,3,15.868296700005883,1.5011104000004707,25171,243,17.36209702919124,13.5172713146141,1.463317329089101,0.8477370921318264,0.5702479338842975,0.5726425438596492,0.145444654036166,1.0,242,1,0,68,60,44,70,0.5371900826446281
lstm_cnn,fold_2,2023,789,Global-Numeric,20,1,7.988066299993079,0.550772100003087,10737,243,20.70262471665377,16.51239853369356,1.787837291601039,0.783508633961105,0.5785123966942148,0.5794956140350878,0.1587737594578316,1.0,242,1,0,72,56,46,68,0.512396694214876
lstm_cnn,fold_2,2023,789,Global-Numeric-News,20,1,8.667801699994016,0.6060430999932578,11249,243,22.560432091593476,18.184338018751923,1.954267985265888,0.7429103528860246,0.5330578512396694,0.5322094298245614,0.0643461409173243,1.0,242,1,0,70,58,55,59,0.4834710743801653
lstm_cnn,fold_2,2023,789,Regime-SHAP-Numeric,20,3,16.596224599998095,1.6177072999998927,23635,243,32.53703479135783,23.88569977769881,2.5780397121944385,0.4652562651553158,0.5785123966942148,0.5708607456140351,0.1470589387070166,1.0,242,1,0,90,38,64,50,0.3636363636363636
lstm_cnn,fold_2,2023,789,Regime-SHAP-Numeric-News,20,3,16.54000520000409,1.6414356999885058,25171,243,27.31261421499501,20.68475408054427,2.241926214703721,0.6231953076040972,0.5371900826446281,0.5394736842105263,0.0790340761555015,1.0,242,1,0,64,64,48,66,0.5371900826446281
lstm_cnn,fold_3,2024,123,Global-Numeric,20,1,8.897332000007736,0.5350332999951206,10737,244,25.332993606648923,20.62890185256472,2.4380146047335667,0.6690644224492559,0.5245901639344263,0.539942122619288,0.119835441145111,1.0,244,0,0,21,106,10,107,0.8729508196721312
lstm_cnn,fold_3,2024,123,Global-Numeric-News,20,1,8.970649000009871,0.5113716000050772,11249,244,42.744359061139264,36.280551845108846,4.297487854166532,0.0578326488656312,0.5,0.5176660609731476,0.0693309454750743,1.0,244,0,0,11,116,6,111,0.930327868852459
lstm_cnn,fold_3,2024,123,Regime-SHAP-Numeric,20,3,16.310237699988647,1.5204462000110652,23635,244,21.268848352195825,16.697760330907627,1.943714905443349,0.7667302728747961,0.5368852459016393,0.5440137290530991,0.0936798173084966,1.0,244,0,0,47,80,33,84,0.6721311475409836
lstm_cnn,fold_3,2024,123,Regime-SHAP-Numeric-News,20,3,17.072846999988542,1.492493400000967,25171,244,26.53377577542118,20.44013022876176,2.3876286154315407,0.6369482441713931,0.4713114754098361,0.4827040850662897,-0.0416288723934472,1.0,244,0,0,26,101,28,89,0.7786885245901639
lstm_cnn,fold_3,2024,2025,Global-Numeric,20,1,9.042306699993787,0.4944486000022152,10737,244,25.06735485975848,20.68225354296749,2.451582305760652,0.6759683367835355,0.5204918032786885,0.5329766471498755,0.0828862764448417,1.0,244,0,0,29,98,19,98,0.8032786885245902
lstm_cnn,fold_3,2024,2025,Global-Numeric-News,20,1,8.582671299998765,0.5073696999897948,11249,244,34.88856736179606,28.3440434999202,3.348838445490379,0.3723222927490481,0.4959016393442623,0.5083451107073155,0.0209753026105313,1.0,244,0,0,26,101,22,95,0.8032786885245902
lstm_cnn,fold_3,2024,2025,Regime-SHAP-Numeric,20,3,16.048195399998804,1.7599063999950886,23635,244,25.065606952586243,20.659080966960197,2.428200603631316,0.6760135236431015,0.5,0.5169930681741706,0.0605388975429767,1.0,244,0,0,13,114,8,109,0.9139344262295082
lstm_cnn,fold_3,2024,2025,Regime-SHAP-Numeric-News,20,3,15.943476300002658,1.5680655000032857,25171,244,29.50164714901663,24.033262268925288,2.836103751240622,0.551189549734316,0.5,0.5143010969782623,0.0398389702133395,1.0,244,0,0,21,106,16,101,0.8483606557377049
lstm_cnn,fold_3,2024,42,Global-Numeric,20,1,9.422799600011786,0.5278132999956142,10737,244,24.33343885379015,20.87519223634824,2.462423138023656,0.6946644236799813,0.5204918032786885,0.5336496399488525,0.0874508172798918,1.0,244,0,0,27,100,17,100,0.819672131147541
lstm_cnn,fold_3,2024,42,Global-Numeric-News,20,1,8.873264599998947,0.5241405999986455,11249,244,18.859580199948468,13.914320186049236,1.5888816196129685,0.8165851585359349,0.5450819672131147,0.542465845615452,0.0855996694710289,1.0,244,0,0,77,50,61,56,0.4344262295081967
lstm_cnn,fold_3,2024,42,Regime-SHAP-Numeric,20,3,16.42692790000001,1.5519372000126168,23635,244,28.00331360714252,19.913184011226782,2.333396498805696,0.5956203611997317,0.5,0.5085806581869574,0.0188752695861465,1.0,244,0,0,38,89,33,84,0.7090163934426229
lstm_cnn,fold_3,2024,42,Regime-SHAP-Numeric-News,20,3,16.42097589999321,1.5313877000007778,25171,244,39.79956771025462,30.02454219108232,3.5179038646787184,0.1831785353094165,0.5040983606557377,0.5118446732619961,0.0255556207867128,1.0,244,0,0,41,86,35,82,0.6885245901639344
lstm_cnn,fold_3,2024,456,Global-Numeric,20,1,9.554251800000202,0.5186971000075573,10737,244,24.54270789607397,19.036589931943364,2.255419058658731,0.6893900319867667,0.5286885245901639,0.541523655696884,0.1060739783052747,1.0,244,0,0,29,98,17,100,0.8114754098360656
lstm_cnn,fold_3,2024,456,Global-Numeric-News,20,1,8.911929600013536,0.486901600001147,11249,244,26.604661474669246,20.713921055681386,2.456704598413178,0.6350058478909282,0.5327868852459017,0.5457971599703884,0.117986016565108,1.0,244,0,0,29,98,16,101,0.8155737704918032
lstm_cnn,fold_3,2024,456,Regime-SHAP-Numeric,20,3,16.98021140000492,1.6540849000011804,23635,244,21.346861204791328,16.244189028138983,1.902785279787785,0.7650158959432459,0.5491803278688525,0.5588532202705431,0.1330184320556904,1.0,244,0,0,41,86,24,93,0.7336065573770492
lstm_cnn,fold_3,2024,456,Regime-SHAP-Numeric-News,20,3,15.855258399999002,1.5001557000214234,25171,244,33.783498921814505,28.947652306483395,3.4036331304538576,0.4114549845881375,0.4877049180327868,0.5058550373511004,0.0251551273941973,1.0,244,0,0,8,119,6,111,0.9426229508196722
lstm_cnn,fold_3,2024,789,Global-Numeric,20,1,8.98998389999906,0.5088690999982646,10737,244,30.92897553292105,25.831089089346698,3.059500440944504,0.5067109195815367,0.5204918032786885,0.5383605895416919,0.1548398154983318,1.0,244,0,0,13,114,3,114,0.9344262295081968
lstm_cnn,fold_3,2024,789,Global-Numeric-News,20,1,8.68081639999582,0.4870469000015873,11249,244,33.62173448602249,28.22682433710233,3.3454134108630247,0.4170777128616265,0.5081967213114754,0.5255400767211791,0.0952311272306786,1.0,244,0,0,13,114,6,111,0.9221311475409836
lstm_cnn,fold_3,2024,789,Regime-SHAP-Numeric,20,3,15.42975869998918,1.5900483000150416,23635,244,50.113381262706746,41.23782526348456,4.825418124428664,-0.2950240833600803,0.4959016393442623,0.5123830675011777,0.0415466552296358,1.0,244,0,0,14,113,10,107,0.9016393442622952
lstm_cnn,fold_3,2024,789,Regime-SHAP-Numeric-News,20,3,15.84554220001155,1.514638599997852,25171,244,34.47433870847581,27.88275746588822,3.275466632162263,0.3871385274554072,0.5163934426229508,0.5320681068712565,0.0990101869129053,1.0,244,0,0,19,108,10,107,0.8811475409836066
lstm_cnn,fold_4,2025,123,Global-Numeric,20,1,9.88886530000309,0.5014941999979783,10737,234,50.46175619659871,39.87604698075443,5.217233384943464,0.0170228329271358,0.5555555555555556,0.5607456140350877,0.1326224439348282,1.0,234,0,0,43,77,27,87,0.7008547008547008
lstm_cnn,fold_4,2025,123,Global-Numeric-News,20,1,9.66985069999646,0.5063138000114122,11249,234,54.0856856413147,41.37962113670814,5.447205390374084,-0.1292325476555886,0.5512820512820513,0.5574561403508772,0.1308342725228874,1.0,234,0,0,38,82,23,91,0.7393162393162394
lstm_cnn,fold_4,2025,123,Regime-SHAP-Numeric,20,3,16.916336000009323,1.4921210999891628,23635,234,43.43813634657591,29.583245514121824,3.906066669819032,0.2716148611163789,0.4914529914529914,0.4980263157894737,-0.004596493497944,1.0,234,0,0,29,91,28,86,0.7564102564102564
lstm_cnn,fold_4,2025,123,Regime-SHAP-Numeric-News,20,3,17.001957800006494,1.515492999998969,25171,234,31.615623936277714,25.97800774189396,3.334855185194903,0.6141466971030578,0.5299145299145299,0.5392543859649123,0.1142116902405253,1.0,234,0,0,21,99,11,103,0.8632478632478633
lstm_cnn,fold_4,2025,2025,Global-Numeric,20,1,9.856148299993947,0.5236469999945257,10737,234,64.30056895955737,45.69547963618722,6.068318759003723,-0.5960567879963921,0.5213675213675214,0.5291666666666667,0.0733672096788422,1.0,234,0,0,27,93,19,95,0.8034188034188035
lstm_cnn,fold_4,2025,2025,Global-Numeric-News,20,1,9.324817400003669,0.4886384999990696,11249,234,52.12481974707728,39.758757282999845,5.202443633001698,-0.0488366152803398,0.5299145299145299,0.5368421052631579,0.0874146757476247,1.0,234,0,0,32,88,22,92,0.7692307692307693
lstm_cnn,fold_4,2025,2025,Regime-SHAP-Numeric,20,3,16.42558039999858,1.540964800005895,23635,234,26.000410220504943,21.567804781715584,2.7516834338365754,0.7390368967149772,0.5299145299145299,0.5368421052631579,0.0874146757476247,1.0,234,0,0,32,88,22,92,0.7692307692307693
lstm_cnn,fold_4,2025,2025,Regime-SHAP-Numeric-News,20,3,16.864492699984112,1.5482394000136992,25171,234,31.45626767480429,26.05552047766936,3.352431443034716,0.6180266253748432,0.5341880341880342,0.5414473684210527,0.1003597042797067,1.0,234,0,0,31,89,20,94,0.782051282051282
lstm_cnn,fold_4,2025,42,Global-Numeric,20,1,9.674515000006068,0.4995634000079008,10737,234,24.41047391628137,18.90419599631658,2.444287903537043,0.7699770704835807,0.5042735042735043,0.506578947368421,0.0133707046825174,1.0,234,0,0,50,70,46,68,0.5897435897435898
lstm_cnn,fold_4,2025,42,Global-Numeric-News,20,1,9.466224300005706,0.4914470000076107,11249,234,26.742277664232954,20.84467040385701,2.7021843581913814,0.7239323645102276,0.4957264957264957,0.4984649122807018,-0.0031417249127204,1.0,234,0,0,47,73,45,69,0.6068376068376068
lstm_cnn,fold_4,2025,42,Regime-SHAP-Numeric,20,3,17.437271300004795,1.5317158999969251,23635,234,31.42685785283677,25.844746938215355,3.2871507414694494,0.6187405382644767,0.5,0.5085526315789474,0.0229415733870561,1.0,234,0,0,21,99,18,96,0.8333333333333334
lstm_cnn,fold_4,2025,42,Regime-SHAP-Numeric-News,20,3,16.786889499999234,1.5414047000085702,25171,234,32.74642835869647,25.98061761515517,3.3162449387561903,0.5860512407835706,0.5512820512820513,0.5592105263157895,0.1501878522965276,1.0,234,0,0,30,90,15,99,0.8076923076923077
lstm_cnn,fold_4,2025,456,Global-Numeric,20,1,9.963576199996169,0.4832572000013897,10737,234,25.377034034442197,20.26822764346233,2.6245899369154264,0.7514003961199932,0.5598290598290598,0.5627192982456141,0.1286131928826069,1.0,234,0,0,54,66,37,77,0.6111111111111112
lstm_cnn,fold_4,2025,456,Global-Numeric-News,20,1,9.610985000006622,0.5163460999901872,11249,234,32.997829744991414,25.88907114255887,3.3606983075285486,0.5796708951599582,0.5598290598290598,0.5642543859649123,0.1367038145721369,1.0,234,0,0,47,73,30,84,0.6709401709401709
lstm_cnn,fold_4,2025,456,Regime-SHAP-Numeric,20,3,17.047832599986577,1.5614999999961583,23635,234,27.16585693943096,22.19172148257238,2.8513580884506418,0.7151176608787808,0.5299145299145299,0.5381578947368422,0.0993990401006585,1.0,234,0,0,26,94,16,98,0.8205128205128205
lstm_cnn,fold_4,2025,456,Regime-SHAP-Numeric-News,20,3,17.117265799999586,1.5135846000048332,25171,234,31.82036118459817,26.37254968106745,3.393844970325898,0.6091330788981966,0.5213675213675214,0.5298245614035088,0.0791983711063085,1.0,234,0,0,24,96,16,98,0.8290598290598291
lstm_cnn,fold_4,2025,789,Global-Numeric,20,1,9.52228639999521,0.5267138000053819,10737,234,70.84433958600296,53.48092257471929,7.03207921417376,-0.9374433835766098,0.5170940170940171,0.5267543859649123,0.081169356488386,1.0,234,0,0,18,102,11,103,0.8760683760683761
lstm_cnn,fold_4,2025,789,Global-Numeric-News,20,1,9.575058900009026,0.5198709000105737,11249,234,60.93001582492733,47.95583452048973,6.305071694044498,-0.4331158190618711,0.5128205128205128,0.5225877192982457,0.069571729631437,1.0,234,0,0,17,103,11,103,0.8803418803418803
lstm_cnn,fold_4,2025,789,Regime-SHAP-Numeric,20,3,18.185509500006447,1.6346310999942943,23635,234,29.94982701071101,23.40093611316038,3.0246539324684334,0.6537359976772741,0.5299145299145299,0.537061403508772,0.0891163807799007,1.0,234,0,0,31,89,21,93,0.7777777777777778
lstm_cnn,fold_4,2025,789,Regime-SHAP-Numeric-News,20,3,18.162521299993383,1.5408594000036828,25171,234,37.846028816831584,29.520429749369907,3.790411144526757,0.4470837683571296,0.5726495726495726,0.5782894736842106,0.1739201131026161,1.0,234,0,0,43,77,23,91,0.717948717948718
lstm_cnn_attention,fold_1,2022,123,Global-Numeric,20,1,7.969620899995789,0.7231111000000965,12865,241,36.99523510809876,29.797945702288644,3.033410967994763,-1.7629982607806705,0.5,0.4876677675497154,-0.0251645556129705,1.0,240,1,0,40,67,53,80,0.6125
lstm_cnn_attention,fold_1,2022,123,Global-Numeric-News,20,1,8.108734300010838,0.5664939999987837,13377,241,41.43832104239,32.124762190842524,3.2685776111269003,-2.4665169636471638,0.475,0.4742463635724826,-0.0512059112853377,1.0,240,1,0,50,57,69,64,0.5041666666666667
lstm_cnn_attention,fold_1,2022,123,Regime-SHAP-Numeric,20,3,16.73680620000232,1.66154890001053,30019,241,21.937762916258887,17.110568911094376,1.7520797410911797,0.0284308738178865,0.5458333333333333,0.5317616471084252,0.0655220672426935,1.0,240,1,0,43,64,45,88,0.6333333333333333
lstm_cnn_attention,fold_1,2022,123,Regime-SHAP-Numeric-News,20,3,16.505000799996196,1.7313887999771396,31555,241,24.5609728864198,19.748696046572984,2.021982542441479,-0.2178117488675948,0.55,0.5336940482046237,0.07042259518146,1.0,240,1,0,41,66,42,91,0.6541666666666667
lstm_cnn_attention,fold_1,2022,2025,Global-Numeric,20,1,8.702565500003402,0.633449600005406,12865,241,35.74623712783833,30.1883721631988,3.0721561949143625,-1.5795841050981414,0.4666666666666667,0.4639870704799381,-0.0716641954219098,1.0,240,1,0,47,60,68,65,0.5208333333333334
lstm_cnn_attention,fold_1,2022,2025,Global-Numeric-News,20,1,8.799257699996815,0.6744672999921022,13377,241,38.32476293031751,31.01708267206473,3.153335823267492,-1.965158972679008,0.4458333333333333,0.4561520623989881,-0.088977461941303,1.0,240,1,0,59,48,85,48,0.4
lstm_cnn_attention,fold_1,2022,2025,Regime-SHAP-Numeric,20,3,17.733467499987455,1.86354140000185,30019,241,25.929575684688253,20.62910185472597,2.109297629781295,-0.3573124984210654,0.5125,0.4943784695383317,-0.0118548834469894,1.0,240,1,0,35,72,45,88,0.6666666666666666
lstm_cnn_attention,fold_1,2022,2025,Regime-SHAP-Numeric-News,20,3,18.18893649999518,2.053362500009825,31555,241,25.27319913231232,19.602745920810445,2.000527687802548,-0.2894647274967448,0.5333333333333333,0.5186564542196613,0.0385808214302295,1.0,240,1,0,41,66,46,87,0.6375
lstm_cnn_attention,fold_1,2022,42,Global-Numeric,20,1,7.638975399997435,0.5608027999987826,12865,241,38.302715219312645,31.286145001822977,3.177524976860344,-1.9617483233518225,0.4625,0.4611411706837186,-0.0772709939441284,1.0,240,1,0,48,59,70,63,0.5083333333333333
lstm_cnn_attention,fold_1,2022,42,Global-Numeric-News,20,1,7.76042539998889,0.5797969000122976,13377,241,36.55978582108046,30.05585831459626,3.05442150980175,-1.6983377791116183,0.4875,0.4836975616611623,-0.032485254616047,1.0,240,1,0,48,59,64,69,0.5333333333333333
lstm_cnn_attention,fold_1,2022,42,Regime-SHAP-Numeric,20,3,16.759815799989155,1.721492099997704,30019,241,35.84563543999182,23.080095950394742,2.366242907346052,-1.5939499694106916,0.5375,0.5434263228163867,0.0867764577502244,1.0,240,1,0,64,43,68,65,0.45
lstm_cnn_attention,fold_1,2022,42,Regime-SHAP-Numeric-News,20,3,17.687836299999617,1.7820977999945171,31555,241,28.475625011111187,20.837201502679275,2.136290974992588,-0.6369505440757386,0.5708333333333333,0.5588855315859743,0.1204013991044139,1.0,240,1,0,48,59,44,89,0.6166666666666667
lstm_cnn_attention,fold_1,2022,456,Global-Numeric,20,1,7.9810804999870015,0.5913591999997152,12865,241,39.26419349531791,30.50400520907398,3.1022737994481155,-2.112306722414293,0.4916666666666666,0.489283957557445,-0.0213244679060317,1.0,240,1,0,50,57,65,68,0.5208333333333334
lstm_cnn_attention,fold_1,2022,456,Global-Numeric-News,20,1,100.18983180000214,0.9672610999987228,13377,241,38.00371067414724,29.3858124380735,2.986288026659871,-1.9156878994536453,0.45,0.4553439673951233,-0.0893120652097533,1.0,240,1,0,54,53,79,54,0.4458333333333333
lstm_cnn_attention,fold_1,2022,456,Regime-SHAP-Numeric,20,3,4467.636897199976,3.278436999986297,30019,241,30.07433809146817,24.42884874802407,2.4855496889211794,-0.8259176371458588,0.5375,0.5397723280163025,0.0791204739882367,1.0,240,1,0,60,47,64,69,0.4833333333333333
lstm_cnn_attention,fold_1,2022,456,Regime-SHAP-Numeric-News,20,3,16.823424300004262,1.6981556999962777,31555,241,29.877802218898683,23.61436375302397,2.4080936311984797,-0.8021308628544661,0.5541666666666667,0.5548099220012648,0.1089746901820512,1.0,240,1,0,60,47,60,73,0.5
lstm_cnn_attention,fold_1,2022,789,Global-Numeric,20,1,7.915406600004644,0.6261634999973467,12865,241,35.36538455466491,29.69462679989604,3.019953310241012,-1.5249093929598208,0.4791666666666667,0.4706977724685546,-0.0589262375532599,1.0,240,1,0,42,65,60,73,0.575
lstm_cnn_attention,fold_1,2022,789,Global-Numeric-News,20,1,7.883324599999469,0.608768100006273,13377,241,38.8999013617472,32.185613514565816,3.279585127700883,-2.054822835723576,0.5041666666666667,0.4886866699458927,-0.0234546294624957,1.0,240,1,0,37,70,49,84,0.6416666666666667
lstm_cnn_attention,fold_1,2022,789,Regime-SHAP-Numeric,20,3,19.28839250000601,2.331588800007012,30019,241,24.877502415361118,17.543594277577775,1.7978812534844986,-0.2494031092764794,0.5458333333333333,0.5482046237088047,0.0958951327843293,1.0,240,1,0,61,46,63,70,0.4833333333333333
lstm_cnn_attention,fold_1,2022,789,Regime-SHAP-Numeric-News,20,3,20.957191599998623,2.16867009998532,31555,241,22.510932210683546,17.922654508248407,1.824523269765261,-0.0230008357997038,0.5291666666666667,0.5349940271238844,0.0699266601288216,1.0,240,1,0,63,44,69,64,0.45
lstm_cnn_attention,fold_2,2023,123,Global-Numeric,20,1,12.947446399994078,0.8487946999957785,12865,243,28.1818516813351,23.191935335211284,2.5092728790343237,0.5988296647150335,0.512396694214876,0.5222724780701755,0.0472665000676392,1.0,242,1,0,45,83,35,79,0.6694214876033058
lstm_cnn_attention,fold_2,2023,123,Global-Numeric-News,20,1,11.589544599992225,0.7554017999937059,13377,243,27.76605725554113,22.77158244842363,2.457965993548031,0.6105800547827457,0.512396694214876,0.5179550438596492,0.0365156968205958,1.0,242,1,0,54,74,44,70,0.5950413223140496
lstm_cnn_attention,fold_2,2023,123,Regime-SHAP-Numeric,20,3,22.538825600000564,2.2034383000136586,30019,243,33.39945170987427,25.48330104282854,2.77515151961521,0.4365330645826945,0.5743801652892562,0.5659950657894737,0.1380192246156704,1.0,242,1,0,91,37,66,48,0.3512396694214876
lstm_cnn_attention,fold_2,2023,123,Regime-SHAP-Numeric-News,20,3,21.769544800015865,2.178113200003281,31555,243,37.99782263427581,30.229158072307285,3.2659065049620897,0.2706983702866287,0.5578512396694215,0.5436540570175439,0.1003708986579766,1.0,242,1,0,101,27,80,34,0.2520661157024793
lstm_cnn_attention,fold_2,2023,2025,Global-Numeric,20,1,11.123787100004847,0.6686757999996189,12865,243,29.48061924820529,24.60648623993366,2.655656867129005,0.5610015719778434,0.5330578512396694,0.5413240131578947,0.0859734632971824,1.0,242,1,0,51,77,36,78,0.640495867768595
lstm_cnn_attention,fold_2,2023,2025,Global-Numeric-News,20,1,10.319494099996518,0.686853199993493,13377,243,32.472281262941934,26.8585425908477,2.9041778718769127,0.4673825859999007,0.5165289256198347,0.5266584429824561,0.0567563997181097,1.0,242,1,0,45,83,34,80,0.6735537190082644
lstm_cnn_attention,fold_2,2023,2025,Regime-SHAP-Numeric,20,3,20.543312400011928,1.9559162000077777,30019,243,50.9711430744735,40.35247306649823,4.386930458709985,-0.3123162539516011,0.5661157024793388,0.5514665570175439,0.1196632989297215,1.0,242,1,0,103,25,80,34,0.2438016528925619
lstm_cnn_attention,fold_2,2023,2025,Regime-SHAP-Numeric-News,20,3,20.728516000017407,1.9654919000022344,31555,243,47.260584107887816,34.40530914019656,3.750996293457981,-0.128204769601806,0.5413223140495868,0.5265899122807017,0.0618233821367935,1.0,242,1,0,100,28,83,31,0.2438016528925619
lstm_cnn_attention,fold_2,2023,42,Global-Numeric,20,1,9.84011050000845,0.6366591999976663,12865,243,31.24467396523676,25.82029206121408,2.7829482124845093,0.506892331988706,0.5247933884297521,0.5320723684210527,0.0661011885401868,1.0,242,1,0,52,76,39,75,0.6239669421487604
lstm_cnn_attention,fold_2,2023,42,Global-Numeric-News,20,1,9.631573400009074,0.6126941000111401,13377,243,33.82983078777081,28.259709639142063,3.060485829439481,0.4219180454370804,0.4917355371900826,0.5037006578947368,0.0081140768269049,1.0,242,1,0,38,90,33,81,0.7066115702479339
lstm_cnn_attention,fold_2,2023,42,Regime-SHAP-Numeric,20,3,20.30820899999526,2.0225467000127537,30019,243,36.05303582761551,27.92022317050416,3.030755649833041,0.3434414793205528,0.5454545454545454,0.5304961622807017,0.0713197295892081,1.0,242,1,0,101,27,83,31,0.2396694214876033
lstm_cnn_attention,fold_2,2023,42,Regime-SHAP-Numeric-News,20,3,22.321847000013804,2.331704999975045,31555,243,39.98806142349172,29.00506018023431,3.1601494508352075,0.1922992936688057,0.5495867768595041,0.542077850877193,0.0871164636396873,1.0,242,1,0,86,42,67,47,0.3677685950413223
lstm_cnn_attention,fold_2,2023,456,Global-Numeric,20,1,11.617545700006303,0.6955882999900496,12865,243,26.381174537761787,21.673965500431283,2.34789661909092,0.6484573549868671,0.4917355371900826,0.5032209429824561,0.0070059278545735,1.0,242,1,0,39,89,34,80,0.6983471074380165
lstm_cnn_attention,fold_2,2023,456,Global-Numeric-News,20,1,10.798560700000962,0.6553616000019247,13377,243,26.80954405660033,21.716608900072146,2.3337140109428183,0.6369481803576489,0.5330578512396694,0.5370065789473684,0.0745437800862869,1.0,242,1,0,60,68,45,69,0.5661157024793388
lstm_cnn_attention,fold_2,2023,456,Regime-SHAP-Numeric,20,3,19.82689689999097,1.942983600005391,30019,243,39.29969251196375,29.720346638388587,3.256243205248334,0.2198680468475171,0.5330578512396694,0.532689144736842,0.0652777125881118,1.0,242,1,0,69,59,54,60,0.4917355371900826
lstm_cnn_attention,fold_2,2023,456,Regime-SHAP-Numeric-News,20,3,20.231042500017796,2.20379500000854,31555,243,36.341617636069856,29.72209680803517,3.233802604367199,0.3328887401027235,0.5206611570247934,0.524328399122807,0.0489529142740835,1.0,242,1,0,59,69,47,67,0.5619834710743802
lstm_cnn_attention,fold_2,2023,789,Global-Numeric,20,1,10.2317941999936,0.7013909999950556,12865,243,29.46174376374025,23.41330885893032,2.530986881552927,0.5615635449276932,0.5371900826446281,0.5442708333333333,0.0910469831465964,1.0,242,1,0,54,74,38,76,0.6198347107438017
lstm_cnn_attention,fold_2,2023,789,Global-Numeric-News,20,1,10.64845890000288,0.7397170000040205,13377,243,31.49840090825089,25.26392617594557,2.7286419941513347,0.4988511082311673,0.5289256198347108,0.5350191885964912,0.0714630324269476,1.0,242,1,0,55,73,41,73,0.6033057851239669
lstm_cnn_attention,fold_2,2023,789,Regime-SHAP-Numeric,20,3,20.91790490000858,2.023644200016861,30019,243,27.84547271654288,20.85712459860515,2.2487647372158657,0.6083492597625039,0.5454545454545454,0.5420093201754386,0.0845299618310231,1.0,242,1,0,77,51,59,55,0.4380165289256198
lstm_cnn_attention,fold_2,2023,789,Regime-SHAP-Numeric-News,20,3,21.463209100009408,2.3175871999992523,31555,243,28.710469899635047,21.07923526135492,2.277652147722488,0.5836386933747411,0.5619834710743802,0.5528371710526316,0.111444860698424,1.0,242,1,0,91,37,69,45,0.3388429752066115
lstm_cnn_attention,fold_3,2024,123,Global-Numeric,20,1,12.058958199995686,0.6632831000024453,12865,244,32.690751676059534,26.99156232556846,3.1975506917451253,0.4489128998114493,0.5573770491803278,0.5667272360185746,0.1493839326240343,1.0,244,0,0,43,84,24,93,0.7254098360655737
lstm_cnn_attention,fold_3,2024,123,Global-Numeric-News,20,1,11.627240100002382,0.6674225000024308,13377,244,32.440019039005165,26.21667979529646,3.096107828667503,0.4573339744680686,0.5655737704918032,0.5742647553671176,0.1633636077514722,1.0,244,0,0,46,81,25,92,0.7090163934426229
lstm_cnn_attention,fold_3,2024,123,Regime-SHAP-Numeric,20,3,22.123632999995607,2.0010309999925084,30019,244,22.211960321808306,17.058968390236124,1.995121637184932,0.7455841232253196,0.5409836065573771,0.548623729726092,0.1045368615974615,1.0,244,0,0,46,81,31,86,0.6844262295081968
lstm_cnn_attention,fold_3,2024,123,Regime-SHAP-Numeric-News,20,3,22.350813099983498,2.0031708999886177,31555,244,27.68040777686716,21.58056449137261,2.5396677754703973,0.6048923856936363,0.5327868852459017,0.548825627565785,0.1555109133490698,1.0,244,0,0,20,107,7,110,0.889344262295082
lstm_cnn_attention,fold_3,2024,2025,Global-Numeric,20,1,11.997588299986091,0.6741435000003548,12865,244,38.65663482731697,31.09035626866777,3.706092722300408,0.2294186010819011,0.569672131147541,0.5825762164344842,0.2109445241176208,1.0,244,0,0,34,93,12,105,0.8114754098360656
lstm_cnn_attention,fold_3,2024,2025,Global-Numeric-News,20,1,12.097042399997008,0.7179903999931412,13377,244,32.037291630578224,25.58018465075336,3.028439617222209,0.4707242198019929,0.5122950819672131,0.5217376674069587,0.0488940213378925,1.0,244,0,0,37,90,29,88,0.7295081967213115
lstm_cnn_attention,fold_3,2024,2025,Regime-SHAP-Numeric,20,3,23.9643858000054,2.2251098999840906,30019,244,34.79997678428859,27.212314481784063,3.2176640855513328,0.3755058990567322,0.5,0.5180025573726361,0.0748851355028366,1.0,244,0,0,10,117,5,112,0.9385245901639344
lstm_cnn_attention,fold_3,2024,2025,Regime-SHAP-Numeric-News,20,3,22.85027199999604,2.1441527000133647,31555,244,47.58016202495512,39.62378786529184,4.690874899024852,-0.167406924746019,0.5163934426229508,0.5310586176727908,0.0885318917741143,1.0,244,0,0,22,105,13,104,0.8565573770491803
lstm_cnn_attention,fold_3,2024,42,Global-Numeric,20,1,12.429900600007386,0.6824595000070985,12865,244,31.59560875116509,26.279331504130948,3.07239044311004,0.4852173674328186,0.5450819672131147,0.5515512484016422,0.1084087506841499,1.0,244,0,0,50,77,34,83,0.6557377049180327
lstm_cnn_attention,fold_3,2024,42,Global-Numeric-News,20,1,12.075326799997129,0.8291823000035947,13377,244,28.968941347507005,23.61655952425276,2.786729478691309,0.5672513907710293,0.5491803278688525,0.556834241873612,0.122188760718417,1.0,244,0,0,47,80,30,87,0.6844262295081968
lstm_cnn_attention,fold_3,2024,42,Regime-SHAP-Numeric,20,3,23.08803529999568,2.149600000004284,30019,244,42.19155664121837,35.89717798273825,4.227618279217752,0.0820447088237811,0.4877049180327868,0.5055185409516119,0.0222752015278301,1.0,244,0,0,9,118,7,110,0.9344262295081968
lstm_cnn_attention,fold_3,2024,42,Regime-SHAP-Numeric-News,20,3,21.86681819998193,2.1283658999891486,31555,244,32.49463754365768,25.05334531386611,2.93635092395561,0.4555050878350163,0.5409836065573771,0.549969715324046,0.1108633742238595,1.0,244,0,0,42,85,27,90,0.7172131147540983
lstm_cnn_attention,fold_3,2024,456,Global-Numeric,20,1,12.292305499999202,0.6651914999965811,12865,244,26.92635632441853,21.957229718341207,2.567439194222371,0.6261257032288533,0.5450819672131147,0.5481862844067569,0.0973570798591028,1.0,244,0,0,60,67,44,73,0.5737704918032787
lstm_cnn_attention,fold_3,2024,456,Global-Numeric-News,20,1,12.556196200006523,0.6536640999984229,13377,244,31.062153782555264,25.243737597905216,2.960378134599324,0.502453629110934,0.5040983606557377,0.5125176660609732,0.0274231713222329,1.0,244,0,0,39,88,33,84,0.7049180327868853
lstm_cnn_attention,fold_3,2024,456,Regime-SHAP-Numeric,20,3,22.122729499998968,2.3347354999859817,30019,244,27.39405718429183,21.857761637289983,2.5760362641314005,0.6130247870629358,0.5245901639344263,0.5372501514233797,0.0943780038407267,1.0,244,0,0,29,98,18,99,0.8073770491803278
lstm_cnn_attention,fold_3,2024,456,Regime-SHAP-Numeric-News,20,3,23.15452569999616,2.22735780000221,31555,244,33.86986761895477,28.94854838368344,3.410925391880711,0.4084418660814002,0.5,0.5143010969782623,0.0398389702133395,1.0,244,0,0,21,106,16,101,0.8483606557377049
lstm_cnn_attention,fold_3,2024,789,Global-Numeric,20,1,12.63663429999724,0.7187333000038052,12865,244,50.16674476901365,41.5233224537431,4.953966299311554,-0.2977835786722596,0.5409836065573771,0.5566996433138165,0.1750599842059238,1.0,244,0,0,22,105,7,110,0.8811475409836066
lstm_cnn_attention,fold_3,2024,789,Global-Numeric-News,20,1,11.776750800010632,0.6797339000040665,13377,244,51.79200067118664,43.67741798096991,5.193307564628839,-0.3832344836978569,0.5122950819672131,0.5311595665926375,0.1570392695860548,1.0,244,0,0,9,118,1,116,0.9590163934426228
lstm_cnn_attention,fold_3,2024,789,Regime-SHAP-Numeric,20,3,21.79096700000809,2.0583021999918856,30019,244,33.20580699440638,25.812368231772385,3.033554057850789,0.4314109254714474,0.5327868852459017,0.5471431455683424,0.1313279935738556,1.0,244,0,0,25,102,12,105,0.8483606557377049
lstm_cnn_attention,fold_3,2024,789,Regime-SHAP-Numeric-News,20,3,23.44661629998882,2.251872599998024,31555,244,42.20573729372344,35.425176000184685,4.1874517502129365,0.0814275525210536,0.5204918032786885,0.5353321219462952,0.1019401813439615,1.0,244,0,0,22,105,12,105,0.860655737704918
lstm_cnn_attention,fold_4,2025,123,Global-Numeric,20,1,14.081534400000235,0.6767214999999851,12865,234,41.86569629458872,31.239238522949368,4.124265905679132,0.3233947780608522,0.5555555555555556,0.5622807017543859,0.1459225892192053,1.0,234,0,0,36,84,20,94,0.7606837606837606
lstm_cnn_attention,fold_4,2025,123,Global-Numeric-News,20,1,13.997477099997925,0.7204518000071403,13377,234,42.63172577301351,32.48148402541875,4.273068974300554,0.2984081501347537,0.5341880341880342,0.5403508771929825,0.0918836112374476,1.0,234,0,0,36,84,25,89,0.7393162393162394
lstm_cnn_attention,fold_4,2025,123,Regime-SHAP-Numeric,20,3,24.309980999998515,2.029319499997655,30019,234,33.12312651524777,26.486454191135277,3.3628727431651297,0.5764727533996408,0.5384615384615384,0.5482456140350878,0.1485998108632635,1.0,234,0,0,20,100,8,106,0.8803418803418803
lstm_cnn_attention,fold_4,2025,123,Regime-SHAP-Numeric-News,20,3,26.297564699983923,2.2313878999848384,31555,234,36.88615616606964,30.10909962998877,3.840737009963213,0.4747748554686859,0.5213675213675214,0.531578947368421,0.1040531963428944,1.0,234,0,0,16,104,8,106,0.8974358974358975
lstm_cnn_attention,fold_4,2025,2025,Global-Numeric,20,1,13.345540900001652,0.690350100005162,12865,234,52.796212956706114,40.48514022376802,5.322278086232601,-0.0760296833073923,0.5384615384615384,0.5467105263157895,0.1216781352956337,1.0,234,0,0,27,93,15,99,0.8205128205128205
lstm_cnn_attention,fold_4,2025,2025,Global-Numeric-News,20,1,13.669834000000264,0.7393510999972932,13377,234,51.287558303688456,38.682560384660704,5.112571779191248,-0.0154130845411324,0.5384615384615384,0.5458333333333334,0.1117790911458458,1.0,234,0,0,31,89,19,95,0.7863247863247863
lstm_cnn_attention,fold_4,2025,2025,Regime-SHAP-Numeric,20,3,24.809657999998308,2.108162499993341,30019,234,30.369127871627292,25.049464006558942,3.2021494893892046,0.643972660897874,0.5427350427350427,0.55,0.1210688496072652,1.0,234,0,0,32,88,19,95,0.782051282051282
lstm_cnn_attention,fold_4,2025,2025,Regime-SHAP-Numeric-News,20,3,24.17917960000341,2.1220156000053976,31555,234,35.83550640535074,29.14883231802437,3.7457132514090143,0.5042693170923924,0.5470085470085471,0.5537280701754386,0.1258839237982581,1.0,234,0,0,35,85,21,93,0.7606837606837606
lstm_cnn_attention,fold_4,2025,42,Global-Numeric,20,1,14.122059100001934,0.6657756000058725,12865,234,55.82712362927516,42.35857893465165,5.5781107391219855,-0.2031207380275057,0.5170940170940171,0.5217105263157895,0.0465065584637159,1.0,234,0,0,41,79,34,80,0.6794871794871795
lstm_cnn_attention,fold_4,2025,42,Global-Numeric-News,20,1,13.352050000001327,0.6538669000001391,13377,234,73.49703831735185,56.06161043166095,7.393300303939256,-1.0852512283711673,0.5213675213675214,0.5278508771929824,0.0644824591909279,1.0,234,0,0,33,87,25,89,0.7521367521367521
lstm_cnn_attention,fold_4,2025,42,Regime-SHAP-Numeric,20,3,23.38843029999407,2.1089715999987675,30019,234,38.38785332242609,31.851215788825197,4.086397751926116,0.431138736628159,0.5256410256410257,0.5337719298245613,0.0871722009083198,1.0,234,0,0,26,94,17,97,0.8162393162393162
lstm_cnn_attention,fold_4,2025,42,Regime-SHAP-Numeric-News,20,3,24.06037640001159,2.063653899997007,31555,234,36.55005329477631,30.48560802092536,3.874879441078761,0.484302843052811,0.5213675213675214,0.5307017543859649,0.08932757895907,1.0,234,0,0,20,100,12,102,0.8632478632478633
lstm_cnn_attention,fold_4,2025,456,Global-Numeric,20,1,13.846930999992765,0.6665043999964837,12865,234,59.63665335934054,45.39550756560941,5.993689443181913,-0.3729200143803322,0.5470085470085471,0.5524122807017544,0.1153978193890954,1.0,234,0,0,41,79,27,87,0.7094017094017094
lstm_cnn_attention,fold_4,2025,456,Global-Numeric-News,20,1,14.407869100003154,0.6571852999913972,13377,234,57.12568297819521,43.17339279582358,5.704509253285689,-0.2597417383626927,0.5427350427350427,0.5484649122807017,0.1081684097058822,1.0,234,0,0,39,81,26,88,0.7222222222222222
lstm_cnn_attention,fold_4,2025,456,Regime-SHAP-Numeric,20,3,23.980720500010648,2.140608200003044,30019,234,28.32412303348441,23.18254296025276,2.9613177139615225,0.690306812226477,0.5256410256410257,0.5326754385964912,0.0780399976902888,1.0,234,0,0,31,89,22,92,0.7735042735042735
lstm_cnn_attention,fold_4,2025,456,Regime-SHAP-Numeric-News,20,3,24.489578500011703,2.1864111999893794,31555,234,28.474333439606387,23.334781818507057,2.9925451466559823,0.687013330470452,0.5256410256410257,0.5342105263157895,0.0917662935482247,1.0,234,0,0,24,96,15,99,0.8333333333333334
lstm_cnn_attention,fold_4,2025,789,Global-Numeric,20,1,13.36908720000065,0.6779399999941234,12865,234,80.73762725119036,60.47856440391039,7.989026197580884,-1.516347827081021,0.5256410256410257,0.5348684210526315,0.100149855580554,1.0,234,0,0,21,99,12,102,0.8589743589743589
lstm_cnn_attention,fold_4,2025,789,Global-Numeric-News,20,1,13.299944300000789,0.7006619000021601,13377,234,64.77064660023234,48.394571339055,6.3930441780760585,-0.6194784496307819,0.5384615384615384,0.5460526315789473,0.1140119583874781,1.0,234,0,0,30,90,18,96,0.7948717948717948
lstm_cnn_attention,fold_4,2025,789,Regime-SHAP-Numeric,20,3,24.36241019998852,2.118108200011193,30019,234,48.94517181345561,38.28155400752129,4.901706538141664,0.0752200128635279,0.5128205128205128,0.5203947368421052,0.050491010143026,1.0,234,0,0,27,93,21,93,0.7948717948717948
lstm_cnn_attention,fold_4,2025,789,Regime-SHAP-Numeric-News,20,3,24.094050600004262,2.068945499995607,31555,234,53.22545054693459,39.56108639895277,5.070793469675521,-0.093597228126167,0.5170940170940171,0.5256578947368421,0.0688247201611685,1.0,234,0,0,23,97,16,98,0.8333333333333334
