inner_fold,seed,anchor_split,strategy,anchor_index,source_index,anchor_date,source_date,source_partition,source_before_anchor,endpoint_gap_rows,regime_agreement,coverage_distance,same_year
inner_2021,789,train,matched,5,0,2019-01-15,2019-01-08,inner_train,True,5.0,True,2.4894806201076367,True
inner_2021,789,train,matched,6,0,2019-01-16,2019-01-08,inner_train,True,6.0,True,2.5955401920679613,True
inner_2021,789,train,matched,7,2,2019-01-17,2019-01-10,inner_train,True,5.0,True,0.5421890734632466,True
inner_2021,789,train,matched,8,2,2019-01-18,2019-01-10,inner_train,True,6.0,True,0.3346849260471174,True
inner_2021,789,train,matched,9,2,2019-01-21,2019-01-10,inner_train,True,7.0,True,0.45798314239161053,True
inner_2021,789,train,matched,10,1,2019-01-22,2019-01-09,inner_train,True,9.0,True,1.009765571620894,True
inner_2021,789,train,matched,11,5,2019-01-23,2019-01-15,inner_train,True,6.0,True,0.7200800629195334,True
inner_2021,789,train,matched,17,12,2019-01-31,2019-01-24,inner_train,True,5.0,True,0.7202063286739513,True
inner_2021,789,train,matched,18,12,2019-02-01,2019-01-24,inner_train,True,6.0,True,0.7296168603413373,True
inner_2021,789,train,matched,19,13,2019-02-04,2019-01-25,inner_train,True,6.0,True,0.07125610365078705,True
inner_2021,789,train,matched,20,14,2019-02-05,2019-01-28,inner_train,True,6.0,True,0.30294954458256873,True
inner_2021,789,train,matched,21,14,2019-02-06,2019-01-28,inner_train,True,7.0,True,0.07786218233604147,True
inner_2021,789,train,matched,22,17,2019-02-07,2019-01-31,inner_train,True,5.0,True,0.07991209969320279,True
inner_2021,789,train,matched,23,12,2019-02-08,2019-01-24,inner_train,True,11.0,True,0.36464311358790935,True
inner_2021,789,train,matched,24,13,2019-02-11,2019-01-25,inner_train,True,11.0,True,0.058268908123976004,True
inner_2021,789,train,matched,25,20,2019-02-12,2019-02-05,inner_train,True,5.0,True,0.23604695615011817,True
inner_2021,789,train,matched,26,13,2019-02-13,2019-01-25,inner_train,True,13.0,True,0.2665238469444349,True
inner_2021,789,train,matched,27,13,2019-02-14,2019-01-25,inner_train,True,14.0,True,0.22000383130954226,True
inner_2021,789,train,matched,28,5,2019-02-15,2019-01-15,inner_train,True,23.0,True,0.2102401464783017,True
inner_2021,789,train,matched,29,6,2019-02-18,2019-01-16,inner_train,True,23.0,True,0.32571271833476567,True
inner_2021,789,train,matched,30,6,2019-02-20,2019-01-16,inner_train,True,24.0,True,0.29062139852349533,True
inner_2021,789,train,matched,31,7,2019-02-21,2019-01-17,inner_train,True,24.0,True,0.1476359988060647,True
inner_2021,789,train,matched,32,23,2019-02-22,2019-02-08,inner_train,True,9.0,True,0.11247798342669046,True
inner_2021,789,train,matched,33,18,2019-02-25,2019-02-01,inner_train,True,15.0,True,0.13613217432458002,True
inner_2021,789,train,matched,34,25,2019-02-26,2019-02-12,inner_train,True,9.0,True,0.1779831551953568,True
inner_2021,789,train,matched,35,17,2019-02-27,2019-01-31,inner_train,True,18.0,True,0.16692347668283247,True
inner_2021,789,train,matched,36,28,2019-02-28,2019-02-15,inner_train,True,8.0,True,0.5205991355929704,True
inner_2021,789,train,matched,37,31,2019-03-01,2019-02-21,inner_train,True,6.0,True,0.3356882303090041,True
inner_2021,789,train,matched,43,38,2019-03-11,2019-03-04,inner_train,True,5.0,True,0.38014730012387465,True
inner_2021,789,train,matched,44,39,2019-03-12,2019-03-05,inner_train,True,5.0,True,0.13758566295256314,True
inner_2021,789,train,matched,45,28,2019-03-13,2019-02-15,inner_train,True,17.0,True,0.15415067982725805,True
inner_2021,789,train,matched,46,6,2019-03-14,2019-01-16,inner_train,True,40.0,True,0.1744403398860177,True
inner_2021,789,train,matched,47,31,2019-03-15,2019-02-21,inner_train,True,16.0,True,0.14660347419187536,True
inner_2021,789,train,matched,48,28,2019-03-18,2019-02-15,inner_train,True,20.0,True,0.13353139262452274,True
inner_2021,789,train,matched,49,28,2019-03-19,2019-02-15,inner_train,True,21.0,True,0.2743039465056052,True
inner_2021,789,train,matched,50,9,2019-03-20,2019-01-21,inner_train,True,41.0,True,0.2596456402284977,True
inner_2021,789,train,matched,51,8,2019-03-21,2019-01-18,inner_train,True,43.0,True,0.15206951362343357,True
inner_2021,789,train,matched,52,25,2019-03-22,2019-02-12,inner_train,True,27.0,True,0.10698521138482775,True
inner_2021,789,train,matched,53,9,2019-03-25,2019-01-21,inner_train,True,44.0,True,0.2424463035687383,True
inner_2021,789,train,matched,54,47,2019-03-26,2019-03-15,inner_train,True,7.0,True,0.2596456402284977,True
inner_2021,789,train,matched,55,6,2019-03-27,2019-01-16,inner_train,True,49.0,True,0.09105873094696681,True
inner_2021,789,train,matched,56,45,2019-03-28,2019-03-13,inner_train,True,11.0,True,0.22924733425222765,True
inner_2021,789,train,matched,57,45,2019-03-29,2019-03-13,inner_train,True,12.0,True,0.3530971225908486,True
inner_2021,789,train,matched,58,35,2019-04-01,2019-02-27,inner_train,True,23.0,True,0.17299022936506958,True
inner_2021,789,train,matched,59,21,2019-04-02,2019-02-06,inner_train,True,38.0,True,0.03226086221822122,True
inner_2021,789,train,matched,60,17,2019-04-03,2019-01-31,inner_train,True,43.0,True,0.04884313167388088,True
inner_2021,789,train,matched,61,20,2019-04-04,2019-02-05,inner_train,True,41.0,True,0.10673319946979865,True
inner_2021,789,train,matched,62,8,2019-04-05,2019-01-18,inner_train,True,54.0,True,0.15236336925316252,True
inner_2021,789,train,matched,63,26,2019-04-09,2019-02-13,inner_train,True,37.0,True,0.2633499717922505,True
inner_2021,789,train,matched,64,26,2019-04-10,2019-02-13,inner_train,True,38.0,True,0.5538851132264382,True
inner_2021,789,train,matched,65,26,2019-04-11,2019-02-13,inner_train,True,39.0,True,0.594707107746693,True
inner_2021,789,train,matched,66,52,2019-04-12,2019-03-22,inner_train,True,14.0,True,0.40817881397976086,True
inner_2021,789,train,matched,67,26,2019-04-17,2019-02-13,inner_train,True,41.0,True,0.38595229388458296,True
inner_2021,789,train,matched,68,12,2019-04-18,2019-01-24,inner_train,True,56.0,True,0.13895146009386172,True
inner_2021,789,train,matched,69,19,2019-04-19,2019-02-04,inner_train,True,50.0,True,0.15756842433791896,True
inner_2021,789,train,matched,70,52,2019-04-22,2019-03-22,inner_train,True,18.0,True,0.34136994765176354,True
inner_2021,789,train,matched,71,32,2019-04-23,2019-02-22,inner_train,True,39.0,True,0.37772835313656516,True
inner_2021,789,train,matched,72,13,2019-04-24,2019-01-25,inner_train,True,59.0,True,0.24219174628490414,True
inner_2021,789,train,matched,73,13,2019-04-25,2019-01-25,inner_train,True,60.0,True,0.14310084364067333,True
inner_2021,789,train,matched,74,69,2019-04-26,2019-04-19,inner_train,True,5.0,True,0.0,True
inner_2021,789,train,matched,75,55,2019-04-29,2019-03-27,inner_train,True,20.0,True,0.16277696072098458,True
inner_2021,789,train,matched,76,58,2019-04-30,2019-04-01,inner_train,True,18.0,True,0.11532904669481647,True
inner_2021,789,train,matched,77,14,2019-05-02,2019-01-28,inner_train,True,63.0,True,0.19782574332991976,True
inner_2021,789,train,matched,78,14,2019-05-03,2019-01-28,inner_train,True,64.0,True,0.27085087834481003,True
inner_2021,789,train,matched,79,36,2019-05-07,2019-02-28,inner_train,True,43.0,True,0.09266686090193321,True
inner_2021,789,train,matched,80,36,2019-05-08,2019-02-28,inner_train,True,44.0,True,0.14330490445150224,True
inner_2021,789,train,matched,81,42,2019-05-09,2019-03-08,inner_train,True,39.0,True,0.12070437906476839,True
inner_2021,789,train,matched,82,38,2019-05-10,2019-03-04,inner_train,True,44.0,True,0.4289293474431308,True
inner_2021,789,train,matched,83,39,2019-05-13,2019-03-05,inner_train,True,44.0,True,1.0453677741492968,True
inner_2021,789,train,matched,84,42,2019-05-14,2019-03-08,inner_train,True,42.0,True,1.257715925624217,True
inner_2021,789,train,matched,85,38,2019-05-15,2019-03-04,inner_train,True,47.0,True,1.5432899930793802,True
inner_2021,789,train,matched,86,39,2019-05-16,2019-03-05,inner_train,True,47.0,True,2.113842968397169,True
inner_2021,789,train,matched,87,38,2019-05-17,2019-03-04,inner_train,True,49.0,True,1.7075930443706566,True
inner_2021,789,train,matched,88,82,2019-05-21,2019-05-10,inner_train,True,6.0,True,1.0165920893563452,True
inner_2021,789,train,matched,89,84,2019-05-22,2019-05-14,inner_train,True,5.0,True,0.19308052619547578,True
inner_2021,789,train,matched,90,82,2019-05-23,2019-05-10,inner_train,True,8.0,True,0.36271725839469626,True
inner_2021,789,train,matched,91,38,2019-05-24,2019-03-04,inner_train,True,53.0,True,0.17356876568435986,True
inner_2021,789,train,matched,92,43,2019-05-27,2019-03-11,inner_train,True,49.0,True,0.3171292737780824,True
inner_2021,789,train,matched,93,42,2019-05-28,2019-03-08,inner_train,True,51.0,True,0.3438479303789781,True
inner_2021,789,train,matched,94,40,2019-05-29,2019-03-06,inner_train,True,54.0,True,0.4274440148269396,True
inner_2021,789,train,matched,95,44,2019-05-30,2019-03-12,inner_train,True,51.0,True,0.28686541254522524,True
inner_2021,789,train,matched,96,41,2019-05-31,2019-03-07,inner_train,True,55.0,True,0.3442148997839949,True
inner_2021,789,train,matched,97,28,2019-06-04,2019-02-15,inner_train,True,69.0,True,0.04082199452025481,True
inner_2021,789,train,matched,98,56,2019-06-05,2019-03-28,inner_train,True,42.0,True,0.08296278846362926,True
inner_2021,789,train,matched,99,13,2019-06-06,2019-01-25,inner_train,True,86.0,True,0.09531017980432477,True
inner_2021,789,train,matched,100,25,2019-06-07,2019-02-12,inner_train,True,75.0,True,0.022989518224698635,True
inner_2021,789,train,matched,101,23,2019-06-10,2019-02-08,inner_train,True,78.0,True,0.05756417566332894,True
inner_2021,789,train,matched,102,63,2019-06-11,2019-04-09,inner_train,True,39.0,True,0.1208647021937912,True
inner_2021,789,train,matched,103,68,2019-06-12,2019-04-18,inner_train,True,35.0,True,0.25417229355290294,True
inner_2021,789,train,matched,104,68,2019-06-13,2019-04-18,inner_train,True,36.0,True,0.04445176257083361,True
inner_2021,789,train,matched,105,25,2019-06-14,2019-02-12,inner_train,True,80.0,True,0.0970974903784203,True
inner_2021,789,train,matched,106,68,2019-06-17,2019-04-18,inner_train,True,38.0,True,0.23922968906583408,True
inner_2021,789,train,matched,107,73,2019-06-18,2019-04-25,inner_train,True,34.0,True,0.1383116157975124,True
inner_2021,789,train,matched,108,69,2019-06-19,2019-04-19,inner_train,True,39.0,True,0.03774032798284699,True
inner_2021,789,train,matched,109,69,2019-06-20,2019-04-19,inner_train,True,40.0,True,0.05678852295354142,True
inner_2021,789,train,matched,110,69,2019-06-21,2019-04-19,inner_train,True,41.0,True,0.057158413839948796,True
inner_2021,789,train,matched,111,20,2019-06-24,2019-02-05,inner_train,True,91.0,True,0.08999101832672496,True
inner_2021,789,train,matched,112,73,2019-06-25,2019-04-25,inner_train,True,39.0,True,0.11114924383407088,True
inner_2021,789,train,matched,113,73,2019-06-26,2019-04-25,inner_train,True,40.0,True,0.1383116157975124,True
inner_2021,789,train,matched,114,73,2019-06-27,2019-04-25,inner_train,True,41.0,True,0.07410797215372167,True
inner_2021,789,train,matched,115,74,2019-06-28,2019-04-26,inner_train,True,41.0,True,0.09579106464167575,True
inner_2021,789,train,matched,116,63,2019-07-01,2019-04-09,inner_train,True,53.0,True,0.1384604640841709,True
inner_2021,789,train,matched,117,100,2019-07-02,2019-06-07,inner_train,True,17.0,True,0.1464286337333478,True
inner_2021,789,train,matched,118,12,2019-07-03,2019-01-24,inner_train,True,106.0,True,0.13353139262452274,True
inner_2021,789,train,matched,119,65,2019-07-04,2019-04-11,inner_train,True,54.0,True,0.09097177820572666,True
inner_2021,789,train,matched,120,64,2019-07-05,2019-04-10,inner_train,True,56.0,True,0.12348105677102161,True
inner_2021,789,train,matched,121,12,2019-07-08,2019-01-24,inner_train,True,109.0,True,0.10821358464023279,True
inner_2021,789,train,matched,122,52,2019-07-09,2019-03-22,inner_train,True,70.0,True,0.08775074855750864,True
inner_2021,789,train,matched,123,23,2019-07-10,2019-02-08,inner_train,True,100.0,True,0.02197890671877545,True
inner_2021,789,train,matched,124,105,2019-07-11,2019-06-14,inner_train,True,19.0,True,0.06221023137798021,True
inner_2021,789,train,matched,125,115,2019-07-12,2019-06-28,inner_train,True,10.0,True,0.09954654579240607,True
inner_2021,789,train,matched,126,110,2019-07-15,2019-06-21,inner_train,True,16.0,True,0.10318423623523065,True
inner_2021,789,train,matched,127,97,2019-07-17,2019-06-04,inner_train,True,30.0,True,0.15106901328985023,True
inner_2021,789,train,matched,128,5,2019-07-18,2019-01-15,inner_train,True,123.0,True,0.03704127168034921,True
inner_2021,789,train,matched,129,7,2019-07-19,2019-01-17,inner_train,True,122.0,True,0.12861737782209337,True
inner_2021,789,train,matched,130,80,2019-07-22,2019-05-08,inner_train,True,50.0,True,0.12136085700426724,True
inner_2021,789,train,matched,131,75,2019-07-23,2019-04-29,inner_train,True,56.0,True,0.0822380982369717,True
inner_2021,789,train,matched,132,75,2019-07-24,2019-04-29,inner_train,True,57.0,True,0.1284472181551961,True
inner_2021,789,train,matched,133,36,2019-07-25,2019-02-28,inner_train,True,97.0,True,0.08654528516110327,True
inner_2021,789,train,matched,134,80,2019-07-26,2019-05-08,inner_train,True,54.0,True,0.16776027167513385,True
inner_2021,789,train,matched,135,92,2019-07-30,2019-05-27,inner_train,True,43.0,True,0.15906469462968742,True
inner_2021,789,train,matched,136,44,2019-07-31,2019-03-12,inner_train,True,92.0,True,0.0816780310142673,True
inner_2021,789,train,matched,137,41,2019-08-01,2019-03-07,inner_train,True,96.0,True,0.3207429347126691,True
inner_2021,789,train,matched,138,43,2019-08-02,2019-03-11,inner_train,True,95.0,True,0.3026077226684567,True
inner_2021,789,train,matched,139,41,2019-08-05,2019-03-07,inner_train,True,98.0,True,0.06453852113757108,True
inner_2021,789,train,matched,140,96,2019-08-06,2019-05-31,inner_train,True,44.0,True,0.25557882706736335,True
inner_2021,789,train,matched,141,43,2019-08-07,2019-03-11,inner_train,True,98.0,True,0.21622310846963577,True
inner_2021,789,train,matched,142,44,2019-08-08,2019-03-12,inner_train,True,98.0,True,0.18970166409157718,True
inner_2021,789,train,matched,143,40,2019-08-09,2019-03-06,inner_train,True,103.0,True,0.16223479822721742,True
inner_2021,789,train,matched,144,43,2019-08-13,2019-03-11,inner_train,True,101.0,True,0.052750565385529136,True
inner_2021,789,train,matched,145,90,2019-08-14,2019-05-23,inner_train,True,55.0,True,0.40923727402958887,True
inner_2021,789,train,matched,146,82,2019-08-15,2019-05-10,inner_train,True,64.0,True,0.3763926851943711,True
inner_2021,789,train,matched,147,83,2019-08-16,2019-05-13,inner_train,True,64.0,True,0.07050214862166637,True
inner_2021,789,train,matched,148,84,2019-08-19,2019-05-14,inner_train,True,64.0,True,0.3280101178387529,True
inner_2021,789,train,matched,149,90,2019-08-20,2019-05-23,inner_train,True,59.0,True,0.20834648392585287,True
inner_2021,789,train,matched,150,90,2019-08-21,2019-05-23,inner_train,True,60.0,True,0.36829866823289104,True
inner_2021,789,train,matched,151,81,2019-08-22,2019-05-09,inner_train,True,70.0,True,0.057158413839948796,True
inner_2021,789,train,matched,152,43,2019-08-23,2019-03-11,inner_train,True,109.0,True,0.1371092139724066,True
inner_2021,789,train,matched,153,96,2019-08-26,2019-05-31,inner_train,True,57.0,True,0.5612681475961221,True
inner_2021,789,train,matched,154,94,2019-08-27,2019-05-29,inner_train,True,60.0,True,0.5603426500751794,True
inner_2021,789,train,matched,155,95,2019-08-28,2019-05-30,inner_train,True,60.0,True,0.8514022032951898,True
inner_2021,789,train,matched,156,95,2019-08-29,2019-05-30,inner_train,True,61.0,True,0.5910122731314158,True
inner_2021,789,train,matched,157,2,2019-08-30,2019-01-10,inner_train,True,155.0,True,0.8289956055183585,True
inner_2021,789,train,matched,158,2,2019-09-02,2019-01-10,inner_train,True,156.0,True,0.22870942839165487,True
inner_2021,789,train,matched,159,7,2019-09-03,2019-01-17,inner_train,True,152.0,True,0.12861737782209381,True
inner_2021,789,train,matched,160,74,2019-09-04,2019-04-26,inner_train,True,86.0,True,0.05541583914156911,True
inner_2021,789,train,matched,161,114,2019-09-05,2019-06-27,inner_train,True,47.0,True,0.058268908123976004,True
inner_2021,789,train,matched,162,17,2019-09-06,2019-01-31,inner_train,True,145.0,True,0.01709443335930061,True
inner_2021,789,train,matched,163,17,2019-09-09,2019-01-31,inner_train,True,146.0,True,0.1333827489973447,True
inner_2021,789,train,matched,164,111,2019-09-10,2019-06-24,inner_train,True,53.0,True,0.10717704658422411,True
inner_2021,789,train,matched,165,70,2019-09-11,2019-04-22,inner_train,True,95.0,True,0.1261297935851009,True
inner_2021,789,train,matched,166,109,2019-09-12,2019-06-20,inner_train,True,57.0,True,0.12260232209233246,True
inner_2021,789,train,matched,167,73,2019-09-13,2019-04-25,inner_train,True,94.0,True,0.08004270767353638,True
inner_2021,789,train,matched,168,158,2019-09-16,2019-09-02,inner_train,True,10.0,True,0.32634789795557095,True
inner_2021,789,train,matched,169,8,2019-09-17,2019-01-18,inner_train,True,161.0,True,0.28768207245178123,True
inner_2021,789,train,matched,170,11,2019-09-18,2019-01-23,inner_train,True,159.0,True,0.2675164028571868,True
inner_2021,789,train,matched,171,157,2019-09-19,2019-08-30,inner_train,True,14.0,True,0.6443570163905132,True
inner_2021,789,train,matched,172,153,2019-09-20,2019-08-26,inner_train,True,19.0,True,0.6226170297541076,True
inner_2021,789,train,matched,173,94,2019-09-23,2019-05-29,inner_train,True,79.0,True,0.44546237407675715,True
inner_2021,789,train,matched,174,154,2019-09-24,2019-08-27,inner_train,True,20.0,True,0.24464975653517307,True
inner_2021,789,train,matched,175,154,2019-09-25,2019-08-27,inner_train,True,21.0,True,0.515164025364589,True
inner_2021,789,train,matched,176,91,2019-09-26,2019-05-24,inner_train,True,85.0,True,0.3496651384413041,True
inner_2021,789,train,matched,177,79,2019-09-27,2019-05-07,inner_train,True,98.0,True,0.15847851996076923,True
inner_2021,789,train,matched,178,132,2019-09-30,2019-07-24,inner_train,True,46.0,True,0.04800921918636014,True
inner_2021,789,train,matched,179,42,2019-10-01,2019-03-08,inner_train,True,137.0,True,0.27343004974457896,True
inner_2021,789,train,matched,180,91,2019-10-02,2019-05-24,inner_train,True,89.0,True,0.2659132277020584,True
inner_2021,789,train,matched,181,92,2019-10-03,2019-05-27,inner_train,True,89.0,True,0.07026919584655644,True
inner_2021,789,train,matched,182,93,2019-10-04,2019-05-28,inner_train,True,89.0,True,0.16153078712488078,True
inner_2021,789,train,matched,183,140,2019-10-07,2019-08-06,inner_train,True,43.0,True,0.1666313410508673,True
inner_2021,789,train,matched,184,139,2019-10-08,2019-08-05,inner_train,True,45.0,True,0.19311126421533498,True
inner_2021,789,train,matched,185,138,2019-10-09,2019-08-02,inner_train,True,47.0,True,0.1281751934239974,True
inner_2021,789,train,matched,186,138,2019-10-10,2019-08-02,inner_train,True,48.0,True,0.16739590657727899,True
inner_2021,789,train,matched,187,182,2019-10-11,2019-10-04,inner_train,True,5.0,True,0.058840500022933284,True
inner_2021,789,train,matched,188,28,2019-10-15,2019-02-15,inner_train,True,160.0,True,0.07765093423006642,True
inner_2021,789,train,matched,189,127,2019-10-16,2019-07-17,inner_train,True,62.0,True,0.09716374845364806,True
inner_2021,789,train,matched,190,4,2019-10-17,2019-01-14,inner_train,True,186.0,True,0.13062018241706408,True
inner_2021,789,train,matched,191,2,2019-10-18,2019-01-10,inner_train,True,189.0,True,0.2072032231706915,True
inner_2021,789,train,matched,192,97,2019-10-21,2019-06-04,inner_train,True,95.0,True,0.07410797215372167,True
inner_2021,789,train,matched,193,168,2019-10-22,2019-09-16,inner_train,True,25.0,True,0.09880058474409381,True
inner_2021,789,train,matched,194,9,2019-10-24,2019-01-21,inner_train,True,185.0,True,0.2231435513142097,True
inner_2021,789,train,matched,195,62,2019-10-25,2019-04-05,inner_train,True,133.0,True,0.25714534859169946,True
inner_2021,789,train,matched,196,185,2019-10-28,2019-10-09,inner_train,True,11.0,True,0.34937564145712097,True
inner_2021,789,train,matched,197,186,2019-10-29,2019-10-10,inner_train,True,11.0,True,0.3922198813581437,True
inner_2021,789,train,matched,198,183,2019-10-30,2019-10-07,inner_train,True,15.0,True,0.14613281950252643,True
inner_2021,789,train,matched,199,75,2019-10-31,2019-04-29,inner_train,True,124.0,True,0.0491404410264491,True
inner_2021,789,train,matched,200,79,2019-11-01,2019-05-07,inner_train,True,121.0,True,0.06252035698133351,True
inner_2021,789,train,matched,201,79,2019-11-04,2019-05-07,inner_train,True,122.0,True,0.3139676844583952,True
inner_2021,789,train,matched,202,134,2019-11-05,2019-07-26,inner_train,True,68.0,True,0.23770483643303075,True
inner_2021,789,train,matched,203,36,2019-11-06,2019-02-28,inner_train,True,167.0,True,0.35932395211030954,True
inner_2021,789,train,matched,204,35,2019-11-07,2019-02-27,inner_train,True,169.0,True,0.09522157052687552,True
inner_2021,789,train,matched,205,18,2019-11-08,2019-02-01,inner_train,True,187.0,True,0.07685900552561176,True
inner_2021,789,train,matched,206,22,2019-11-11,2019-02-07,inner_train,True,184.0,True,0.23445624794969655,True
inner_2021,789,train,matched,207,201,2019-11-12,2019-11-04,inner_train,True,6.0,True,0.2378342667242137,True
inner_2021,789,train,matched,208,202,2019-11-13,2019-11-05,inner_train,True,6.0,True,0.46488852857896434,True
inner_2021,789,train,matched,209,201,2019-11-14,2019-11-04,inner_train,True,8.0,True,0.7197664668352233,True
inner_2021,789,train,matched,210,203,2019-11-15,2019-11-06,inner_train,True,7.0,True,0.9581196267075143,True
inner_2021,789,train,matched,211,203,2019-11-18,2019-11-06,inner_train,True,8.0,True,0.9360933591703349,True
inner_2021,789,train,matched,212,202,2019-11-19,2019-11-05,inner_train,True,10.0,True,0.9264431033381721,True
inner_2021,789,train,matched,213,207,2019-11-20,2019-11-12,inner_train,True,6.0,True,0.4970954309540887,True
inner_2021,789,train,matched,214,207,2019-11-21,2019-11-12,inner_train,True,7.0,True,0.26396554583446497,True
inner_2021,789,train,matched,215,203,2019-11-22,2019-11-06,inner_train,True,12.0,True,0.10948423284168873,True
inner_2021,789,train,matched,216,57,2019-11-25,2019-03-29,inner_train,True,159.0,True,0.0,True
inner_2021,789,train,matched,217,98,2019-11-26,2019-06-05,inner_train,True,119.0,True,0.08686112531779733,True
inner_2021,789,train,matched,218,7,2019-11-27,2019-01-17,inner_train,True,211.0,True,0.054509405668372146,True
inner_2021,789,train,matched,219,158,2019-11-28,2019-09-02,inner_train,True,61.0,True,0.13150710043529212,True
inner_2021,789,train,matched,220,194,2019-11-29,2019-10-24,inner_train,True,26.0,True,0.16001579927965626,True
inner_2021,789,train,matched,221,196,2019-12-02,2019-10-28,inner_train,True,25.0,True,0.1541506798272585,True
inner_2021,789,train,matched,222,196,2019-12-03,2019-10-28,inner_train,True,26.0,True,0.1541506798272585,True
inner_2021,789,train,matched,223,138,2019-12-04,2019-08-02,inner_train,True,85.0,True,0.11332868530700324,True
inner_2021,789,train,matched,224,94,2019-12-06,2019-05-29,inner_train,True,130.0,True,0.08004270767353638,True
inner_2021,789,train,matched,225,94,2019-12-09,2019-05-29,inner_train,True,131.0,True,0.1856604580594694,True
inner_2021,789,train,matched,226,96,2019-12-11,2019-05-31,inner_train,True,130.0,True,0.12352781961327519,True
inner_2021,789,train,matched,227,95,2019-12-12,2019-05-30,inner_train,True,132.0,True,0.05942342047080107,True
inner_2021,789,train,matched,228,94,2019-12-13,2019-05-29,inner_train,True,134.0,True,0.20252426411147395,True
inner_2021,789,train,matched,229,223,2019-12-16,2019-12-04,inner_train,True,6.0,True,0.17435338714477755,True
inner_2021,789,train,matched,230,223,2019-12-17,2019-12-04,inner_train,True,7.0,True,0.14090545307723756,True
inner_2021,789,train,matched,231,44,2019-12-18,2019-03-12,inner_train,True,187.0,True,0.12169693497751988,True
inner_2021,789,train,matched,232,55,2019-12-19,2019-03-27,inner_train,True,177.0,True,0.0,True
inner_2021,789,train,matched,233,98,2019-12-20,2019-06-05,inner_train,True,135.0,True,0.06557104575176043,True
inner_2021,789,train,matched,234,132,2019-12-23,2019-07-24,inner_train,True,102.0,True,0.06318938341727298,True
inner_2021,789,train,matched,235,177,2019-12-24,2019-09-27,inner_train,True,58.0,True,0.02898753687325195,True
inner_2021,789,train,matched,236,189,2019-12-25,2019-10-16,inner_train,True,47.0,True,0.057943035300366486,True
inner_2021,789,train,matched,237,131,2019-12-26,2019-07-23,inner_train,True,106.0,True,0.06899287148695077,True
inner_2021,789,train,matched,238,75,2019-12-27,2019-04-29,inner_train,True,163.0,True,0.08304199270213042,True
inner_2021,789,train,matched,239,131,2019-12-30,2019-07-23,inner_train,True,108.0,True,0.05080832832566928,True
inner_2021,789,train,matched,240,130,2020-01-02,2019-07-22,inner_train,True,110.0,True,0.08784960000601849,False
inner_2021,789,train,matched,241,55,2020-01-03,2019-03-27,inner_train,True,186.0,True,0.052592450119170575,False
inner_2021,789,train,matched,242,219,2020-01-06,2019-11-28,inner_train,True,23.0,True,0.022989518224698635,False
inner_2021,789,train,matched,243,195,2020-01-07,2019-10-25,inner_train,True,48.0,True,0.07249550203815369,False
inner_2021,789,train,matched,244,190,2020-01-08,2019-10-17,inner_train,True,54.0,True,0.04255961441879608,False
inner_2021,789,train,matched,245,195,2020-01-09,2019-10-25,inner_train,True,50.0,True,0.1005872369051688,False
inner_2021,789,train,matched,246,9,2020-01-10,2019-01-21,inner_train,True,237.0,True,0.11236914581230284,False
inner_2021,789,train,matched,247,11,2020-01-13,2019-01-23,inner_train,True,236.0,True,0.18805223150293937,False
inner_2021,789,train,matched,248,220,2020-01-14,2019-11-29,inner_train,True,28.0,True,0.1450389994760024,False
inner_2021,789,train,matched,249,243,2020-01-15,2020-01-07,inner_train,True,6.0,True,0.04445176257083361,True
inner_2021,789,train,matched,250,244,2020-01-16,2020-01-08,inner_train,True,6.0,True,0.15933203856925582,True
inner_2021,789,train,matched,251,244,2020-01-17,2020-01-08,inner_train,True,7.0,True,0.23116986218843882,True
inner_2021,789,train,matched,252,247,2020-01-20,2020-01-13,inner_train,True,5.0,True,0.18910124377933357,True
inner_2021,789,train,matched,253,243,2020-01-21,2020-01-07,inner_train,True,10.0,True,0.0965304362095547,True
inner_2021,789,train,matched,254,243,2020-01-22,2020-01-07,inner_train,True,11.0,True,0.2266461818654122,True
inner_2021,789,train,matched,255,244,2020-01-23,2020-01-08,inner_train,True,11.0,True,0.15445265778516237,True
inner_2021,789,train,matched,256,244,2020-01-24,2020-01-08,inner_train,True,12.0,True,0.22778393087071214,True
inner_2021,789,train,matched,257,94,2020-01-27,2019-05-29,inner_train,True,163.0,True,0.22488117121275097,False
inner_2021,789,train,matched,258,226,2020-01-28,2019-12-11,inner_train,True,32.0,True,0.10536051565782634,False
inner_2021,789,train,matched,259,92,2020-01-29,2019-05-27,inner_train,True,167.0,True,0.17819216345194278,False
inner_2021,789,train,matched,260,94,2020-01-30,2019-05-29,inner_train,True,166.0,True,0.08515780834030684,False
inner_2021,789,train,matched,261,198,2020-01-31,2019-10-30,inner_train,True,63.0,True,0.15692974599752363,False
inner_2021,789,train,matched,262,227,2020-02-03,2019-12-12,inner_train,True,35.0,True,0.04082199452025481,False
inner_2021,789,train,matched,263,92,2020-02-04,2019-05-27,inner_train,True,171.0,True,0.07018263962253979,False
inner_2021,789,train,matched,264,135,2020-02-05,2019-07-30,inner_train,True,129.0,True,0.14286272005340672,False
inner_2021,789,train,matched,265,259,2020-02-06,2020-01-29,inner_train,True,6.0,True,0.0716418796585283,True
inner_2021,789,train,matched,266,260,2020-02-07,2020-01-30,inner_train,True,6.0,True,0.4563047848875734,True
inner_2021,789,train,matched,267,262,2020-02-11,2020-02-03,inner_train,True,5.0,True,0.361790044605502,True
inner_2021,789,train,matched,268,258,2020-02-12,2020-01-28,inner_train,True,10.0,True,0.5452270504833234,True
inner_2021,789,train,matched,269,262,2020-02-13,2020-02-03,inner_train,True,7.0,True,0.07410797215372211,True
inner_2021,789,train,matched,270,265,2020-02-14,2020-02-06,inner_train,True,5.0,True,0.05310982531394792,True
inner_2021,789,train,matched,271,265,2020-02-17,2020-02-06,inner_train,True,6.0,True,0.37477326745637907,True
inner_2021,789,train,matched,272,264,2020-02-18,2020-02-05,inner_train,True,8.0,True,0.45406722127027566,True
inner_2021,789,train,matched,273,262,2020-02-19,2020-02-03,inner_train,True,11.0,True,0.5900436028878651,True
inner_2021,789,train,matched,274,260,2020-02-20,2020-01-30,inner_train,True,14.0,True,0.5379857429739028,True
inner_2021,789,train,matched,275,268,2020-02-21,2020-02-12,inner_train,True,7.0,True,0.571510640689739,True
inner_2021,789,train,matched,276,258,2020-02-24,2020-01-28,inner_train,True,18.0,True,0.6910209737172957,True
inner_2021,789,train,matched,277,270,2020-02-25,2020-02-14,inner_train,True,7.0,True,0.20067069546215155,True
inner_2021,789,train,matched,278,263,2020-02-26,2020-02-04,inner_train,True,15.0,True,0.21741287660522435,True
inner_2021,789,train,matched,279,263,2020-02-27,2020-02-04,inner_train,True,16.0,True,0.34146552527520324,True
inner_2021,789,train,matched,280,273,2020-02-28,2020-02-19,inner_train,True,7.0,True,0.2680652387057214,True
inner_2021,789,train,matched,281,273,2020-03-02,2020-02-19,inner_train,True,8.0,True,0.27566158559765563,True
inner_2021,789,train,matched,282,272,2020-03-03,2020-02-18,inner_train,True,10.0,True,0.3254224004346282,True
inner_2021,789,train,matched,283,273,2020-03-04,2020-02-19,inner_train,True,10.0,True,0.5079228641080293,True
inner_2021,789,train,matched,284,274,2020-03-05,2020-02-20,inner_train,True,10.0,True,1.1279266763368851,True
inner_2021,789,train,matched,285,277,2020-03-06,2020-02-25,inner_train,True,8.0,True,0.7533603643948505,True
inner_2021,789,train,matched,286,270,2020-03-09,2020-02-14,inner_train,True,16.0,True,0.5415972824327446,True
inner_2021,789,train,matched,287,262,2020-03-10,2020-02-03,inner_train,True,25.0,True,0.395895657092014,True
inner_2021,789,train,matched,288,261,2020-03-11,2020-01-31,inner_train,True,27.0,True,0.4336827479171146,True
inner_2021,789,train,matched,289,260,2020-03-12,2020-01-30,inner_train,True,29.0,True,0.34604168763736354,True
inner_2021,789,train,matched,290,279,2020-03-13,2020-02-27,inner_train,True,11.0,True,0.22800334941245914,True
inner_2021,789,train,matched,291,264,2020-03-16,2020-02-05,inner_train,True,27.0,True,0.1493774010746005,True
inner_2021,789,train,matched,292,277,2020-03-17,2020-02-25,inner_train,True,15.0,True,0.19187794351417287,True
inner_2021,789,train,matched,293,270,2020-03-18,2020-02-14,inner_train,True,23.0,True,0.3612938897950273,True
inner_2021,789,train,matched,294,277,2020-03-19,2020-02-25,inner_train,True,17.0,True,0.14884562759756514,True
inner_2021,789,train,matched,295,277,2020-03-20,2020-02-25,inner_train,True,18.0,True,0.1808411716235203,True
inner_2021,789,train,matched,296,289,2020-03-23,2020-03-12,inner_train,True,7.0,True,0.3581683934050992,True
inner_2021,789,train,matched,297,284,2020-03-24,2020-03-05,inner_train,True,13.0,True,0.5603426500751794,True
inner_2021,789,train,matched,298,283,2020-03-25,2020-03-04,inner_train,True,15.0,True,0.8806885293457518,True
inner_2021,789,train,matched,299,283,2020-03-26,2020-03-04,inner_train,True,16.0,True,1.30736710253022,True
inner_2021,789,train,matched,300,284,2020-03-27,2020-03-05,inner_train,True,16.0,True,0.7328256643781215,True
inner_2021,789,train,matched,301,284,2020-03-30,2020-03-05,inner_train,True,17.0,True,0.6076625214241154,True
inner_2021,789,train,matched,302,285,2020-03-31,2020-03-06,inner_train,True,17.0,True,0.6266461818654121,True
inner_2021,789,train,matched,303,283,2020-04-01,2020-03-04,inner_train,True,20.0,True,0.03636764417087468,True
inner_2021,789,train,matched,304,286,2020-04-02,2020-03-09,inner_train,True,18.0,True,0.13208358579858004,True
inner_2021,789,train,matched,305,292,2020-04-03,2020-03-17,inner_train,True,13.0,True,0.1280659026119677,True
inner_2021,789,train,matched,306,244,2020-04-07,2020-01-08,inner_train,True,62.0,True,0.5863860290000273,True
inner_2021,789,train,matched,307,244,2020-04-08,2020-01-08,inner_train,True,63.0,True,0.44907391353559856,True
inner_2021,789,train,matched,308,240,2020-04-09,2020-01-02,inner_train,True,68.0,True,0.1926169606550543,True
inner_2021,789,train,matched,309,205,2020-04-10,2019-11-08,inner_train,True,104.0,True,0.12251359488407587,False
inner_2021,789,train,matched,310,19,2020-04-13,2019-02-04,inner_train,True,291.0,True,0.04000533461369926,False
inner_2021,789,train,matched,311,101,2020-04-14,2019-06-10,inner_train,True,210.0,True,0.09531017980432477,False
inner_2021,789,train,matched,312,34,2020-04-15,2019-02-26,inner_train,True,278.0,True,0.0,False
inner_2021,789,train,matched,313,241,2020-04-16,2020-01-03,inner_train,True,72.0,True,0.04000533461369926,True
inner_2021,789,train,matched,314,242,2020-04-17,2020-01-06,inner_train,True,72.0,True,0.1460006754653338,True
inner_2021,789,train,matched,315,105,2020-04-20,2019-06-14,inner_train,True,210.0,True,0.10357320508373036,False
inner_2021,789,train,matched,316,100,2020-04-21,2019-06-07,inner_train,True,216.0,True,0.059357162395573315,False
inner_2021,789,train,matched,317,118,2020-04-22,2019-07-03,inner_train,True,199.0,True,0.025317807984289953,False
inner_2021,789,train,matched,318,119,2020-04-23,2019-07-04,inner_train,True,199.0,True,0.7245866293872321,False
inner_2021,789,train,matched,319,119,2020-04-24,2019-07-04,inner_train,True,200.0,True,0.4444517625708335,False
inner_2021,789,train,matched,320,312,2020-04-27,2020-04-15,inner_train,True,8.0,True,1.0325225587435103,True
inner_2021,789,train,matched,321,311,2020-04-28,2020-04-14,inner_train,True,10.0,True,0.6946025152963546,True
inner_2021,789,train,matched,322,315,2020-04-29,2020-04-20,inner_train,True,7.0,True,0.5541506798272584,True
inner_2021,789,train,matched,323,312,2020-04-30,2020-04-15,inner_train,True,11.0,True,0.07430831273337635,True
inner_2021,789,train,matched,324,312,2020-05-05,2020-04-15,inner_train,True,12.0,True,0.09395056028828508,True
inner_2021,789,train,matched,325,241,2020-05-07,2020-01-03,inner_train,True,84.0,True,0.14621655215183837,True
inner_2021,789,train,matched,326,313,2020-05-08,2020-04-16,inner_train,True,13.0,True,0.08515780834030684,True
inner_2021,789,train,matched,327,306,2020-05-11,2020-04-07,inner_train,True,21.0,True,0.05505977718302768,True
inner_2021,789,train,matched,328,240,2020-05-12,2020-01-02,inner_train,True,88.0,True,0.26478030816509657,True
inner_2021,789,train,matched,329,306,2020-05-13,2020-04-07,inner_train,True,23.0,True,0.27247265378825203,True
inner_2021,789,train,matched,330,308,2020-05-14,2020-04-09,inner_train,True,22.0,True,0.5887199360851176,True
inner_2021,789,train,matched,331,241,2020-05-15,2020-01-03,inner_train,True,90.0,True,0.8999487762069562,True
inner_2021,789,train,matched,332,240,2020-05-18,2020-01-02,inner_train,True,92.0,True,0.9845957358072033,True
inner_2021,789,train,matched,333,328,2020-05-19,2020-05-12,inner_train,True,5.0,True,0.917255517284254,True
inner_2021,789,train,matched,334,324,2020-05-20,2020-05-05,inner_train,True,10.0,True,0.8742311134335501,True
inner_2021,789,train,matched,335,324,2020-05-21,2020-05-05,inner_train,True,11.0,True,0.7103149841823111,True
inner_2021,789,train,matched,336,331,2020-05-22,2020-05-15,inner_train,True,5.0,True,0.155835152054983,True
inner_2021,789,train,matched,337,306,2020-05-25,2020-04-07,inner_train,True,31.0,True,0.20629074690695104,True
inner_2021,789,train,matched,338,325,2020-05-26,2020-05-07,inner_train,True,13.0,True,0.0,True
inner_2021,789,train,matched,339,324,2020-05-27,2020-05-05,inner_train,True,15.0,True,0.2382423467135535,True
inner_2021,789,train,matched,340,310,2020-05-28,2020-04-13,inner_train,True,30.0,True,0.06252035698133396,True
inner_2021,789,train,matched,341,311,2020-05-29,2020-04-14,inner_train,True,30.0,True,0.1304014996155951,True
inner_2021,789,train,matched,342,309,2020-06-01,2020-04-10,inner_train,True,33.0,True,0.17886732192586718,True
inner_2021,789,train,matched,343,323,2020-06-02,2020-04-30,inner_train,True,20.0,True,0.13122989563624365,True
inner_2021,789,train,matched,344,316,2020-06-04,2020-04-21,inner_train,True,28.0,True,0.16430305129127598,True
inner_2021,789,train,matched,345,317,2020-06-05,2020-04-22,inner_train,True,28.0,True,0.0,True
inner_2021,789,train,matched,346,317,2020-06-08,2020-04-22,inner_train,True,29.0,True,0.18743665746072535,True
inner_2021,789,train,matched,347,315,2020-06-09,2020-04-20,inner_train,True,32.0,True,0.31449332990243795,True
inner_2021,789,train,matched,348,316,2020-06-10,2020-04-21,inner_train,True,32.0,True,0.19758902892474328,True
inner_2021,789,train,matched,349,311,2020-06-11,2020-04-14,inner_train,True,38.0,True,0.08638461419882093,True
inner_2021,789,train,matched,350,311,2020-06-12,2020-04-14,inner_train,True,39.0,True,0.10622221325530745,True
inner_2021,789,train,matched,351,326,2020-06-15,2020-05-08,inner_train,True,25.0,True,0.0,True
inner_2021,789,train,matched,352,339,2020-06-16,2020-05-27,inner_train,True,13.0,True,0.12991776812237665,True
inner_2021,789,train,matched,353,323,2020-06-17,2020-04-30,inner_train,True,30.0,True,0.021053409197832718,True
inner_2021,789,train,matched,354,324,2020-06-18,2020-05-05,inner_train,True,30.0,True,0.10252569159503322,True
inner_2021,789,train,matched,355,306,2020-06-19,2020-04-07,inner_train,True,49.0,True,0.13159985430536159,True
inner_2021,789,train,matched,356,351,2020-06-22,2020-06-15,inner_train,True,5.0,True,0.0909717782057271,True
inner_2021,789,train,matched,357,338,2020-06-23,2020-05-26,inner_train,True,19.0,True,0.1419251847529912,True
inner_2021,789,train,matched,358,338,2020-06-24,2020-05-26,inner_train,True,20.0,True,0.07244435506732172,True
inner_2021,789,train,matched,359,351,2020-06-25,2020-06-15,inner_train,True,8.0,True,0.07825219689974805,True
inner_2021,789,train,matched,360,351,2020-06-26,2020-06-15,inner_train,True,9.0,True,0.3142035168298394,True
inner_2021,789,train,matched,361,326,2020-06-29,2020-05-08,inner_train,True,35.0,True,0.14714204967278155,True
inner_2021,789,train,matched,362,326,2020-06-30,2020-05-08,inner_train,True,36.0,True,0.1335313926245223,True
inner_2021,789,train,matched,363,245,2020-07-01,2020-01-09,inner_train,True,118.0,True,0.18499178534983285,True
inner_2021,789,train,matched,364,350,2020-07-02,2020-06-12,inner_train,True,14.0,True,0.047628048989254435,True
inner_2021,789,train,matched,365,349,2020-07-03,2020-06-11,inner_train,True,16.0,True,0.02597548640326064,True
inner_2021,789,train,matched,366,246,2020-07-07,2020-01-10,inner_train,True,120.0,True,0.23061184592173545,True
inner_2021,789,train,matched,367,245,2020-07-08,2020-01-09,inner_train,True,122.0,True,0.20479441264601306,True
inner_2021,789,train,matched,368,362,2020-07-09,2020-06-30,inner_train,True,6.0,True,0.1576289442035832,True
inner_2021,789,train,matched,369,248,2020-07-10,2020-01-14,inner_train,True,121.0,True,0.05715841383994835,True
inner_2021,789,train,matched,370,314,2020-07-13,2020-04-17,inner_train,True,56.0,True,0.021053409197832718,True
inner_2021,789,train,matched,371,327,2020-07-14,2020-05-11,inner_train,True,44.0,True,0.2073951943460699,True
inner_2021,789,train,matched,372,240,2020-07-15,2020-01-02,inner_train,True,132.0,True,0.14114708202927906,True
inner_2021,789,train,matched,373,240,2020-07-16,2020-01-02,inner_train,True,133.0,True,0.10666090595810962,True
inner_2021,789,train,matched,374,328,2020-07-17,2020-05-12,inner_train,True,46.0,True,0.2933122018901728,True
inner_2021,789,train,matched,375,327,2020-07-20,2020-05-11,inner_train,True,48.0,True,0.14677057252963488,True
inner_2021,789,train,matched,376,356,2020-07-21,2020-06-22,inner_train,True,20.0,True,0.11847292875032123,True
inner_2021,789,train,matched,377,357,2020-07-22,2020-06-23,inner_train,True,20.0,True,0.07145896398214502,True
inner_2021,789,train,matched,378,357,2020-07-23,2020-06-23,inner_train,True,21.0,True,0.08055369388802758,True
inner_2021,789,train,matched,379,314,2020-07-24,2020-04-17,inner_train,True,65.0,True,0.150218311409537,True
inner_2021,789,train,matched,380,247,2020-07-29,2020-01-13,inner_train,True,133.0,True,0.04255961441879608,True
inner_2021,789,train,matched,381,287,2020-07-30,2020-03-10,inner_train,True,94.0,True,0.38776553100876354,True
inner_2021,789,train,matched,382,297,2020-07-31,2020-03-24,inner_train,True,85.0,True,0.25473791673242685,True
inner_2021,789,train,matched,383,287,2020-08-03,2020-03-10,inner_train,True,96.0,True,0.3418284358217383,True
inner_2021,789,train,matched,384,286,2020-08-04,2020-03-09,inner_train,True,98.0,True,0.38216954550464255,True
inner_2021,789,train,matched,385,296,2020-08-05,2020-03-23,inner_train,True,89.0,True,0.15159640002216168,True
inner_2021,789,train,matched,386,277,2020-08-06,2020-02-25,inner_train,True,109.0,True,0.14172815982870102,True
inner_2021,789,train,matched,387,291,2020-08-07,2020-03-16,inner_train,True,96.0,True,0.15968410543498202,True
inner_2021,789,train,matched,388,279,2020-08-10,2020-02-27,inner_train,True,109.0,True,0.0281708769666964,True
inner_2021,789,train,matched,389,308,2020-08-11,2020-04-09,inner_train,True,81.0,True,0.019418085857101808,True
inner_2021,789,train,matched,390,337,2020-08-13,2020-05-25,inner_train,True,53.0,True,0.16313277614308586,True
inner_2021,789,train,matched,391,361,2020-08-14,2020-06-29,inner_train,True,30.0,True,0.18402513471873805,True
inner_2021,789,train,matched,392,337,2020-08-17,2020-05-25,inner_train,True,55.0,True,0.21252129665758712,True
inner_2021,789,train,matched,393,325,2020-08-18,2020-05-07,inner_train,True,68.0,True,0.3409265869705931,True
inner_2021,789,train,matched,394,308,2020-08-19,2020-04-09,inner_train,True,86.0,True,0.2711170555770859,True
inner_2021,789,train,matched,395,278,2020-08-20,2020-02-26,inner_train,True,117.0,True,0.2350830107405062,True
inner_2021,789,train,matched,396,278,2020-08-21,2020-02-26,inner_train,True,118.0,True,0.2942718821308361,True
inner_2021,789,train,matched,397,387,2020-08-24,2020-08-07,inner_train,True,10.0,True,0.14156356432178674,True
inner_2021,789,train,matched,398,292,2020-08-25,2020-03-17,inner_train,True,106.0,True,0.14289183538408645,True
inner_2021,789,train,matched,399,379,2020-08-26,2020-07-24,inner_train,True,20.0,True,0.1118483001365691,True
inner_2021,789,train,matched,400,246,2020-08-27,2020-01-10,inner_train,True,154.0,True,0.2675953138850433,True
inner_2021,789,train,matched,401,245,2020-08-28,2020-01-09,inner_train,True,156.0,True,0.29783444391579916,True
inner_2021,789,train,matched,402,287,2020-08-31,2020-03-10,inner_train,True,115.0,True,0.0281708769666964,True
inner_2021,789,train,matched,403,397,2020-09-01,2020-08-24,inner_train,True,6.0,True,0.09806121317621486,True
inner_2021,789,train,matched,404,290,2020-09-02,2020-03-13,inner_train,True,114.0,True,0.12891244676822833,True
inner_2021,789,train,matched,405,264,2020-09-03,2020-02-05,inner_train,True,141.0,True,0.0727593542824283,True
inner_2021,789,train,matched,406,264,2020-09-08,2020-02-05,inner_train,True,142.0,True,0.08193026384943991,True
inner_2021,789,train,matched,407,387,2020-09-09,2020-08-07,inner_train,True,20.0,True,0.14178802892364173,True
inner_2021,789,train,matched,408,383,2020-09-10,2020-08-03,inner_train,True,25.0,True,0.22071144634559747,True
inner_2021,789,train,matched,409,260,2020-09-11,2020-01-30,inner_train,True,149.0,True,0.06102470183777431,True
inner_2021,789,train,matched,410,261,2020-09-14,2020-01-31,inner_train,True,149.0,True,0.13339924858732966,True
inner_2021,789,train,matched,411,258,2020-09-15,2020-01-28,inner_train,True,153.0,True,0.17039298592868102,True
inner_2021,789,train,matched,412,260,2020-09-16,2020-01-30,inner_train,True,152.0,True,0.17216918532993652,True
inner_2021,789,train,matched,413,261,2020-09-17,2020-01-31,inner_train,True,152.0,True,0.1529693447814271,True
inner_2021,789,train,matched,414,289,2020-09-18,2020-03-12,inner_train,True,125.0,True,0.14310084364067333,True
inner_2021,789,train,matched,415,398,2020-09-21,2020-08-25,inner_train,True,17.0,True,0.109199291964992,True
inner_2021,789,train,matched,416,386,2020-09-22,2020-08-06,inner_train,True,30.0,True,0.07696104113612856,True
inner_2021,789,train,matched,417,278,2020-09-23,2020-02-26,inner_train,True,139.0,True,0.018018505502678472,True
inner_2021,789,train,matched,418,291,2020-09-24,2020-03-16,inner_train,True,127.0,True,0.08086949564953061,True
inner_2021,789,train,matched,419,404,2020-09-25,2020-09-02,inner_train,True,15.0,True,0.03174869831458027,True
inner_2021,789,train,matched,420,290,2020-09-28,2020-03-13,inner_train,True,130.0,True,0.05942342047080107,True
inner_2021,789,train,matched,421,415,2020-09-29,2020-09-21,inner_train,True,6.0,True,0.0970974903784203,True
inner_2021,789,train,matched,422,293,2020-09-30,2020-03-18,inner_train,True,129.0,True,0.07724158539382486,True
inner_2021,789,train,matched,423,398,2020-10-01,2020-08-25,inner_train,True,25.0,True,0.09531017980432477,True
inner_2021,789,train,matched,424,289,2020-10-02,2020-03-12,inner_train,True,135.0,True,0.02597548640326064,True
inner_2021,789,train,matched,425,281,2020-10-05,2020-03-02,inner_train,True,144.0,True,0.06980953139350676,True
inner_2021,789,train,matched,426,284,2020-10-06,2020-03-05,inner_train,True,142.0,True,0.05129329438755059,True
inner_2021,789,train,matched,427,299,2020-10-07,2020-03-26,inner_train,True,128.0,True,0.3313571359544425,True
inner_2021,789,train,matched,428,301,2020-10-08,2020-03-30,inner_train,True,127.0,True,0.32682198078905156,True
inner_2021,789,train,matched,429,302,2020-10-09,2020-03-31,inner_train,True,127.0,True,0.7472144018302211,True
inner_2021,789,train,matched,430,369,2020-10-12,2020-07-10,inner_train,True,61.0,True,0.22090819991239075,True
inner_2021,789,train,matched,431,383,2020-10-14,2020-08-03,inner_train,True,48.0,True,0.18012616623051914,True
inner_2021,789,train,matched,432,410,2020-10-15,2020-09-14,inner_train,True,22.0,True,0.11488027599842221,True
inner_2021,789,train,matched,433,295,2020-10-16,2020-03-20,inner_train,True,138.0,True,0.11332868530700368,True
inner_2021,789,train,matched,434,413,2020-10-19,2020-09-17,inner_train,True,21.0,True,0.022472855852058604,True
inner_2021,789,train,matched,435,384,2020-10-20,2020-08-04,inner_train,True,51.0,True,0.15892395857991604,True
inner_2021,789,train,matched,436,296,2020-10-21,2020-03-23,inner_train,True,140.0,True,0.13406392126052058,True
inner_2021,789,train,matched,437,296,2020-10-22,2020-03-23,inner_train,True,141.0,True,0.07620046088541388,True
inner_2021,789,train,matched,438,402,2020-10-26,2020-08-31,inner_train,True,36.0,True,0.10821358464023279,True
inner_2021,789,train,matched,439,422,2020-10-27,2020-09-30,inner_train,True,17.0,True,0.11728908652310022,True
inner_2021,789,train,matched,440,279,2020-10-28,2020-02-27,inner_train,True,161.0,True,0.0727593542824283,True
inner_2021,789,train,matched,441,396,2020-10-29,2020-08-21,inner_train,True,45.0,True,0.15319328387093067,True
inner_2021,789,train,matched,442,388,2020-10-30,2020-08-10,inner_train,True,54.0,True,0.018692133012152556,True
inner_2021,789,train,matched,443,292,2020-11-02,2020-03-17,inner_train,True,151.0,True,0.09492759993611166,True
inner_2021,789,train,matched,444,386,2020-11-03,2020-08-06,inner_train,True,58.0,True,0.03509131981127034,True
inner_2021,789,train,matched,445,413,2020-11-04,2020-09-17,inner_train,True,32.0,True,0.06503247027085468,True
inner_2021,789,train,matched,446,242,2020-11-05,2020-01-06,inner_train,True,204.0,True,0.022472855852058604,True
inner_2021,789,train,matched,447,316,2020-11-06,2020-04-21,inner_train,True,131.0,True,0.10232561196267209,True
inner_2021,789,train,matched,448,341,2020-11-09,2020-05-29,inner_train,True,107.0,True,0.07954308238210439,True
inner_2021,789,train,matched,449,324,2020-11-10,2020-05-05,inner_train,True,125.0,True,0.09395056028828508,True
inner_2021,789,train,matched,450,324,2020-11-11,2020-05-05,inner_train,True,126.0,True,0.2895356411011041,True
inner_2021,789,train,matched,451,339,2020-11-12,2020-05-27,inner_train,True,112.0,True,0.46413850979333793,True
inner_2021,789,train,matched,452,334,2020-11-13,2020-05-20,inner_train,True,118.0,True,0.08382666092210966,True
inner_2021,789,train,matched,453,335,2020-11-16,2020-05-21,inner_train,True,118.0,True,0.5218286971103216,True
inner_2021,789,train,matched,454,335,2020-11-17,2020-05-21,inner_train,True,119.0,True,0.4910570384435671,True
inner_2021,789,train,matched,455,335,2020-11-18,2020-05-21,inner_train,True,120.0,True,0.31318983199899275,True
inner_2021,789,train,matched,456,450,2020-11-19,2020-11-11,inner_train,True,6.0,True,0.5521808094479046,True
inner_2021,789,train,matched,457,450,2020-11-20,2020-11-11,inner_train,True,7.0,True,0.2112209063573034,True
inner_2021,789,train,matched,458,349,2020-11-23,2020-06-11,inner_train,True,109.0,True,0.15950687902778338,True
inner_2021,789,train,matched,459,364,2020-11-24,2020-07-02,inner_train,True,95.0,True,0.13005312824819804,True
inner_2021,789,train,matched,460,310,2020-11-25,2020-04-13,inner_train,True,150.0,True,0.12136085700426724,True
inner_2021,789,train,matched,461,352,2020-11-26,2020-06-16,inner_train,True,109.0,True,0.04803573184394638,True
inner_2021,789,train,matched,462,324,2020-11-27,2020-05-05,inner_train,True,138.0,True,0.2382423467135535,True
inner_2021,789,train,matched,463,335,2020-11-30,2020-05-21,inner_train,True,128.0,True,0.14006593994551997,True
inner_2021,789,train,matched,464,339,2020-12-01,2020-05-27,inner_train,True,125.0,True,0.23669651771891287,True
inner_2021,789,train,matched,465,352,2020-12-02,2020-06-16,inner_train,True,113.0,True,0.08404731405627963,True
inner_2021,789,train,matched,466,339,2020-12-03,2020-05-27,inner_train,True,127.0,True,0.14759327928109922,True
inner_2021,789,train,matched,467,462,2020-12-04,2020-11-27,inner_train,True,5.0,True,0.1922175597510929,True
inner_2021,789,train,matched,468,352,2020-12-08,2020-06-16,inner_train,True,116.0,True,0.10724553035359774,True
inner_2021,789,train,matched,469,309,2020-12-09,2020-04-10,inner_train,True,160.0,True,0.07550755250814545,True
inner_2021,789,train,matched,470,309,2020-12-14,2020-04-10,inner_train,True,161.0,True,0.08004270767353683,True
inner_2021,789,train,matched,471,309,2020-12-15,2020-04-10,inner_train,True,162.0,True,0.08004270767353683,True
inner_2021,789,train,matched,472,350,2020-12-16,2020-06-12,inner_train,True,122.0,True,0.06899287148695166,True
inner_2021,789,train,matched,473,461,2020-12-17,2020-11-26,inner_train,True,12.0,True,0.08961215868968697,True
inner_2021,789,train,matched,474,467,2020-12-18,2020-12-04,inner_train,True,7.0,True,0.1272955925240815,True
inner_2021,789,train,matched,475,463,2020-12-21,2020-11-30,inner_train,True,12.0,True,0.10227884912041851,True
inner_2021,789,train,matched,476,330,2020-12-22,2020-05-14,inner_train,True,146.0,True,0.1250387725788693,True
inner_2021,789,train,matched,477,330,2020-12-23,2020-05-14,inner_train,True,147.0,True,0.10054687206914581,True
inner_2021,789,train,matched,478,330,2020-12-24,2020-05-14,inner_train,True,148.0,True,0.10204925435417067,True
inner_2021,789,train,matched,479,328,2020-12-25,2020-05-12,inner_train,True,151.0,True,0.1881763274982453,True
inner_2021,789,train,matched,480,327,2020-12-28,2020-05-11,inner_train,True,153.0,True,0.09352605801082392,True
inner_2021,789,train,matched,481,328,2020-12-29,2020-05-12,inner_train,True,153.0,True,0.04436782418156193,True
inner_2021,789,train,matched,482,328,2020-12-30,2020-05-12,inner_train,True,154.0,True,0.02666824708216131,True
inner_2021,789,train,random,5,0,2019-01-15,2019-01-08,inner_train,True,5.0,True,2.4894806201076367,True
inner_2021,789,train,random,6,1,2019-01-16,2019-01-09,inner_train,True,5.0,True,1.4799201556559574,True
inner_2021,789,train,random,7,0,2019-01-17,2019-01-08,inner_train,True,7.0,True,2.5231723595644837,True
inner_2021,789,train,random,8,0,2019-01-18,2019-01-08,inner_train,True,8.0,True,2.1710268889891022,True
inner_2021,789,train,random,9,1,2019-01-21,2019-01-09,inner_train,True,8.0,True,0.9679840376059388,True
inner_2021,789,train,random,10,5,2019-01-22,2019-01-15,inner_train,True,5.0,True,0.7287381256626482,True
inner_2021,789,train,random,11,4,2019-01-23,2019-01-14,inner_train,True,7.0,True,0.5670840825429484,True
inner_2021,789,train,random,17,9,2019-01-31,2019-01-21,inner_train,True,8.0,False,0.7491938655472032,True
inner_2021,789,train,random,18,2,2019-02-01,2019-01-10,inner_train,True,16.0,False,0.7469083574513982,True
inner_2021,789,train,random,19,6,2019-02-04,2019-01-16,inner_train,True,13.0,False,0.07125610365078705,True
inner_2021,789,train,random,20,0,2019-02-05,2019-01-08,inner_train,True,20.0,False,2.576491997097267,True
inner_2021,789,train,random,21,0,2019-02-06,2019-01-08,inner_train,True,21.0,False,2.8612852856431568,True
inner_2021,789,train,random,22,10,2019-02-07,2019-01-22,inner_train,True,12.0,False,1.0028672317097254,True
inner_2021,789,train,random,23,4,2019-02-08,2019-01-14,inner_train,True,19.0,False,0.28186810258636097,True
inner_2021,789,train,random,24,1,2019-02-11,2019-01-09,inner_train,True,23.0,False,1.4216512475319814,True
inner_2021,789,train,random,25,10,2019-02-12,2019-01-22,inner_train,True,15.0,False,0.5797025465021597,True
inner_2021,789,train,random,26,9,2019-02-13,2019-01-21,inner_train,True,17.0,False,0.35972909878548043,True
inner_2021,789,train,random,27,9,2019-02-14,2019-01-21,inner_train,True,18.0,False,0.40624911442037304,True
inner_2021,789,train,random,28,18,2019-02-15,2019-02-01,inner_train,True,10.0,False,0.30043522561585645,True
inner_2021,789,train,random,29,10,2019-02-18,2019-01-22,inner_train,True,19.0,True,0.5090849792882066,True
inner_2021,789,train,random,30,2,2019-02-20,2019-01-10,inner_train,True,28.0,True,0.4191916054217377,True
inner_2021,789,train,random,31,16,2019-02-21,2019-01-30,inner_train,True,15.0,False,0.3440564799795207,True
inner_2021,789,train,random,32,16,2019-02-22,2019-01-30,inner_train,True,16.0,True,0.24419696051204198,True
inner_2021,789,train,random,33,23,2019-02-25,2019-02-08,inner_train,True,10.0,True,0.22884157242884795,True
inner_2021,789,train,random,34,23,2019-02-26,2019-02-08,inner_train,True,11.0,True,0.1555102993432982,True
inner_2021,789,train,random,35,23,2019-02-27,2019-02-08,inner_train,True,12.0,True,0.48770320634513675,True
inner_2021,789,train,random,36,23,2019-02-28,2019-02-08,inner_train,True,13.0,False,0.585137656730542,True
inner_2021,789,train,random,37,14,2019-03-01,2019-01-28,inner_train,True,23.0,False,0.28589795065827905,True
inner_2021,789,train,random,43,24,2019-03-11,2019-02-11,inner_train,True,19.0,False,0.16989903679539742,True
inner_2021,789,train,random,44,25,2019-03-12,2019-02-12,inner_train,True,19.0,False,0.28116739143058744,True
inner_2021,789,train,random,45,17,2019-03-13,2019-01-31,inner_train,True,28.0,False,0.2003714107503729,True
inner_2021,789,train,random,46,2,2019-03-14,2019-01-10,inner_train,True,44.0,True,0.5056962117266881,True
inner_2021,789,train,random,47,36,2019-03-15,2019-02-28,inner_train,True,11.0,True,0.7191226669632056,True
inner_2021,789,train,random,48,41,2019-03-18,2019-03-07,inner_train,True,7.0,False,0.1576289442035832,True
inner_2021,789,train,random,49,22,2019-03-19,2019-02-07,inner_train,True,27.0,False,0.2818511521409879,True
inner_2021,789,train,random,50,13,2019-03-20,2019-01-25,inner_train,True,37.0,False,0.3666073055014176,True
inner_2021,789,train,random,51,24,2019-03-21,2019-02-11,inner_train,True,27.0,False,0.37009796427087327,True
inner_2021,789,train,random,52,43,2019-03-22,2019-03-11,inner_train,True,9.0,False,0.2629894598614091,True
inner_2021,789,train,random,53,42,2019-03-25,2019-03-08,inner_train,True,11.0,False,1.1050880273628838,True
inner_2021,789,train,random,54,31,2019-03-26,2019-02-21,inner_train,True,23.0,True,0.40624911442037304,True
inner_2021,789,train,random,55,33,2019-03-27,2019-02-25,inner_train,True,22.0,False,0.10334235150158877,True
inner_2021,789,train,random,56,33,2019-03-28,2019-02-25,inner_train,True,23.0,False,0.21909496278820928,True
inner_2021,789,train,random,57,10,2019-03-29,2019-01-22,inner_train,True,47.0,True,1.1739617259098964,True
inner_2021,789,train,random,58,0,2019-04-01,2019-01-08,inner_train,True,58.0,False,2.909294504829517,True
inner_2021,789,train,random,59,16,2019-04-02,2019-01-30,inner_train,True,43.0,True,0.17395330712343826,True
inner_2021,789,train,random,60,9,2019-04-03,2019-01-21,inner_train,True,51.0,False,0.7980369972210841,True
inner_2021,789,train,random,61,33,2019-04-04,2019-02-25,inner_train,True,28.0,True,0.2820860869476598,True
inner_2021,789,train,random,62,30,2019-04-05,2019-02-20,inner_train,True,32.0,True,0.23687004862778283,True
inner_2021,789,train,random,63,25,2019-04-09,2019-02-12,inner_train,True,38.0,True,0.2747786676158728,True
inner_2021,789,train,random,64,21,2019-04-10,2019-02-06,inner_train,True,43.0,True,1.0861540537460685,True
inner_2021,789,train,random,65,28,2019-04-11,2019-02-15,inner_train,True,37.0,False,0.6931471805599454,True
inner_2021,789,train,random,66,21,2019-04-12,2019-02-06,inner_train,True,45.0,True,1.0360042700605967,True
inner_2021,789,train,random,67,56,2019-04-17,2019-03-28,inner_train,True,11.0,False,0.8677903807773211,True
inner_2021,789,train,random,68,62,2019-04-18,2019-04-05,inner_train,True,6.0,False,0.1928418174681341,True
inner_2021,789,train,random,69,54,2019-04-19,2019-03-26,inner_train,True,15.0,False,0.5018442351013945,True
inner_2021,789,train,random,70,29,2019-04-22,2019-02-18,inner_train,True,41.0,False,0.3777375918226382,True
inner_2021,789,train,random,71,26,2019-04-23,2019-02-13,inner_train,True,45.0,True,0.45630478488757387,True
inner_2021,789,train,random,72,8,2019-04-24,2019-01-18,inner_train,True,64.0,False,0.34240697214102767,True
inner_2021,789,train,random,73,43,2019-04-25,2019-03-11,inner_train,True,30.0,False,0.37126878856004675,True
inner_2021,789,train,random,74,18,2019-04-26,2019-02-01,inner_train,True,56.0,True,0.25676016211319475,True
inner_2021,789,train,random,75,54,2019-04-29,2019-03-26,inner_train,True,21.0,True,0.7635508211499147,True
inner_2021,789,train,random,76,50,2019-04-30,2019-03-20,inner_train,True,26.0,False,0.7956906649577897,True
inner_2021,789,train,random,77,16,2019-05-02,2019-01-30,inner_train,True,61.0,True,0.3576744442718156,True
inner_2021,789,train,random,78,70,2019-05-03,2019-04-22,inner_train,True,8.0,True,0.9850514681025873,True
inner_2021,789,train,random,79,44,2019-05-07,2019-03-12,inner_train,True,35.0,False,0.36715900924742506,True
inner_2021,789,train,random,80,9,2019-05-08,2019-01-21,inner_train,True,71.0,True,0.835463402740201,True
inner_2021,789,train,random,81,41,2019-05-09,2019-03-07,inner_train,True,40.0,True,0.30786572470970475,True
inner_2021,789,train,random,82,16,2019-05-10,2019-01-30,inner_train,True,66.0,False,0.5859330962527958,True
inner_2021,789,train,random,83,4,2019-05-13,2019-01-14,inner_train,True,79.0,False,1.5135952039937766,True
inner_2021,789,train,random,84,47,2019-05-14,2019-03-15,inner_train,True,37.0,False,1.8607120091898648,True
inner_2021,789,train,random,85,25,2019-05-15,2019-02-12,inner_train,True,60.0,False,2.079441541679836,True
inner_2021,789,train,random,86,22,2019-05-16,2019-02-07,inner_train,True,64.0,False,2.0698260829803945,True
inner_2021,789,train,random,87,12,2019-05-17,2019-01-24,inner_train,True,75.0,False,2.5859148507069634,True
inner_2021,789,train,random,88,20,2019-05-21,2019-02-05,inner_train,True,68.0,False,1.7456260292498138,True
inner_2021,789,train,random,89,83,2019-05-22,2019-05-13,inner_train,True,6.0,True,0.2983669725517988,True
inner_2021,789,train,random,90,42,2019-05-23,2019-03-08,inner_train,True,48.0,True,0.8363142252532403,True
inner_2021,789,train,random,91,81,2019-05-24,2019-05-09,inner_train,True,10.0,True,0.12251359488407587,True
inner_2021,789,train,random,92,64,2019-05-27,2019-04-10,inner_train,True,28.0,False,0.8415671856782194,True
inner_2021,789,train,random,93,3,2019-05-28,2019-01-11,inner_train,True,90.0,False,0.3017866786333223,True
inner_2021,789,train,random,94,38,2019-05-29,2019-03-04,inner_train,True,56.0,True,0.6678293725756554,True
inner_2021,789,train,random,95,13,2019-05-30,2019-01-25,inner_train,True,82.0,False,0.2607931722354504,True
inner_2021,789,train,random,96,48,2019-05-31,2019-03-18,inner_train,True,48.0,False,0.22869277397607712,True
inner_2021,789,train,random,97,46,2019-06-04,2019-03-14,inner_train,True,51.0,True,0.18516430324899336,True
inner_2021,789,train,random,98,8,2019-06-05,2019-01-18,inner_train,True,90.0,True,0.556864754563533,True
inner_2021,789,train,random,99,72,2019-06-06,2019-04-24,inner_train,True,27.0,True,0.3375019260892289,True
inner_2021,789,train,random,100,72,2019-06-07,2019-04-24,inner_train,True,28.0,True,0.3441942827151232,True
inner_2021,789,train,random,101,85,2019-06-10,2019-05-15,inner_train,True,16.0,False,2.044350221868566,True
inner_2021,789,train,random,102,19,2019-06-11,2019-02-04,inner_train,True,83.0,True,0.5634180738851615,True
inner_2021,789,train,random,103,54,2019-06-12,2019-03-26,inner_train,True,49.0,False,0.25299651446389104,True
inner_2021,789,train,random,104,95,2019-06-13,2019-05-30,inner_train,True,9.0,False,0.4087357569762866,True
inner_2021,789,train,random,105,23,2019-06-14,2019-02-08,inner_train,True,82.0,True,0.11957034623047891,True
inner_2021,789,train,random,106,39,2019-06-17,2019-03-05,inner_train,True,67.0,False,0.5099001262450478,True
inner_2021,789,train,random,107,39,2019-06-18,2019-03-05,inner_train,True,68.0,False,0.40546510810816416,True
inner_2021,789,train,random,108,39,2019-06-19,2019-03-05,inner_train,True,69.0,False,0.36464311358790935,True
inner_2021,789,train,random,109,47,2019-06-20,2019-03-15,inner_train,True,62.0,False,0.4419050457907283,True
inner_2021,789,train,random,110,100,2019-06-21,2019-06-07,inner_train,True,10.0,True,0.244733489184485,True
inner_2021,789,train,random,111,103,2019-06-24,2019-06-12,inner_train,True,8.0,True,0.8823891801984742,True
inner_2021,789,train,random,112,103,2019-06-25,2019-06-12,inner_train,True,9.0,True,0.8472978603872039,True
inner_2021,789,train,random,113,68,2019-06-26,2019-04-18,inner_train,True,45.0,True,0.3436647072027177,True
inner_2021,789,train,random,114,101,2019-06-27,2019-06-10,inner_train,True,13.0,True,0.22119359944513128,True
inner_2021,789,train,random,115,96,2019-06-28,2019-05-31,inner_train,True,19.0,False,0.1157806685542897,True
inner_2021,789,train,random,116,93,2019-07-01,2019-05-28,inner_train,True,23.0,False,0.2839542023377666,True
inner_2021,789,train,random,117,36,2019-07-02,2019-02-28,inner_train,True,81.0,False,0.777028664540647,True
inner_2021,789,train,random,118,80,2019-07-03,2019-05-08,inner_train,True,38.0,False,0.6729444732424263,True
inner_2021,789,train,random,119,87,2019-07-04,2019-05-17,inner_train,True,32.0,False,2.7589086183357012,True
inner_2021,789,train,random,120,58,2019-07-05,2019-04-01,inner_train,True,62.0,True,1.010682216161407,True
inner_2021,789,train,random,121,10,2019-07-08,2019-01-22,inner_train,True,111.0,False,0.3457458734065417,True
inner_2021,789,train,random,122,37,2019-07-09,2019-03-01,inner_train,True,85.0,False,0.5655155100626108,True
inner_2021,789,train,random,123,66,2019-07-10,2019-04-12,inner_train,True,57.0,True,0.5596157879354227,True
inner_2021,789,train,random,124,78,2019-07-11,2019-05-03,inner_train,True,46.0,True,0.9231760643845002,True
inner_2021,789,train,random,125,41,2019-07-12,2019-03-07,inner_train,True,84.0,False,0.28496836658018454,True
inner_2021,789,train,random,126,10,2019-07-15,2019-01-22,inner_train,True,116.0,False,0.5500463369192721,True
inner_2021,789,train,random,127,73,2019-07-17,2019-04-25,inner_train,True,54.0,False,0.018692133012152556,True
inner_2021,789,train,random,128,110,2019-07-18,2019-06-21,inner_train,True,18.0,False,0.03846628082779624,True
inner_2021,789,train,random,129,30,2019-07-19,2019-02-20,inner_train,True,99.0,True,0.34687094384211115,True
inner_2021,789,train,random,130,102,2019-07-22,2019-06-11,inner_train,True,28.0,False,0.6569441318959854,True
inner_2021,789,train,random,131,69,2019-07-23,2019-04-19,inner_train,True,62.0,False,0.17946848781154845,True
inner_2021,789,train,random,132,107,2019-07-24,2019-06-18,inner_train,True,25.0,False,0.5471575530133812,True
inner_2021,789,train,random,133,92,2019-07-25,2019-05-27,inner_train,True,41.0,False,0.312614954144701,True
inner_2021,789,train,random,134,45,2019-07-26,2019-03-13,inner_train,True,89.0,True,0.390903822989344,True
inner_2021,789,train,random,135,7,2019-07-30,2019-01-17,inner_train,True,128.0,False,0.25259075264051134,True
inner_2021,789,train,random,136,90,2019-07-31,2019-05-23,inner_train,True,46.0,True,1.128308794021963,True
inner_2021,789,train,random,137,16,2019-08-01,2019-01-30,inner_train,True,121.0,False,0.6369769090928905,True
inner_2021,789,train,random,138,55,2019-08-02,2019-03-27,inner_train,True,83.0,False,0.37621954001170277,True
inner_2021,789,train,random,139,50,2019-08-05,2019-03-20,inner_train,True,89.0,False,0.10988745865360361,True
inner_2021,789,train,random,140,123,2019-08-06,2019-07-10,inner_train,True,17.0,False,0.15996464969267832,True
inner_2021,789,train,random,141,124,2019-08-07,2019-07-11,inner_train,True,17.0,False,0.24373018492259835,True
inner_2021,789,train,random,142,32,2019-08-08,2019-02-22,inner_train,True,110.0,False,0.04348511193973881,True
inner_2021,789,train,random,143,68,2019-08-09,2019-04-18,inner_train,True,75.0,False,0.5035134081446135,True
inner_2021,789,train,random,144,56,2019-08-13,2019-03-28,inner_train,True,88.0,False,0.26165457720700536,True
inner_2021,789,train,random,145,5,2019-08-14,2019-01-15,inner_train,True,140.0,False,0.7695253012482057,True
inner_2021,789,train,random,146,106,2019-08-15,2019-06-17,inner_train,True,40.0,False,1.4722259076922146,True
inner_2021,789,train,random,147,33,2019-08-16,2019-02-25,inner_train,True,114.0,False,1.2437032942808477,True
inner_2021,789,train,random,148,79,2019-08-19,2019-05-07,inner_train,True,69.0,False,0.7728633362924944,True
inner_2021,789,train,random,149,0,2019-08-20,2019-01-08,inner_train,True,149.0,False,3.564268217800719,True
inner_2021,789,train,random,150,93,2019-08-21,2019-05-28,inner_train,True,57.0,True,0.8118634873993273,True
inner_2021,789,train,random,151,63,2019-08-22,2019-04-09,inner_train,True,88.0,False,0.702716631576096,True
inner_2021,789,train,random,152,8,2019-08-23,2019-01-18,inner_train,True,144.0,False,0.39903421777787385,True
inner_2021,789,train,random,153,124,2019-08-26,2019-07-11,inner_train,True,29.0,False,0.5345308929576063,True
inner_2021,789,train,random,154,62,2019-08-27,2019-04-05,inner_train,True,92.0,False,0.5148802759984221,True
inner_2021,789,train,random,155,52,2019-08-28,2019-03-22,inner_train,True,103.0,False,0.7501150130249998,True
inner_2021,789,train,random,156,134,2019-08-29,2019-07-26,inner_train,True,22.0,False,1.2287761740522858,True
inner_2021,789,train,random,157,150,2019-08-30,2019-08-21,inner_train,True,7.0,False,2.147956846569662,True
inner_2021,789,train,random,158,138,2019-09-02,2019-08-02,inner_train,True,20.0,False,0.4092717362297269,True
inner_2021,789,train,random,159,47,2019-09-03,2019-03-15,inner_train,True,112.0,True,0.4228568508200339,True
inner_2021,789,train,random,160,18,2019-09-04,2019-02-01,inner_train,True,142.0,True,0.20134432297162563,True
inner_2021,789,train,random,161,73,2019-09-05,2019-04-25,inner_train,True,88.0,True,0.13237688027769767,True
inner_2021,789,train,random,162,145,2019-09-06,2019-08-14,inner_train,True,17.0,False,0.5234303761112931,True
inner_2021,789,train,random,163,133,2019-09-09,2019-07-25,inner_train,True,30.0,False,0.27641190548074146,True
inner_2021,789,train,random,164,131,2019-09-10,2019-07-23,inner_train,True,33.0,False,0.12306009275722696,True
inner_2021,789,train,random,165,67,2019-09-11,2019-04-17,inner_train,True,98.0,True,0.3483066942682158,True
inner_2021,789,train,random,166,142,2019-09-12,2019-08-08,inner_train,True,24.0,False,0.4293325895148081,True
inner_2021,789,train,random,167,76,2019-09-13,2019-04-30,inner_train,True,91.0,True,0.6522269107705818,True
inner_2021,789,train,random,168,77,2019-09-16,2019-05-02,inner_train,True,91.0,False,1.1939224684724343,True
inner_2021,789,train,random,169,89,2019-09-17,2019-05-22,inner_train,True,80.0,False,2.1799827709017143,True
inner_2021,789,train,random,170,122,2019-09-18,2019-07-09,inner_train,True,48.0,False,0.5760218233225327,True
inner_2021,789,train,random,171,161,2019-09-19,2019-09-05,inner_train,True,10.0,False,1.9606477482646683,True
inner_2021,789,train,random,172,99,2019-09-20,2019-06-06,inner_train,True,73.0,False,1.5424405126372913,True
inner_2021,789,train,random,173,147,2019-09-23,2019-08-16,inner_train,True,26.0,True,2.072157920613711,True
inner_2021,789,train,random,174,94,2019-09-24,2019-05-29,inner_train,True,80.0,True,0.48430710645999353,True
inner_2021,789,train,random,175,105,2019-09-25,2019-06-14,inner_train,True,70.0,False,0.7202410416926304,True
inner_2021,789,train,random,176,30,2019-09-26,2019-02-20,inner_train,True,146.0,False,0.8205094571018332,True
inner_2021,789,train,random,177,114,2019-09-27,2019-06-27,inner_train,True,63.0,False,0.3982513707844726,True
inner_2021,789,train,random,178,28,2019-09-30,2019-02-15,inner_train,True,150.0,True,0.4818380868927381,True
inner_2021,789,train,random,179,28,2019-10-01,2019-02-15,inner_train,True,151.0,False,0.5697681593994401,True
inner_2021,789,train,random,180,138,2019-10-02,2019-08-02,inner_train,True,42.0,True,0.8478347731517801,True
inner_2021,789,train,random,181,70,2019-10-03,2019-04-22,inner_train,True,111.0,False,0.4489913731580555,True
inner_2021,789,train,random,182,120,2019-10-04,2019-07-05,inner_train,True,62.0,False,0.42793796396022277,True
inner_2021,789,train,random,183,23,2019-10-07,2019-02-08,inner_train,True,160.0,False,0.11957034623047891,True
inner_2021,789,train,random,184,29,2019-10-08,2019-02-18,inner_train,True,155.0,False,0.12411839272838332,True
inner_2021,789,train,random,185,15,2019-10-09,2019-01-29,inner_train,True,170.0,False,1.0177976782159917,True
inner_2021,789,train,random,186,95,2019-10-10,2019-05-30,inner_train,True,91.0,True,0.30830135965451655,True
inner_2021,789,train,random,187,172,2019-10-11,2019-09-20,inner_train,True,15.0,True,1.192035181712154,True
inner_2021,789,train,random,188,85,2019-10-15,2019-05-15,inner_train,True,103.0,False,1.9998984592977318,True
inner_2021,789,train,random,189,172,2019-10-16,2019-09-20,inner_train,True,17.0,False,1.2255578737507977,True
inner_2021,789,train,random,190,88,2019-10-17,2019-05-21,inner_train,True,102.0,False,2.2013727978706847,True
inner_2021,789,train,random,191,52,2019-10-18,2019-03-22,inner_train,True,139.0,False,0.27541197985996657,True
inner_2021,789,train,random,192,121,2019-10-21,2019-07-08,inner_train,True,71.0,False,0.28768207245178123,True
inner_2021,789,train,random,193,180,2019-10-22,2019-10-02,inner_train,True,13.0,False,1.0595309386256386,True
inner_2021,789,train,random,194,40,2019-10-24,2019-03-06,inner_train,True,154.0,False,0.8900675367750526,True
inner_2021,789,train,random,195,15,2019-10-25,2019-01-29,inner_train,True,180.0,False,1.177304557243775,True
inner_2021,789,train,random,196,71,2019-10-28,2019-04-23,inner_train,True,125.0,False,0.4234836136108431,True
inner_2021,789,train,random,197,75,2019-10-29,2019-04-29,inner_train,True,122.0,False,1.09861228866811,True
inner_2021,789,train,random,198,36,2019-10-30,2019-02-28,inner_train,True,162.0,False,0.8508408224635473,True
inner_2021,789,train,random,199,31,2019-10-31,2019-02-21,inner_train,True,168.0,True,0.3429447511268302,True
inner_2021,789,train,random,200,46,2019-11-01,2019-03-14,inner_train,True,154.0,True,0.5646123007785695,True
inner_2021,789,train,random,201,116,2019-11-04,2019-07-01,inner_train,True,85.0,False,1.0986122886681096,True
inner_2021,789,train,random,202,109,2019-11-05,2019-06-20,inner_train,True,93.0,False,0.7577764087591237,True
inner_2021,789,train,random,203,101,2019-11-06,2019-06-10,inner_train,True,102.0,False,0.9318431448816398,True
inner_2021,789,train,random,204,121,2019-11-07,2019-07-08,inner_train,True,83.0,True,0.8393543058196888,True
inner_2021,789,train,random,205,102,2019-11-08,2019-06-11,inner_train,True,103.0,True,0.7783049889002527,True
inner_2021,789,train,random,206,114,2019-11-11,2019-06-27,inner_train,True,92.0,True,0.4715186535234013,True
inner_2021,789,train,random,207,77,2019-11-12,2019-05-02,inner_train,True,130.0,False,0.20763936477824485,True
inner_2021,789,train,random,208,14,2019-11-13,2019-01-28,inner_train,True,194.0,False,0.7956627440855404,True
inner_2021,789,train,random,209,35,2019-11-14,2019-02-27,inner_train,True,174.0,False,1.1718844897744356,True
inner_2021,789,train,random,210,143,2019-11-15,2019-08-09,inner_train,True,67.0,False,1.7915226987759016,True
inner_2021,789,train,random,211,138,2019-11-18,2019-08-02,inner_train,True,73.0,False,2.0496312980551203,True
inner_2021,789,train,random,212,154,2019-11-19,2019-08-27,inner_train,True,58.0,False,2.488234293627814,True
inner_2021,789,train,random,213,124,2019-11-20,2019-07-11,inner_train,True,89.0,False,1.5548857251019434,True
inner_2021,789,train,random,214,7,2019-11-21,2019-01-17,inner_train,True,207.0,True,1.0256998360579814,True
inner_2021,789,train,random,215,181,2019-11-22,2019-10-03,inner_train,True,34.0,False,0.5836629477182562,True
inner_2021,789,train,random,216,45,2019-11-25,2019-03-13,inner_train,True,171.0,True,0.3530971225908486,True
inner_2021,789,train,random,217,169,2019-11-26,2019-09-17,inner_train,True,48.0,True,0.7576857016975169,True
inner_2021,789,train,random,218,203,2019-11-27,2019-11-06,inner_train,True,15.0,True,0.7998803800297436,True
inner_2021,789,train,random,219,22,2019-11-28,2019-02-07,inner_train,True,197.0,False,0.6003048832595224,True
inner_2021,789,train,random,220,37,2019-11-29,2019-03-01,inner_train,True,183.0,True,0.8050650967639306,True
inner_2021,789,train,random,221,173,2019-12-02,2019-09-23,inner_train,True,48.0,True,0.6928634311937785,True
inner_2021,789,train,random,222,149,2019-12-03,2019-08-20,inner_train,True,73.0,True,1.6938268060993056,True
inner_2021,789,train,random,223,162,2019-12-04,2019-09-06,inner_train,True,61.0,False,0.6550626637962798,True
inner_2021,789,train,random,224,145,2019-12-06,2019-08-14,inner_train,True,79.0,True,0.9701959967103573,True
inner_2021,789,train,random,225,1,2019-12-09,2019-01-09,inner_train,True,224.0,False,0.9074867225004759,True
inner_2021,789,train,random,226,65,2019-12-11,2019-04-11,inner_train,True,161.0,False,0.4744579795951158,True
inner_2021,789,train,random,227,94,2019-12-12,2019-05-29,inner_train,True,133.0,True,0.18540322333136272,True
inner_2021,789,train,random,228,209,2019-12-13,2019-11-14,inner_train,True,19.0,False,2.0162626400583044,True
inner_2021,789,train,random,229,161,2019-12-16,2019-09-05,inner_train,True,68.0,False,0.5621189181535411,True
inner_2021,789,train,random,230,5,2019-12-17,2019-01-15,inner_train,True,225.0,False,0.34970627462263915,True
inner_2021,789,train,random,231,159,2019-12-18,2019-09-03,inner_train,True,72.0,False,0.1808411716235203,True
inner_2021,789,train,random,232,72,2019-12-19,2019-04-24,inner_train,True,160.0,False,0.2951540872904821,True
inner_2021,789,train,random,233,35,2019-12-20,2019-02-27,inner_train,True,198.0,False,0.05715841383994835,True
inner_2021,789,train,random,234,107,2019-12-23,2019-06-18,inner_train,True,127.0,False,0.4839681695961082,True
inner_2021,789,train,random,235,106,2019-12-24,2019-06-17,inner_train,True,129.0,False,0.7440935137458422,True
inner_2021,789,train,random,236,122,2019-12-25,2019-07-09,inner_train,True,114.0,False,0.28620168728134665,True
inner_2021,789,train,random,237,78,2019-12-26,2019-05-03,inner_train,True,159.0,False,0.4306995792867059,True
inner_2021,789,train,random,238,195,2019-12-27,2019-10-25,inner_train,True,43.0,True,0.846223169257438,True
inner_2021,789,train,random,239,109,2019-12-30,2019-06-20,inner_train,True,130.0,False,0.21293193814401334,True
inner_2021,789,train,random,240,55,2020-01-02,2019-03-27,inner_train,True,185.0,True,0.09105873094696681,False
inner_2021,789,train,random,241,7,2020-01-03,2019-01-17,inner_train,True,234.0,True,0.03390155167568132,False
inner_2021,789,train,random,242,129,2020-01-06,2019-07-19,inner_train,True,113.0,True,0.46549537626668647,False
inner_2021,789,train,random,243,7,2020-01-07,2019-01-17,inner_train,True,236.0,True,0.5445173632228375,False
inner_2021,789,train,random,244,35,2020-01-08,2019-02-27,inner_train,True,209.0,False,0.687316260249152,False
inner_2021,789,train,random,245,112,2020-01-09,2019-06-25,inner_train,True,133.0,False,0.664976303593249,False
inner_2021,789,train,random,246,241,2020-01-10,2020-01-03,inner_train,True,5.0,True,0.642180736967918,True
inner_2021,789,train,random,247,14,2020-01-13,2019-01-28,inner_train,True,233.0,False,0.9219887529887925,False
inner_2021,789,train,random,248,114,2020-01-14,2019-06-27,inner_train,True,134.0,False,0.5834832693420662,False
inner_2021,789,train,random,249,173,2020-01-15,2019-09-23,inner_train,True,76.0,False,0.5401980839827121,False
inner_2021,789,train,random,250,185,2020-01-16,2019-10-09,inner_train,True,65.0,False,0.2724146003209924,False
inner_2021,789,train,random,251,14,2020-01-17,2019-01-28,inner_train,True,237.0,False,0.9473065609730824,False
inner_2021,789,train,random,252,163,2020-01-20,2019-09-09,inner_train,True,89.0,False,0.8389898646639184,False
inner_2021,789,train,random,253,144,2020-01-21,2019-08-13,inner_train,True,109.0,False,0.5670544535278443,False
inner_2021,789,train,random,254,63,2020-01-22,2019-04-09,inner_train,True,191.0,False,0.3136575588550419,False
inner_2021,789,train,random,255,123,2020-01-23,2019-07-10,inner_train,True,132.0,False,0.24116205681688774,False
inner_2021,789,train,random,256,179,2020-01-24,2019-10-01,inner_train,True,77.0,False,0.6061358035703148,False
inner_2021,789,train,random,257,3,2020-01-27,2019-01-11,inner_train,True,254.0,False,0.16223479822721698,False
inner_2021,789,train,random,258,91,2020-01-28,2019-05-24,inner_train,True,167.0,True,0.4616353795752195,False
inner_2021,789,train,random,259,137,2020-01-29,2019-08-01,inner_train,True,122.0,True,0.6420920097596605,False
inner_2021,789,train,random,260,39,2020-01-30,2019-03-05,inner_train,True,221.0,True,0.42566781542568366,False
inner_2021,789,train,random,261,19,2020-01-31,2019-02-04,inner_train,True,242.0,False,0.4246227821410975,False
inner_2021,789,train,random,262,233,2020-02-03,2019-12-20,inner_train,True,29.0,False,0.44011424352133854,False
inner_2021,789,train,random,263,23,2020-02-04,2019-02-08,inner_train,True,240.0,False,0.25378052077609947,False
inner_2021,789,train,random,264,158,2020-02-05,2019-09-02,inner_train,True,106.0,False,0.4586068318574976,False
inner_2021,789,train,random,265,95,2020-02-06,2019-05-30,inner_train,True,170.0,True,0.2455837535719212,False
inner_2021,789,train,random,266,220,2020-02-07,2019-11-29,inner_train,True,46.0,False,0.844070315896337,False
inner_2021,789,train,random,267,29,2020-02-11,2019-02-18,inner_train,True,238.0,False,0.44531101665536355,False
inner_2021,789,train,random,268,32,2020-02-12,2019-02-22,inner_train,True,236.0,False,0.38395890288720125,False
inner_2021,789,train,random,269,170,2020-02-13,2019-09-18,inner_train,True,99.0,False,0.8577691602544997,False
inner_2021,789,train,random,270,17,2020-02-14,2019-01-31,inner_train,True,253.0,False,0.19126016379476507,False
inner_2021,789,train,random,271,177,2020-02-17,2019-09-27,inner_train,True,94.0,False,0.030305349495328926,False
inner_2021,789,train,random,272,95,2020-02-18,2019-05-30,inner_train,True,177.0,True,0.6794853052476029,False
inner_2021,789,train,random,273,177,2020-02-19,2019-09-27,inner_train,True,96.0,False,1.1614938484702901,False
inner_2021,789,train,random,274,154,2020-02-20,2019-08-27,inner_train,True,120.0,True,0.38348620138938916,False
inner_2021,789,train,random,275,31,2020-02-21,2019-02-21,inner_train,True,244.0,False,0.841384823940083,False
inner_2021,789,train,random,276,146,2020-02-24,2019-08-15,inner_train,True,130.0,True,2.0588118632726267,False
inner_2021,789,train,random,277,185,2020-02-25,2019-10-09,inner_train,True,92.0,True,0.2608838792970567,False
inner_2021,789,train,random,278,43,2020-02-26,2019-03-11,inner_train,True,235.0,True,0.23144235412890524,False
inner_2021,789,train,random,279,105,2020-02-27,2019-06-14,inner_train,True,174.0,False,0.5345141982931874,False
inner_2021,789,train,random,280,119,2020-02-28,2019-07-04,inner_train,True,161.0,False,0.7055246599196772,False
inner_2021,789,train,random,281,104,2020-03-02,2019-06-13,inner_train,True,177.0,False,0.6123907595379472,False
inner_2021,789,train,random,282,132,2020-03-03,2019-07-24,inner_train,True,150.0,False,0.9724753609976711,False
inner_2021,789,train,random,283,209,2020-03-04,2019-11-14,inner_train,True,74.0,False,2.767123614131617,False
inner_2021,789,train,random,284,132,2020-03-05,2019-07-24,inner_train,True,152.0,False,1.957301193693883,False
inner_2021,789,train,random,285,266,2020-03-06,2020-02-07,inner_train,True,19.0,True,1.1770399219663474,True
inner_2021,789,train,random,286,193,2020-03-09,2019-10-22,inner_train,True,93.0,False,0.4991505921854875,False
inner_2021,789,train,random,287,120,2020-03-10,2019-07-05,inner_train,True,167.0,False,0.11518225395632609,False
inner_2021,789,train,random,288,208,2020-03-11,2019-11-13,inner_train,True,80.0,False,1.6094379124341,False
inner_2021,789,train,random,289,156,2020-03-12,2019-08-29,inner_train,True,133.0,True,0.7698741630054617,False
inner_2021,789,train,random,290,40,2020-03-13,2019-03-06,inner_train,True,250.0,True,0.21271063559249503,False
inner_2021,789,train,random,291,261,2020-03-16,2020-01-31,inner_train,True,30.0,True,0.5443015529623803,True
inner_2021,789,train,random,292,49,2020-03-17,2019-03-19,inner_train,True,243.0,False,0.09821293946228637,False
inner_2021,789,train,random,293,161,2020-03-18,2019-09-05,inner_train,True,132.0,False,0.2296160658198274,False
inner_2021,789,train,random,294,286,2020-03-19,2020-03-09,inner_train,True,8.0,True,0.4897722145681582,True
inner_2021,789,train,random,295,192,2020-03-20,2019-10-21,inner_train,True,103.0,False,0.24846135929849966,False
inner_2021,789,train,random,296,237,2020-03-23,2019-12-26,inner_train,True,59.0,False,0.8943118251553797,False
inner_2021,789,train,random,297,114,2020-03-24,2019-06-27,inner_train,True,183.0,False,1.0622205785565564,False
inner_2021,789,train,random,298,8,2020-03-25,2019-01-18,inner_train,True,290.0,False,0.9963334395476915,False
inner_2021,789,train,random,299,40,2020-03-26,2019-03-06,inner_train,True,259.0,True,2.688196355541946,False
inner_2021,789,train,random,300,295,2020-03-27,2020-03-20,inner_train,True,5.0,True,1.9745506534336599,True
inner_2021,789,train,random,301,23,2020-03-30,2019-02-08,inner_train,True,278.0,False,2.0665963262740488,False
inner_2021,789,train,random,302,17,2020-03-31,2019-01-31,inner_train,True,285.0,False,1.7719374055171793,False
inner_2021,789,train,random,303,95,2020-04-01,2019-05-30,inner_train,True,208.0,True,1.0429973968744735,False
inner_2021,789,train,random,304,254,2020-04-02,2020-01-22,inner_train,True,50.0,False,0.48001526465998223,True
inner_2021,789,train,random,305,251,2020-04-03,2020-01-17,inner_train,True,54.0,False,0.5794765564566546,True
inner_2021,789,train,random,306,104,2020-04-07,2019-06-13,inner_train,True,202.0,False,0.8236796090389951,False
inner_2021,789,train,random,307,287,2020-04-08,2020-03-10,inner_train,True,20.0,False,0.6549259677397474,True
inner_2021,789,train,random,308,45,2020-04-09,2019-03-13,inner_train,True,263.0,True,0.12961749330338623,False
inner_2021,789,train,random,309,135,2020-04-10,2019-07-30,inner_train,True,174.0,False,0.09352605801082392,False
inner_2021,789,train,random,310,58,2020-04-13,2019-04-01,inner_train,True,252.0,True,0.3594361053800603,False
inner_2021,789,train,random,311,9,2020-04-14,2019-01-21,inner_train,True,302.0,False,0.31093893461604827,False
inner_2021,789,train,random,312,36,2020-04-15,2019-02-28,inner_train,True,276.0,False,0.4296273573872438,False
inner_2021,789,train,random,313,270,2020-04-16,2020-02-14,inner_train,True,43.0,False,0.22087340277967105,True
inner_2021,789,train,random,314,210,2020-04-17,2019-11-15,inner_train,True,104.0,True,1.9332040957623486,False
inner_2021,789,train,random,315,122,2020-04-20,2019-07-09,inner_train,True,193.0,True,0.1541506798272585,False
inner_2021,789,train,random,316,307,2020-04-21,2020-04-08,inner_train,True,9.0,False,0.30830135965451655,True
inner_2021,789,train,random,317,119,2020-04-22,2019-07-04,inner_train,True,198.0,True,0.28120735226897065,False
inner_2021,789,train,random,318,154,2020-04-23,2019-08-27,inner_train,True,164.0,False,0.5477301807014419,False
inner_2021,789,train,random,319,67,2020-04-24,2019-04-17,inner_train,True,252.0,True,0.5622347982272169,False
inner_2021,789,train,random,320,113,2020-04-27,2019-06-26,inner_train,True,207.0,True,0.8282220952307804,False
inner_2021,789,train,random,321,93,2020-04-28,2019-05-28,inner_train,True,228.0,False,0.9024573740954738,False
inner_2021,789,train,random,322,178,2020-04-29,2019-09-30,inner_train,True,144.0,False,1.3236708391717773,False
inner_2021,789,train,random,323,172,2020-04-30,2019-09-20,inner_train,True,151.0,False,1.3808292530117265,False
inner_2021,789,train,random,324,29,2020-05-05,2019-02-18,inner_train,True,295.0,False,0.34255128269759494,False
inner_2021,789,train,random,325,27,2020-05-07,2019-02-14,inner_train,True,298.0,False,0.1643980406050498,False
inner_2021,789,train,random,326,223,2020-05-08,2019-12-04,inner_train,True,103.0,False,0.35139788683788886,False
inner_2021,789,train,random,327,31,2020-05-11,2019-02-21,inner_train,True,296.0,True,0.429214288319828,False
inner_2021,789,train,random,328,66,2020-05-12,2019-04-12,inner_train,True,262.0,False,1.0350394846504978,False
inner_2021,789,train,random,329,294,2020-05-13,2020-03-19,inner_train,True,35.0,False,0.5467676454575736,True
inner_2021,789,train,random,330,318,2020-05-14,2020-04-23,inner_train,True,12.0,False,2.1992501409572127,True
inner_2021,789,train,random,331,39,2020-05-15,2019-03-05,inner_train,True,292.0,False,0.7374298467091815,False
inner_2021,789,train,random,332,125,2020-05-18,2019-07-12,inner_train,True,207.0,False,1.2316067685280565,False
inner_2021,789,train,random,333,99,2020-05-19,2019-06-06,inner_train,True,234.0,False,1.0867256456450258,False
inner_2021,789,train,random,334,117,2020-05-20,2019-07-02,inner_train,True,217.0,True,1.3155829808752384,False
inner_2021,789,train,random,335,202,2020-05-21,2019-11-05,inner_train,True,133.0,False,0.11247798342669002,False
inner_2021,789,train,random,336,8,2020-05-22,2019-01-18,inner_train,True,328.0,True,1.130160646403036,False
inner_2021,789,train,random,337,131,2020-05-25,2019-07-23,inner_train,True,206.0,True,0.3053816495511814,False
inner_2021,789,train,random,338,112,2020-05-26,2019-06-25,inner_train,True,226.0,False,0.2907169761469355,False
inner_2021,789,train,random,339,109,2020-05-27,2019-06-20,inner_train,True,230.0,True,0.3981817547170561,False
inner_2021,789,train,random,340,211,2020-05-28,2019-11-18,inner_train,True,129.0,False,1.6310941083796031,False
inner_2021,789,train,random,341,264,2020-05-29,2020-02-05,inner_train,True,77.0,False,0.3278545054032409,True
inner_2021,789,train,random,342,139,2020-06-01,2019-08-05,inner_train,True,203.0,False,0.23235249039951933,False
inner_2021,789,train,random,343,15,2020-06-02,2019-01-29,inner_train,True,328.0,True,0.6854548349367899,False
inner_2021,789,train,random,344,279,2020-06-04,2020-02-27,inner_train,True,65.0,False,0.6380874033769177,True
inner_2021,789,train,random,345,100,2020-06-05,2019-06-07,inner_train,True,245.0,True,0.21096715487091933,False
inner_2021,789,train,random,346,269,2020-06-08,2020-02-13,inner_train,True,77.0,False,0.4418327522790393,True
inner_2021,789,train,random,347,50,2020-06-09,2019-03-20,inner_train,True,297.0,False,0.4036518709839836,False
inner_2021,789,train,random,348,164,2020-06-10,2019-09-10,inner_train,True,184.0,True,0.45645066284103253,False
inner_2021,789,train,random,349,26,2020-06-11,2019-02-13,inner_train,True,323.0,True,0.1351747783682531,False
inner_2021,789,train,random,350,255,2020-06-12,2020-01-23,inner_train,True,95.0,False,0.3775962090993721,True
inner_2021,789,train,random,351,24,2020-06-15,2019-02-11,inner_train,True,327.0,False,0.10536051565782634,False
inner_2021,789,train,random,352,292,2020-06-16,2020-03-17,inner_train,True,60.0,False,0.2022751388794619,True
inner_2021,789,train,random,353,116,2020-06-17,2019-07-01,inner_train,True,237.0,True,0.30405886563344175,False
inner_2021,789,train,random,354,119,2020-06-18,2019-07-04,inner_train,True,235.0,True,0.7645827184805958,False
inner_2021,789,train,random,355,326,2020-06-19,2020-05-08,inner_train,True,29.0,True,0.3316989578685554,True
inner_2021,789,train,random,356,186,2020-06-22,2019-10-10,inner_train,True,170.0,False,0.3584511433399884,False
inner_2021,789,train,random,357,93,2020-06-23,2019-05-28,inner_train,True,264.0,False,0.16025446276527644,False
inner_2021,789,train,random,358,314,2020-06-24,2020-04-17,inner_train,True,44.0,True,0.2800837198455661,True
inner_2021,789,train,random,359,330,2020-06-25,2020-05-14,inner_train,True,29.0,True,0.8807063101201482,True
inner_2021,789,train,random,360,146,2020-06-26,2019-08-15,inner_train,True,214.0,False,1.564211370728787,False
inner_2021,789,train,random,361,234,2020-06-29,2019-12-23,inner_train,True,127.0,True,0.27874901056630597,False
inner_2021,789,train,random,362,46,2020-06-30,2019-03-14,inner_train,True,316.0,True,0.12272047652030693,False
inner_2021,789,train,random,363,63,2020-07-01,2019-04-09,inner_train,True,300.0,False,0.17802311603373955,False
inner_2021,789,train,random,364,142,2020-07-02,2019-08-08,inner_train,True,222.0,False,0.09309042306601167,False
inner_2021,789,train,random,365,360,2020-07-03,2020-06-26,inner_train,True,5.0,False,0.17229244132475507,True
inner_2021,789,train,random,366,275,2020-07-07,2020-02-21,inner_train,True,91.0,False,1.4475206275103982,True
inner_2021,789,train,random,367,125,2020-07-08,2019-07-12,inner_train,True,242.0,False,0.24512245803298516,False
inner_2021,789,train,random,368,34,2020-07-09,2019-02-26,inner_train,True,334.0,False,0.24860072240930986,False
inner_2021,789,train,random,369,107,2020-07-10,2019-06-18,inner_train,True,262.0,False,0.4282220952307805,False
inner_2021,789,train,random,370,6,2020-07-13,2019-01-16,inner_train,True,364.0,True,0.24219174628490414,False
inner_2021,789,train,random,371,38,2020-07-14,2019-03-04,inner_train,True,333.0,False,0.3519764231571778,False
inner_2021,789,train,random,372,261,2020-07-15,2020-01-31,inner_train,True,111.0,False,0.5036432188238193,True
inner_2021,789,train,random,373,127,2020-07-16,2019-07-17,inner_train,True,246.0,True,0.16326651323526775,False
inner_2021,789,train,random,374,366,2020-07-17,2020-07-07,inner_train,True,8.0,True,1.2151173688790013,True
inner_2021,789,train,random,375,75,2020-07-20,2019-04-29,inner_train,True,300.0,True,0.16070808037341733,False
inner_2021,789,train,random,376,200,2020-07-21,2019-11-01,inner_train,True,176.0,True,0.5479220663381907,False
inner_2021,789,train,random,377,364,2020-07-22,2020-07-02,inner_train,True,13.0,False,0.198450938723838,True
inner_2021,789,train,random,378,258,2020-07-23,2020-01-28,inner_train,True,120.0,False,0.30497356956184163,True
inner_2021,789,train,random,379,266,2020-07-24,2020-02-07,inner_train,True,113.0,False,0.4926724290584481,True
inner_2021,789,train,random,380,40,2020-07-29,2019-03-06,inner_train,True,340.0,False,0.7213180575266418,False
inner_2021,789,train,random,381,209,2020-07-30,2019-11-14,inner_train,True,172.0,False,2.4528183352365,False
inner_2021,789,train,random,382,271,2020-07-31,2020-02-17,inner_train,True,111.0,True,1.3441738246444825,True
inner_2021,789,train,random,383,23,2020-08-03,2019-02-08,inner_train,True,360.0,False,0.5308663746494369,False
inner_2021,789,train,random,384,302,2020-08-04,2020-03-31,inner_train,True,82.0,True,0.7184537311185344,True
inner_2021,789,train,random,385,336,2020-08-05,2020-05-22,inner_train,True,49.0,False,1.5062536761988699,True
inner_2021,789,train,random,386,36,2020-08-06,2019-02-28,inner_train,True,350.0,False,0.47977714107271563,False
inner_2021,789,train,random,387,134,2020-08-07,2019-07-26,inner_train,True,253.0,False,0.4226525213039243,False
inner_2021,789,train,random,388,98,2020-08-10,2019-06-05,inner_train,True,290.0,False,0.09588177170328249,False
inner_2021,789,train,random,389,28,2020-08-11,2019-02-15,inner_train,True,361.0,True,0.3031862589877461,False
inner_2021,789,train,random,390,96,2020-08-13,2019-05-31,inner_train,True,294.0,False,0.7868193583600318,False
inner_2021,789,train,random,391,376,2020-08-14,2020-07-21,inner_train,True,15.0,True,0.38345902784554964,True
inner_2021,789,train,random,392,196,2020-08-17,2019-10-28,inner_train,True,196.0,False,1.306693475020746,False
inner_2021,789,train,random,393,160,2020-08-18,2019-09-04,inner_train,True,233.0,False,0.5946022914371794,False
inner_2021,789,train,random,394,172,2020-08-19,2019-09-20,inner_train,True,222.0,False,1.7943265328171547,False
inner_2021,789,train,random,395,348,2020-08-20,2020-06-10,inner_train,True,47.0,False,0.8564862864416107,True
inner_2021,789,train,random,396,273,2020-08-21,2020-02-19,inner_train,True,123.0,True,1.2588586827882793,True
inner_2021,789,train,random,397,8,2020-08-24,2019-01-18,inner_train,True,389.0,False,0.5203950747821411,False
inner_2021,789,train,random,398,268,2020-08-25,2020-02-12,inner_train,True,130.0,True,0.48381842235468,True
inner_2021,789,train,random,399,251,2020-08-26,2020-01-17,inner_train,True,148.0,True,0.21357410029805912,True
inner_2021,789,train,random,400,18,2020-08-27,2019-02-01,inner_train,True,382.0,False,1.0805937831654315,False
inner_2021,789,train,random,401,264,2020-08-28,2020-02-05,inner_train,True,137.0,False,1.067521701598079,True
inner_2021,789,train,random,402,338,2020-08-31,2020-05-26,inner_train,True,64.0,False,0.5543107357057293,True
inner_2021,789,train,random,403,24,2020-09-01,2019-02-11,inner_train,True,379.0,False,0.13453089295760634,False
inner_2021,789,train,random,404,76,2020-09-02,2019-04-30,inner_train,True,328.0,False,0.34585270530664847,False
inner_2021,789,train,random,405,334,2020-09-03,2020-05-20,inner_train,True,71.0,False,0.8910696777963794,True
inner_2021,789,train,random,406,146,2020-09-08,2019-08-15,inner_train,True,260.0,True,0.9316888119852771,False
inner_2021,789,train,random,407,157,2020-09-09,2019-08-30,inner_train,True,250.0,False,1.3360933591703348,False
inner_2021,789,train,random,408,38,2020-09-10,2019-03-04,inner_train,True,370.0,True,0.8238336210522368,False
inner_2021,789,train,random,409,193,2020-09-11,2019-10-22,inner_train,True,216.0,False,0.37280432586861556,False
inner_2021,789,train,random,410,140,2020-09-14,2019-08-06,inner_train,True,270.0,True,0.28923366314319976,False
inner_2021,789,train,random,411,362,2020-09-15,2020-06-30,inner_train,True,49.0,False,0.3767617025054695,True
inner_2021,789,train,random,412,269,2020-09-16,2020-02-13,inner_train,True,143.0,True,0.3057005779544597,True
inner_2021,789,train,random,413,113,2020-09-17,2019-06-26,inner_train,True,300.0,False,0.12783337150988494,False
inner_2021,789,train,random,414,322,2020-09-18,2020-04-29,inner_train,True,92.0,False,0.5053605156578262,True
inner_2021,789,train,random,415,36,2020-09-21,2019-02-28,inner_train,True,379.0,False,0.6817184847363222,False
inner_2021,789,train,random,416,399,2020-09-22,2020-08-26,inner_train,True,17.0,False,0.3995303725883499,True
inner_2021,789,train,random,417,70,2020-09-23,2019-04-22,inner_train,True,347.0,False,0.5806691971332554,False
inner_2021,789,train,random,418,101,2020-09-24,2019-06-10,inner_train,True,317.0,False,0.2898349258128823,False
inner_2021,789,train,random,419,196,2020-09-25,2019-10-28,inner_train,True,223.0,True,0.9307314160289497,False
inner_2021,789,train,random,420,190,2020-09-28,2019-10-17,inner_train,True,230.0,False,0.48853659144386175,False
inner_2021,789,train,random,421,13,2020-09-29,2019-01-25,inner_train,True,408.0,False,0.27808466934551124,False
inner_2021,789,train,random,422,47,2020-09-30,2019-03-15,inner_train,True,375.0,False,0.22495678843839073,False
inner_2021,789,train,random,423,19,2020-10-01,2019-02-04,inner_train,True,404.0,False,0.3096375531090616,False
inner_2021,789,train,random,424,31,2020-10-02,2019-02-21,inner_train,True,393.0,False,0.21806243817402038,False
inner_2021,789,train,random,425,242,2020-10-05,2020-01-06,inner_train,True,183.0,False,0.6288415724288474,True
inner_2021,789,train,random,426,184,2020-10-06,2019-10-08,inner_train,True,242.0,True,1.1904316946679878,False
inner_2021,789,train,random,427,409,2020-10-07,2020-09-11,inner_train,True,18.0,True,2.075577714938645,True
inner_2021,789,train,random,428,213,2020-10-08,2019-11-20,inner_train,True,215.0,False,3.158858529427879,False
inner_2021,789,train,random,429,270,2020-10-09,2020-02-14,inner_train,True,159.0,True,2.3278916435526353,True
inner_2021,789,train,random,430,412,2020-10-12,2020-09-16,inner_train,True,18.0,False,0.4567584024957152,True
inner_2021,789,train,random,431,352,2020-10-14,2020-06-16,inner_train,True,79.0,False,0.8686110619887506,True
inner_2021,789,train,random,432,23,2020-10-15,2019-02-08,inner_train,True,409.0,False,0.2719337154836414,False
inner_2021,789,train,random,433,239,2020-10-16,2019-12-30,inner_train,True,194.0,False,0.48477494656604847,False
inner_2021,789,train,random,434,361,2020-10-19,2020-06-29,inner_train,True,73.0,False,0.37028560098699126,True
inner_2021,789,train,random,435,57,2020-10-20,2019-03-29,inner_train,True,378.0,False,1.110782824288365,False
inner_2021,789,train,random,436,309,2020-10-21,2020-04-10,inner_train,True,127.0,False,0.8117956424927577,True
inner_2021,789,train,random,437,320,2020-10-22,2020-04-27,inner_train,True,117.0,False,0.5368250827018488,True
inner_2021,789,train,random,438,51,2020-10-26,2019-03-21,inner_train,True,387.0,False,0.1296778233085325,False
inner_2021,789,train,random,439,379,2020-10-27,2020-07-24,inner_train,True,60.0,False,0.2696635669491023,True
inner_2021,789,train,random,440,32,2020-10-28,2019-02-22,inner_train,True,408.0,False,0.3752252229184463,False
inner_2021,789,train,random,441,406,2020-10-29,2020-09-08,inner_train,True,35.0,True,0.22496008224060704,True
inner_2021,789,train,random,442,11,2020-10-30,2019-01-23,inner_train,True,431.0,False,0.9989824477192681,False
inner_2021,789,train,random,443,395,2020-11-02,2020-08-20,inner_train,True,48.0,True,0.41311625484368486,True
inner_2021,789,train,random,444,63,2020-11-03,2019-04-09,inner_train,True,381.0,False,0.43770335893702805,False
inner_2021,789,train,random,445,395,2020-11-04,2020-08-20,inner_train,True,50.0,True,0.7967670517399883,True
inner_2021,789,train,random,446,129,2020-11-05,2019-07-19,inner_train,True,317.0,True,0.44302252041462786,False
inner_2021,789,train,random,447,267,2020-11-06,2020-02-11,inner_train,True,180.0,False,0.30873548164961306,True
inner_2021,789,train,random,448,304,2020-11-09,2020-04-02,inner_train,True,144.0,False,0.3022808718729335,True
inner_2021,789,train,random,449,236,2020-11-10,2019-12-25,inner_train,True,213.0,False,0.2532806457344483,False
inner_2021,789,train,random,450,56,2020-11-11,2019-03-28,inner_train,True,394.0,False,0.23397789347991926,False
inner_2021,789,train,random,451,177,2020-11-12,2019-09-27,inner_train,True,274.0,False,0.38996092157219975,False
inner_2021,789,train,random,452,97,2020-11-13,2019-06-04,inner_train,True,355.0,False,1.048821624165095,False
inner_2021,789,train,random,453,121,2020-11-16,2019-07-08,inner_train,True,332.0,True,1.7380340698718926,False
inner_2021,789,train,random,454,339,2020-11-17,2020-05-27,inner_train,True,115.0,True,0.9631296759123247,True
inner_2021,789,train,random,455,208,2020-11-18,2019-11-13,inner_train,True,247.0,False,0.03922071315328157,False
inner_2021,789,train,random,456,293,2020-11-19,2020-03-18,inner_train,True,163.0,False,1.011867471722708,True
inner_2021,789,train,random,457,161,2020-11-20,2019-09-05,inner_train,True,296.0,True,0.6448568914321644,False
inner_2021,789,train,random,458,383,2020-11-23,2020-08-03,inner_train,True,75.0,False,0.5212969236332863,True
inner_2021,789,train,random,459,35,2020-11-24,2019-02-27,inner_train,True,424.0,True,0.6418538861723948,False
inner_2021,789,train,random,460,404,2020-11-25,2020-09-02,inner_train,True,56.0,False,0.18677590714333503,True
inner_2021,789,train,random,461,126,2020-11-26,2019-07-15,inner_train,True,335.0,True,0.41985384556026384,False
inner_2021,789,train,random,462,358,2020-11-27,2020-06-24,inner_train,True,104.0,False,0.2382423467135535,True
inner_2021,789,train,random,463,88,2020-11-30,2019-05-21,inner_train,True,375.0,False,1.139490225679499,False
inner_2021,789,train,random,464,313,2020-12-01,2020-04-16,inner_train,True,151.0,False,0.5702490442367911,True
inner_2021,789,train,random,465,156,2020-12-02,2019-08-29,inner_train,True,309.0,False,1.061015902377152,False
inner_2021,789,train,random,466,60,2020-12-03,2019-04-03,inner_train,True,406.0,True,0.11281037498700508,False
inner_2021,789,train,random,467,94,2020-12-04,2019-05-29,inner_train,True,373.0,False,0.7259370033829362,False
inner_2021,789,train,random,468,247,2020-12-08,2020-01-13,inner_train,True,221.0,False,0.870496076684522,True
inner_2021,789,train,random,469,204,2020-12-09,2019-11-07,inner_train,True,265.0,True,0.18809806696890297,False
inner_2021,789,train,random,470,364,2020-12-14,2020-07-02,inner_train,True,106.0,True,0.30221017301469066,True
inner_2021,789,train,random,471,289,2020-12-15,2020-03-12,inner_train,True,182.0,False,0.45758110924717865,True
inner_2021,789,train,random,472,192,2020-12-16,2019-10-21,inner_train,True,280.0,False,0.22493086188830524,False
inner_2021,789,train,random,473,116,2020-12-17,2019-07-01,inner_train,True,357.0,True,0.4369036808193911,False
inner_2021,789,train,random,474,136,2020-12-18,2019-07-31,inner_train,True,338.0,False,0.5220654115154981,False
inner_2021,789,train,random,475,142,2020-12-21,2019-08-08,inner_train,True,333.0,False,0.8529958815018412,False
inner_2021,789,train,random,476,135,2020-12-22,2019-07-30,inner_train,True,341.0,False,0.39914264236867636,False
inner_2021,789,train,random,477,320,2020-12-23,2020-04-27,inner_train,True,157.0,False,1.8294665329850992,True
inner_2021,789,train,random,478,287,2020-12-24,2020-03-10,inner_train,True,191.0,False,1.240442484107327,True
inner_2021,789,train,random,479,56,2020-12-25,2019-03-28,inner_train,True,423.0,True,0.23764239571503865,False
inner_2021,789,train,random,480,74,2020-12-28,2019-04-26,inner_train,True,406.0,False,0.2789292813421862,False
inner_2021,789,train,random,481,76,2020-12-29,2019-04-30,inner_train,True,405.0,False,0.17327172127403623,False
inner_2021,789,train,random,482,246,2020-12-30,2020-01-10,inner_train,True,236.0,True,0.9720955730429721,True
inner_2021,789,validation,matched,0,450,2021-01-04,2020-11-11,inner_train,True,,True,0.0779615414697119,False
inner_2021,789,validation,matched,1,205,2021-01-05,2019-11-08,inner_train,True,,True,0.018018505502678472,False
inner_2021,789,validation,matched,2,474,2021-01-06,2020-12-18,inner_train,True,,True,0.057228029907364864,False
inner_2021,789,validation,matched,3,354,2021-01-07,2020-06-18,inner_train,True,,True,0.019418085857101808,False
inner_2021,789,validation,matched,4,110,2021-01-08,2019-06-21,inner_train,True,,True,0.0816780310142673,False
inner_2021,789,validation,matched,5,316,2021-01-11,2020-04-21,inner_train,True,,True,0.07696104113612856,False
inner_2021,789,validation,matched,6,52,2021-01-12,2019-03-22,inner_train,True,,True,0.06243294057321869,False
inner_2021,789,validation,matched,7,118,2021-01-13,2019-07-03,inner_train,True,,True,0.0246926125903717,False
inner_2021,789,validation,matched,8,473,2021-01-14,2020-12-17,inner_train,True,,True,0.019048194970694432,False
inner_2021,789,validation,matched,9,205,2021-01-15,2019-11-08,inner_train,True,,True,0.018018505502678472,False
inner_2021,789,validation,matched,10,352,2021-01-18,2020-06-16,inner_train,True,,True,0.0,False
inner_2021,789,validation,matched,11,77,2021-01-19,2019-05-02,inner_train,True,,True,0.10475636425637447,False
inner_2021,789,validation,matched,12,450,2021-01-20,2020-11-11,inner_train,True,,True,0.11324600993181688,False
inner_2021,789,validation,matched,13,206,2021-01-21,2019-11-11,inner_train,True,,True,0.06710485393396226,False
inner_2021,789,validation,matched,14,463,2021-01-22,2020-11-30,inner_train,True,,True,0.10623925033651549,False
inner_2021,789,validation,matched,15,464,2021-01-25,2020-12-01,inner_train,True,,True,0.025317807984289953,False
inner_2021,789,validation,matched,16,76,2021-01-26,2019-04-30,inner_train,True,,True,0.07878087785311383,False
inner_2021,789,validation,matched,17,232,2021-01-27,2019-12-19,inner_train,True,,True,0.07096941146786184,False
inner_2021,789,validation,matched,18,31,2021-01-28,2019-02-21,inner_train,True,,True,0.022472855852058604,False
inner_2021,789,validation,matched,19,247,2021-01-29,2020-01-13,inner_train,True,,True,0.0,False
inner_2021,789,validation,matched,20,10,2021-02-01,2019-01-22,inner_train,True,,True,0.5089902837084046,False
inner_2021,789,validation,matched,21,170,2021-02-02,2019-09-18,inner_train,True,,True,0.5230600927572273,False
inner_2021,789,validation,matched,22,171,2021-02-03,2019-09-19,inner_train,True,,True,0.6153694795172613,False
inner_2021,789,validation,matched,23,0,2021-02-04,2019-01-08,inner_train,True,,True,0.7212047644904243,False
inner_2021,789,validation,matched,24,170,2021-02-05,2019-09-18,inner_train,True,,True,0.7053816495511818,False
inner_2021,789,validation,matched,25,170,2021-02-08,2019-09-18,inner_train,True,,True,0.20653581491454887,False
inner_2021,789,validation,matched,26,400,2021-02-09,2020-08-27,inner_train,True,,True,0.2578291093020999,False
inner_2021,789,validation,matched,27,53,2021-02-10,2019-03-25,inner_train,True,,True,0.1092509889174682,False
inner_2021,789,validation,matched,28,31,2021-02-11,2019-02-21,inner_train,True,,True,0.056891069900379954,False
inner_2021,789,validation,matched,29,326,2021-02-15,2020-05-08,inner_train,True,,True,0.055262678675049415,False
inner_2021,789,validation,matched,30,307,2021-02-16,2020-04-08,inner_train,True,,True,0.020619287202735315,False
inner_2021,789,validation,matched,31,55,2021-02-17,2019-03-27,inner_train,True,,True,0.06187540371808753,False
inner_2021,789,validation,matched,32,351,2021-02-18,2020-06-15,inner_train,True,,True,0.06453852113757153,False
inner_2021,789,validation,matched,33,363,2021-02-19,2020-07-01,inner_train,True,,True,0.08455738802806279,False
inner_2021,789,validation,matched,34,308,2021-02-22,2020-04-09,inner_train,True,,True,0.060624621816434576,False
inner_2021,789,validation,matched,35,36,2021-02-23,2019-02-28,inner_train,True,,True,0.04306991976256125,False
inner_2021,789,validation,matched,36,390,2021-02-24,2020-08-13,inner_train,True,,True,0.10177039607781246,False
inner_2021,789,validation,matched,37,36,2021-02-25,2019-02-28,inner_train,True,,True,0.07003547619729078,False
inner_2021,789,validation,matched,38,134,2021-03-01,2019-07-26,inner_train,True,,True,0.07598590697792229,False
inner_2021,789,validation,matched,39,308,2021-03-02,2020-04-09,inner_train,True,,True,0.04758896282379821,False
inner_2021,789,validation,matched,40,365,2021-03-03,2020-07-03,inner_train,True,,True,0.16430305129127643,False
inner_2021,789,validation,matched,41,459,2021-03-04,2020-11-24,inner_train,True,,True,0.054067221270275745,False
inner_2021,789,validation,matched,42,364,2021-03-05,2020-07-02,inner_train,True,,True,0.05001042057466165,False
inner_2021,789,validation,matched,43,122,2021-03-08,2019-07-09,inner_train,True,,True,0.03774032798284699,False
inner_2021,789,validation,matched,44,103,2021-03-09,2019-06-12,inner_train,True,,True,0.09531017980432477,False
inner_2021,789,validation,matched,45,64,2021-03-10,2019-04-10,inner_train,True,,True,0.23934552589048996,False
inner_2021,789,validation,matched,46,347,2021-03-11,2020-06-09,inner_train,True,,True,0.0984400728132524,False
inner_2021,789,validation,matched,47,67,2021-03-12,2019-04-17,inner_train,True,,True,0.09971802825874443,False
inner_2021,789,validation,matched,48,472,2021-03-15,2020-12-16,inner_train,True,,True,0.0,False
inner_2021,789,validation,matched,49,18,2021-03-16,2019-02-01,inner_train,True,,True,0.03704127168034921,False
inner_2021,789,validation,matched,50,355,2021-03-17,2020-06-19,inner_train,True,,True,0.03571808260207909,False
inner_2021,789,validation,matched,51,127,2021-03-18,2019-07-17,inner_train,True,,True,0.057158413839948796,False
inner_2021,789,validation,matched,52,239,2021-03-19,2019-12-30,inner_train,True,,True,0.04976720381725874,False
inner_2021,789,validation,matched,53,313,2021-03-22,2020-04-16,inner_train,True,,True,0.04000533461369926,False
inner_2021,789,validation,matched,54,379,2021-03-23,2020-07-24,inner_train,True,,True,0.06183787956190745,False
inner_2021,789,validation,matched,55,8,2021-03-24,2019-01-18,inner_train,True,,True,0.07232066157962613,False
inner_2021,789,validation,matched,56,6,2021-03-25,2019-01-16,inner_train,True,,True,0.03278982282299081,False
inner_2021,789,validation,matched,57,314,2021-03-26,2020-04-17,inner_train,True,,True,0.0808934095538496,False
inner_2021,789,validation,matched,58,255,2021-03-29,2020-01-23,inner_train,True,,True,0.06744128079553269,False
inner_2021,789,validation,matched,59,165,2021-03-30,2019-09-11,inner_train,True,,True,0.04255961441879608,False
inner_2021,789,validation,matched,60,18,2021-03-31,2019-02-01,inner_train,True,,True,0.05310982531394792,False
inner_2021,789,validation,matched,61,354,2021-04-01,2020-06-18,inner_train,True,,True,0.0,False
inner_2021,789,validation,matched,62,352,2021-04-02,2020-06-16,inner_train,True,,True,0.058268908123976004,False
inner_2021,789,validation,matched,63,389,2021-04-05,2020-08-11,inner_train,True,,True,0.058840500022933284,False
inner_2021,789,validation,matched,64,46,2021-04-07,2019-03-14,inner_train,True,,True,0.02197890671877545,False
inner_2021,789,validation,matched,65,198,2021-04-08,2019-10-30,inner_train,True,,True,0.04255961441879608,False
inner_2021,789,validation,matched,66,415,2021-04-09,2020-09-21,inner_train,True,,True,0.022989518224698635,False
inner_2021,789,validation,matched,67,386,2021-04-12,2020-08-06,inner_train,True,,True,0.03636764417087468,False
inner_2021,789,validation,matched,68,151,2021-04-16,2019-08-22,inner_train,True,,True,0.07145896398214457,False
inner_2021,789,validation,matched,69,235,2021-04-19,2019-12-24,inner_train,True,,True,0.031252543504104224,False
inner_2021,789,validation,matched,70,177,2021-04-20,2019-09-27,inner_train,True,,True,0.02898753687325195,False
inner_2021,789,validation,matched,71,201,2021-04-21,2019-11-04,inner_train,True,,True,0.04984780572756797,False
inner_2021,789,validation,matched,72,79,2021-04-22,2019-05-07,inner_train,True,,True,0.05841694539674114,False
inner_2021,789,validation,matched,73,234,2021-04-23,2019-12-23,inner_train,True,,True,0.06318938341727298,False
inner_2021,789,validation,matched,74,80,2021-04-26,2019-05-08,inner_train,True,,True,0.047006042375930424,False
inner_2021,789,validation,matched,75,46,2021-04-27,2019-03-14,inner_train,True,,True,0.05325490353554363,False
inner_2021,789,validation,matched,76,400,2021-04-28,2020-08-27,inner_train,True,,True,0.13353139262452274,False
inner_2021,789,validation,matched,77,247,2021-04-29,2020-01-13,inner_train,True,,True,0.0281708769666964,False
inner_2021,789,validation,matched,78,10,2021-04-30,2019-01-22,inner_train,True,,True,0.07835331424651493,False
inner_2021,789,validation,matched,79,367,2021-05-05,2020-07-08,inner_train,True,,True,0.027398974188114433,False
inner_2021,789,validation,matched,80,379,2021-05-06,2020-07-24,inner_train,True,,True,0.1118483001365691,False
inner_2021,789,validation,matched,81,50,2021-05-07,2019-03-20,inner_train,True,,True,0.08519484606323191,False
inner_2021,789,validation,matched,82,49,2021-05-10,2019-03-19,inner_train,True,,True,0.022989518224698635,False
inner_2021,789,validation,matched,83,361,2021-05-11,2020-06-29,inner_train,True,,True,0.09971802825874443,False
inner_2021,789,validation,matched,84,392,2021-05-12,2020-08-17,inner_train,True,,True,0.17042443197512913,False
inner_2021,789,validation,matched,85,214,2021-05-13,2019-11-21,inner_train,True,,True,0.2360469561501164,False
inner_2021,789,validation,matched,86,209,2021-05-14,2019-11-14,inner_train,True,,True,0.1829906769259786,False
inner_2021,789,validation,matched,87,212,2021-05-17,2019-11-19,inner_train,True,,True,0.24519646084512559,False
inner_2021,789,validation,matched,88,213,2021-05-18,2019-11-20,inner_train,True,,True,0.6714071939235398,False
inner_2021,789,validation,matched,89,211,2021-05-19,2019-11-18,inner_train,True,,True,0.15313699499641142,False
inner_2021,789,validation,matched,90,212,2021-05-20,2019-11-19,inner_train,True,,True,0.11255198623883089,False
inner_2021,789,validation,matched,91,209,2021-05-21,2019-11-14,inner_train,True,,True,0.12169693497751943,False
inner_2021,789,validation,matched,92,332,2021-05-24,2020-05-18,inner_train,True,,True,0.07380583199195989,False
inner_2021,789,validation,matched,93,336,2021-05-25,2020-05-22,inner_train,True,,True,0.07756763907363107,False
inner_2021,789,validation,matched,94,215,2021-05-27,2019-11-22,inner_train,True,,True,0.07430472572051583,False
inner_2021,789,validation,matched,95,35,2021-05-28,2019-02-27,inner_train,True,,True,0.097742284772937,False
inner_2021,789,validation,matched,96,76,2021-05-31,2019-04-30,inner_train,True,,True,0.08918860406349483,False
inner_2021,789,validation,matched,97,77,2021-06-01,2019-05-02,inner_train,True,,True,0.10475636425637447,False
inner_2021,789,validation,matched,98,461,2021-06-02,2020-11-26,inner_train,True,,True,0.05608946665104364,False
inner_2021,789,validation,matched,99,461,2021-06-04,2020-11-26,inner_train,True,,True,0.04803573184394638,False
inner_2021,789,validation,matched,100,99,2021-06-07,2019-06-06,inner_train,True,,True,0.058268908123976004,False
inner_2021,789,validation,matched,101,102,2021-06-08,2019-06-11,inner_train,True,,True,0.0281708769666964,False
inner_2021,789,validation,matched,102,66,2021-06-09,2019-04-12,inner_train,True,,True,0.30966097917055624,False
inner_2021,789,validation,matched,103,119,2021-06-10,2019-07-04,inner_train,True,,True,0.18941185101897906,False
inner_2021,789,validation,matched,104,120,2021-06-11,2019-07-05,inner_train,True,,True,0.07262263953753001,False
inner_2021,789,validation,matched,105,117,2021-06-14,2019-07-02,inner_train,True,,True,0.0246926125903717,False
inner_2021,789,validation,matched,106,117,2021-06-15,2019-07-02,inner_train,True,,True,0.025317807984289953,False
inner_2021,789,validation,matched,107,121,2021-06-16,2019-07-08,inner_train,True,,True,0.03922071315328157,False
inner_2021,789,validation,matched,108,31,2021-06-17,2019-02-21,inner_train,True,,True,0.07145896398214502,False
inner_2021,789,validation,matched,109,399,2021-06-18,2020-08-26,inner_train,True,,True,0.025317807984289953,False
inner_2021,789,validation,matched,110,247,2021-06-21,2020-01-13,inner_train,True,,True,0.055569851154810834,False
inner_2021,789,validation,matched,111,368,2021-06-22,2020-07-09,inner_train,True,,True,0.047628048989254435,False
inner_2021,789,validation,matched,112,379,2021-06-23,2020-07-24,inner_train,True,,True,0.06046519574993514,False
inner_2021,789,validation,matched,113,362,2021-06-24,2020-06-30,inner_train,True,,True,0.03174869831458027,False
inner_2021,789,validation,matched,114,424,2021-06-25,2020-10-02,inner_train,True,,True,0.08223809823697215,False
inner_2021,789,validation,matched,115,423,2021-06-28,2020-10-01,inner_train,True,,True,0.03390155167568132,False
inner_2021,789,validation,matched,116,29,2021-06-29,2019-02-18,inner_train,True,,True,0.08637806474553633,False
inner_2021,789,validation,matched,117,183,2021-06-30,2019-10-07,inner_train,True,,True,0.08536837697210142,False
inner_2021,789,validation,matched,118,287,2021-07-01,2020-03-10,inner_train,True,,True,0.0281708769666964,False
inner_2021,789,validation,matched,119,421,2021-07-02,2020-09-29,inner_train,True,,True,0.047628048989254435,False
inner_2021,789,validation,matched,120,139,2021-07-05,2019-08-05,inner_train,True,,True,0.06899287148695166,False
inner_2021,789,validation,matched,121,29,2021-07-06,2019-02-18,inner_train,True,,True,0.05001042057466165,False
inner_2021,789,validation,matched,122,423,2021-07-07,2020-10-01,inner_train,True,,True,0.03390155167568132,False
inner_2021,789,validation,matched,123,289,2021-07-08,2020-03-12,inner_train,True,,True,0.05264373348542195,False
inner_2021,789,validation,matched,124,438,2021-07-09,2020-10-26,inner_train,True,,True,0.13888320769646967,False
inner_2021,789,validation,matched,125,381,2021-07-12,2020-07-30,inner_train,True,,True,0.26004810824966107,False
inner_2021,789,validation,matched,126,437,2021-07-13,2020-10-22,inner_train,True,,True,0.1198011998126205,False
inner_2021,789,validation,matched,127,141,2021-07-14,2019-08-07,inner_train,True,,True,0.09200918248296208,False
inner_2021,789,validation,matched,128,362,2021-07-15,2020-06-30,inner_train,True,,True,0.13613217432457958,False
inner_2021,789,validation,matched,129,361,2021-07-16,2020-06-29,inner_train,True,,True,0.05715841383994835,False
inner_2021,789,validation,matched,130,441,2021-07-19,2020-10-29,inner_train,True,,True,0.08206495305430428,False
inner_2021,789,validation,matched,131,42,2021-07-20,2019-03-08,inner_train,True,,True,0.058268908123976004,False
inner_2021,789,validation,matched,132,143,2021-07-21,2019-08-09,inner_train,True,,True,0.06062462181643502,False
inner_2021,789,validation,matched,133,41,2021-07-22,2019-03-07,inner_train,True,,True,0.05644131090495197,False
inner_2021,789,validation,matched,134,153,2021-07-23,2019-08-26,inner_train,True,,True,0.19237189264745602,False
inner_2021,789,validation,matched,135,280,2021-07-27,2020-02-28,inner_train,True,,True,0.1325308922909394,False
inner_2021,789,validation,matched,136,281,2021-07-29,2020-03-02,inner_train,True,,True,0.0,False
inner_2021,789,validation,matched,137,281,2021-07-30,2020-03-02,inner_train,True,,True,0.28376817313064473,False
inner_2021,789,validation,matched,138,155,2021-08-02,2019-08-28,inner_train,True,,True,0.12128566620758585,False
inner_2021,789,validation,matched,139,414,2021-08-03,2020-09-18,inner_train,True,,True,0.06787742240308603,False
inner_2021,789,validation,matched,140,297,2021-08-04,2020-03-24,inner_train,True,,True,0.15942773692810208,False
inner_2021,789,validation,matched,141,381,2021-08-05,2020-07-30,inner_train,True,,True,0.09531017980432477,False
inner_2021,789,validation,matched,142,196,2021-08-06,2019-10-28,inner_train,True,,True,0.14660347419187536,False
inner_2021,789,validation,matched,143,381,2021-08-09,2020-07-30,inner_train,True,,True,0.14310084364067333,False
inner_2021,789,validation,matched,144,296,2021-08-10,2020-03-23,inner_train,True,,True,0.07430831273337635,False
inner_2021,789,validation,matched,145,141,2021-08-11,2019-08-07,inner_train,True,,True,0.08519484606323191,False
inner_2021,789,validation,matched,146,143,2021-08-13,2019-08-09,inner_train,True,,True,0.16430305129127598,False
inner_2021,789,validation,matched,147,329,2021-08-16,2020-05-13,inner_train,True,,True,0.21277249704872192,False
inner_2021,789,validation,matched,148,392,2021-08-17,2020-08-17,inner_train,True,,True,0.14924068632970267,False
inner_2021,789,validation,matched,149,390,2021-08-18,2020-08-13,inner_train,True,,True,0.10851169166286034,False
inner_2021,789,validation,matched,150,482,2021-08-19,2020-12-30,inner_train,True,,True,0.13930417171026432,False
inner_2021,789,validation,matched,151,359,2021-08-20,2020-06-25,inner_train,True,,True,0.06252035698133396,False
inner_2021,789,validation,matched,152,317,2021-08-23,2020-04-22,inner_train,True,,True,0.05264373348542195,False
inner_2021,789,validation,matched,153,347,2021-08-24,2020-06-09,inner_train,True,,True,0.10899028370840469,False
inner_2021,789,validation,matched,154,66,2021-08-25,2019-04-12,inner_train,True,,True,0.6663359231092887,False
inner_2021,789,validation,matched,155,119,2021-08-26,2019-07-04,inner_train,True,,True,0.3866220203066848,False
inner_2021,789,validation,matched,156,64,2021-08-27,2019-04-10,inner_train,True,,True,0.4026120391257577,False
inner_2021,789,validation,matched,157,119,2021-08-30,2019-07-04,inner_train,True,,True,0.45276182281122956,False
inner_2021,789,validation,matched,158,121,2021-08-31,2019-07-08,inner_train,True,,True,0.08004270767353638,False
inner_2021,789,validation,matched,159,101,2021-09-01,2019-06-10,inner_train,True,,True,0.04652001563489261,False
inner_2021,789,validation,matched,160,122,2021-09-02,2019-07-09,inner_train,True,,True,0.05264373348542195,False
inner_2021,789,validation,matched,161,459,2021-09-03,2020-11-24,inner_train,True,,True,0.08796877294595706,False
inner_2021,789,validation,matched,162,460,2021-09-06,2020-11-25,inner_train,True,,True,0.020202707317519497,False
inner_2021,789,validation,matched,163,365,2021-09-07,2020-07-03,inner_train,True,,True,0.025317807984289953,False
inner_2021,789,validation,matched,164,317,2021-09-08,2020-04-22,inner_train,True,,True,0.06519619955654221,False
inner_2021,789,validation,matched,165,121,2021-09-09,2019-07-08,inner_train,True,,True,0.03922071315328157,False
inner_2021,789,validation,matched,166,348,2021-09-10,2020-06-10,inner_train,True,,True,0.02597548640326064,False
inner_2021,789,validation,matched,167,66,2021-09-13,2019-04-12,inner_train,True,,True,0.04445176257083361,False
inner_2021,789,validation,matched,168,9,2021-09-14,2019-01-21,inner_train,True,,True,0.05715841383994835,False
inner_2021,789,validation,matched,169,369,2021-09-15,2020-07-10,inner_train,True,,True,0.10507638438726863,False
inner_2021,789,validation,matched,170,54,2021-09-16,2019-03-26,inner_train,True,,True,0.04082199452025481,False
inner_2021,789,validation,matched,171,53,2021-09-17,2019-03-25,inner_train,True,,True,0.12487332988140798,False
inner_2021,789,validation,matched,172,381,2021-09-20,2020-07-30,inner_train,True,,True,0.0840831172105414,False
inner_2021,789,validation,matched,173,430,2021-09-21,2020-10-12,inner_train,True,,True,0.14660347419187536,False
inner_2021,789,validation,matched,174,246,2021-09-22,2020-01-10,inner_train,True,,True,0.08961215868968697,False
inner_2021,789,validation,matched,175,400,2021-09-23,2020-08-27,inner_train,True,,True,0.06899287148695166,False
inner_2021,789,validation,matched,176,47,2021-09-27,2019-03-15,inner_train,True,,True,0.12552618525242076,False
inner_2021,789,validation,matched,177,368,2021-09-28,2020-07-09,inner_train,True,,True,0.10178269430994247,False
inner_2021,789,validation,matched,178,362,2021-09-29,2020-06-30,inner_train,True,,True,0.03174869831458027,False
inner_2021,789,validation,matched,179,30,2021-09-30,2019-02-20,inner_train,True,,True,0.03390155167568132,False
inner_2021,789,validation,matched,180,293,2021-10-01,2020-03-18,inner_train,True,,True,0.04652001563489261,False
inner_2021,789,validation,matched,181,368,2021-10-04,2020-07-09,inner_train,True,,True,0.0246926125903717,False
inner_2021,789,validation,matched,182,401,2021-10-05,2020-08-28,inner_train,True,,True,0.11332868530700324,False
inner_2021,789,validation,matched,183,401,2021-10-06,2020-08-28,inner_train,True,,True,0.15415067982725805,False
inner_2021,789,validation,matched,184,400,2021-10-07,2020-08-27,inner_train,True,,True,0.12062798778861472,False
inner_2021,789,validation,matched,185,347,2021-10-08,2020-06-09,inner_train,True,,True,0.21435079936623103,False
inner_2021,789,validation,matched,186,64,2021-10-11,2019-04-10,inner_train,True,,True,0.42858752552901835,False
inner_2021,789,validation,matched,187,347,2021-10-12,2020-06-09,inner_train,True,,True,0.142891835384086,False
inner_2021,789,validation,matched,188,66,2021-10-14,2019-04-12,inner_train,True,,True,0.3986946015409538,False
inner_2021,789,validation,matched,189,66,2021-10-15,2019-04-12,inner_train,True,,True,0.15551029934329774,False
inner_2021,789,validation,matched,190,64,2021-10-18,2019-04-10,inner_train,True,,True,0.49899116611898764,False
inner_2021,789,validation,matched,191,103,2021-10-19,2019-06-12,inner_train,True,,True,0.21309321546070858,False
inner_2021,789,validation,matched,192,66,2021-10-20,2019-04-12,inner_train,True,,True,0.04255961441879608,False
inner_2021,789,validation,matched,193,349,2021-10-21,2020-06-11,inner_train,True,,True,0.02666824708216131,False
inner_2021,789,validation,matched,194,9,2021-10-25,2019-01-21,inner_train,True,,True,0.11332868530700324,False
inner_2021,789,validation,matched,195,49,2021-10-26,2019-03-19,inner_train,True,,True,0.1543856146339304,False
inner_2021,789,validation,matched,196,30,2021-10-27,2019-02-20,inner_train,True,,True,0.15390434407037779,False
inner_2021,789,validation,matched,197,50,2021-10-28,2019-03-20,inner_train,True,,True,0.1292117314800061,False
inner_2021,789,validation,matched,198,361,2021-10-29,2020-06-29,inner_train,True,,True,0.10653629474683823,False
inner_2021,789,validation,matched,199,308,2021-11-01,2020-04-09,inner_train,True,,True,0.18073299410881694,False
inner_2021,789,validation,matched,200,362,2021-11-02,2020-06-30,inner_train,True,,True,0.05486921024581415,False
inner_2021,789,validation,matched,201,51,2021-11-03,2019-03-21,inner_train,True,,True,0.09639184567506609,False
inner_2021,789,validation,matched,202,47,2021-11-04,2019-03-15,inner_train,True,,True,0.109199291964992,False
inner_2021,789,validation,matched,203,170,2021-11-05,2019-09-18,inner_train,True,,True,0.03390155167568132,False
inner_2021,789,validation,matched,204,245,2021-11-08,2020-01-09,inner_train,True,,True,0.027398974188114433,False
inner_2021,789,validation,matched,205,244,2021-11-09,2020-01-08,inner_train,True,,True,0.08845004350950925,False
inner_2021,789,validation,matched,206,98,2021-11-10,2019-06-05,inner_train,True,,True,0.0678129303471029,False
inner_2021,789,validation,matched,207,45,2021-11-11,2019-03-13,inner_train,True,,True,0.04167269640056803,False
inner_2021,789,validation,matched,208,478,2021-11-12,2020-12-24,inner_train,True,,True,0.13840232285911913,False
inner_2021,789,validation,matched,209,392,2021-11-15,2020-08-17,inner_train,True,,True,0.03704127168034921,False
inner_2021,789,validation,matched,210,207,2021-11-16,2019-11-12,inner_train,True,,True,0.16430305129127554,False
inner_2021,789,validation,matched,211,206,2021-11-17,2019-11-11,inner_train,True,,True,0.23439296041542113,False
inner_2021,789,validation,matched,212,462,2021-11-18,2020-11-27,inner_train,True,,True,0.23632855705310174,False
inner_2021,789,validation,matched,213,400,2021-11-19,2020-08-27,inner_train,True,,True,0.1278333715098845,False
inner_2021,789,validation,matched,214,401,2021-11-22,2020-08-28,inner_train,True,,True,0.15415067982725805,False
inner_2021,789,validation,matched,215,430,2021-11-23,2020-10-12,inner_train,True,,True,0.27763173659827967,False
inner_2021,789,validation,matched,216,65,2021-11-24,2019-04-11,inner_train,True,,True,0.4418327522790393,False
inner_2021,789,validation,matched,217,401,2021-11-25,2020-08-28,inner_train,True,,True,0.08515780834030684,False
inner_2021,789,validation,matched,218,219,2021-11-26,2019-11-28,inner_train,True,,True,0.08845004350950925,False
inner_2021,789,validation,matched,219,407,2021-11-29,2020-09-09,inner_train,True,,True,0.07637297878457394,False
inner_2021,789,validation,matched,220,410,2021-11-30,2020-09-14,inner_train,True,,True,0.04255961441879608,False
inner_2021,789,validation,matched,221,183,2021-12-01,2019-10-07,inner_train,True,,True,0.03922071315328157,False
inner_2021,789,validation,matched,222,198,2021-12-02,2019-10-30,inner_train,True,,True,0.06665716599785654,False
inner_2021,789,validation,matched,223,287,2021-12-03,2020-03-10,inner_train,True,,True,0.06980953139350676,False
inner_2021,789,validation,matched,224,438,2021-12-07,2020-10-26,inner_train,True,,True,0.12136085700426724,False
inner_2021,789,validation,matched,225,286,2021-12-08,2020-03-09,inner_train,True,,True,0.06948902629742726,False
inner_2021,789,validation,matched,226,437,2021-12-09,2020-10-22,inner_train,True,,True,0.19452474600855663,False
inner_2021,789,validation,matched,227,53,2021-12-13,2019-03-25,inner_train,True,,True,0.109199291964992,False
inner_2021,789,validation,matched,228,170,2021-12-14,2019-09-18,inner_train,True,,True,0.3769288008432299,False
inner_2021,789,validation,matched,229,400,2021-12-15,2020-08-27,inner_train,True,,True,0.2747786676158732,False
inner_2021,789,validation,matched,230,120,2021-12-16,2019-07-05,inner_train,True,,True,0.08701137698962969,False
inner_2021,789,validation,matched,231,118,2021-12-17,2019-07-03,inner_train,True,,True,0.0,False
inner_2021,789,validation,matched,232,376,2021-12-20,2020-07-21,inner_train,True,,True,0.055294027128789836,False
inner_2021,789,validation,matched,233,307,2021-12-21,2020-04-08,inner_train,True,,True,0.05942342047080107,False
inner_2021,789,validation,matched,234,389,2021-12-22,2020-08-11,inner_train,True,,True,0.04840562273035376,False
inner_2021,789,validation,matched,235,46,2021-12-23,2019-03-14,inner_train,True,,True,0.0,False
inner_2021,789,validation,matched,236,31,2021-12-24,2019-02-21,inner_train,True,,True,0.056891069900379954,False
inner_2021,789,validation,matched,237,367,2021-12-27,2020-07-08,inner_train,True,,True,0.06453852113757108,False
inner_2021,789,validation,matched,238,157,2021-12-28,2019-08-30,inner_train,True,,True,0.5596157879354227,False
inner_2021,789,validation,matched,239,320,2021-12-29,2020-04-27,inner_train,True,,True,0.5133864446276646,False
inner_2021,789,validation,random,0,260,2021-01-04,2020-01-30,inner_train,True,,False,0.5300278307499267,False
inner_2021,789,validation,random,1,44,2021-01-05,2019-03-12,inner_train,True,,False,0.16511971119783242,False
inner_2021,789,validation,random,2,49,2021-01-06,2019-03-19,inner_train,True,,False,0.5230132089578756,False
inner_2021,789,validation,random,3,103,2021-01-07,2019-06-12,inner_train,True,,True,0.8929910880461027,False
inner_2021,789,validation,random,4,408,2021-01-08,2020-09-10,inner_train,True,,False,0.27953206808985653,False
inner_2021,789,validation,random,5,305,2021-01-11,2020-04-03,inner_train,True,,False,0.33047421797265963,False
inner_2021,789,validation,random,6,338,2021-01-12,2020-05-26,inner_train,True,,False,0.3689075123743666,False
inner_2021,789,validation,random,7,80,2021-01-13,2019-05-08,inner_train,True,,False,0.6482518606520546,False
inner_2021,789,validation,random,8,193,2021-01-14,2019-10-22,inner_train,True,,False,0.6779333119241175,False
inner_2021,789,validation,random,9,1,2021-01-15,2019-01-09,inner_train,True,,False,1.6711121071635646,False
inner_2021,789,validation,random,10,20,2021-01-18,2019-02-05,inner_train,True,,True,0.14421133792470053,False
inner_2021,789,validation,random,11,294,2021-01-19,2020-03-19,inner_train,True,,False,0.4971150405274831,False
inner_2021,789,validation,random,12,118,2021-01-20,2019-07-03,inner_train,True,,True,0.8833542316278908,False
inner_2021,789,validation,random,13,39,2021-01-21,2019-03-05,inner_train,True,,False,0.24555714615111013,False
inner_2021,789,validation,random,14,232,2021-01-22,2019-12-19,inner_train,True,,False,0.6257659129673359,False
inner_2021,789,validation,random,15,213,2021-01-25,2019-11-20,inner_train,True,,False,0.7200022678631219,False
inner_2021,789,validation,random,16,203,2021-01-26,2019-11-06,inner_train,True,,False,0.36153683196883923,False
inner_2021,789,validation,random,17,373,2021-01-27,2020-07-16,inner_train,True,,True,0.19024762206637513,False
inner_2021,789,validation,random,18,202,2021-01-28,2019-11-05,inner_train,True,,True,0.812206540575934,False
inner_2021,789,validation,random,19,38,2021-01-29,2019-03-04,inner_train,True,,False,0.9191438008565616,False
inner_2021,789,validation,random,20,294,2021-02-01,2020-03-19,inner_train,True,,False,1.0945666272141712,False
inner_2021,789,validation,random,21,286,2021-02-02,2020-03-09,inner_train,True,,False,0.9389965007326873,False
inner_2021,789,validation,random,22,387,2021-02-03,2020-08-07,inner_train,True,,False,1.42685825573983,False
inner_2021,789,validation,random,23,375,2021-02-04,2020-07-20,inner_train,True,,True,2.1723413833709535,False
inner_2021,789,validation,random,24,364,2021-02-05,2020-07-02,inner_train,True,,False,1.4745147370890495,False
inner_2021,789,validation,random,25,357,2021-02-08,2020-06-23,inner_train,True,,True,0.8442374142340974,False
inner_2021,789,validation,random,26,210,2021-02-09,2019-11-15,inner_train,True,,True,2.8760303812624692,False
inner_2021,789,validation,random,27,309,2021-02-10,2020-04-10,inner_train,True,,False,0.8461451225073953,False
inner_2021,789,validation,random,28,305,2021-02-11,2020-04-03,inner_train,True,,False,0.1251631429540061,False
inner_2021,789,validation,random,29,208,2021-02-15,2019-11-13,inner_train,True,,True,1.2328765505082848,False
inner_2021,789,validation,random,30,32,2021-02-16,2019-02-22,inner_train,True,,False,0.11636358900215749,False
inner_2021,789,validation,random,31,408,2021-02-17,2020-09-10,inner_train,True,,False,0.45542273455352067,False
inner_2021,789,validation,random,32,460,2021-02-18,2020-11-25,inner_train,True,,False,0.17476996702999337,False
inner_2021,789,validation,random,33,238,2021-02-19,2019-12-27,inner_train,True,,True,0.6985380291948218,False
inner_2021,789,validation,random,34,136,2021-02-22,2019-07-31,inner_train,True,,False,0.11066556788751969,False
inner_2021,789,validation,random,35,253,2021-02-23,2020-01-21,inner_train,True,,True,0.9570290992043744,False
inner_2021,789,validation,random,36,440,2021-02-24,2020-10-28,inner_train,True,,False,0.3242846514293274,False
inner_2021,789,validation,random,37,417,2021-02-25,2020-09-23,inner_train,True,,False,0.13210992827714474,False
inner_2021,789,validation,random,38,301,2021-03-01,2020-03-30,inner_train,True,,False,2.7521752572061446,False
inner_2021,789,validation,random,39,317,2021-03-02,2020-04-22,inner_train,True,,False,0.6523251860396906,False
inner_2021,789,validation,random,40,313,2021-03-03,2020-04-16,inner_train,True,,False,0.32356883178530493,False
inner_2021,789,validation,random,41,94,2021-03-04,2019-05-29,inner_train,True,,False,0.3922198813581437,False
inner_2021,789,validation,random,42,8,2021-03-05,2019-01-18,inner_train,True,,False,0.16841865162496328,False
inner_2021,789,validation,random,43,140,2021-03-08,2019-08-06,inner_train,True,,False,0.17946848781154845,False
inner_2021,789,validation,random,44,78,2021-03-09,2019-05-03,inner_train,True,,True,1.5293118679548154,False
inner_2021,789,validation,random,45,284,2021-03-10,2020-03-05,inner_train,True,,False,0.6318016140573244,False
inner_2021,789,validation,random,46,251,2021-03-11,2020-01-17,inner_train,True,,False,0.3872375943488988,False
inner_2021,789,validation,random,47,205,2021-03-12,2019-11-08,inner_train,True,,True,0.8762853972604558,False
inner_2021,789,validation,random,48,176,2021-03-15,2019-09-26,inner_train,True,,False,0.8079727279238491,False
inner_2021,789,validation,random,49,223,2021-03-16,2019-12-04,inner_train,True,,False,0.610337490424016,False
inner_2021,789,validation,random,50,168,2021-03-17,2019-09-16,inner_train,True,,True,0.8445468270153142,False
inner_2021,789,validation,random,51,430,2021-03-18,2020-10-12,inner_train,True,,True,0.7489756301128874,False
inner_2021,789,validation,random,52,469,2021-03-19,2020-12-09,inner_train,True,,False,0.07864312731911349,False
inner_2021,789,validation,random,53,406,2021-03-22,2020-09-08,inner_train,True,,False,0.19315589895966445,False
inner_2021,789,validation,random,54,216,2021-03-23,2019-11-25,inner_train,True,,True,0.7389847187754115,False
inner_2021,789,validation,random,55,191,2021-03-24,2019-10-18,inner_train,True,,True,0.19004360288786515,False
inner_2021,789,validation,random,56,58,2021-03-25,2019-04-01,inner_train,True,,False,0.2809644899385648,False
inner_2021,789,validation,random,57,306,2021-03-26,2020-04-07,inner_train,True,,True,0.41494385206270845,False
inner_2021,789,validation,random,58,128,2021-03-29,2019-07-18,inner_train,True,,True,0.37614588252172565,False
inner_2021,789,validation,random,59,369,2021-03-30,2020-07-10,inner_train,True,,False,0.44802472252696024,False
inner_2021,789,validation,random,60,342,2021-03-31,2020-06-01,inner_train,True,,True,0.2776317365982792,False
inner_2021,789,validation,random,61,108,2021-04-01,2019-06-19,inner_train,True,,True,0.19530875232076594,False
inner_2021,789,validation,random,62,459,2021-04-02,2020-11-24,inner_train,True,,True,0.45366720992604215,False
inner_2021,789,validation,random,63,285,2021-04-05,2020-03-06,inner_train,True,,False,1.0986122886681096,False
inner_2021,789,validation,random,64,59,2021-04-07,2019-04-02,inner_train,True,,False,0.42884555675222824,False
inner_2021,789,validation,random,65,257,2021-04-08,2020-01-27,inner_train,True,,True,0.2938740426997022,False
inner_2021,789,validation,random,66,100,2021-04-09,2019-06-07,inner_train,True,,False,0.07410797215372167,False
inner_2021,789,validation,random,67,27,2021-04-12,2019-02-14,inner_train,True,,False,0.19929233549202996,False
inner_2021,789,validation,random,68,288,2021-04-16,2020-03-11,inner_train,True,,True,0.7741755955582406,False
inner_2021,789,validation,random,69,152,2021-04-19,2019-08-23,inner_train,True,,False,0.35247257796765386,False
inner_2021,789,validation,random,70,130,2021-04-20,2019-07-22,inner_train,True,,True,0.2703964361647544,False
inner_2021,789,validation,random,71,72,2021-04-21,2019-04-24,inner_train,True,,False,0.9521774912076792,False
inner_2021,789,validation,random,72,120,2021-04-22,2019-07-05,inner_train,True,,False,1.0952396041894699,False
inner_2021,789,validation,random,73,472,2021-04-23,2020-12-16,inner_train,True,,False,0.5438297629207067,False
inner_2021,789,validation,random,74,237,2021-04-26,2019-12-26,inner_train,True,,True,0.21217451994363534,False
inner_2021,789,validation,random,75,453,2021-04-27,2020-11-16,inner_train,True,,False,1.3045880363599545,False
inner_2021,789,validation,random,76,351,2021-04-28,2020-06-15,inner_train,True,,True,0.6510815152744325,False
inner_2021,789,validation,random,77,17,2021-04-29,2019-01-31,inner_train,True,,False,0.7328574462275097,False
inner_2021,789,validation,random,78,207,2021-04-30,2019-11-12,inner_train,True,,True,1.6025174695895261,False
inner_2021,789,validation,random,79,70,2021-05-05,2019-04-22,inner_train,True,,False,0.44402410171184714,False
inner_2021,789,validation,random,80,254,2021-05-06,2020-01-22,inner_train,True,,True,0.39370026652857826,False
inner_2021,789,validation,random,81,242,2021-05-07,2020-01-06,inner_train,True,,True,0.3184537311185345,False
inner_2021,789,validation,random,82,45,2021-05-10,2019-03-13,inner_train,True,,True,0.13840232285911913,False
inner_2021,789,validation,random,83,369,2021-05-11,2020-07-10,inner_train,True,,True,0.7928652088186898,False
inner_2021,789,validation,random,84,366,2021-05-12,2020-07-07,inner_train,True,,True,1.4240080816819263,False
inner_2021,789,validation,random,85,426,2021-05-13,2020-10-06,inner_train,True,,False,2.6916560224618555,False
inner_2021,789,validation,random,86,95,2021-05-14,2019-05-30,inner_train,True,,False,1.664853311507363,False
inner_2021,789,validation,random,87,266,2021-05-17,2020-02-07,inner_train,True,,False,1.527975375440708,False
inner_2021,789,validation,random,88,460,2021-05-18,2020-11-25,inner_train,True,,False,1.7821900182119048,False
inner_2021,789,validation,random,89,113,2021-05-19,2019-06-26,inner_train,True,,False,1.9191260651484958,False
inner_2021,789,validation,random,90,184,2021-05-20,2019-10-08,inner_train,True,,False,1.9568392195875037,False
inner_2021,789,validation,random,91,183,2021-05-21,2019-10-07,inner_train,True,,False,1.6574611073725318,False
inner_2021,789,validation,random,92,184,2021-05-24,2019-10-08,inner_train,True,,False,1.5082326788623122,False
inner_2021,789,validation,random,93,217,2021-05-25,2019-11-26,inner_train,True,,True,0.7089471813267321,False
inner_2021,789,validation,random,94,459,2021-05-27,2020-11-24,inner_train,True,,False,1.0634327815469367,False
inner_2021,789,validation,random,95,465,2021-05-28,2020-12-02,inner_train,True,,True,0.10821358464023279,False
inner_2021,789,validation,random,96,462,2021-05-31,2020-11-27,inner_train,True,,True,0.13815033848081715,False
inner_2021,789,validation,random,97,304,2021-06-01,2020-04-02,inner_train,True,,False,0.8548036692970613,False
inner_2021,789,validation,random,98,447,2021-06-02,2020-11-06,inner_train,True,,True,0.38032913483662245,False
inner_2021,789,validation,random,99,418,2021-06-04,2020-09-24,inner_train,True,,False,0.1294145918113645,False
inner_2021,789,validation,random,100,402,2021-06-07,2020-08-31,inner_train,True,,False,0.6469577980905705,False
inner_2021,789,validation,random,101,155,2021-06-08,2019-08-28,inner_train,True,,False,0.7313571359544424,False
inner_2021,789,validation,random,102,342,2021-06-09,2020-06-01,inner_train,True,,True,0.9877496958563001,False
inner_2021,789,validation,random,103,366,2021-06-10,2020-07-07,inner_train,True,,False,0.13353139262452274,False
inner_2021,789,validation,random,104,245,2021-06-11,2020-01-09,inner_train,True,,False,0.07262263953753001,False
inner_2021,789,validation,random,105,44,2021-06-14,2019-03-12,inner_train,True,,False,0.4258929307982622,False
inner_2021,789,validation,random,106,152,2021-06-15,2019-08-23,inner_train,True,,False,0.4243520257621638,False
inner_2021,789,validation,random,107,270,2021-06-16,2020-02-14,inner_train,True,,False,0.38151186708567186,False
inner_2021,789,validation,random,108,315,2021-06-17,2020-04-20,inner_train,True,,False,0.16430305129127598,False
inner_2021,789,validation,random,109,164,2021-06-18,2019-09-10,inner_train,True,,False,0.391912141703461,False
inner_2021,789,validation,random,110,43,2021-06-21,2019-03-11,inner_train,True,,False,0.48342664957787607,False
inner_2021,789,validation,random,111,289,2021-06-22,2020-03-12,inner_train,True,,False,0.13400611373479077,False
inner_2021,789,validation,random,112,431,2021-06-23,2020-10-14,inner_train,True,,False,0.4177352006999788,False
inner_2021,789,validation,random,113,119,2021-06-24,2019-07-04,inner_train,True,,False,0.5704267040396385,False
inner_2021,789,validation,random,114,394,2021-06-25,2020-08-19,inner_train,True,,False,0.867500567704723,False
inner_2021,789,validation,random,115,265,2021-06-28,2020-02-06,inner_train,True,,True,0.4769240720903092,False
inner_2021,789,validation,random,116,405,2021-06-29,2020-09-03,inner_train,True,,False,0.412090783080302,False
inner_2021,789,validation,random,117,345,2021-06-30,2020-06-05,inner_train,True,,False,0.1269714617107902,False
inner_2021,789,validation,random,118,170,2021-07-01,2019-09-18,inner_train,True,,False,0.41593640797545994,False
inner_2021,789,validation,random,119,27,2021-07-02,2019-02-14,inner_train,True,,False,0.10570888702522341,False
inner_2021,789,validation,random,120,329,2021-07-05,2020-05-13,inner_train,True,,False,0.7523360519502758,False
inner_2021,789,validation,random,121,60,2021-07-06,2019-04-03,inner_train,True,,False,0.5475071904005961,False
inner_2021,789,validation,random,122,201,2021-07-07,2019-11-04,inner_train,True,,False,0.9886113934537808,False
inner_2021,789,validation,random,123,181,2021-07-08,2019-10-03,inner_train,True,,True,0.4834266495778765,False
inner_2021,789,validation,random,124,439,2021-07-09,2020-10-27,inner_train,True,,True,0.6286086594223739,False
inner_2021,789,validation,random,125,439,2021-07-12,2020-10-27,inner_train,True,,True,0.8354713251324464,False
inner_2021,789,validation,random,126,114,2021-07-13,2019-06-27,inner_train,True,,False,0.7232452117172246,False
inner_2021,789,validation,random,127,237,2021-07-14,2019-12-26,inner_train,True,,False,0.4635727389154449,False
inner_2021,789,validation,random,128,193,2021-07-15,2019-10-22,inner_train,True,,True,0.5814431909799436,False
inner_2021,789,validation,random,129,19,2021-07-16,2019-02-04,inner_train,True,,False,0.2527159702061943,False
inner_2021,789,validation,random,130,363,2021-07-19,2020-07-01,inner_train,True,,False,0.8695690152267117,False
inner_2021,789,validation,random,131,111,2021-07-20,2019-06-24,inner_train,True,,False,0.36560050954423673,False
inner_2021,789,validation,random,132,266,2021-07-21,2020-02-07,inner_train,True,,True,0.5337581440710979,False
inner_2021,789,validation,random,133,2,2021-07-22,2019-01-10,inner_train,True,,False,0.5105755925107816,False
inner_2021,789,validation,random,134,308,2021-07-23,2020-04-09,inner_train,True,,False,1.1325695947257768,False
inner_2021,789,validation,random,135,208,2021-07-27,2019-11-13,inner_train,True,,False,2.076829502554078,False
inner_2021,789,validation,random,136,28,2021-07-29,2019-02-15,inner_train,True,,False,0.8581691715987327,False
inner_2021,789,validation,random,137,402,2021-07-30,2020-08-31,inner_train,True,,True,0.7001045924503382,False
inner_2021,789,validation,random,138,201,2021-08-02,2019-11-04,inner_train,True,,False,1.7500596161451707,False
inner_2021,789,validation,random,139,169,2021-08-03,2019-09-17,inner_train,True,,False,0.13976194237515882,False
inner_2021,789,validation,random,140,425,2021-08-04,2020-10-05,inner_train,True,,True,0.8418327522790392,False
inner_2021,789,validation,random,141,474,2021-08-05,2020-12-18,inner_train,True,,False,1.3970023753923626,False
inner_2021,789,validation,random,142,433,2021-08-06,2020-10-16,inner_train,True,,True,0.6109090823229733,False
inner_2021,789,validation,random,143,147,2021-08-09,2019-08-16,inner_train,True,,True,2.4088763494672967,False
inner_2021,789,validation,random,144,58,2021-08-10,2019-04-01,inner_train,True,,False,1.073202573142741,False
inner_2021,789,validation,random,145,227,2021-08-11,2019-12-12,inner_train,True,,True,0.49597911564899677,False
inner_2021,789,validation,random,146,445,2021-08-13,2020-11-04,inner_train,True,,True,0.5170175940139115,False
inner_2021,789,validation,random,147,405,2021-08-16,2020-09-03,inner_train,True,,False,0.45909363667563774,False
inner_2021,789,validation,random,148,396,2021-08-17,2020-08-21,inner_train,True,,False,0.14842000511827314,False
inner_2021,789,validation,random,149,202,2021-08-18,2019-11-05,inner_train,True,,True,0.24667404872440368,False
inner_2021,789,validation,random,150,424,2021-08-19,2020-10-02,inner_train,True,,False,0.6421616258270775,False
inner_2021,789,validation,random,151,225,2021-08-20,2019-12-09,inner_train,True,,False,0.45865181510124664,False
inner_2021,789,validation,random,152,227,2021-08-23,2019-12-12,inner_train,True,,False,0.3403258059372032,False
inner_2021,789,validation,random,153,263,2021-08-24,2020-02-04,inner_train,True,,False,0.9004076857011514,False
inner_2021,789,validation,random,154,356,2021-08-25,2020-06-22,inner_train,True,,False,1.2259517110447113,False
inner_2021,789,validation,random,155,465,2021-08-26,2020-12-02,inner_train,True,,True,1.3660916538023717,False
inner_2021,789,validation,random,156,285,2021-08-27,2020-03-06,inner_train,True,,False,0.20067069546215155,False
inner_2021,789,validation,random,157,420,2021-08-30,2020-09-28,inner_train,True,,False,1.2367626271489272,False
inner_2021,789,validation,random,158,269,2021-08-31,2020-02-13,inner_train,True,,False,0.48265474679929454,False
inner_2021,789,validation,random,159,297,2021-09-01,2020-03-24,inner_train,True,,False,0.8646896030990732,False
inner_2021,789,validation,random,160,84,2021-09-02,2019-05-14,inner_train,True,,False,1.996579548237018,False
inner_2021,789,validation,random,161,320,2021-09-03,2020-04-27,inner_train,True,,True,0.7430272491675485,False
inner_2021,789,validation,random,162,80,2021-09-06,2019-05-08,inner_train,True,,False,0.11332868530700368,False
inner_2021,789,validation,random,163,79,2021-09-07,2019-05-07,inner_train,True,,False,0.7436365804823373,False
inner_2021,789,validation,random,164,381,2021-09-08,2020-07-30,inner_train,True,,False,0.5500463369192721,False
inner_2021,789,validation,random,165,193,2021-09-09,2019-10-22,inner_train,True,,False,0.2635845208727208,False
inner_2021,789,validation,random,166,326,2021-09-10,2020-05-08,inner_train,True,,False,0.35139788683788886,False
inner_2021,789,validation,random,167,63,2021-09-13,2019-04-09,inner_train,True,,True,0.28483712031954944,False
inner_2021,789,validation,random,168,78,2021-09-14,2019-05-03,inner_train,True,,False,1.1238467598466513,False
inner_2021,789,validation,random,169,42,2021-09-15,2019-03-08,inner_train,True,,False,1.051099717120465,False
inner_2021,789,validation,random,170,253,2021-09-16,2020-01-21,inner_train,True,,True,0.3207429347126691,False
inner_2021,789,validation,random,171,454,2021-09-17,2020-11-17,inner_train,True,,False,2.1439800628174064,False
inner_2021,789,validation,random,172,223,2021-09-20,2019-12-04,inner_train,True,,True,0.4267425065554491,False
inner_2021,789,validation,random,173,450,2021-09-21,2020-11-11,inner_train,True,,False,1.2809338454620645,False
inner_2021,789,validation,random,174,230,2021-09-22,2019-12-17,inner_train,True,,False,0.31449332990243795,False
inner_2021,789,validation,random,175,136,2021-09-23,2019-07-31,inner_train,True,,False,0.8236436694893134,False
inner_2021,789,validation,random,176,312,2021-09-27,2020-04-15,inner_train,True,,False,0.4150214948283826,False
inner_2021,789,validation,random,177,461,2021-09-28,2020-11-26,inner_train,True,,False,0.3590325088813868,False
inner_2021,789,validation,random,178,103,2021-09-29,2019-06-12,inner_train,True,,False,0.6794169877480436,False
inner_2021,789,validation,random,179,39,2021-09-30,2019-03-05,inner_train,True,,False,0.38077249551779246,False
inner_2021,789,validation,random,180,180,2021-10-01,2019-10-02,inner_train,True,,True,0.6459686202848549,False
inner_2021,789,validation,random,181,188,2021-10-04,2019-10-15,inner_train,True,,True,0.17485326218642916,False
inner_2021,789,validation,random,182,91,2021-10-05,2019-05-24,inner_train,True,,False,1.2883139527596876,False
inner_2021,789,validation,random,183,77,2021-10-06,2019-05-02,inner_train,True,,False,1.6306401200847027,False
inner_2021,789,validation,random,184,114,2021-10-07,2019-06-27,inner_train,True,,False,0.9998774479824206,False
inner_2021,789,validation,random,185,285,2021-10-08,2020-03-06,inner_train,True,,False,0.03774032798284699,False
inner_2021,789,validation,random,186,266,2021-10-11,2020-02-07,inner_train,True,,False,1.4036861038317596,False
inner_2021,789,validation,random,187,247,2021-10-12,2020-01-13,inner_train,True,,False,0.27506360849256906,False
inner_2021,789,validation,random,188,292,2021-10-14,2020-03-17,inner_train,True,,False,1.0918417821008992,False
inner_2021,789,validation,random,189,247,2021-10-15,2020-01-13,inner_train,True,,False,0.2876820724517808,False
inner_2021,789,validation,random,190,274,2021-10-18,2020-02-20,inner_train,True,,False,1.5557707025080583,False
inner_2021,789,validation,random,191,185,2021-10-19,2019-10-09,inner_train,True,,False,0.46488852857896523,False
inner_2021,789,validation,random,192,34,2021-10-20,2019-02-26,inner_train,True,,True,0.6505875661411493,False
inner_2021,789,validation,random,193,83,2021-10-21,2019-05-13,inner_train,True,,False,1.5977872952141245,False
inner_2021,789,validation,random,194,336,2021-10-25,2020-05-22,inner_train,True,,True,1.218571603747089,False
inner_2021,789,validation,random,195,322,2021-10-26,2020-04-29,inner_train,True,,False,0.7417492937220564,False
inner_2021,789,validation,random,196,357,2021-10-27,2020-06-23,inner_train,True,,True,0.24699476713638946,False
inner_2021,789,validation,random,197,287,2021-10-28,2020-03-10,inner_train,True,,False,0.4006918293555066,False
inner_2021,789,validation,random,198,16,2021-10-29,2019-01-30,inner_train,True,,False,0.4974026034338497,False
inner_2021,789,validation,random,199,416,2021-11-01,2020-09-22,inner_train,True,,False,0.46103495926297544,False
inner_2021,789,validation,random,200,102,2021-11-02,2019-06-11,inner_train,True,,False,0.4076848648464777,False
inner_2021,789,validation,random,201,385,2021-11-03,2020-08-05,inner_train,True,,False,0.4138333577786808,False
inner_2021,789,validation,random,202,459,2021-11-04,2020-11-24,inner_train,True,,False,0.19716806491094907,False
inner_2021,789,validation,random,203,51,2021-11-05,2019-03-21,inner_train,True,,True,0.6313876136665137,False
inner_2021,789,validation,random,204,83,2021-11-08,2019-05-13,inner_train,True,,False,1.8389493520310123,False
inner_2021,789,validation,random,205,386,2021-11-09,2020-08-06,inner_train,True,,False,0.31177962403084125,False
inner_2021,789,validation,random,206,330,2021-11-10,2020-05-14,inner_train,True,,True,0.6398658139470084,False
inner_2021,789,validation,random,207,358,2021-11-11,2020-06-24,inner_train,True,,True,0.07244435506732172,False
inner_2021,789,validation,random,208,319,2021-11-12,2020-04-24,inner_train,True,,False,1.8939250253122553,False
inner_2021,789,validation,random,209,3,2021-11-15,2019-01-11,inner_train,True,,True,0.873731117455359,False
inner_2021,789,validation,random,210,143,2021-11-16,2019-08-09,inner_train,True,,False,0.6466271649250532,False
inner_2021,789,validation,random,211,205,2021-11-17,2019-11-08,inner_train,True,,True,0.3575256458190461,False
inner_2021,789,validation,random,212,451,2021-11-18,2020-11-12,inner_train,True,,True,0.5484952528905951,False
inner_2021,789,validation,random,213,346,2021-11-19,2020-06-08,inner_train,True,,False,0.5187937934151678,False
inner_2021,789,validation,random,214,11,2021-11-22,2019-01-23,inner_train,True,,True,0.32277339226305113,False
inner_2021,789,validation,random,215,339,2021-11-23,2020-05-27,inner_train,True,,False,1.4632554022560194,False
inner_2021,789,validation,random,216,153,2021-11-24,2019-08-26,inner_train,True,,False,1.278550403891308,False
inner_2021,789,validation,random,217,74,2021-11-25,2019-04-26,inner_train,True,,False,0.9555114450274367,False
inner_2021,789,validation,random,218,225,2021-11-26,2019-12-09,inner_train,True,,False,0.13339202951371254,False
inner_2021,789,validation,random,219,223,2021-11-29,2019-12-04,inner_train,True,,True,0.33119517952036936,False
inner_2021,789,validation,random,220,254,2021-11-30,2020-01-22,inner_train,True,,False,0.41129602841895796,False
inner_2021,789,validation,random,221,163,2021-12-01,2019-09-09,inner_train,True,,False,0.5143542744698029,False
inner_2021,789,validation,random,222,403,2021-12-02,2020-09-01,inner_train,True,,True,0.5561253829956541,False
inner_2021,789,validation,random,223,225,2021-12-03,2019-12-09,inner_train,True,,True,0.22058273045253562,False
inner_2021,789,validation,random,224,112,2021-12-07,2019-06-25,inner_train,True,,False,0.6474539529010466,False
inner_2021,789,validation,random,225,14,2021-12-08,2019-01-28,inner_train,True,,False,0.9633069023195233,False
inner_2021,789,validation,random,226,262,2021-12-09,2020-02-03,inner_train,True,,True,0.6247698831152082,False
inner_2021,789,validation,random,227,15,2021-12-13,2019-01-29,inner_train,True,,False,1.465822400742952,False
inner_2021,789,validation,random,228,72,2021-12-14,2019-04-24,inner_train,True,,False,1.1605899889440074,False
inner_2021,789,validation,random,229,224,2021-12-15,2019-12-06,inner_train,True,,False,0.9162907318741551,False
inner_2021,789,validation,random,230,481,2021-12-16,2020-12-29,inner_train,True,,False,1.0930874127361396,False
inner_2021,789,validation,random,231,29,2021-12-17,2019-02-18,inner_train,True,,False,0.13802129789737494,False
inner_2021,789,validation,random,232,225,2021-12-20,2019-12-09,inner_train,True,,False,0.4249689462270343,False
inner_2021,789,validation,random,233,341,2021-12-21,2020-05-29,inner_train,True,,False,0.33135713595444294,False
inner_2021,789,validation,random,234,365,2021-12-22,2020-07-03,inner_train,True,,False,0.4624200010356372,False
inner_2021,789,validation,random,235,28,2021-12-23,2019-02-15,inner_train,True,,True,0.14434230872873854,False
inner_2021,789,validation,random,236,318,2021-12-24,2020-04-23,inner_train,True,,False,1.2857540080140737,False
inner_2021,789,validation,random,237,279,2021-12-27,2020-02-27,inner_train,True,,False,0.6662582803436146,False
inner_2021,789,validation,random,238,122,2021-12-28,2019-07-09,inner_train,True,,False,1.107050085728937,False
inner_2021,789,validation,random,239,238,2021-12-29,2019-12-27,inner_train,True,,False,1.7798634707896,False
