model,fold,test_year,base_seed,arm,window,n_test,fit_seconds,inference_seconds,rmse,mae,mape,r2,direction_accuracy,balanced_accuracy,mcc,direction_coverage,n_direction_evaluated,n_actual_ties,n_predicted_abstentions,direction_tn,direction_fp,direction_fn,direction_tp,predicted_up_share
cnn,fold_1,2022,42,News-Only,20,241,3.012960500003828,0.1971017000032588,81.76421880449105,73.17612302087159,7.410160806752347,-12.496327608827317,0.4416666666666666,0.4889326119035907,-0.045452309563575,1.0,240,1,0,99,8,126,7,0.0625
cnn,fold_1,2022,42,Global-Numeric-Shuffled-News,20,241,3.739463300000352,0.2245910999990883,33.62360687192384,26.4564182420687,2.69424212059635,-1.2823257320697898,0.4916666666666666,0.4883704588574239,-0.0231616344062273,1.0,240,1,0,49,58,64,69,0.5291666666666667
cnn,fold_1,2022,42,Global-Numeric-Lagged-News,20,241,4.019653399998788,0.2428565000009257,20.277050630995,15.940726627858346,1.6209571948896953,0.1699608071497487,0.4875,0.4919190499613519,-0.0161228609309845,1.0,240,1,0,57,50,73,60,0.4583333333333333
cnn,fold_1,2022,42,Global-Numeric-Random-Features,20,241,3.749266100006935,0.2314566999993985,26.63872903959747,22.305749530317357,2.2705194926062138,-0.4325705831755244,0.4833333333333333,0.4625816878645211,-0.0802526338526561,1.0,240,1,0,29,78,46,87,0.6875
cnn,fold_1,2022,123,News-Only,20,241,3.06758400000399,0.2215168999973684,75.94085486836342,68.381259432487,6.919661888964772,-10.642332319073953,0.4458333333333333,0.4945190077998735,-0.0250005085214323,1.0,240,1,0,101,6,127,6,0.05
cnn,fold_1,2022,123,Global-Numeric-Shuffled-News,20,241,3.3845090000031632,0.2412855000002309,24.296752675309715,19.616714373732982,1.995864962945383,-0.1917509149113125,0.4875,0.4745625746609514,-0.052011105579711,1.0,240,1,0,38,69,54,79,0.6166666666666667
cnn,fold_1,2022,123,Global-Numeric-Lagged-News,20,241,3.4504674000054365,0.1919116999997641,22.79992489314528,18.10496029750933,1.8561310210003572,-0.0494357650157701,0.5583333333333333,0.5329913568969151,0.0745402723185808,1.0,240,1,0,32,75,31,102,0.7375
cnn,fold_1,2022,123,Global-Numeric-Random-Features,20,241,3.671516000002157,0.2058271999994758,23.85454767210969,18.926441898444867,1.9317312682965,-0.1487655418591253,0.5083333333333333,0.4979270606422599,-0.0041993339826878,1.0,240,1,0,43,64,54,79,0.5958333333333333
cnn,fold_1,2022,456,News-Only,20,241,2.911567600000126,0.2161411999986739,76.96485541673316,71.55298741844682,7.244067123647703,-10.958423895172489,0.4375,0.483346216007308,-0.0628561667934975,1.0,240,1,0,97,10,125,8,0.075
cnn,fold_1,2022,456,Global-Numeric-Shuffled-News,20,241,4.0656798999989405,0.2174910999965504,24.38085586087629,19.76308824275043,2.011645622582657,-0.2000156836888285,0.4791666666666667,0.4661302789684491,-0.0692523560481235,1.0,240,1,0,37,70,55,78,0.6166666666666667
cnn,fold_1,2022,456,Global-Numeric-Lagged-News,20,241,3.5441365000006044,0.1901827000037883,24.77599282094897,20.152192820018755,2.051052435226103,-0.239227839188395,0.4541666666666666,0.4563628697913007,-0.0868692732650309,1.0,240,1,0,51,56,75,58,0.475
cnn,fold_1,2022,456,Global-Numeric-Random-Features,20,241,3.895167200003925,0.2404475000003003,24.260661355180197,19.82698003584912,2.016591775498917,-0.1882130003076416,0.475,0.4687653713723561,-0.0624692572552877,1.0,240,1,0,44,63,63,70,0.5541666666666667
cnn,fold_1,2022,789,News-Only,20,241,3.075523299994529,0.185083599993959,61.778185845465295,55.41160024432723,5.600677124492219,-6.704763809408359,0.4416666666666666,0.4871056145035486,-0.0474761417235975,1.0,240,1,0,97,10,124,9,0.0791666666666666
cnn,fold_1,2022,789,Global-Numeric-Shuffled-News,20,241,3.507145900002797,0.2072786999997333,35.52233870722945,28.52195361510349,2.89869787292846,-1.5473705883996187,0.4791666666666667,0.4615627854683437,-0.0805682894113125,1.0,240,1,0,32,75,50,83,0.6583333333333333
cnn,fold_1,2022,789,Global-Numeric-Lagged-News,20,241,3.51836270000058,0.199364100000821,26.648617888323663,21.651570342972047,2.211977895615206,-0.4336343804167517,0.5166666666666667,0.4899163797343827,-0.0230235747103071,1.0,240,1,0,26,81,35,98,0.7458333333333333
cnn,fold_1,2022,789,Global-Numeric-Random-Features,20,241,3.5466749999977765,0.2008677000048919,26.931987020683653,20.707398372863835,2.1064785893207443,-0.4642857003363847,0.4583333333333333,0.468343756587731,-0.064128812176301,1.0,240,1,0,60,47,83,50,0.4041666666666667
cnn,fold_1,2022,2025,News-Only,20,241,3.634559600002831,0.2408596999957808,56.410070126641386,50.34499773165006,5.082253005850276,-5.423952299873177,0.4583333333333333,0.502143208488511,0.0072379960331229,1.0,240,1,0,97,10,120,13,0.0958333333333333
cnn,fold_1,2022,2025,Global-Numeric-Shuffled-News,20,241,4.384057899995241,0.2307405999963521,27.90170545986304,22.17465265685591,2.2555816530173733,-0.571630787786185,0.5208333333333334,0.5037242639308551,0.0078064338917725,1.0,240,1,0,37,70,45,88,0.6583333333333333
cnn,fold_1,2022,2025,Global-Numeric-Lagged-News,20,241,4.2835840999978245,0.2757965999990119,26.763559205360647,21.91744331974212,2.2321113492800344,-0.4460282087842835,0.4708333333333333,0.4832759468765371,-0.0341951467623514,1.0,240,1,0,64,43,84,49,0.3833333333333333
cnn,fold_1,2022,2025,Global-Numeric-Random-Features,20,241,4.253016700000444,0.2679024000026402,25.96920449230481,20.943497157462883,2.1319332455393774,-0.3614644968808589,0.5041666666666667,0.4832056777457663,-0.0361526622110131,1.0,240,1,0,31,76,43,90,0.6916666666666667
cnn,fold_2,2023,42,News-Only,20,243,4.006276699998125,0.2491915999999037,49.28791363694796,42.5082174884439,4.641716798725748,-0.2270736527953765,0.5082644628099173,0.509251644736842,0.0184824021783804,1.0,242,1,0,63,65,54,60,0.5165289256198347
cnn,fold_2,2023,42,Global-Numeric-Shuffled-News,20,243,4.638881699997,0.2598165000017616,22.056028078597905,18.34438710737129,1.9717410986567905,0.7542778121225934,0.5537190082644629,0.5598958333333333,0.1222283568320004,1.0,242,1,0,58,70,38,76,0.6033057851239669
cnn,fold_2,2023,42,Global-Numeric-Lagged-News,20,243,5.254158000003372,0.2430543000009493,23.85532579267825,20.011726082774327,2.1460417571273407,0.7125512225981745,0.5082644628099173,0.5130893640350878,0.0264993797702471,1.0,242,1,0,55,73,46,68,0.5826446280991735
cnn,fold_2,2023,42,Global-Numeric-Random-Features,20,243,4.504727499996079,0.2504295999970054,23.704989661331904,19.18170807300772,2.0632918264851887,0.7161628077454586,0.5785123966942148,0.5766173245614035,0.1534029464268241,1.0,242,1,0,78,50,52,62,0.4628099173553719
cnn,fold_2,2023,123,News-Only,20,243,4.3513071999987005,0.2628597000002628,47.81953983830692,41.37467613337952,4.521828927534559,-0.1550493681553448,0.5206611570247934,0.5214501096491229,0.0428415402675011,1.0,242,1,0,65,63,53,61,0.512396694214876
cnn,fold_2,2023,123,Global-Numeric-Shuffled-News,20,243,4.779035899999144,0.2152180999983102,18.288353615022327,15.08994416861868,1.6262010036436267,0.8310574743480759,0.5950413223140496,0.5951206140350878,0.1899291011527001,1.0,242,1,0,76,52,46,68,0.4958677685950413
cnn,fold_2,2023,123,Global-Numeric-Lagged-News,20,243,5.0684792999963975,0.2663565000038943,20.60558031026746,16.55877562749041,1.787115178324405,0.7855335013842625,0.5495867768595041,0.5535910087719298,0.1079504370879192,1.0,242,1,0,62,66,43,71,0.5661157024793388
cnn,fold_2,2023,123,Global-Numeric-Random-Features,20,243,4.901999100002286,0.2317666000017197,18.295097700587952,14.905468768818388,1.6060882722423644,0.8309328515470702,0.5785123966942148,0.5804550438596492,0.1609100877192982,1.0,242,1,0,70,58,44,70,0.5289256198347108
cnn,fold_2,2023,456,News-Only,20,243,3.838733199998387,0.2241743999984464,50.772851099802686,41.30498162813147,4.543400883789799,-0.3021255618054517,0.512396694214876,0.5145970394736843,0.0292261427450031,1.0,242,1,0,61,67,51,63,0.5371900826446281
cnn,fold_2,2023,456,Global-Numeric-Shuffled-News,20,243,4.766507499996806,0.2562321000004885,20.070353410289695,16.199243342616423,1.7566794955458227,0.7965302734947282,0.5454545454545454,0.5516036184210527,0.1053065820303162,1.0,242,1,0,57,71,39,75,0.6033057851239669
cnn,fold_2,2023,456,Global-Numeric-Lagged-News,20,243,5.143421200002194,0.2466969000015524,21.36120605606073,17.310791511084314,1.8766926071582868,0.7695157251421715,0.5578512396694215,0.5638020833333333,0.1299727769175572,1.0,242,1,0,59,69,38,76,0.5991735537190083
cnn,fold_2,2023,456,Global-Numeric-Random-Features,20,243,4.818299300000945,0.2292235000059008,17.613441935713823,13.874848918630269,1.4872593771003533,0.8432966699250123,0.5413223140495868,0.5361842105263158,0.0734718358370645,1.0,242,1,0,80,48,63,51,0.4090909090909091
cnn,fold_2,2023,789,News-Only,20,243,3.865378499998769,0.2234634000051301,52.33881207270566,41.03321903827749,4.52914640099126,-0.3836858004629526,0.5041322314049587,0.5111019736842105,0.0228322155878461,1.0,242,1,0,50,78,42,72,0.6198347107438017
cnn,fold_2,2023,789,Global-Numeric-Shuffled-News,20,243,4.928277400002116,0.2662232000002404,22.838924867696463,18.783696069320047,2.0089720891658143,0.7365239928660009,0.5413223140495868,0.5366639254385965,0.0742260113983361,1.0,242,1,0,79,49,62,52,0.4173553719008264
cnn,fold_2,2023,789,Global-Numeric-Lagged-News,20,243,4.95355710000149,0.2454068000006373,25.044488171646364,20.20600977955532,2.168872697005033,0.6831789108075687,0.5743801652892562,0.5727110745614035,0.1454969509121899,1.0,242,1,0,77,51,52,62,0.4669421487603306
cnn,fold_2,2023,789,Global-Numeric-Random-Features,20,243,4.796674700002768,0.2877176000038162,21.672542831919028,17.200969042022518,1.859892119721145,0.7627482079680847,0.5495867768595041,0.559827302631579,0.1273736168480972,1.0,242,1,0,49,79,30,84,0.6735537190082644
cnn,fold_2,2023,2025,News-Only,20,243,3.659037700002955,0.2127175999994506,52.534017746640586,40.73402277402917,4.503876765713811,-0.3940263872846996,0.5206611570247934,0.524328399122807,0.0489529142740835,1.0,242,1,0,59,69,47,67,0.5619834710743802
cnn,fold_2,2023,2025,Global-Numeric-Shuffled-News,20,243,4.642660999998043,0.2511421000017435,19.5196899049523,15.902871414633934,1.7086135827803428,0.8075421677808636,0.5785123966942148,0.5809347587719298,0.1620472985063321,1.0,242,1,0,69,59,43,71,0.5371900826446281
cnn,fold_2,2023,2025,Global-Numeric-Lagged-News,20,243,4.8947934999960125,0.2447197999936179,20.407912674270424,16.652009595657088,1.7876828302355798,0.789628484243786,0.5578512396694215,0.5580455043859649,0.1158965812431913,1.0,242,1,0,71,57,50,64,0.5
cnn,fold_2,2023,2025,Global-Numeric-Random-Features,20,243,4.659003099994152,0.2598904999977094,21.644205269708312,17.97530948810127,1.9175741393005463,0.7633682313872858,0.5165289256198347,0.5065104166666666,0.0138608174118777,1.0,242,1,0,87,41,76,38,0.3264462809917355
cnn,fold_3,2024,42,News-Only,20,244,3.879359700003988,0.2633853000006638,88.5052542356746,78.61372629325895,9.311019848951398,-3.0393226032820646,0.5409836065573771,0.5516521973214886,0.1205318211356363,1.0,244,0,0,37,90,22,95,0.7581967213114754
cnn,fold_3,2024,42,Global-Numeric-Shuffled-News,20,244,5.547906399995554,0.2222474000009242,29.09443353216072,23.73370415902528,2.811063502726592,0.5634939738490554,0.5532786885245902,0.5651457029409785,0.1589491740230917,1.0,244,0,0,35,92,17,100,0.7868852459016393
cnn,fold_3,2024,42,Global-Numeric-Lagged-News,20,244,5.316111699998146,0.2330870000005234,32.7016739460054,26.28898218609268,3.098336529161755,0.4485445921229248,0.4754098360655737,0.4889965677367252,-0.0294044468520528,1.0,244,0,0,20,107,21,96,0.8319672131147541
cnn,fold_3,2024,42,Global-Numeric-Random-Features,20,244,5.610435200003849,0.2496064999941154,26.901607898142863,21.786200139200083,2.571408223970552,0.6268126545685224,0.5204918032786885,0.5366781075442493,0.1187727428330922,1.0,244,0,0,18,109,8,109,0.8934426229508197
cnn,fold_3,2024,123,News-Only,20,244,3.9120697999969702,0.2572647000051802,79.35381041296806,68.79668650798621,8.075440544427472,-2.2471773051324777,0.5532786885245902,0.5621172353455818,0.137218687568615,1.0,244,0,0,44,83,26,91,0.7131147540983607
cnn,fold_3,2024,123,Global-Numeric-Shuffled-News,20,244,5.685985099997197,0.2411375000010593,20.825623294326977,17.096769602508815,1.9973400339268632,0.7763512636905165,0.5286885245901639,0.533784238508648,0.0696503356742591,1.0,244,0,0,52,75,40,77,0.6229508196721312
cnn,fold_3,2024,123,Global-Numeric-Lagged-News,20,244,5.311141899997892,0.2663677000018651,23.96217537851772,20.19028605745952,2.369650676348483,0.7039105612613129,0.5040983606557377,0.5128541624604617,0.0283951997027144,1.0,244,0,0,38,89,32,85,0.7131147540983607
cnn,fold_3,2024,123,Global-Numeric-Random-Features,20,244,6.1643882999997,0.2427196999997249,26.00976620908968,21.366392155480177,2.533615555827328,0.6511463037045142,0.5204918032786885,0.5319671579514099,0.0769405229061767,1.0,244,0,0,32,95,22,95,0.7786885245901639
cnn,fold_3,2024,456,News-Only,20,244,3.840510800000629,0.2410286000013002,81.13100936845441,72.45512473469385,8.551498906341756,-2.394252841228329,0.5532786885245902,0.5631267245440474,0.1433876685073405,1.0,244,0,0,41,86,23,94,0.7377049180327869
cnn,fold_3,2024,456,Global-Numeric-Shuffled-News,20,244,5.375016400001186,0.2317894000007072,44.33931384789007,38.880935104000734,4.583730882036717,-0.013790852190781,0.4877049180327868,0.5065280301500774,0.0329002357448106,1.0,244,0,0,6,121,4,113,0.9590163934426228
cnn,fold_3,2024,456,Global-Numeric-Lagged-News,20,244,5.272083300005761,0.2241530999963288,28.873777800682472,23.524233331269883,2.776253819624133,0.570089896353789,0.5081967213114754,0.5245305875227135,0.0808240623876525,1.0,244,0,0,16,111,9,108,0.8975409836065574
cnn,fold_3,2024,456,Global-Numeric-Random-Features,20,244,5.747347699994862,0.2669265000004088,34.572092012840955,29.295913401827438,3.462873697261258,0.3836580156447219,0.5204918032786885,0.5360051147452722,0.1095522930617645,1.0,244,0,0,20,107,10,107,0.8770491803278688
cnn,fold_3,2024,789,News-Only,20,244,4.194982799999707,0.2618234999972628,91.81678887638142,79.93739627486856,9.503773845779104,-3.347250158345457,0.5450819672131147,0.5572716871929471,0.1417682235071395,1.0,244,0,0,33,94,17,100,0.7950819672131147
cnn,fold_3,2024,789,Global-Numeric-Shuffled-News,20,244,5.518435899997712,0.2420434000014211,31.64194617398693,26.6464482605848,3.1537088605576757,0.4837063225056524,0.5368852459016393,0.54838818224645,0.116463654672718,1.0,244,0,0,34,93,20,97,0.7786885245901639
cnn,fold_3,2024,789,Global-Numeric-Lagged-News,20,244,5.422957100003259,0.2597519999981159,30.865015215193036,25.59072384429269,3.0278831007410107,0.5087490280234982,0.5163934426229508,0.531731610471768,0.0952020395954842,1.0,244,0,0,20,107,11,106,0.8729508196721312
cnn,fold_3,2024,789,Global-Numeric-Random-Features,20,244,5.505127399999765,0.2300574000037158,28.837277613840275,23.75232750638096,2.810797265708951,0.5711761332144889,0.5122950819672131,0.5291405881957063,0.1016565280940109,1.0,244,0,0,15,112,7,110,0.9098360655737704
cnn,fold_3,2024,2025,News-Only,20,244,4.021612900003674,0.2472553999978117,87.16952759628455,76.59699623679039,9.07959989888116,-2.918319239835905,0.5491803278688525,0.5608721986674743,0.1474990275607818,1.0,244,0,0,35,92,18,99,0.7827868852459017
cnn,fold_3,2024,2025,Global-Numeric-Shuffled-News,20,244,5.494577099998423,0.2364792000007582,27.87675978128243,22.35488970221065,2.643024943425593,0.5992670833803527,0.5450819672131147,0.5576081835924356,0.1447972502791521,1.0,244,0,0,32,95,16,101,0.8032786885245902
cnn,fold_3,2024,2025,Global-Numeric-Lagged-News,20,244,5.467448700001114,0.4249541000026511,29.90283795288684,23.949354620253438,2.8364727479485774,0.538899867965752,0.5122950819672131,0.5261121206003097,0.0704728524873652,1.0,244,0,0,24,103,16,101,0.8360655737704918
cnn,fold_3,2024,2025,Global-Numeric-Random-Features,20,244,5.630716399995436,0.2510531000007177,62.860690856067855,58.473042415150815,6.854913468838732,-1.0376459766947392,0.4795081967213114,0.5,0.0,1.0,244,0,0,0,127,0,117,1.0
cnn,fold_4,2025,42,News-Only,20,234,4.691161599999759,0.252777400004561,117.19561737806256,99.27480099105937,12.967303742251287,-4.3020210842728455,0.5085470085470085,0.5203947368421052,0.1060177630487992,1.0,234,0,0,7,113,2,112,0.9615384615384616
cnn,fold_4,2025,42,Global-Numeric-Shuffled-News,20,234,5.865011299996695,0.2394877999977325,21.72377603360457,17.48921290380323,2.22692073992776,0.8178247637532816,0.5213675213675214,0.5201754385964912,0.0405170774494494,1.0,234,0,0,68,52,60,54,0.452991452991453
cnn,fold_4,2025,42,Global-Numeric-Lagged-News,20,234,6.087257599996519,0.2513475000014296,30.594803292913376,25.20365104541692,3.238296084565409,0.6386616653918453,0.5128205128205128,0.5166666666666666,0.0349215147884789,1.0,234,0,0,44,76,38,76,0.6495726495726496
cnn,fold_4,2025,42,Global-Numeric-Random-Features,20,234,5.84908450000512,0.2442116000020178,21.3557091182964,17.358114882231273,2.2214960485070456,0.8239456737537703,0.5341880341880342,0.5355263157894737,0.0714058365637314,1.0,234,0,0,58,62,47,67,0.5512820512820513
cnn,fold_4,2025,123,News-Only,20,234,4.709702100000868,0.2582443999999668,116.91068572297569,99.49392553437976,12.988209191663271,-4.276271363992263,0.5,0.5125,0.1110750302167968,1.0,234,0,0,3,117,0,114,0.9871794871794872
cnn,fold_4,2025,123,Global-Numeric-Shuffled-News,20,234,5.938248300000851,0.2287862000011955,28.080000609149486,20.84349974995495,2.73133633184634,0.6956222279672394,0.5512820512820513,0.5537280701754386,0.1093717304061015,1.0,234,0,0,55,65,40,74,0.594017094017094
cnn,fold_4,2025,123,Global-Numeric-Lagged-News,20,234,6.356062399994698,0.266863299999386,27.5092126384278,20.44772178509488,2.592221570752432,0.707870760143481,0.5085470085470085,0.5043859649122807,0.009271687867503,1.0,234,0,0,80,40,75,39,0.3376068376068376
cnn,fold_4,2025,123,Global-Numeric-Random-Features,20,234,5.750274399993941,0.2888707000020076,20.42743712639881,16.108774639587114,2.076443199776335,0.8389182003770698,0.5427350427350427,0.5467105263157894,0.0981520964648172,1.0,234,0,0,47,73,34,80,0.6538461538461539
cnn,fold_4,2025,456,News-Only,20,234,4.450195700002951,0.2425310999969951,119.3545534769016,101.4204932425572,13.244732535248763,-4.499164266340638,0.4957264957264957,0.5078947368421053,0.0499306998973954,1.0,234,0,0,4,116,2,112,0.9743589743589745
cnn,fold_4,2025,456,Global-Numeric-Shuffled-News,20,234,5.873167099998682,0.2257702999995672,20.56931277449912,16.430415276664704,2.0862264474094614,0.8366728920087418,0.5042735042735043,0.5043859649122807,0.0087693660572044,1.0,234,0,0,60,60,56,58,0.5042735042735043
cnn,fold_4,2025,456,Global-Numeric-Lagged-News,20,234,6.19291130000056,0.2553719999996247,22.07319432368864,17.82102166358796,2.267409632820706,0.8119172000769236,0.4914529914529914,0.4910087719298245,-0.0179870586813495,1.0,234,0,0,61,59,60,54,0.4829059829059829
cnn,fold_4,2025,456,Global-Numeric-Random-Features,20,234,5.824477900001511,0.2753863999969326,21.208068118179483,17.143698141285753,2.1708928340821334,0.8263715343937752,0.5170940170940171,0.5166666666666666,0.0333418648727455,1.0,234,0,0,64,56,57,57,0.4829059829059829
cnn,fold_4,2025,789,News-Only,20,234,4.403355999995256,0.2225106000041705,123.83568638103112,107.53420920815728,14.000692906701287,-4.919845049522918,0.5,0.5125,0.1110750302167968,1.0,234,0,0,3,117,0,114,0.9871794871794872
cnn,fold_4,2025,789,Global-Numeric-Shuffled-News,20,234,6.085921900004905,0.2607936999993399,56.09492026936466,44.97498412001336,5.884625006921295,-0.2146909006839443,0.5427350427350427,0.5495614035087719,0.1168446361674165,1.0,234,0,0,34,86,21,93,0.7649572649572649
cnn,fold_4,2025,789,Global-Numeric-Lagged-News,20,234,6.061863700000686,0.2179984999966109,31.978020760400256,24.927346205566177,3.2265191986050823,0.6052502457728919,0.5299145299145299,0.5359649122807018,0.0814689242115821,1.0,234,0,0,36,84,26,88,0.7350427350427351
cnn,fold_4,2025,789,Global-Numeric-Random-Features,20,234,5.9210832999960985,0.2598732000042218,31.364324779501317,23.429687718690456,3.0451761918111844,0.6202562867551782,0.5384615384615384,0.5447368421052632,0.1024207896318922,1.0,234,0,0,36,84,24,90,0.7435897435897436
cnn,fold_4,2025,2025,News-Only,20,234,4.47048299999733,0.2225574000040069,125.21544889638956,108.5798186439938,14.138393995821945,-5.052496369501078,0.4871794871794871,0.5,0.0,1.0,234,0,0,0,120,0,114,1.0
cnn,fold_4,2025,2025,Global-Numeric-Shuffled-News,20,234,6.053861500004132,0.2689747999975225,20.82389754070909,16.80374833755514,2.1158945589571965,0.8326048986897129,0.5512820512820513,0.5478070175438596,0.0993715578307176,1.0,234,0,0,82,38,67,47,0.3632478632478632
cnn,fold_4,2025,2025,Global-Numeric-Lagged-News,20,234,6.144254899998487,0.23790210000152,22.463777928923616,18.188092177084883,2.296060674822717,0.8052020858130887,0.5256410256410257,0.5245614035087719,0.0492870102943036,1.0,234,0,0,68,52,59,55,0.4572649572649572
cnn,fold_4,2025,2025,Global-Numeric-Random-Features,20,234,5.9805211999992025,0.2645625000004656,21.785996745615265,17.401329921683953,2.2002027194868035,0.8167797054988812,0.5170940170940171,0.5140350877192983,0.028900753860172,1.0,234,0,0,76,44,69,45,0.3803418803418803
lstm,fold_1,2022,42,News-Only,5,241,4.275422200000321,0.3661675000039395,58.85816399877084,51.56911849082261,5.204996877182509,-5.99362674108152,0.45,0.4991919049961352,-0.0038414575903337,1.0,240,1,0,102,5,127,6,0.0458333333333333
lstm,fold_1,2022,42,Global-Numeric-Shuffled-News,5,241,3.809346200003347,0.3710281000021496,14.713104886224103,11.840798211810013,1.2004881590583545,0.5629836452362527,0.45,0.4562574660951444,-0.0876577074799546,1.0,240,1,0,55,52,80,53,0.4375
lstm,fold_1,2022,42,Global-Numeric-Lagged-News,5,241,3.756340400002955,0.3726058999964152,13.632078982597568,10.993560604791911,1.118780528748762,0.6248428606593527,0.4791666666666667,0.4706977724685546,-0.0589262375532599,1.0,240,1,0,42,65,60,73,0.575
lstm,fold_1,2022,42,Global-Numeric-Random-Features,5,241,3.723126000004413,0.3730967000010423,14.1369219015857,11.282978887236476,1.149297225183547,0.5965416149606186,0.4958333333333333,0.5040053404539385,0.008054665564834,1.0,240,1,0,62,45,76,57,0.425
lstm,fold_1,2022,123,News-Only,5,241,3.996567700000014,0.3705528999998932,52.11393901322346,42.33591171250801,4.281973951396141,-4.482729617485177,0.4833333333333333,0.5219591033658914,0.0618516593479315,1.0,240,1,0,94,13,111,22,0.1458333333333333
lstm,fold_1,2022,123,Global-Numeric-Shuffled-News,5,241,3.614228999998886,0.3809088000052725,16.277928079200155,13.207991371006417,1.3393939817333729,0.4650819178461574,0.4666666666666667,0.4968730236806971,-0.0074939977652715,1.0,240,1,0,83,24,104,29,0.2208333333333333
lstm,fold_1,2022,123,Global-Numeric-Lagged-News,5,241,3.7712835000056657,0.3764938999956939,20.136379829435175,16.27887741737349,1.6493713989764496,0.1814375514859989,0.4958333333333333,0.5387182910547397,0.1238426750955041,1.0,240,1,0,100,7,114,19,0.1083333333333333
lstm,fold_1,2022,123,Global-Numeric-Random-Features,5,241,3.79763990000356,0.3899413000035565,29.01290084026449,26.27543746558961,2.676988562283986,-0.6993050013756612,0.4458333333333333,0.5,0.0,1.0,240,1,0,107,0,133,0,0.0
lstm,fold_1,2022,456,News-Only,5,241,3.858633199997712,0.396000599997933,63.3923794251376,54.002126844799896,5.449441694431088,-7.112657377692482,0.4666666666666667,0.5114890028810344,0.0404201888746989,1.0,240,1,0,99,8,120,13,0.0875
lstm,fold_1,2022,456,Global-Numeric-Shuffled-News,5,241,3.700010599997768,0.3695465999990119,14.78797726059349,11.630888537717537,1.18357872119594,0.5585245311805583,0.5541666666666667,0.5319724545007378,0.0699278542928009,1.0,240,1,0,35,72,35,98,0.7083333333333334
lstm,fold_1,2022,456,Global-Numeric-Lagged-News,5,241,3.6751536000010674,0.3706470999968587,14.709354513657344,11.515436801692738,1.1721318962243512,0.5632064079057816,0.5416666666666666,0.5243482538121004,0.0511887416585036,1.0,240,1,0,39,68,42,91,0.6625
lstm,fold_1,2022,456,Global-Numeric-Random-Features,5,241,4.0056838000018615,0.5047481000001426,15.048159114386092,12.092368873634754,1.230707356978516,0.5428531016005402,0.5208333333333334,0.501897266530813,0.0040269036808461,1.0,240,1,0,35,72,43,90,0.675
lstm,fold_1,2022,789,News-Only,5,241,3.954349799998454,0.4356179000023985,63.89577532020646,52.354032918934536,5.295400655046938,-7.242013410773325,0.4791666666666667,0.5181997048696507,0.051884660784226,1.0,240,1,0,94,13,112,21,0.1416666666666666
lstm,fold_1,2022,789,Global-Numeric-Shuffled-News,5,241,4.009842800005572,0.3991218000010121,41.59470677224413,37.346598461287584,3.807983265125175,-2.492731188748463,0.5458333333333333,0.4933947017075398,-0.0512925325573749,1.0,240,1,0,1,106,3,130,0.9833333333333332
lstm,fold_1,2022,789,Global-Numeric-Lagged-News,5,241,3.816165900003398,0.3726327000040328,24.06669316510917,19.570482000790165,2.0000864229460005,-0.1692890166738654,0.5125,0.4751949968378891,-0.0675490909292646,1.0,240,1,0,14,93,24,109,0.8416666666666667
lstm,fold_1,2022,789,Global-Numeric-Random-Features,5,241,3.900816699999268,0.3840475999968475,28.76549921410009,23.84912099332726,2.435913538805949,-0.6704476086591336,0.5291666666666667,0.4856650973227461,-0.0475017880280736,1.0,240,1,0,9,98,15,118,0.9
lstm,fold_1,2022,2025,News-Only,5,241,3.8594396999978926,0.3690827999962494,54.57043972987539,45.98299440412604,4.635946542794192,-5.011791844790961,0.4833333333333333,0.5265265968659968,0.0863256799946602,1.0,240,1,0,99,8,116,17,0.1041666666666666
lstm,fold_1,2022,2025,Global-Numeric-Shuffled-News,5,241,3.780519799998729,0.3685817000005045,15.916861899110613,12.74109586365985,1.300848219289772,0.4885491265620383,0.4833333333333333,0.4881596514651113,-0.0236408612856541,1.0,240,1,0,57,50,74,59,0.4541666666666666
lstm,fold_1,2022,2025,Global-Numeric-Lagged-News,5,241,3.753014100002474,0.3675258000002941,16.17111879681895,12.45377957593852,1.272061103667896,0.472078726066625,0.5166666666666667,0.527369826435247,0.0554454436019295,1.0,240,1,0,67,40,76,57,0.4041666666666667
lstm,fold_1,2022,2025,Global-Numeric-Random-Features,5,241,3.74544550000428,0.3545254999989993,15.002527353054926,11.845521533330938,1.2093019984257325,0.5456213856980515,0.4791666666666667,0.4807462581687864,-0.0383021375844114,1.0,240,1,0,53,54,71,62,0.4833333333333333
lstm,fold_2,2023,42,News-Only,5,243,4.154833400003554,0.3550739000056637,51.99867454628957,41.675471722628345,4.585913107191337,-0.3657597472416762,0.5,0.5057565789473684,0.0117268670903059,1.0,242,1,0,52,76,45,69,0.5991735537190083
lstm,fold_2,2023,42,Global-Numeric-Shuffled-News,5,243,4.146922499996435,0.50738629999978,14.559098500856814,11.486344698677328,1.2327997299286495,0.8929322366823911,0.5247933884297521,0.5291940789473684,0.0589462486587259,1.0,242,1,0,58,70,45,69,0.5743801652892562
lstm,fold_2,2023,42,Global-Numeric-Lagged-News,5,243,4.103535000002012,0.3648862000045483,15.75551396034711,12.19615779690782,1.3028802138489606,0.8746123071690018,0.5454545454545454,0.5415296052631579,0.0837508062316202,1.0,242,1,0,78,50,60,54,0.4297520661157025
lstm,fold_2,2023,42,Global-Numeric-Random-Features,5,243,4.181117100000847,0.3809608000010485,14.535418467713695,11.337934624275547,1.2199413664329293,0.8932802398675127,0.5289256198347108,0.5316611842105263,0.063479171884626,1.0,242,1,0,62,66,48,66,0.5454545454545454
lstm,fold_2,2023,123,News-Only,5,243,4.202278499993554,0.349387200003548,58.33290401237307,46.25967089843357,5.09219927430166,-0.7187668027661838,0.4876033057851239,0.4935581140350877,-0.0131458415814737,1.0,242,1,0,50,78,46,68,0.6033057851239669
lstm,fold_2,2023,123,Global-Numeric-Shuffled-News,5,243,4.159317099998589,0.3819393000012496,15.160523907657476,12.396004657190993,1.329047647779605,0.8839037529558219,0.5,0.5148711622807017,0.034576479184753,1.0,242,1,0,33,95,26,88,0.756198347107438
lstm,fold_2,2023,123,Global-Numeric-Lagged-News,5,243,4.210402199998498,0.3882851000016671,15.819005206816746,12.692240494259106,1.37281491949694,0.873599701485795,0.5495867768595041,0.5406387061403508,0.0854652702378604,1.0,242,1,0,89,39,70,44,0.3429752066115702
lstm,fold_2,2023,123,Global-Numeric-Random-Features,5,243,4.208413399996061,0.3543332999979611,13.617617771995462,11.042364863122932,1.192911425780952,0.9063318286968398,0.5537190082644629,0.5483826754385965,0.0983972593715291,1.0,242,1,0,82,46,62,52,0.4049586776859504
lstm,fold_2,2023,456,News-Only,5,243,4.175106100003177,0.4076221000068472,53.4304117384748,42.85300986572547,4.72558905410042,-0.4420051233403226,0.5454545454545454,0.5540021929824561,0.1126386088011484,1.0,242,1,0,52,76,34,80,0.6446280991735537
lstm,fold_2,2023,456,Global-Numeric-Shuffled-News,5,243,5.110864299997047,0.491906299997936,15.35086776431657,12.21084550770224,1.3124599025279116,0.8809702222184949,0.5495867768595041,0.5296052631578947,0.082125596963296,1.0,242,1,0,112,16,93,21,0.152892561983471
lstm,fold_2,2023,456,Global-Numeric-Lagged-News,5,243,4.455955400000676,0.4228043000039179,13.441364108094458,10.819890231031463,1.1583681473372855,0.908740842936706,0.5247933884297521,0.5119243421052632,0.0266051313729937,1.0,242,1,0,94,34,81,33,0.2768595041322314
lstm,fold_2,2023,456,Global-Numeric-Random-Features,5,243,4.13133370000287,0.4079003999941051,17.434895947590945,14.484743266929842,1.5585789031605402,0.8464575446572471,0.5289256198347108,0.5023985745614035,0.0120308590034359,1.0,242,1,0,123,5,109,5,0.0413223140495867
lstm,fold_2,2023,789,News-Only,5,243,4.532649599997967,0.4013105000049108,54.83760163515164,44.01611794428569,4.849946545162428,-0.5189611502521967,0.5247933884297521,0.5330317982456141,0.0687217401479966,1.0,242,1,0,50,78,37,77,0.640495867768595
lstm,fold_2,2023,789,Global-Numeric-Shuffled-News,5,243,5.061081300002115,0.5019044000000576,18.13447238569084,14.884652666790505,1.591837906610976,0.833888534179955,0.5619834710743802,0.5533168859649122,0.1118108619990517,1.0,242,1,0,90,38,68,46,0.3471074380165289
lstm,fold_2,2023,789,Global-Numeric-Lagged-News,5,243,5.257824800006347,0.4610210999962874,19.268658061378225,15.651896439300168,1.6700486413987328,0.8124605226429057,0.5619834710743802,0.5513980263157895,0.1105536303326202,1.0,242,1,0,94,34,72,42,0.3140495867768595
lstm,fold_2,2023,789,Global-Numeric-Random-Features,5,243,5.323629300000903,0.5361018999974476,21.08556271805293,17.1328253509184,1.8744612407942252,0.775425649164576,0.5991735537190083,0.5980674342105263,0.1960475585638157,1.0,242,1,0,79,49,48,66,0.4752066115702479
lstm,fold_2,2023,2025,News-Only,5,243,5.804697899999155,0.4592740000007325,49.848110180339326,39.02110331845872,4.318656685478237,-0.2551255140651862,0.5247933884297521,0.5344709429824561,0.0729264583616239,1.0,242,1,0,47,81,34,80,0.6652892561983471
lstm,fold_2,2023,2025,Global-Numeric-Shuffled-News,5,243,5.6255029999956605,0.5811947999973199,13.248812206393584,10.654104603960675,1.1503226939904427,0.9113367492613136,0.5619834710743802,0.5624314692982456,0.1246580771974854,1.0,242,1,0,71,57,49,65,0.5041322314049587
lstm,fold_2,2023,2025,Global-Numeric-Lagged-News,5,243,5.638213199999882,0.5802502999940771,13.322850810852511,10.469809825685283,1.129400077502617,0.9103430231035008,0.5661157024793388,0.5629797149122807,0.1265987225593324,1.0,242,1,0,79,49,56,58,0.4421487603305785
lstm,fold_2,2023,2025,Global-Numeric-Random-Features,5,243,5.880738400002883,0.5414024999990943,13.385281559320202,10.467984114728342,1.135163439801576,0.9095007909384192,0.5371900826446281,0.5389939692982456,0.0779879385964912,1.0,242,1,0,65,63,49,65,0.5289256198347108
lstm,fold_3,2024,42,News-Only,5,244,6.1410771000009845,0.5798030000005383,92.63326877402326,81.17626760186715,9.644804624146795,-3.4249096822452803,0.5450819672131147,0.5596271619893667,0.1679909972954437,1.0,244,0,0,26,101,10,107,0.8524590163934426
lstm,fold_3,2024,42,Global-Numeric-Shuffled-News,5,244,5.849796099995729,0.5136657999973977,19.24819525804113,16.373709487353175,1.911131235019386,0.8089484950405396,0.5327868852459017,0.5505081095632276,0.1982204745868315,1.0,244,0,0,15,112,2,115,0.930327868852459
lstm,fold_3,2024,42,Global-Numeric-Lagged-News,5,244,6.154541399999289,0.5482237999967765,16.5495747142653,13.326393104894228,1.5484752336779923,0.8587644232810436,0.4959016393442623,0.508008614307827,0.0198242286690359,1.0,244,0,0,27,100,23,94,0.7950819672131147
lstm,fold_3,2024,42,Global-Numeric-Random-Features,5,244,6.314267599998857,0.5311378000042168,14.473177461329774,11.33730789180173,1.3103823870886342,0.8919814840513511,0.5204918032786885,0.5238912443636853,0.0483970955655898,1.0,244,0,0,56,71,46,71,0.5819672131147541
lstm,fold_3,2024,123,News-Only,5,244,4.742581599995901,0.3689553999938653,96.50550619943525,84.95173604486416,10.080599657408492,-3.802580111477313,0.5327868852459017,0.548152634766808,0.1444688426947379,1.0,244,0,0,22,105,9,108,0.8729508196721312
lstm,fold_3,2024,123,Global-Numeric-Shuffled-News,5,244,4.807115800002066,0.4168118000015965,16.68676374150837,13.56118368194727,1.5876133740368803,0.8564131506891265,0.4754098360655737,0.4916885389326334,-0.0273848332095338,1.0,244,0,0,12,115,13,104,0.8975409836065574
lstm,fold_3,2024,123,Global-Numeric-Lagged-News,5,244,4.687675900000613,0.4229734000036842,17.127740102587754,14.090888552804936,1.6440740542031973,0.8487238160689086,0.4672131147540984,0.4828050339861364,-0.0530894076731318,1.0,244,0,0,13,114,16,101,0.8811475409836066
lstm,fold_3,2024,123,Global-Numeric-Random-Features,5,244,4.671550200000638,0.4210664999991422,19.35650426512791,16.020448835267374,1.88349800652785,0.8067923638461826,0.5040983606557377,0.5205935796486978,0.0690938940231987,1.0,244,0,0,15,112,9,108,0.9016393442622952
lstm,fold_3,2024,456,News-Only,5,244,4.793542799998249,0.5318693000008352,83.21475169469883,73.97379752836265,8.7539974643052,-2.570845624799603,0.5450819672131147,0.5579446799919241,0.1480221966302131,1.0,244,0,0,31,96,15,102,0.8114754098360656
lstm,fold_3,2024,456,Global-Numeric-Shuffled-News,5,244,4.595689299996593,0.3583924000049592,11.088212103240153,9.009391152489874,1.041203540113146,0.9365993834069282,0.4877049180327868,0.4839827713843462,-0.0325410015319374,1.0,244,0,0,73,54,71,46,0.4098360655737705
lstm,fold_3,2024,456,Global-Numeric-Lagged-News,5,244,5.127789400001348,0.5114382999963709,11.040873999675476,8.8035932685215,1.020757849460553,0.9371395711999728,0.5,0.4954572986069049,-0.0093085929624949,1.0,244,0,0,77,50,72,45,0.3893442622950819
lstm,fold_3,2024,456,Global-Numeric-Random-Features,5,244,5.86341469999752,0.5020089000026928,11.36204577119973,9.103131070405738,1.05164297102134,0.9334292421839986,0.4959016393442623,0.4891648159364694,-0.022919051837629,1.0,244,0,0,83,44,79,38,0.3360655737704918
lstm,fold_3,2024,789,News-Only,5,244,4.663565399998333,0.3766322000010405,94.26761234061566,82.76879270926848,9.818576139139454,-3.5824258504668816,0.5245901639344263,0.5389326334208224,0.1084557377337266,1.0,244,0,0,24,103,13,104,0.8483606557377049
lstm,fold_3,2024,789,Global-Numeric-Shuffled-News,5,244,4.67631419999816,0.3918521000014152,19.087469205916733,15.70124912297383,1.843378325390946,0.8121258058805609,0.5286885245901639,0.5358032169055791,0.0762043773824467,1.0,244,0,0,46,81,34,83,0.6721311475409836
lstm,fold_3,2024,789,Global-Numeric-Lagged-News,5,244,4.736068100006378,0.3671698000034666,25.44938878733385,20.836191062145534,2.449923855471727,0.6660163976082635,0.5081967213114754,0.5204926307288512,0.051110150005335,1.0,244,0,0,28,99,21,96,0.7991803278688525
lstm,fold_3,2024,789,Global-Numeric-Random-Features,5,244,4.638233099998615,0.3792738999982248,27.2685083834301,22.20193774450997,2.611008318745266,0.6165637255362559,0.5327868852459017,0.5454606635708997,0.1151803822843919,1.0,244,0,0,30,97,17,100,0.8073770491803278
lstm,fold_3,2024,2025,News-Only,5,244,4.610462700002245,0.3650077999991481,86.6354906596934,75.94062781644158,9.022027118420908,-2.870455785413083,0.5327868852459017,0.5471431455683424,0.1313279935738556,1.0,244,0,0,25,102,12,105,0.8483606557377049
lstm,fold_3,2024,2025,Global-Numeric-Shuffled-News,5,244,4.649456300001475,0.4263104999990901,21.5831219251372,18.564368318822524,2.18073103828084,0.7597856432296625,0.5040983606557377,0.5209300760481863,0.0730142730652134,1.0,244,0,0,14,113,8,109,0.9098360655737704
lstm,fold_3,2024,2025,Global-Numeric-Lagged-News,5,244,4.69023589999415,0.4133061000029556,19.348367892635206,16.269313275437845,1.914742531758478,0.8069547566918168,0.5163934426229508,0.532404603270745,0.1032095172675081,1.0,244,0,0,18,109,9,108,0.889344262295082
lstm,fold_3,2024,2025,Global-Numeric-Random-Features,5,244,4.607429900002899,0.3782579000035184,18.485687183764025,15.172598806517032,1.7829374118822992,0.8237855044053544,0.5040983606557377,0.5182381048522781,0.050254977941021,1.0,244,0,0,22,105,16,101,0.8442622950819673
lstm,fold_4,2025,42,News-Only,5,234,6.677845900005195,0.5655689999985043,132.73625092777797,118.93923781684828,15.40210395636779,-5.801391935224346,0.4914529914529914,0.5039473684210526,0.03507632533162,1.0,234,0,0,2,118,1,113,0.9871794871794872
lstm,fold_4,2025,42,Global-Numeric-Shuffled-News,5,234,7.024665799996001,0.4906944999966072,14.693674376587406,11.691637159713869,1.470372433534458,0.9166550038919764,0.5726495726495726,0.5653508771929825,0.1593787998156079,1.0,234,0,0,102,18,82,32,0.2136752136752136
lstm,fold_4,2025,42,Global-Numeric-Lagged-News,5,234,6.009644599995227,0.4894324999986565,16.042169910635938,12.885612449283816,1.628325528958576,0.9006552475889198,0.5,0.4956140350877193,-0.0093313184008284,1.0,234,0,0,80,40,77,37,0.329059829059829
lstm,fold_4,2025,42,Global-Numeric-Random-Features,5,234,5.922512699995423,0.4791463000001386,13.636136528304649,10.938030464315196,1.3772279630861548,0.9282203411835346,0.5299145299145299,0.524780701754386,0.0541022966232331,1.0,234,0,0,87,33,77,37,0.2991452991452991
lstm,fold_4,2025,123,News-Only,5,234,4.99871439999697,0.3412940999987768,132.26901199214495,118.41322284002078,15.332886867546565,-5.75359365919252,0.4871794871794871,0.4997807017543859,-0.0023814924631598,1.0,234,0,0,1,119,1,113,0.9914529914529916
lstm,fold_4,2025,123,Global-Numeric-Shuffled-News,5,234,5.049601300001086,0.4232411000048159,15.151481144960549,11.865497388425805,1.4923907768040316,0.911380583236629,0.5726495726495726,0.5666666666666667,0.1510155668312255,1.0,234,0,0,96,24,76,38,0.2649572649572649
lstm,fold_4,2025,123,Global-Numeric-Lagged-News,5,234,5.023019100000965,0.4141850000014528,12.482926559220337,10.00615207168664,1.2585930233363554,0.9398477968008953,0.5427350427350427,0.5403508771929825,0.0821404016111129,1.0,234,0,0,76,44,63,51,0.405982905982906
lstm,fold_4,2025,123,Global-Numeric-Random-Features,5,234,5.481624800006102,0.576532799997949,15.562711127387196,12.651797093273354,1.598944088337812,0.9065048203434136,0.5384615384615384,0.5300438596491228,0.0797807120703255,1.0,234,0,0,103,17,91,23,0.1709401709401709
lstm,fold_4,2025,456,News-Only,5,234,5.409910599999421,0.4315395000012358,121.76867459045351,106.58749234352864,13.848552518144947,-4.723871374954471,0.4957264957264957,0.5076754385964912,0.0422257170263389,1.0,234,0,0,5,115,3,111,0.9658119658119658
lstm,fold_4,2025,456,Global-Numeric-Shuffled-News,5,234,5.147311400003673,0.3845925999994506,14.461806870993575,11.590878794130855,1.471606684933851,0.9192646331471368,0.4829059829059829,0.4859649122807017,-0.028900753860172,1.0,234,0,0,44,76,45,69,0.6196581196581197
lstm,fold_4,2025,456,Global-Numeric-Lagged-News,5,234,5.148116500000469,0.3934678000005078,17.304557097596017,13.584449582153406,1.7462928303425458,0.8844048309532977,0.4957264957264957,0.4971491228070175,-0.005735393346764,1.0,234,0,0,53,67,51,63,0.5555555555555556
lstm,fold_4,2025,456,Global-Numeric-Random-Features,5,234,5.181218599995191,0.3818734999949811,14.831495997976225,11.938587728068232,1.5007664975075865,0.9150841764660894,0.4658119658119658,0.4657894736842105,-0.0683985568056769,1.0,234,0,0,56,64,61,53,0.5
lstm,fold_4,2025,789,News-Only,5,234,5.026524199995038,0.4063788999992539,130.92238413339155,116.06990303112909,15.048295374858128,-5.616777312154074,0.4914529914529914,0.5039473684210526,0.03507632533162,1.0,234,0,0,2,118,1,113,0.9871794871794872
lstm,fold_4,2025,789,Global-Numeric-Shuffled-News,5,234,5.103418699996837,0.4493903000038699,19.32166322987001,14.90958535806841,1.9044077197872724,0.8558854850060937,0.4401709401709401,0.4407894736842105,-0.1185380887852941,1.0,234,0,0,50,70,61,53,0.5256410256410257
lstm,fold_4,2025,789,Global-Numeric-Lagged-News,5,234,4.9570230999961495,0.3888025999985984,23.79217769360211,19.482257851889496,2.524197440147134,0.781482060088324,0.5042735042735043,0.5135964912280702,0.0395593563961596,1.0,234,0,0,18,102,14,100,0.8632478632478633
lstm,fold_4,2025,789,Global-Numeric-Random-Features,5,234,5.011558199999854,0.4328199999945354,27.056136650758184,22.624101070915792,2.813254612495525,0.7174142385123952,0.5128205128205128,0.5041666666666667,0.0112938487863156,1.0,234,0,0,101,19,95,19,0.1623931623931624
lstm,fold_4,2025,2025,News-Only,5,234,5.22947259999637,0.3957125000015367,130.1407278238778,115.74311960810267,15.001885659684463,-5.538003827679499,0.4871794871794871,0.4993421052631579,-0.0041608916581162,1.0,234,0,0,3,117,3,111,0.9743589743589745
lstm,fold_4,2025,2025,Global-Numeric-Shuffled-News,5,234,5.205829599995923,0.4399279999997816,19.517896885314656,14.999067666024988,1.9544011222101605,0.8529433235304056,0.5683760683760684,0.575,0.1746667529218745,1.0,234,0,0,38,82,19,95,0.7564102564102564
lstm,fold_4,2025,2025,Global-Numeric-Lagged-News,5,234,5.069547300001432,0.3951832000020658,19.42778693986966,15.124303611007512,1.9675784770981892,0.8542980473551557,0.5427350427350427,0.549780701754386,0.1188931508435944,1.0,234,0,0,33,87,20,94,0.7735042735042735
lstm,fold_4,2025,2025,Global-Numeric-Random-Features,5,234,5.053731299994979,0.4134272999945096,20.698275136645982,15.945936813148164,2.077199568836235,0.8346184647325151,0.5555555555555556,0.5616228070175439,0.1395900469722841,1.0,234,0,0,39,81,23,91,0.7350427350427351
lstm_attention,fold_1,2022,42,News-Only,10,241,7.5795223000022816,0.6642127000013716,46.11656022965403,37.90743631675534,3.81701917204442,-3.293414721203905,0.4875,0.5330264914623006,0.1187910732308898,1.0,240,1,0,102,5,118,15,0.0833333333333333
lstm_attention,fold_1,2022,42,Global-Numeric-Shuffled-News,10,241,7.941389899999194,0.6292535999964457,24.86665881108921,18.90285054089124,1.921230740402205,-0.2483141671464341,0.4583333333333333,0.4747382474878785,-0.0527985880453282,1.0,240,1,0,67,40,90,43,0.3458333333333333
lstm_attention,fold_1,2022,42,Global-Numeric-Lagged-News,10,241,8.435453499994765,0.6966637000004994,24.748075438527835,18.45446313734866,1.8788013723346544,-0.23643670936345,0.45,0.4617384582952708,-0.0780746469017803,1.0,240,1,0,61,46,86,47,0.3875
lstm_attention,fold_1,2022,42,Global-Numeric-Random-Features,10,241,7.733994199996232,0.7296865000025718,22.13921129412712,17.016500453548314,1.7341582401907103,0.0105056504408229,0.45,0.4498629751949968,-0.0996873607151118,1.0,240,1,0,48,59,73,60,0.4958333333333333
lstm_attention,fold_1,2022,123,News-Only,10,241,8.059064900000521,0.7453481999982614,43.72474578755806,36.55703578379642,3.678856512977749,-2.859611703567806,0.5,0.5443046869510224,0.1496248032420999,1.0,240,1,0,102,5,115,18,0.0958333333333333
lstm_attention,fold_1,2022,123,Global-Numeric-Shuffled-News,10,241,7.962226999996346,0.7372461999984807,28.205290296471794,23.31883041419429,2.3752487504935216,-0.6060171409312138,0.4333333333333333,0.442133370810203,-0.1168553865091364,1.0,240,1,0,56,51,85,48,0.4125
lstm_attention,fold_1,2022,123,Global-Numeric-Lagged-News,10,241,7.730947600000945,0.7728286999990814,26.07714199911427,21.321000638888584,2.172554180271568,-0.3728055049439214,0.4666666666666667,0.4712950600801068,-0.0573133046598795,1.0,240,1,0,55,52,76,57,0.4541666666666666
lstm_attention,fold_1,2022,123,Global-Numeric-Random-Features,10,241,8.471740300003148,0.6910907999990741,27.06996056360126,22.415415231934222,2.28279791743348,-0.4793273083796001,0.4541666666666666,0.4591033658913639,-0.0817215184638036,1.0,240,1,0,54,53,78,55,0.45
lstm_attention,fold_1,2022,456,News-Only,10,241,7.742451099999016,0.6945589000024484,63.18743262515792,54.574997892696366,5.504088999875608,-7.060285925510614,0.4458333333333333,0.4936055090998524,-0.0271228574378179,1.0,240,1,0,100,7,126,7,0.0583333333333333
lstm_attention,fold_1,2022,456,Global-Numeric-Shuffled-News,10,241,7.69113870000001,0.742295700001705,26.478420173639773,20.01560093134766,2.033096485365592,-0.415380367379037,0.4708333333333333,0.4878434403766425,-0.0254813785523895,1.0,240,1,0,69,38,89,44,0.3416666666666667
lstm_attention,fold_1,2022,456,Global-Numeric-Lagged-News,10,241,7.539081900002202,0.7022309000021778,55.07701760559374,51.049685240271714,5.179976890733877,-5.123924940431797,0.4458333333333333,0.5,0.0,1.0,240,1,0,107,0,133,0,0.0
lstm_attention,fold_1,2022,456,Global-Numeric-Random-Features,10,241,7.347784600002342,0.6694322999974247,24.54754538909957,19.21024913384213,1.952362655551968,-0.216480556149655,0.45,0.4663059517953762,-0.07042259518146,1.0,240,1,0,66,41,91,42,0.3458333333333333
lstm_attention,fold_1,2022,789,News-Only,10,241,7.738645500001439,0.7372850000028848,68.1625803677472,59.26467320978893,5.982183260960752,-8.379529934036642,0.4458333333333333,0.4936055090998524,-0.0271228574378179,1.0,240,1,0,100,7,126,7,0.0583333333333333
lstm_attention,fold_1,2022,789,Global-Numeric-Shuffled-News,10,241,7.826665100001264,0.6878396999964025,22.23010989880548,18.53104217972497,1.8901612164398216,0.0023636892219206,0.5125,0.4943784695383317,-0.0118548834469894,1.0,240,1,0,35,72,45,88,0.6666666666666666
lstm_attention,fold_1,2022,789,Global-Numeric-Lagged-News,10,241,7.759842499996012,0.6206748000040534,21.247829309480984,17.45076991022869,1.7788898855428277,0.0885808151298176,0.4875,0.4763895720609936,-0.047910941045317,1.0,240,1,0,40,67,56,77,0.6
lstm_attention,fold_1,2022,789,Global-Numeric-Random-Features,10,241,7.719460000000254,0.7652468000014778,21.409635404125236,17.278081671815674,1.7614123050596298,0.0746467144453953,0.5125,0.4980324643384161,-0.0040588891212288,1.0,240,1,0,39,68,49,84,0.6333333333333333
lstm_attention,fold_1,2022,2025,News-Only,10,241,7.379108499997528,0.7193375999995624,61.901506007444745,53.73518886418267,5.420261874078232,-6.735554647443941,0.4541666666666666,0.505691799592439,0.0362421331276151,1.0,240,1,0,105,2,129,4,0.025
lstm_attention,fold_1,2022,2025,Global-Numeric-Shuffled-News,10,241,7.543428600001789,0.7003984999973909,23.020054208101687,17.89697267015446,1.820422397348404,-0.0697978289658833,0.4708333333333333,0.482362448176516,-0.0359207712792469,1.0,240,1,0,63,44,83,50,0.3916666666666666
lstm_attention,fold_1,2022,2025,Global-Numeric-Lagged-News,10,241,7.668754300000728,0.726843699994788,23.44605309641863,18.441513251689468,1.8774304237559416,-0.1097585931705986,0.4791666666666667,0.4898812451689972,-0.020533260447993,1.0,240,1,0,63,44,81,52,0.4
lstm_attention,fold_1,2022,2025,Global-Numeric-Random-Features,10,241,7.663286599999992,0.6618338999978732,27.504405481733635,21.22075394037355,2.1557364236546017,-0.5271916896436692,0.45,0.4717869439955027,-0.061450484202887,1.0,240,1,0,72,35,97,36,0.2958333333333333
lstm_attention,fold_2,2023,42,News-Only,10,243,8.20540240000264,0.652018799999496,50.43656097443319,39.78263125434824,4.374505507245332,-0.2849336260813362,0.5289256198347108,0.5354989035087719,0.0727122461167925,1.0,242,1,0,54,74,40,74,0.6115702479338843
lstm_attention,fold_2,2023,42,Global-Numeric-Shuffled-News,10,243,8.256422400001611,0.6823921999966842,27.94499241110328,21.8604132941132,2.370354137343271,0.6055447382337085,0.5289256198347108,0.5441337719298245,0.1032132715852809,1.0,242,1,0,36,92,22,92,0.7603305785123967
lstm_attention,fold_2,2023,42,Global-Numeric-Lagged-News,10,243,8.157104599995364,0.7341355000025942,28.00196365198638,21.80501788127568,2.3701614784168457,0.6039347529620072,0.5454545454545454,0.5602384868421053,0.1392676159068222,1.0,242,1,0,39,89,21,93,0.7520661157024794
lstm_attention,fold_2,2023,42,Global-Numeric-Random-Features,10,243,8.338466400004108,0.7117786999951932,25.072204752390917,19.86580803241257,2.1565056235954008,0.6824772748796604,0.5537190082644629,0.5675712719298245,0.1529500107928973,1.0,242,1,0,42,86,22,92,0.7355371900826446
lstm_attention,fold_2,2023,123,News-Only,10,243,7.611923000004026,0.6778859999976703,65.13186305651172,55.65901556304945,5.822186755471228,-1.1427759521925922,0.5619834710743802,0.545641447368421,0.1109349372496253,1.0,242,1,0,106,22,84,30,0.2148760330578512
lstm_attention,fold_2,2023,123,Global-Numeric-Shuffled-News,10,243,8.120486100000562,0.6079285999949207,21.01448704409596,16.917337812734722,1.8216372417070836,0.7769370976761076,0.5413223140495868,0.5476973684210527,0.0975127388684118,1.0,242,1,0,56,72,39,75,0.6074380165289256
lstm_attention,fold_2,2023,123,Global-Numeric-Lagged-News,10,243,8.184220200004347,0.596015900002385,24.00516591273754,19.29928506278207,2.0691454272506142,0.7089288340677131,0.512396694214876,0.5078810307017544,0.0159333215900278,1.0,242,1,0,75,53,65,49,0.4214876033057851
lstm_attention,fold_2,2023,123,Global-Numeric-Random-Features,10,243,8.230971400000271,0.7168781000000308,28.40950540384929,23.637298872264797,2.558588574818679,0.5923221579783906,0.5165289256198347,0.5333744517543859,0.0816958084249889,1.0,242,1,0,31,97,20,94,0.7892561983471075
lstm_attention,fold_2,2023,456,News-Only,10,243,8.406889799996861,0.6038611000039964,49.19477671986581,38.92559685417653,4.2764734484510925,-0.2224405543953354,0.5206611570247934,0.5248081140350878,0.0500293594980965,1.0,242,1,0,58,70,46,68,0.5702479338842975
lstm_attention,fold_2,2023,456,Global-Numeric-Shuffled-News,10,243,7.461612500002957,0.6645410999990418,19.720804469257665,15.745452043705995,1.6997988933728063,0.8035558882066808,0.5537190082644629,0.5594161184210527,0.1208362944406739,1.0,242,1,0,59,69,39,75,0.5950413223140496
lstm_attention,fold_2,2023,456,Global-Numeric-Lagged-News,10,243,8.001045900004101,0.675905199997942,21.20199804185617,16.627926874778876,1.8032842353368137,0.7729385840736308,0.5537190082644629,0.5627741228070176,0.1316436370065956,1.0,242,1,0,52,76,32,82,0.6528925619834711
lstm_attention,fold_2,2023,456,Global-Numeric-Random-Features,10,243,8.550129100003687,0.6222724999970524,20.23859285536812,16.24064900193193,1.7528790954889202,0.7931048124417077,0.5330578512396694,0.5398848684210527,0.0818579683011762,1.0,242,1,0,54,74,39,75,0.6157024793388429
lstm_attention,fold_2,2023,789,News-Only,10,243,7.947796100001142,0.7057915000041248,47.24478747662445,37.04581346029607,4.069616697726374,-0.1274507012110537,0.5289256198347108,0.5311814692982456,0.0624314316853354,1.0,242,1,0,63,65,49,65,0.5371900826446281
lstm_attention,fold_2,2023,789,Global-Numeric-Shuffled-News,10,243,8.496367899999314,0.5485677999968175,17.366873941448613,13.76316135735669,1.4811643960684826,0.8476532950410962,0.5495867768595041,0.5463952850877193,0.093261518142185,1.0,242,1,0,77,51,58,56,0.4421487603305785
lstm_attention,fold_2,2023,789,Global-Numeric-Lagged-News,10,243,8.123286599999119,0.69372999999905,18.18642571332766,14.672202896929578,1.5827107523142148,0.8329353875649612,0.5371900826446281,0.5341968201754386,0.0686766106960797,1.0,242,1,0,75,53,59,55,0.4462809917355372
lstm_attention,fold_2,2023,789,Global-Numeric-Random-Features,10,243,8.077185300004203,0.6911145999984001,17.96398716023934,14.37797918656726,1.5498118702705077,0.8369971365887735,0.5206611570247934,0.5185718201754386,0.0371844351356613,1.0,242,1,0,71,57,59,55,0.4628099173553719
lstm_attention,fold_2,2023,2025,News-Only,10,243,5.865618499999982,0.5037717999948654,45.96368752445512,36.387077632848126,3.990839761512278,-0.0671353058320427,0.5413223140495868,0.5429002192982456,0.0857622443472737,1.0,242,1,0,66,62,49,65,0.5247933884297521
lstm_attention,fold_2,2023,2025,Global-Numeric-Shuffled-News,10,243,6.190706099994713,0.4614243999967584,24.25108985819781,19.28860099065449,2.0841211394997816,0.7029344550265519,0.5371900826446281,0.5500274122807017,0.1111133815438885,1.0,242,1,0,42,86,26,88,0.71900826446281
lstm_attention,fold_2,2023,2025,Global-Numeric-Lagged-News,10,243,5.77917609999713,0.4980735999997705,27.03566252468554,21.567137767424786,2.333764696743201,0.6307982125331151,0.5371900826446281,0.5524259868421053,0.1226058272713352,1.0,242,1,0,37,91,21,93,0.7603305785123967
lstm_attention,fold_2,2023,2025,Global-Numeric-Random-Features,10,243,5.764607299999625,0.4930737000031513,22.12537269428194,17.636258211881525,1.910448264428681,0.752730271748381,0.5206611570247934,0.5286458333333333,0.0594493582007088,1.0,242,1,0,50,78,38,76,0.6363636363636364
lstm_attention,fold_3,2024,42,News-Only,10,244,6.4783416999998735,0.4645028999948408,87.21793199278936,77.22734603126516,9.15064789483314,-2.9226720576750846,0.5327868852459017,0.5457971599703884,0.117986016565108,1.0,244,0,0,29,98,16,101,0.8155737704918032
lstm_attention,fold_3,2024,42,Global-Numeric-Shuffled-News,10,244,6.997981299995445,0.4658546999999089,26.530146725048223,22.03203201660856,2.5855563068647887,0.637047547264997,0.5491803278688525,0.5591897166700317,0.1351330210288113,1.0,244,0,0,40,87,23,94,0.7418032786885246
lstm_attention,fold_3,2024,42,Global-Numeric-Lagged-News,10,244,7.109558299998753,0.523809500002244,25.48568993818324,20.323149971663938,2.388428070192814,0.6650629259083285,0.5491803278688525,0.558180227471566,0.1290793091131671,1.0,244,0,0,43,84,26,91,0.7172131147540983
lstm_attention,fold_3,2024,42,Global-Numeric-Random-Features,10,244,6.499748300004285,0.4772337000031257,24.772091540755294,20.98433781002388,2.4603266670414343,0.6835567878653885,0.5450819672131147,0.5539067231980618,0.1190814395909649,1.0,244,0,0,43,84,27,90,0.7131147540983607
lstm_attention,fold_3,2024,123,News-Only,10,244,6.429408899995906,0.4744070999950054,64.03289915648978,56.00666297418172,6.652405751595693,-1.1143494285181004,0.5409836065573771,0.5516521973214886,0.1205318211356363,1.0,244,0,0,37,90,22,95,0.7581967213114754
lstm_attention,fold_3,2024,123,Global-Numeric-Shuffled-News,10,244,6.6050376999992295,0.5224966000023414,27.72977145703626,22.87285290457673,2.701465024955425,0.6034819037961521,0.5409836065573771,0.5536711757184198,0.135982760728057,1.0,244,0,0,31,96,16,101,0.8073770491803278
lstm_attention,fold_3,2024,123,Global-Numeric-Lagged-News,10,244,6.506293099999311,0.5074828999931924,35.14297861122543,29.83189858626633,3.530451915274332,0.3631347270778211,0.5327868852459017,0.548152634766808,0.1444688426947379,1.0,244,0,0,22,105,9,108,0.8729508196721312
lstm_attention,fold_3,2024,123,Global-Numeric-Random-Features,10,244,6.625940699996136,0.5012140999970143,25.72116909485239,20.898038648972737,2.464433470515881,0.6588449212764191,0.5614754098360656,0.572346725890033,0.169813885702704,1.0,244,0,0,39,88,19,98,0.7622950819672131
lstm_attention,fold_3,2024,456,News-Only,10,244,6.490277400000196,0.4574227000048267,90.0626632311054,79.27238141878216,9.411323001219484,-3.182731648510548,0.5327868852459017,0.5464701527693654,0.1241820828828288,1.0,244,0,0,27,100,14,103,0.8319672131147541
lstm_attention,fold_3,2024,456,Global-Numeric-Shuffled-News,10,244,6.45172150000144,0.4483342000021366,18.70455634141053,15.363748778095005,1.7958922850710255,0.8195880690092092,0.5122950819672131,0.5176997106130965,0.0366529840320588,1.0,244,0,0,49,78,41,76,0.6311475409836066
lstm_attention,fold_3,2024,456,Global-Numeric-Lagged-News,10,244,6.382473399993614,0.5039827000000514,21.57215077866305,17.24448872840306,2.0217742402619407,0.7600297929946045,0.5204918032786885,0.5289386903560132,0.063397654132044,1.0,244,0,0,41,86,31,86,0.7049180327868853
lstm_attention,fold_3,2024,456,Global-Numeric-Random-Features,10,244,6.835921600002621,0.490066400001524,18.4788951832405,15.001749396031018,1.7542848225139145,0.8239149698736015,0.5286885245901639,0.5334477421091595,0.0686723701306598,1.0,244,0,0,53,74,41,76,0.6147540983606558
lstm_attention,fold_3,2024,789,News-Only,10,244,6.9167394999967655,0.4795766000024741,89.7833560393708,78.76373830427887,9.35693048033869,-3.156828450841397,0.5368852459016393,0.5507436570428696,0.1369498215862716,1.0,244,0,0,27,100,13,104,0.8360655737704918
lstm_attention,fold_3,2024,789,Global-Numeric-Shuffled-News,10,244,6.793056199996499,0.4828160999968531,16.674280523418087,13.740531829473412,1.6019749448924727,0.8566279023969736,0.5245901639344263,0.5322027054310519,0.0692330633555506,1.0,244,0,0,44,83,33,84,0.6844262295081968
lstm_attention,fold_3,2024,789,Global-Numeric-Lagged-News,10,244,6.658152200005134,0.4927397999999812,17.837392159425708,14.172821710695976,1.6561387519307686,0.8359284983839727,0.5327868852459017,0.5431051887744801,0.0994635317338101,1.0,244,0,0,37,90,24,93,0.75
lstm_attention,fold_3,2024,789,Global-Numeric-Random-Features,10,244,6.440342599998985,0.4902643999957945,16.89890382340411,13.76475839782933,1.6102447897712973,0.8527390830358519,0.5,0.5089171545864459,0.0197836997773217,1.0,244,0,0,37,90,32,85,0.7172131147540983
lstm_attention,fold_3,2024,2025,News-Only,10,244,6.883816299996397,0.541524299995217,87.68499047426556,77.19159681692473,9.16397060397118,-2.964796945857306,0.5245901639344263,0.5379231442223569,0.0994481865674081,1.0,244,0,0,27,100,16,101,0.8237704918032787
lstm_attention,fold_3,2024,2025,Global-Numeric-Shuffled-News,10,244,7.780532799995854,0.5403136000022641,27.06006513129304,21.7988627195749,2.567333689801979,0.6224033722549362,0.5450819672131147,0.5572716871929471,0.1417682235071395,1.0,244,0,0,33,94,17,100,0.7950819672131147
lstm_attention,fold_3,2024,2025,Global-Numeric-Lagged-News,10,244,6.933845500003372,0.4730592000050819,28.548936636314284,22.95953880040859,2.7000422009165845,0.5797087918995922,0.5450819672131147,0.5569351907934585,0.1389163235780326,1.0,244,0,0,34,93,18,99,0.7868852459016393
lstm_attention,fold_3,2024,2025,Global-Numeric-Random-Features,10,244,6.894932900002459,0.5097401999955764,26.67308690590424,21.918050349701616,2.58122584228092,0.6331259518318472,0.569672131147541,0.580557238037553,0.1890857871498946,1.0,244,0,0,40,87,18,99,0.7622950819672131
lstm_attention,fold_4,2025,42,News-Only,10,234,7.207756600000721,0.4781917000000248,122.71463945508096,107.31554804738256,13.94977291910498,-4.813149063571861,0.4914529914529914,0.5037280701754385,0.0257723713103827,1.0,234,0,0,3,117,2,112,0.9786324786324786
lstm_attention,fold_4,2025,42,Global-Numeric-Shuffled-News,10,234,7.396315300000424,0.4804775000011432,22.82969418067211,17.74143389710759,2.2724014403735278,0.7988042068345843,0.5,0.5015350877192982,0.0030913770718691,1.0,234,0,0,53,67,50,64,0.5598290598290598
lstm_attention,fold_4,2025,42,Global-Numeric-Lagged-News,10,234,7.207632900004683,0.5808438999956707,22.826052857010797,17.63389371721663,2.251737754117471,0.7988683829527793,0.5085470085470085,0.5094298245614035,0.0188976761324291,1.0,234,0,0,57,63,52,62,0.5341880341880342
lstm_attention,fold_4,2025,42,Global-Numeric-Random-Features,10,234,7.325717699997767,0.4826695000010659,23.88284365894672,19.019778361182947,2.423021807177724,0.7798134537297581,0.5,0.5,0.0,1.0,234,0,0,60,60,57,57,0.5
lstm_attention,fold_4,2025,123,News-Only,10,234,7.358501199996681,0.4701016999970306,132.09231960367072,121.89296388695377,15.72610077371363,-5.735562050245198,0.4871794871794871,0.5,0.0,1.0,234,0,0,0,120,0,114,1.0
lstm_attention,fold_4,2025,123,Global-Numeric-Shuffled-News,10,234,7.512592099999892,0.5568744000047445,32.96520520024784,26.198658062265466,3.391568224707274,0.5805016326257104,0.5726495726495726,0.5785087719298245,0.1760665201128367,1.0,234,0,0,42,78,22,92,0.7264957264957265
lstm_attention,fold_4,2025,123,Global-Numeric-Lagged-News,10,234,7.346526799999992,0.5403783999936422,27.91872415052425,22.12138195494301,2.8496077092469507,0.6991085525929154,0.5512820512820513,0.5565789473684211,0.1240398950699408,1.0,234,0,0,42,78,27,87,0.7051282051282052
lstm_attention,fold_4,2025,123,Global-Numeric-Random-Features,10,234,7.146091100003105,0.4868491000015638,29.93091546295398,23.769235245636377,3.068275209920236,0.654173150169262,0.5470085470085471,0.5535087719298245,0.1238875593904442,1.0,234,0,0,36,84,22,92,0.7521367521367521
lstm_attention,fold_4,2025,456,News-Only,10,234,7.317504699996789,0.4501498000026913,126.1054940887913,110.83727906225072,14.400909102527942,-5.138845793970472,0.4957264957264957,0.5081140350877192,0.0625771834629858,1.0,234,0,0,3,117,1,113,0.9829059829059827
lstm_attention,fold_4,2025,456,Global-Numeric-Shuffled-News,10,234,7.154697200006922,0.4758180999997421,32.429641366246315,25.50803956180556,3.3258134201545166,0.5940215324934467,0.5085470085470085,0.5120614035087719,0.0250708058747223,1.0,234,0,0,45,75,40,74,0.6367521367521367
lstm_attention,fold_4,2025,456,Global-Numeric-Lagged-News,10,234,7.226324999995995,0.4855465000000549,43.32510321832257,34.90538838007766,4.545989317678626,0.2754006833239113,0.5128205128205128,0.5164473684210527,0.0342755310691926,1.0,234,0,0,45,75,39,75,0.6410256410256411
lstm_attention,fold_4,2025,456,Global-Numeric-Random-Features,10,234,7.211344700001064,0.477306500004488,41.278971458993,31.831506594241176,4.171172542235206,0.3422263937312305,0.5256410256410257,0.5293859649122807,0.0614024189076443,1.0,234,0,0,46,74,37,77,0.6452991452991453
lstm_attention,fold_4,2025,789,News-Only,10,234,8.150626499998907,0.4893041999966954,122.36725366801436,107.49809806873654,13.9684941113128,-4.780283432173355,0.5,0.512280701754386,0.0848972231400843,1.0,234,0,0,4,116,1,113,0.9786324786324786
lstm_attention,fold_4,2025,789,Global-Numeric-Shuffled-News,10,234,7.258036599996558,0.7191634999981034,18.999044421046083,15.022374469274896,1.9071773700721717,0.8606579407721417,0.5170940170940171,0.5184210526315789,0.0370252485886014,1.0,234,0,0,56,64,49,65,0.5512820512820513
lstm_attention,fold_4,2025,789,Global-Numeric-Lagged-News,10,234,7.505653799998981,0.5058074999978999,19.929760936557877,15.718678957774092,1.994556138899088,0.8466715001833685,0.5,0.5004385964912281,0.0008774174966511,1.0,234,0,0,58,62,55,59,0.5170940170940171
lstm_attention,fold_4,2025,789,Global-Numeric-Random-Features,10,234,7.295195499995316,0.541261400001531,20.084407534490243,15.6271017071834,1.97832006237325,0.8442827382219187,0.5170940170940171,0.5162280701754386,0.0325215821813896,1.0,234,0,0,66,54,59,55,0.4658119658119658
lstm_attention,fold_4,2025,2025,News-Only,10,234,7.261145100004796,0.4942181000005803,125.62757257804196,110.6776510583386,14.376529159598425,-5.092403297940425,0.4957264957264957,0.5081140350877192,0.0625771834629858,1.0,234,0,0,3,117,1,113,0.9829059829059827
lstm_attention,fold_4,2025,2025,Global-Numeric-Shuffled-News,10,234,7.145524200001091,0.473544699998456,20.756133477643527,15.921630053386478,2.0372339373537462,0.8336925832280072,0.5641025641025641,0.5662280701754386,0.1341938622693024,1.0,234,0,0,58,62,40,74,0.5811965811965812
lstm_attention,fold_4,2025,2025,Global-Numeric-Lagged-News,10,234,7.159326699998928,0.4823284999947645,20.618963479095463,16.358421227851743,2.081728921609837,0.835883454529725,0.5256410256410257,0.5267543859649123,0.0536876362134378,1.0,234,0,0,58,62,49,65,0.5427350427350427
lstm_attention,fold_4,2025,2025,Global-Numeric-Random-Features,10,234,7.158090899996751,0.5636124000011478,19.97316733469192,15.886425408797388,2.014884066584914,0.8460028834751493,0.5128205128205128,0.5116228070175439,0.0233413598350089,1.0,234,0,0,67,53,61,53,0.452991452991453
lstm_cnn,fold_1,2022,42,News-Only,20,241,7.108992699999362,0.4610254999934113,51.36929382200617,46.65858970422472,4.702634552871322,-4.327165866929943,0.4458333333333333,0.5,0.0,1.0,240,1,0,107,0,133,0,0.0
lstm_cnn,fold_1,2022,42,Global-Numeric-Shuffled-News,20,241,7.031680499996583,0.5234836000017822,31.05913738076301,24.821643189637,2.532362969176825,-0.9474566881893932,0.4375,0.4367577823062328,-0.125740027133136,1.0,240,1,0,46,61,74,59,0.5
lstm_cnn,fold_1,2022,42,Global-Numeric-Lagged-News,20,241,6.912140700005693,0.6066409000050044,25.374084584065045,19.81935832381743,2.018294835354556,-0.2997798343182127,0.4875,0.4974000421614784,-0.0052584385165608,1.0,240,1,0,63,44,79,54,0.4083333333333333
lstm_cnn,fold_1,2022,42,Global-Numeric-Random-Features,20,241,7.209285899996757,0.5287401000023237,26.474910526541176,20.869943762280624,2.1257712048244315,-0.4150051821260323,0.5208333333333334,0.5119457522310449,0.0240878029554831,1.0,240,1,0,46,61,54,79,0.5833333333333334
lstm_cnn,fold_1,2022,123,News-Only,20,241,7.115953000000445,0.623750700004166,44.66324297301295,40.29016821163823,4.05795666276565,-3.027073310592212,0.4541666666666666,0.5075187969924813,0.0822228616409857,1.0,240,1,0,107,0,131,2,0.0083333333333333
lstm_cnn,fold_1,2022,123,Global-Numeric-Shuffled-News,20,241,6.9742089999999735,0.6055531000019982,23.6909689828048,19.18936313943746,1.947370983782936,-0.1330646138135591,0.4416666666666666,0.468835640503127,-0.0719516267381509,1.0,240,1,0,77,30,104,29,0.2458333333333333
lstm_cnn,fold_1,2022,123,Global-Numeric-Lagged-News,20,241,7.573397000000114,0.5170186000032118,41.104318542712704,32.34250593371909,3.2903221270589964,-2.410860309063904,0.4375,0.4824327173072869,-0.0631867410802605,1.0,240,1,0,96,11,124,9,0.0833333333333333
lstm_cnn,fold_1,2022,123,Global-Numeric-Random-Features,20,241,6.508033899997827,0.5734471000032499,32.57953465953656,28.02373549830366,2.854243822539612,-1.142785910267417,0.4833333333333333,0.449792706064226,-0.125772859816385,1.0,240,1,0,15,92,32,101,0.8041666666666667
lstm_cnn,fold_1,2022,456,News-Only,20,241,7.204673300002469,0.5253015999987838,54.98432547540633,49.93947303888713,5.036910949363468,-5.103329707916927,0.4458333333333333,0.5,0.0,1.0,240,1,0,107,0,133,0,0.0
lstm_cnn,fold_1,2022,456,Global-Numeric-Shuffled-News,20,241,7.215608799997426,0.5908954999977141,29.899908617045025,23.25974839856516,2.3664777427945123,-0.8047986200239712,0.4625,0.4730166537839926,-0.054755361194648,1.0,240,1,0,61,46,83,50,0.4
lstm_cnn,fold_1,2022,456,Global-Numeric-Lagged-News,20,241,6.779132999996364,0.6226310999991256,32.156196729629684,24.44606780403878,2.4926641728140706,-1.0874610572114651,0.4791666666666667,0.4935352399690815,-0.0133363499697517,1.0,240,1,0,67,40,85,48,0.3666666666666666
lstm_cnn,fold_1,2022,456,Global-Numeric-Random-Features,20,241,7.584895300002245,0.524004300001252,40.06927835281092,34.77950681178892,3.5505038343220336,-2.241246568395196,0.525,0.4809922001264844,-0.0641927189167137,1.0,240,1,0,8,99,15,118,0.9041666666666668
lstm_cnn,fold_1,2022,789,News-Only,20,241,6.724499500000093,0.5338463000007323,86.24392781212934,78.51615253345604,7.940139339900129,-14.015717292237476,0.4458333333333333,0.5,0.0,1.0,240,1,0,107,0,133,0,0.0
lstm_cnn,fold_1,2022,789,Global-Numeric-Shuffled-News,20,241,7.069742599996971,0.5033942999943974,23.550859115616863,19.34289114713668,1.9673129285976252,-0.1197022145357207,0.5041666666666667,0.4987351556461247,-0.0025274696432104,1.0,240,1,0,48,59,60,73,0.55
lstm_cnn,fold_1,2022,789,Global-Numeric-Lagged-News,20,241,7.218675199997961,0.5755946000062977,26.074617077941976,19.60602665875958,1.9948828897087865,-0.37253967382821,0.5208333333333334,0.5329562223315297,0.0671188913544493,1.0,240,1,0,69,38,77,56,0.3916666666666666
lstm_cnn,fold_1,2022,789,Global-Numeric-Random-Features,20,241,6.859714599995641,0.6233724000048824,24.97731337817182,19.92740876414963,2.03082364616692,-0.2594486747630662,0.4916666666666666,0.4828894666572975,-0.0344542788963616,1.0,240,1,0,43,64,58,75,0.5791666666666667
lstm_cnn,fold_1,2022,2025,News-Only,20,241,7.179064700001618,0.5573818999982905,61.3445407475248,57.01675057951349,5.763524618213785,-6.596977973505005,0.4458333333333333,0.5,0.0,1.0,240,1,0,107,0,133,0,0.0
lstm_cnn,fold_1,2022,2025,Global-Numeric-Shuffled-News,20,241,7.414041299998644,0.6009812999982387,31.707553262207124,23.54601337702443,2.398000491814233,-1.029618858532344,0.4791666666666667,0.4834867542688497,-0.03294671581549,1.0,240,1,0,56,51,74,59,0.4583333333333333
lstm_cnn,fold_1,2022,2025,Global-Numeric-Lagged-News,20,241,6.785110799995891,0.5575064000004204,40.87117392537308,30.496880345497893,3.113608195269894,-2.372277090255249,0.4791666666666667,0.5035837256693134,0.0079787686121792,1.0,240,1,0,78,29,96,37,0.275
lstm_cnn,fold_1,2022,2025,Global-Numeric-Random-Features,20,241,7.03073449999647,0.5371311000053538,32.6311292858755,25.472517735201297,2.5982352169489684,-1.1495781361719803,0.4541666666666666,0.471892347691659,-0.0592744172349473,1.0,240,1,0,68,39,92,41,0.3333333333333333
lstm_cnn,fold_2,2023,42,News-Only,20,243,7.809262100003252,0.6328408999979729,46.791304798696494,35.979436706907954,3.962850268037231,-0.1059107340100293,0.5082644628099173,0.5145285087719298,0.0297021560921024,1.0,242,1,0,52,76,43,71,0.6074380165289256
lstm_cnn,fold_2,2023,42,Global-Numeric-Shuffled-News,20,243,8.134110300001339,0.58365639999829,19.28628763700139,15.601732894913155,1.685206315567457,0.8121171926729247,0.5454545454545454,0.5492050438596492,0.0990089928134985,1.0,242,1,0,62,66,44,70,0.5619834710743802
lstm_cnn,fold_2,2023,42,Global-Numeric-Lagged-News,20,243,8.434106499997142,0.5481771000049775,21.31503628146785,17.36555010999671,1.8702179005842496,0.7705109785847593,0.5206611570247934,0.524328399122807,0.0489529142740835,1.0,242,1,0,59,69,47,67,0.5619834710743802
lstm_cnn,fold_2,2023,42,Global-Numeric-Random-Features,20,243,7.8620530999978655,0.5949928000045475,20.28346753324534,16.08041693265545,1.7393469114206233,0.7921863051145144,0.5289256198347108,0.5326206140350878,0.0656382737872219,1.0,242,1,0,60,68,46,68,0.5619834710743802
lstm_cnn,fold_2,2023,123,News-Only,20,243,7.67551739999908,0.4891471000009915,48.748114044677,38.21734713962539,4.184007809182934,-0.2003430951142448,0.5,0.5033580043859649,0.0067500951092571,1.0,242,1,0,57,71,50,64,0.5578512396694215
lstm_cnn,fold_2,2023,123,Global-Numeric-Shuffled-News,20,243,8.455151699999988,0.5500112999943667,24.612424161054765,19.93138933393198,2.164542861866501,0.6940161227234338,0.5454545454545454,0.5602384868421053,0.1392676159068222,1.0,242,1,0,39,89,21,93,0.7520661157024794
lstm_cnn,fold_2,2023,123,Global-Numeric-Lagged-News,20,243,7.964506899996195,0.6031149999980698,23.830490502401403,18.646040671205327,2.016395977859778,0.713149425097773,0.5661157024793388,0.5620202850877193,0.1252261855308615,1.0,242,1,0,81,47,58,56,0.4256198347107438
lstm_cnn,fold_2,2023,123,Global-Numeric-Random-Features,20,243,8.45958179999434,0.5052387999967323,24.858547272317896,20.240828221589936,2.181827297429431,0.6878658751763879,0.5247933884297521,0.5215186403508771,0.0432557115164639,1.0,242,1,0,74,54,61,53,0.4421487603305785
lstm_cnn,fold_2,2023,456,News-Only,20,243,8.46367630000168,0.6002432000022964,46.30872180356915,35.69305376395276,3.9169102565195866,-0.0832167062796398,0.5082644628099173,0.5111705043859649,0.0224140904482148,1.0,242,1,0,59,69,50,64,0.5495867768595041
lstm_cnn,fold_2,2023,456,Global-Numeric-Shuffled-News,20,243,7.595352800002729,0.5560823999985587,17.952161273709745,14.471547708854748,1.5550506368937715,0.8372116790343909,0.5082644628099173,0.5121299342105263,0.0244337945838385,1.0,242,1,0,57,71,48,66,0.5661157024793388
lstm_cnn,fold_2,2023,456,Global-Numeric-Lagged-News,20,243,8.16245329999947,0.5468636000005063,20.29105237403354,16.065437016634274,1.7488706672663872,0.7920308555103723,0.5289256198347108,0.5426946271929824,0.0966408283204615,1.0,242,1,0,39,89,25,89,0.7355371900826446
lstm_cnn,fold_2,2023,456,Global-Numeric-Random-Features,20,243,7.847576299995126,0.6082940000051167,17.565482403951155,13.925109579764268,1.5039867631780677,0.8441488811532846,0.5413223140495868,0.5462582236842105,0.0936496405493026,1.0,242,1,0,59,69,42,72,0.5826446280991735
lstm_cnn,fold_2,2023,789,News-Only,20,243,7.864688800000295,0.617655800000648,44.09805745162904,34.82207424497407,3.816306619960241,0.0177349776129405,0.5206611570247934,0.5238486842105263,0.0478947104654023,1.0,242,1,0,60,68,48,66,0.5537190082644629
lstm_cnn,fold_2,2023,789,Global-Numeric-Shuffled-News,20,243,8.669386599998688,0.5100341999932425,21.697445910573144,17.856551635191753,1.924307516659481,0.7622026610442286,0.5413223140495868,0.5476973684210527,0.0975127388684118,1.0,242,1,0,56,72,39,75,0.6074380165289256
lstm_cnn,fold_2,2023,789,Global-Numeric-Lagged-News,20,243,8.076854799997818,0.5777203000034206,23.99830295084848,18.890029056322437,2.034036435318345,0.7090952419794477,0.5371900826446281,0.5313185307017544,0.0639111659865265,1.0,242,1,0,81,47,65,49,0.396694214876033
lstm_cnn,fold_2,2023,789,Global-Numeric-Random-Features,20,243,8.474425799999153,0.4891946999996435,22.762889855724197,18.93579011330388,2.051818759505652,0.7382753935138395,0.5371900826446281,0.548108552631579,0.1034781979913325,1.0,242,1,0,46,82,30,84,0.6859504132231405
lstm_cnn,fold_2,2023,2025,News-Only,20,243,8.17849379999825,0.5818050000016228,57.62305310852277,44.761889012173846,4.93719395202224,-0.6771901075108415,0.4958677685950413,0.5061677631578947,0.0131748557612975,1.0,242,1,0,42,86,36,78,0.6776859504132231
lstm_cnn,fold_2,2023,2025,Global-Numeric-Shuffled-News,20,243,8.141364299997804,0.5917745000042487,24.329792687612308,19.00858483312553,2.045780970630735,0.7010031738502558,0.5371900826446281,0.5289199561403508,0.0603216915153358,1.0,242,1,0,86,42,70,44,0.3553719008264462
lstm_cnn,fold_2,2023,2025,Global-Numeric-Lagged-News,20,243,8.275939699997252,0.5043182999943383,23.701642280288524,19.07944982446761,2.0584811393172724,0.7162429633724164,0.5619834710743802,0.560032894736842,0.1201976574864919,1.0,242,1,0,76,52,54,60,0.4628099173553719
lstm_cnn,fold_2,2023,2025,Global-Numeric-Random-Features,20,243,7.934913299999607,0.5754864999980782,23.29329539578593,18.57014838879491,1.9938962935313955,0.7259362283762116,0.5330578512396694,0.5293311403508771,0.0590828479202422,1.0,242,1,0,76,52,61,53,0.4338842975206611
lstm_cnn,fold_3,2024,42,News-Only,20,244,8.972739900003944,0.5400173000016366,86.82830779326653,76.0573328028106,9.03457230774816,-2.8877032358818417,0.5245901639344263,0.5379231442223569,0.0994481865674081,1.0,244,0,0,27,100,16,101,0.8237704918032787
lstm_cnn,fold_3,2024,42,Global-Numeric-Shuffled-News,20,244,9.124983599998814,0.5322491999977501,28.758539006370658,25.109629131565303,2.968739594219969,0.5735146963644628,0.4959016393442623,0.5117100747022008,0.0367095077842401,1.0,244,0,0,16,111,12,105,0.8852459016393442
lstm_cnn,fold_3,2024,42,Global-Numeric-Lagged-News,20,244,8.951940499995544,0.6130284000028041,17.34363740309662,13.08555576511094,1.517737750403857,0.8448860695843357,0.5532786885245902,0.5580792785517195,0.1192439746936809,1.0,244,0,0,56,71,38,79,0.6147540983606558
lstm_cnn,fold_3,2024,42,Global-Numeric-Random-Features,20,244,9.026812600000994,0.6174220000029891,30.523971621486982,25.054111902953156,2.9609882800452283,0.5195452248524393,0.5245901639344263,0.5392691298203109,0.111935772156437,1.0,244,0,0,23,104,12,105,0.8565573770491803
lstm_cnn,fold_3,2024,123,News-Only,20,244,9.197982899997442,0.5320969999957015,93.26482193564225,80.8342571869932,9.61787553338044,-3.4854514746831207,0.5204918032786885,0.533313143549364,0.0850998691428054,1.0,244,0,0,28,99,18,99,0.8114754098360656
lstm_cnn,fold_3,2024,123,Global-Numeric-Shuffled-News,20,244,9.647105800002464,0.6280772000027355,39.65892707316384,33.80276643078344,3.9977085128475256,0.1889411766528577,0.5245901639344263,0.5419611010162191,0.1564600996793889,1.0,244,0,0,15,112,4,113,0.9221311475409836
lstm_cnn,fold_3,2024,123,Global-Numeric-Lagged-News,20,244,9.067863299998862,0.5428621000028215,43.16274830738751,36.92530187039588,4.368950612051745,0.0392981844360197,0.4959016393442623,0.5144020458981089,0.0665448364771817,1.0,244,0,0,8,119,4,113,0.9508196721311476
lstm_cnn,fold_3,2024,123,Global-Numeric-Random-Features,20,244,9.06211080000503,0.5035569999963627,30.703869075246917,24.88447802229492,2.9501663844456605,0.5138652764318816,0.5163934426229508,0.532404603270745,0.1032095172675081,1.0,244,0,0,18,109,9,108,0.889344262295082
lstm_cnn,fold_3,2024,456,News-Only,20,244,9.42541980000533,0.5074204999982612,88.29764744575486,76.7484468545288,9.130306997379163,-3.0203947494487284,0.5368852459016393,0.5487246786459385,0.1188834731329735,1.0,244,0,0,33,94,19,98,0.7868852459016393
lstm_cnn,fold_3,2024,456,Global-Numeric-Shuffled-News,20,244,9.011359600001017,0.5997985000067274,22.71109822586789,17.89787031590937,2.118154507422705,0.7340213954757568,0.5163934426229508,0.5303856248738139,0.0828483235691124,1.0,244,0,0,24,103,15,102,0.8401639344262295
lstm_cnn,fold_3,2024,456,Global-Numeric-Lagged-News,20,244,9.386115599998448,0.609272300003795,38.65687319795646,32.2587065327949,3.8400252945004527,0.229409097691449,0.5122950819672131,0.5284675953967293,0.0921850829695376,1.0,244,0,0,17,110,9,108,0.8934426229508197
lstm_cnn,fold_3,2024,456,Global-Numeric-Random-Features,20,244,9.596724499999254,0.5179416999962996,24.781423332187384,19.54131547033786,2.3187265444596394,0.6833183309507863,0.5409836065573771,0.5536711757184198,0.135982760728057,1.0,244,0,0,31,96,16,101,0.8073770491803278
lstm_cnn,fold_3,2024,789,News-Only,20,244,9.063882100002957,0.5647448000017903,90.02505271087321,78.02752765197242,9.286722269271811,-3.1792389277752324,0.5245901639344263,0.5379231442223569,0.0994481865674081,1.0,244,0,0,27,100,16,101,0.8237704918032787
lstm_cnn,fold_3,2024,789,Global-Numeric-Shuffled-News,20,244,9.318991499996628,0.5095425000035902,26.052477863840373,21.58418777609944,2.556816046678497,0.6499996303704523,0.5327868852459017,0.5494986203647622,0.1692613601771308,1.0,244,0,0,18,109,5,112,0.9057377049180328
lstm_cnn,fold_3,2024,789,Global-Numeric-Lagged-News,20,244,9.236526399996364,0.5110694999966654,30.7578647918903,26.386420503156085,3.107968808050504,0.5121539433364228,0.4918032786885246,0.5101285416246046,0.0450602957796355,1.0,244,0,0,8,119,5,112,0.9467213114754098
lstm_cnn,fold_3,2024,789,Global-Numeric-Random-Features,20,244,9.255367599995225,0.5526838000005228,18.82780760979525,15.265557464097355,1.7757304464950014,0.8172026331241746,0.4836065573770491,0.4924961302914059,-0.0166481700012933,1.0,244,0,0,35,92,34,83,0.7172131147540983
lstm_cnn,fold_3,2024,2025,News-Only,20,244,9.012712399999144,0.4985783000010997,87.90547802221944,76.43796336257064,9.079978749667855,-2.984761307909378,0.5450819672131147,0.5579446799919241,0.1480221966302131,1.0,244,0,0,31,96,15,102,0.8114754098360656
lstm_cnn,fold_3,2024,2025,Global-Numeric-Shuffled-News,20,244,9.52416820000508,0.5655355999988387,39.009698900773046,32.33314917919086,3.831119908314904,0.215278361626136,0.5081967213114754,0.524867083922202,0.0850334093615905,1.0,244,0,0,15,112,8,109,0.9057377049180328
lstm_cnn,fold_3,2024,2025,Global-Numeric-Lagged-News,20,244,9.482741199994052,0.5692314999978407,36.76661477156717,30.82560319748568,3.6528571745361496,0.3029278667859442,0.4918032786885246,0.5094555488256276,0.037108563197135,1.0,244,0,0,10,117,7,110,0.930327868852459
lstm_cnn,fold_3,2024,2025,Global-Numeric-Random-Features,20,244,9.092212600000494,0.581785199996375,34.7076655491481,28.38265630003857,3.373079236439221,0.3788146002762971,0.5204918032786885,0.5356686183457837,0.1055767172868024,1.0,244,0,0,21,106,11,106,0.8688524590163934
lstm_cnn,fold_4,2025,42,News-Only,20,234,9.75579110000399,0.5107237999982317,124.0145241082256,109.00039181799458,14.167572011536633,-4.936955724507191,0.4871794871794871,0.5,0.0,1.0,234,0,0,0,120,0,114,1.0
lstm_cnn,fold_4,2025,42,Global-Numeric-Shuffled-News,20,234,10.129919099999825,0.536965399995097,32.51181634871374,23.35925231141412,3.0668150144202437,0.5919614701624138,0.5811965811965812,0.5828947368421054,0.1671140444603517,1.0,234,0,0,62,58,40,74,0.5641025641025641
lstm_cnn,fold_4,2025,42,Global-Numeric-Lagged-News,20,234,10.34661039999628,0.7591431000037119,33.97051256202932,26.73913621866041,3.4888398045318194,0.5545254400282065,0.5042735042735043,0.5076754385964912,0.015914615949718,1.0,234,0,0,45,75,41,73,0.6324786324786325
lstm_cnn,fold_4,2025,42,Global-Numeric-Random-Features,20,234,9.95643679999921,0.5699483000062173,38.83590860092569,29.755305436100716,3.909592670004919,0.4177819723861099,0.5170940170940171,0.5214912280701754,0.0457234601640594,1.0,234,0,0,42,78,35,79,0.6709401709401709
lstm_cnn,fold_4,2025,123,News-Only,20,234,10.55038510000304,0.7599991999959457,125.79063506894826,110.98629144995638,14.420053660612616,-5.108229237625898,0.4871794871794871,0.5,0.0,1.0,234,0,0,0,120,0,114,1.0
lstm_cnn,fold_4,2025,123,Global-Numeric-Shuffled-News,20,234,10.09364579999965,0.5204047999941395,39.5944549262344,31.492642358559312,4.074795983497252,0.3948159890792223,0.5641025641025641,0.5699561403508773,0.1568860891508238,1.0,234,0,0,41,79,23,91,0.7264957264957265
lstm_cnn,fold_4,2025,123,Global-Numeric-Lagged-News,20,234,10.438100599996687,0.5566964999961783,36.59074793649377,29.629963044358615,3.845806999298941,0.4831538546351206,0.4829059829059829,0.4914473684210526,-0.0229415733870561,1.0,234,0,0,19,101,20,94,0.8333333333333334
lstm_cnn,fold_4,2025,123,Global-Numeric-Random-Features,20,234,10.365704700001515,0.5469414000035613,38.70725620977184,29.74102720023475,3.879526854853288,0.4216330306800778,0.5427350427350427,0.5473684210526316,0.1014688548299256,1.0,234,0,0,44,76,31,83,0.6794871794871795
lstm_cnn,fold_4,2025,456,News-Only,20,234,9.680524499999592,0.4893603000018629,122.51117733955827,107.56315829334602,13.9856348657518,-4.793888523815864,0.4871794871794871,0.5,0.0,1.0,234,0,0,0,120,0,114,1.0
lstm_cnn,fold_4,2025,456,Global-Numeric-Shuffled-News,20,234,9.96823890000087,0.5209305000025779,24.74140417235441,20.024075113105724,2.546536476942154,0.763698000836839,0.5726495726495726,0.5756578947368421,0.1554621952503141,1.0,234,0,0,55,65,35,79,0.6153846153846154
lstm_cnn,fold_4,2025,456,Global-Numeric-Lagged-News,20,234,9.951601499997196,0.5603764999978011,24.248482350416985,19.35546254429553,2.4422314904335822,0.7730198739377347,0.5726495726495726,0.5725877192982456,0.1451330082467331,1.0,234,0,0,69,51,49,65,0.4957264957264957
lstm_cnn,fold_4,2025,456,Global-Numeric-Random-Features,20,234,10.014571899999282,0.5875319999977364,38.19342795535681,29.25871810517505,3.833671245206899,0.4368864389002967,0.5683760683760684,0.5725877192982456,0.1534464342071747,1.0,234,0,0,49,71,30,84,0.6623931623931624
lstm_cnn,fold_4,2025,789,News-Only,20,234,9.982026899997436,0.5576244999974733,126.0081525364709,111.05730216288156,14.430649233414533,-5.129372231354964,0.4871794871794871,0.5,0.0,1.0,234,0,0,0,120,0,114,1.0
lstm_cnn,fold_4,2025,789,Global-Numeric-Shuffled-News,20,234,10.126095399995393,0.548790499997267,51.38296308499788,40.03089128810115,5.265959826288115,-0.0191943277838513,0.5213675213675214,0.5311403508771929,0.0959144233753792,1.0,234,0,0,18,102,10,104,0.8803418803418803
lstm_cnn,fold_4,2025,789,Global-Numeric-Lagged-News,20,234,10.404742999999144,0.4975772999969194,56.46773189050364,43.47041742044126,5.704341713408423,-0.2308904326369454,0.5683760683760684,0.5743421052631579,0.1675481241830217,1.0,234,0,0,41,79,22,92,0.7307692307692307
lstm_cnn,fold_4,2025,789,Global-Numeric-Random-Features,20,234,10.57251879999967,0.5940757000062149,49.99023682874412,39.83226626727824,5.1862175501544,0.0353070682492785,0.5042735042735043,0.5151315789473684,0.056766767451913,1.0,234,0,0,11,109,7,107,0.9230769230769232
lstm_cnn,fold_4,2025,2025,News-Only,20,234,9.897196199999598,0.4669409999987692,118.86565403193232,102.11955198469322,13.316524124275915,-4.454205244809169,0.5,0.5125,0.1110750302167968,1.0,234,0,0,3,117,0,114,0.9871794871794872
lstm_cnn,fold_4,2025,2025,Global-Numeric-Shuffled-News,20,234,10.167753099995023,0.5024438000036753,55.7960691386799,42.63603820353491,5.618791739746545,-0.2017826103359055,0.5299145299145299,0.5372807017543859,0.0909207918411185,1.0,234,0,0,30,90,20,94,0.7863247863247863
lstm_cnn,fold_4,2025,2025,Global-Numeric-Lagged-News,20,234,10.05607329999475,0.4944974999962142,34.1059000359887,25.17737713914651,3.304453651985737,0.5509675390639693,0.5384615384615384,0.5445175438596491,0.1008426317984828,1.0,234,0,0,37,83,25,89,0.7350427350427351
lstm_cnn,fold_4,2025,2025,Global-Numeric-Random-Features,20,234,10.499637400003849,0.4956314000010025,30.748287170455654,22.90759606512184,3.005654016813593,0.6350271448946371,0.5213675213675214,0.5293859649122807,0.0751813052411889,1.0,234,0,0,26,94,18,96,0.811965811965812
lstm_cnn_attention,fold_1,2022,42,News-Only,20,241,9.895128400006795,0.8412729000046966,52.60837571447176,47.65521802218627,4.799716009290308,-4.58725913879974,0.45,0.5037593984962406,0.0580185830205576,1.0,240,1,0,107,0,132,1,0.0041666666666666
lstm_cnn_attention,fold_1,2022,42,Global-Numeric-Shuffled-News,20,241,9.58957470000314,0.7094228999994812,39.01692372108084,33.09063109105058,3.3622163596494863,-2.0732300948416045,0.4625,0.4620546693837397,-0.0754440162798816,1.0,240,1,0,49,58,71,62,0.5
lstm_cnn_attention,fold_1,2022,42,Global-Numeric-Lagged-News,20,241,9.92836339999485,0.8421135999960825,37.12686507804847,30.32031808141355,3.0839033936854228,-1.782694872629826,0.5,0.4958892558499052,-0.0081961860449547,1.0,240,1,0,49,58,62,71,0.5375
lstm_cnn_attention,fold_1,2022,42,Global-Numeric-Random-Features,20,241,9.996511299999838,0.7170660999981919,38.04062004495752,29.98405523495556,3.0431433214468244,-1.9213541074425,0.4916666666666666,0.4965919471576136,-0.0068046395985413,1.0,240,1,0,58,49,73,60,0.4541666666666666
lstm_cnn_attention,fold_1,2022,123,News-Only,20,241,9.649722299996938,0.7752821000030963,46.51195601784945,40.59024029818812,4.086753071650624,-3.36735239359004,0.4583333333333333,0.5067107019886163,0.0294734553085477,1.0,240,1,0,102,5,125,8,0.0541666666666666
lstm_cnn_attention,fold_1,2022,123,Global-Numeric-Shuffled-News,20,241,9.599097999998776,0.7167358999940916,39.052926967754985,29.091924289826053,2.9502465044154813,-2.0789044177041816,0.4875,0.5056215304616681,0.0118548834469894,1.0,240,1,0,72,35,88,45,0.3333333333333333
lstm_cnn_attention,fold_1,2022,123,Global-Numeric-Lagged-News,20,241,9.685666099998343,0.7034312999967369,38.7262126417793,30.240552815184056,3.0798366025143986,-2.027604066178114,0.4833333333333333,0.4790246644649005,-0.041821564690923,1.0,240,1,0,47,60,64,69,0.5375
lstm_cnn_attention,fold_1,2022,123,Global-Numeric-Random-Features,20,241,9.79154560000461,0.7903914999988046,32.94142352621118,25.435760681599504,2.584038945174375,-1.190653823009027,0.4958333333333333,0.4994378469538331,-0.0011201811936567,1.0,240,1,0,57,50,71,62,0.4666666666666667
lstm_cnn_attention,fold_1,2022,456,News-Only,20,241,9.708266900001036,0.7276998999950592,61.77819106888024,57.3545915620555,5.789273560450399,-6.704765112301269,0.4458333333333333,0.5,0.0,1.0,240,1,0,107,0,133,0,0.0
lstm_cnn_attention,fold_1,2022,456,Global-Numeric-Shuffled-News,20,241,9.768839199998183,0.7577690999969491,37.41405851424896,29.99680828585169,3.0479467498655897,-1.8259122399813448,0.4583333333333333,0.4582952708874991,-0.0829214416039507,1.0,240,1,0,49,58,72,61,0.4958333333333333
lstm_cnn_attention,fold_1,2022,456,Global-Numeric-Lagged-News,20,241,9.788343200001693,0.6871059999975841,37.40324887150889,28.75084104096742,2.921424003173321,-1.8242795548293689,0.4625,0.4711896563839505,-0.0580941130102828,1.0,240,1,0,59,48,81,52,0.4166666666666667
lstm_cnn_attention,fold_1,2022,456,Global-Numeric-Random-Features,20,241,9.856477799999992,0.7080282999959309,36.86178785655323,29.17960961124214,2.965274486143487,-1.743101129752561,0.4708333333333333,0.4686599676761998,-0.0623458151921441,1.0,240,1,0,48,59,68,65,0.5166666666666667
lstm_cnn_attention,fold_1,2022,789,News-Only,20,241,9.405268900001827,0.7122252999979537,68.41400022920476,63.32843391527777,6.399127361007794,-8.448850938380865,0.4416666666666666,0.4953271028037383,-0.0721165564648053,1.0,240,1,0,106,1,133,0,0.0041666666666666
lstm_cnn_attention,fold_1,2022,789,Global-Numeric-Shuffled-News,20,241,9.435310499997286,0.7233022000000346,39.72435164683664,34.05512454667526,3.4644200608541134,-2.1856837749724725,0.4833333333333333,0.4698896774646898,-0.0616949025007808,1.0,240,1,0,37,70,54,79,0.6208333333333333
lstm_cnn_attention,fold_1,2022,789,Global-Numeric-Lagged-News,20,241,9.551067899999907,0.7214534999948228,41.01085116624395,33.4012758682229,3.3990773673998955,-2.395365990683214,0.5041666666666667,0.492340664745977,-0.0155990600376012,1.0,240,1,0,41,66,53,80,0.6083333333333333
lstm_cnn_attention,fold_1,2022,789,Global-Numeric-Random-Features,20,241,9.792587300005836,0.7406887000033748,36.67617590243588,30.542065612928493,3.1035413853065386,-1.7155457391577458,0.4791666666666667,0.4725247698685967,-0.0550026623901283,1.0,240,1,0,44,63,62,71,0.5583333333333333
lstm_cnn_attention,fold_1,2022,2025,News-Only,20,241,9.310168500000144,0.7500625999964541,59.15212552028296,54.83522772743992,5.531951262393524,-6.063659202495,0.4458333333333333,0.5,0.0,1.0,240,1,0,107,0,133,0,0.0
lstm_cnn_attention,fold_1,2022,2025,Global-Numeric-Shuffled-News,20,241,9.528482499998065,0.6291414000006625,38.04794921282845,31.4831788809072,3.202405140070718,-1.922479912292319,0.4333333333333333,0.4403063734101609,-0.119893813349578,1.0,240,1,0,54,53,83,50,0.4291666666666666
lstm_cnn_attention,fold_1,2022,2025,Global-Numeric-Lagged-News,20,241,9.374242400001094,0.6998853000040981,38.55151536316541,31.05484460538354,3.157449147853423,-2.000350112519293,0.4416666666666666,0.4514791652027264,-0.0982928852557955,1.0,240,1,0,58,49,85,48,0.4041666666666667
lstm_cnn_attention,fold_1,2022,2025,Global-Numeric-Random-Features,20,241,9.42417690000002,0.7724374999961583,36.50216421295156,30.265545631523448,3.078893223104936,-1.6898388215187374,0.4625,0.4602276719836975,-0.0791204739882367,1.0,240,1,0,47,60,69,64,0.5166666666666667
lstm_cnn_attention,fold_2,2023,42,News-Only,20,243,10.3383812999964,0.738918900002318,46.858867215458055,36.44706689065376,4.00077216934954,-0.1091067100682361,0.5,0.5052768640350878,0.0107146427262385,1.0,242,1,0,53,75,46,68,0.5909090909090909
lstm_cnn_attention,fold_2,2023,42,Global-Numeric-Shuffled-News,20,243,10.635388499998951,0.7052183999985573,31.275304552287007,26.10773767843166,2.819012148358889,0.5059250259431434,0.5247933884297521,0.5349506578947368,0.0744107040006066,1.0,242,1,0,46,82,33,81,0.6735537190082644
lstm_cnn_attention,fold_2,2023,42,Global-Numeric-Lagged-News,20,243,11.259290599999076,0.7535844999947585,33.073866841042936,27.626760734913265,2.9857470321220188,0.4474651076914249,0.5206611570247934,0.5296052631578947,0.0620852087192678,1.0,242,1,0,48,80,36,78,0.6528925619834711
lstm_cnn_attention,fold_2,2023,42,Global-Numeric-Random-Features,20,243,10.289959200003068,0.7370306999946479,31.68387979698329,25.74467118928952,2.7746805879095837,0.4929316829155953,0.5330578512396694,0.5379660087719298,0.0768620753545387,1.0,242,1,0,58,70,43,71,0.5826446280991735
lstm_cnn_attention,fold_2,2023,123,News-Only,20,243,10.849640200001886,0.6525352000026032,47.77563187224749,37.18973214260345,4.073245076637979,-0.1529292061907636,0.5041322314049587,0.5082236842105263,0.0165843180656673,1.0,242,1,0,56,72,48,66,0.5702479338842975
lstm_cnn_attention,fold_2,2023,123,Global-Numeric-Shuffled-News,20,243,10.160483999999997,0.6789801999984775,28.03553307080023,23.1591496891936,2.50910696166251,0.6029845589035274,0.5247933884297521,0.5359100877192983,0.0775202214863537,1.0,242,1,0,44,84,31,83,0.6900826446280992
lstm_cnn_attention,fold_2,2023,123,Global-Numeric-Lagged-News,20,243,10.883883299997253,0.7264313999985461,28.075516293759797,22.99935651137504,2.4858891475279394,0.6018513344144606,0.5206611570247934,0.5257675438596492,0.0522415745379586,1.0,242,1,0,56,72,44,70,0.5867768595041323
lstm_cnn_attention,fold_2,2023,123,Global-Numeric-Random-Features,20,243,10.770272400004616,0.7850047999963863,30.887668957741425,25.31250224252785,2.737371766233016,0.5180965564285347,0.5206611570247934,0.5329632675438596,0.0725779033591638,1.0,242,1,0,41,87,29,85,0.7107438016528925
lstm_cnn_attention,fold_2,2023,456,News-Only,20,243,10.490265100001125,0.7541646999961813,46.49592930857269,35.91205670257655,3.94058520073885,-0.0919924263036924,0.5,0.5033580043859649,0.0067500951092571,1.0,242,1,0,57,71,50,64,0.5578512396694215
lstm_cnn_attention,fold_2,2023,456,Global-Numeric-Shuffled-News,20,243,10.84865880000143,0.8026734000013676,26.58193043287944,21.621484486610303,2.32788976936527,0.6430866474131578,0.512396694214876,0.5193941885964912,0.0398859074775337,1.0,242,1,0,51,77,41,73,0.6198347107438017
lstm_cnn_attention,fold_2,2023,456,Global-Numeric-Lagged-News,20,243,10.75621659999888,0.7189653999957955,27.753474120134573,22.228016112380548,2.403627787411471,0.610932932652765,0.5289256198347108,0.5359786184210527,0.0739932912569088,1.0,242,1,0,53,75,39,75,0.6198347107438017
lstm_cnn_attention,fold_2,2023,456,Global-Numeric-Random-Features,20,243,10.85173339999892,0.7260845000055269,28.226127095421013,23.25371243809965,2.529786860718018,0.597568148225927,0.512396694214876,0.5251507675438596,0.0558611109953521,1.0,242,1,0,39,89,29,85,0.71900826446281
lstm_cnn_attention,fold_2,2023,789,News-Only,20,243,10.495384900001229,0.7190324999974109,45.92431500242673,36.337171290597794,3.954463616580612,-0.0653078713847694,0.5289256198347108,0.528782894736842,0.0574713418473588,1.0,242,1,0,68,60,54,60,0.4958677685950413
lstm_cnn_attention,fold_2,2023,789,Global-Numeric-Shuffled-News,20,243,10.67670740000176,0.738827000001038,30.78475355493524,24.91817317707547,2.7016952446852174,0.5213025389313324,0.5330578512396694,0.5446820175438596,0.097188616195361,1.0,242,1,0,44,84,29,85,0.6983471074380165
lstm_cnn_attention,fold_2,2023,789,Global-Numeric-Lagged-News,20,243,11.23943309999595,0.6663688999979058,30.267164830019563,23.992645987566597,2.5928233989467264,0.5372640456014439,0.5289256198347108,0.5331003289473684,0.0667518802143111,1.0,242,1,0,59,69,45,69,0.5702479338842975
lstm_cnn_attention,fold_2,2023,789,Global-Numeric-Random-Features,20,243,11.129724300000817,0.7295633999965503,34.30085770346023,28.470696448504658,3.099048708662307,0.4057082227667252,0.5041322314049587,0.5206962719298245,0.0503038304044847,1.0,242,1,0,30,98,22,92,0.7851239669421488
lstm_cnn_attention,fold_2,2023,2025,News-Only,20,243,10.80392690000008,0.7196277999973972,48.20826864696693,37.36825029094523,4.109220249293102,-0.1739046707562657,0.5041322314049587,0.5106222587719298,0.0217575253824379,1.0,242,1,0,51,77,43,71,0.6115702479338843
lstm_cnn_attention,fold_2,2023,2025,Global-Numeric-Shuffled-News,20,243,11.12022799999977,0.6594157999934396,32.40143107831527,27.070913890286217,2.925523863471954,0.4697042507026571,0.512396694214876,0.526110197368421,0.0591013733388376,1.0,242,1,0,37,91,27,87,0.7355371900826446
lstm_cnn_attention,fold_2,2023,2025,Global-Numeric-Lagged-News,20,243,10.951529300000402,0.7267950999957975,32.57374539728539,26.7943196135146,2.9010248008639583,0.4640489122994503,0.5247933884297521,0.5359100877192983,0.0775202214863537,1.0,242,1,0,44,84,31,83,0.6900826446280992
lstm_cnn_attention,fold_2,2023,2025,Global-Numeric-Random-Features,20,243,10.770603100005246,0.7196666999952868,34.05425563014178,28.37729793569186,3.0746382591170835,0.4142226902829831,0.5041322314049587,0.5206962719298245,0.0503038304044847,1.0,242,1,0,30,98,22,92,0.7851239669421488
lstm_cnn_attention,fold_3,2024,42,News-Only,20,244,11.93921560000308,0.7212928000008105,89.21541436976145,77.3493469654292,9.207039060569947,-3.1044051680428195,0.5204918032786885,0.5360051147452722,0.1095522930617645,1.0,244,0,0,20,107,10,107,0.8770491803278688
lstm_cnn_attention,fold_3,2024,42,Global-Numeric-Shuffled-News,20,244,12.17801679999684,0.7254438000018126,31.396061756586747,25.937896240417096,3.0630473134822136,0.4916992140337052,0.5286885245901639,0.5368127061040447,0.080016989926638,1.0,244,0,0,43,84,31,86,0.6967213114754098
lstm_cnn_attention,fold_3,2024,42,Global-Numeric-Lagged-News,20,244,12.27507930000138,0.5879796000008355,29.30744218390609,23.985106109263462,2.826935845407786,0.5570790061917927,0.5286885245901639,0.5374856989030217,0.0828069436356647,1.0,244,0,0,41,86,29,88,0.7131147540983607
lstm_cnn_attention,fold_3,2024,42,Global-Numeric-Random-Features,20,244,12.529493300004106,0.6828340000065509,31.61295378020857,26.5908720324616,3.115947272867367,0.4846520122509585,0.5409836065573771,0.548623729726092,0.1045368615974615,1.0,244,0,0,46,81,31,86,0.6844262295081968
lstm_cnn_attention,fold_3,2024,123,News-Only,20,244,12.480950300006953,0.7127691000059713,95.10750129800908,82.61146883405132,9.831546397043711,-3.664444990168403,0.5122950819672131,0.5277946025977522,0.0845702748308574,1.0,244,0,0,19,108,11,106,0.8770491803278688
lstm_cnn_attention,fold_3,2024,123,Global-Numeric-Shuffled-News,20,244,11.590107199997874,0.7148815999971703,39.931009193736784,32.31088207463259,3.841637689589602,0.1777743803889658,0.5491803278688525,0.5615451914664513,0.1534982994413098,1.0,244,0,0,33,94,16,101,0.7991803278688525
lstm_cnn_attention,fold_3,2024,123,Global-Numeric-Lagged-News,20,244,12.262455500000216,0.6777224000034039,34.96090567033062,27.94122570040283,3.308292219194424,0.3697167277272378,0.5532786885245902,0.5637997173430245,0.1480331583022934,1.0,244,0,0,39,88,21,96,0.7540983606557377
lstm_cnn_attention,fold_3,2024,123,Global-Numeric-Random-Features,20,244,12.310263499995926,0.7427057999957469,30.409142550498093,24.438401978401856,2.892882780943573,0.5231533006934349,0.5450819672131147,0.5549162123965273,0.124738099682292,1.0,244,0,0,40,87,24,93,0.7377049180327869
lstm_cnn_attention,fold_3,2024,456,News-Only,20,244,12.11954390000028,0.7780601999984356,92.4194534185348,80.37618976135721,9.56391655850586,-3.4045061761760085,0.5163934426229508,0.531731610471768,0.0952020395954842,1.0,244,0,0,20,107,11,106,0.8729508196721312
lstm_cnn_attention,fold_3,2024,456,Global-Numeric-Shuffled-News,20,244,12.057171699998436,0.6502063000007183,30.226721023315772,24.333336402177807,2.868261276049457,0.5288572556362274,0.5409836065573771,0.5482872333266033,0.1031101911490041,1.0,244,0,0,47,80,32,85,0.6762295081967213
lstm_cnn_attention,fold_3,2024,456,Global-Numeric-Lagged-News,20,244,12.5814637999938,0.7451956000004429,32.31989247943686,24.984113495667444,2.948498694406699,0.4613455568713405,0.5737704918032787,0.5841577495120802,0.1941907048136292,1.0,244,0,0,42,85,19,98,0.75
lstm_cnn_attention,fold_3,2024,456,Global-Numeric-Random-Features,20,244,11.800117300001148,0.7052746000044863,40.753618503112136,34.65308637052774,4.11449050590577,0.1435484824212846,0.569672131147541,0.580557238037553,0.1890857871498946,1.0,244,0,0,40,87,18,99,0.7622950819672131
lstm_cnn_attention,fold_3,2024,789,News-Only,20,244,12.49011800000153,0.6673879000009038,91.32858514262077,79.02004497470911,9.406480660322892,-3.301143092880743,0.5163934426229508,0.5310586176727908,0.0885318917741143,1.0,244,0,0,22,105,13,104,0.8565573770491803
lstm_cnn_attention,fold_3,2024,789,Global-Numeric-Shuffled-News,20,244,12.24924359999568,0.754421799996635,45.184491915508175,37.00929243835757,4.407944147189053,-0.0528081498424182,0.5409836065573771,0.5546806649168854,0.1461230157020976,1.0,244,0,0,28,99,13,104,0.8319672131147541
lstm_cnn_attention,fold_3,2024,789,Global-Numeric-Lagged-News,20,244,12.385962300002577,0.7551176999986637,52.21390315313278,43.09240368068216,5.13472912780644,-0.4058621885096907,0.5081967213114754,0.524867083922202,0.0850334093615905,1.0,244,0,0,15,112,8,109,0.9057377049180328
lstm_cnn_attention,fold_3,2024,789,Global-Numeric-Random-Features,20,244,12.372908899997128,0.6566299999976764,45.41685081563237,37.78078853695117,4.505195414907407,-0.0636640134443649,0.5450819672131147,0.5599636583888553,0.1730070506237518,1.0,244,0,0,25,102,9,108,0.860655737704918
lstm_cnn_attention,fold_3,2024,2025,News-Only,20,244,11.836837900002138,0.6860042000043904,89.81737318315788,77.67216271194273,9.250331163849934,-3.1599789282758746,0.5204918032786885,0.5360051147452722,0.1095522930617645,1.0,244,0,0,20,107,10,107,0.8770491803278688
lstm_cnn_attention,fold_3,2024,2025,Global-Numeric-Shuffled-News,20,244,12.363098500005435,0.7497885999982827,31.237075127789964,24.55908362756009,2.919613341454713,0.496834151931941,0.5327868852459017,0.5444511743724343,0.1077093506952972,1.0,244,0,0,33,94,20,97,0.7827868852459017
lstm_cnn_attention,fold_3,2024,2025,Global-Numeric-Lagged-News,20,244,12.313227600003302,0.7589649000001373,37.9657107988662,30.47076225320822,3.6190416701559855,0.2567181940121027,0.5327868852459017,0.5454606635708997,0.1151803822843919,1.0,244,0,0,30,97,17,100,0.8073770491803278
lstm_cnn_attention,fold_3,2024,2025,Global-Numeric-Random-Features,20,244,12.364821799994388,0.6078245999960927,39.32670039151357,31.48697726370369,3.75110030135926,0.2024728969672162,0.5450819672131147,0.55659869439397,0.1362252205559887,1.0,244,0,0,35,92,19,98,0.7786885245901639
lstm_cnn_attention,fold_4,2025,42,News-Only,20,234,13.442057200001727,0.6715383000046131,122.06303752662738,109.0005427283456,14.135703719633437,-4.751578535578969,0.4871794871794871,0.5,0.0,1.0,234,0,0,0,120,0,114,1.0
lstm_cnn_attention,fold_4,2025,42,Global-Numeric-Shuffled-News,20,234,13.566332200003671,0.7663620000021183,55.72864009012486,42.191419208105806,5.574666305691525,-0.1988796784926723,0.5341880341880342,0.5401315789473684,0.090446332523578,1.0,234,0,0,37,83,26,88,0.7307692307692307
lstm_cnn_attention,fold_4,2025,42,Global-Numeric-Lagged-News,20,234,13.75947509999969,0.7147761000014725,62.66625608208064,48.1355076399369,6.344064404319581,-0.5159546384763951,0.5128205128205128,0.5195175438596491,0.0457292621144692,1.0,234,0,0,31,89,25,89,0.7606837606837606
lstm_cnn_attention,fold_4,2025,42,Global-Numeric-Random-Features,20,234,13.490344900004857,0.652244700002484,62.19869747622524,46.76745452870669,6.18434068992997,-0.493417679040562,0.5170940170940171,0.5232456140350877,0.0529329499520079,1.0,234,0,0,34,86,27,87,0.7393162393162394
lstm_cnn_attention,fold_4,2025,123,News-Only,20,234,13.139487699998426,0.6019079000034253,123.0218198001002,109.63072376437674,14.219764034611298,-4.842288538929643,0.4871794871794871,0.5,0.0,1.0,234,0,0,0,120,0,114,1.0
lstm_cnn_attention,fold_4,2025,123,Global-Numeric-Shuffled-News,20,234,13.646809000005304,0.6753409000011743,47.46460433392559,36.77675410090093,4.836867226451705,0.1303220922897352,0.5170940170940171,0.5263157894736842,0.075584796664569,1.0,234,0,0,20,100,13,101,0.8589743589743589
lstm_cnn_attention,fold_4,2025,123,Global-Numeric-Lagged-News,20,234,14.001325599994743,0.7152700000006007,49.860287402243046,38.64455674977893,5.088677150149925,0.0403159805119704,0.5213675213675214,0.5296052631578947,0.0771199449056833,1.0,234,0,0,25,95,17,97,0.8205128205128205
lstm_cnn_attention,fold_4,2025,123,Global-Numeric-Random-Features,20,234,13.866818900001816,0.7846320000026026,44.89874028545923,33.430106111423584,4.414605668812984,0.2218075364099072,0.5470085470085471,0.5524122807017544,0.1153978193890954,1.0,234,0,0,41,79,27,87,0.7094017094017094
lstm_cnn_attention,fold_4,2025,456,News-Only,20,234,13.24055689999659,0.7557230000020354,124.3460624821896,110.48303390067863,14.338094206935734,-4.968741673934784,0.4871794871794871,0.5,0.0,1.0,234,0,0,0,120,0,114,1.0
lstm_cnn_attention,fold_4,2025,456,Global-Numeric-Shuffled-News,20,234,13.711487699998544,0.7431403000009595,80.76840743444697,61.12052259611268,8.0652331394924,-1.5182668433810154,0.5726495726495726,0.5769736842105263,0.1632321562747526,1.0,234,0,0,49,71,29,85,0.6666666666666666
lstm_cnn_attention,fold_4,2025,456,Global-Numeric-Lagged-News,20,234,13.296950700001616,0.6126600999996299,63.86987733618991,49.45933233778191,6.505681781216394,-0.5747472992793208,0.5470085470085471,0.5526315789473684,0.1169210844387335,1.0,234,0,0,40,80,26,88,0.717948717948718
lstm_cnn_attention,fold_4,2025,456,Global-Numeric-Random-Features,20,234,13.701812599996629,0.6458405000012135,71.16836350345592,53.780193797884834,7.10247919915984,-0.9552066557528258,0.5427350427350427,0.5493421052631579,0.1149123374486017,1.0,234,0,0,35,85,22,92,0.7564102564102564
lstm_cnn_attention,fold_4,2025,789,News-Only,20,234,13.016648800003168,0.7350168000048143,126.00765577003182,112.2106506501762,14.558384755622791,-5.129323903364212,0.4871794871794871,0.5,0.0,1.0,234,0,0,0,120,0,114,1.0
lstm_cnn_attention,fold_4,2025,789,Global-Numeric-Shuffled-News,20,234,13.703371700001298,0.7015377000061562,67.06359157272075,50.56580709149439,6.681935712049053,-0.7361703074837331,0.5299145299145299,0.5390350877192982,0.1107321538990403,1.0,234,0,0,22,98,12,102,0.8547008547008547
lstm_cnn_attention,fold_4,2025,789,Global-Numeric-Lagged-News,20,234,13.546893699996872,0.7411689999935334,59.73039397194694,44.92070490846012,5.9154353833383455,-0.3772394892002901,0.5341880341880342,0.5425438596491228,0.1118766230143529,1.0,234,0,0,26,94,15,99,0.8247863247863247
lstm_cnn_attention,fold_4,2025,789,Global-Numeric-Random-Features,20,234,13.980507599997509,0.6545024000006379,75.58708629265404,56.65827593427437,7.489670219578184,-1.2055348131283163,0.5341880341880342,0.5423245614035088,0.1092482777617254,1.0,234,0,0,27,93,16,98,0.8162393162393162
lstm_cnn_attention,fold_4,2025,2025,News-Only,20,234,13.132087799996953,0.7263378999996348,121.89061837650326,107.60973588727477,13.978197673558595,-4.735341320666274,0.4871794871794871,0.5,0.0,1.0,234,0,0,0,120,0,114,1.0
lstm_cnn_attention,fold_4,2025,2025,Global-Numeric-Shuffled-News,20,234,13.6663727999985,0.7121130999948946,47.39277872333879,36.42730589979733,4.79783662294611,0.1329521735914666,0.5299145299145299,0.5383771929824561,0.1019096687029705,1.0,234,0,0,25,95,15,99,0.8290598290598291
lstm_cnn_attention,fold_4,2025,2025,Global-Numeric-Lagged-News,20,234,13.52058599999873,0.7683348999998998,45.46873266715578,34.78380104266425,4.571231982976733,0.2019237130258294,0.5213675213675214,0.5296052631578947,0.0771199449056833,1.0,234,0,0,25,95,17,97,0.8205128205128205
lstm_cnn_attention,fold_4,2025,2025,Global-Numeric-Random-Features,20,234,13.897743800000171,0.7801421000040136,45.50846190222756,35.45293211219657,4.654503761104259,0.2005284327594902,0.5598290598290598,0.5666666666666667,0.1571715459951089,1.0,234,0,0,36,84,19,95,0.7649572649572649
