inner_fold,seed,anchor_split,strategy,anchor_index,source_index,anchor_date,source_date,source_partition,source_before_anchor,endpoint_gap_rows,regime_agreement,coverage_distance,same_year
inner_2020,456,train,matched,5,0,2019-01-15,2019-01-08,inner_train,True,5.0,True,2.4894806201076367,True
inner_2020,456,train,matched,6,1,2019-01-16,2019-01-09,inner_train,True,5.0,True,1.4799201556559574,True
inner_2020,456,train,matched,7,1,2019-01-17,2019-01-09,inner_train,True,6.0,True,1.4075523231524798,True
inner_2020,456,train,matched,8,3,2019-01-18,2019-01-11,inner_train,True,5.0,True,0.34937564145712097,True
inner_2020,456,train,matched,9,3,2019-01-21,2019-01-11,inner_train,True,6.0,True,0.4726738578016141,True
inner_2020,456,train,matched,10,4,2019-01-22,2019-01-14,inner_train,True,6.0,True,0.490622916448471,True
inner_2020,456,train,matched,11,4,2019-01-23,2019-01-14,inner_train,True,7.0,True,0.5670840825429484,True
inner_2020,456,train,matched,17,12,2019-01-31,2019-01-24,inner_train,True,5.0,True,0.7202063286739513,True
inner_2020,456,train,matched,18,12,2019-02-01,2019-01-24,inner_train,True,6.0,True,0.7296168603413373,True
inner_2020,456,train,matched,19,12,2019-02-04,2019-01-24,inner_train,True,7.0,True,0.5915889508518579,True
inner_2020,456,train,matched,20,15,2019-02-05,2019-01-29,inner_train,True,5.0,True,0.5069720544500007,True
inner_2020,456,train,matched,21,12,2019-02-06,2019-01-24,inner_train,True,9.0,True,0.8630105024318588,True
inner_2020,456,train,matched,22,17,2019-02-07,2019-01-31,inner_train,True,5.0,True,0.07991209969320279,True
inner_2020,456,train,matched,23,13,2019-02-08,2019-01-25,inner_train,True,10.0,True,0.232622295268754,True
inner_2020,456,train,matched,24,13,2019-02-11,2019-01-25,inner_train,True,11.0,True,0.058268908123976004,True
inner_2020,456,train,matched,25,19,2019-02-12,2019-02-04,inner_train,True,6.0,True,0.24941869311600717,True
inner_2020,456,train,matched,26,12,2019-02-13,2019-01-24,inner_train,True,14.0,True,0.3307415619122285,True
inner_2020,456,train,matched,27,17,2019-02-14,2019-01-31,inner_train,True,10.0,True,0.3429447511268302,True
inner_2020,456,train,matched,28,4,2019-02-15,2019-01-14,inner_train,True,24.0,True,0.21732958144878944,True
inner_2020,456,train,matched,29,9,2019-02-18,2019-01-21,inner_train,True,20.0,True,0.30054022739514963,True
inner_2020,456,train,matched,30,6,2019-02-20,2019-01-16,inner_train,True,24.0,True,0.29062139852349533,True
inner_2020,456,train,matched,31,4,2019-02-21,2019-01-14,inner_train,True,27.0,True,0.3394322782496899,True
inner_2020,456,train,matched,32,27,2019-02-22,2019-02-14,inner_train,True,5.0,True,0.09985951946747873,True
inner_2020,456,train,matched,33,24,2019-02-25,2019-02-11,inner_train,True,9.0,True,0.13613217432457958,True
inner_2020,456,train,matched,34,24,2019-02-26,2019-02-11,inner_train,True,10.0,True,0.14792013007662197,True
inner_2020,456,train,matched,35,21,2019-02-27,2019-02-06,inner_train,True,14.0,True,0.12498101017870944,True
inner_2020,456,train,matched,36,5,2019-02-28,2019-01-15,inner_train,True,31.0,True,0.4585749334221121,True
inner_2020,456,train,matched,37,28,2019-03-01,2019-02-15,inner_train,True,9.0,True,0.2837681731306443,True
inner_2020,456,train,matched,43,38,2019-03-11,2019-03-04,inner_train,True,5.0,True,0.38014730012387465,True
inner_2020,456,train,matched,44,39,2019-03-12,2019-03-05,inner_train,True,5.0,True,0.13758566295256314,True
inner_2020,456,train,matched,45,7,2019-03-13,2019-01-17,inner_train,True,38.0,True,0.13844540742695166,True
inner_2020,456,train,matched,46,7,2019-03-14,2019-01-17,inner_train,True,39.0,True,0.16987561073390278,True
inner_2020,456,train,matched,47,29,2019-03-15,2019-02-18,inner_train,True,18.0,True,0.11107722678919263,True
inner_2020,456,train,matched,48,37,2019-03-18,2019-03-01,inner_train,True,11.0,True,0.15023678050612155,True
inner_2020,456,train,matched,49,29,2019-03-19,2019-02-18,inner_train,True,20.0,True,0.21193110028053086,True
inner_2020,456,train,matched,50,9,2019-03-20,2019-01-21,inner_train,True,41.0,True,0.2596456402284977,True
inner_2020,456,train,matched,51,30,2019-03-21,2019-02-20,inner_train,True,21.0,True,0.13774547387135394,True
inner_2020,456,train,matched,52,27,2019-03-22,2019-02-14,inner_train,True,25.0,True,0.1420765311960981,True
inner_2020,456,train,matched,53,47,2019-03-25,2019-03-15,inner_train,True,6.0,True,0.502091943797236,True
inner_2020,456,train,matched,54,9,2019-03-26,2019-01-21,inner_train,True,45.0,True,0.0,True
inner_2020,456,train,matched,55,48,2019-03-27,2019-03-18,inner_train,True,7.0,True,0.07257069283483508,True
inner_2020,456,train,matched,56,36,2019-03-28,2019-02-28,inner_train,True,20.0,True,0.13720112151348474,True
inner_2020,456,train,matched,57,36,2019-03-29,2019-02-28,inner_train,True,21.0,True,0.14673408217220896,True
inner_2020,456,train,matched,58,15,2019-04-01,2019-01-29,inner_train,True,43.0,True,0.17416954671775065,True
inner_2020,456,train,matched,59,35,2019-04-02,2019-02-27,inner_train,True,24.0,True,0.15724187239693066,True
inner_2020,456,train,matched,60,17,2019-04-03,2019-01-31,inner_train,True,43.0,True,0.04884313167388088,True
inner_2020,456,train,matched,61,19,2019-04-04,2019-02-04,inner_train,True,42.0,True,0.15894110814989126,True
inner_2020,456,train,matched,62,2,2019-04-05,2019-01-10,inner_train,True,60.0,True,0.1823215567939549,True
inner_2020,456,train,matched,63,52,2019-04-09,2019-03-22,inner_train,True,11.0,True,0.16779345623104502,True
inner_2020,456,train,matched,64,52,2019-04-10,2019-03-22,inner_train,True,12.0,True,0.4583285976652327,True
inner_2020,456,train,matched,65,12,2019-04-11,2019-01-24,inner_train,True,53.0,True,0.2639655458344645,True
inner_2020,456,train,matched,66,12,2019-04-12,2019-01-24,inner_train,True,54.0,True,0.17299376762873786,True
inner_2020,456,train,matched,67,23,2019-04-17,2019-02-08,inner_train,True,44.0,True,0.41985384556026384,True
inner_2020,456,train,matched,68,25,2019-04-18,2019-02-12,inner_train,True,43.0,True,0.3699820155200908,True
inner_2020,456,train,matched,69,24,2019-04-19,2019-02-11,inner_train,True,45.0,True,0.1445812288111079,True
inner_2020,456,train,matched,70,32,2019-04-22,2019-02-22,inner_train,True,38.0,True,0.3101549283038394,True
inner_2020,456,train,matched,71,64,2019-04-23,2019-04-10,inner_train,True,7.0,True,0.3646431135879098,True
inner_2020,456,train,matched,72,19,2019-04-24,2019-02-04,inner_train,True,53.0,True,0.27535145999430233,True
inner_2020,456,train,matched,73,20,2019-04-25,2019-02-05,inner_train,True,53.0,True,0.16214903861136776,True
inner_2020,456,train,matched,74,69,2019-04-26,2019-04-19,inner_train,True,5.0,True,0.0,True
inner_2020,456,train,matched,75,6,2019-04-29,2019-01-16,inner_train,True,69.0,True,0.13729787541999938,True
inner_2020,456,train,matched,76,59,2019-04-30,2019-04-02,inner_train,True,17.0,True,0.1310774036629554,True
inner_2020,456,train,matched,77,59,2019-05-02,2019-04-02,inner_train,True,18.0,True,0.18372113714837734,True
inner_2020,456,train,matched,78,21,2019-05-03,2019-02-06,inner_train,True,57.0,True,0.28900713438148884,True
inner_2020,456,train,matched,79,37,2019-05-07,2019-03-01,inner_train,True,42.0,True,0.2775468505577381,True
inner_2020,456,train,matched,80,36,2019-05-08,2019-02-28,inner_train,True,44.0,True,0.14330490445150224,True
inner_2020,456,train,matched,81,38,2019-05-09,2019-03-04,inner_train,True,43.0,True,0.16537199848018158,True
inner_2020,456,train,matched,82,38,2019-05-10,2019-03-04,inner_train,True,44.0,True,0.4289293474431308,True
inner_2020,456,train,matched,83,42,2019-05-13,2019-03-08,inner_train,True,41.0,True,0.9330316447550451,True
inner_2020,456,train,matched,84,40,2019-05-14,2019-03-06,inner_train,True,44.0,True,1.4534336639575196,True
inner_2020,456,train,matched,85,40,2019-05-15,2019-03-06,inner_train,True,45.0,True,1.783675350828096,True
inner_2020,456,train,matched,86,38,2019-05-16,2019-03-04,inner_train,True,48.0,True,1.9568392195875042,True
inner_2020,456,train,matched,87,39,2019-05-17,2019-03-05,inner_train,True,48.0,True,1.8645967931803216,True
inner_2020,456,train,matched,88,82,2019-05-21,2019-05-10,inner_train,True,6.0,True,1.0165920893563452,True
inner_2020,456,train,matched,89,83,2019-05-22,2019-05-13,inner_train,True,6.0,True,0.2983669725517988,True
inner_2020,456,train,matched,90,85,2019-05-23,2019-05-15,inner_train,True,5.0,True,0.7516433872415531,True
inner_2020,456,train,matched,91,39,2019-05-24,2019-03-05,inner_train,True,52.0,True,0.17048709914695204,True
inner_2020,456,train,matched,92,42,2019-05-27,2019-03-08,inner_train,True,50.0,True,0.3253501069229392,True
inner_2020,456,train,matched,93,44,2019-05-28,2019-03-12,inner_train,True,49.0,True,0.13353139262452274,True
inner_2020,456,train,matched,94,81,2019-05-29,2019-05-09,inner_train,True,13.0,True,0.5024573740954739,True
inner_2020,456,train,matched,95,41,2019-05-30,2019-03-07,inner_train,True,54.0,True,0.4251083093378445,True
inner_2020,456,train,matched,96,44,2019-05-31,2019-03-12,inner_train,True,52.0,True,0.2893173957925117,True
inner_2020,456,train,matched,97,6,2019-06-04,2019-01-16,inner_train,True,91.0,True,0.12726177961092766,True
inner_2020,456,train,matched,98,37,2019-06-05,2019-03-01,inner_train,True,61.0,True,0.13434805253107873,True
inner_2020,456,train,matched,99,22,2019-06-06,2019-02-07,inner_train,True,77.0,True,0.0727593542824283,True
inner_2020,456,train,matched,100,25,2019-06-07,2019-02-12,inner_train,True,75.0,True,0.022989518224698635,True
inner_2020,456,train,matched,101,26,2019-06-10,2019-02-13,inner_train,True,75.0,True,0.04652001563489261,True
inner_2020,456,train,matched,102,66,2019-06-11,2019-04-12,inner_train,True,36.0,True,0.20116464459543426,True
inner_2020,456,train,matched,103,67,2019-06-12,2019-04-17,inner_train,True,36.0,True,0.2267733193647885,True
inner_2020,456,train,matched,104,12,2019-06-13,2019-01-24,inner_train,True,92.0,True,0.18340322266469533,True
inner_2020,456,train,matched,105,52,2019-06-14,2019-03-22,inner_train,True,53.0,True,0.08536837697210142,True
inner_2020,456,train,matched,106,71,2019-06-17,2019-04-23,inner_train,True,35.0,True,0.11202518740355938,True
inner_2020,456,train,matched,107,73,2019-06-18,2019-04-25,inner_train,True,34.0,True,0.1383116157975124,True
inner_2020,456,train,matched,108,72,2019-06-19,2019-04-24,inner_train,True,36.0,True,0.08004270767353638,True
inner_2020,456,train,matched,109,61,2019-06-20,2019-04-04,inner_train,True,48.0,True,0.09280010516587422,True
inner_2020,456,train,matched,110,72,2019-06-21,2019-04-24,inner_train,True,38.0,True,0.09946079353063819,True
inner_2020,456,train,matched,111,17,2019-06-24,2019-01-31,inner_train,True,94.0,True,0.11980119981262005,True
inner_2020,456,train,matched,112,69,2019-06-25,2019-04-19,inner_train,True,43.0,True,0.09245711082191832,True
inner_2020,456,train,matched,113,108,2019-06-26,2019-06-19,inner_train,True,5.0,True,0.11926342082681796,True
inner_2020,456,train,matched,114,13,2019-06-27,2019-01-25,inner_train,True,101.0,True,0.06899287148695166,True
inner_2020,456,train,matched,115,24,2019-06-28,2019-02-11,inner_train,True,91.0,True,0.08919557880447115,True
inner_2020,456,train,matched,116,100,2019-07-01,2019-06-07,inner_train,True,16.0,True,0.11332868530700324,True
inner_2020,456,train,matched,117,52,2019-07-02,2019-03-22,inner_train,True,65.0,True,0.06243294057321869,True
inner_2020,456,train,matched,118,12,2019-07-03,2019-01-24,inner_train,True,106.0,True,0.13353139262452274,True
inner_2020,456,train,matched,119,68,2019-07-04,2019-04-18,inner_train,True,51.0,True,0.1451820098444978,True
inner_2020,456,train,matched,120,64,2019-07-05,2019-04-10,inner_train,True,56.0,True,0.12348105677102161,True
inner_2020,456,train,matched,121,52,2019-07-08,2019-03-22,inner_train,True,69.0,True,0.1269714617107902,True
inner_2020,456,train,matched,122,63,2019-07-09,2019-04-09,inner_train,True,59.0,True,0.08004270767353638,True
inner_2020,456,train,matched,123,25,2019-07-10,2019-02-12,inner_train,True,98.0,True,0.04445176257083405,True
inner_2020,456,train,matched,124,105,2019-07-11,2019-06-14,inner_train,True,19.0,True,0.06221023137798021,True
inner_2020,456,train,matched,125,23,2019-07-12,2019-02-08,inner_train,True,102.0,True,0.05834655088965013,True
inner_2020,456,train,matched,126,110,2019-07-15,2019-06-21,inner_train,True,16.0,True,0.10318423623523065,True
inner_2020,456,train,matched,127,97,2019-07-17,2019-06-04,inner_train,True,30.0,True,0.15106901328985023,True
inner_2020,456,train,matched,128,97,2019-07-18,2019-06-04,inner_train,True,31.0,True,0.13237688027769767,True
inner_2020,456,train,matched,129,56,2019-07-19,2019-03-28,inner_train,True,73.0,True,0.15906469462968742,True
inner_2020,456,train,matched,130,98,2019-07-22,2019-06-05,inner_train,True,32.0,True,0.08053886248401243,True
inner_2020,456,train,matched,131,7,2019-07-23,2019-01-17,inner_train,True,124.0,True,0.12742760968650524,True
inner_2020,456,train,matched,132,57,2019-07-24,2019-03-29,inner_train,True,75.0,True,0.07341893471172867,True
inner_2020,456,train,matched,133,57,2019-07-25,2019-03-29,inner_train,True,76.0,True,0.06018879701110569,True
inner_2020,456,train,matched,134,79,2019-07-26,2019-05-07,inner_train,True,55.0,True,0.016260520871780315,True
inner_2020,456,train,matched,135,91,2019-07-30,2019-05-24,inner_train,True,44.0,True,0.0,True
inner_2020,456,train,matched,136,44,2019-07-31,2019-03-12,inner_train,True,92.0,True,0.0816780310142673,True
inner_2020,456,train,matched,137,94,2019-08-01,2019-05-29,inner_train,True,43.0,True,0.4344526449814161,True
inner_2020,456,train,matched,138,41,2019-08-02,2019-03-07,inner_train,True,97.0,True,0.20951729960244503,True
inner_2020,456,train,matched,139,41,2019-08-05,2019-03-07,inner_train,True,98.0,True,0.06453852113757108,True
inner_2020,456,train,matched,140,93,2019-08-06,2019-05-28,inner_train,True,47.0,True,0.26314888592790897,True
inner_2020,456,train,matched,141,93,2019-08-07,2019-05-28,inner_train,True,48.0,True,0.2780374984216598,True
inner_2020,456,train,matched,142,96,2019-08-08,2019-05-31,inner_train,True,46.0,True,0.18658595558041213,True
inner_2020,456,train,matched,143,40,2019-08-09,2019-03-06,inner_train,True,103.0,True,0.16223479822721742,True
inner_2020,456,train,matched,144,43,2019-08-13,2019-03-11,inner_train,True,101.0,True,0.052750565385529136,True
inner_2020,456,train,matched,145,91,2019-08-14,2019-05-24,inner_train,True,54.0,True,0.48324280915084783,True
inner_2020,456,train,matched,146,84,2019-08-15,2019-05-14,inner_train,True,62.0,True,0.40772627357130187,True
inner_2020,456,train,matched,147,89,2019-08-16,2019-05-22,inner_train,True,58.0,True,0.2278648239301324,True
inner_2020,456,train,matched,148,89,2019-08-19,2019-05-22,inner_train,True,59.0,True,0.3016928095213798,True
inner_2020,456,train,matched,149,83,2019-08-20,2019-05-13,inner_train,True,66.0,True,0.20069239708651754,True
inner_2020,456,train,matched,150,83,2019-08-21,2019-05-13,inner_train,True,67.0,True,0.4650160877346958,True
inner_2020,456,train,matched,151,81,2019-08-22,2019-05-09,inner_train,True,70.0,True,0.057158413839948796,True
inner_2020,456,train,matched,152,142,2019-08-23,2019-08-08,inner_train,True,10.0,True,0.13815033848081715,True
inner_2020,456,train,matched,153,140,2019-08-26,2019-08-06,inner_train,True,13.0,True,0.5918910078101054,True
inner_2020,456,train,matched,154,96,2019-08-27,2019-05-31,inner_train,True,58.0,True,0.6838704696884546,True
inner_2020,456,train,matched,155,138,2019-08-28,2019-08-02,inner_train,True,17.0,True,0.7624477230244735,True
inner_2020,456,train,matched,156,94,2019-08-29,2019-05-29,inner_train,True,62.0,True,0.508990283708405,True
inner_2020,456,train,matched,157,54,2019-08-30,2019-03-26,inner_train,True,103.0,True,0.8752746395016713,True
inner_2020,456,train,matched,158,28,2019-09-02,2019-02-15,inner_train,True,130.0,True,0.21776370344388685,True
inner_2020,456,train,matched,159,5,2019-09-03,2019-01-15,inner_train,True,154.0,True,0.05608946665104364,True
inner_2020,456,train,matched,160,112,2019-09-04,2019-06-25,inner_train,True,48.0,True,0.03704127168034921,True
inner_2020,456,train,matched,161,114,2019-09-05,2019-06-27,inner_train,True,47.0,True,0.058268908123976004,True
inner_2020,456,train,matched,162,17,2019-09-06,2019-01-31,inner_train,True,145.0,True,0.01709443335930061,True
inner_2020,456,train,matched,163,60,2019-09-09,2019-04-03,inner_train,True,103.0,True,0.14803701395262436,True
inner_2020,456,train,matched,164,111,2019-09-10,2019-06-24,inner_train,True,53.0,True,0.10717704658422411,True
inner_2020,456,train,matched,165,110,2019-09-11,2019-06-21,inner_train,True,55.0,True,0.12260232209233246,True
inner_2020,456,train,matched,166,107,2019-09-12,2019-06-18,inner_train,True,59.0,True,0.10082852254277208,True
inner_2020,456,train,matched,167,108,2019-09-13,2019-06-19,inner_train,True,59.0,True,0.09909090264423082,True
inner_2020,456,train,matched,168,62,2019-09-16,2019-04-05,inner_train,True,106.0,True,0.279960026357871,True
inner_2020,456,train,matched,169,3,2019-09-17,2019-01-11,inner_train,True,166.0,True,0.30294954458257006,True
inner_2020,456,train,matched,170,10,2019-09-18,2019-01-22,inner_train,True,160.0,True,0.1910552367627094,True
inner_2020,456,train,matched,171,1,2019-09-19,2019-01-09,inner_train,True,170.0,True,0.6079893722196386,True
inner_2020,456,train,matched,172,156,2019-09-20,2019-08-29,inner_train,True,16.0,True,0.5953248874661003,True
inner_2020,456,train,matched,173,154,2019-09-23,2019-08-27,inner_train,True,19.0,True,0.11488027599842221,True
inner_2020,456,train,matched,174,156,2019-09-24,2019-08-29,inner_train,True,18.0,True,0.14933957673084786,True
inner_2020,456,train,matched,175,153,2019-09-25,2019-08-26,inner_train,True,22.0,True,0.3925617032722566,True
inner_2020,456,train,matched,176,91,2019-09-26,2019-05-24,inner_train,True,85.0,True,0.3496651384413041,True
inner_2020,456,train,matched,177,57,2019-09-27,2019-03-29,inner_train,True,120.0,True,0.10441129869049348,True
inner_2020,456,train,matched,178,133,2019-09-30,2019-07-25,inner_train,True,45.0,True,0.14909590916563387,True
inner_2020,456,train,matched,179,151,2019-10-01,2019-08-22,inner_train,True,28.0,True,0.22884157242884706,True
inner_2020,456,train,matched,180,150,2019-10-02,2019-08-21,inner_train,True,30.0,True,0.3170959576580752,True
inner_2020,456,train,matched,181,151,2019-10-03,2019-08-22,inner_train,True,30.0,True,0.15415067982725805,True
inner_2020,456,train,matched,182,93,2019-10-04,2019-05-28,inner_train,True,89.0,True,0.16153078712488078,True
inner_2020,456,train,matched,183,95,2019-10-07,2019-05-30,inner_train,True,88.0,True,0.16984089557034565,True
inner_2020,456,train,matched,184,137,2019-10-08,2019-08-01,inner_train,True,47.0,True,0.2113090936672064,True
inner_2020,456,train,matched,185,141,2019-10-09,2019-08-07,inner_train,True,44.0,True,0.21455980762281834,True
inner_2020,456,train,matched,186,141,2019-10-10,2019-08-07,inner_train,True,45.0,True,0.2537805207760999,True
inner_2020,456,train,matched,187,142,2019-10-11,2019-08-08,inner_train,True,45.0,True,0.09146572733901026,True
inner_2020,456,train,matched,188,7,2019-10-15,2019-01-17,inner_train,True,181.0,True,0.10318423623523065,True
inner_2020,456,train,matched,189,127,2019-10-16,2019-07-17,inner_train,True,62.0,True,0.09716374845364806,True
inner_2020,456,train,matched,190,158,2019-10-17,2019-09-02,inner_train,True,32.0,True,0.08894748601649605,True
inner_2020,456,train,matched,191,3,2019-10-18,2019-01-11,inner_train,True,188.0,True,0.08701137698962969,True
inner_2020,456,train,matched,192,128,2019-10-21,2019-07-18,inner_train,True,64.0,True,0.058268908123976004,True
inner_2020,456,train,matched,193,169,2019-10-22,2019-09-17,inner_train,True,24.0,True,0.09880058474409381,True
inner_2020,456,train,matched,194,54,2019-10-24,2019-03-26,inner_train,True,140.0,True,0.2231435513142097,True
inner_2020,456,train,matched,195,168,2019-10-25,2019-09-16,inner_train,True,27.0,True,0.0747656505726928,True
inner_2020,456,train,matched,196,137,2019-10-28,2019-08-01,inner_train,True,59.0,True,0.3663251997708943,True
inner_2020,456,train,matched,197,184,2019-10-29,2019-10-08,inner_train,True,13.0,True,0.5114833021849616,True
inner_2020,456,train,matched,198,184,2019-10-30,2019-10-08,inner_train,True,14.0,True,0.19671029424605457,True
inner_2020,456,train,matched,199,131,2019-10-31,2019-07-23,inner_train,True,68.0,True,0.06788114263426026,True
inner_2020,456,train,matched,200,177,2019-11-01,2019-09-27,inner_train,True,23.0,True,0.12649310724101248,True
inner_2020,456,train,matched,201,79,2019-11-04,2019-05-07,inner_train,True,122.0,True,0.3139676844583952,True
inner_2020,456,train,matched,202,79,2019-11-05,2019-05-07,inner_train,True,123.0,True,0.22144431556125044,True
inner_2020,456,train,matched,203,134,2019-11-06,2019-07-26,inner_train,True,69.0,True,0.3348685848866779,True
inner_2020,456,train,matched,204,35,2019-11-07,2019-02-27,inner_train,True,169.0,True,0.09522157052687552,True
inner_2020,456,train,matched,205,35,2019-11-08,2019-02-27,inner_train,True,170.0,True,0.04587045406609702,True
inner_2020,456,train,matched,206,21,2019-11-11,2019-02-06,inner_train,True,185.0,True,0.23764239571503865,True
inner_2020,456,train,matched,207,202,2019-11-12,2019-11-05,inner_train,True,5.0,True,0.1923718926474569,True
inner_2020,456,train,matched,208,203,2019-11-13,2019-11-06,inner_train,True,5.0,True,0.3677247801253172,True
inner_2020,456,train,matched,209,201,2019-11-14,2019-11-04,inner_train,True,8.0,True,0.7197664668352233,True
inner_2020,456,train,matched,210,200,2019-11-15,2019-11-01,inner_train,True,10.0,True,1.2142073337410784,True
inner_2020,456,train,matched,211,201,2019-11-18,2019-11-04,inner_train,True,10.0,True,0.9407337387268373,True
inner_2020,456,train,matched,212,203,2019-11-19,2019-11-06,inner_train,True,9.0,True,0.829279354884525,True
inner_2020,456,train,matched,213,203,2019-11-20,2019-11-06,inner_train,True,10.0,True,0.4746225751020301,True
inner_2020,456,train,matched,214,203,2019-11-21,2019-11-06,inner_train,True,11.0,True,0.24149268998240636,True
inner_2020,456,train,matched,215,201,2019-11-22,2019-11-04,inner_train,True,14.0,True,0.15082288973458358,True
inner_2020,456,train,matched,216,133,2019-11-25,2019-07-25,inner_train,True,83.0,True,0.06018879701110569,True
inner_2020,456,train,matched,217,6,2019-11-26,2019-01-16,inner_train,True,211.0,True,0.08358671610826551,True
inner_2020,456,train,matched,218,97,2019-11-27,2019-06-04,inner_train,True,121.0,True,0.03922071315328157,True
inner_2020,456,train,matched,219,8,2019-11-28,2019-01-18,inner_train,True,211.0,True,0.15236336925316252,True
inner_2020,456,train,matched,220,194,2019-11-29,2019-10-24,inner_train,True,26.0,True,0.16001579927965626,True
inner_2020,456,train,matched,221,196,2019-12-02,2019-10-28,inner_train,True,25.0,True,0.1541506798272585,True
inner_2020,456,train,matched,222,198,2019-12-03,2019-10-30,inner_train,True,24.0,True,0.2267733193647885,True
inner_2020,456,train,matched,223,183,2019-12-04,2019-10-07,inner_train,True,40.0,True,0.1628346691204583,True
inner_2020,456,train,matched,224,96,2019-12-06,2019-05-31,inner_train,True,128.0,True,0.04348511193973881,True
inner_2020,456,train,matched,225,186,2019-12-09,2019-10-10,inner_train,True,39.0,True,0.16342431661258727,True
inner_2020,456,train,matched,226,198,2019-12-11,2019-10-30,inner_train,True,28.0,True,0.11155248590574729,True
inner_2020,456,train,matched,227,181,2019-12-12,2019-10-03,inner_train,True,46.0,True,0.22006188477680189,True
inner_2020,456,train,matched,228,94,2019-12-13,2019-05-29,inner_train,True,134.0,True,0.20252426411147395,True
inner_2020,456,train,matched,229,222,2019-12-16,2019-12-03,inner_train,True,7.0,True,0.1287581138718652,True
inner_2020,456,train,matched,230,183,2019-12-17,2019-10-07,inner_train,True,47.0,True,0.10357320508373036,True
inner_2020,456,train,matched,231,44,2019-12-18,2019-03-12,inner_train,True,187.0,True,0.12169693497751988,True
inner_2020,456,train,matched,232,48,2019-12-19,2019-03-18,inner_train,True,184.0,True,0.07257069283483508,True
inner_2020,456,train,matched,233,56,2019-12-20,2019-03-28,inner_train,True,177.0,True,0.01739174271186883,True
inner_2020,456,train,matched,234,98,2019-12-23,2019-06-05,inner_train,True,136.0,True,0.07020425867324853,True
inner_2020,456,train,matched,235,177,2019-12-24,2019-09-27,inner_train,True,58.0,True,0.02898753687325195,True
inner_2020,456,train,matched,236,189,2019-12-25,2019-10-16,inner_train,True,47.0,True,0.057943035300366486,True
inner_2020,456,train,matched,237,131,2019-12-26,2019-07-23,inner_train,True,106.0,True,0.06899287148695077,True
inner_2020,456,train,matched,238,199,2019-12-27,2019-10-31,inner_train,True,39.0,True,0.03390155167568132,True
inner_2020,456,train,matched,239,130,2019-12-30,2019-07-22,inner_train,True,109.0,True,0.018018505502678472,True
inner_2020,456,train,random,5,0,2019-01-15,2019-01-08,inner_train,True,5.0,True,2.4894806201076367,True
inner_2020,456,train,random,6,0,2019-01-16,2019-01-08,inner_train,True,6.0,True,2.5955401920679613,True
inner_2020,456,train,random,7,1,2019-01-17,2019-01-09,inner_train,True,6.0,True,1.4075523231524798,True
inner_2020,456,train,random,8,1,2019-01-18,2019-01-09,inner_train,True,7.0,True,1.0554068525770983,True
inner_2020,456,train,random,9,2,2019-01-21,2019-01-10,inner_train,True,7.0,True,0.45798314239161053,True
inner_2020,456,train,random,10,0,2019-01-22,2019-01-08,inner_train,True,10.0,True,1.7607424944449888,True
inner_2020,456,train,random,11,0,2019-01-23,2019-01-08,inner_train,True,11.0,True,1.7694005571881035,True
inner_2020,456,train,random,17,10,2019-01-31,2019-01-22,inner_train,True,7.0,False,0.9577386174402602,True
inner_2020,456,train,random,18,10,2019-02-01,2019-01-22,inner_train,True,8.0,False,0.9671491491076463,True
inner_2020,456,train,random,19,9,2019-02-04,2019-01-21,inner_train,True,10.0,False,0.6205764877251099,True
inner_2020,456,train,random,20,15,2019-02-05,2019-01-29,inner_train,True,5.0,True,0.5069720544500007,True
inner_2020,456,train,random,21,1,2019-02-06,2019-01-09,inner_train,True,20.0,False,1.7456652492311528,True
inner_2020,456,train,random,22,1,2019-02-07,2019-01-09,inner_train,True,21.0,False,1.6479896897427104,True
inner_2020,456,train,random,23,6,2019-02-08,2019-01-16,inner_train,True,17.0,False,0.232622295268754,True
inner_2020,456,train,random,24,6,2019-02-11,2019-01-16,inner_train,True,18.0,False,0.058268908123976004,True
inner_2020,456,train,random,25,14,2019-02-12,2019-01-28,inner_train,True,11.0,True,0.5389965007326869,True
inner_2020,456,train,random,26,17,2019-02-13,2019-01-31,inner_train,True,9.0,True,0.3894647667617228,True
inner_2020,456,train,random,27,16,2019-02-14,2019-01-30,inner_train,True,11.0,True,0.3440564799795207,True
inner_2020,456,train,random,28,9,2019-02-15,2019-01-21,inner_train,True,19.0,True,0.4581691715987328,True
inner_2020,456,train,random,29,13,2019-02-18,2019-01-25,inner_train,True,16.0,False,0.32571271833476567,True
inner_2020,456,train,random,30,25,2019-02-20,2019-02-12,inner_train,True,5.0,False,0.10570888702522341,True
inner_2020,456,train,random,31,6,2019-02-21,2019-01-16,inner_train,True,25.0,True,0.22000383130954226,True
inner_2020,456,train,random,32,6,2019-02-22,2019-01-16,inner_train,True,26.0,False,0.12014431184206353,True
inner_2020,456,train,random,33,14,2019-02-25,2019-01-28,inner_train,True,19.0,True,0.28768207245178035,True
inner_2020,456,train,random,34,16,2019-02-26,2019-01-30,inner_train,True,18.0,True,0.3302416868705764,True
inner_2020,456,train,random,35,15,2019-02-27,2019-01-29,inner_train,True,20.0,True,0.23284294840292352,True
inner_2020,456,train,random,36,16,2019-02-28,2019-01-30,inner_train,True,20.0,False,0.29626581614317216,True
inner_2020,456,train,random,37,14,2019-03-01,2019-01-28,inner_train,True,23.0,False,0.28589795065827905,True
inner_2020,456,train,random,43,12,2019-03-11,2019-01-24,inner_train,True,31.0,False,0.4981745062124321,True
inner_2020,456,train,random,44,18,2019-03-12,2019-02-01,inner_train,True,26.0,False,0.10627921117489914,True
inner_2020,456,train,random,45,9,2019-03-13,2019-01-21,inner_train,True,36.0,True,0.6123198514259909,True
inner_2020,456,train,random,46,9,2019-03-14,2019-01-21,inner_train,True,37.0,True,0.5173922514898792,True
inner_2020,456,train,random,47,23,2019-03-15,2019-02-08,inner_train,True,24.0,False,0.2041676498552043,True
inner_2020,456,train,random,48,37,2019-03-18,2019-03-01,inner_train,True,11.0,True,0.15023678050612155,True
inner_2020,456,train,random,49,15,2019-03-19,2019-01-29,inner_train,True,34.0,False,0.6017054775335411,True
inner_2020,456,train,random,50,32,2019-03-20,2019-02-22,inner_train,True,18.0,False,0.2464629936593541,True
inner_2020,456,train,random,51,37,2019-03-21,2019-03-01,inner_train,True,14.0,True,0.5440512713943111,True
inner_2020,456,train,random,52,8,2019-03-22,2019-01-18,inner_train,True,44.0,False,0.06243294057321869,True
inner_2020,456,train,random,53,17,2019-03-25,2019-01-31,inner_train,True,36.0,False,0.9916401691159415,True
inner_2020,456,train,random,54,4,2019-03-26,2019-01-14,inner_train,True,50.0,True,0.4488413824335158,True
inner_2020,456,train,random,55,8,2019-03-27,2019-01-18,inner_train,True,47.0,True,0.39903421777787385,True
inner_2020,456,train,random,56,51,2019-03-28,2019-03-21,inner_train,True,5.0,True,0.6436811123431525,True
inner_2020,456,train,random,57,41,2019-03-29,2019-03-07,inner_train,True,16.0,False,0.5313453539971671,True
inner_2020,456,train,random,58,3,2019-04-01,2019-01-11,inner_train,True,55.0,False,0.7230001437096258,True
inner_2020,456,train,random,59,37,2019-04-02,2019-03-01,inner_train,True,22.0,False,0.2402966305404588,True
inner_2020,456,train,random,60,31,2019-04-03,2019-02-21,inner_train,True,29.0,False,0.3917878828007111,True
inner_2020,456,train,random,61,16,2019-04-04,2019-01-30,inner_train,True,45.0,True,0.17435338714477755,True
inner_2020,456,train,random,62,12,2019-04-05,2019-01-24,inner_train,True,50.0,False,0.24667404872440368,True
inner_2020,456,train,random,63,0,2019-04-09,2019-01-08,inner_train,True,63.0,False,2.0656663733312755,True
inner_2020,456,train,random,64,10,2019-04-10,2019-01-22,inner_train,True,54.0,False,0.2939126222024169,True
inner_2020,456,train,random,65,56,2019-04-11,2019-03-28,inner_train,True,9.0,False,1.076545194639431,True
inner_2020,456,train,random,66,58,2019-04-12,2019-04-01,inner_train,True,8.0,True,1.0840134892469568,True
inner_2020,456,train,random,67,39,2019-04-17,2019-03-05,inner_train,True,28.0,False,0.7765287894989963,True
inner_2020,456,train,random,68,49,2019-04-18,2019-03-19,inner_train,True,19.0,False,0.5112955485866686,True
inner_2020,456,train,random,69,32,2019-04-19,2019-02-22,inner_train,True,37.0,True,0.20645663252919544,True
inner_2020,456,train,random,70,65,2019-04-22,2019-04-11,inner_train,True,5.0,True,0.43093171454522494,True
inner_2020,456,train,random,71,34,2019-04-23,2019-02-26,inner_train,True,37.0,True,0.4637730794950996,True
inner_2020,456,train,random,72,6,2019-04-24,2019-01-16,inner_train,True,66.0,False,0.24219174628490414,True
inner_2020,456,train,random,73,25,2019-04-25,2019-02-12,inner_train,True,48.0,True,0.2602102517875826,True
inner_2020,456,train,random,74,37,2019-04-26,2019-03-01,inner_train,True,37.0,False,0.2789292813421862,True
inner_2020,456,train,random,75,35,2019-04-29,2019-02-27,inner_train,True,40.0,False,0.11778303565638337,True
inner_2020,456,train,random,76,61,2019-04-30,2019-04-04,inner_train,True,15.0,True,0.4793840979311712,True
inner_2020,456,train,random,77,47,2019-05-02,2019-03-15,inner_train,True,30.0,False,0.8483343984432117,True
inner_2020,456,train,random,78,62,2019-05-03,2019-04-05,inner_train,True,16.0,False,0.9869875771294536,True
inner_2020,456,train,random,79,72,2019-05-07,2019-04-24,inner_train,True,7.0,False,0.635422995842104,True
inner_2020,456,train,random,80,3,2019-05-08,2019-01-11,inner_train,True,77.0,True,0.6184562879583559,True
inner_2020,456,train,random,81,27,2019-05-09,2019-02-14,inner_train,True,54.0,False,0.3356882303090041,True
inner_2020,456,train,random,82,55,2019-05-10,2019-03-27,inner_train,True,27.0,False,0.7354648302237594,True
inner_2020,456,train,random,83,60,2019-05-13,2019-04-03,inner_train,True,23.0,False,0.9976363713281065,True
inner_2020,456,train,random,84,7,2019-05-14,2019-01-17,inner_train,True,77.0,False,1.5664725361919247,True
inner_2020,456,train,random,85,59,2019-05-15,2019-04-02,inner_train,True,26.0,False,1.5263404347656069,True
inner_2020,456,train,random,86,21,2019-05-16,2019-02-06,inner_train,True,65.0,False,1.972150523491952,True
inner_2020,456,train,random,87,31,2019-05-17,2019-02-21,inner_train,True,56.0,False,2.2086532731598423,True
inner_2020,456,train,random,88,52,2019-05-21,2019-03-22,inner_train,True,36.0,False,2.0886581967847597,True
inner_2020,456,train,random,89,60,2019-05-22,2019-04-03,inner_train,True,29.0,False,1.2960033438799052,True
inner_2020,456,train,random,90,55,2019-05-23,2019-03-27,inner_train,True,35.0,False,1.0981820886184557,True
inner_2020,456,train,random,91,2,2019-05-24,2019-01-10,inner_train,True,89.0,False,0.794779826103758,True
inner_2020,456,train,random,92,85,2019-05-27,2019-05-15,inner_train,True,7.0,True,1.8031881650516772,True
inner_2020,456,train,random,93,85,2019-05-28,2019-05-15,inner_train,True,8.0,True,1.9318055428737715,True
inner_2020,456,train,random,94,26,2019-05-29,2019-02-13,inner_train,True,68.0,False,0.2582348711254796,True
inner_2020,456,train,random,95,69,2019-05-30,2019-04-19,inner_train,True,26.0,False,0.13638446160692963,True
inner_2020,456,train,random,96,86,2019-05-31,2019-05-16,inner_train,True,10.0,True,2.5011407725498844,True
inner_2020,456,train,random,97,24,2019-06-04,2019-02-11,inner_train,True,73.0,False,0.06899287148695166,True
inner_2020,456,train,random,98,9,2019-06-05,2019-01-21,inner_train,True,89.0,True,0.7586043972145893,True
inner_2020,456,train,random,99,42,2019-06-06,2019-03-08,inner_train,True,57.0,False,0.14107859825990543,True
inner_2020,456,train,random,100,89,2019-06-07,2019-05-22,inner_train,True,11.0,False,1.7458720647165853,True
inner_2020,456,train,random,101,63,2019-06-10,2019-04-09,inner_train,True,38.0,True,0.3098699874271431,True
inner_2020,456,train,random,102,85,2019-06-11,2019-05-15,inner_train,True,17.0,False,2.3934409224489905,True
inner_2020,456,train,random,103,27,2019-06-12,2019-02-14,inner_train,True,76.0,True,0.6592456288842641,True
inner_2020,456,train,random,104,37,2019-06-13,2019-03-01,inner_train,True,67.0,False,0.7852133282111988,True
inner_2020,456,train,random,105,40,2019-06-14,2019-03-06,inner_train,True,65.0,False,0.39286368123016047,True
inner_2020,456,train,random,106,68,2019-06-17,2019-04-18,inner_train,True,38.0,True,0.23922968906583408,True
inner_2020,456,train,random,107,76,2019-06-18,2019-04-30,inner_train,True,31.0,True,0.7104958188945578,True
inner_2020,456,train,random,108,73,2019-06-19,2019-04-25,inner_train,True,35.0,True,0.019048194970694432,True
inner_2020,456,train,random,109,69,2019-06-20,2019-04-19,inner_train,True,40.0,True,0.05678852295354142,True
inner_2020,456,train,random,110,28,2019-06-21,2019-02-15,inner_train,True,82.0,False,0.13473259397015624,True
inner_2020,456,train,random,111,55,2019-06-24,2019-03-27,inner_train,True,56.0,False,0.16200155430299734,True
inner_2020,456,train,random,112,67,2019-06-25,2019-04-17,inner_train,True,45.0,True,0.6205245410224154,True
inner_2020,456,train,random,113,29,2019-06-26,2019-02-18,inner_train,True,84.0,False,0.27095762951058644,True
inner_2020,456,train,random,114,24,2019-06-27,2019-02-11,inner_train,True,90.0,True,0.12726177961092766,True
inner_2020,456,train,random,115,16,2019-06-28,2019-01-30,inner_train,True,99.0,True,0.2715171355984256,True
inner_2020,456,train,random,116,103,2019-07-01,2019-06-12,inner_train,True,13.0,True,0.48783610554129186,True
inner_2020,456,train,random,117,71,2019-07-02,2019-04-23,inner_train,True,46.0,True,0.395895657092014,True
inner_2020,456,train,random,118,72,2019-07-03,2019-04-24,inner_train,True,46.0,True,0.3031862589877461,True
inner_2020,456,train,random,119,101,2019-07-04,2019-06-10,inner_train,True,18.0,True,0.550255345175859,True
inner_2020,456,train,random,120,29,2019-07-05,2019-02-18,inner_train,True,91.0,False,0.3712151850650858,True
inner_2020,456,train,random,121,32,2019-07-08,2019-02-22,inner_train,True,89.0,True,0.36890751237436703,True
inner_2020,456,train,random,122,44,2019-07-09,2019-03-12,inner_train,True,78.0,False,0.47590335137292383,True
inner_2020,456,train,random,123,15,2019-07-10,2019-01-29,inner_train,True,108.0,True,0.6985672480292848,True
inner_2020,456,train,random,124,92,2019-07-11,2019-05-27,inner_train,True,32.0,False,0.3895820619351622,True
inner_2020,456,train,random,125,26,2019-07-12,2019-02-13,inner_train,True,99.0,True,0.16243074218787168,True
inner_2020,456,train,random,126,29,2019-07-15,2019-02-18,inner_train,True,97.0,False,0.1891773019385088,True
inner_2020,456,train,random,127,86,2019-07-17,2019-05-16,inner_train,True,41.0,False,2.3623043276956683,True
inner_2020,456,train,random,128,28,2019-07-18,2019-02-15,inner_train,True,100.0,True,0.17319887479795248,True
inner_2020,456,train,random,129,86,2019-07-19,2019-05-16,inner_train,True,43.0,False,2.1816460717485318,True
inner_2020,456,train,random,130,29,2019-07-22,2019-02-18,inner_train,True,101.0,True,0.41356231834078416,True
inner_2020,456,train,random,131,32,2019-07-23,2019-02-22,inner_train,True,99.0,False,0.17520408902509121,True
inner_2020,456,train,random,132,3,2019-07-24,2019-01-11,inner_train,True,129.0,True,0.6749909245232657,True
inner_2020,456,train,random,133,15,2019-07-25,2019-01-29,inner_train,True,118.0,False,0.15415067982725894,True
inner_2020,456,train,random,134,34,2019-07-26,2019-02-26,inner_train,True,100.0,False,0.4540827246108754,True
inner_2020,456,train,random,135,123,2019-07-30,2019-07-10,inner_train,True,12.0,False,0.39086630868701233,True
inner_2020,456,train,random,136,25,2019-07-31,2019-02-12,inner_train,True,111.0,False,0.19948936041632015,True
inner_2020,456,train,random,137,15,2019-08-01,2019-01-29,inner_train,True,122.0,False,1.0008481199022183,True
inner_2020,456,train,random,138,118,2019-08-02,2019-07-03,inner_train,True,20.0,False,0.16462197969455383,True
inner_2020,456,train,random,139,129,2019-08-05,2019-07-19,inner_train,True,10.0,False,0.38077249551779246,True
inner_2020,456,train,random,140,83,2019-08-06,2019-05-13,inner_train,True,57.0,True,1.4020427180880288,True
inner_2020,456,train,random,141,123,2019-08-07,2019-07-10,inner_train,True,18.0,False,0.17485326218642916,True
inner_2020,456,train,random,142,42,2019-08-08,2019-03-08,inner_train,True,100.0,True,0.40001820184603254,True
inner_2020,456,train,random,143,129,2019-08-09,2019-07-19,inner_train,True,14.0,False,0.3746934494414105,True
inner_2020,456,train,random,144,115,2019-08-13,2019-06-28,inner_train,True,29.0,False,0.22748195291280782,True
inner_2020,456,train,random,145,69,2019-08-14,2019-04-19,inner_train,True,76.0,False,0.7878744399164024,True
inner_2020,456,train,random,146,56,2019-08-15,2019-03-28,inner_train,True,90.0,False,0.8710641901688421,True
inner_2020,456,train,random,147,8,2019-08-16,2019-01-18,inner_train,True,139.0,False,1.6644358745198007,True
inner_2020,456,train,random,148,132,2019-08-19,2019-07-24,inner_train,True,16.0,False,0.9003494922744988,True
inner_2020,456,train,random,149,21,2019-08-20,2019-02-06,inner_train,True,128.0,False,0.7029829321575622,True
inner_2020,456,train,random,150,138,2019-08-21,2019-08-02,inner_train,True,12.0,True,1.1061029603972674,True
inner_2020,456,train,random,151,118,2019-08-22,2019-07-03,inner_train,True,33.0,False,0.6365768290715512,True
inner_2020,456,train,random,152,94,2019-08-23,2019-05-29,inner_train,True,58.0,True,0.36129388979502686,True
inner_2020,456,train,random,153,48,2019-08-26,2019-03-18,inner_train,True,105.0,False,0.7899609215721992,True
inner_2020,456,train,random,154,10,2019-08-27,2019-01-22,inner_train,True,144.0,False,0.6876820724517807,True
inner_2020,456,train,random,155,118,2019-08-28,2019-07-03,inner_train,True,37.0,False,0.6484613592984996,True
inner_2020,456,train,random,156,107,2019-08-29,2019-06-18,inner_train,True,49.0,False,0.5703929859286805,True
inner_2020,456,train,random,157,61,2019-08-30,2019-04-04,inner_train,True,96.0,False,1.3932517730102836,True
inner_2020,456,train,random,158,85,2019-09-02,2019-05-15,inner_train,True,73.0,False,2.210193868134093,True
inner_2020,456,train,random,159,40,2019-09-03,2019-03-06,inner_train,True,119.0,False,0.44802472252696024,True
inner_2020,456,train,random,160,15,2019-09-04,2019-01-29,inner_train,True,145.0,True,0.5569167309662579,True
inner_2020,456,train,random,161,116,2019-09-05,2019-07-01,inner_train,True,45.0,True,0.2641515750415868,True
inner_2020,456,train,random,162,141,2019-09-06,2019-08-07,inner_train,True,21.0,False,0.4553493642904556,True
inner_2020,456,train,random,163,112,2019-09-09,2019-06-25,inner_train,True,51.0,True,0.15489251962389083,True
inner_2020,456,train,random,164,41,2019-09-10,2019-03-07,inner_train,True,123.0,False,0.49937823792563973,True
inner_2020,456,train,random,165,142,2019-09-11,2019-08-08,inner_train,True,23.0,False,0.3908663086870119,True
inner_2020,456,train,random,166,57,2019-09-12,2019-03-29,inner_train,True,109.0,False,0.6048671940199299,True
inner_2020,456,train,random,167,110,2019-09-13,2019-06-21,inner_train,True,57.0,True,0.11850898850133262,True
inner_2020,456,train,random,168,10,2019-09-16,2019-01-22,inner_train,True,158.0,True,0.40212620684264966,True
inner_2020,456,train,random,169,65,2019-09-17,2019-04-11,inner_train,True,104.0,False,0.24661590749935192,True
inner_2020,456,train,random,170,76,2019-09-18,2019-04-30,inner_train,True,94.0,False,1.4549362938420538,True
inner_2020,456,train,random,171,18,2019-09-19,2019-02-01,inner_train,True,153.0,False,2.22026097936027,True
inner_2020,456,train,random,172,25,2019-09-20,2019-02-12,inner_train,True,147.0,False,1.192035181712154,True
inner_2020,456,train,random,173,9,2019-09-23,2019-01-21,inner_train,True,164.0,False,0.6756615855976555,True
inner_2020,456,train,random,174,101,2019-09-24,2019-06-10,inner_train,True,73.0,False,0.6143779729100709,True
inner_2020,456,train,random,175,39,2019-09-25,2019-03-05,inner_train,True,136.0,True,0.7466246080852312,True
inner_2020,456,train,random,176,169,2019-09-26,2019-09-17,inner_train,True,7.0,False,1.2420834341089781,True
inner_2020,456,train,random,177,100,2019-09-27,2019-06-07,inner_train,True,77.0,False,0.6073431686430322,True
inner_2020,456,train,random,178,131,2019-09-30,2019-07-23,inner_train,True,47.0,True,0.25869453557852795,True
inner_2020,456,train,random,179,155,2019-10-01,2019-08-28,inner_train,True,24.0,True,1.5138797607988979,True
inner_2020,456,train,random,180,124,2019-10-02,2019-07-11,inner_train,True,56.0,False,0.814559984266908,True
inner_2020,456,train,random,181,116,2019-10-03,2019-07-01,inner_train,True,65.0,False,0.41010548766466703,True
inner_2020,456,train,random,182,160,2019-10-04,2019-09-04,inner_train,True,22.0,False,0.19999706795267702,True
inner_2020,456,train,random,183,96,2019-10-07,2019-05-31,inner_train,True,87.0,True,0.08894748601649605,True
inner_2020,456,train,random,184,101,2019-10-08,2019-06-10,inner_train,True,83.0,False,0.22982727975360673,True
inner_2020,456,train,random,185,36,2019-10-09,2019-02-28,inner_train,True,149.0,False,0.8823891801984733,True
inner_2020,456,train,random,186,131,2019-10-10,2019-07-23,inner_train,True,55.0,False,0.6241543090729946,True
inner_2020,456,train,random,187,179,2019-10-11,2019-10-01,inner_train,True,8.0,True,0.6567795363890703,True
inner_2020,456,train,random,188,68,2019-10-15,2019-04-18,inner_train,True,120.0,False,0.4495250979021952,True
inner_2020,456,train,random,189,82,2019-10-16,2019-05-10,inner_train,True,107.0,False,0.931558204004943,True
inner_2020,456,train,random,190,56,2019-10-17,2019-03-28,inner_train,True,134.0,True,0.6901092035398686,True
inner_2020,456,train,random,191,77,2019-10-18,2019-05-02,inner_train,True,114.0,False,0.8890807757378267,True
inner_2020,456,train,random,192,158,2019-10-21,2019-09-02,inner_train,True,34.0,True,0.18447772581042,True
inner_2020,456,train,random,193,36,2019-10-22,2019-02-28,inner_train,True,157.0,True,0.9659101522483344,True
inner_2020,456,train,random,194,99,2019-10-24,2019-06-06,inner_train,True,95.0,False,0.9447066768484498,True
inner_2020,456,train,random,195,171,2019-10-25,2019-09-19,inner_train,True,24.0,True,1.3985288301111272,True
inner_2020,456,train,random,196,78,2019-10-28,2019-05-03,inner_train,True,118.0,False,1.4340016881504907,True
inner_2020,456,train,random,197,127,2019-10-29,2019-07-17,inner_train,True,70.0,False,0.8369057026195899,True
inner_2020,456,train,random,198,182,2019-10-30,2019-10-04,inner_train,True,16.0,True,0.22933552156213066,True
inner_2020,456,train,random,199,21,2019-10-31,2019-02-06,inner_train,True,178.0,False,0.14280417375790755,True
inner_2020,456,train,random,200,35,2019-11-01,2019-02-27,inner_train,True,165.0,False,0.20067069546215066,True
inner_2020,456,train,random,201,45,2019-11-04,2019-03-13,inner_train,True,156.0,True,0.7211320283195195,True
inner_2020,456,train,random,202,103,2019-11-05,2019-06-12,inner_train,True,99.0,False,1.4939250253122567,True
inner_2020,456,train,random,203,23,2019-11-06,2019-02-08,inner_train,True,180.0,False,0.9444616088408515,True
inner_2020,456,train,random,204,193,2019-11-07,2019-10-22,inner_train,True,11.0,False,0.9636972723898047,True
inner_2020,456,train,random,205,31,2019-11-08,2019-02-21,inner_train,True,174.0,False,0.429214288319828,True
inner_2020,456,train,random,206,38,2019-11-11,2019-03-04,inner_train,True,168.0,False,0.12146938455680623,True
inner_2020,456,train,random,207,40,2019-11-12,2019-03-06,inner_train,True,167.0,False,0.6486954179891113,True
inner_2020,456,train,random,208,158,2019-11-13,2019-09-02,inner_train,True,50.0,True,1.465411571272484,True
inner_2020,456,train,random,209,78,2019-11-14,2019-05-03,inner_train,True,131.0,False,0.872213172894134,True
inner_2020,456,train,random,210,28,2019-11-15,2019-02-15,inner_train,True,182.0,True,1.8380427144107943,True
inner_2020,456,train,random,211,44,2019-11-18,2019-03-12,inner_train,True,167.0,False,1.6218604324326575,True
inner_2020,456,train,random,212,53,2019-11-19,2019-03-25,inner_train,True,159.0,True,2.409817917755276,True
inner_2020,456,train,random,213,191,2019-11-20,2019-10-18,inner_train,True,22.0,True,1.5938155714701603,True
inner_2020,456,train,random,214,105,2019-11-21,2019-06-14,inner_train,True,109.0,False,1.3055246450537368,True
inner_2020,456,train,random,215,160,2019-11-22,2019-09-04,inner_train,True,55.0,False,0.6713479522173604,True
inner_2020,456,train,random,216,3,2019-11-25,2019-01-11,inner_train,True,213.0,True,0.7484098592349944,True
inner_2020,456,train,random,217,198,2019-11-26,2019-10-30,inner_train,True,19.0,False,0.543815787168636,True
inner_2020,456,train,random,218,173,2019-11-27,2019-09-23,inner_train,True,45.0,False,0.7441942827151231,True
inner_2020,456,train,random,219,42,2019-11-28,2019-03-08,inner_train,True,177.0,False,0.6686241272369995,True
inner_2020,456,train,random,220,159,2019-11-29,2019-09-03,inner_train,True,61.0,True,0.527231659153101,True
inner_2020,456,train,random,221,176,2019-12-02,2019-09-26,inner_train,True,45.0,True,1.2549868389448857,True
inner_2020,456,train,random,222,52,2019-12-03,2019-03-22,inner_train,True,170.0,False,0.3630184178609075,True
inner_2020,456,train,random,223,92,2019-12-04,2019-05-27,inner_train,True,131.0,True,0.5361855361270376,True
inner_2020,456,train,random,224,80,2019-12-06,2019-05-08,inner_train,True,144.0,False,0.5159407244327614,True
inner_2020,456,train,random,225,205,2019-12-09,2019-11-08,inner_train,True,20.0,False,0.7816438901657672,True
inner_2020,456,train,random,226,47,2019-12-11,2019-03-15,inner_train,True,179.0,False,0.35831832968246236,True
inner_2020,456,train,random,227,60,2019-12-12,2019-04-03,inner_train,True,167.0,False,0.37315380325581815,True
inner_2020,456,train,random,228,133,2019-12-13,2019-07-25,inner_train,True,95.0,False,0.9230704188595333,True
inner_2020,456,train,random,229,138,2019-12-16,2019-08-02,inner_train,True,91.0,True,0.2876820724517808,True
inner_2020,456,train,random,230,164,2019-12-17,2019-09-10,inner_train,True,66.0,False,0.4231646852075652,True
inner_2020,456,train,random,231,41,2019-12-18,2019-03-07,inner_train,True,190.0,True,0.33995050099753765,True
inner_2020,456,train,random,232,138,2019-12-19,2019-08-02,inner_train,True,94.0,False,0.37621954001170277,True
inner_2020,456,train,random,233,4,2019-12-20,2019-01-14,inner_train,True,229.0,True,0.5420972784109357,True
inner_2020,456,train,random,234,103,2019-12-23,2019-06-12,inner_train,True,131.0,False,1.0818051703517289,True
inner_2020,456,train,random,235,119,2019-12-24,2019-07-04,inner_train,True,116.0,False,1.128505212656174,True
inner_2020,456,train,random,236,39,2019-12-25,2019-03-05,inner_train,True,197.0,False,0.2876820724517808,True
inner_2020,456,train,random,237,23,2019-12-26,2019-02-08,inner_train,True,214.0,False,0.35667494393873245,True
inner_2020,456,train,random,238,42,2019-12-27,2019-03-08,inner_train,True,196.0,False,0.32765160391121784,True
inner_2020,456,train,random,239,90,2019-12-30,2019-05-23,inner_train,True,149.0,False,1.0028719088141305,True
inner_2020,456,validation,matched,0,131,2020-01-02,2019-07-23,inner_train,True,,True,0.05505977718302768,False
inner_2020,456,validation,matched,1,55,2020-01-03,2019-03-27,inner_train,True,,True,0.052592450119170575,False
inner_2020,456,validation,matched,2,190,2020-01-06,2019-10-17,inner_train,True,,True,0.06554913264349471,False
inner_2020,456,validation,matched,3,168,2020-01-07,2019-09-16,inner_train,True,,True,0.09531017980432521,False
inner_2020,456,validation,matched,4,62,2020-01-08,2019-04-05,inner_train,True,,True,0.0,False
inner_2020,456,validation,matched,5,195,2020-01-09,2019-10-25,inner_train,True,,True,0.1005872369051688,False
inner_2020,456,validation,matched,6,195,2020-01-10,2019-10-25,inner_train,True,,True,0.1732098764426988,False
inner_2020,456,validation,matched,7,10,2020-01-13,2019-01-22,inner_train,True,,True,0.19671029424605413,False
inner_2020,456,validation,matched,8,220,2020-01-14,2019-11-29,inner_train,True,,True,0.1450389994760024,False
inner_2020,456,validation,matched,9,169,2020-01-15,2019-09-17,inner_train,True,,True,0.13976194237515882,False
inner_2020,456,validation,matched,10,193,2020-01-16,2019-10-22,inner_train,True,,True,0.07121262822526475,False
inner_2020,456,validation,matched,11,195,2020-01-17,2019-10-25,inner_train,True,,True,0.02597548640326064,False
inner_2020,456,validation,matched,12,220,2020-01-20,2019-11-29,inner_train,True,,True,0.02666824708216131,False
inner_2020,456,validation,matched,13,195,2020-01-21,2019-10-25,inner_train,True,,True,0.07598590697792229,False
inner_2020,456,validation,matched,14,195,2020-01-22,2019-10-25,inner_train,True,,True,0.1541506798272585,False
inner_2020,456,validation,matched,15,4,2020-01-23,2019-01-14,inner_train,True,,True,0.107630664192365,False
inner_2020,456,validation,matched,16,159,2020-01-24,2019-09-03,inner_train,True,,True,0.11778303565638337,False
inner_2020,456,validation,matched,17,94,2020-01-27,2019-05-29,inner_train,True,,True,0.22488117121275097,False
inner_2020,456,validation,matched,18,94,2020-01-28,2019-05-29,inner_train,True,,True,0.10536051565782634,False
inner_2020,456,validation,matched,19,96,2020-01-29,2019-05-31,inner_train,True,,True,0.24419696051204198,False
inner_2020,456,validation,matched,20,94,2020-01-30,2019-05-29,inner_train,True,,True,0.08515780834030684,False
inner_2020,456,validation,matched,21,226,2020-01-31,2019-12-11,inner_train,True,,True,0.1304964889293685,False
inner_2020,456,validation,matched,22,94,2020-02-03,2019-05-29,inner_train,True,,True,0.1445812288111079,False
inner_2020,456,validation,matched,23,181,2020-02-04,2019-10-03,inner_train,True,,True,0.14045183546909623,False
inner_2020,456,validation,matched,24,231,2020-02-05,2019-12-18,inner_train,True,,True,0.054067221270275745,False
inner_2020,456,validation,matched,25,181,2020-02-06,2019-10-03,inner_train,True,,True,0.1768194796399709,False
inner_2020,456,validation,matched,26,231,2020-02-07,2019-12-18,inner_train,True,,True,0.2038005884710783,False
inner_2020,456,validation,matched,27,93,2020-02-11,2019-05-28,inner_train,True,,True,0.22705745063534577,False
inner_2020,456,validation,matched,28,92,2020-02-12,2019-05-27,inner_train,True,,True,0.24265636553779135,False
inner_2020,456,validation,matched,29,95,2020-02-13,2019-05-30,inner_train,True,,True,0.174353387144778,False
inner_2020,456,validation,matched,30,93,2020-02-14,2019-05-28,inner_train,True,,True,0.11187519667902013,False
inner_2020,456,validation,matched,31,176,2020-02-17,2019-09-26,inner_train,True,,True,0.170324209785488,False
inner_2020,456,validation,matched,32,153,2020-02-18,2019-08-26,inner_train,True,,True,0.4432054360910116,False
inner_2020,456,validation,matched,33,154,2020-02-19,2019-08-27,inner_train,True,,True,0.11488027599842221,False
inner_2020,456,validation,matched,34,173,2020-02-20,2019-09-23,inner_train,True,,True,0.26860592539096695,False
inner_2020,456,validation,matched,35,179,2020-02-21,2019-10-01,inner_train,True,,True,0.5803033926377168,False
inner_2020,456,validation,matched,36,154,2020-02-24,2019-08-27,inner_train,True,,True,0.025317807984289953,False
inner_2020,456,validation,matched,37,224,2020-02-25,2019-12-06,inner_train,True,,True,0.03774032798284699,False
inner_2020,456,validation,matched,38,91,2020-02-26,2019-05-24,inner_train,True,,True,0.047871468652359805,False
inner_2020,456,validation,matched,39,151,2020-02-27,2019-08-22,inner_train,True,,True,0.04686300997884896,False
inner_2020,456,validation,matched,40,155,2020-02-28,2019-08-28,inner_train,True,,True,0.3527483259357602,False
inner_2020,456,validation,matched,41,174,2020-03-02,2019-09-24,inner_train,True,,True,0.32378707709389687,False
inner_2020,456,validation,matched,42,153,2020-03-03,2019-08-26,inner_train,True,,True,0.16841865162496328,False
inner_2020,456,validation,matched,43,173,2020-03-04,2019-09-23,inner_train,True,,True,0.5079228641080293,False
inner_2020,456,validation,matched,44,197,2020-03-05,2019-10-29,inner_train,True,,True,0.7302416868705768,False
inner_2020,456,validation,matched,45,222,2020-03-06,2019-12-03,inner_train,True,,True,0.2972515234679314,False
inner_2020,456,validation,matched,46,185,2020-03-09,2019-10-09,inner_train,True,,True,0.15552336363923036,False
inner_2020,456,validation,matched,47,186,2020-03-10,2019-10-10,inner_train,True,,True,0.06899287148695121,False
inner_2020,456,validation,matched,48,185,2020-03-11,2019-10-09,inner_train,True,,True,0.0,False
inner_2020,456,validation,matched,49,185,2020-03-12,2019-10-09,inner_train,True,,True,0.11778303565638337,False
inner_2020,456,validation,matched,50,142,2020-03-13,2019-08-08,inner_train,True,,True,0.11794763116329765,False
inner_2020,456,validation,matched,51,44,2020-03-16,2019-03-12,inner_train,True,,True,0.08793007250670248,False
inner_2020,456,validation,matched,52,143,2020-03-17,2019-08-09,inner_train,True,,True,0.04445176257083405,False
inner_2020,456,validation,matched,53,142,2020-03-18,2019-08-08,inner_train,True,,True,0.055262678675049415,False
inner_2020,456,validation,matched,54,140,2020-03-19,2019-08-06,inner_train,True,,True,0.11247798342669002,False
inner_2020,456,validation,matched,55,185,2020-03-20,2019-10-09,inner_train,True,,True,0.08004270767353638,False
inner_2020,456,validation,matched,56,221,2020-03-23,2019-12-02,inner_train,True,,True,0.13406392126052058,False
inner_2020,456,validation,matched,57,196,2020-03-24,2019-10-28,inner_train,True,,True,0.2519639898497017,False
inner_2020,456,validation,matched,58,221,2020-03-25,2019-12-02,inner_train,True,,True,0.6957479622600027,False
inner_2020,456,validation,matched,59,197,2020-03-26,2019-10-29,inner_train,True,,True,1.686210902562908,False
inner_2020,456,validation,matched,60,196,2020-03-27,2019-10-28,inner_train,True,,True,1.5451323043030025,False
inner_2020,456,validation,matched,61,154,2020-03-30,2019-08-27,inner_train,True,,True,1.3521029963716114,False
inner_2020,456,validation,matched,62,196,2020-03-31,2019-10-28,inner_train,True,,True,0.769747025506085,False
inner_2020,456,validation,matched,63,153,2020-04-01,2019-08-26,inner_train,True,,True,0.4792772660310649,False
inner_2020,456,validation,matched,64,137,2020-04-02,2019-08-01,inner_train,True,,True,0.03509131981127034,False
inner_2020,456,validation,matched,65,144,2020-04-03,2019-08-13,inner_train,True,,True,0.09729424394521402,False
inner_2020,456,validation,matched,66,233,2020-04-07,2019-12-20,inner_train,True,,True,0.10174689115568025,False
inner_2020,456,validation,matched,67,232,2020-04-08,2019-12-19,inner_train,True,,True,0.08272306429885345,False
inner_2020,456,validation,matched,68,37,2020-04-09,2019-03-01,inner_train,True,,True,0.0,False
inner_2020,456,validation,matched,69,18,2020-04-10,2019-02-01,inner_train,True,,True,0.10536051565782678,False
inner_2020,456,validation,matched,70,24,2020-04-13,2019-02-11,inner_train,True,,True,0.05299253014051031,False
inner_2020,456,validation,matched,71,27,2020-04-14,2019-02-14,inner_train,True,,True,0.09531017980432477,False
inner_2020,456,validation,matched,72,123,2020-04-15,2019-07-10,inner_train,True,,True,0.13353139262452274,False
inner_2020,456,validation,matched,73,7,2020-04-16,2019-01-17,inner_train,True,,True,0.07390688628938058,False
inner_2020,456,validation,matched,74,236,2020-04-17,2019-12-25,inner_train,True,,True,0.09961573170093452,False
inner_2020,456,validation,matched,75,116,2020-04-20,2019-07-01,inner_train,True,,True,0.06435249193044879,False
inner_2020,456,validation,matched,76,105,2020-04-21,2019-06-14,inner_train,True,,True,0.060729846207545624,False
inner_2020,456,validation,matched,77,117,2020-04-22,2019-07-02,inner_train,True,,True,0.06453852113757153,False
inner_2020,456,validation,matched,78,65,2020-04-23,2019-04-11,inner_train,True,,True,0.6336148511815054,False
inner_2020,456,validation,matched,79,120,2020-04-24,2019-07-05,inner_train,True,,True,0.5177830356563833,False
inner_2020,456,validation,matched,80,120,2020-04-27,2019-07-05,inner_train,True,,True,0.5016101764107819,False
inner_2020,456,validation,matched,81,67,2020-04-28,2019-04-17,inner_train,True,,True,0.442559614418796,False
inner_2020,456,validation,matched,82,102,2020-04-29,2019-06-11,inner_train,True,,True,0.4408219945202547,False
inner_2020,456,validation,matched,83,33,2020-04-30,2019-02-25,inner_train,True,,True,0.06252035698133396,False
inner_2020,456,validation,matched,84,24,2020-05-05,2019-02-11,inner_train,True,,True,0.11551288712184427,False
inner_2020,456,validation,matched,85,55,2020-05-07,2019-03-27,inner_train,True,,True,0.0936241020326678,False
inner_2020,456,validation,matched,86,48,2020-05-08,2019-03-18,inner_train,True,,True,0.1290770422751426,False
inner_2020,456,validation,matched,87,233,2020-05-11,2019-12-20,inner_train,True,,True,0.04668711397265257,False
inner_2020,456,validation,matched,88,133,2020-05-12,2019-07-25,inner_train,True,,True,0.06899287148695077,False
inner_2020,456,validation,matched,89,134,2020-05-13,2019-07-26,inner_train,True,,True,0.150514312183875,False
inner_2020,456,validation,matched,90,202,2020-05-14,2019-11-05,inner_train,True,,True,0.17733401528291637,False
inner_2020,456,validation,matched,91,208,2020-05-15,2019-11-13,inner_train,True,,True,0.2180815983182547,False
inner_2020,456,validation,matched,92,203,2020-05-18,2019-11-06,inner_train,True,,True,0.27275642223510577,False
inner_2020,456,validation,matched,93,209,2020-05-19,2019-11-14,inner_train,True,,True,0.24492957540146776,False
inner_2020,456,validation,matched,94,15,2020-05-20,2019-01-29,inner_train,True,,True,0.4031458183170731,False
inner_2020,456,validation,matched,95,77,2020-05-21,2019-05-02,inner_train,True,,True,0.2454264556033463,False
inner_2020,456,validation,matched,96,215,2020-05-22,2019-11-22,inner_train,True,,True,0.10329226259376822,False
inner_2020,456,validation,matched,97,134,2020-05-25,2019-07-26,inner_train,True,,True,0.11911589072631168,False
inner_2020,456,validation,matched,98,45,2020-05-26,2019-03-13,inner_train,True,,True,0.04167269640056803,False
inner_2020,456,validation,matched,99,35,2020-05-27,2019-02-27,inner_train,True,,True,0.10813444254055149,False
inner_2020,456,validation,matched,100,24,2020-05-28,2019-02-11,inner_train,True,,True,0.11551288712184427,False
inner_2020,456,validation,matched,101,27,2020-05-29,2019-02-14,inner_train,True,,True,0.03509131981127034,False
inner_2020,456,validation,matched,102,20,2020-06-01,2019-02-05,inner_train,True,,True,0.07312226482896289,False
inner_2020,456,validation,matched,103,25,2020-06-02,2019-02-12,inner_train,True,,True,0.05756417566332894,False
inner_2020,456,validation,matched,104,63,2020-06-04,2019-04-09,inner_train,True,,True,0.07410797215372211,False
inner_2020,456,validation,matched,105,118,2020-06-05,2019-07-03,inner_train,True,,True,0.025317807984289953,False
inner_2020,456,validation,matched,106,26,2020-06-08,2019-02-13,inner_train,True,,True,0.03509131981127034,False
inner_2020,456,validation,matched,107,66,2020-06-09,2019-04-12,inner_train,True,,True,0.0,False
inner_2020,456,validation,matched,108,63,2020-06-10,2019-04-09,inner_train,True,,True,0.04082199452025481,False
inner_2020,456,validation,matched,109,52,2020-06-11,2019-03-22,inner_train,True,,True,0.11235355114879697,False
inner_2020,456,validation,matched,110,101,2020-06-12,2019-06-10,inner_train,True,,True,0.056891069900379954,False
inner_2020,456,validation,matched,111,30,2020-06-15,2019-02-20,inner_train,True,,True,0.126991974741693,False
inner_2020,456,validation,matched,112,18,2020-06-16,2019-02-01,inner_train,True,,True,0.06689423483003054,False
inner_2020,456,validation,matched,113,33,2020-06-17,2019-02-25,inner_train,True,,True,0.08357376617916668,False
inner_2020,456,validation,matched,114,20,2020-06-18,2019-02-05,inner_train,True,,True,0.05220790868009262,False
inner_2020,456,validation,matched,115,75,2020-06-19,2019-04-29,inner_train,True,,True,0.030771658666753687,False
inner_2020,456,validation,matched,116,188,2020-06-22,2019-10-15,inner_train,True,,True,0.03509131981127034,False
inner_2020,456,validation,matched,117,188,2020-06-23,2019-10-15,inner_train,True,,True,0.02197890671877545,False
inner_2020,456,validation,matched,118,48,2020-06-24,2019-03-18,inner_train,True,,True,0.051390945869489,False
inner_2020,456,validation,matched,119,188,2020-06-25,2019-10-15,inner_train,True,,True,0.13413265529420482,False
inner_2020,456,validation,matched,120,47,2020-06-26,2019-03-15,inner_train,True,,True,0.1112256351102241,False
inner_2020,456,validation,matched,121,46,2020-06-29,2019-03-14,inner_train,True,,True,0.09237332013101529,False
inner_2020,456,validation,matched,122,31,2020-06-30,2019-02-21,inner_train,True,,True,0.144960088448145,False
inner_2020,456,validation,matched,123,8,2020-07-01,2019-01-18,inner_train,True,,True,0.20173964265105626,False
inner_2020,456,validation,matched,124,52,2020-07-02,2019-03-22,inner_train,True,,True,0.10536051565782634,False
inner_2020,456,validation,matched,125,26,2020-07-03,2019-02-13,inner_train,True,,True,0.10919929196499245,False
inner_2020,456,validation,matched,126,53,2020-07-07,2019-03-25,inner_train,True,,True,0.04255961441879608,False
inner_2020,456,validation,matched,127,54,2020-07-08,2019-03-26,inner_train,True,,True,0.1341194549760769,False
inner_2020,456,validation,matched,128,31,2020-07-09,2019-02-21,inner_train,True,,True,0.10570888702522341,False
inner_2020,456,validation,matched,129,10,2020-07-10,2019-01-22,inner_train,True,,True,0.1251631429540061,False
inner_2020,456,validation,matched,130,28,2020-07-13,2019-02-15,inner_train,True,,True,0.07410797215372167,False
inner_2020,456,validation,matched,131,178,2020-07-14,2019-09-30,inner_train,True,,True,0.07637297878457394,False
inner_2020,456,validation,matched,132,131,2020-07-15,2019-07-23,inner_train,True,,True,0.08608730484625138,False
inner_2020,456,validation,matched,133,129,2020-07-16,2019-07-19,inner_train,True,,True,0.01739174271186883,False
inner_2020,456,validation,matched,134,200,2020-07-17,2019-11-01,inner_train,True,,True,0.1556773976810586,False
inner_2020,456,validation,matched,135,57,2020-07-20,2019-03-29,inner_train,True,,True,0.07315875518638926,False
inner_2020,456,validation,matched,136,232,2020-07-21,2019-12-19,inner_train,True,,True,0.06669137449867213,False
inner_2020,456,validation,matched,137,31,2020-07-22,2019-02-21,inner_train,True,,True,0.09393181983420362,False
inner_2020,456,validation,matched,138,29,2020-07-23,2019-02-18,inner_train,True,,True,0.047628048989254435,False
inner_2020,456,validation,matched,139,31,2020-07-24,2019-02-21,inner_train,True,,True,0.11797897961703763,False
inner_2020,456,validation,matched,140,194,2020-07-29,2019-10-24,inner_train,True,,True,0.16874947924841077,False
inner_2020,456,validation,matched,141,221,2020-07-30,2019-12-02,inner_train,True,,True,0.30075415401913386,False
inner_2020,456,validation,matched,142,221,2020-07-31,2019-12-02,inner_train,True,,True,0.25951119548508483,False
inner_2020,456,validation,matched,143,228,2020-08-03,2019-12-13,inner_train,True,,True,0.17419143071070486,False
inner_2020,456,validation,matched,144,197,2020-08-04,2019-10-29,inner_train,True,,True,0.030771658666753687,False
inner_2020,456,validation,matched,145,229,2020-08-05,2019-12-16,inner_train,True,,True,0.1112256351102241,False
inner_2020,456,validation,matched,146,96,2020-08-06,2019-05-31,inner_train,True,,True,0.1359833758718092,False
inner_2020,456,validation,matched,147,43,2020-08-07,2019-03-11,inner_train,True,,True,0.11690650665488711,False
inner_2020,456,validation,matched,148,81,2020-08-10,2019-05-09,inner_train,True,,True,0.03846628082779624,False
inner_2020,456,validation,matched,149,233,2020-08-11,2019-12-20,inner_train,True,,True,0.12079508612637468,False
inner_2020,456,validation,matched,150,134,2020-08-13,2019-07-26,inner_train,True,,True,0.14660347419187536,False
inner_2020,456,validation,matched,151,45,2020-08-14,2019-03-13,inner_train,True,,True,0.26481624771477774,False
inner_2020,456,validation,matched,152,36,2020-08-17,2019-02-28,inner_train,True,,True,0.2552308473537459,False
inner_2020,456,validation,matched,153,36,2020-08-18,2019-02-28,inner_train,True,,True,0.353396252477034,False
inner_2020,456,validation,matched,154,215,2020-08-19,2019-11-22,inner_train,True,,True,0.3001045924503378,False
inner_2020,456,validation,matched,155,38,2020-08-20,2019-03-04,inner_train,True,,True,0.08637806474553678,False
inner_2020,456,validation,matched,156,38,2020-08-21,2019-03-04,inner_train,True,,True,0.1455669361358667,False
inner_2020,456,validation,matched,157,81,2020-08-24,2019-05-09,inner_train,True,,True,0.019802627296179764,False
inner_2020,456,validation,matched,158,140,2020-08-25,2019-08-06,inner_train,True,,True,0.08042156731057393,False
inner_2020,456,validation,matched,159,29,2020-08-26,2019-02-18,inner_train,True,,True,0.12411839272838332,False
inner_2020,456,validation,matched,160,194,2020-08-27,2019-10-24,inner_train,True,,True,0.28946619424528297,False
inner_2020,456,validation,matched,161,11,2020-08-28,2019-01-23,inner_train,True,,True,0.16862271243579308,False
inner_2020,456,validation,matched,162,221,2020-08-31,2019-12-02,inner_train,True,,True,0.11518225395632609,False
inner_2020,456,validation,matched,163,91,2020-09-01,2019-05-24,inner_train,True,,True,0.10396093530340345,False
inner_2020,456,validation,matched,164,151,2020-09-02,2019-08-22,inner_train,True,,True,0.08961215868968697,False
inner_2020,456,validation,matched,165,152,2020-09-03,2019-08-23,inner_train,True,,True,0.09105873094696681,False
inner_2020,456,validation,matched,166,181,2020-09-08,2019-10-03,inner_train,True,,True,0.13599748511971566,False
inner_2020,456,validation,matched,167,181,2020-09-09,2019-10-03,inner_train,True,,True,0.12615128532690045,False
inner_2020,456,validation,matched,168,229,2020-09-10,2019-12-16,inner_train,True,,True,0.14660347419187536,False
inner_2020,456,validation,matched,169,227,2020-09-11,2019-12-12,inner_train,True,,True,0.03922071315328157,False
inner_2020,456,validation,matched,170,226,2020-09-14,2019-12-11,inner_train,True,,True,0.08802198849555332,False
inner_2020,456,validation,matched,171,225,2020-09-15,2019-12-09,inner_train,True,,True,0.12062798778861472,False
inner_2020,456,validation,matched,172,226,2020-09-16,2019-12-11,inner_train,True,,True,0.08701137698962969,False
inner_2020,456,validation,matched,173,230,2020-09-17,2019-12-17,inner_train,True,,True,0.04652001563489261,False
inner_2020,456,validation,matched,174,225,2020-09-18,2019-12-09,inner_train,True,,True,0.06787742240308603,False
inner_2020,456,validation,matched,175,182,2020-09-21,2019-10-04,inner_train,True,,True,0.06021318383490559,False
inner_2020,456,validation,matched,176,227,2020-09-22,2019-12-12,inner_train,True,,True,0.15106901328985023,False
inner_2020,456,validation,matched,177,91,2020-09-23,2019-05-24,inner_train,True,,True,0.029852963149681333,False
inner_2020,456,validation,matched,178,92,2020-09-24,2019-05-27,inner_train,True,,True,0.0847098800013506,False
inner_2020,456,validation,matched,179,92,2020-09-25,2019-05-27,inner_train,True,,True,0.10305901866954725,False
inner_2020,456,validation,matched,180,181,2020-09-28,2019-10-03,inner_train,True,,True,0.0705301508058378,False
inner_2020,456,validation,matched,181,140,2020-09-29,2019-08-06,inner_train,True,,True,0.09252336889714563,False
inner_2020,456,validation,matched,182,144,2020-09-30,2019-08-13,inner_train,True,,True,0.09531017980432477,False
inner_2020,456,validation,matched,183,141,2020-10-01,2019-08-07,inner_train,True,,True,0.0,False
inner_2020,456,validation,matched,184,138,2020-10-02,2019-08-02,inner_train,True,,True,0.03636764417087468,False
inner_2020,456,validation,matched,185,173,2020-10-05,2019-09-23,inner_train,True,,True,0.20585205420414887,False
inner_2020,456,validation,matched,186,154,2020-10-06,2019-08-27,inner_train,True,,True,0.6931471805599454,False
inner_2020,456,validation,matched,187,172,2020-10-07,2019-09-20,inner_train,True,,True,0.8690378470236095,False
inner_2020,456,validation,matched,188,196,2020-10-08,2019-10-28,inner_train,True,,True,1.0931471805599449,False
inner_2020,456,validation,matched,189,172,2020-10-09,2019-09-20,inner_train,True,,True,0.9490805546971459,False
inner_2020,456,validation,matched,190,194,2020-10-12,2019-10-24,inner_train,True,,True,0.08114625753723193,False
inner_2020,456,validation,matched,191,221,2020-10-14,2019-12-02,inner_train,True,,True,0.07469089260158945,False
inner_2020,456,validation,matched,192,223,2020-10-15,2019-12-04,inner_train,True,,True,0.0921152889078054,False
inner_2020,456,validation,matched,193,183,2020-10-16,2019-10-07,inner_train,True,,True,0.06275121056347555,False
inner_2020,456,validation,matched,194,94,2020-10-19,2019-05-29,inner_train,True,,True,0.0,False
inner_2020,456,validation,matched,195,222,2020-10-20,2019-12-03,inner_train,True,,True,0.04652001563489305,False
inner_2020,456,validation,matched,196,222,2020-10-21,2019-12-03,inner_train,True,,True,0.0,False
inner_2020,456,validation,matched,197,229,2020-10-22,2019-12-16,inner_train,True,,True,0.25011897087613244,False
inner_2020,456,validation,matched,198,137,2020-10-26,2019-08-01,inner_train,True,,True,0.10309550902697362,False
inner_2020,456,validation,matched,199,136,2020-10-27,2019-07-31,inner_train,True,,True,0.0742567706064925,False
inner_2020,456,validation,matched,200,42,2020-10-28,2019-03-08,inner_train,True,,True,0.018692133012152556,False
inner_2020,456,validation,matched,201,135,2020-10-29,2019-07-30,inner_train,True,,True,0.12924414061290257,False
inner_2020,456,validation,matched,202,42,2020-10-30,2019-03-08,inner_train,True,,True,0.1009302312491247,False
inner_2020,456,validation,matched,203,152,2020-11-02,2019-08-23,inner_train,True,,True,0.020202707317519497,False
inner_2020,456,validation,matched,204,231,2020-11-03,2019-12-18,inner_train,True,,True,0.11086259281180988,False
inner_2020,456,validation,matched,205,224,2020-11-04,2019-12-06,inner_train,True,,True,0.12260232209233246,False
inner_2020,456,validation,matched,206,219,2020-11-05,2019-11-28,inner_train,True,,True,0.04546237407675724,False
inner_2020,456,validation,matched,207,23,2020-11-06,2019-02-08,inner_train,True,,True,0.04348511193973881,False
inner_2020,456,validation,matched,208,27,2020-11-09,2019-02-14,inner_train,True,,True,0.04445176257083405,False
inner_2020,456,validation,matched,209,19,2020-11-10,2019-02-04,inner_train,True,,True,0.13493293454981092,False
inner_2020,456,validation,matched,210,35,2020-11-11,2019-02-27,inner_train,True,,True,0.15942773692810208,False
inner_2020,456,validation,matched,211,78,2020-11-12,2019-05-03,inner_train,True,,True,0.25081153664345335,False
inner_2020,456,validation,matched,212,77,2020-11-13,2019-05-02,inner_train,True,,True,0.43983275161237323,False
inner_2020,456,validation,matched,213,76,2020-11-16,2019-04-30,inner_train,True,,True,0.8198988861990899,False
inner_2020,456,validation,matched,214,76,2020-11-17,2019-04-30,inner_train,True,,True,0.7891272275323353,False
inner_2020,456,validation,matched,215,78,2020-11-18,2019-05-03,inner_train,True,,True,0.4855911525874488,False
inner_2020,456,validation,matched,216,206,2020-11-19,2019-11-11,inner_train,True,,True,0.4560292328753883,False
inner_2020,456,validation,matched,217,206,2020-11-20,2019-11-11,inner_train,True,,True,0.11506932978478712,False
inner_2020,456,validation,matched,218,122,2020-11-23,2019-07-09,inner_train,True,,True,0.2076393647782444,False
inner_2020,456,validation,matched,219,12,2020-11-24,2019-01-24,inner_train,True,,True,0.2104924337606513,False
inner_2020,456,validation,matched,220,33,2020-11-25,2019-02-25,inner_train,True,,True,0.0794597872256686,False
inner_2020,456,validation,matched,221,205,2020-11-26,2019-11-08,inner_train,True,,True,0.07410797215372211,False
inner_2020,456,validation,matched,222,35,2020-11-27,2019-02-27,inner_train,True,,True,0.10813444254055149,False
inner_2020,456,validation,matched,223,206,2020-11-30,2019-11-11,inner_train,True,,True,0.18456182656317077,False
inner_2020,456,validation,matched,224,76,2020-12-01,2019-04-30,inner_train,True,,True,0.09322901360050029,False
inner_2020,456,validation,matched,225,22,2020-12-02,2019-02-07,inner_train,True,,True,0.0765400771223339,False
inner_2020,456,validation,matched,226,22,2020-12-03,2019-02-07,inner_train,True,,True,0.047552540249081954,False
inner_2020,456,validation,matched,227,35,2020-12-04,2019-02-27,inner_train,True,,True,0.0840831172105414,False
inner_2020,456,validation,matched,228,21,2020-12-08,2019-02-06,inner_train,True,,True,0.03333642026759165,False
inner_2020,456,validation,matched,229,22,2020-12-09,2019-02-07,inner_train,True,,True,0.06557104575176043,False
inner_2020,456,validation,matched,230,20,2020-12-14,2019-02-05,inner_train,True,,True,0.06453852113757108,False
inner_2020,456,validation,matched,231,18,2020-12-15,2019-02-01,inner_train,True,,True,0.08686112531779733,False
inner_2020,456,validation,matched,232,23,2020-12-16,2019-02-08,inner_train,True,,True,0.04546237407675724,False
inner_2020,456,validation,matched,233,13,2020-12-17,2019-01-25,inner_train,True,,True,0.08358671610826551,False
inner_2020,456,validation,matched,234,204,2020-12-18,2019-11-07,inner_train,True,,True,0.1161571392077474,False
inner_2020,456,validation,matched,235,77,2020-12-21,2019-05-02,inner_train,True,,True,0.20763936477824485,False
inner_2020,456,validation,matched,236,201,2020-12-22,2019-11-04,inner_train,True,,True,0.12783337150988494,False
inner_2020,456,validation,matched,237,203,2020-12-23,2019-11-06,inner_train,True,,True,0.0359651486935153,False
inner_2020,456,validation,matched,238,203,2020-12-24,2019-11-06,inner_train,True,,True,0.10948423284168873,False
inner_2020,456,validation,matched,239,79,2020-12-25,2019-05-07,inner_train,True,,True,0.0922464278497026,False
inner_2020,456,validation,matched,240,217,2020-12-28,2019-11-26,inner_train,True,,True,0.10903024454678878,False
inner_2020,456,validation,matched,241,134,2020-12-29,2019-07-26,inner_train,True,,True,0.06782259633876109,False
inner_2020,456,validation,matched,242,133,2020-12-30,2019-07-25,inner_train,True,,True,0.09566111856911208,False
inner_2020,456,validation,random,0,84,2020-01-02,2019-05-14,inner_train,True,,False,1.4941047036884472,False
inner_2020,456,validation,random,1,112,2020-01-03,2019-06-25,inner_train,True,,False,0.1445004239950971,False
inner_2020,456,validation,random,2,111,2020-01-06,2019-06-24,inner_train,True,,False,0.41238555095273854,False
inner_2020,456,validation,random,3,107,2020-01-07,2019-06-18,inner_train,True,,False,0.33547273628812935,False
inner_2020,456,validation,random,4,10,2020-01-08,2019-01-22,inner_train,True,,True,0.402562348450203,False
inner_2020,456,validation,random,5,29,2020-01-09,2019-02-18,inner_train,True,,True,0.3712151850650858,False
inner_2020,456,validation,random,6,198,2020-01-10,2019-10-30,inner_train,True,,False,0.1823215567939549,False
inner_2020,456,validation,random,7,181,2020-01-13,2019-10-03,inner_train,True,,False,0.6567795363890707,False
inner_2020,456,validation,random,8,149,2020-01-14,2019-08-20,inner_train,True,,False,1.6212041665617756,False
inner_2020,456,validation,random,9,233,2020-01-15,2019-12-20,inner_train,True,,True,0.7703559303919159,False
inner_2020,456,validation,random,10,15,2020-01-16,2019-01-29,inner_train,True,,False,1.0794912472213314,False
inner_2020,456,validation,random,11,19,2020-01-17,2019-02-04,inner_train,True,,False,0.6577287533564027,False
inner_2020,456,validation,random,12,78,2020-01-20,2019-05-03,inner_train,True,,False,1.2708011728033144,False
inner_2020,456,validation,random,13,73,2020-01-21,2019-04-25,inner_train,True,,False,0.47029394714587314,False
inner_2020,456,validation,random,14,163,2020-01-22,2019-09-09,inner_train,True,,False,0.9664722974090156,False
inner_2020,456,validation,random,15,191,2020-01-23,2019-10-18,inner_train,True,,True,0.04445176257083361,False
inner_2020,456,validation,random,16,167,2020-01-24,2019-09-13,inner_train,True,,False,0.018692133012152556,False
inner_2020,456,validation,random,17,96,2020-01-27,2019-05-31,inner_train,True,,True,0.26143876694654855,False
inner_2020,456,validation,random,18,125,2020-01-28,2019-07-12,inner_train,True,,False,0.20116464459543426,False
inner_2020,456,validation,random,19,235,2020-01-29,2019-12-24,inner_train,True,,False,0.37729423114146776,False
inner_2020,456,validation,random,20,61,2020-01-30,2019-04-04,inner_train,True,,False,0.2513144282809061,False
inner_2020,456,validation,random,21,56,2020-01-31,2019-03-28,inner_train,True,,False,0.6456134800942062,False
inner_2020,456,validation,random,22,120,2020-02-03,2019-07-05,inner_train,True,,False,0.4547361571149473,False
inner_2020,456,validation,random,23,133,2020-02-04,2019-07-25,inner_train,True,,False,0.31261495414470186,False
inner_2020,456,validation,random,24,116,2020-02-05,2019-07-01,inner_train,True,,False,0.4641727089349428,False
inner_2020,456,validation,random,25,126,2020-02-06,2019-07-15,inner_train,True,,False,0.269541942040171,False
inner_2020,456,validation,random,26,104,2020-02-07,2019-06-13,inner_train,True,,False,0.8242185473436052,False
inner_2020,456,validation,random,27,76,2020-02-11,2019-04-30,inner_train,True,,False,0.30948506113577423,False
inner_2020,456,validation,random,28,113,2020-02-12,2019-06-26,inner_train,True,,False,0.5452270504833234,False
inner_2020,456,validation,random,29,58,2020-02-13,2019-04-01,inner_train,True,,False,0.48183808689273766,False
inner_2020,456,validation,random,30,56,2020-02-14,2019-03-28,inner_train,True,,False,0.28363348392578036,False
inner_2020,456,validation,random,31,131,2020-02-17,2019-07-23,inner_train,True,,False,0.3045040716098222,False
inner_2020,456,validation,random,32,205,2020-02-18,2019-11-08,inner_train,True,,False,0.5905183239981331,False
inner_2020,456,validation,random,33,81,2020-02-19,2019-05-09,inner_train,True,,True,0.947919748172231,False
inner_2020,456,validation,random,34,167,2020-02-20,2019-09-13,inner_train,True,,False,0.5760519437803593,False
inner_2020,456,validation,random,35,193,2020-02-21,2019-10-22,inner_train,True,,False,1.2347757834170872,False
inner_2020,456,validation,random,36,40,2020-02-24,2019-03-06,inner_train,True,,True,1.013104472886409,False
inner_2020,456,validation,random,37,87,2020-02-25,2019-05-17,inner_train,True,,True,2.2576393812899287,False
inner_2020,456,validation,random,38,22,2020-02-26,2019-02-07,inner_train,True,,False,0.03571808260207909,False
inner_2020,456,validation,random,39,42,2020-02-27,2019-03-08,inner_train,True,,True,0.054067221270275745,False
inner_2020,456,validation,random,40,235,2020-02-28,2019-12-24,inner_train,True,,False,1.2229805527364968,False
inner_2020,456,validation,random,41,186,2020-03-02,2019-10-10,inner_train,True,,True,0.45715841383994826,False
inner_2020,456,validation,random,42,13,2020-03-03,2019-01-25,inner_train,True,,False,0.7067302674224756,False
inner_2020,456,validation,random,43,163,2020-03-04,2019-09-09,inner_train,True,,False,1.463099133098087,False
inner_2020,456,validation,random,44,134,2020-03-05,2019-07-26,inner_train,True,,False,2.068526828804107,False
inner_2020,456,validation,random,45,69,2020-03-06,2019-04-19,inner_train,True,,False,0.8979415932059585,False
inner_2020,456,validation,random,46,52,2020-03-09,2019-03-22,inner_train,True,,False,0.2478361639045814,False
inner_2020,456,validation,random,47,2,2020-03-10,2019-01-10,inner_train,True,,False,0.38817361099810377,False
inner_2020,456,validation,random,48,41,2020-03-11,2019-03-07,inner_train,True,,True,0.33769249302644244,False
inner_2020,456,validation,random,49,222,2020-03-12,2019-12-03,inner_train,True,,True,0.31300799728624584,False
inner_2020,456,validation,random,50,224,2020-03-13,2019-12-06,inner_train,True,,True,0.261048474803971,False
inner_2020,456,validation,random,51,152,2020-03-16,2019-08-23,inner_train,True,,True,0.13948139811746252,False
inner_2020,456,validation,random,52,185,2020-03-17,2019-10-09,inner_train,True,,True,0.45276182281122956,False
inner_2020,456,validation,random,53,121,2020-03-18,2019-07-08,inner_train,True,,False,0.33573936740556043,False
inner_2020,456,validation,random,54,237,2020-03-19,2019-12-26,inner_train,True,,False,0.24419696051204198,False
inner_2020,456,validation,random,55,122,2020-03-20,2019-07-09,inner_train,True,,False,0.0,False
inner_2020,456,validation,random,56,24,2020-03-23,2019-02-11,inner_train,True,,False,0.7119902683614252,False
inner_2020,456,validation,random,57,90,2020-03-24,2019-05-23,inner_train,True,,True,2.2039164533609785,False
inner_2020,456,validation,random,58,127,2020-03-25,2019-07-17,inner_train,True,,False,1.2964380319980298,False
inner_2020,456,validation,random,59,118,2020-03-26,2019-07-03,inner_train,True,,False,2.183791299578878,False
inner_2020,456,validation,random,60,205,2020-03-27,2019-11-08,inner_train,True,,False,2.6335922215070946,False
inner_2020,456,validation,random,61,155,2020-03-30,2019-08-28,inner_train,True,,True,1.1870232460121626,False
inner_2020,456,validation,random,62,203,2020-03-31,2019-11-06,inner_train,True,,False,2.360835799271989,False
inner_2020,456,validation,random,63,232,2020-04-01,2019-12-19,inner_train,True,,False,1.2783114838089387,False
inner_2020,456,validation,random,64,10,2020-04-02,2019-01-22,inner_train,True,,False,0.35696475701133057,False
inner_2020,456,validation,random,65,85,2020-04-03,2019-05-15,inner_train,True,,True,1.908275045463577,False
inner_2020,456,validation,random,66,170,2020-04-07,2019-09-18,inner_train,True,,True,1.1800036142129398,False
inner_2020,456,validation,random,67,184,2020-04-08,2019-10-08,inner_train,True,,False,0.46666967542597826,False
inner_2020,456,validation,random,68,23,2020-04-09,2019-02-08,inner_train,True,,False,0.3483066942682158,False
inner_2020,456,validation,random,69,177,2020-04-10,2019-09-27,inner_train,True,,False,0.24256163717131107,False
inner_2020,456,validation,random,70,64,2020-04-13,2019-04-10,inner_train,True,,True,0.7747271675523684,False
inner_2020,456,validation,random,71,91,2020-04-14,2019-05-24,inner_train,True,,False,0.4955369312509008,False
inner_2020,456,validation,random,72,151,2020-04-15,2019-08-22,inner_train,True,,False,0.24995480876486642,False
inner_2020,456,validation,random,73,170,2020-04-16,2019-09-18,inner_train,True,,True,0.9473813189441862,False
inner_2020,456,validation,random,74,156,2020-04-17,2019-08-29,inner_train,True,,False,0.5885602898841293,False
inner_2020,456,validation,random,75,5,2020-04-20,2019-01-15,inner_train,True,,False,0.34970627462263915,False
inner_2020,456,validation,random,76,233,2020-04-21,2019-12-20,inner_train,True,,False,0.4893852925281217,False
inner_2020,456,validation,random,77,229,2020-04-22,2019-12-16,inner_train,True,,False,0.2003288735480382,False
inner_2020,456,validation,random,78,70,2020-04-23,2019-04-22,inner_train,True,,True,1.0645465657267303,False
inner_2020,456,validation,random,79,182,2020-04-24,2019-10-04,inner_train,True,,False,0.945720999616606,False
inner_2020,456,validation,random,80,226,2020-04-27,2019-12-11,inner_train,True,,False,0.722861579572954,False
inner_2020,456,validation,random,81,62,2020-04-28,2019-04-05,inner_train,True,,False,0.5776811772374524,False
inner_2020,456,validation,random,82,25,2020-04-29,2019-02-12,inner_train,True,,True,0.7548213752894091,False
inner_2020,456,validation,random,83,108,2020-04-30,2019-06-19,inner_train,True,,True,0.2559333741372005,False
inner_2020,456,validation,random,84,223,2020-05-05,2019-12-04,inner_train,True,,False,0.5318658749825205,False
inner_2020,456,validation,random,85,157,2020-05-07,2019-08-30,inner_train,True,,True,1.3879467207805902,False
inner_2020,456,validation,random,86,208,2020-05-08,2019-11-13,inner_train,True,,True,1.243193517479217,False
inner_2020,456,validation,random,87,65,2020-05-11,2019-04-11,inner_train,True,,False,1.0704414117014136,False
inner_2020,456,validation,random,88,89,2020-05-12,2019-05-22,inner_train,True,,False,1.2030070872059775,False
inner_2020,456,validation,random,89,95,2020-05-13,2019-05-30,inner_train,True,,False,0.6874165058509605,False
inner_2020,456,validation,random,90,161,2020-05-14,2019-09-05,inner_train,True,,False,0.8316661146955071,False
inner_2020,456,validation,random,91,177,2020-05-15,2019-09-27,inner_train,True,,True,0.5322239960816391,False
inner_2020,456,validation,random,92,170,2020-05-18,2019-09-18,inner_train,True,,True,2.010448670192885,False
inner_2020,456,validation,random,93,159,2020-05-19,2019-09-03,inner_train,True,,True,1.3441848640607184,False
inner_2020,456,validation,random,94,63,2020-05-20,2019-04-09,inner_train,True,,True,1.4209434965330647,False
inner_2020,456,validation,random,95,124,2020-05-21,2019-07-11,inner_train,True,,True,1.0955773849729562,False
inner_2020,456,validation,random,96,149,2020-05-22,2019-08-20,inner_train,True,,False,0.26308068240858073,False
inner_2020,456,validation,random,97,64,2020-05-25,2019-04-10,inner_train,True,,False,1.1808503869050821,False
inner_2020,456,validation,random,98,53,2020-05-26,2019-03-25,inner_train,True,,True,0.8130934585941612,False
inner_2020,456,validation,random,99,35,2020-05-27,2019-02-27,inner_train,True,,True,0.10813444254055149,False
inner_2020,456,validation,random,100,222,2020-05-28,2019-12-03,inner_train,True,,False,0.7419373447293771,False
inner_2020,456,validation,random,101,152,2020-05-29,2019-08-23,inner_train,True,,False,0.2296160658198274,False
inner_2020,456,validation,random,102,152,2020-06-01,2019-08-23,inner_train,True,,False,0.06669137449867213,False
inner_2020,456,validation,random,103,211,2020-06-02,2019-11-18,inner_train,True,,False,1.845463648199916,False
inner_2020,456,validation,random,104,60,2020-06-04,2019-04-03,inner_train,True,,True,0.6275498980741321,False
inner_2020,456,validation,random,105,66,2020-06-05,2019-04-12,inner_train,True,,True,0.28120735226897065,False
inner_2020,456,validation,random,106,90,2020-06-08,2019-05-23,inner_train,True,,False,1.3743181700731757,False
inner_2020,456,validation,random,107,30,2020-06-09,2019-02-20,inner_train,True,,False,0.4796377779619059,False
inner_2020,456,validation,random,108,185,2020-06-10,2019-10-09,inner_train,True,,False,0.11926342082681796,False
inner_2020,456,validation,random,109,51,2020-06-11,2019-03-21,inner_train,True,,False,0.02666824708216131,False
inner_2020,456,validation,random,110,58,2020-06-12,2019-04-01,inner_train,True,,True,0.5228461106201152,False
inner_2020,456,validation,random,111,168,2020-06-15,2019-09-16,inner_train,True,,True,0.5485659517488379,False
inner_2020,456,validation,random,112,54,2020-06-16,2019-03-26,inner_train,True,,False,0.7514160886839214,False
inner_2020,456,validation,random,113,165,2020-06-17,2019-09-11,inner_train,True,,True,0.3801710195702639,False
inner_2020,456,validation,random,114,56,2020-06-18,2019-03-28,inner_train,True,,False,0.22099069795310866,False
inner_2020,456,validation,random,115,60,2020-06-19,2019-04-03,inner_train,True,,False,0.06525783473792313,False
inner_2020,456,validation,random,116,5,2020-06-22,2019-01-15,inner_train,True,,True,0.25279976089709777,False
inner_2020,456,validation,random,117,29,2020-06-23,2019-02-18,inner_train,True,,True,0.128181742877282,False
inner_2020,456,validation,random,118,64,2020-06-24,2019-04-10,inner_train,True,,False,0.8372475245337023,False
inner_2020,456,validation,random,119,226,2020-06-25,2019-12-11,inner_train,True,,False,0.30139574821395776,False
inner_2020,456,validation,random,120,45,2020-06-26,2019-03-13,inner_train,True,,True,0.4638998463077173,False
inner_2020,456,validation,random,121,28,2020-06-29,2019-02-15,inner_train,True,,True,0.23671562885975383,False
inner_2020,456,validation,random,122,211,2020-06-30,2019-11-18,inner_train,True,,True,1.8160164468736149,False
inner_2020,456,validation,random,123,230,2020-07-01,2019-12-17,inner_train,True,,False,0.25213108818746166,False
inner_2020,456,validation,random,124,147,2020-07-02,2019-08-16,inner_train,True,,False,1.4966424182887557,False
inner_2020,456,validation,random,125,215,2020-07-03,2019-11-22,inner_train,True,,False,0.9780782196398361,False
inner_2020,456,validation,random,126,74,2020-07-07,2019-04-26,inner_train,True,,False,0.7017309242513368,False
inner_2020,456,validation,random,127,223,2020-07-08,2019-12-04,inner_train,True,,False,0.1310282624064043,False
inner_2020,456,validation,random,128,198,2020-07-09,2019-10-30,inner_train,True,,False,0.2208078458251146,False
inner_2020,456,validation,random,129,118,2020-07-10,2019-07-03,inner_train,True,,False,0.24590053843682558,False
inner_2020,456,validation,random,130,96,2020-07-13,2019-05-31,inner_train,True,,False,0.021053409197832718,False
inner_2020,456,validation,random,131,14,2020-07-14,2019-01-28,inner_train,True,,False,0.04652001563489261,False
inner_2020,456,validation,random,132,221,2020-07-15,2019-12-02,inner_train,True,,False,0.7984427590444643,False
inner_2020,456,validation,random,133,36,2020-07-16,2019-02-28,inner_train,True,,True,0.313657558855041,False
inner_2020,456,validation,random,134,227,2020-07-17,2019-12-12,inner_train,True,,False,0.5903474857637931,False
inner_2020,456,validation,random,135,193,2020-07-20,2019-10-22,inner_train,True,,True,0.9114007465799632,False
inner_2020,456,validation,random,136,153,2020-07-21,2019-08-26,inner_train,True,,False,0.7323428432792016,False
inner_2020,456,validation,random,137,78,2020-07-22,2019-05-03,inner_train,True,,False,0.823742167396313,False
inner_2020,456,validation,random,138,17,2020-07-23,2019-01-31,inner_train,True,,False,0.4010255891627992,False
inner_2020,456,validation,random,139,187,2020-07-24,2019-10-11,inner_train,True,,False,0.08288765980576729,False
inner_2020,456,validation,random,140,169,2020-07-29,2019-09-17,inner_train,True,,True,0.2479755270153916,False
inner_2020,456,validation,random,141,96,2020-07-30,2019-05-31,inner_train,True,,True,0.7626077789029448,False
inner_2020,456,validation,random,142,133,2020-07-31,2019-07-25,inner_train,True,,False,1.31838315550368,False
inner_2020,456,validation,random,143,62,2020-08-03,2019-04-05,inner_train,True,,False,0.3312533207454216,False
inner_2020,456,validation,random,144,23,2020-08-04,2019-02-08,inner_train,True,,False,0.6979204593126029,False
inner_2020,456,validation,random,145,177,2020-08-05,2019-09-27,inner_train,True,,False,1.1298648321722138,False
inner_2020,456,validation,random,146,215,2020-08-06,2019-11-22,inner_train,True,,False,0.7296168603413364,False
inner_2020,456,validation,random,147,170,2020-08-07,2019-09-18,inner_train,True,,False,0.980171141767177,False
inner_2020,456,validation,random,148,61,2020-08-10,2019-04-04,inner_train,True,,False,0.24183568432636227,False
inner_2020,456,validation,random,149,212,2020-08-11,2019-11-19,inner_train,True,,True,1.4060161836000589,False
inner_2020,456,validation,random,150,85,2020-08-13,2019-05-15,inner_train,True,,False,1.3007721876817286,False
inner_2020,456,validation,random,151,162,2020-08-14,2019-09-06,inner_train,True,,False,0.48228209182445125,False
inner_2020,456,validation,random,152,15,2020-08-17,2019-01-29,inner_train,True,,False,0.4959268123421081,False
inner_2020,456,validation,random,153,95,2020-08-18,2019-05-30,inner_train,True,,False,0.6294593613026871,False
inner_2020,456,validation,random,154,110,2020-08-19,2019-06-21,inner_train,True,,False,0.5683685790450173,False
inner_2020,456,validation,random,155,26,2020-08-20,2019-02-13,inner_train,True,,False,0.633958309169615,False
inner_2020,456,validation,random,156,36,2020-08-21,2019-02-28,inner_train,True,,False,0.07410797215372211,False
inner_2020,456,validation,random,157,13,2020-08-24,2019-01-25,inner_train,True,,False,0.21241958795123406,False
inner_2020,456,validation,random,158,143,2020-08-25,2019-08-09,inner_train,True,,True,0.0984400728132524,False
inner_2020,456,validation,random,159,55,2020-08-26,2019-03-27,inner_train,True,,True,0.4243520257621638,False
inner_2020,456,validation,random,160,236,2020-08-27,2019-12-25,inner_train,True,,True,0.7846129078989552,False
inner_2020,456,validation,random,161,139,2020-08-28,2019-08-05,inner_train,True,,False,0.7380425004678366,False
inner_2020,456,validation,random,162,181,2020-08-31,2019-10-03,inner_train,True,,True,0.6286086594223743,False
inner_2020,456,validation,random,163,212,2020-09-01,2019-11-19,inner_train,True,,False,1.4648566836229922,False
inner_2020,456,validation,random,164,170,2020-09-02,2019-09-18,inner_train,True,,False,1.1090835885354053,False
inner_2020,456,validation,random,165,157,2020-09-03,2019-08-30,inner_train,True,,False,1.4435525114850827,False
inner_2020,456,validation,random,166,215,2020-09-08,2019-11-22,inner_train,True,,False,0.44766546259854056,False
inner_2020,456,validation,random,167,128,2020-09-09,2019-07-18,inner_train,True,,False,0.11257425298151791,False
inner_2020,456,validation,random,168,135,2020-09-10,2019-07-30,inner_train,True,,True,0.7230001437096272,False
inner_2020,456,validation,random,169,48,2020-09-11,2019-03-18,inner_train,True,,False,0.2876820724517808,False
inner_2020,456,validation,random,170,174,2020-09-14,2019-09-24,inner_train,True,,True,0.5723290949555468,False
inner_2020,456,validation,random,171,235,2020-09-15,2019-12-24,inner_train,True,,False,0.8100514815376396,False
inner_2020,456,validation,random,172,89,2020-09-16,2019-05-22,inner_train,True,,True,1.9415717474567158,False
inner_2020,456,validation,random,173,106,2020-09-17,2019-06-17,inner_train,True,,False,0.10851758221059349,False
inner_2020,456,validation,random,174,72,2020-09-18,2019-04-24,inner_train,True,,False,0.2623642644674913,False
inner_2020,456,validation,random,175,98,2020-09-21,2019-06-05,inner_train,True,,False,0.46155457475920825,False
inner_2020,456,validation,random,176,202,2020-09-22,2019-11-05,inner_train,True,,False,0.6649763035932494,False
inner_2020,456,validation,random,177,45,2020-09-23,2019-03-13,inner_train,True,,False,0.16430305129127687,False
inner_2020,456,validation,random,178,126,2020-09-24,2019-07-15,inner_train,True,,False,0.35458245520704024,False
inner_2020,456,validation,random,179,215,2020-09-25,2019-11-22,inner_train,True,,False,0.5508731248952654,False
inner_2020,456,validation,random,180,98,2020-09-28,2019-06-05,inner_train,True,,False,0.1186098236323776,False
inner_2020,456,validation,random,181,158,2020-09-29,2019-09-02,inner_train,True,,False,0.2856577802625502,False
inner_2020,456,validation,random,182,226,2020-09-30,2019-12-11,inner_train,True,,True,0.24512245803298516,False
inner_2020,456,validation,random,183,27,2020-10-01,2019-02-14,inner_train,True,,False,0.09531017980432477,False
inner_2020,456,validation,random,184,43,2020-10-02,2019-03-11,inner_train,True,,True,0.3389753668393314,False
inner_2020,456,validation,random,185,55,2020-10-05,2019-03-27,inner_train,True,,False,1.0126083180759329,False
inner_2020,456,validation,random,186,125,2020-10-06,2019-07-12,inner_train,True,,False,1.3932517730102836,False
inner_2020,456,validation,random,187,28,2020-10-07,2019-02-15,inner_train,True,,False,2.1480844057253936,False
inner_2020,456,validation,random,188,232,2020-10-08,2019-12-19,inner_train,True,,False,1.946917555452766,False
inner_2020,456,validation,random,189,37,2020-10-09,2019-03-01,inner_train,True,,False,2.5118952865295743,False
inner_2020,456,validation,random,190,45,2020-10-12,2019-03-13,inner_train,True,,True,0.9166096602774325,False
inner_2020,456,validation,random,191,48,2020-10-14,2019-03-18,inner_train,True,,False,0.7088955375280848,False
inner_2020,456,validation,random,192,186,2020-10-15,2019-10-10,inner_train,True,,True,0.14618251017808115,False
inner_2020,456,validation,random,193,92,2020-10-16,2019-05-27,inner_train,True,,True,0.4361020775700548,False
inner_2020,456,validation,random,194,33,2020-10-19,2019-02-25,inner_train,True,,False,0.382992252256106,False
inner_2020,456,validation,random,195,51,2020-10-20,2019-03-21,inner_train,True,,False,0.3432519236065916,False
inner_2020,456,validation,random,196,61,2020-10-21,2019-04-04,inner_train,True,,False,0.6747980418917487,False
inner_2020,456,validation,random,197,220,2020-10-22,2019-11-29,inner_train,True,,False,0.25011897087613244,False
inner_2020,456,validation,random,198,121,2020-10-26,2019-07-08,inner_train,True,,False,0.14743429779351436,False
inner_2020,456,validation,random,199,182,2020-10-27,2019-10-04,inner_train,True,,True,0.2006706954621511,False
inner_2020,456,validation,random,200,3,2020-10-28,2019-01-11,inner_train,True,,False,0.664326742024453,False
inner_2020,456,validation,random,201,223,2020-10-29,2019-12-04,inner_train,True,,True,0.7884573603642706,False
inner_2020,456,validation,random,202,194,2020-10-30,2019-10-24,inner_train,True,,False,1.0222393098835356,False
inner_2020,456,validation,random,203,47,2020-11-02,2019-03-15,inner_train,True,,False,0.32092551288291293,False
inner_2020,456,validation,random,204,177,2020-11-03,2019-09-27,inner_train,True,,False,0.42142895909717826,False
inner_2020,456,validation,random,205,194,2020-11-04,2019-10-24,inner_train,True,,False,0.4200639075293169,False
inner_2020,456,validation,random,206,57,2020-11-05,2019-03-29,inner_train,True,,True,0.7259370033829362,False
inner_2020,456,validation,random,207,101,2020-11-06,2019-06-10,inner_train,True,,True,0.10104928760306775,False
inner_2020,456,validation,random,208,87,2020-11-09,2019-05-17,inner_train,True,,False,2.1642015105890082,False
inner_2020,456,validation,random,209,223,2020-11-10,2019-12-04,inner_train,True,,False,0.4379153146942354,False
inner_2020,456,validation,random,210,51,2020-11-11,2019-03-21,inner_train,True,,False,0.7347410778587826,False
inner_2020,456,validation,random,211,64,2020-11-12,2019-04-10,inner_train,True,,True,1.5396283810405937,False
inner_2020,456,validation,random,212,142,2020-11-13,2019-08-08,inner_train,True,,False,1.0851892683359696,False
inner_2020,456,validation,random,213,147,2020-11-16,2019-08-16,inner_train,True,,False,0.13217546021338666,False
inner_2020,456,validation,random,214,174,2020-11-17,2019-09-24,inner_train,True,,False,1.9206764556247258,False
inner_2020,456,validation,random,215,43,2020-11-18,2019-03-11,inner_train,True,,False,1.1394342831883644,False
inner_2020,456,validation,random,216,145,2020-11-19,2019-08-14,inner_train,True,,False,0.19508928562395633,False
inner_2020,456,validation,random,217,4,2020-11-20,2019-01-14,inner_train,True,,False,0.861769892995738,False
inner_2020,456,validation,random,218,108,2020-11-23,2019-06-19,inner_train,True,,True,0.49532143723002564,False
inner_2020,456,validation,random,219,124,2020-11-24,2019-07-11,inner_train,True,,True,0.382992252256106,False
inner_2020,456,validation,random,220,40,2020-11-25,2019-03-06,inner_train,True,,False,0.09134977858822779,False
inner_2020,456,validation,random,221,24,2020-11-26,2019-02-11,inner_train,True,,True,0.19337139298053962,False
inner_2020,456,validation,random,222,43,2020-11-27,2019-03-11,inner_train,True,,False,0.354171813720614,False
inner_2020,456,validation,random,223,92,2020-11-30,2019-05-27,inner_train,True,,False,0.565929383092274,False
inner_2020,456,validation,random,224,80,2020-12-01,2019-05-08,inner_train,True,,False,0.2825669717850099,False
inner_2020,456,validation,random,225,123,2020-12-02,2019-07-10,inner_train,True,,True,0.4198538455602643,False
inner_2020,456,validation,random,226,63,2020-12-03,2019-04-09,inner_train,True,,True,0.7100967388737192,False
inner_2020,456,validation,random,227,166,2020-12-04,2019-09-12,inner_train,True,,True,0.6048671940199299,False
inner_2020,456,validation,random,228,19,2020-12-08,2019-02-04,inner_train,True,,True,0.23808513131240927,False
inner_2020,456,validation,random,229,142,2020-12-09,2019-08-08,inner_train,True,,False,0.32583383841615765,False
inner_2020,456,validation,random,230,102,2020-12-14,2019-06-11,inner_train,True,,True,0.6145848580568436,False
inner_2020,456,validation,random,231,229,2020-12-15,2019-12-16,inner_train,True,,False,0.7348710239313454,False
inner_2020,456,validation,random,232,116,2020-12-16,2019-07-01,inner_train,True,,True,0.11332868530700324,False
inner_2020,456,validation,random,233,171,2020-12-17,2019-09-19,inner_train,True,,False,2.1333998540424726,False
inner_2020,456,validation,random,234,166,2020-12-18,2019-09-12,inner_train,True,,True,0.7321627865440115,False
inner_2020,456,validation,random,235,108,2020-12-21,2019-06-19,inner_train,True,,True,0.8515154963314067,False
inner_2020,456,validation,random,236,200,2020-12-22,2019-11-01,inner_train,True,,True,0.12361395596717673,False
inner_2020,456,validation,random,237,43,2020-12-23,2019-03-11,inner_train,True,,False,0.8189228809603644,False
inner_2020,456,validation,random,238,148,2020-12-24,2019-08-19,inner_train,True,,False,0.5637395051192855,False
inner_2020,456,validation,random,239,69,2020-12-25,2019-04-19,inner_train,True,,False,0.5773653462918626,False
inner_2020,456,validation,random,240,139,2020-12-28,2019-08-05,inner_train,True,,False,0.3724042458472758,False
inner_2020,456,validation,random,241,54,2020-12-29,2019-03-26,inner_train,True,,True,0.9354010780765738,False
inner_2020,456,validation,random,242,150,2020-12-30,2019-08-21,inner_train,True,,False,0.41295577983732157,False
